sample_id,fold,y_true,y_pred
cub:1000,0,18,18
cub:10001,3,169,169
cub:10002,1,169,42
cub:10003,0,169,169
cub:10004,2,169,169
cub:10005,2,169,171
cub:10008,3,170,127
cub:10009,0,170,97
cub:10012,4,170,170
cub:10013,1,170,170
cub:10014,0,170,172
cub:10015,2,170,36
cub:10016,2,170,40
cub:10018,4,170,170
cub:10019,2,170,170
cub:1002,3,18,25
cub:10020,3,170,170
cub:10023,2,170,170
cub:10025,1,170,170
cub:10026,1,170,170
cub:10027,0,170,170
cub:10034,3,170,170
cub:10036,0,170,170
cub:10038,2,170,170
cub:1004,4,18,18
cub:10040,4,170,170
cub:10043,1,170,170
cub:10045,0,170,36
cub:10046,1,170,170
cub:10049,2,170,170
cub:10050,3,170,151
cub:10051,4,170,170
cub:10053,3,170,170
cub:10060,0,170,168
cub:10061,1,170,170
cub:10063,4,170,157
cub:10066,4,170,170
cub:10067,3,170,116
cub:1007,4,18,18
cub:10071,3,171,178
cub:10072,2,171,161
cub:10073,0,171,169
cub:10074,3,171,171
cub:10075,1,171,171
cub:10076,0,171,179
cub:10078,3,171,171
cub:1008,2,18,18
cub:10083,1,171,19
cub:10085,2,171,171
cub:10086,4,171,171
cub:10087,3,171,171
cub:10097,2,171,161
cub:10099,2,171,171
cub:1010,0,18,18
cub:10101,0,171,171
cub:10102,1,171,171
cub:10103,4,171,160
cub:10104,4,171,178
cub:10106,2,171,169
cub:10107,4,171,171
cub:10108,0,171,172
cub:10111,1,171,171
cub:10113,4,171,19
cub:10114,1,171,172
cub:10117,3,171,15
cub:10119,0,171,171
cub:10120,0,171,171
cub:10123,2,171,171
cub:10124,3,171,15
cub:10125,4,171,178
cub:10126,1,171,171
cub:10128,4,172,178
cub:10129,2,172,172
cub:10132,1,172,155
cub:10134,3,172,172
cub:10140,1,172,151
cub:10143,0,172,172
cub:10144,0,172,172
cub:10146,4,172,178
cub:10148,0,172,172
cub:10149,3,172,169
cub:1015,3,18,18
cub:10152,4,172,154
cub:10153,0,172,156
cub:10155,1,172,172
cub:10156,0,172,172
cub:10157,2,172,172
cub:10158,3,172,179
cub:10159,3,172,172
cub:10160,3,172,67
cub:10162,3,172,174
cub:10165,4,172,178
cub:10166,2,172,172
cub:10168,0,172,172
cub:10169,2,172,172
cub:1017,0,18,18
cub:10170,2,172,153
cub:10171,2,172,178
cub:10179,1,172,173
cub:10180,4,172,173
cub:10183,1,172,38
cub:10184,1,172,178
cub:10186,4,172,171
cub:10189,1,173,178
cub:1019,1,18,18
cub:10190,2,173,173
cub:10191,4,173,173
cub:10194,1,173,173
cub:10197,0,173,173
cub:10199,3,173,181
cub:102,0,1,1
cub:1020,1,18,18
cub:10200,4,173,130
cub:10202,4,173,173
cub:10203,0,173,170
cub:10204,2,173,37
cub:10207,2,173,19
cub:10208,3,173,116
cub:10209,3,173,114
cub:10212,2,173,147
cub:10213,1,173,173
cub:10214,2,173,173
cub:10215,0,173,103
cub:1022,3,18,18
cub:10220,1,173,173
cub:10223,0,173,103
cub:10225,0,173,171
cub:10227,4,173,173
cub:1023,3,18,18
cub:10230,3,173,173
cub:10236,2,173,114
cub:10237,3,173,172
cub:1024,3,18,90
cub:10240,4,173,173
cub:10243,1,173,34
cub:10244,3,173,173
cub:10245,1,173,162
cub:10246,0,173,160
cub:10247,4,173,173
cub:10248,3,174,174
cub:10249,4,174,160
cub:10250,1,174,175
cub:10252,2,174,176
cub:10255,3,174,174
cub:1026,2,18,18
cub:10260,4,174,173
cub:10262,1,174,181
cub:10263,0,174,174
cub:10264,0,174,156
cub:10265,1,174,179
cub:10266,2,174,181
cub:10267,0,174,174
cub:10269,3,174,174
cub:1027,4,18,38
cub:10270,2,174,173
cub:10271,3,174,174
cub:10273,3,174,174
cub:10275,0,174,174
cub:10277,1,174,174
cub:10278,4,174,174
cub:10280,0,174,174
cub:10281,2,174,174
cub:10283,0,174,174
cub:10284,2,174,174
cub:10287,4,174,96
cub:1029,4,18,177
cub:10291,1,174,174
cub:10300,1,174,160
cub:10303,4,174,174
cub:10304,4,174,156
cub:10305,2,174,174
cub:10306,3,174,174
cub:10309,4,175,168
cub:10311,4,175,162
cub:10314,2,175,175
cub:10315,0,175,167
cub:10319,1,175,161
cub:1032,4,18,134
cub:10321,0,175,175
cub:10322,1,175,174
cub:10324,1,175,175
cub:10326,0,175,175
cub:10328,2,175,175
cub:10330,4,175,148
cub:10331,1,175,175
cub:10333,3,175,175
cub:10335,1,175,181
cub:10336,0,175,175
cub:1034,2,18,18
cub:10340,3,175,175
cub:10344,2,175,175
cub:10345,2,175,175
cub:10346,2,175,162
cub:10347,0,175,160
cub:10348,0,175,175
cub:10349,4,175,174
cub:10350,2,175,175
cub:10353,4,175,168
cub:10354,3,175,175
cub:10357,3,175,180
cub:10360,3,175,175
cub:10362,4,175,175
cub:10363,1,175,160
cub:10365,3,175,174
cub:10368,2,176,176
cub:1037,0,18,18
cub:10370,1,176,175
cub:10372,2,176,176
cub:10373,1,176,179
cub:10375,3,176,176
cub:10376,1,176,176
cub:10378,4,176,176
cub:10379,3,176,179
cub:10382,3,176,176
cub:10388,0,176,181
cub:1039,2,18,18
cub:10394,0,176,176
cub:10395,0,176,176
cub:10397,3,176,176
cub:10398,1,176,176
cub:104,0,1,1
cub:1040,3,18,39
cub:10402,2,176,174
cub:10403,0,176,176
cub:10404,2,176,176
cub:10405,0,176,176
cub:10406,4,176,176
cub:10407,2,176,176
cub:10409,4,176,176
cub:10410,4,176,179
cub:10411,2,176,176
cub:10413,3,176,160
cub:10414,4,176,176
cub:10416,4,176,176
cub:10418,1,176,176
cub:1042,0,18,18
cub:10420,0,176,176
cub:10424,1,176,176
cub:10426,3,176,176
cub:10428,2,177,177
cub:10429,2,177,177
cub:10430,4,177,180
cub:10433,2,177,30
cub:10435,3,177,177
cub:10436,4,177,153
cub:10437,0,177,177
cub:10440,4,177,177
cub:10441,2,177,177
cub:10444,1,177,195
cub:10446,2,177,177
cub:10448,0,177,177
cub:1045,2,18,18
cub:10451,1,177,177
cub:10452,0,177,177
cub:10455,0,177,177
cub:10457,0,177,153
cub:10458,1,177,152
cub:10459,3,177,177
cub:10460,1,177,147
cub:10461,0,177,154
cub:10462,1,177,177
cub:10466,3,177,177
cub:10467,1,177,177
cub:10469,4,177,177
cub:10470,3,177,177
cub:10474,4,177,177
cub:10476,3,177,177
cub:10479,3,177,177
cub:1048,4,18,18
cub:10481,4,177,177
cub:10483,2,177,195
cub:10484,1,178,171
cub:10486,4,178,177
cub:10487,2,178,31
cub:1049,2,18,18
cub:10491,3,178,152
cub:10492,1,178,185
cub:10495,1,178,152
cub:10497,3,178,153
cub:10498,4,178,172
cub:105,3,1,1
cub:10502,3,178,174
cub:10503,2,178,178
cub:10507,0,178,180
cub:10508,4,178,160
cub:10509,3,178,152
cub:1051,1,18,18
cub:10510,4,178,38
cub:10511,0,178,172
cub:10512,0,178,178
cub:10513,4,178,177
cub:10516,2,178,172
cub:10518,0,178,178
cub:1052,1,18,18
cub:10523,0,178,166
cub:10524,4,178,178
cub:10526,1,178,172
cub:10527,1,178,154
cub:1053,1,18,18
cub:10530,2,178,179
cub:10531,1,178,154
cub:10533,3,178,155
cub:10539,0,178,178
cub:10540,2,178,154
cub:10541,2,178,154
cub:10542,3,178,174
cub:10544,0,179,166
cub:10545,4,179,179
cub:1055,1,18,18
cub:10550,3,179,179
cub:10552,0,179,166
cub:10553,3,179,179
cub:10555,4,179,179
cub:10556,1,179,179
cub:10558,1,179,156
cub:10559,4,179,179
cub:1056,0,18,10
cub:10560,3,179,174
cub:10561,0,179,179
cub:10562,1,179,179
cub:10564,0,179,176
cub:10566,0,179,179
cub:10571,2,179,174
cub:10573,0,179,46
cub:10574,1,179,179
cub:10575,3,179,179
cub:10579,2,179,46
cub:1058,2,19,161
cub:10580,2,179,179
cub:10582,4,179,156
cub:10583,1,179,181
cub:10586,1,179,179
cub:10589,2,179,179
cub:1059,3,19,97
cub:10590,2,179,179
cub:10593,3,179,166
cub:10595,4,179,179
cub:10598,3,179,179
cub:10599,2,179,179
cub:1060,2,19,176
cub:10602,4,179,166
cub:10603,4,180,177
cub:10605,0,180,180
cub:10606,3,180,180
cub:10607,3,180,180
cub:10609,2,180,180
cub:10612,4,180,69
cub:10613,4,180,177
cub:10614,2,180,180
cub:10617,1,180,180
cub:10620,2,180,180
cub:10622,0,180,180
cub:10624,3,180,180
cub:10626,0,180,180
cub:10628,0,180,180
cub:10630,4,180,180
cub:10632,1,180,177
cub:10633,0,180,183
cub:10634,3,180,180
cub:10636,4,180,180
cub:10638,1,180,180
cub:10640,2,180,180
cub:10643,0,180,175
cub:10645,1,180,157
cub:10648,2,180,180
cub:1065,0,19,19
cub:10651,3,180,180
cub:10656,1,180,178
cub:10657,4,180,180
cub:10658,2,180,180
cub:10659,1,180,180
cub:10660,3,180,180
cub:10663,3,181,174
cub:10665,4,181,181
cub:1067,3,19,19
cub:10670,2,181,174
cub:10674,3,181,171
cub:10676,1,181,181
cub:10677,3,181,181
cub:10681,3,181,181
cub:10682,1,181,179
cub:10683,0,181,181
cub:10686,1,181,181
cub:10687,0,181,181
cub:1069,4,19,19
cub:10690,4,181,46
cub:10691,1,181,181
cub:10692,1,181,160
cub:10693,3,181,181
cub:10694,2,181,179
cub:10696,4,181,181
cub:10698,2,181,179
cub:10700,1,181,181
cub:10701,0,181,181
cub:10702,0,181,181
cub:10704,2,181,181
cub:10708,4,181,174
cub:10709,3,181,181
cub:10710,0,181,181
cub:10711,4,181,181
cub:10715,2,181,181
cub:10716,0,181,179
cub:10717,2,181,181
cub:10718,4,181,181
cub:10723,0,182,182
cub:10724,4,182,124
cub:10727,1,182,149
cub:10728,3,182,182
cub:1073,3,19,19
cub:10731,4,182,182
cub:10734,0,182,182
cub:10735,0,182,183
cub:10738,4,182,183
cub:10739,0,182,32
cub:1074,1,19,19
cub:10741,3,182,182
cub:10743,4,182,182
cub:10747,0,182,182
cub:10750,2,182,183
cub:10753,1,182,182
cub:10756,4,182,124
cub:10757,3,182,183
cub:10758,1,182,182
cub:10760,2,182,103
cub:10761,2,182,182
cub:10763,1,182,183
cub:10764,1,182,182
cub:10765,3,182,21
cub:10766,2,182,182
cub:10767,2,182,21
cub:10771,4,182,182
cub:10772,2,182,182
cub:10774,3,182,182
cub:10776,1,182,182
cub:10777,0,182,182
cub:1078,1,19,19
cub:10781,3,182,182
cub:10783,1,183,183
cub:10785,0,183,182
cub:10788,1,183,183
cub:10789,3,183,117
cub:1079,2,19,19
cub:10790,3,183,182
cub:10791,2,183,183
cub:10792,3,183,196
cub:10794,4,183,182
cub:10795,4,183,183
cub:10796,1,183,183
cub:10799,3,183,183
cub:1080,3,19,151
cub:10800,4,183,183
cub:10801,0,183,183
cub:10802,2,183,182
cub:10803,0,183,183
cub:10805,2,183,183
cub:10808,2,183,196
cub:10813,1,183,183
cub:10814,0,183,183
cub:10817,4,183,183
cub:10818,3,183,182
cub:10820,2,183,183
cub:10821,2,183,183
cub:10822,0,183,183
cub:10823,4,183,183
cub:1083,2,19,19
cub:10830,1,183,183
cub:10832,3,183,183
cub:10834,0,183,182
cub:10836,4,183,158
cub:10841,1,183,182
cub:10842,1,184,184
cub:10843,2,184,184
cub:10849,4,184,184
cub:1085,1,19,19
cub:10850,3,184,184
cub:10851,4,184,184
cub:10852,2,184,184
cub:10853,1,184,184
cub:10854,1,184,184
cub:10855,0,184,184
cub:10859,0,184,184
cub:10863,0,184,184
cub:10867,1,184,184
cub:1087,1,19,199
cub:10870,2,184,185
cub:10871,1,184,184
cub:10873,4,184,184
cub:10874,2,184,184
cub:10877,3,184,185
cub:10878,3,184,184
cub:1088,0,19,19
cub:10880,1,184,184
cub:10884,4,184,184
cub:10885,2,184,184
cub:10888,0,184,184
cub:10890,3,184,184
cub:10893,2,184,184
cub:10894,4,184,184
cub:10895,0,184,184
cub:10896,3,184,184
cub:10897,4,184,184
cub:10899,3,184,184
cub:109,1,1,1
cub:10901,0,184,184
cub:10904,1,185,185
cub:10905,3,185,185
cub:10907,0,185,184
cub:10909,2,185,185
cub:1091,0,19,171
cub:10913,1,185,185
cub:10914,1,185,185
cub:10918,0,185,185
cub:10920,0,185,185
cub:10924,1,185,185
cub:10926,0,185,185
cub:1093,4,19,96
cub:10931,2,185,185
cub:10932,4,185,40
cub:10933,1,185,185
cub:10934,4,185,185
cub:10939,3,185,185
cub:1094,2,19,19
cub:10940,2,185,96
cub:10941,4,185,185
cub:10943,0,185,185
cub:10944,4,185,185
cub:10946,3,185,185
cub:10948,4,185,185
cub:10950,3,185,185
cub:10953,3,185,185
cub:10954,2,185,185
cub:10956,2,185,11
cub:10957,1,185,185
cub:10958,4,185,185
cub:10959,2,185,185
cub:10960,0,185,185
cub:10961,3,185,184
cub:10964,3,186,186
cub:10965,0,186,189
cub:10966,1,186,186
cub:10967,4,186,189
cub:10968,1,186,186
cub:10969,4,186,186
cub:10972,1,186,186
cub:10975,0,186,186
cub:10977,0,186,186
cub:10978,1,186,186
cub:10979,0,186,186
cub:1098,4,19,37
cub:10980,3,186,186
cub:10982,2,186,186
cub:10983,3,186,186
cub:10988,0,186,186
cub:10989,1,186,186
cub:10991,3,186,189
cub:10992,2,186,186
cub:10994,4,186,186
cub:10995,2,186,186
cub:10996,1,186,186
cub:10997,4,186,186
cub:10999,2,186,186
cub:11,4,0,2
cub:110,3,1,0
cub:1100,2,19,11
cub:11000,3,186,186
cub:11001,0,186,191
cub:11003,3,186,186
cub:11006,2,186,186
cub:11007,4,186,186
cub:11008,4,186,186
cub:11009,2,186,186
cub:1101,0,19,166
cub:11013,0,187,187
cub:11014,1,187,187
cub:11015,2,187,187
cub:11018,3,187,187
cub:11019,2,187,187
cub:11020,0,187,187
cub:11021,0,187,73
cub:11022,4,187,187
cub:11023,1,187,187
cub:11024,1,187,187
cub:11025,2,187,187
cub:1103,1,19,19
cub:11030,2,187,187
cub:11034,3,187,187
cub:11036,3,187,187
cub:11037,4,187,187
cub:11038,4,187,187
cub:11044,2,187,187
cub:11045,0,187,187
cub:11047,1,187,187
cub:11050,0,187,187
cub:11054,1,187,187
cub:11056,4,187,187
cub:11057,2,187,187
cub:11059,3,187,187
cub:1106,0,19,19
cub:11060,1,187,187
cub:11061,4,187,190
cub:11065,4,187,187
cub:11067,0,187,187
cub:11069,3,187,187
cub:1107,1,19,19
cub:11071,3,187,190
cub:11072,4,188,188
cub:11073,0,188,188
cub:11074,2,188,188
cub:11075,0,188,188
cub:11076,4,188,188
cub:11082,3,188,188
cub:11083,4,188,188
cub:11084,1,188,188
cub:11086,1,188,188
cub:11087,2,188,120
cub:11088,4,188,188
cub:11089,1,188,188
cub:11090,3,188,188
cub:11092,4,188,188
cub:11093,0,188,188
cub:11095,2,188,188
cub:11096,2,188,188
cub:11099,0,188,188
cub:111,4,1,2
cub:1110,4,19,160
cub:11101,3,188,188
cub:11106,2,188,188
cub:11107,0,188,188
cub:11108,1,188,87
cub:11109,3,188,187
cub:1111,4,19,161
cub:11112,3,188,188
cub:11113,0,188,188
cub:11116,2,188,188
cub:1112,3,19,19
cub:11120,4,188,188
cub:11121,1,188,188
cub:11127,1,188,35
cub:11129,3,188,188
cub:1113,4,19,19
cub:11132,2,189,189
cub:11134,3,189,189
cub:11135,3,189,189
cub:11139,3,189,189
cub:1114,0,19,199
cub:11143,0,189,189
cub:11146,1,189,27
cub:11147,4,189,189
cub:11148,2,189,189
cub:11149,1,189,27
cub:1115,3,19,167
cub:11151,0,189,189
cub:11153,2,189,189
cub:11154,2,189,189
cub:11155,2,189,189
cub:11156,1,189,189
cub:11157,3,189,189
cub:11158,1,189,189
cub:11159,4,189,189
cub:11162,0,189,189
cub:11166,4,189,189
cub:11173,0,189,189
cub:11174,3,189,189
cub:11177,0,189,189
cub:11178,4,189,189
cub:11179,4,189,189
cub:11181,1,189,189
cub:11183,2,189,189
cub:11185,4,189,189
cub:11188,1,189,27
cub:11189,3,189,189
cub:11193,3,190,190
cub:11195,3,190,190
cub:11196,0,190,190
cub:11198,2,190,190
cub:11199,2,190,190
cub:1120,3,20,20
cub:11206,0,190,190
cub:1121,0,20,96
cub:11210,0,190,190
cub:11211,4,190,190
cub:11214,2,190,190
cub:11215,1,190,190
cub:11216,2,190,187
cub:11218,3,190,190
cub:11219,1,190,190
cub:1122,0,20,20
cub:11220,1,190,190
cub:11221,3,190,190
cub:11224,0,190,190
cub:11226,0,190,190
cub:11228,4,190,104
cub:11229,4,190,190
cub:1123,1,20,20
cub:11232,3,190,190
cub:11233,1,190,190
cub:11235,4,190,190
cub:11236,4,190,190
cub:11237,2,190,188
cub:11238,2,190,190
cub:1124,4,20,20
cub:11240,1,190,190
cub:11242,0,190,190
cub:11243,4,190,190
cub:11244,3,190,190
cub:11248,1,190,190
cub:1125,0,20,20
cub:11251,3,191,191
cub:11252,0,191,80
cub:11254,2,191,191
cub:11256,2,191,191
cub:1126,4,20,20
cub:11261,0,191,191
cub:11264,2,191,191
cub:11265,4,191,191
cub:11268,0,191,191
cub:11269,1,191,191
cub:11271,1,191,191
cub:11272,0,191,191
cub:11276,4,191,191
cub:11277,4,191,191
cub:11279,3,191,189
cub:11280,4,191,191
cub:11283,1,191,191
cub:11286,3,191,191
cub:11289,2,191,191
cub:1129,2,20,157
cub:11291,2,191,191
cub:11292,2,191,191
cub:11293,3,191,191
cub:11294,0,191,191
cub:11295,0,191,191
cub:11299,3,191,191
cub:113,2,1,1
cub:1130,1,20,159
cub:11300,4,191,191
cub:11302,1,191,191
cub:11303,3,191,186
cub:11304,4,191,191
cub:11306,1,191,191
cub:11309,1,191,191
cub:11313,1,192,192
cub:11316,0,192,192
cub:11317,1,192,192
cub:11319,1,192,73
cub:11322,2,192,192
cub:11323,4,192,192
cub:11324,3,192,196
cub:11326,3,192,192
cub:11328,1,192,192
cub:11330,2,192,194
cub:11332,1,192,192
cub:11333,0,192,192
cub:11339,1,192,192
cub:1134,0,20,20
cub:11341,3,192,20
cub:11342,2,192,192
cub:11345,0,192,192
cub:11347,2,192,192
cub:1135,1,20,20
cub:11350,2,192,195
cub:11351,0,192,192
cub:11354,0,192,192
cub:11355,4,192,192
cub:11356,3,192,196
cub:11358,4,192,39
cub:11359,2,192,61
cub:11360,3,192,192
cub:11363,4,192,10
cub:11364,3,192,30
cub:11366,4,192,192
cub:11367,0,192,32
cub:11369,4,192,192
cub:11375,0,193,193
cub:11376,1,193,193
cub:11382,0,193,193
cub:11383,0,193,193
cub:11385,3,193,193
cub:11386,0,193,193
cub:11387,2,193,193
cub:1139,0,20,56
cub:11390,3,193,109
cub:11391,4,193,193
cub:11392,1,193,91
cub:11394,1,193,193
cub:11396,2,193,193
cub:11397,2,193,193
cub:1140,4,20,20
cub:11401,3,193,193
cub:11403,0,193,193
cub:11405,2,193,193
cub:11406,1,193,193
cub:11407,4,193,193
cub:11408,2,193,193
cub:1141,2,20,20
cub:11411,1,193,193
cub:11412,4,193,193
cub:11414,4,193,193
cub:11416,4,193,193
cub:11421,3,193,35
cub:11423,1,193,193
cub:11424,3,193,193
cub:11425,0,193,193
cub:11426,3,193,193
cub:11428,2,193,193
cub:11429,4,193,109
cub:11431,2,194,194
cub:11433,4,194,194
cub:11435,0,194,194
cub:11436,1,194,194
cub:11439,3,194,30
cub:11440,4,194,194
cub:11441,0,194,27
cub:11443,3,194,125
cub:11446,0,194,194
cub:11447,2,194,194
cub:11448,4,194,194
cub:1145,2,20,20
cub:11451,3,194,198
cub:11452,4,194,180
cub:11455,0,194,195
cub:11456,2,194,194
cub:1146,1,20,20
cub:11460,4,194,194
cub:11464,2,194,147
cub:11465,3,194,195
cub:11466,1,194,194
cub:11468,4,194,196
cub:1147,4,20,20
cub:11471,2,194,194
cub:11473,1,194,194
cub:11474,3,194,192
cub:11475,1,194,194
cub:11479,1,194,192
cub:11480,3,194,194
cub:11484,1,194,194
cub:11485,0,194,194
cub:11487,0,194,194
cub:11489,2,194,194
cub:1149,3,20,78
cub:11490,0,195,195
cub:11491,2,195,198
cub:11492,0,195,195
cub:11493,3,195,195
cub:11498,0,195,195
cub:115,2,1,1
cub:11500,1,195,195
cub:11506,1,195,196
cub:11507,3,195,195
cub:11508,1,195,195
cub:11509,1,195,195
cub:1151,3,20,20
cub:11510,2,195,10
cub:11511,3,195,195
cub:11512,4,195,38
cub:11516,4,195,195
cub:11517,3,195,195
cub:11518,0,195,195
cub:1152,1,20,20
cub:11522,4,195,198
cub:11524,4,195,195
cub:11529,1,195,194
cub:11530,2,195,195
cub:11532,2,195,148
cub:11533,0,195,195
cub:11535,0,195,195
cub:11536,4,195,195
cub:11540,2,195,195
cub:11542,2,195,195
cub:11545,3,195,198
cub:11546,1,195,197
cub:11548,3,195,194
cub:1155,1,20,30
cub:11552,4,196,192
cub:11553,3,196,196
cub:11554,1,196,196
cub:11555,2,196,178
cub:11556,2,196,196
cub:11557,4,196,196
cub:11558,1,196,195
cub:1156,0,20,56
cub:11560,1,196,198
cub:11561,1,196,196
cub:11565,1,196,196
cub:11569,0,196,196
cub:1157,4,20,20
cub:11572,0,196,51
cub:11573,2,196,196
cub:11579,3,196,196
cub:11580,1,196,196
cub:11582,4,196,125
cub:11584,4,196,198
cub:11585,3,196,196
cub:11589,2,196,196
cub:11590,0,196,196
cub:11591,4,196,196
cub:11594,3,196,196
cub:11596,0,196,192
cub:11598,0,196,196
cub:11599,0,196,196
cub:116,4,1,1
cub:11601,3,196,103
cub:11604,3,196,196
cub:11605,2,196,196
cub:11606,2,196,125
cub:11607,4,196,124
cub:11610,4,197,197
cub:11612,1,197,192
cub:11613,0,197,197
cub:11614,4,197,197
cub:11616,3,197,197
cub:11617,2,197,197
cub:11619,3,197,197
cub:11621,3,197,197
cub:11622,3,197,197
cub:11623,2,197,192
cub:11624,0,197,197
cub:11626,1,197,197
cub:11627,0,197,197
cub:1163,3,20,20
cub:11633,2,197,197
cub:11634,4,197,197
cub:11635,4,197,197
cub:11636,4,197,197
cub:11640,0,197,196
cub:11642,2,197,197
cub:11643,1,197,197
cub:11647,1,197,197
cub:1165,2,20,20
cub:11652,2,197,197
cub:11655,1,197,197
cub:11657,1,197,197
cub:1166,3,20,97
cub:11660,2,197,197
cub:11663,4,197,197
cub:11664,0,197,197
cub:11666,3,197,195
cub:11667,3,197,150
cub:11668,0,197,196
cub:11669,0,198,198
cub:1167,4,20,20
cub:11671,3,198,198
cub:11677,4,198,198
cub:11681,0,198,177
cub:11682,3,198,198
cub:11685,0,198,195
cub:11686,2,198,198
cub:11688,3,198,198
cub:11690,0,198,198
cub:11691,2,198,198
cub:11694,4,198,198
cub:11696,1,198,198
cub:11697,2,198,198
cub:11698,4,198,195
cub:117,4,1,1
cub:11702,1,198,198
cub:11703,2,198,198
cub:11705,3,198,195
cub:11706,4,198,198
cub:11708,4,198,104
cub:1171,2,20,20
cub:11710,4,198,195
cub:11715,1,198,198
cub:11716,1,198,198
cub:11717,1,198,198
cub:11718,2,198,173
cub:11719,3,198,197
cub:11721,1,198,194
cub:11722,3,198,198
cub:11724,0,198,198
cub:11726,0,198,198
cub:11728,2,198,198
cub:1173,3,20,20
cub:11731,4,199,199
cub:11732,0,199,199
cub:11734,4,199,160
cub:11736,3,199,151
cub:11738,4,199,199
cub:11739,4,199,169
cub:11743,1,199,199
cub:11746,0,199,174
cub:11748,2,199,199
cub:1175,2,20,20
cub:11750,3,199,199
cub:11752,3,199,199
cub:11753,2,199,199
cub:11754,4,199,199
cub:11755,1,199,199
cub:11758,3,199,199
cub:11759,1,199,199
cub:11760,2,199,199
cub:11762,2,199,199
cub:11763,1,199,152
cub:11765,4,199,199
cub:11767,0,199,166
cub:11770,1,199,97
cub:11772,2,199,156
cub:11774,3,199,199
cub:11776,0,199,199
cub:11778,0,199,199
cub:11781,3,199,199
cub:11782,2,199,160
cub:11784,1,199,199
cub:11787,0,199,199
cub:1181,3,21,21
cub:1184,0,21,21
cub:1185,1,21,104
cub:1186,2,21,21
cub:1187,4,21,104
cub:1188,3,21,21
cub:1189,4,21,21
cub:1191,3,21,104
cub:1194,0,21,104
cub:1196,0,21,21
cub:1197,3,21,21
cub:1198,4,21,21
cub:120,1,1,58
cub:1201,1,21,104
cub:1202,1,21,21
cub:1203,2,21,21
cub:1204,0,21,104
cub:1205,2,21,198
cub:1207,1,21,21
cub:1208,0,21,104
cub:121,0,2,0
cub:1210,0,21,21
cub:1213,2,21,21
cub:1214,4,21,21
cub:1219,1,21,21
cub:122,4,2,2
cub:1221,4,21,21
cub:1222,2,21,21
cub:1224,1,21,104
cub:1227,4,21,21
cub:1228,2,21,104
cub:1229,3,21,104
cub:123,1,2,2
cub:1231,3,21,21
cub:1232,2,22,24
cub:1233,3,22,22
cub:1236,4,22,22
cub:1238,3,22,22
cub:1239,4,22,24
cub:124,0,2,1
cub:1241,1,22,43
cub:1242,1,22,24
cub:1245,1,22,22
cub:1246,4,22,22
cub:1248,2,22,22
cub:125,1,2,57
cub:1250,2,22,24
cub:1251,0,22,22
cub:1252,1,22,22
cub:1253,4,22,24
cub:1256,3,22,22
cub:1259,0,22,107
cub:1260,3,22,24
cub:1263,1,22,22
cub:127,3,2,2
cub:1270,2,22,22
cub:1274,3,22,22
cub:1276,0,22,22
cub:1277,2,22,22
cub:1278,2,22,22
cub:1279,1,22,22
cub:128,4,2,2
cub:1280,3,22,24
cub:1282,0,22,22
cub:1286,4,22,22
cub:1287,0,22,22
cub:1288,0,22,22
cub:1290,4,22,24
cub:1291,3,23,23
cub:1294,1,23,23
cub:1296,4,23,23
cub:1298,0,23,23
cub:1299,4,23,23
cub:1300,4,23,4
cub:1302,4,23,23
cub:1303,3,23,23
cub:1307,0,23,23
cub:1308,1,23,71
cub:1309,2,23,23
cub:131,4,2,2
cub:1310,2,23,4
cub:1311,0,23,23
cub:1312,2,23,23
cub:1314,2,23,23
cub:1318,3,23,23
cub:1320,1,23,6
cub:1322,3,23,23
cub:1324,0,23,24
cub:1326,3,23,23
cub:1327,2,23,23
cub:1328,2,23,23
cub:1329,0,23,5
cub:1331,0,23,23
cub:1332,1,23,23
cub:1334,1,23,23
cub:1336,1,23,23
cub:1337,3,23,4
cub:1338,4,23,23
cub:1340,4,23,23
cub:1343,2,24,22
cub:1344,3,24,24
cub:1346,4,24,23
cub:1349,2,24,2
cub:1353,1,24,22
cub:1354,1,24,22
cub:1355,4,24,107
cub:1357,0,24,24
cub:1358,0,24,22
cub:136,2,2,43
cub:1360,3,24,23
cub:1361,4,24,22
cub:1362,0,24,23
cub:1363,4,24,73
cub:1365,4,24,24
cub:1366,3,24,52
cub:1368,0,24,24
cub:1369,1,24,24
cub:137,4,2,43
cub:1370,3,24,23
cub:1374,1,24,24
cub:1375,1,24,24
cub:1377,1,24,24
cub:1378,2,24,22
cub:138,4,2,2
cub:1380,0,24,24
cub:1381,4,24,23
cub:1383,3,24,24
cub:1384,3,24,24
cub:1389,0,24,24
cub:1398,2,24,24
cub:140,3,2,2
cub:1401,2,24,29
cub:1402,2,24,24
cub:1403,1,25,25
cub:1404,4,25,136
cub:1405,4,25,57
cub:1406,3,25,26
cub:1407,4,25,25
cub:1408,1,25,29
cub:141,3,2,113
cub:1414,3,25,26
cub:1415,2,25,25
cub:1417,1,25,25
cub:1418,1,25,25
cub:142,2,2,2
cub:1420,1,25,25
cub:1426,3,25,29
cub:1428,4,25,147
cub:1429,0,25,28
cub:143,3,2,2
cub:1436,2,25,25
cub:1438,0,25,107
cub:1439,0,25,25
cub:1440,0,25,25
cub:1441,2,25,25
cub:1444,4,25,25
cub:1445,2,25,25
cub:1447,2,25,25
cub:145,3,2,2
cub:1452,3,25,25
cub:1453,3,25,25
cub:1455,0,25,133
cub:1456,1,25,9
cub:1458,2,25,25
cub:1459,3,25,3
cub:1460,4,25,25
cub:1461,0,25,25
cub:1464,0,26,3
cub:1465,1,26,26
cub:1466,3,26,29
cub:1468,3,26,26
cub:1469,3,26,10
cub:1470,4,26,26
cub:1472,1,26,48
cub:1474,2,26,29
cub:1475,2,26,8
cub:1476,4,26,31
cub:148,1,2,2
cub:1484,2,26,8
cub:1486,3,26,26
cub:1488,1,26,28
cub:1489,0,26,25
cub:1491,1,26,106
cub:1493,0,26,102
cub:1499,4,26,28
cub:15,4,0,0
cub:1500,0,26,26
cub:1501,1,26,25
cub:1504,0,26,25
cub:1505,0,26,26
cub:1508,2,26,133
cub:1509,4,26,25
cub:151,0,2,142
cub:1510,3,26,10
cub:1511,4,26,26
cub:1512,4,26,26
cub:1514,3,26,8
cub:1515,1,26,3
cub:1516,2,26,10
cub:1519,2,26,18
cub:152,0,2,2
cub:1523,0,27,27
cub:1527,3,27,27
cub:1528,3,27,27
cub:153,3,2,2
cub:1530,4,27,27
cub:1532,4,27,111
cub:1533,0,27,27
cub:1535,4,27,27
cub:1537,0,27,21
cub:1540,2,27,27
cub:1541,1,27,27
cub:1543,1,27,27
cub:1544,1,27,27
cub:1547,2,27,27
cub:1548,1,27,27
cub:1549,0,27,27
cub:1552,2,27,27
cub:1554,1,27,27
cub:1557,4,27,27
cub:1562,3,27,117
cub:1564,0,27,27
cub:1565,3,27,27
cub:1567,2,27,27
cub:1569,4,27,27
cub:1571,0,27,27
cub:1572,4,27,27
cub:1573,1,27,27
cub:1574,2,27,27
cub:1578,3,27,27
cub:1579,2,27,27
cub:158,4,2,1
cub:1581,3,27,27
cub:1582,1,28,28
cub:1584,2,28,48
cub:1585,3,28,28
cub:1586,1,28,106
cub:1587,0,28,28
cub:1588,0,28,106
cub:1589,1,28,8
cub:159,2,2,2
cub:1590,4,28,28
cub:1591,0,28,106
cub:1592,2,28,8
cub:1595,3,28,26
cub:1598,3,28,28
cub:1599,4,28,106
cub:160,0,2,2
cub:1601,3,28,26
cub:1603,4,28,106
cub:1604,0,28,106
cub:1608,1,28,26
cub:1617,1,28,29
cub:1619,0,28,29
cub:1620,2,28,28
cub:1621,4,28,106
cub:1622,3,28,29
cub:1623,3,28,29
cub:1624,2,28,29
cub:1632,2,28,29
cub:1635,2,28,8
cub:1637,4,28,106
cub:1638,4,28,28
cub:1639,0,28,106
cub:164,2,2,83
cub:1641,1,28,28
cub:1642,2,29,29
cub:1645,2,29,28
cub:1647,0,29,29
cub:1650,4,29,29
cub:1653,4,29,29
cub:1654,3,29,29
cub:1657,1,29,29
cub:1658,1,29,28
cub:166,2,2,2
cub:1663,1,29,106
cub:1668,0,29,24
cub:1669,1,29,12
cub:1670,1,29,141
cub:1671,2,29,29
cub:1672,4,29,29
cub:1674,2,29,29
cub:1675,0,29,26
cub:1676,0,29,28
cub:1677,3,29,3
cub:168,0,2,0
cub:1680,3,29,28
cub:1681,3,29,106
cub:1684,4,29,107
cub:1685,4,29,28
cub:1686,0,29,106
cub:1687,0,29,28
cub:1688,2,29,107
cub:1689,3,29,106
cub:1690,1,29,26
cub:1691,3,29,26
cub:1699,4,29,28
cub:1701,2,29,106
cub:1703,2,30,30
cub:1704,0,30,177
cub:1706,1,30,32
cub:1707,3,30,30
cub:1709,4,30,30
cub:1711,3,30,153
cub:1714,2,30,30
cub:1716,1,30,32
cub:1717,1,30,30
cub:172,2,2,142
cub:1720,2,30,30
cub:1721,2,30,32
cub:1724,4,30,30
cub:1726,0,30,31
cub:1727,2,30,30
cub:1731,3,30,30
cub:1732,1,30,30
cub:1734,1,30,30
cub:1735,3,30,177
cub:174,1,2,64
cub:1740,0,30,30
cub:1741,0,30,30
cub:1742,1,30,30
cub:1744,4,30,30
cub:1747,0,30,30
cub:1749,3,30,32
cub:1751,4,30,30
cub:1752,3,30,30
cub:1754,4,30,177
cub:1757,2,30,30
cub:1758,4,30,32
cub:1759,0,30,30
cub:176,1,2,2
cub:1762,2,31,32
cub:1763,1,31,31
cub:1764,1,31,31
cub:1765,4,31,161
cub:1766,0,31,31
cub:1767,4,31,31
cub:1769,3,31,19
cub:177,1,2,2
cub:1770,1,31,31
cub:1772,0,31,32
cub:1773,3,31,31
cub:1774,2,31,32
cub:1775,4,31,31
cub:1778,1,31,160
cub:1779,4,31,32
cub:1781,4,31,31
cub:1787,1,31,31
cub:1789,3,31,31
cub:1790,2,31,31
cub:1792,0,31,31
cub:1794,3,31,150
cub:1795,2,31,31
cub:18,2,0,0
cub:1801,3,31,31
cub:1802,2,31,180
cub:1803,3,31,31
cub:1806,0,31,31
cub:1808,2,31,31
cub:1809,1,31,39
cub:181,0,3,3
cub:1810,0,31,31
cub:1812,0,31,32
cub:1813,4,31,31
cub:1815,4,32,32
cub:1817,4,32,32
cub:1818,3,32,20
cub:182,0,3,106
cub:1820,0,32,32
cub:1821,2,32,32
cub:1823,4,32,30
cub:1824,3,32,30
cub:1825,2,32,155
cub:1827,0,32,32
cub:1830,1,32,32
cub:1831,1,32,32
cub:1833,2,32,32
cub:1834,0,32,32
cub:1835,3,32,32
cub:1837,2,32,32
cub:1839,0,32,31
cub:184,0,3,3
cub:1841,3,32,134
cub:1842,1,32,32
cub:1849,0,32,185
cub:1850,1,32,32
cub:1852,0,32,31
cub:1854,3,32,151
cub:1855,2,32,32
cub:1858,4,32,32
cub:1860,1,32,31
cub:1863,4,32,30
cub:1864,3,32,32
cub:1868,1,32,31
cub:187,0,3,3
cub:1870,2,32,32
cub:1872,4,32,32
cub:1875,3,33,103
cub:1877,4,33,33
cub:1878,4,33,33
cub:1879,3,33,33
cub:188,2,3,3
cub:1880,2,33,33
cub:1881,4,33,33
cub:1883,1,33,33
cub:1886,2,33,33
cub:1889,0,33,33
cub:189,4,3,3
cub:1892,1,33,33
cub:1895,1,33,33
cub:1897,1,33,33
cub:1898,1,33,33
cub:1899,2,33,33
cub:1903,1,33,33
cub:1904,2,33,33
cub:1905,0,33,33
cub:1907,2,33,33
cub:1911,3,33,33
cub:1912,4,33,33
cub:1914,3,33,33
cub:1918,3,33,121
cub:1920,0,33,33
cub:1921,0,33,117
cub:1922,0,33,33
cub:1923,2,33,102
cub:1928,3,33,33
cub:1929,4,33,33
cub:1930,0,33,33
cub:1932,4,33,197
cub:1933,1,34,34
cub:1934,4,34,34
cub:1936,3,34,55
cub:1938,1,34,34
cub:194,1,3,3
cub:1941,0,34,34
cub:1945,2,34,34
cub:1949,2,34,34
cub:195,2,3,26
cub:1951,4,34,34
cub:1952,2,34,34
cub:1953,3,34,34
cub:1954,0,34,34
cub:1955,1,34,34
cub:1957,2,34,34
cub:196,4,3,3
cub:1961,0,34,34
cub:1963,1,34,34
cub:197,0,3,3
cub:1970,1,34,34
cub:1971,4,34,34
cub:1972,4,34,34
cub:1973,4,34,34
cub:1974,3,34,34
cub:1975,3,34,34
cub:1977,2,34,34
cub:1978,3,34,34
cub:1979,0,34,34
cub:1981,2,34,34
cub:1982,0,34,34
cub:1988,1,34,34
cub:1990,4,34,34
cub:1991,3,34,34
cub:1992,0,34,34
cub:1994,4,35,35
cub:1998,3,35,188
cub:2,4,0,1
cub:20,0,0,0
cub:2001,1,35,35
cub:2002,2,35,35
cub:2003,3,35,189
cub:2007,2,35,10
cub:2009,4,35,35
cub:2011,3,35,178
cub:2012,3,35,35
cub:2013,3,35,35
cub:2017,1,35,35
cub:2018,0,35,35
cub:2019,1,35,35
cub:202,1,3,3
cub:2022,2,35,35
cub:2023,1,35,35
cub:2025,4,35,35
cub:2026,1,35,35
cub:2028,4,35,35
cub:203,3,3,3
cub:2033,4,35,35
cub:2034,0,35,35
cub:2036,3,35,35
cub:2038,2,35,35
cub:204,4,3,3
cub:2041,0,35,35
cub:2042,1,35,35
cub:2044,0,35,35
cub:2045,0,35,35
cub:2046,2,35,35
cub:2047,4,35,35
cub:2050,0,35,35
cub:2052,2,35,35
cub:2053,3,36,36
cub:2054,1,36,102
cub:2055,1,36,101
cub:2056,3,36,36
cub:2058,4,36,37
cub:206,1,3,3
cub:2061,3,36,36
cub:2065,0,36,37
cub:2066,4,36,36
cub:2068,4,36,37
cub:2069,3,36,38
cub:2071,2,36,42
cub:2078,4,36,36
cub:2079,1,36,36
cub:2080,0,36,38
cub:2082,2,36,36
cub:2083,4,36,39
cub:2085,4,36,177
cub:2087,0,36,153
cub:2088,1,36,101
cub:2089,1,36,101
cub:209,3,3,3
cub:2090,2,36,42
cub:2094,2,36,42
cub:2095,1,36,36
cub:2097,0,36,102
cub:2099,2,36,38
cub:21,0,0,7
cub:2102,0,36,36
cub:2103,3,36,36
cub:2105,0,36,151
cub:2106,3,36,36
cub:2110,2,36,42
cub:2113,2,37,40
cub:2114,1,37,153
cub:2115,2,37,37
cub:2116,4,37,37
cub:2117,0,37,37
cub:2118,0,37,171
cub:2121,3,37,73
cub:2122,3,37,37
cub:2124,1,37,37
cub:2125,1,37,38
cub:213,1,3,3
cub:2130,4,37,38
cub:2133,0,37,116
cub:2136,0,37,148
cub:2137,3,37,102
cub:2138,0,37,37
cub:2140,2,37,108
cub:2144,4,37,37
cub:2147,3,37,37
cub:2149,1,37,37
cub:215,3,3,3
cub:2151,3,37,76
cub:2152,1,37,160
cub:2154,2,37,37
cub:2155,1,37,181
cub:2157,2,37,37
cub:2159,4,37,37
cub:216,1,3,3
cub:2161,0,37,37
cub:2165,4,37,37
cub:2166,2,37,37
cub:2167,4,37,148
cub:2169,3,37,39
cub:2172,3,38,38
cub:2173,4,38,38
cub:2174,2,38,152
cub:2175,1,38,102
cub:2176,0,38,170
cub:2177,3,38,38
cub:2178,2,38,38
cub:218,0,3,29
cub:2181,3,38,38
cub:2182,2,38,38
cub:2185,2,38,38
cub:2187,1,38,154
cub:2191,0,38,151
cub:2192,4,38,36
cub:2196,1,38,42
cub:2197,4,38,101
cub:2198,2,38,136
cub:2199,0,38,38
cub:220,3,3,3
cub:2202,4,38,38
cub:2205,0,38,38
cub:2208,3,38,38
cub:221,4,3,3
cub:2210,2,38,150
cub:2214,3,38,118
cub:2215,1,38,36
cub:2217,1,38,42
cub:222,1,3,106
cub:2220,4,38,36
cub:2221,1,38,37
cub:2224,0,38,154
cub:2225,4,38,38
cub:2227,0,38,42
cub:2228,3,38,178
cub:2232,4,39,18
cub:2233,4,39,39
cub:2235,4,39,195
cub:2237,1,39,39
cub:2238,3,39,39
cub:224,4,3,3
cub:2240,1,39,39
cub:2241,2,39,102
cub:2243,2,39,39
cub:2245,4,39,42
cub:2246,2,39,39
cub:2247,2,39,39
cub:2248,0,39,29
cub:225,3,3,3
cub:2251,1,39,101
cub:2253,0,39,39
cub:2254,3,39,39
cub:2255,1,39,39
cub:2259,3,39,39
cub:2261,3,39,39
cub:2262,0,39,164
cub:2263,1,39,101
cub:2266,4,39,39
cub:2267,3,39,101
cub:227,4,3,3
cub:2270,4,39,39
cub:2271,0,39,39
cub:2272,2,39,39
cub:2275,2,39,39
cub:2277,0,39,101
cub:2279,3,39,39
cub:228,2,3,153
cub:2286,0,39,39
cub:2289,1,39,39
cub:2291,1,40,40
cub:2296,4,40,30
cub:2299,0,40,40
cub:23,2,0,0
cub:230,2,3,3
cub:2301,4,40,77
cub:2304,2,40,40
cub:2309,0,40,77
cub:2311,1,40,40
cub:2313,2,40,40
cub:2314,0,40,40
cub:2317,3,40,40
cub:232,2,3,3
cub:2320,0,40,111
cub:2323,4,40,40
cub:2324,3,40,40
cub:2325,3,40,32
cub:2326,3,40,40
cub:2332,3,40,40
cub:2333,0,40,40
cub:2334,2,40,40
cub:2335,4,40,40
cub:2337,2,40,103
cub:2339,1,40,40
cub:2340,1,40,40
cub:2342,2,40,40
cub:2343,2,40,127
cub:2344,3,40,92
cub:2345,4,40,40
cub:2346,4,40,40
cub:2347,0,40,40
cub:2349,1,40,90
cub:235,2,3,3
cub:2350,1,40,40
cub:2352,2,41,41
cub:2353,2,41,138
cub:2354,4,41,41
cub:2356,1,41,41
cub:2359,1,41,41
cub:2364,2,41,41
cub:2369,0,41,41
cub:2372,2,41,41
cub:2373,3,41,41
cub:2375,4,41,41
cub:2378,3,41,41
cub:238,3,3,3
cub:2383,4,41,41
cub:2384,0,41,41
cub:2385,1,41,41
cub:2386,0,41,41
cub:2387,2,41,11
cub:2388,3,41,138
cub:2391,0,41,41
cub:2392,3,41,41
cub:2395,0,41,41
cub:2396,4,41,41
cub:2397,0,41,41
cub:2398,1,41,41
cub:2401,4,41,41
cub:2402,4,41,41
cub:2403,1,41,41
cub:2405,2,41,41
cub:2406,3,41,41
cub:2407,3,41,41
cub:2408,1,41,41
cub:241,4,4,4
cub:2414,4,42,38
cub:2416,1,42,171
cub:2417,2,42,37
cub:2419,1,42,36
cub:242,0,4,7
cub:2420,2,42,155
cub:2422,4,42,36
cub:2424,3,42,154
cub:2425,2,42,36
cub:2426,3,42,36
cub:2428,2,42,42
cub:2429,3,42,42
cub:243,2,4,4
cub:2432,0,42,42
cub:2433,1,42,42
cub:2439,0,42,180
cub:2440,4,42,42
cub:2441,0,42,42
cub:2443,3,42,42
cub:2446,1,42,151
cub:2447,4,42,30
cub:2448,2,42,169
cub:2449,3,42,36
cub:245,4,4,4
cub:2451,2,42,155
cub:2455,1,42,164
cub:2458,0,42,31
cub:2460,0,42,42
cub:2461,1,42,117
cub:2462,4,42,101
cub:2465,4,42,154
cub:2467,3,42,118
cub:2469,0,42,115
cub:247,1,4,6
cub:2471,0,43,43
cub:2477,3,43,1
cub:2478,1,43,43
cub:2479,0,43,43
cub:248,3,4,4
cub:2480,3,43,43
cub:2484,4,43,43
cub:2486,1,43,43
cub:2487,1,43,43
cub:249,3,4,4
cub:2490,2,43,43
cub:250,2,4,4
cub:2501,0,43,43
cub:2502,1,43,32
cub:2504,2,43,43
cub:2506,2,43,1
cub:2509,3,43,12
cub:2510,0,43,43
cub:2512,0,43,43
cub:2513,4,43,136
cub:2515,2,43,43
cub:2516,3,43,71
cub:2517,4,43,22
cub:2518,4,43,70
cub:2519,3,43,43
cub:2521,2,43,43
cub:2522,0,43,43
cub:2523,1,43,43
cub:2524,2,43,43
cub:2526,1,43,43
cub:2527,4,43,43
cub:2528,4,43,24
cub:2529,3,43,43
cub:253,2,4,22
cub:2530,0,44,44
cub:2533,3,44,22
cub:2534,4,44,44
cub:2535,2,44,44
cub:2536,4,44,63
cub:2537,0,44,61
cub:2539,1,44,0
cub:254,2,4,4
cub:2542,2,44,44
cub:2543,0,44,44
cub:2544,2,44,44
cub:2545,1,44,44
cub:2546,2,44,71
cub:2550,3,44,44
cub:2554,4,44,62
cub:2555,3,44,44
cub:2558,1,44,64
cub:256,3,4,4
cub:2560,3,44,44
cub:2562,1,44,44
cub:2563,4,44,71
cub:2564,2,44,43
cub:2565,0,44,44
cub:2566,0,44,59
cub:2567,2,44,70
cub:2568,3,44,44
cub:257,2,4,4
cub:2573,4,44,44
cub:2576,1,44,44
cub:258,3,4,4
cub:2584,0,44,44
cub:2585,1,44,44
cub:2586,3,44,44
cub:2587,4,44,44
cub:2591,3,45,85
cub:2593,0,45,45
cub:2595,2,45,45
cub:2597,1,45,45
cub:2598,3,45,45
cub:2601,1,45,57
cub:2602,2,45,45
cub:2605,4,45,45
cub:2608,4,45,45
cub:261,3,4,4
cub:2612,3,45,45
cub:2615,2,45,45
cub:2616,0,45,85
cub:262,1,4,4
cub:2620,4,45,45
cub:2621,1,45,45
cub:2623,1,45,45
cub:2625,4,45,45
cub:2626,3,45,45
cub:2629,3,45,45
cub:263,0,4,23
cub:2634,0,45,45
cub:2635,0,45,45
cub:2637,2,45,45
cub:2638,1,45,45
cub:2639,4,45,45
cub:264,4,4,4
cub:2641,4,45,45
cub:2642,2,45,45
cub:2643,3,45,85
cub:2644,0,45,45
cub:2645,0,45,89
cub:2646,1,45,45
cub:2647,2,45,45
cub:2651,2,46,46
cub:2654,2,46,46
cub:2656,4,46,46
cub:2659,1,46,46
cub:266,3,4,4
cub:2661,2,46,46
cub:2663,4,46,46
cub:2664,2,46,46
cub:2665,4,46,46
cub:2666,1,46,179
cub:2667,2,46,46
cub:2668,4,46,46
cub:267,0,4,71
cub:2672,0,46,46
cub:2679,3,46,46
cub:268,0,4,4
cub:2682,3,46,46
cub:2683,3,46,174
cub:2684,3,46,46
cub:2686,1,46,46
cub:2687,0,46,46
cub:2688,3,46,46
cub:269,2,4,4
cub:2690,4,46,111
cub:2692,4,46,46
cub:2697,1,46,46
cub:2698,0,46,46
cub:2699,0,46,46
cub:270,0,4,4
cub:2700,1,46,160
cub:2701,1,46,46
cub:2702,3,46,46
cub:2704,0,46,46
cub:2706,2,46,176
cub:2708,0,46,46
cub:2714,4,47,47
cub:2718,0,47,47
cub:2719,3,47,47
cub:272,0,4,57
cub:2720,0,47,47
cub:2721,4,47,47
cub:2722,3,47,47
cub:2723,2,47,47
cub:2724,1,47,47
cub:2726,0,47,47
cub:2728,0,47,47
cub:2729,3,47,47
cub:273,1,4,18
cub:2732,3,47,47
cub:2734,4,47,47
cub:2739,3,47,136
cub:274,1,4,4
cub:2741,2,47,47
cub:2742,1,47,47
cub:2743,0,47,184
cub:2745,4,47,47
cub:2747,1,47,47
cub:2748,4,47,47
cub:2749,1,47,47
cub:275,4,4,45
cub:2750,2,47,47
cub:2754,0,47,47
cub:2755,1,47,47
cub:2756,1,47,47
cub:2757,2,47,47
cub:2758,4,47,47
cub:2759,3,47,47
cub:276,4,4,4
cub:2762,2,47,47
cub:2768,2,47,47
cub:2771,0,48,133
cub:2772,1,48,90
cub:2775,2,48,48
cub:2777,3,48,28
cub:2779,2,48,26
cub:278,1,4,4
cub:2781,2,48,48
cub:2786,3,48,28
cub:2787,0,48,25
cub:2788,2,48,48
cub:2791,4,48,48
cub:2793,0,48,13
cub:2794,3,48,26
cub:2795,1,48,10
cub:2797,4,48,28
cub:2798,1,48,22
cub:280,4,4,4
cub:2800,2,48,8
cub:2808,4,48,26
cub:2809,0,48,48
cub:281,1,4,4
cub:2811,1,48,133
cub:2814,4,48,48
cub:2815,3,48,48
cub:2816,1,48,135
cub:2817,3,48,48
cub:2819,3,48,48
cub:2820,1,48,48
cub:2821,4,48,48
cub:2823,0,48,29
cub:2825,4,48,48
cub:2827,0,48,48
cub:2828,2,48,26
cub:283,2,5,5
cub:2832,1,49,49
cub:2833,2,49,49
cub:2838,1,49,49
cub:284,1,5,5
cub:2840,3,49,50
cub:2841,3,49,49
cub:2842,4,49,125
cub:2843,2,49,49
cub:2844,4,49,49
cub:2849,2,49,49
cub:285,1,5,8
cub:2850,0,49,49
cub:2854,1,49,49
cub:2855,2,49,49
cub:2856,2,49,50
cub:2857,4,49,49
cub:2859,0,49,49
cub:2860,0,49,49
cub:2861,0,49,49
cub:2864,3,49,49
cub:2865,1,49,49
cub:287,2,5,5
cub:2870,2,49,50
cub:2871,4,49,49
cub:2872,3,49,49
cub:2876,1,49,49
cub:2877,1,49,49
cub:288,0,5,5
cub:2881,4,49,52
cub:2882,4,49,49
cub:2884,0,49,49
cub:2886,3,49,49
cub:2888,3,49,50
cub:2889,0,49,49
cub:289,4,5,5
cub:2890,2,50,49
cub:2891,1,50,50
cub:2894,2,50,49
cub:2895,0,50,50
cub:2896,0,50,50
cub:2899,0,50,49
cub:290,3,5,5
cub:2903,3,50,85
cub:2905,2,50,49
cub:2907,0,50,52
cub:291,1,5,5
cub:2910,1,50,50
cub:2911,2,50,50
cub:2912,1,50,49
cub:2914,3,50,50
cub:2916,4,50,50
cub:2922,4,50,50
cub:2925,3,50,50
cub:2927,0,50,50
cub:2928,4,50,50
cub:293,0,5,5
cub:2930,1,50,50
cub:2931,3,50,85
cub:2932,3,50,50
cub:2933,3,50,50
cub:2937,4,50,49
cub:2939,1,50,49
cub:294,0,5,5
cub:2943,0,50,85
cub:2944,4,50,49
cub:2945,2,50,50
cub:2946,4,50,50
cub:2947,2,50,50
cub:2948,1,50,50
cub:295,0,5,5
cub:2950,3,51,49
cub:2953,2,51,51
cub:2954,4,51,51
cub:2955,0,51,51
cub:2956,0,51,51
cub:2958,1,51,51
cub:296,3,5,5
cub:2962,4,51,51
cub:2964,2,51,51
cub:2966,3,51,51
cub:2969,1,51,51
cub:297,3,5,5
cub:2970,4,51,51
cub:2972,2,51,51
cub:2973,1,51,51
cub:2976,0,51,51
cub:2978,4,51,51
cub:2980,3,51,51
cub:2985,1,51,49
cub:2986,2,51,51
cub:2987,4,51,51
cub:2989,2,51,51
cub:299,2,5,5
cub:2990,3,51,51
cub:2994,1,51,51
cub:2996,3,51,49
cub:2998,2,51,51
cub:2999,4,51,51
cub:30,0,0,0
cub:3000,0,51,52
cub:3002,3,51,51
cub:3003,1,51,51
cub:3008,0,51,51
cub:3009,0,51,49
cub:301,3,5,5
cub:3010,4,52,52
cub:3014,0,52,52
cub:3016,0,52,52
cub:3017,0,52,52
cub:302,4,5,5
cub:3020,3,52,52
cub:3023,3,52,52
cub:3024,4,52,52
cub:3026,4,52,52
cub:3027,1,52,52
cub:3028,0,52,52
cub:303,1,5,5
cub:3030,3,52,52
cub:3031,2,52,52
cub:3033,1,52,52
cub:3035,0,52,52
cub:3036,1,52,49
cub:3038,0,52,52
cub:3040,4,52,52
cub:3041,3,52,52
cub:3042,4,52,52
cub:3043,2,52,85
cub:3044,3,52,52
cub:3046,3,52,52
cub:3047,2,52,52
cub:3048,1,52,52
cub:3049,2,52,52
cub:305,2,5,5
cub:3052,1,52,52
cub:3054,2,52,52
cub:306,4,5,5
cub:3065,4,52,52
cub:3068,2,52,52
cub:3069,1,52,52
cub:307,4,5,5
cub:3070,2,53,53
cub:3073,3,53,53
cub:3077,3,53,53
cub:3079,4,53,53
cub:3082,3,53,53
cub:3085,2,53,9
cub:3086,4,53,53
cub:3088,3,53,53
cub:3089,3,53,53
cub:3092,1,53,13
cub:3093,0,53,13
cub:3094,4,53,53
cub:3095,2,53,13
cub:3096,1,53,53
cub:31,2,0,1
cub:310,0,5,5
cub:3102,0,53,53
cub:3103,4,53,53
cub:3104,0,53,53
cub:3106,2,53,13
cub:3109,2,53,53
cub:3113,1,53,42
cub:3114,4,53,53
cub:3115,1,53,53
cub:3117,1,53,174
cub:3119,0,53,13
cub:3120,4,53,53
cub:3121,0,53,13
cub:3122,2,53,53
cub:3123,1,53,13
cub:3125,0,53,13
cub:3126,3,53,73
cub:313,0,5,186
cub:3132,3,54,54
cub:3134,4,54,180
cub:3139,1,54,54
cub:3141,4,54,54
cub:3142,0,54,54
cub:3143,3,54,54
cub:3145,0,54,54
cub:3147,3,54,54
cub:3149,4,54,46
cub:3152,1,54,54
cub:3157,0,54,166
cub:3158,0,54,54
cub:3159,0,54,19
cub:316,3,5,5
cub:3160,4,54,54
cub:3161,1,54,54
cub:3163,4,54,54
cub:3164,1,54,54
cub:3165,2,54,54
cub:3167,3,54,95
cub:317,2,5,141
cub:3173,2,54,54
cub:3174,1,54,54
cub:3175,3,54,54
cub:3177,2,54,95
cub:3178,3,54,54
cub:318,1,5,5
cub:3180,2,54,54
cub:3181,1,54,54
cub:3183,0,54,54
cub:3187,2,54,54
cub:3188,4,54,54
cub:3189,2,54,54
cub:319,3,5,5
cub:3194,1,55,55
cub:3196,4,55,55
cub:3197,4,55,55
cub:3199,4,55,55
cub:32,1,0,0
cub:320,2,5,5
cub:3200,0,55,55
cub:3202,4,55,55
cub:3203,3,55,55
cub:3205,2,55,55
cub:3207,3,55,34
cub:3208,0,55,55
cub:3209,3,55,55
cub:321,4,5,5
cub:3210,1,55,115
cub:3212,1,55,55
cub:3213,0,55,55
cub:3214,3,55,55
cub:3215,1,55,55
cub:3217,2,55,55
cub:322,1,5,5
cub:3221,4,55,55
cub:3224,1,55,55
cub:3229,0,55,55
cub:323,4,5,5
cub:3232,2,55,129
cub:3234,3,55,55
cub:3235,1,55,115
cub:3236,2,55,55
cub:3237,2,55,55
cub:3238,3,55,115
cub:324,3,6,6
cub:3240,0,55,55
cub:3241,2,55,55
cub:3245,4,55,55
cub:3248,0,55,55
cub:3250,1,56,56
cub:3255,1,56,43
cub:3256,4,56,56
cub:326,0,6,6
cub:3260,2,56,56
cub:3262,4,56,56
cub:3263,3,56,56
cub:3265,3,56,56
cub:3266,4,56,56
cub:3268,4,56,56
cub:327,4,6,6
cub:3270,0,56,56
cub:3271,3,56,56
cub:3272,4,56,56
cub:3274,0,56,56
cub:3275,1,56,16
cub:3277,2,56,56
cub:3278,4,56,56
cub:3279,2,56,56
cub:328,0,6,6
cub:3281,0,56,56
cub:3283,0,56,56
cub:3286,0,56,56
cub:3288,2,56,56
cub:3289,1,56,158
cub:3293,0,56,56
cub:3297,1,56,56
cub:3300,1,56,56
cub:3303,2,56,56
cub:3304,2,56,56
cub:3306,3,56,117
cub:3308,3,56,15
cub:3309,3,56,159
cub:331,2,6,6
cub:3310,4,57,57
cub:3311,1,57,57
cub:3314,3,57,57
cub:3316,1,57,6
cub:332,2,6,6
cub:3320,0,57,6
cub:3324,3,57,57
cub:3325,3,57,5
cub:333,1,6,6
cub:3332,2,57,57
cub:3333,4,57,57
cub:3334,3,57,107
cub:3335,2,57,57
cub:3336,1,57,57
cub:3337,4,57,57
cub:3338,4,57,57
cub:3339,1,57,57
cub:334,2,6,6
cub:3340,3,57,57
cub:3341,1,57,57
cub:3343,0,57,57
cub:3345,0,57,57
cub:3346,2,57,57
cub:3347,0,57,57
cub:3348,1,57,57
cub:3349,2,57,57
cub:335,2,6,6
cub:3352,4,57,57
cub:3355,2,57,57
cub:336,2,6,6
cub:3360,0,57,57
cub:3362,4,57,143
cub:3363,0,57,57
cub:3365,3,57,57
cub:3366,2,57,49
cub:3369,3,58,142
cub:3371,1,58,146
cub:3373,0,58,58
cub:3374,2,58,61
cub:3375,4,58,58
cub:338,3,6,6
cub:3380,1,58,65
cub:3381,3,58,58
cub:3382,4,58,60
cub:3385,1,58,65
cub:3387,0,58,59
cub:3388,4,58,1
cub:3389,4,58,58
cub:339,0,6,6
cub:3392,0,58,58
cub:3394,2,58,61
cub:3395,3,58,59
cub:3396,1,58,65
cub:3397,2,58,63
cub:3398,3,58,64
cub:3401,3,58,58
cub:3402,4,58,58
cub:3405,2,58,83
cub:3407,2,58,65
cub:341,3,6,6
cub:3412,0,58,58
cub:3415,1,58,61
cub:342,4,6,6
cub:3422,0,58,58
cub:3423,2,58,58
cub:3424,3,58,65
cub:3425,0,58,61
cub:3426,4,58,58
cub:3427,1,58,146
cub:3429,2,59,61
cub:3430,4,59,61
cub:3431,1,59,61
cub:3435,4,59,65
cub:3437,4,59,59
cub:3438,0,59,59
cub:3439,2,59,60
cub:3440,2,59,59
cub:3441,4,59,59
cub:3443,2,59,59
cub:3447,0,59,61
cub:345,1,6,6
cub:3451,4,59,59
cub:3456,3,59,61
cub:3458,3,59,62
cub:3459,3,59,64
cub:3460,0,59,58
cub:3462,1,59,59
cub:3463,0,59,59
cub:3464,0,59,59
cub:3466,1,59,65
cub:3467,3,59,64
cub:3468,1,59,64
cub:347,0,6,6
cub:3471,2,59,64
cub:3473,1,59,58
cub:3476,4,59,61
cub:3479,0,59,59
cub:3481,1,59,65
cub:3482,2,59,59
cub:3484,3,59,59
cub:3486,3,59,60
cub:3488,0,60,60
cub:349,3,6,6
cub:3493,2,60,59
cub:3497,4,60,60
cub:3498,3,60,63
cub:35,3,0,2
cub:3501,3,60,60
cub:3502,0,60,60
cub:3503,3,60,64
cub:3504,1,60,65
cub:3506,0,60,60
cub:3507,3,60,60
cub:3508,3,60,60
cub:3509,1,60,60
cub:3510,4,60,63
cub:3512,4,60,60
cub:3516,2,60,60
cub:3517,0,60,85
cub:3518,2,60,60
cub:3520,0,60,60
cub:3523,4,60,60
cub:3524,4,60,60
cub:353,0,6,6
cub:3532,1,60,60
cub:3533,3,60,62
cub:3534,1,60,60
cub:3535,2,60,60
cub:3539,2,60,60
cub:3540,2,60,60
cub:3542,0,60,60
cub:3544,1,60,60
cub:3545,1,60,60
cub:3546,4,60,60
cub:355,1,6,6
cub:3551,4,61,61
cub:3553,2,61,59
cub:3555,0,61,144
cub:3558,0,61,64
cub:3559,1,61,65
cub:3560,3,61,61
cub:3561,1,61,64
cub:3563,3,61,64
cub:3564,0,61,61
cub:3565,3,61,145
cub:3567,1,61,65
cub:3569,4,61,100
cub:3571,2,61,63
cub:3572,0,61,64
cub:3574,1,61,143
cub:3575,0,61,65
cub:3578,4,61,59
cub:358,2,6,6
cub:3583,2,61,134
cub:3586,2,61,44
cub:3587,3,61,61
cub:3588,2,61,63
cub:3589,3,61,65
cub:359,4,6,6
cub:3590,0,61,58
cub:3591,4,61,61
cub:3595,1,61,65
cub:3597,4,61,58
cub:3599,3,61,144
cub:36,0,0,0
cub:3602,1,61,61
cub:3605,2,61,59
cub:3606,4,61,61
cub:3608,1,62,62
cub:3609,3,62,62
cub:361,4,6,6
cub:3610,2,62,62
cub:3611,3,62,62
cub:3612,2,62,62
cub:3614,1,62,146
cub:3616,3,62,62
cub:3617,3,62,62
cub:3618,0,62,62
cub:362,0,6,6
cub:3620,1,62,62
cub:3621,0,62,62
cub:3625,4,62,62
cub:3628,4,62,62
cub:3629,3,62,62
cub:3630,0,62,62
cub:3634,4,62,146
cub:3635,4,62,62
cub:3637,3,62,62
cub:364,1,6,6
cub:3640,4,62,62
cub:3645,1,62,62
cub:3647,2,62,83
cub:3650,1,62,2
cub:3653,1,62,62
cub:3655,2,62,62
cub:3657,0,62,62
cub:3658,2,62,62
cub:366,3,6,6
cub:3660,0,62,62
cub:3661,4,62,62
cub:3663,2,62,62
cub:3665,0,62,62
cub:367,1,6,7
cub:3670,1,63,59
cub:3671,3,63,61
cub:3672,2,63,64
cub:3674,0,63,63
cub:3675,3,63,61
cub:3676,4,63,140
cub:3678,3,63,63
cub:368,3,6,6
cub:3681,1,63,59
cub:3687,2,63,63
cub:3689,4,63,59
cub:3690,4,63,63
cub:3692,1,63,63
cub:3693,3,63,44
cub:3694,1,63,63
cub:3695,1,63,63
cub:3697,2,63,63
cub:37,0,0,0
cub:3700,3,63,63
cub:3701,3,63,63
cub:3702,2,63,63
cub:3703,1,63,61
cub:3706,2,63,61
cub:3709,4,63,63
cub:3710,0,63,63
cub:3712,2,63,63
cub:3715,0,63,63
cub:3718,4,63,59
cub:3720,0,63,63
cub:3721,4,63,59
cub:3724,0,63,65
cub:3725,0,63,63
cub:3728,4,64,70
cub:3730,1,64,61
cub:3731,1,64,85
cub:3734,3,64,64
cub:3736,0,64,58
cub:3737,4,64,63
cub:3738,4,64,64
cub:3739,0,64,65
cub:374,4,6,6
cub:3740,1,64,64
cub:3741,0,64,83
cub:3743,2,64,64
cub:3746,3,64,64
cub:3747,2,64,64
cub:3748,2,64,65
cub:375,1,6,6
cub:3752,0,64,64
cub:3754,1,64,65
cub:3756,0,64,64
cub:3757,4,64,63
cub:3759,2,64,1
cub:376,4,6,4
cub:3761,1,64,64
cub:3762,3,64,64
cub:3764,2,64,64
cub:3765,2,64,59
cub:3769,3,64,58
cub:377,1,7,7
cub:3770,0,64,58
cub:3772,4,64,61
cub:3773,3,64,83
cub:3774,3,64,64
cub:3775,1,64,64
cub:3776,4,64,58
cub:378,2,7,49
cub:3780,2,65,62
cub:3781,0,65,65
cub:3783,0,65,65
cub:3784,1,65,64
cub:3785,1,65,65
cub:3786,3,65,65
cub:3787,0,65,64
cub:379,1,7,22
cub:3790,4,65,59
cub:3792,3,65,58
cub:3794,3,65,2
cub:3795,0,65,65
cub:3799,3,65,58
cub:380,1,7,7
cub:3801,3,65,65
cub:3802,4,65,65
cub:3803,4,65,58
cub:3805,1,65,65
cub:3807,2,65,65
cub:3810,3,65,65
cub:3811,4,65,65
cub:3812,1,65,65
cub:3815,1,65,65
cub:3816,4,65,61
cub:3817,0,65,65
cub:3818,2,65,83
cub:3819,1,65,65
cub:3822,0,65,65
cub:3824,2,65,58
cub:3832,2,65,59
cub:3833,2,65,60
cub:3835,4,65,65
cub:3839,0,66,66
cub:3841,2,66,66
cub:3843,0,66,67
cub:3845,2,66,66
cub:3848,3,66,67
cub:3849,4,66,66
cub:385,2,7,7
cub:3850,4,66,66
cub:3853,4,66,66
cub:3854,4,66,66
cub:3858,0,66,66
cub:3860,1,66,66
cub:3861,1,66,66
cub:3862,4,66,66
cub:3864,1,66,67
cub:3865,3,66,66
cub:3866,1,66,66
cub:3867,3,66,66
cub:3868,2,66,66
cub:3869,2,66,66
cub:3872,2,66,66
cub:3873,3,66,66
cub:3874,0,66,69
cub:388,1,7,7
cub:3887,0,66,66
cub:3888,1,66,67
cub:3889,3,66,66
cub:3890,3,66,178
cub:3891,4,66,67
cub:3892,0,66,66
cub:3893,2,66,68
cub:3894,1,66,67
cub:3897,4,67,68
cub:390,0,7,7
cub:3901,3,67,68
cub:3902,0,67,66
cub:3904,1,67,67
cub:3905,0,67,67
cub:3906,3,67,67
cub:3910,2,67,67
cub:3912,2,67,67
cub:3913,2,67,67
cub:3915,3,67,67
cub:3916,3,67,67
cub:3919,4,67,68
cub:392,2,7,106
cub:3920,1,67,67
cub:3922,3,67,67
cub:3928,0,67,164
cub:393,3,7,71
cub:3930,4,67,66
cub:3931,2,67,67
cub:3932,1,67,67
cub:3933,1,67,68
cub:3936,0,67,66
cub:3941,0,67,67
cub:3942,0,67,66
cub:3946,2,67,67
cub:3948,4,67,67
cub:3949,1,67,67
cub:395,3,7,7
cub:3950,1,67,67
cub:3952,4,67,67
cub:3954,2,67,66
cub:3955,3,67,178
cub:3956,4,67,67
cub:3957,1,68,68
cub:3959,2,68,68
cub:396,2,7,7
cub:3961,0,68,68
cub:3962,4,68,68
cub:3964,2,68,68
cub:3966,3,68,68
cub:3967,3,68,68
cub:3969,0,68,68
cub:397,0,7,7
cub:3970,1,68,68
cub:3972,4,68,66
cub:3975,2,68,68
cub:3979,1,68,68
cub:398,3,7,7
cub:3981,0,68,68
cub:3984,4,68,66
cub:3988,2,68,68
cub:399,4,7,7
cub:3990,2,68,67
cub:3995,4,68,67
cub:3996,1,68,68
cub:3997,0,68,67
cub:3998,1,68,68
cub:4,2,0,0
cub:40,4,0,0
cub:400,0,7,7
cub:4000,0,68,68
cub:4003,3,68,68
cub:4005,4,68,66
cub:4006,4,68,68
cub:4007,0,68,68
cub:4008,2,68,68
cub:401,4,7,7
cub:4011,1,68,67
cub:4012,3,68,68
cub:4015,3,68,67
cub:4016,3,68,67
cub:4017,1,69,69
cub:4018,4,69,69
cub:4019,4,69,69
cub:402,2,7,7
cub:4022,4,69,69
cub:4023,0,69,69
cub:4024,1,69,69
cub:4027,4,69,66
cub:4028,0,69,69
cub:4029,1,69,69
cub:403,4,7,7
cub:4030,2,69,69
cub:4031,2,69,69
cub:4032,2,69,69
cub:4035,0,69,69
cub:4039,1,69,69
cub:404,4,7,7
cub:4041,1,69,69
cub:4044,0,69,69
cub:4049,3,69,69
cub:4055,3,69,69
cub:4057,2,69,69
cub:406,3,7,7
cub:4060,3,69,69
cub:4061,4,69,69
cub:4066,0,69,69
cub:4067,3,69,69
cub:4068,0,69,69
cub:4069,1,69,69
cub:4071,3,69,69
cub:4072,2,69,69
cub:4074,2,69,69
cub:4075,3,69,69
cub:4076,4,69,69
cub:4078,4,70,44
cub:4079,3,70,111
cub:4082,1,70,143
cub:409,3,7,7
cub:4090,4,70,70
cub:4091,3,70,64
cub:4092,2,70,71
cub:4093,0,70,70
cub:4095,0,70,71
cub:4096,3,70,107
cub:4097,4,70,70
cub:41,0,0,0
cub:4100,4,70,70
cub:4103,4,70,136
cub:4105,2,70,109
cub:4107,1,70,70
cub:411,0,7,7
cub:4111,1,70,70
cub:4112,3,70,70
cub:4113,2,70,70
cub:4114,1,70,70
cub:4116,2,70,70
cub:4117,0,70,70
cub:4122,3,70,70
cub:4124,0,70,141
cub:4126,0,70,70
cub:4127,4,70,70
cub:4129,2,70,71
cub:413,4,7,7
cub:4130,1,70,70
cub:4131,1,70,71
cub:4133,3,70,70
cub:4134,2,70,1
cub:4136,0,70,70
cub:4137,0,71,71
cub:414,0,7,7
cub:4142,1,71,71
cub:4143,0,71,71
cub:4146,2,71,71
cub:4147,3,71,0
cub:4149,3,71,71
cub:415,0,7,141
cub:4154,3,71,0
cub:4155,4,71,70
cub:4156,4,71,71
cub:4157,4,71,70
cub:4158,4,71,71
cub:4159,1,71,0
cub:416,1,7,57
cub:4160,4,71,71
cub:4162,2,71,85
cub:4164,3,71,71
cub:4165,3,71,71
cub:4166,2,71,71
cub:4167,2,71,134
cub:417,1,7,7
cub:4170,0,71,71
cub:4171,1,71,85
cub:4173,1,71,70
cub:4174,2,71,71
cub:4178,2,71,2
cub:418,3,7,7
cub:4183,0,71,141
cub:4184,3,71,43
cub:4188,1,71,70
cub:4190,1,71,71
cub:4191,0,71,71
cub:4193,4,71,71
cub:4194,0,71,43
cub:4197,3,72,72
cub:4199,1,72,72
cub:42,3,0,0
cub:4201,1,72,72
cub:4203,0,72,72
cub:4208,0,72,72
cub:4209,1,72,72
cub:421,4,7,105
cub:4211,2,72,72
cub:4214,2,72,72
cub:4216,3,72,72
cub:4218,1,72,150
cub:4219,2,72,72
cub:4221,0,72,74
cub:4223,0,72,73
cub:4229,2,72,72
cub:423,2,7,7
cub:4230,4,72,72
cub:4232,3,72,72
cub:4233,0,72,72
cub:4234,3,72,72
cub:4236,4,72,72
cub:4238,3,72,72
cub:4239,3,72,72
cub:4240,2,72,72
cub:4241,4,72,72
cub:4242,1,72,72
cub:4243,4,72,72
cub:4244,2,72,72
cub:4248,0,72,72
cub:4251,1,72,72
cub:4254,4,72,72
cub:4256,4,72,72
cub:4257,4,73,73
cub:4259,0,73,73
cub:426,2,8,8
cub:4260,4,73,81
cub:4263,3,73,48
cub:4266,4,73,72
cub:4267,3,73,73
cub:4268,0,73,73
cub:4269,0,73,73
cub:427,1,8,8
cub:4271,3,73,73
cub:4272,2,73,73
cub:4273,1,73,72
cub:4275,1,73,48
cub:4276,2,73,133
cub:4278,2,73,73
cub:4279,4,73,72
cub:428,2,8,133
cub:4282,1,73,10
cub:4283,0,73,73
cub:4286,1,73,73
cub:4289,2,73,39
cub:429,4,8,3
cub:4290,3,73,73
cub:4291,1,73,73
cub:4296,1,73,73
cub:4297,2,73,73
cub:4299,3,73,73
cub:43,4,0,0
cub:4301,2,73,73
cub:4302,0,73,73
cub:4303,4,73,73
cub:4306,4,73,73
cub:4309,3,73,73
cub:431,1,8,18
cub:4316,0,73,73
cub:432,1,8,48
cub:4320,4,74,74
cub:4321,3,74,166
cub:4324,3,74,74
cub:4325,0,74,74
cub:4326,0,74,74
cub:4328,1,74,74
cub:4329,3,74,74
cub:433,4,8,28
cub:4331,1,74,74
cub:4332,2,74,74
cub:4334,2,74,74
cub:4341,4,74,74
cub:4342,2,74,74
cub:4343,1,74,74
cub:4345,1,74,74
cub:4346,2,74,74
cub:4347,1,74,74
cub:4348,4,74,74
cub:4349,0,74,74
cub:4350,3,74,74
cub:4352,2,74,177
cub:4354,0,74,74
cub:4355,0,74,74
cub:4356,4,74,74
cub:4358,4,74,74
cub:436,4,8,8
cub:4360,0,74,74
cub:4361,3,74,74
cub:4362,2,74,74
cub:4363,1,74,74
cub:4369,3,74,74
cub:437,3,8,26
cub:4370,4,74,74
cub:4374,3,75,75
cub:4380,1,75,75
cub:4383,0,75,75
cub:4385,1,75,75
cub:4387,1,75,75
cub:4390,4,75,75
cub:4391,1,75,75
cub:4392,3,75,75
cub:4394,4,75,75
cub:4398,1,75,75
cub:4401,3,75,75
cub:4405,4,75,75
cub:4406,2,75,75
cub:4407,2,75,75
cub:441,2,8,133
cub:4410,2,75,75
cub:4412,4,75,75
cub:4414,3,75,75
cub:4415,0,75,75
cub:4416,2,75,75
cub:4417,0,75,75
cub:4420,1,75,75
cub:4422,0,75,75
cub:4423,4,75,75
cub:4424,3,75,75
cub:4426,2,75,75
cub:4427,2,75,75
cub:4428,3,75,75
cub:4429,4,75,75
cub:4432,0,75,75
cub:4433,0,75,75
cub:4434,3,76,76
cub:4435,2,76,76
cub:4437,2,76,76
cub:4439,1,76,76
cub:444,0,8,8
cub:4440,4,76,76
cub:4443,0,76,76
cub:4445,0,76,36
cub:4448,2,76,76
cub:4449,1,76,76
cub:4450,4,76,76
cub:4452,4,76,76
cub:4453,4,76,76
cub:4454,4,76,76
cub:4456,0,76,76
cub:4458,0,76,76
cub:4459,3,76,76
cub:446,0,8,48
cub:4465,3,76,76
cub:4471,1,76,76
cub:4473,3,76,76
cub:4475,2,76,76
cub:4476,1,76,76
cub:4477,0,76,37
cub:4478,1,76,76
cub:4482,4,76,37
cub:4483,3,76,160
cub:4484,3,76,76
cub:4485,1,76,76
cub:4489,2,76,76
cub:4490,2,76,76
cub:4491,0,76,76
cub:4494,4,77,77
cub:4495,3,77,77
cub:4498,4,77,77
cub:4508,0,77,32
cub:4509,2,77,77
cub:4510,4,77,77
cub:4511,3,77,77
cub:4513,2,77,137
cub:4518,3,77,90
cub:4519,3,77,77
cub:452,2,8,48
cub:4520,1,77,134
cub:4521,1,77,40
cub:4523,0,77,77
cub:4524,2,77,77
cub:4526,2,77,77
cub:4528,3,77,77
cub:4529,0,77,77
cub:4530,1,77,39
cub:4531,0,77,77
cub:4534,4,77,77
cub:4539,2,77,77
cub:4540,1,77,18
cub:4541,3,77,30
cub:4542,0,77,110
cub:4544,1,77,134
cub:4546,4,77,77
cub:4548,0,77,79
cub:4549,1,77,77
cub:4550,4,77,77
cub:4551,2,77,77
cub:4553,1,78,78
cub:4554,1,78,78
cub:4556,1,78,78
cub:4557,2,78,79
cub:4558,0,78,78
cub:4559,1,78,78
cub:456,3,8,8
cub:4561,2,78,78
cub:4562,0,78,78
cub:4563,4,78,78
cub:4564,1,78,78
cub:4565,0,78,137
cub:4567,4,78,78
cub:4568,4,78,78
cub:4569,0,78,78
cub:4570,3,78,78
cub:4572,3,78,78
cub:4573,2,78,81
cub:4574,0,78,43
cub:4575,2,78,78
cub:4578,3,78,78
cub:4580,4,78,71
cub:4581,3,78,80
cub:4582,1,78,78
cub:4590,0,78,108
cub:4599,4,78,78
cub:46,3,0,0
cub:460,3,8,28
cub:4604,4,78,78
cub:4607,3,78,78
cub:4608,2,78,70
cub:4609,2,78,79
cub:461,1,8,8
cub:4612,3,78,78
cub:4614,0,79,20
cub:4616,2,79,79
cub:4617,0,79,81
cub:4619,2,79,79
cub:4620,2,79,79
cub:4621,3,79,79
cub:4625,0,79,81
cub:4627,1,79,12
cub:4628,2,79,79
cub:4629,3,79,79
cub:4631,4,79,79
cub:4632,3,79,79
cub:4634,1,79,79
cub:4635,4,79,79
cub:4639,0,79,79
cub:464,1,8,26
cub:4645,0,79,79
cub:4646,3,79,78
cub:4647,3,79,81
cub:465,0,8,26
cub:4653,0,79,79
cub:4654,3,79,81
cub:4655,4,79,158
cub:4656,2,79,79
cub:4657,4,79,79
cub:4658,2,79,79
cub:4659,4,79,79
cub:466,4,8,8
cub:4660,1,79,80
cub:4661,1,79,79
cub:4665,1,79,78
cub:4669,1,79,81
cub:467,2,8,18
cub:4672,4,79,81
cub:4674,4,80,80
cub:4677,0,80,80
cub:4678,4,80,80
cub:4680,1,80,80
cub:4683,2,80,80
cub:4686,1,80,80
cub:4688,3,80,80
cub:469,1,8,8
cub:4691,2,80,80
cub:4692,3,80,80
cub:4694,0,80,80
cub:4695,3,80,80
cub:4699,3,80,80
cub:470,3,8,26
cub:4700,0,80,80
cub:4701,0,80,80
cub:4702,1,80,80
cub:4703,4,80,80
cub:4706,1,80,80
cub:4708,3,80,80
cub:471,4,8,189
cub:4712,2,80,80
cub:4713,0,80,80
cub:4714,0,80,80
cub:4716,2,80,80
cub:4717,2,80,80
cub:4718,1,80,78
cub:4719,4,80,80
cub:4723,4,80,80
cub:4724,4,80,80
cub:4726,3,80,80
cub:4727,1,80,80
cub:4729,2,80,80
cub:4734,0,81,81
cub:4737,0,81,81
cub:4738,0,81,81
cub:474,0,8,4
cub:4743,3,81,78
cub:4744,4,81,81
cub:4745,1,81,81
cub:4747,4,81,81
cub:4748,1,81,81
cub:4749,4,81,79
cub:4756,4,81,81
cub:4757,4,81,81
cub:476,3,8,8
cub:4760,0,81,81
cub:4762,3,81,81
cub:4764,2,81,81
cub:4765,3,81,81
cub:4767,4,81,81
cub:4768,2,81,81
cub:4769,2,81,78
cub:477,0,8,48
cub:4770,1,81,81
cub:4772,1,81,81
cub:4776,1,81,79
cub:4777,1,81,81
cub:4779,0,81,96
cub:478,3,8,10
cub:4780,2,81,91
cub:4782,0,81,79
cub:4784,2,81,40
cub:4786,3,81,81
cub:4788,2,81,78
cub:479,0,8,8
cub:4790,3,81,81
cub:4792,3,81,78
cub:4794,3,82,82
cub:4799,3,82,82
cub:4801,0,82,82
cub:4803,1,82,82
cub:4804,4,82,82
cub:4806,2,82,82
cub:4807,2,82,82
cub:4809,3,82,82
cub:481,2,8,28
cub:4810,3,82,82
cub:4812,4,82,82
cub:4813,2,82,82
cub:4814,2,82,82
cub:482,4,8,8
cub:4820,1,82,30
cub:4821,0,82,82
cub:4822,4,82,82
cub:4826,0,82,82
cub:4828,0,82,82
cub:4835,1,82,82
cub:4838,4,82,82
cub:4839,4,82,79
cub:484,2,9,9
cub:4840,2,82,32
cub:4841,4,82,82
cub:4842,1,82,82
cub:4844,0,82,82
cub:4845,0,82,82
cub:4848,3,82,82
cub:4849,2,82,82
cub:485,2,9,9
cub:4850,3,82,82
cub:4851,1,82,82
cub:4852,1,82,82
cub:4853,1,83,83
cub:4855,2,83,83
cub:4857,4,83,2
cub:4858,2,83,83
cub:4859,1,83,83
cub:486,2,9,9
cub:4860,2,83,83
cub:4861,1,83,83
cub:4867,2,83,83
cub:4868,3,83,83
cub:4869,0,83,83
cub:4871,1,83,83
cub:4873,2,83,61
cub:4876,3,83,59
cub:4877,0,83,83
cub:4878,3,83,61
cub:4880,3,83,83
cub:4881,4,83,83
cub:4882,0,83,83
cub:4886,4,83,64
cub:4887,3,83,62
cub:489,3,9,9
cub:4892,4,83,83
cub:4893,0,83,65
cub:4894,2,83,1
cub:4895,4,83,83
cub:4896,0,83,140
cub:4897,1,83,83
cub:4898,3,83,142
cub:4899,4,83,83
cub:49,4,0,0
cub:490,0,9,9
cub:4900,1,83,6
cub:4904,0,83,83
cub:4906,1,84,84
cub:4907,1,84,84
cub:491,3,9,3
cub:4910,0,84,84
cub:4912,4,84,84
cub:4916,0,84,84
cub:4920,4,84,5
cub:4922,0,84,84
cub:4923,0,84,117
cub:4929,0,84,84
cub:4930,2,84,194
cub:4933,3,84,84
cub:4935,3,84,84
cub:4937,1,84,84
cub:4938,2,84,84
cub:4941,2,84,120
cub:4945,3,84,84
cub:4946,0,84,120
cub:4947,1,84,84
cub:4948,3,84,84
cub:495,3,9,9
cub:4950,3,84,84
cub:4951,2,84,84
cub:4952,1,84,84
cub:4953,4,84,84
cub:4954,4,84,84
cub:4955,4,84,84
cub:4956,1,84,84
cub:4957,2,84,134
cub:4959,3,84,131
cub:496,4,9,9
cub:4961,4,84,84
cub:4964,2,84,84
cub:4968,1,85,52
cub:4969,1,85,85
cub:497,3,9,9
cub:4970,2,85,85
cub:4972,4,85,85
cub:4974,4,85,85
cub:4975,2,85,85
cub:4977,4,85,85
cub:4985,0,85,85
cub:4988,3,85,85
cub:4992,0,85,85
cub:4993,1,85,85
cub:4994,4,85,85
cub:4997,2,85,85
cub:5,3,0,71
cub:500,0,9,96
cub:5000,3,85,85
cub:5001,4,85,85
cub:5003,3,85,24
cub:5004,0,85,85
cub:5006,2,85,45
cub:5007,0,85,7
cub:5008,4,85,85
cub:5011,1,85,52
cub:5014,2,85,85
cub:5016,3,85,85
cub:5017,0,85,85
cub:5018,1,85,85
cub:5019,1,85,0
cub:502,2,9,25
cub:5020,2,85,85
cub:5022,3,85,85
cub:5023,0,85,85
cub:5024,3,85,85
cub:5030,2,86,86
cub:5032,1,86,86
cub:5033,3,86,86
cub:5035,2,86,86
cub:5037,2,86,45
cub:5038,4,86,88
cub:5039,1,86,86
cub:504,0,9,9
cub:5040,3,86,86
cub:5042,2,86,86
cub:5043,1,86,86
cub:5044,4,86,86
cub:5047,0,86,86
cub:5048,3,86,86
cub:505,3,9,9
cub:5050,4,86,86
cub:5052,0,86,86
cub:5053,3,86,86
cub:5054,1,86,86
cub:5058,1,86,86
cub:5063,0,86,86
cub:5064,2,86,86
cub:5065,1,86,86
cub:5067,3,86,86
cub:5068,0,86,86
cub:5069,0,86,86
cub:507,1,9,9
cub:5073,4,86,91
cub:5075,2,86,86
cub:5076,0,86,86
cub:5079,4,86,86
cub:5080,3,86,86
cub:5083,4,86,86
cub:5086,3,87,100
cub:5087,1,87,87
cub:5088,1,87,87
cub:5089,3,87,87
cub:5091,1,87,87
cub:5092,0,87,87
cub:5093,2,87,87
cub:5096,2,87,87
cub:5099,1,87,87
cub:51,3,0,0
cub:5109,1,87,87
cub:511,0,9,9
cub:5111,4,87,87
cub:5112,3,87,87
cub:5114,2,87,87
cub:5116,2,87,87
cub:5117,0,87,87
cub:5121,3,87,87
cub:5123,3,87,87
cub:5126,4,87,87
cub:5127,0,87,87
cub:5128,0,87,87
cub:5129,4,87,87
cub:5130,1,87,87
cub:5131,4,87,87
cub:5135,3,87,87
cub:5138,2,87,87
cub:5139,2,87,87
cub:5142,0,87,87
cub:5143,4,87,87
cub:5144,4,87,87
cub:5145,0,87,87
cub:5147,3,88,88
cub:5148,4,88,88
cub:5149,2,88,105
cub:515,4,9,9
cub:5151,3,88,88
cub:5152,3,88,88
cub:5153,2,88,88
cub:5155,0,88,88
cub:5157,1,88,88
cub:5158,1,88,88
cub:5159,4,88,88
cub:5162,3,88,88
cub:5163,4,88,88
cub:5164,1,88,88
cub:5168,1,88,88
cub:5170,3,88,88
cub:5171,0,88,88
cub:5172,0,88,45
cub:5173,0,88,88
cub:5174,1,88,88
cub:5175,0,88,88
cub:5176,2,88,105
cub:518,3,9,9
cub:5180,3,88,88
cub:5181,2,88,88
cub:5184,4,88,88
cub:5185,1,88,92
cub:5187,2,88,88
cub:5194,4,88,88
cub:5196,2,88,88
cub:520,2,9,9
cub:5200,4,88,88
cub:5204,0,88,88
cub:5206,1,89,89
cub:5208,3,89,89
cub:5210,1,89,45
cub:5211,0,89,89
cub:5212,3,89,89
cub:5215,4,89,89
cub:5217,2,89,89
cub:5221,1,89,71
cub:5222,0,89,89
cub:523,4,9,9
cub:5230,4,89,89
cub:5231,0,89,89
cub:5233,4,89,89
cub:5235,2,89,89
cub:5236,2,89,89
cub:5237,3,89,89
cub:5239,1,89,89
cub:524,0,9,9
cub:5241,3,89,89
cub:5242,0,89,89
cub:5244,2,89,89
cub:5246,1,89,89
cub:5248,4,89,89
cub:5249,3,89,89
cub:5251,0,89,89
cub:5252,0,89,89
cub:5255,4,89,89
cub:5256,2,89,89
cub:5260,1,89,89
cub:5261,3,89,89
cub:5262,2,89,89
cub:5264,4,89,89
cub:5267,1,90,90
cub:5268,3,90,195
cub:5269,0,90,30
cub:527,1,9,9
cub:5270,3,90,113
cub:5271,0,90,41
cub:5278,2,90,90
cub:5279,1,90,90
cub:5280,1,90,90
cub:5281,1,90,90
cub:5285,4,90,38
cub:5286,4,90,182
cub:5287,2,90,90
cub:5288,2,90,39
cub:5289,2,90,40
cub:529,4,9,9
cub:5292,0,90,92
cub:5294,3,90,90
cub:5295,4,90,111
cub:5297,1,90,90
cub:53,1,0,0
cub:530,1,9,9
cub:5300,2,90,90
cub:5302,0,90,77
cub:5303,3,90,90
cub:5304,0,90,90
cub:5305,3,90,77
cub:5308,4,90,153
cub:531,4,9,57
cub:5310,4,90,102
cub:5313,0,90,90
cub:5314,1,90,90
cub:5315,2,90,109
cub:5322,3,90,115
cub:5323,4,90,194
cub:5327,2,91,91
cub:533,4,9,9
cub:5333,3,91,91
cub:5338,4,91,91
cub:5339,4,91,91
cub:5340,2,91,91
cub:5341,1,91,91
cub:5342,3,91,91
cub:5345,2,91,104
cub:5348,0,91,91
cub:535,2,9,9
cub:5350,1,91,91
cub:5351,0,91,91
cub:5354,1,91,91
cub:5355,0,91,91
cub:5356,4,91,91
cub:5357,3,91,91
cub:5358,2,91,91
cub:5359,1,91,91
cub:5360,0,91,104
cub:5362,1,91,109
cub:5366,2,91,104
cub:5367,2,91,91
cub:5368,4,91,91
cub:537,1,9,25
cub:5370,0,91,71
cub:5371,0,91,71
cub:5374,4,91,91
cub:5375,3,91,91
cub:5378,3,91,91
cub:5381,3,91,91
cub:5382,1,91,91
cub:5385,4,91,91
cub:539,1,9,9
cub:5392,3,92,92
cub:5393,1,92,92
cub:5394,0,92,92
cub:5396,0,92,92
cub:5397,4,92,92
cub:5398,4,92,92
cub:5400,2,92,92
cub:5401,3,92,197
cub:5404,4,92,92
cub:5405,4,92,92
cub:5408,0,92,27
cub:541,0,9,9
cub:5414,0,92,92
cub:5415,2,92,92
cub:5416,3,92,92
cub:5417,1,92,92
cub:5418,1,92,92
cub:5419,3,92,60
cub:542,1,9,9
cub:5420,2,92,92
cub:5424,2,92,92
cub:5425,3,92,92
cub:5429,4,92,92
cub:5430,0,92,92
cub:5432,1,92,39
cub:5433,3,92,92
cub:5436,1,92,92
cub:5439,2,92,92
cub:544,1,10,20
cub:5441,1,92,92
cub:5442,0,92,92
cub:5443,4,92,92
cub:5444,2,92,92
cub:545,3,10,10
cub:5450,4,93,93
cub:5452,4,93,93
cub:5454,3,93,93
cub:5458,4,93,186
cub:5459,0,93,93
cub:5460,1,93,93
cub:5461,1,93,93
cub:5462,2,93,93
cub:5463,0,93,93
cub:5465,2,93,93
cub:5466,2,93,93
cub:5467,3,93,93
cub:5469,0,93,93
cub:547,4,10,48
cub:5472,3,93,93
cub:5473,4,93,184
cub:5475,1,93,93
cub:5477,4,93,93
cub:5481,1,93,110
cub:5482,2,93,93
cub:5484,1,93,93
cub:5486,0,93,93
cub:549,4,10,10
cub:5490,2,93,93
cub:5492,1,93,93
cub:5493,3,93,93
cub:5495,3,93,93
cub:5498,0,93,93
cub:55,1,0,0
cub:5500,2,93,93
cub:5501,4,93,93
cub:5503,0,93,93
cub:5504,3,93,93
cub:5507,4,94,94
cub:5511,1,94,95
cub:5512,0,94,96
cub:5513,3,94,94
cub:5514,2,94,94
cub:5516,4,94,94
cub:5517,2,94,181
cub:5518,3,94,94
cub:552,0,10,10
cub:5522,0,94,19
cub:5523,3,94,94
cub:5526,1,94,9
cub:5528,4,94,96
cub:5534,3,94,94
cub:5535,0,94,94
cub:554,1,10,8
cub:5540,2,94,160
cub:5543,0,94,94
cub:5545,0,94,94
cub:5549,1,94,94
cub:555,2,10,10
cub:5553,1,94,95
cub:5554,4,94,94
cub:5556,3,94,94
cub:5557,1,94,94
cub:5558,2,94,94
cub:5559,3,94,94
cub:5560,4,94,94
cub:5561,1,94,95
cub:5562,2,94,94
cub:5563,4,94,94
cub:5564,0,94,95
cub:5565,2,94,94
cub:5566,2,95,95
cub:557,4,10,10
cub:5573,1,95,95
cub:5577,2,95,95
cub:5579,3,95,95
cub:5581,4,95,16
cub:5582,0,95,95
cub:5583,3,95,168
cub:5584,0,95,95
cub:5586,1,95,95
cub:5587,1,95,95
cub:559,1,10,119
cub:5590,2,95,95
cub:5592,0,95,95
cub:5593,0,95,95
cub:5594,1,95,95
cub:5595,4,95,95
cub:5596,0,95,95
cub:5599,1,95,95
cub:56,2,0,0
cub:5600,0,95,95
cub:5601,2,95,95
cub:5603,2,95,69
cub:5604,3,95,46
cub:5606,1,95,95
cub:5607,3,95,95
cub:5609,4,95,95
cub:561,0,10,10
cub:5611,3,95,95
cub:5612,3,95,95
cub:5618,2,95,95
cub:5619,4,95,94
cub:562,2,10,10
cub:5620,4,95,95
cub:5621,4,95,95
cub:5628,1,96,94
cub:5629,4,96,96
cub:5630,3,96,96
cub:5631,4,96,174
cub:5635,0,96,96
cub:5636,2,96,96
cub:5637,1,96,96
cub:564,2,10,2
cub:5641,1,96,96
cub:5642,2,96,96
cub:5643,0,96,138
cub:5646,1,96,96
cub:5648,0,96,96
cub:5651,2,96,96
cub:5655,0,96,96
cub:5657,4,96,96
cub:5658,0,96,96
cub:566,1,10,10
cub:5661,4,96,96
cub:5662,1,96,19
cub:5663,3,96,135
cub:5666,3,96,96
cub:5670,4,96,178
cub:5671,3,96,95
cub:5673,2,96,96
cub:5674,3,96,96
cub:5675,0,96,96
cub:5676,2,96,96
cub:5678,2,96,96
cub:568,4,10,10
cub:5680,3,96,175
cub:5681,4,96,96
cub:5684,1,96,96
cub:5688,0,97,169
cub:5689,3,97,97
cub:5690,2,97,97
cub:5691,2,97,169
cub:5695,3,97,97
cub:5696,2,97,168
cub:5698,2,97,97
cub:5699,4,97,97
cub:570,2,10,28
cub:5701,1,97,95
cub:5702,3,97,97
cub:5704,4,97,76
cub:5705,1,97,11
cub:5708,1,97,170
cub:5709,0,97,97
cub:5710,4,97,97
cub:5713,3,97,171
cub:5716,3,97,97
cub:5718,0,97,97
cub:5720,3,97,164
cub:5721,0,97,169
cub:5723,4,97,97
cub:5724,1,97,97
cub:5726,0,97,19
cub:5727,4,97,97
cub:5729,2,97,147
cub:5732,4,97,166
cub:5733,1,97,181
cub:5737,1,97,97
cub:574,3,10,91
cub:5743,2,97,97
cub:5744,0,97,97
cub:5745,1,98,98
cub:5747,2,98,98
cub:575,3,10,10
cub:5750,0,98,98
cub:5754,1,98,148
cub:5756,3,98,98
cub:5758,4,98,98
cub:576,0,10,10
cub:5761,2,98,199
cub:5762,3,98,129
cub:5764,2,98,98
cub:5765,3,98,98
cub:577,0,10,10
cub:5770,3,98,98
cub:5771,4,98,148
cub:5772,4,98,182
cub:5773,0,98,98
cub:5776,0,98,98
cub:5778,1,98,98
cub:5779,0,98,126
cub:5780,2,98,98
cub:5781,1,98,98
cub:5782,0,98,98
cub:5783,4,98,98
cub:5790,2,98,98
cub:5792,2,98,115
cub:5793,1,98,98
cub:5794,4,98,98
cub:5796,4,98,98
cub:58,3,0,0
cub:5800,1,98,98
cub:5802,3,98,98
cub:5803,0,98,98
cub:5804,3,98,98
cub:581,1,10,10
cub:5811,3,99,99
cub:5812,0,99,99
cub:5819,1,99,99
cub:5821,2,99,99
cub:5822,4,99,99
cub:5824,1,99,99
cub:5825,4,99,99
cub:5826,0,99,43
cub:5827,2,99,99
cub:5828,2,99,99
cub:5830,1,99,99
cub:5831,3,99,99
cub:5832,3,99,99
cub:5833,4,99,99
cub:5834,0,99,99
cub:5835,4,99,99
cub:5836,0,99,99
cub:5839,4,99,99
cub:5840,3,99,99
cub:5841,4,99,99
cub:5842,2,99,99
cub:5844,3,99,99
cub:5845,2,99,99
cub:5849,0,99,99
cub:5850,2,99,99
cub:5851,0,99,99
cub:5852,1,99,99
cub:5857,3,99,99
cub:5860,1,99,99
cub:5864,1,99,99
cub:5866,4,100,100
cub:5869,1,100,100
cub:587,2,10,31
cub:5872,0,100,100
cub:5874,1,100,100
cub:5875,3,100,100
cub:5876,3,100,100
cub:5878,4,100,100
cub:5879,0,100,100
cub:588,1,10,8
cub:5880,4,100,100
cub:5881,1,100,58
cub:5882,1,100,100
cub:5883,2,100,100
cub:5887,2,100,100
cub:5888,0,100,99
cub:5890,0,100,99
cub:5891,1,100,100
cub:5892,2,100,100
cub:5894,4,100,100
cub:5895,4,100,100
cub:5896,2,100,100
cub:5899,4,100,99
cub:5900,0,100,100
cub:5902,3,100,100
cub:5904,0,100,100
cub:5906,1,100,100
cub:5908,2,100,100
cub:591,4,10,10
cub:5910,3,100,100
cub:5912,3,100,100
cub:5913,3,100,100
cub:5914,2,100,100
cub:5916,3,101,36
cub:5919,0,101,101
cub:5922,3,101,38
cub:593,0,10,103
cub:5930,1,101,116
cub:5931,4,101,101
cub:5932,1,101,101
cub:5934,0,101,39
cub:5935,3,101,39
cub:5937,3,101,101
cub:5939,3,101,102
cub:5943,4,101,39
cub:5945,2,101,101
cub:5946,4,101,101
cub:5947,4,101,101
cub:5948,0,101,125
cub:595,4,10,10
cub:5950,4,101,38
cub:5951,2,101,101
cub:5953,0,101,39
cub:5956,2,101,150
cub:5957,1,101,38
cub:5958,3,101,102
cub:596,3,10,96
cub:5960,0,101,101
cub:5961,2,101,38
cub:5962,1,101,101
cub:5963,1,101,27
cub:5964,1,101,101
cub:5966,2,101,151
cub:5967,4,101,101
cub:5968,0,101,102
cub:5970,2,101,39
cub:5977,4,102,102
cub:5979,3,102,76
cub:598,3,10,10
cub:5980,1,102,101
cub:5981,0,102,102
cub:5982,4,102,39
cub:5988,4,102,102
cub:599,3,10,10
cub:5990,4,102,134
cub:5992,2,102,102
cub:5994,2,102,101
cub:5995,1,102,102
cub:5997,2,102,75
cub:60,1,0,0
cub:600,0,10,26
cub:6000,2,102,102
cub:6003,3,102,40
cub:6004,3,102,102
cub:6006,1,102,153
cub:6007,1,102,76
cub:6008,0,102,102
cub:601,2,10,8
cub:6017,0,102,152
cub:6018,2,102,36
cub:6020,4,102,38
cub:6021,1,102,194
cub:6022,3,102,96
cub:6023,0,102,102
cub:6024,0,102,12
cub:6025,4,102,101
cub:6026,1,102,134
cub:6027,3,102,77
cub:6028,2,102,77
cub:6031,3,102,136
cub:6034,0,102,134
cub:6035,2,103,103
cub:6037,2,103,103
cub:6039,4,103,103
cub:6040,4,103,103
cub:6041,0,103,125
cub:6042,3,103,103
cub:6043,2,103,103
cub:6044,0,103,103
cub:6046,3,103,103
cub:605,1,11,11
cub:6052,0,103,103
cub:6053,4,103,103
cub:6058,1,103,103
cub:6059,1,103,103
cub:606,1,11,11
cub:6060,0,103,103
cub:6061,3,103,103
cub:6063,1,103,103
cub:6064,1,103,103
cub:6066,0,103,103
cub:6068,2,103,103
cub:607,3,11,11
cub:6070,4,103,103
cub:6074,4,103,103
cub:6075,2,103,103
cub:6079,1,103,103
cub:6080,3,103,103
cub:6081,2,103,103
cub:6082,3,103,40
cub:6083,0,103,103
cub:6085,1,103,103
cub:6088,4,103,130
cub:6094,3,103,103
cub:6095,1,104,104
cub:6096,4,104,104
cub:6097,0,104,104
cub:6099,4,104,21
cub:6102,0,104,104
cub:6103,3,104,104
cub:6108,0,104,21
cub:6109,1,104,104
cub:611,2,11,11
cub:6110,2,104,21
cub:6111,3,104,91
cub:6117,3,104,104
cub:6118,0,104,104
cub:612,0,11,11
cub:6120,4,104,104
cub:6121,0,104,91
cub:6122,2,104,21
cub:6124,4,104,104
cub:6126,0,104,104
cub:6127,2,104,104
cub:6128,1,104,104
cub:613,4,11,11
cub:6130,1,104,104
cub:6131,3,104,21
cub:6132,1,104,104
cub:6133,2,104,21
cub:6134,4,104,91
cub:6135,4,104,104
cub:6137,3,104,21
cub:6139,1,104,104
cub:614,1,11,11
cub:6140,3,104,21
cub:6142,2,104,104
cub:6143,2,104,21
cub:6144,1,105,105
cub:6146,0,105,57
cub:6149,3,105,105
cub:6151,2,105,50
cub:6154,3,105,105
cub:6156,0,105,6
cub:6166,3,105,105
cub:6167,2,105,51
cub:6168,4,105,105
cub:6169,4,105,23
cub:617,0,11,11
cub:6171,2,105,105
cub:6172,3,105,105
cub:6175,2,105,105
cub:6177,4,105,105
cub:6178,0,105,140
cub:6179,3,105,105
cub:6180,4,105,105
cub:6181,1,105,57
cub:6182,0,105,105
cub:6183,2,105,105
cub:6184,4,105,60
cub:6185,1,105,105
cub:6186,1,105,105
cub:6188,0,105,105
cub:6189,3,105,105
cub:619,0,11,11
cub:6190,2,105,105
cub:6191,0,105,105
cub:6194,1,105,105
cub:6196,4,105,105
cub:62,0,1,1
cub:620,4,11,11
cub:6203,1,105,105
cub:6208,2,106,28
cub:621,3,11,11
cub:6213,2,106,28
cub:6214,4,106,106
cub:6216,3,106,106
cub:6218,3,106,28
cub:6219,3,106,106
cub:6220,1,106,106
cub:6223,2,106,29
cub:6224,1,106,106
cub:6228,2,106,136
cub:6230,0,106,106
cub:6233,0,106,29
cub:6235,3,106,28
cub:6237,0,106,106
cub:6238,3,106,28
cub:6239,0,106,106
cub:6240,4,106,106
cub:6242,0,106,106
cub:6243,1,106,28
cub:6246,2,106,28
cub:6247,1,106,106
cub:6248,1,106,106
cub:6249,3,106,106
cub:625,3,11,95
cub:6250,4,106,106
cub:6251,2,106,107
cub:6256,4,106,29
cub:6257,1,106,106
cub:6258,0,106,107
cub:626,2,11,11
cub:6261,4,106,28
cub:6264,4,107,107
cub:6265,2,107,107
cub:6267,3,107,28
cub:6271,4,107,107
cub:6273,3,107,107
cub:6275,2,107,107
cub:6277,3,107,106
cub:628,2,11,11
cub:6280,3,107,107
cub:6283,0,107,107
cub:6285,2,107,107
cub:6287,3,107,107
cub:6288,1,107,107
cub:629,0,11,11
cub:6290,4,107,107
cub:6291,2,107,106
cub:6292,0,107,107
cub:6294,1,107,107
cub:6295,0,107,43
cub:6296,3,107,107
cub:630,4,11,11
cub:6301,1,107,107
cub:6302,0,107,107
cub:6303,1,107,106
cub:6305,4,107,106
cub:6306,0,107,107
cub:6309,0,107,107
cub:631,4,11,11
cub:6311,2,107,107
cub:6312,1,107,3
cub:6316,1,107,78
cub:6318,4,107,106
cub:6319,2,107,107
cub:6320,4,107,107
cub:6325,4,108,108
cub:6326,3,108,108
cub:6328,4,108,108
cub:633,1,11,162
cub:6330,2,108,108
cub:6335,3,108,108
cub:6336,0,108,108
cub:6337,0,108,108
cub:6338,3,108,108
cub:6339,4,108,108
cub:6345,4,108,108
cub:6347,1,108,94
cub:6348,3,108,108
cub:6349,2,108,56
cub:635,4,11,11
cub:6350,0,108,108
cub:6351,1,108,108
cub:6352,0,108,150
cub:6353,1,108,157
cub:6357,0,108,108
cub:6358,1,108,108
cub:636,4,11,11
cub:6360,2,108,108
cub:6361,4,108,108
cub:6362,2,108,108
cub:6363,2,108,108
cub:6365,4,108,108
cub:6366,2,108,108
cub:6370,1,108,108
cub:6372,3,108,108
cub:6373,1,108,20
cub:6377,3,108,108
cub:6381,0,108,108
cub:6383,2,109,109
cub:6386,2,109,194
cub:6387,1,109,109
cub:6388,3,109,109
cub:639,2,11,11
cub:6390,0,109,109
cub:6391,1,109,109
cub:6392,4,109,109
cub:6393,3,109,109
cub:6394,4,109,109
cub:6395,0,109,109
cub:6399,3,109,109
cub:64,0,1,64
cub:6402,4,109,109
cub:6403,1,109,109
cub:6404,2,109,109
cub:6407,2,109,109
cub:641,0,11,97
cub:6411,0,109,109
cub:6414,4,109,109
cub:6416,3,109,109
cub:6417,4,109,109
cub:6418,1,109,109
cub:642,1,11,11
cub:6421,1,109,109
cub:6423,3,109,109
cub:6427,3,109,109
cub:6429,2,109,109
cub:6433,0,109,109
cub:6435,0,109,109
cub:6436,0,109,109
cub:6439,1,109,109
cub:6440,2,109,109
cub:6441,4,109,109
cub:6443,4,110,136
cub:6444,1,110,110
cub:6446,1,110,110
cub:6447,4,110,111
cub:6448,2,110,110
cub:645,1,11,11
cub:6452,2,110,102
cub:6455,2,110,111
cub:6457,1,110,110
cub:6458,3,110,110
cub:6460,2,110,113
cub:6461,3,110,110
cub:6462,1,110,110
cub:6464,3,110,40
cub:6465,2,110,110
cub:647,3,11,199
cub:6470,1,110,92
cub:6471,3,110,110
cub:6475,3,110,110
cub:6477,2,110,111
cub:6478,0,110,110
cub:6479,4,110,111
cub:648,3,11,11
cub:6480,1,110,111
cub:6481,4,110,110
cub:6483,0,110,110
cub:6488,0,110,110
cub:6489,3,110,77
cub:6490,4,110,110
cub:6491,0,110,110
cub:6496,0,110,111
cub:6500,0,110,110
cub:6502,4,110,110
cub:6503,2,111,110
cub:6506,4,111,111
cub:6507,1,111,77
cub:6508,1,111,110
cub:6510,2,111,110
cub:6513,4,111,111
cub:6514,1,111,110
cub:6515,0,111,110
cub:6518,2,111,110
cub:652,2,11,11
cub:6520,3,111,111
cub:6523,2,111,111
cub:6529,0,111,111
cub:653,3,11,11
cub:6531,4,111,111
cub:6532,0,111,111
cub:6533,1,111,111
cub:6534,3,111,111
cub:6535,1,111,114
cub:6536,2,111,102
cub:6538,3,111,111
cub:6539,1,111,111
cub:6540,0,111,111
cub:6543,3,111,111
cub:6544,0,111,110
cub:6546,4,111,110
cub:6547,0,111,111
cub:655,2,11,11
cub:6552,4,111,111
cub:6555,3,111,111
cub:6558,4,111,113
cub:6560,3,111,111
cub:6562,2,111,111
cub:6563,1,112,127
cub:6564,4,112,130
cub:6565,4,112,126
cub:6566,2,112,126
cub:6567,1,112,123
cub:6568,0,112,112
cub:657,0,11,11
cub:6570,0,112,112
cub:6572,3,112,120
cub:6573,2,112,112
cub:6574,4,112,112
cub:6580,1,112,122
cub:6585,4,112,130
cub:6586,1,112,122
cub:6587,2,112,112
cub:6588,2,112,112
cub:6590,3,112,112
cub:6591,2,112,126
cub:6592,3,112,112
cub:6597,3,112,112
cub:6598,4,112,112
cub:6599,2,112,112
cub:66,3,1,2
cub:660,2,12,12
cub:6600,0,112,112
cub:6603,0,112,112
cub:6604,4,112,112
cub:6605,3,112,112
cub:6606,1,112,127
cub:6607,0,112,112
cub:6610,3,112,132
cub:6611,1,112,123
cub:6612,0,112,112
cub:6614,3,113,113
cub:6617,0,113,113
cub:662,3,12,12
cub:6622,0,113,113
cub:6623,4,113,113
cub:6627,1,113,113
cub:6629,2,113,110
cub:663,0,12,12
cub:6631,2,113,113
cub:6632,3,113,165
cub:6633,2,113,113
cub:6634,1,113,113
cub:6635,1,113,113
cub:6636,4,113,113
cub:6638,1,113,77
cub:6639,2,113,117
cub:6641,3,113,111
cub:6644,1,113,126
cub:6647,2,113,113
cub:6649,3,113,113
cub:6651,0,113,150
cub:6654,1,113,113
cub:6655,0,113,113
cub:6659,4,113,113
cub:666,1,12,12
cub:6661,0,113,113
cub:6662,2,113,113
cub:6663,3,113,113
cub:6664,0,113,117
cub:6666,4,113,113
cub:6667,4,113,113
cub:6668,3,113,101
cub:6669,4,113,113
cub:667,3,12,12
cub:6674,1,114,114
cub:6675,0,114,114
cub:6676,3,114,114
cub:6678,1,114,114
cub:668,1,12,12
cub:6680,4,114,114
cub:6681,1,114,122
cub:6682,4,114,114
cub:6683,0,114,114
cub:6685,0,114,130
cub:6686,3,114,114
cub:6687,2,114,114
cub:669,1,12,12
cub:6690,2,114,114
cub:6694,2,114,112
cub:6697,4,114,130
cub:6698,3,114,130
cub:6699,0,114,118
cub:67,4,1,0
cub:670,4,12,12
cub:6700,1,114,114
cub:6702,0,114,114
cub:6705,0,114,126
cub:6706,4,114,130
cub:671,2,12,12
cub:6710,4,114,149
cub:6714,2,114,130
cub:6715,3,114,114
cub:672,4,12,12
cub:6721,3,114,114
cub:6725,1,114,196
cub:6726,2,114,73
cub:6727,1,114,114
cub:6728,2,114,39
cub:6729,3,114,116
cub:6730,4,114,149
cub:6732,2,115,115
cub:6734,4,115,112
cub:6736,1,115,131
cub:6739,0,115,115
cub:6741,3,115,115
cub:6743,0,115,115
cub:6749,1,115,42
cub:6751,2,115,115
cub:6752,3,115,35
cub:6753,0,115,115
cub:6754,3,115,115
cub:6756,2,115,115
cub:6757,0,115,115
cub:6758,4,115,124
cub:6763,4,115,115
cub:6764,3,115,118
cub:6768,1,115,118
cub:677,3,12,107
cub:6770,0,115,115
cub:6771,1,115,115
cub:6772,4,115,117
cub:6773,2,115,111
cub:6774,2,115,132
cub:6775,3,115,34
cub:6776,4,115,173
cub:6777,3,115,103
cub:6779,2,115,115
cub:678,4,12,12
cub:6781,1,115,115
cub:6782,0,115,31
cub:6786,1,115,115
cub:6787,4,115,129
cub:6792,4,116,116
cub:6794,1,116,116
cub:6795,4,116,116
cub:6798,4,116,130
cub:680,3,12,12
cub:6803,1,116,114
cub:6804,2,116,116
cub:6805,3,116,125
cub:6809,0,116,114
cub:6810,3,116,116
cub:6811,0,116,122
cub:6815,4,116,116
cub:6817,1,116,116
cub:6818,4,116,118
cub:6819,4,116,118
cub:682,0,12,12
cub:6820,2,116,116
cub:6821,3,116,116
cub:6822,2,116,116
cub:6823,3,116,115
cub:6825,1,116,116
cub:6828,3,116,116
cub:6829,2,116,116
cub:6832,2,116,116
cub:6834,1,116,116
cub:6835,0,116,36
cub:6838,3,116,116
cub:6840,0,116,116
cub:6845,2,116,123
cub:6847,0,116,131
cub:6848,0,116,36
cub:6849,1,116,126
cub:685,2,12,107
cub:6854,1,117,117
cub:6857,2,117,173
cub:6858,2,117,117
cub:6861,4,117,117
cub:6863,1,117,121
cub:6864,3,117,193
cub:6865,4,117,117
cub:6869,0,117,30
cub:6871,2,117,117
cub:6873,3,117,157
cub:6874,2,117,117
cub:6876,3,117,124
cub:6877,2,117,117
cub:6878,0,117,118
cub:6879,4,117,84
cub:6880,1,117,103
cub:6882,0,117,117
cub:6885,1,117,117
cub:6886,3,117,117
cub:6887,0,117,180
cub:6889,4,117,132
cub:6890,4,117,113
cub:6891,0,117,116
cub:6892,2,117,117
cub:6896,1,117,117
cub:6899,3,117,117
cub:69,2,1,1
cub:690,1,12,12
cub:6900,4,117,117
cub:6905,1,117,117
cub:6907,3,117,117
cub:6909,0,117,117
cub:691,0,12,12
cub:6914,3,118,118
cub:6915,1,118,118
cub:6916,1,118,120
cub:6918,3,118,118
cub:6919,0,118,118
cub:6922,4,118,118
cub:6925,2,118,55
cub:6926,0,118,118
cub:6927,1,118,115
cub:6929,2,118,114
cub:693,1,12,12
cub:6930,0,118,118
cub:6933,1,118,128
cub:6934,3,118,118
cub:6935,3,118,126
cub:6937,3,118,118
cub:6938,4,118,130
cub:694,4,12,12
cub:6943,0,118,116
cub:6944,3,118,118
cub:6945,4,118,117
cub:6946,4,118,118
cub:6950,2,118,118
cub:6952,4,118,129
cub:6955,2,118,130
cub:6956,1,118,118
cub:6958,0,118,115
cub:6959,2,118,129
cub:6961,2,118,129
cub:6962,4,118,117
cub:6968,0,118,30
cub:6969,1,118,120
cub:6971,1,119,124
cub:6974,0,119,119
cub:6979,1,119,119
cub:6980,0,119,119
cub:6983,0,119,119
cub:6984,3,119,119
cub:6985,4,119,119
cub:6986,3,119,148
cub:6987,2,119,119
cub:6988,2,119,119
cub:6989,1,119,119
cub:699,0,12,12
cub:6990,0,119,182
cub:6993,2,119,119
cub:6994,4,119,119
cub:6995,0,119,119
cub:6998,2,119,119
cub:7,2,0,2
cub:7001,1,119,119
cub:7002,2,119,114
cub:7003,3,119,119
cub:7004,4,119,119
cub:7006,1,119,119
cub:7008,3,119,119
cub:701,2,12,12
cub:7014,3,119,124
cub:7016,4,119,119
cub:702,1,12,121
cub:7021,4,119,119
cub:7022,2,119,148
cub:7023,0,119,128
cub:7024,3,119,119
cub:7028,4,119,119
cub:7029,1,119,119
cub:7031,1,120,120
cub:7035,0,120,120
cub:7038,1,120,87
cub:7039,1,120,120
cub:7042,1,120,164
cub:7044,4,120,123
cub:7045,3,120,120
cub:7046,3,120,112
cub:7049,3,120,120
cub:7050,0,120,120
cub:7052,4,120,121
cub:7053,3,120,131
cub:7055,2,120,120
cub:7057,4,120,125
cub:7059,3,120,116
cub:706,3,12,12
cub:7063,0,120,112
cub:7066,0,120,120
cub:7070,2,120,122
cub:7071,3,120,120
cub:7074,2,120,130
cub:7075,2,120,120
cub:7076,4,120,120
cub:7077,2,120,120
cub:7079,1,120,116
cub:7080,0,120,120
cub:7082,4,120,120
cub:7084,1,120,120
cub:7086,4,120,162
cub:7088,2,120,120
cub:7089,0,120,118
cub:7090,3,121,121
cub:7093,1,121,121
cub:7097,2,121,124
cub:7098,2,121,121
cub:7099,0,121,121
cub:710,2,12,12
cub:7101,3,121,121
cub:7103,3,121,121
cub:7106,2,121,121
cub:7107,3,121,10
cub:7108,4,121,121
cub:7109,0,121,121
cub:7111,3,121,121
cub:7113,0,121,121
cub:7116,0,121,132
cub:7117,0,121,115
cub:712,0,12,12
cub:7120,1,121,127
cub:7123,4,121,124
cub:7124,4,121,121
cub:7127,2,121,121
cub:7129,2,121,121
cub:713,0,12,125
cub:7132,4,121,121
cub:7136,2,121,125
cub:7139,1,121,131
cub:7141,3,121,121
cub:7142,4,121,121
cub:7143,1,121,126
cub:7144,4,121,121
cub:7145,0,121,121
cub:7146,1,121,121
cub:7147,1,121,123
cub:715,3,12,12
cub:7151,2,122,122
cub:7152,3,122,196
cub:7154,1,122,122
cub:7156,1,122,122
cub:7157,4,122,126
cub:7158,4,122,122
cub:716,2,12,12
cub:7161,3,122,116
cub:7163,2,122,124
cub:7164,3,122,123
cub:7166,0,122,122
cub:7168,1,122,130
cub:717,4,12,12
cub:7171,4,122,112
cub:7178,3,122,122
cub:7179,1,122,122
cub:7180,1,122,122
cub:7185,4,122,122
cub:7186,4,122,123
cub:7187,0,122,122
cub:7188,2,122,123
cub:719,4,12,12
cub:7191,4,122,122
cub:7194,0,122,122
cub:7195,2,122,122
cub:7197,3,122,120
cub:72,1,1,1
cub:720,2,13,14
cub:7200,0,122,122
cub:7201,2,122,122
cub:7202,2,122,123
cub:7203,3,122,123
cub:7205,0,122,122
cub:7207,1,122,123
cub:7208,0,122,126
cub:7211,2,123,123
cub:7214,4,123,123
cub:7215,2,123,112
cub:7216,2,123,123
cub:7217,0,123,123
cub:7218,4,123,122
cub:722,4,13,13
cub:7220,3,123,123
cub:7221,1,123,120
cub:7227,1,123,123
cub:7229,3,123,125
cub:7230,1,123,124
cub:7231,0,123,122
cub:7232,2,123,123
cub:7234,2,123,122
cub:7235,3,123,123
cub:7238,1,123,123
cub:7243,3,123,123
cub:7245,3,123,123
cub:7248,4,123,123
cub:725,4,13,13
cub:7250,0,123,122
cub:7254,0,123,123
cub:7256,1,123,122
cub:7258,0,123,123
cub:7259,0,123,122
cub:7260,3,123,126
cub:7262,4,123,123
cub:7264,4,123,122
cub:7265,4,123,123
cub:7267,2,123,124
cub:7268,1,123,120
cub:727,3,13,13
cub:7270,4,124,124
cub:7272,3,124,124
cub:7274,1,124,124
cub:7275,1,124,125
cub:7276,1,124,116
cub:7278,4,124,122
cub:7285,4,124,123
cub:7286,4,124,124
cub:7287,3,124,149
cub:7288,3,124,182
cub:729,0,13,13
cub:7290,3,124,114
cub:7294,0,124,124
cub:7295,1,124,124
cub:7296,2,124,124
cub:7298,4,124,98
cub:73,3,1,1
cub:730,0,13,13
cub:7300,2,124,124
cub:7301,4,124,124
cub:7304,2,124,130
cub:7305,2,124,124
cub:7307,2,124,182
cub:7308,0,124,114
cub:7312,0,124,130
cub:7316,0,124,124
cub:7318,1,124,128
cub:732,2,13,13
cub:7320,3,124,126
cub:7322,3,124,124
cub:7323,2,124,124
cub:7324,0,124,124
cub:7325,1,124,126
cub:7327,0,124,98
cub:7328,4,125,125
cub:733,3,13,13
cub:7332,2,125,125
cub:7333,0,125,123
cub:7334,1,125,125
cub:7336,3,125,123
cub:7337,2,125,125
cub:7339,1,125,125
cub:734,4,13,13
cub:7343,3,125,186
cub:7345,1,125,196
cub:7348,3,125,125
cub:735,1,13,13
cub:7353,2,125,125
cub:7359,3,125,127
cub:736,3,13,13
cub:7360,1,125,127
cub:7362,4,125,125
cub:7363,2,125,125
cub:7364,0,125,125
cub:7366,1,125,125
cub:7367,2,125,127
cub:7368,0,125,123
cub:7370,0,125,123
cub:7371,0,125,123
cub:7373,4,125,121
cub:7375,4,125,124
cub:7376,4,125,196
cub:7377,0,125,121
cub:7378,1,125,125
cub:7380,3,125,122
cub:7381,2,125,123
cub:7382,4,125,125
cub:7390,2,126,118
cub:7392,1,126,126
cub:7393,0,126,126
cub:7397,3,126,126
cub:7399,0,126,126
cub:74,1,1,1
cub:740,1,13,13
cub:7401,2,126,130
cub:7402,4,126,120
cub:7406,3,126,125
cub:7407,4,126,126
cub:741,0,13,13
cub:7410,4,126,126
cub:7411,1,126,122
cub:7412,0,126,128
cub:7414,4,126,126
cub:7416,0,126,128
cub:7417,1,126,128
cub:7419,1,126,124
cub:7420,2,126,126
cub:7423,1,126,130
cub:7426,2,126,128
cub:7427,2,126,126
cub:7429,4,126,126
cub:7430,2,126,126
cub:7432,0,126,126
cub:7433,1,126,126
cub:7435,0,126,124
cub:7437,3,126,124
cub:7438,3,126,126
cub:7439,4,126,128
cub:744,1,13,13
cub:7444,3,126,126
cub:7445,3,126,124
cub:7448,3,127,112
cub:7453,1,127,196
cub:7455,4,127,127
cub:7456,0,127,127
cub:7459,4,127,112
cub:746,1,13,13
cub:7460,2,127,147
cub:7461,1,127,127
cub:7462,2,127,127
cub:7464,1,127,127
cub:7465,2,127,127
cub:7467,2,127,127
cub:7468,0,127,127
cub:7469,4,127,128
cub:747,0,13,13
cub:7471,1,127,196
cub:7472,0,127,10
cub:7474,0,127,127
cub:748,4,13,13
cub:7480,0,127,127
cub:7482,3,127,127
cub:7484,2,127,127
cub:7485,4,127,197
cub:7489,4,127,127
cub:7490,3,127,127
cub:7491,1,127,127
cub:7493,0,127,127
cub:7495,3,127,125
cub:7496,3,127,125
cub:7499,4,127,127
cub:75,2,1,1
cub:7501,3,127,128
cub:7503,1,127,127
cub:7504,2,127,128
cub:7508,3,128,128
cub:751,2,13,13
cub:7513,3,128,124
cub:7514,3,128,120
cub:7515,2,128,128
cub:7517,0,128,128
cub:7519,1,128,128
cub:7522,4,128,130
cub:7524,0,128,130
cub:7525,0,128,128
cub:7527,4,128,130
cub:7528,2,128,128
cub:7530,1,128,122
cub:7534,1,128,128
cub:7535,0,128,126
cub:7536,1,128,128
cub:754,3,13,13
cub:7541,2,128,34
cub:7542,0,128,128
cub:7543,4,128,125
cub:7544,4,128,128
cub:7545,4,128,128
cub:7547,2,128,128
cub:7549,3,128,98
cub:755,4,13,13
cub:7551,3,128,114
cub:7554,2,128,128
cub:7555,0,128,198
cub:7556,1,128,128
cub:756,0,13,13
cub:7561,4,128,128
cub:7563,2,128,126
cub:7564,1,128,128
cub:7566,3,128,129
cub:7567,4,129,116
cub:7568,4,129,129
cub:7569,1,129,129
cub:7570,3,129,129
cub:7571,1,129,129
cub:7572,1,129,42
cub:7575,0,129,157
cub:7578,2,129,129
cub:7579,4,129,117
cub:758,2,13,13
cub:7584,0,129,129
cub:7585,4,129,124
cub:7590,0,129,129
cub:7592,3,129,129
cub:7594,3,129,118
cub:7595,3,129,129
cub:7598,0,129,129
cub:7599,2,129,117
cub:760,2,13,13
cub:7600,2,129,129
cub:7604,3,129,129
cub:7605,1,129,129
cub:7608,1,129,117
cub:7610,2,129,130
cub:7612,0,129,116
cub:7616,2,129,164
cub:7617,1,129,115
cub:7618,0,129,129
cub:7619,4,129,75
cub:762,3,13,13
cub:7621,2,129,115
cub:7624,3,129,147
cub:7626,4,129,117
cub:7627,1,130,130
cub:7628,3,130,126
cub:7632,3,130,128
cub:7633,0,130,112
cub:7634,4,130,130
cub:7635,2,130,122
cub:7639,0,130,130
cub:7641,4,130,130
cub:7643,0,130,130
cub:7645,4,130,126
cub:7648,3,130,126
cub:7649,2,130,126
cub:7652,1,130,75
cub:7653,2,130,130
cub:7654,0,130,119
cub:7656,4,130,124
cub:7657,1,130,130
cub:7658,2,130,103
cub:7662,3,130,130
cub:7664,4,130,149
cub:7665,2,130,124
cub:7666,0,130,130
cub:7670,1,130,103
cub:7673,0,130,130
cub:7676,1,130,130
cub:7677,2,130,124
cub:7678,3,130,124
cub:768,2,13,13
cub:7682,4,130,130
cub:7685,1,130,130
cub:7686,3,130,130
cub:7687,1,131,131
cub:7688,2,131,131
cub:769,1,13,13
cub:7690,0,131,131
cub:7691,3,131,47
cub:7694,1,131,131
cub:7695,3,131,131
cub:7696,4,131,131
cub:7698,2,131,131
cub:7699,2,131,33
cub:77,4,1,43
cub:770,0,13,3
cub:7700,2,131,131
cub:7702,3,131,114
cub:7703,3,131,12
cub:7704,1,131,131
cub:7706,2,131,131
cub:7707,4,131,131
cub:7708,4,131,131
cub:7711,1,131,131
cub:7713,0,131,131
cub:7716,4,131,131
cub:7717,3,131,111
cub:7718,2,131,131
cub:7726,4,131,131
cub:7728,4,131,131
cub:7729,3,131,132
cub:7731,1,131,131
cub:7732,0,131,131
cub:7740,0,131,131
cub:7741,0,131,86
cub:7742,0,131,131
cub:7744,1,131,121
cub:775,4,13,13
cub:7750,1,132,115
cub:7751,4,132,132
cub:7752,0,132,132
cub:7755,4,132,132
cub:7758,2,132,132
cub:7759,0,132,96
cub:776,3,13,53
cub:7760,3,132,177
cub:7761,2,132,132
cub:7763,1,132,114
cub:7764,1,132,132
cub:7765,3,132,132
cub:7766,4,132,114
cub:7767,0,132,132
cub:7770,3,132,121
cub:7773,1,132,132
cub:7774,2,132,132
cub:7779,0,132,132
cub:778,1,13,13
cub:7780,3,132,129
cub:7784,3,132,121
cub:7788,2,132,132
cub:7789,1,132,117
cub:7790,0,132,131
cub:7791,1,132,132
cub:7792,4,132,125
cub:7795,2,132,132
cub:7797,3,132,132
cub:7798,2,132,84
cub:78,4,1,1
cub:780,1,14,14
cub:7800,4,132,132
cub:7803,4,132,121
cub:7804,0,132,132
cub:781,2,14,14
cub:7810,3,133,133
cub:7811,0,133,133
cub:7814,0,133,133
cub:7816,2,133,133
cub:7817,0,133,133
cub:7818,0,133,133
cub:782,0,14,14
cub:7821,1,133,133
cub:7823,2,133,133
cub:7824,4,133,133
cub:7826,1,133,133
cub:7827,3,133,133
cub:7828,0,133,133
cub:7831,4,133,133
cub:7832,1,133,53
cub:7833,1,133,133
cub:7834,2,133,133
cub:7835,4,133,133
cub:7837,2,133,8
cub:7838,3,133,133
cub:784,4,14,53
cub:7840,4,133,133
cub:7843,2,133,133
cub:7844,2,133,133
cub:7845,3,133,133
cub:7846,3,133,133
cub:7847,3,133,133
cub:7848,1,133,48
cub:7850,0,133,133
cub:7854,4,133,133
cub:7855,1,133,133
cub:7861,4,133,133
cub:7867,1,134,134
cub:7868,3,134,147
cub:7869,3,134,71
cub:7870,4,134,33
cub:7871,0,134,136
cub:7872,0,134,134
cub:7873,2,134,134
cub:7875,1,134,134
cub:7876,0,134,134
cub:7878,0,134,159
cub:788,4,14,53
cub:7880,2,134,134
cub:7881,1,134,134
cub:7883,2,134,134
cub:7885,2,134,110
cub:7886,3,134,134
cub:789,1,14,14
cub:7890,1,134,134
cub:7892,0,134,136
cub:7896,3,134,39
cub:7898,1,134,134
cub:7899,1,134,27
cub:790,3,14,14
cub:7900,4,134,77
cub:7902,4,134,136
cub:7905,0,134,134
cub:791,3,14,14
cub:7910,3,134,134
cub:7911,3,134,134
cub:7912,4,134,134
cub:7914,4,134,137
cub:7916,2,134,80
cub:792,4,14,13
cub:7921,4,134,16
cub:7929,0,135,135
cub:793,4,14,14
cub:7930,2,135,136
cub:7934,0,135,135
cub:7935,3,135,136
cub:7936,4,135,135
cub:7937,1,135,135
cub:7938,4,135,136
cub:7939,0,135,135
cub:794,0,14,14
cub:7940,4,135,136
cub:7941,1,135,135
cub:7945,3,135,135
cub:7946,2,135,135
cub:7948,1,135,106
cub:7954,3,135,135
cub:7957,3,135,135
cub:7958,1,135,141
cub:7959,2,135,135
cub:7960,1,135,135
cub:7961,0,135,135
cub:7962,4,135,135
cub:7964,0,135,135
cub:7966,4,135,135
cub:7968,1,135,136
cub:7969,3,135,134
cub:7972,2,135,135
cub:7976,0,135,136
cub:7977,2,135,3
cub:7979,4,135,135
cub:798,1,14,14
cub:7982,2,135,135
cub:7983,3,135,135
cub:7988,3,136,21
cub:7992,2,136,136
cub:7993,0,136,135
cub:7995,1,136,136
cub:7997,0,136,136
cub:8,1,0,0
cub:80,3,1,1
cub:8000,4,136,136
cub:8001,0,136,135
cub:8002,1,136,135
cub:8004,4,136,135
cub:8006,0,136,20
cub:8007,4,136,187
cub:8008,3,136,136
cub:801,3,14,164
cub:8010,3,136,134
cub:8012,4,136,136
cub:8014,4,136,27
cub:8016,3,136,136
cub:8018,2,136,135
cub:8019,2,136,135
cub:8020,3,136,136
cub:8023,2,136,136
cub:8024,0,136,136
cub:8026,1,136,136
cub:8031,1,136,70
cub:8034,2,136,134
cub:8035,3,136,136
cub:8038,4,136,135
cub:8041,2,136,136
cub:8042,1,136,117
cub:8043,0,136,136
cub:8044,1,136,135
cub:8046,2,137,137
cub:8047,2,137,137
cub:8048,2,137,137
cub:8052,1,137,137
cub:8053,1,137,137
cub:8055,2,137,137
cub:8057,4,137,137
cub:806,0,14,14
cub:8060,3,137,137
cub:8062,4,137,137
cub:8064,3,137,163
cub:8065,0,137,137
cub:8066,2,137,137
cub:8067,0,137,137
cub:807,1,14,13
cub:8070,1,137,159
cub:8074,0,137,137
cub:8075,3,137,137
cub:8076,4,137,137
cub:8078,1,137,110
cub:8083,1,137,137
cub:8085,1,137,137
cub:8089,0,137,137
cub:8090,4,137,137
cub:8092,4,137,134
cub:8094,3,137,134
cub:8096,2,137,137
cub:8099,0,137,113
cub:81,2,1,1
cub:810,4,14,14
cub:8101,0,137,111
cub:8102,4,137,137
cub:8103,3,137,137
cub:8104,3,137,137
cub:8107,4,138,138
cub:8110,1,138,41
cub:8112,3,138,138
cub:8113,1,138,138
cub:8114,4,138,138
cub:8115,2,138,138
cub:8116,1,138,138
cub:8117,3,138,138
cub:812,2,14,13
cub:8120,0,138,138
cub:8121,3,138,138
cub:8123,0,138,138
cub:8125,0,138,138
cub:8127,2,138,138
cub:8129,0,138,138
cub:813,3,14,14
cub:8131,1,138,138
cub:8132,0,138,41
cub:8133,0,138,138
cub:8138,4,138,138
cub:814,0,14,163
cub:8141,2,138,138
cub:8142,4,138,138
cub:8144,3,138,138
cub:8145,2,138,138
cub:8146,1,138,138
cub:8147,3,138,16
cub:8151,1,138,138
cub:8153,4,138,138
cub:8158,3,138,138
cub:816,2,14,14
cub:8160,2,138,15
cub:8161,4,138,138
cub:8163,2,138,138
cub:8167,4,139,139
cub:8169,2,139,139
cub:8170,2,139,138
cub:8172,0,139,139
cub:8177,3,139,139
cub:8178,4,139,139
cub:8179,3,139,139
cub:818,3,14,14
cub:8180,3,139,16
cub:8181,1,139,139
cub:8183,4,139,139
cub:8187,0,139,139
cub:819,1,14,14
cub:8191,0,139,139
cub:8192,1,139,139
cub:8193,2,139,139
cub:8194,3,139,139
cub:8198,4,139,139
cub:8201,1,139,139
cub:8202,1,139,138
cub:8203,1,139,139
cub:8205,2,139,16
cub:8206,2,139,139
cub:8208,2,139,139
cub:8209,3,139,139
cub:8211,0,139,139
cub:8212,0,139,139
cub:8214,0,139,139
cub:8217,4,139,139
cub:8218,1,139,139
cub:8219,4,139,139
cub:822,4,14,53
cub:8221,3,139,82
cub:8226,0,140,140
cub:8229,3,140,146
cub:823,2,14,14
cub:8230,4,140,105
cub:8231,3,140,140
cub:8233,3,140,6
cub:8236,0,140,140
cub:8237,0,140,140
cub:8239,0,140,140
cub:8240,1,140,144
cub:8241,2,140,145
cub:8245,2,140,143
cub:8247,4,140,143
cub:8250,0,140,140
cub:8251,1,140,143
cub:8255,4,140,140
cub:8256,4,140,140
cub:8258,1,140,140
cub:8259,2,140,143
cub:8263,3,140,143
cub:8264,1,140,140
cub:8265,2,140,144
cub:8267,0,140,144
cub:8269,3,140,146
cub:8271,1,140,140
cub:8274,4,140,140
cub:8276,2,140,134
cub:8279,2,140,140
cub:828,2,14,14
cub:8280,4,140,140
cub:8281,3,140,143
cub:8286,3,141,93
cub:8287,3,141,141
cub:8288,0,141,57
cub:8289,2,141,141
cub:829,1,14,14
cub:8290,4,141,141
cub:8291,3,141,141
cub:8292,2,141,28
cub:8294,4,141,141
cub:8295,1,141,141
cub:8297,1,141,142
cub:8299,2,141,29
cub:8301,0,141,141
cub:8302,3,141,60
cub:8303,0,141,146
cub:8305,3,141,141
cub:8306,4,141,141
cub:8309,1,141,141
cub:8312,2,141,127
cub:8321,0,141,29
cub:8322,4,141,141
cub:8323,1,141,141
cub:8324,0,141,141
cub:8329,1,141,141
cub:833,0,14,14
cub:8335,3,141,142
cub:8336,2,141,71
cub:8337,2,141,141
cub:8339,4,141,144
cub:834,3,14,14
cub:8340,0,141,43
cub:8341,4,141,141
cub:8343,1,141,141
cub:8344,1,142,142
cub:835,2,14,14
cub:8350,2,142,1
cub:8354,0,142,142
cub:8355,2,142,142
cub:8358,2,142,142
cub:836,0,14,14
cub:8361,3,142,145
cub:8363,0,142,61
cub:8366,4,142,142
cub:8368,3,142,142
cub:8369,1,142,142
cub:8370,0,142,143
cub:8371,4,142,83
cub:8373,1,142,142
cub:8374,1,142,144
cub:8376,4,142,136
cub:8377,4,142,141
cub:8378,0,142,144
cub:8379,3,142,142
cub:8381,2,142,83
cub:8384,0,142,143
cub:8385,3,142,142
cub:8390,4,142,105
cub:8391,2,142,143
cub:8392,0,142,144
cub:8394,4,142,142
cub:8398,1,142,142
cub:84,0,1,1
cub:8400,3,142,143
cub:8401,2,142,142
cub:8402,1,142,70
cub:8403,3,142,142
cub:8405,1,143,146
cub:8406,1,143,146
cub:8407,0,143,143
cub:8408,1,143,145
cub:8409,4,143,143
cub:841,3,15,76
cub:8410,4,143,146
cub:8411,4,143,140
cub:8413,1,143,142
cub:8415,2,143,145
cub:8416,4,143,142
cub:8419,1,143,143
cub:8422,3,143,140
cub:8427,0,143,142
cub:8429,2,143,144
cub:843,4,15,15
cub:8430,2,143,146
cub:8431,3,143,143
cub:8435,1,143,140
cub:8436,3,143,140
cub:8437,4,143,140
cub:8441,3,143,142
cub:8445,4,143,144
cub:8449,0,143,145
cub:845,1,15,15
cub:8450,2,143,143
cub:8452,3,143,140
cub:8453,2,143,143
cub:8456,0,143,143
cub:8458,0,143,146
cub:8459,2,143,145
cub:8460,0,143,142
cub:8462,3,143,143
cub:8466,1,144,144
cub:8470,2,144,141
cub:8471,3,144,145
cub:8472,2,144,144
cub:8473,4,144,146
cub:8479,1,144,143
cub:8480,2,144,146
cub:8482,1,144,140
cub:8483,3,144,146
cub:8484,0,144,144
cub:8486,0,144,142
cub:8491,3,144,142
cub:8494,2,144,146
cub:8496,4,144,142
cub:8498,3,144,146
cub:8499,4,144,144
cub:8500,3,144,142
cub:8502,4,144,142
cub:8510,3,144,144
cub:8512,2,144,144
cub:8513,0,144,140
cub:8514,1,144,142
cub:8515,4,144,144
cub:8516,4,144,141
cub:8517,0,144,144
cub:8518,0,144,144
cub:8520,2,144,144
cub:8521,1,144,144
cub:8522,0,144,146
cub:8523,1,144,144
cub:8526,3,145,143
cub:8527,4,145,146
cub:853,0,15,15
cub:8532,4,145,144
cub:8533,0,145,145
cub:8534,2,145,131
cub:8536,0,145,144
cub:8540,4,145,145
cub:8543,0,145,142
cub:8544,2,145,145
cub:8545,1,145,140
cub:8548,2,145,140
cub:8549,4,145,145
cub:855,1,15,15
cub:8550,3,145,143
cub:8551,4,145,142
cub:8553,3,145,143
cub:8556,3,145,140
cub:8557,4,145,145
cub:8559,1,145,146
cub:856,4,15,15
cub:8562,0,145,145
cub:8564,1,145,143
cub:8566,1,145,144
cub:8567,3,145,143
cub:8568,2,145,145
cub:8569,3,145,143
cub:857,0,15,15
cub:8570,2,145,145
cub:8572,1,145,143
cub:8574,1,145,146
cub:8576,0,145,143
cub:8579,2,145,140
cub:8583,0,145,143
cub:8584,1,146,84
cub:8585,4,146,146
cub:8587,3,146,146
cub:8588,0,146,144
cub:8589,4,146,146
cub:859,3,15,15
cub:8592,2,146,146
cub:8597,2,146,140
cub:8598,3,146,146
cub:8599,1,146,144
cub:86,0,1,1
cub:860,3,15,15
cub:8602,3,146,143
cub:8603,3,146,146
cub:8605,4,146,146
cub:8606,2,146,144
cub:8607,0,146,52
cub:8609,2,146,146
cub:861,0,15,15
cub:8612,4,146,146
cub:8614,4,146,145
cub:8615,2,146,146
cub:8616,1,146,146
cub:862,4,15,15
cub:8621,0,146,84
cub:8625,3,146,144
cub:8626,0,146,145
cub:863,1,15,37
cub:8632,3,146,63
cub:8635,1,146,75
cub:8636,0,146,143
cub:8637,1,146,146
cub:8638,4,146,145
cub:864,1,15,15
cub:8641,2,146,146
cub:8642,1,146,146
cub:8643,0,146,140
cub:8646,1,147,147
cub:8647,2,147,147
cub:8648,2,147,147
cub:865,2,15,15
cub:8650,2,147,147
cub:8653,3,147,147
cub:8656,1,147,147
cub:8657,3,147,147
cub:8661,0,147,96
cub:8662,4,147,147
cub:8663,4,147,147
cub:8666,4,147,147
cub:8668,3,147,147
cub:867,4,15,15
cub:8670,1,147,147
cub:8671,0,147,147
cub:8673,0,147,172
cub:8674,2,147,147
cub:8676,4,147,147
cub:8677,0,147,147
cub:8679,3,147,147
cub:8681,1,147,147
cub:8683,1,147,147
cub:8685,1,147,147
cub:8687,3,147,147
cub:8688,3,147,147
cub:8689,2,147,147
cub:8698,4,147,147
cub:870,3,15,15
cub:8700,4,147,147
cub:8701,0,147,147
cub:8702,0,147,177
cub:8703,2,147,147
cub:8704,0,148,148
cub:8707,1,148,148
cub:8708,2,148,148
cub:871,0,15,15
cub:8710,3,148,135
cub:8711,0,148,98
cub:8714,1,148,148
cub:8716,0,148,98
cub:8717,4,148,148
cub:8718,2,148,148
cub:872,2,15,138
cub:8721,3,148,30
cub:8724,3,148,148
cub:8725,4,148,177
cub:8728,0,148,148
cub:873,1,15,15
cub:8730,1,148,148
cub:8731,3,148,128
cub:8732,2,148,148
cub:8733,4,148,148
cub:8734,4,148,148
cub:8736,1,148,148
cub:8738,0,148,148
cub:874,2,15,15
cub:8744,2,148,132
cub:8745,3,148,148
cub:8746,0,148,109
cub:875,4,15,15
cub:8750,1,148,148
cub:8751,4,148,148
cub:8754,3,148,148
cub:8755,2,148,148
cub:8756,1,148,124
cub:8759,4,148,148
cub:8761,2,148,148
cub:8764,4,149,149
cub:8765,1,149,127
cub:8766,4,149,149
cub:8767,0,149,149
cub:8769,4,149,149
cub:877,2,15,15
cub:8770,1,149,149
cub:8772,1,149,101
cub:8773,3,149,149
cub:8774,2,149,149
cub:8781,2,149,149
cub:8782,2,149,149
cub:8786,0,149,119
cub:8787,1,149,149
cub:879,4,15,15
cub:8790,2,149,149
cub:8792,3,149,149
cub:8794,3,149,149
cub:8798,1,149,112
cub:8799,0,149,149
cub:8800,2,149,149
cub:8801,3,149,149
cub:8804,3,149,149
cub:8805,2,149,149
cub:8806,4,149,149
cub:881,1,15,15
cub:8810,0,149,114
cub:8813,4,149,149
cub:8814,1,149,149
cub:8815,4,149,149
cub:8816,3,149,149
cub:8819,0,149,149
cub:8820,0,149,149
cub:8823,2,150,150
cub:8824,0,150,199
cub:8828,0,150,150
cub:8829,1,150,153
cub:8830,3,150,150
cub:8831,2,150,150
cub:8832,4,150,151
cub:8833,1,150,150
cub:8835,1,150,150
cub:8836,3,150,150
cub:8837,4,150,111
cub:8838,4,150,164
cub:8839,2,150,150
cub:884,3,15,15
cub:8842,0,150,50
cub:8843,1,150,150
cub:8845,3,150,150
cub:8847,3,150,32
cub:8848,2,150,150
cub:8851,2,150,150
cub:8852,0,150,150
cub:8853,1,150,110
cub:8855,4,150,150
cub:8860,4,150,150
cub:8861,4,150,137
cub:8863,0,150,31
cub:8866,1,150,150
cub:8868,0,150,150
cub:8869,2,150,150
cub:8870,3,150,150
cub:8871,3,150,150
cub:8875,3,151,156
cub:8877,1,151,151
cub:8878,4,151,151
cub:888,0,15,15
cub:8881,3,151,151
cub:8884,3,151,155
cub:8885,1,151,151
cub:8886,4,151,199
cub:8889,1,151,151
cub:889,2,15,138
cub:8893,2,151,150
cub:8894,2,151,151
cub:8896,3,151,151
cub:89,2,1,1
cub:8901,0,151,14
cub:8902,4,151,151
cub:8903,2,151,151
cub:8907,0,151,163
cub:8908,0,151,151
cub:891,3,15,15
cub:8911,0,151,151
cub:8912,2,151,159
cub:8913,2,151,154
cub:8914,0,151,113
cub:8915,3,151,151
cub:8916,4,151,151
cub:8917,1,151,151
cub:8918,2,151,151
cub:8924,1,151,152
cub:8925,0,151,151
cub:8927,4,151,151
cub:8928,1,151,195
cub:8929,3,151,151
cub:8933,4,151,27
cub:8935,0,152,154
cub:8938,3,152,155
cub:894,2,15,15
cub:8941,2,152,154
cub:8943,1,152,164
cub:8944,1,152,152
cub:8947,4,152,152
cub:8948,3,152,101
cub:8949,1,152,152
cub:895,0,15,15
cub:8951,0,152,152
cub:8953,3,152,152
cub:8954,2,152,172
cub:8955,0,152,154
cub:8957,4,152,153
cub:8958,3,152,152
cub:8961,2,152,42
cub:8962,1,152,156
cub:8963,2,152,159
cub:8964,4,152,152
cub:8966,0,152,154
cub:8970,3,152,156
cub:8972,3,152,152
cub:8974,0,152,152
cub:8975,2,152,152
cub:8977,4,152,42
cub:898,0,16,16
cub:8982,1,152,152
cub:8983,0,152,152
cub:8985,2,152,115
cub:8987,4,152,154
cub:8989,4,152,178
cub:8991,1,152,171
cub:8997,2,153,153
cub:9,1,0,0
cub:900,1,16,41
cub:9000,1,153,153
cub:9002,4,153,111
cub:9005,3,153,178
cub:9006,1,153,153
cub:9012,1,153,171
cub:9014,3,153,154
cub:9017,1,153,153
cub:9018,2,153,30
cub:9019,2,153,153
cub:902,0,16,139
cub:9020,3,153,153
cub:9021,1,153,153
cub:9022,2,153,153
cub:9023,3,153,178
cub:9024,0,153,153
cub:9027,4,153,152
cub:9028,4,153,153
cub:9029,2,153,153
cub:9030,4,153,153
cub:9031,0,153,153
cub:9032,3,153,153
cub:9035,0,153,153
cub:9036,3,153,153
cub:9037,0,153,153
cub:9039,4,153,153
cub:9040,0,153,31
cub:9041,4,153,153
cub:9042,2,153,153
cub:9043,1,153,153
cub:9051,0,153,154
cub:9055,1,154,38
cub:9058,2,154,152
cub:9059,2,154,152
cub:906,3,16,16
cub:9060,1,154,152
cub:9062,3,154,154
cub:9063,4,154,154
cub:9065,0,154,152
cub:9067,4,154,154
cub:9068,1,154,154
cub:907,1,16,16
cub:9070,0,154,18
cub:9074,4,154,152
cub:9076,4,154,154
cub:9078,4,154,178
cub:9080,2,154,154
cub:9083,4,154,154
cub:9086,3,154,196
cub:9087,2,154,38
cub:9089,2,154,154
cub:9090,0,154,42
cub:9091,2,154,154
cub:9092,1,154,38
cub:9093,1,154,153
cub:9094,0,154,152
cub:910,4,16,138
cub:9100,3,154,154
cub:9101,3,154,154
cub:9104,3,154,178
cub:9105,0,154,175
cub:9106,3,154,154
cub:9107,1,154,116
cub:9112,0,154,154
cub:9115,3,155,156
cub:9116,1,155,199
cub:9117,4,155,151
cub:9118,1,155,31
cub:9119,0,155,170
cub:912,2,16,139
cub:9120,1,155,155
cub:9122,1,155,155
cub:9123,3,155,155
cub:9125,3,155,155
cub:9126,4,155,156
cub:9129,2,155,155
cub:9134,3,155,155
cub:9138,0,155,155
cub:9142,1,155,181
cub:9143,2,155,155
cub:9144,4,155,155
cub:9145,0,155,155
cub:9146,3,155,155
cub:9150,1,155,155
cub:9154,2,155,155
cub:9156,2,155,155
cub:9157,4,155,172
cub:9158,3,155,155
cub:916,4,16,15
cub:9160,4,155,155
cub:9161,2,155,155
cub:9162,4,155,47
cub:9163,0,155,155
cub:9164,0,155,152
cub:9166,0,155,155
cub:9167,2,155,155
cub:917,4,16,139
cub:9178,2,156,156
cub:918,1,16,16
cub:9184,3,156,156
cub:9185,2,156,156
cub:9189,2,156,156
cub:9190,4,156,156
cub:9191,2,156,156
cub:9192,4,156,42
cub:9193,0,156,156
cub:9197,1,156,156
cub:9199,1,156,156
cub:920,1,16,16
cub:9200,1,156,156
cub:9202,0,156,19
cub:9203,4,156,156
cub:9204,0,156,156
cub:9206,3,156,156
cub:9207,3,156,31
cub:9209,3,156,156
cub:9210,4,156,156
cub:9211,0,156,42
cub:9212,0,156,155
cub:9214,0,156,166
cub:9218,2,156,156
cub:922,2,16,16
cub:9220,4,156,161
cub:9221,1,156,156
cub:9223,1,156,181
cub:9224,1,156,156
cub:9225,2,156,174
cub:9226,4,156,156
cub:9227,3,156,174
cub:9228,3,156,174
cub:923,0,16,16
cub:9232,1,157,157
cub:9234,0,157,157
cub:9235,3,157,174
cub:9236,2,157,157
cub:9237,0,157,157
cub:9241,2,157,157
cub:9242,4,157,162
cub:9244,4,157,157
cub:9247,4,157,157
cub:925,2,16,173
cub:9251,2,157,157
cub:9253,3,157,129
cub:9255,2,157,55
cub:9256,0,157,157
cub:926,3,16,16
cub:9261,2,157,170
cub:9263,4,157,157
cub:9265,3,157,157
cub:9269,0,157,157
cub:927,4,16,147
cub:9271,1,157,174
cub:9273,1,157,157
cub:9274,4,157,157
cub:9275,2,157,31
cub:9277,1,157,160
cub:928,2,16,139
cub:9281,3,157,157
cub:9283,1,157,157
cub:9284,3,157,157
cub:9286,0,157,157
cub:9287,1,157,157
cub:9288,3,157,157
cub:929,3,16,16
cub:9290,4,157,157
cub:9291,0,157,157
cub:9292,0,158,36
cub:9293,0,158,158
cub:9295,2,158,158
cub:9299,3,158,158
cub:9300,0,158,158
cub:9302,3,158,158
cub:9304,1,158,158
cub:9305,1,158,158
cub:9307,1,158,158
cub:9308,2,158,158
cub:931,2,16,16
cub:9311,3,158,158
cub:9313,4,158,158
cub:9314,1,158,158
cub:9315,2,158,158
cub:9317,1,158,158
cub:9318,2,158,158
cub:9322,4,158,158
cub:9324,4,158,158
cub:9326,2,158,158
cub:9328,3,158,170
cub:9331,2,158,158
cub:9332,3,158,158
cub:9335,1,158,158
cub:9336,3,158,158
cub:9337,0,158,98
cub:934,4,16,16
cub:9340,4,158,158
cub:9342,0,158,158
cub:9345,4,158,182
cub:935,3,16,16
cub:9350,0,158,158
cub:9351,4,158,158
cub:9354,3,159,159
cub:9357,3,159,159
cub:9358,0,159,53
cub:9359,0,159,159
cub:9360,1,159,152
cub:9361,1,159,159
cub:9364,0,159,159
cub:9365,4,159,159
cub:9367,1,159,159
cub:9369,3,159,163
cub:937,4,16,16
cub:9371,3,159,177
cub:9372,4,159,159
cub:9373,4,159,159
cub:9374,1,159,159
cub:9376,4,159,163
cub:9381,0,159,10
cub:9382,3,159,159
cub:9386,2,159,159
cub:9387,0,159,159
cub:9388,3,159,164
cub:939,1,16,16
cub:9391,2,159,159
cub:9393,4,159,159
cub:9394,2,159,159
cub:9400,4,159,159
cub:9402,2,159,159
cub:9404,0,159,159
cub:9405,1,159,159
cub:9406,2,159,159
cub:9408,2,159,78
cub:9409,1,159,159
cub:941,0,16,16
cub:9411,3,160,166
cub:9414,1,160,175
cub:9415,0,160,162
cub:9417,2,160,160
cub:9421,4,160,160
cub:9423,0,160,160
cub:9424,1,160,160
cub:9425,4,160,176
cub:9427,3,160,160
cub:9429,1,160,179
cub:943,3,16,16
cub:9430,0,160,181
cub:9432,4,160,46
cub:9434,4,160,160
cub:9437,4,160,160
cub:9438,0,160,160
cub:9441,2,160,160
cub:9442,1,160,176
cub:9444,0,160,160
cub:9445,2,160,166
cub:9446,0,160,11
cub:9447,3,160,160
cub:9450,4,160,160
cub:9454,2,160,160
cub:9458,3,160,160
cub:946,3,16,16
cub:9460,3,160,181
cub:9461,2,160,166
cub:9464,1,160,166
cub:9465,1,160,54
cub:9468,2,160,96
cub:9469,3,160,160
cub:947,0,16,16
cub:9474,2,161,161
cub:9477,4,161,10
cub:9478,0,161,161
cub:9480,2,161,161
cub:9481,0,161,161
cub:9483,1,161,167
cub:9484,4,161,166
cub:9485,4,161,161
cub:9488,2,161,94
cub:9491,1,161,161
cub:9496,2,161,154
cub:9497,1,161,168
cub:9499,3,161,161
cub:950,1,16,16
cub:9501,4,161,161
cub:9502,1,161,167
cub:9503,3,161,161
cub:9506,3,161,161
cub:9508,3,161,161
cub:951,2,16,139
cub:9511,1,161,161
cub:9512,4,161,161
cub:9513,0,161,161
cub:9515,0,161,175
cub:9516,1,161,161
cub:9517,0,161,161
cub:9519,2,161,31
cub:952,0,16,139
cub:9521,3,161,161
cub:9522,2,161,161
cub:9525,4,161,161
cub:9526,0,161,161
cub:9530,3,161,161
cub:9531,2,162,162
cub:9532,0,162,162
cub:9536,1,162,162
cub:9538,3,162,162
cub:954,2,17,98
cub:9540,2,162,168
cub:9543,2,162,162
cub:9544,0,162,162
cub:9545,3,162,173
cub:9546,1,162,162
cub:955,3,17,17
cub:9551,2,162,162
cub:9553,3,162,162
cub:9557,1,162,97
cub:9559,1,162,162
cub:956,1,17,17
cub:9562,4,162,162
cub:9563,4,162,162
cub:9565,3,162,162
cub:9568,4,162,37
cub:957,2,17,17
cub:9570,3,162,162
cub:9572,2,162,162
cub:9574,0,162,175
cub:9575,4,162,160
cub:9576,2,162,162
cub:9578,0,162,37
cub:9579,1,162,162
cub:9581,0,162,162
cub:9582,1,162,162
cub:9583,4,162,168
cub:9585,0,162,162
cub:9589,3,162,162
cub:959,0,17,17
cub:9590,4,162,175
cub:9592,3,163,163
cub:9594,4,163,163
cub:9596,1,163,164
cub:96,1,1,1
cub:960,4,17,17
cub:9601,2,163,163
cub:9603,1,163,163
cub:9605,3,163,14
cub:9607,2,163,163
cub:9608,1,163,163
cub:9609,4,163,118
cub:9612,3,163,163
cub:9616,0,163,163
cub:9617,4,163,163
cub:9620,1,163,159
cub:9621,0,163,163
cub:9622,3,163,14
cub:9624,1,163,163
cub:9625,1,163,137
cub:9626,2,163,163
cub:9627,0,163,163
cub:9629,2,163,178
cub:963,4,17,17
cub:9630,3,163,163
cub:9632,4,163,195
cub:9635,4,163,163
cub:9638,0,163,163
cub:9639,4,163,163
cub:964,1,17,17
cub:9642,2,163,93
cub:9644,0,163,163
cub:9646,2,163,163
cub:9647,0,163,163
cub:965,2,17,17
cub:9650,3,163,163
cub:9651,2,164,164
cub:9653,4,164,164
cub:9656,3,164,154
cub:9657,0,164,164
cub:966,0,17,17
cub:9660,1,164,164
cub:9664,1,164,164
cub:9665,1,164,164
cub:9666,0,164,168
cub:967,2,17,17
cub:9670,0,164,155
cub:9671,1,164,191
cub:9672,4,164,164
cub:9674,4,164,32
cub:9675,0,164,163
cub:9677,1,164,164
cub:9679,2,164,164
cub:9680,2,164,164
cub:9681,2,164,164
cub:9682,4,164,178
cub:9685,3,164,164
cub:9691,0,164,164
cub:9693,0,164,164
cub:9694,2,164,164
cub:9695,2,164,164
cub:97,1,1,1
cub:970,1,17,17
cub:9700,3,164,160
cub:9701,3,164,164
cub:9703,4,164,164
cub:9704,3,164,164
cub:9707,4,164,151
cub:9709,3,164,168
cub:9710,1,164,164
cub:9712,4,165,165
cub:9713,2,165,165
cub:9715,4,165,165
cub:9719,4,165,165
cub:972,4,17,17
cub:9721,3,165,165
cub:9723,1,165,165
cub:9724,0,165,165
cub:9725,0,165,150
cub:9726,1,165,165
cub:9729,0,165,165
cub:9731,3,165,164
cub:9734,1,165,165
cub:9735,4,165,165
cub:9736,0,165,165
cub:974,1,17,17
cub:9740,3,165,165
cub:9741,1,165,165
cub:9745,4,165,165
cub:9746,3,165,165
cub:9747,2,165,165
cub:9748,2,165,169
cub:9749,0,165,165
cub:975,1,17,17
cub:9750,2,165,165
cub:9751,1,165,108
cub:9753,3,165,165
cub:9757,0,165,111
cub:9760,2,165,165
cub:9762,4,165,165
cub:9764,1,165,151
cub:9765,2,165,165
cub:9769,3,165,165
cub:9770,0,166,167
cub:9774,3,166,166
cub:9779,3,166,167
cub:9780,2,166,160
cub:9781,3,166,166
cub:9783,1,166,179
cub:9784,0,166,166
cub:9786,3,166,176
cub:9788,3,166,166
cub:979,3,17,17
cub:9792,2,166,166
cub:9793,1,166,160
cub:9794,2,166,167
cub:9797,0,166,155
cub:9799,0,166,166
cub:980,4,17,17
cub:9801,2,166,166
cub:9804,1,166,179
cub:9806,4,166,166
cub:9808,4,166,179
cub:981,3,17,17
cub:9810,4,166,178
cub:9811,1,166,181
cub:9812,0,166,179
cub:9814,0,166,166
cub:9815,4,166,167
cub:982,2,17,17
cub:9822,2,166,166
cub:9824,4,166,166
cub:9825,4,166,166
cub:9826,2,166,166
cub:9827,3,166,167
cub:9828,1,166,166
cub:9829,1,166,166
cub:9831,0,167,167
cub:9833,0,167,19
cub:9834,0,167,165
cub:9839,1,167,167
cub:984,4,17,17
cub:9840,3,167,167
cub:9841,1,167,175
cub:9844,2,167,199
cub:9846,1,167,168
cub:985,2,17,148
cub:9850,4,167,167
cub:9852,4,167,166
cub:9853,4,167,166
cub:9855,1,167,19
cub:9857,2,167,166
cub:9858,0,167,166
cub:9859,3,167,179
cub:986,4,17,31
cub:9861,3,167,167
cub:9862,3,167,155
cub:9864,4,167,161
cub:9867,2,167,166
cub:9869,4,167,166
cub:987,0,17,17
cub:9871,4,167,166
cub:9874,3,167,167
cub:9875,2,167,171
cub:9878,3,167,167
cub:988,3,17,17
cub:9880,0,167,166
cub:9881,2,167,167
cub:9882,0,167,166
cub:9884,1,167,167
cub:9886,2,167,167
cub:9888,1,167,167
cub:989,1,17,17
cub:9890,0,168,168
cub:9893,3,168,168
cub:9895,0,168,161
cub:9896,1,168,168
cub:9898,3,168,168
cub:9899,0,168,162
cub:99,3,1,64
cub:990,3,17,17
cub:9901,1,168,168
cub:9902,4,168,168
cub:9906,3,168,168
cub:9909,2,168,168
cub:991,0,17,17
cub:9910,1,168,168
cub:9912,3,168,168
cub:9916,4,168,168
cub:992,0,17,17
cub:9923,0,168,168
cub:9924,2,168,171
cub:9926,2,168,168
cub:9928,4,168,168
cub:9929,1,168,168
cub:9930,2,168,98
cub:9933,3,168,168
cub:9935,2,168,168
cub:9936,0,168,168
cub:9937,1,168,174
cub:9938,4,168,168
cub:9939,4,168,174
cub:994,0,17,17
cub:9940,0,168,168
cub:9941,3,168,174
cub:9944,1,168,168
cub:9946,2,168,162
cub:9947,4,168,168
cub:9948,4,169,169
cub:995,3,17,17
cub:9950,4,169,169
cub:9951,3,169,195
cub:9953,1,169,169
cub:9954,4,169,169
cub:9955,1,169,178
cub:9956,3,169,169
cub:9960,0,169,169
cub:9962,0,169,169
cub:9963,4,169,171
cub:9964,4,169,21
cub:9965,2,169,18
cub:9966,0,169,172
cub:9967,3,169,171
cub:9968,1,169,199
cub:9969,4,169,169
cub:9970,1,169,169
cub:9973,0,169,171
cub:9974,3,169,169
cub:9975,0,169,161
cub:9977,2,169,169
cub:9979,3,169,169
cub:9988,2,169,169
cub:9994,1,169,169
cub:9995,2,169,171
