seed,channel,mean_gate,sd_across_samples
42,0,0.5254203672744348,0.07756562125097727
42,1,0.5096507895524148,0.05614163886798096
42,2,0.5523938113227889,0.06745844720066413
42,3,0.46081266503129314,0.023019432987505657
42,4,0.6149047365768244,0.11953547318327233
42,5,0.5986504465534805,0.09757475249620841
42,6,0.42232482036810015,0.05803273296916503
42,7,0.5133650680397119,0.034225977766456424
42,8,0.4250335813734581,0.07078905932826123
42,9,0.5338295296850253,0.05450791351189194
42,10,0.5458454614012844,0.059425047365687676
42,11,0.4414176947250942,0.05688149278999726
42,12,0.6063420150216084,0.08933613245271804
42,13,0.5875111419872153,0.10576363021811368
42,14,0.456921185135666,0.034727392408100084
42,15,0.5664125708431299,0.06592500159278412
42,16,0.4649885771348029,0.060021225262997205
42,17,0.5388725355672672,0.0803687532242089
42,18,0.5034136781119355,0.036222879287279734
42,19,0.5901914659601554,0.06838703601423807
42,20,0.5186704817694721,0.04131283564665397
42,21,0.5581441340602751,0.08140247828847368
42,22,0.45644203614183115,0.09306708042229288
42,23,0.4556488308519497,0.09401947566979381
42,24,0.5707680351115934,0.040939448325674574
42,25,0.5849747866975094,0.07958035542356691
42,26,0.5215495978672615,0.05795532356282918
42,27,0.6064920908133743,0.09080753638415151
42,28,0.40305292984058777,0.0849188345027702
42,29,0.44541327677805576,0.11786617441943856
42,30,0.4991836344465692,0.034821676075939
42,31,0.5689889690352871,0.0359831625857941
42,32,0.5644315154972839,0.0703624344165085
42,33,0.543382096555599,0.04649116329431826
42,34,0.5335534261366538,0.07053603447126522
42,35,0.4726886893821751,0.05339777340417039
42,36,0.6008252851360144,0.062294332970489426
42,37,0.5533544498571926,0.05280957513382563
42,38,0.6332632445226422,0.0809664779950288
42,39,0.5760327959615372,0.0460226868225105
42,40,0.5445929051228248,0.03512797527461293
42,41,0.5657297450697325,0.04485324290565162
42,42,0.5357970298846749,0.0228607571617653
42,43,0.5112304352112235,0.15938707616324554
42,44,0.5740586654409715,0.05002706654178015
42,45,0.5138184839598471,0.053015225529345844
42,46,0.5235578214197284,0.06841955600173155
42,47,0.5504844278261161,0.045475683762208306
42,48,0.49195912567392097,0.11162242624963696
42,49,0.446142861823688,0.05296663209243874
42,50,0.5024494947152638,0.0371286353114636
42,51,0.4791635598014864,0.02783871772340466
42,52,0.6055980859962606,0.07638554347498286
42,53,0.6278085640449391,0.0781538831579817
42,54,0.4987968008686968,0.06684987462096413
42,55,0.45333392663085936,0.056216255494386184
42,56,0.503120518947618,0.025818306470962372
42,57,0.4825953949162247,0.01969385515556116
42,58,0.6029839271785374,0.10334335882040031
42,59,0.40264365271960645,0.052078287753111734
42,60,0.4717414439185688,0.030284379897114275
42,61,0.606726138190873,0.0628974703163982
42,62,0.5544581894234001,0.05262722444518829
42,63,0.46741033004251664,0.045578425736076386
42,64,0.4749680780743485,0.0563396382242666
42,65,0.47153252485155284,0.08267071040472558
42,66,0.5631712182908918,0.0818734677486485
42,67,0.5663782938042564,0.05719452077808892
42,68,0.5214705019953828,0.014203599566680256
42,69,0.522150240785347,0.06345594936516916
42,70,0.5626441886420082,0.04382405413265699
42,71,0.48223385296647103,0.02640190602632881
42,72,0.5595218490035646,0.06600139806458126
42,73,0.5206428016329152,0.03317905496468663
42,74,0.5372479706864614,0.08624232407224716
42,75,0.5614697058548468,0.13660384207918053
42,76,0.4553373498627063,0.05085267243903914
42,77,0.45797285205212523,0.06977257263478469
42,78,0.6079009326869756,0.10970494729311325
42,79,0.4841774131097774,0.09569890975713748
42,80,0.5638818555337327,0.08519129706770569
42,81,0.49767756488403364,0.030220501954055172
42,82,0.5471800322046282,0.035935846921315705
42,83,0.6026119572040801,0.06981160966580537
42,84,0.5114555837107388,0.041730010362482924
42,85,0.5640322366251462,0.07855292354682225
42,86,0.499794113642837,0.04954667319482172
42,87,0.5333077434927593,0.020918016397893133
42,88,0.525079273709236,0.02374211788519063
42,89,0.5088043853982375,0.04173996490599857
42,90,0.553249539052252,0.10177534469212697
42,91,0.5039250750470368,0.05964969357827919
42,92,0.4608926918193806,0.03803141751285423
42,93,0.49856436244312413,0.027083383897919793
42,94,0.5604984435240514,0.06434373326317248
42,95,0.5787283165418621,0.06947191776359658
42,96,0.49944858305046214,0.04770448459811665
42,97,0.43097670909569635,0.08755285259583351
42,98,0.5583735765332208,0.09732878543615955
42,99,0.5851829766168429,0.035877350088651595
42,100,0.38895667363777214,0.09098254176787296
42,101,0.5827252086352855,0.11867222211717833
42,102,0.4688212079832432,0.059258789364698645
42,103,0.5673146061917933,0.08612745023141144
42,104,0.544660067620644,0.05026471608209545
42,105,0.5446105126281567,0.06147677551336121
42,106,0.5642230487230954,0.07677720412250275
42,107,0.47400579229626466,0.0802140869097192
42,108,0.5956424026163061,0.05877967056295564
42,109,0.5352274424398535,0.05992427286660047
42,110,0.549482616016873,0.05388378622814032
42,111,0.4136249120335277,0.08286828021767641
42,112,0.559563323097879,0.08464580654245374
42,113,0.4497969017778113,0.03149089232118866
42,114,0.5186915279006344,0.06718840161812686
42,115,0.5941844882902992,0.06105091499683732
42,116,0.5307828353736496,0.11895216099581363
42,117,0.5449685159885337,0.05669593213097316
42,118,0.5011679958285203,0.05615316363928788
42,119,0.5442694865432233,0.06623758897482561
42,120,0.5248065131717902,0.02305421511843778
42,121,0.5340683717175686,0.02622987940748687
42,122,0.49216519578960893,0.040599570872452195
42,123,0.6125476988584464,0.06613354377683028
42,124,0.43693423792756375,0.04924291861683568
42,125,0.5820372674092735,0.053895548327471655
42,126,0.6758820598329283,0.11665373753198376
42,127,0.5446966521335169,0.07010954675723581
42,128,0.4591725869058088,0.039237830920567825
42,129,0.46623776344254525,0.053101648287861285
42,130,0.6224634229815351,0.07976366658730298
42,131,0.6052568310035747,0.11092909136216061
42,132,0.553894214805047,0.0803318841125752
42,133,0.570623888866405,0.06220709376036919
42,134,0.582098420290624,0.04608410436953868
42,135,0.43250782659191767,0.07221609861505929
42,136,0.4414039946707277,0.05364638101667213
42,137,0.4680157791189242,0.04309506500874212
42,138,0.628763847699745,0.06469763143644648
42,139,0.4846175350100638,0.032294380221967775
42,140,0.577943246158236,0.10060494622994935
42,141,0.4470322934043626,0.05000695785366817
42,142,0.5859967258517855,0.053756378358976856
42,143,0.5725114181705153,0.10091990566231261
42,144,0.6273459347481235,0.09985218867143719
42,145,0.4810535460410115,0.04879578244546343
42,146,0.5002761216346934,0.054613696985429616
42,147,0.5132076483016274,0.07064972037295536
42,148,0.473556444842127,0.09704828960500637
42,149,0.5198898563779668,0.034634186605743154
42,150,0.5463158215013946,0.076271762756024
42,151,0.5235521424185617,0.051634384576599815
42,152,0.5966685568741386,0.05118728815376182
42,153,0.5033620733178903,0.023480322789379237
42,154,0.49347887305072013,0.03872638049548806
42,155,0.41430933423661437,0.07337475754000061
42,156,0.5942509358262961,0.09008829415364301
42,157,0.4483739976703533,0.06756511219874226
42,158,0.5577637235364725,0.047810607041936536
42,159,0.6034250373945037,0.07536881855045484
42,160,0.5457093771820087,0.024371575724633956
42,161,0.4061067504226262,0.04818606138804291
42,162,0.6895519096292878,0.10760594113009808
42,163,0.5374713191357723,0.05703626427880519
42,164,0.5765737939457708,0.07599573796417242
42,165,0.4843939427916233,0.055766751808087614
42,166,0.5628849556337213,0.05983085810609043
42,167,0.4872805600582868,0.058250030193591054
42,168,0.4966658778455753,0.021144442834764302
42,169,0.4389847368253633,0.03292532487868881
42,170,0.5304133617630488,0.06655446716690375
42,171,0.4607152681350578,0.02484460410802589
42,172,0.5471273963846823,0.08750537574487205
42,173,0.5216896304517573,0.026634610291784107
42,174,0.5805159862513166,0.06760556128944625
42,175,0.6196724288419294,0.11456727753048898
42,176,0.5093775804537243,0.02191762555086119
42,177,0.5146090984441912,0.021111034864740755
42,178,0.49543842714871983,0.03192622884247913
42,179,0.47314138031977565,0.0357794675689372
42,180,0.44353394205061114,0.06950498529994407
42,181,0.4914055901597269,0.030204368835068007
42,182,0.6206747516977529,0.10034242315037806
42,183,0.512238963805953,0.038005811373980805
42,184,0.5974322122098029,0.09373120370691197
42,185,0.47093354738038584,0.07332189570167229
42,186,0.4894196091198774,0.04523540940775916
42,187,0.4903605859013193,0.09726170475169969
42,188,0.525004676896818,0.025147535866918504
42,189,0.5948452588447023,0.08943667960901672
42,190,0.5226710183363367,0.04692379638666975
42,191,0.5530734402502823,0.07777283241150713
42,192,0.5340145223603056,0.02438494771470669
42,193,0.4563204695735063,0.08285591762722584
42,194,0.5219453712730961,0.05090876935980465
42,195,0.4197751380864888,0.10748554393414471
42,196,0.5210458574350644,0.080651243403671
42,197,0.5317969096101208,0.09878432997511415
42,198,0.5050652363346051,0.027948316304266047
42,199,0.4963564977771624,0.05410130687603523
42,200,0.5687552992507612,0.06333919831008876
42,201,0.457042977037673,0.06992130325360331
42,202,0.4633687654840896,0.03065620676282182
42,203,0.45386190829936707,0.06779010871631252
42,204,0.4661607465006536,0.03693466158466259
42,205,0.5558976091098209,0.07874950189807697
42,206,0.4521351631034371,0.0417278185220746
42,207,0.5369518569676758,0.06138177121965343
42,208,0.5806373975335145,0.0491043104025949
42,209,0.5205096808212795,0.049335960879274325
42,210,0.4297013561101932,0.04609083460922305
42,211,0.49339050024996295,0.05027642565135534
42,212,0.5187260883465545,0.092533974209837
42,213,0.551230342763065,0.06097608178972734
42,214,0.5077970856649963,0.0475297069158729
42,215,0.5107194877678267,0.047018213275441124
42,216,0.46751121417745894,0.03749453986865344
42,217,0.5774423681812144,0.06561164091882853
42,218,0.6164517864533772,0.08473800843373042
42,219,0.6254356610432689,0.0994769640805141
42,220,0.4876856542358488,0.0822168968573164
42,221,0.4539823147887879,0.021187267078378105
42,222,0.5570087976912442,0.04076084173628015
42,223,0.5463465111772546,0.05165213025890518
42,224,0.48019593670726346,0.09110897091609561
42,225,0.530187688849508,0.06768242669533993
42,226,0.4929286908718219,0.03505616185593518
42,227,0.5848156720398233,0.07851512258344205
42,228,0.5879162936771052,0.09032565099673093
42,229,0.5547907586053029,0.07201923812385475
42,230,0.5081817640573889,0.03294636991068448
42,231,0.5874973756233717,0.08763835964865421
42,232,0.5834240678551476,0.098139628853197
42,233,0.4362250603692821,0.08860136401318139
42,234,0.4571678120437282,0.05169425460815149
42,235,0.5131068306466653,0.02888923139645828
42,236,0.4848902164876464,0.03145193326195714
42,237,0.4675894714727497,0.0543611933163799
42,238,0.4630800338458646,0.057469257757019186
42,239,0.5374352345851529,0.055690262392584344
42,240,0.4823100074061268,0.02465800669965128
42,241,0.4576124541799632,0.03970033272266421
42,242,0.5541838520698078,0.0836022795035362
42,243,0.4312604263945314,0.05146290063867837
42,244,0.5008769456059876,0.026159104227203658
42,245,0.5203465546699971,0.07283419777056561
42,246,0.4563867972360634,0.0649761743908079
42,247,0.4869899807905544,0.014773224927854989
42,248,0.4784009261627662,0.05549403370220299
42,249,0.6219973453369633,0.08774053580647842
42,250,0.45006215743834604,0.056576311673980924
42,251,0.4949406546668994,0.022197640471498175
42,252,0.5571527036212092,0.08561585922707397
42,253,0.39552760473737947,0.07091848976007244
42,254,0.5475932757584775,0.10135985746439163
42,255,0.5429987742460074,0.08042264253680327
42,256,0.5071114639813573,0.034093890957662326
42,257,0.6196121570817561,0.06498097120852794
42,258,0.47184539794278835,0.03914411684952175
42,259,0.5363906795115443,0.05479059914408074
42,260,0.40820378789016804,0.06830725774905147
42,261,0.5603641594540344,0.035158887240124725
42,262,0.5192334944611575,0.061513850597645636
42,263,0.5541957446806296,0.09011519353802358
42,264,0.5012786421572253,0.03459034919218407
42,265,0.49077160143237775,0.03275963421487641
42,266,0.562701991874178,0.06925431929200082
42,267,0.5229946018866425,0.05190839622212237
42,268,0.5948521483790834,0.0806682491929049
42,269,0.31989033082597024,0.10053309297201998
42,270,0.39831249273057817,0.06167268619950608
42,271,0.4988538622726233,0.03607201622859803
42,272,0.5983334380567207,0.0500277742051102
42,273,0.5076979365779718,0.06565074220112758
42,274,0.43513555131296056,0.055586309096990055
42,275,0.4726718598907211,0.04093952675660146
42,276,0.5909709572493267,0.04639797442740516
42,277,0.5154844397343141,0.03517582753249291
42,278,0.5974535820825557,0.09499101008838849
42,279,0.6310160688656861,0.09268108880876011
42,280,0.46986493158131304,0.02508398068812873
42,281,0.36449629900917035,0.08188026838932187
42,282,0.49041365062106385,0.02337825774976194
42,283,0.4509853061613566,0.0250458618944192
42,284,0.5465818375733895,0.07335773222896406
42,285,0.495309767250936,0.02911556679800173
42,286,0.5251808220983715,0.07460092209031183
42,287,0.5388060535328048,0.06931488189232467
42,288,0.5015005193009712,0.03630350846553278
42,289,0.46330481778209376,0.03340028900158147
42,290,0.4638195177134731,0.0581742764026866
42,291,0.4557086638353218,0.04347217639946545
42,292,0.44132548475557143,0.05682232922967008
42,293,0.4175755057498323,0.06135408889231733
42,294,0.5316050118830512,0.052399623298215556
42,295,0.44314216721261196,0.08037930141571047
42,296,0.544922028223851,0.06280380157290937
42,297,0.4170962778589241,0.11938868488136742
42,298,0.49631427987839216,0.03243197168604428
42,299,0.5165369802909229,0.03868545786089587
42,300,0.5004219689733201,0.023200376541164535
42,301,0.6358106227971511,0.07109246145534412
42,302,0.4963574090156868,0.0194575731727009
42,303,0.5364106136570508,0.05213665506229987
42,304,0.40654823694386055,0.08575329383567494
42,305,0.4983935463638297,0.029184153134899454
42,306,0.45289751090016384,0.023544877972678253
42,307,0.5599394643143699,0.03363438866996822
42,308,0.5620543824559836,0.11724940101385749
42,309,0.6266448470069519,0.12060165338283325
42,310,0.550315410696063,0.05391085026551038
42,311,0.4904010004859682,0.052047266544903284
42,312,0.4719936937777371,0.027925034438309838
42,313,0.42937957161792595,0.046398898427460485
42,314,0.5275405634848005,0.06731960569541766
42,315,0.4789215880866558,0.04027044446901461
42,316,0.5004893900886553,0.052790255237422264
42,317,0.42221294188476066,0.07023523603906102
42,318,0.5260648807813275,0.10042877190153597
42,319,0.3788925613015476,0.08306975654961014
42,320,0.4812015055382485,0.10023900198646922
42,321,0.4664921222938372,0.05620017201525563
42,322,0.5195716232563152,0.03808402836562682
42,323,0.46632386829842276,0.056117803064221886
42,324,0.6171009969186478,0.10750843856554886
42,325,0.5151514307144311,0.07465491878287157
42,326,0.5683657003492839,0.09775756252991287
42,327,0.5848617620353301,0.05233175831794288
42,328,0.48839854356515494,0.05627250578492652
42,329,0.49670598531674803,0.06588491005173856
42,330,0.6193852081309481,0.08379429197753284
42,331,0.550335952550431,0.03778449061679735
42,332,0.6227325486148247,0.05943035719224758
42,333,0.5514852159524597,0.07595699311643374
42,334,0.5395832749431039,0.04235449811060798
42,335,0.517321424237949,0.037774466173833954
42,336,0.40017051921808994,0.038013115468752266
42,337,0.50405676433717,0.03520512332715735
42,338,0.5177140622196006,0.030687077923430058
42,339,0.5082879057877175,0.05589006287430754
42,340,0.503177387980176,0.027130675926696487
42,341,0.49408614670055306,0.026770043686056573
42,342,0.5751639770865863,0.08222813891877902
42,343,0.4658847321335356,0.04039790587414196
42,344,0.4674723587383375,0.06884595272794006
42,345,0.47402921093781364,0.03192804382589446
42,346,0.444461236222592,0.06756290991021638
42,347,0.5073940800752054,0.04361117659494135
42,348,0.6109907419741436,0.06198466120593562
42,349,0.4823727568235279,0.052427955672103774
42,350,0.6300447498239276,0.06826834383104745
42,351,0.49168252890547676,0.0808107372370105
42,352,0.5533387087829911,0.031409529120984846
42,353,0.5686727236747897,0.06232558740818589
42,354,0.5130372308440243,0.01993179516560929
42,355,0.4590400595846978,0.041571071239594054
42,356,0.5425551859652296,0.03873906603727635
42,357,0.6338415403479888,0.08462598723450787
42,358,0.5716534008325325,0.049821111400210824
42,359,0.469594656664403,0.07590587215863057
42,360,0.5300580351880634,0.04469607293078235
42,361,0.5623323378745188,0.06051002677999872
42,362,0.518065527845506,0.049988235640483276
42,363,0.4663366852229229,0.047695379535303735
42,364,0.5439452544282595,0.04850784579871322
42,365,0.5281922590363638,0.05439628205202342
42,366,0.56161381020011,0.054659684153333
42,367,0.5744826095062517,0.0885167704769488
42,368,0.4565696843747501,0.0458807526665534
42,369,0.445663462115563,0.049523975477845844
42,370,0.4517145958825859,0.06337698285956575
42,371,0.48624142191198705,0.10472094613830427
42,372,0.5575889639391183,0.028733258200565583
42,373,0.4703899226972714,0.05960717039007711
42,374,0.411682934129179,0.06876503537032036
42,375,0.50686904360298,0.07486571826301529
42,376,0.581229165042966,0.10069290048150098
42,377,0.5804005703250309,0.08288725917303817
42,378,0.5951429732208426,0.09826708245036049
42,379,0.535990861042484,0.054153033335344235
42,380,0.5708871390318367,0.05488913535020436
42,381,0.5353558721032083,0.05521236064081198
42,382,0.47709481510448043,0.06492072598232508
42,383,0.409465226162742,0.1034867280613891
42,384,0.3985829361297451,0.06919061078079503
42,385,0.5451960322909256,0.06395706555605732
42,386,0.4601322379478192,0.01250349052412855
42,387,0.44885441487779776,0.07060410477643825
42,388,0.5236090827262974,0.05426508878379172
42,389,0.48159867902643344,0.04264988670700894
42,390,0.5619942937008738,0.039502395649018016
42,391,0.6483264844248563,0.09116782207079013
42,392,0.4736027084536587,0.0279956919341045
42,393,0.5133560535053996,0.09146311747748383
42,394,0.508688633356706,0.04771181018418048
42,395,0.556290055558005,0.03807743461379598
42,396,0.5201349081879044,0.06428964476229783
42,397,0.5832665130006438,0.058019277136309486
42,398,0.5496769101604911,0.055374771445375386
42,399,0.5424395554826831,0.06931818126770078
42,400,0.4552306844101078,0.032677211538818814
42,401,0.5025739838955143,0.06976003525876949
42,402,0.547101761506168,0.07216163373429856
42,403,0.4806437294229736,0.0366054169422381
42,404,0.5823379336199513,0.07354078274162182
42,405,0.4339027377910616,0.06613114815780201
42,406,0.6248039137483754,0.08809696759993747
42,407,0.5491857429616088,0.05643987114683275
42,408,0.4944399191492982,0.024775772838643045
42,409,0.5218616800253537,0.0783686870862072
42,410,0.5613155571510114,0.04136836940407404
42,411,0.5273298410240951,0.045313792195535774
42,412,0.5402918559718456,0.03012999630411595
42,413,0.500299962760252,0.0382307532857297
42,414,0.4498771071963393,0.06736557065992847
42,415,0.5071620047043722,0.07605750219028093
42,416,0.4905315256928096,0.011818052054363233
42,417,0.47289309675788477,0.019889369128091944
42,418,0.5050271557753517,0.059332810086769376
42,419,0.6165642400031609,0.08824746140179489
42,420,0.4975785945979528,0.015862750989265807
42,421,0.5443040855764362,0.0870362652188862
42,422,0.5688152521229995,0.07847841928252243
42,423,0.5417360207082685,0.0741545773872338
42,424,0.47544786684787066,0.037749236402728266
42,425,0.5502061289525816,0.03983405442075257
42,426,0.5470611821148225,0.09234423846857956
42,427,0.4956009520686355,0.044777966209126996
42,428,0.3882090179962611,0.07868858118852678
42,429,0.494240763032754,0.0661600114496827
42,430,0.47264326926259287,0.03910770215603891
42,431,0.4659509392666218,0.05240919607979853
42,432,0.5305371292051955,0.035672901001121186
42,433,0.4915021565401125,0.043297729462450495
42,434,0.47254196063008014,0.055310512234858555
42,435,0.623806425494043,0.10451978753827576
42,436,0.4545241440934836,0.09251939012491452
42,437,0.46351102376766234,0.050315397293870204
42,438,0.603275739019043,0.0983710320500581
42,439,0.5271647252328765,0.05149162092806309
42,440,0.5218443989588092,0.059052847941886144
42,441,0.47428837256009904,0.07196462022194701
42,442,0.5947970410481412,0.07072177526393826
42,443,0.552371258910187,0.11505367277693411
42,444,0.5200174898550581,0.04183485157798481
42,445,0.4753468352618259,0.08391051188971176
42,446,0.5447845077739388,0.030613138642206793
42,447,0.5461652255435668,0.0755246329641637
42,448,0.45646017392730803,0.04912619903219627
42,449,0.5863717395700837,0.05184061820319912
42,450,0.5449285937259745,0.08882256451471579
42,451,0.5011811200775957,0.033409611759067474
42,452,0.5209835251105265,0.060192105943875925
42,453,0.5319411044633142,0.0387816636545917
42,454,0.5284387142607699,0.06322611393795165
42,455,0.39724370813503557,0.05321521285487602
42,456,0.558352213459483,0.08464584656713102
42,457,0.5237312935285008,0.04260679308478744
42,458,0.6132872048508652,0.0980059185967576
42,459,0.4923510597650864,0.09127428982380216
42,460,0.427990341124168,0.051362910512736434
42,461,0.5508434419371364,0.12654005408320318
42,462,0.5382216726587831,0.06792423941036041
42,463,0.5172296024772483,0.03095428920839108
42,464,0.5283859546993991,0.08231605029323127
42,465,0.49505277368143286,0.03094298960645711
42,466,0.6072691514765749,0.11945879017314408
42,467,0.5180390430072903,0.03333509260681094
42,468,0.5110616590686633,0.047232503997715745
42,469,0.5378980998664125,0.0624307973930512
42,470,0.5509467237535981,0.05793673067857741
42,471,0.4825093936174499,0.09441258851640336
42,472,0.44299286895406764,0.04584256514042976
42,473,0.570957701017712,0.04146885486279644
42,474,0.5809866656193401,0.06021281285431273
42,475,0.5592443116392055,0.06616136670325183
42,476,0.6149223718563036,0.11504249860197154
42,477,0.59773087474083,0.07062141507256443
42,478,0.5371509964788395,0.0219592507030947
42,479,0.573603052320139,0.06468705951195121
42,480,0.5094613127375094,0.03992891424798188
42,481,0.6285390610760618,0.07110519843307761
42,482,0.485844010167607,0.04355983526586786
42,483,0.6031958091968945,0.05599153039019692
42,484,0.5114044435799288,0.07200974726451956
42,485,0.4011728078811356,0.08100545152386743
42,486,0.5268736847485079,0.04953502916477545
42,487,0.4354027682108586,0.038684981523180464
42,488,0.5849291590334044,0.06380086066732099
42,489,0.535059145929079,0.04746799149720346
42,490,0.4930236024690416,0.048251725909344186
42,491,0.4091620060393435,0.06288040419158489
42,492,0.5069323596834572,0.07663660366549932
42,493,0.5529228733364441,0.04317076412312831
42,494,0.5162142671103543,0.07191556636359647
42,495,0.48890146273413854,0.034320454573130724
42,496,0.45518387938051763,0.052523682655996495
42,497,0.4849944205555105,0.05660107406426355
42,498,0.5962280578485453,0.0614317052641861
42,499,0.5752595509033284,0.0817580181985481
42,500,0.5277598523359003,0.04839435884384228
42,501,0.519374461389787,0.04014857129848983
42,502,0.5779415597296902,0.05932268761978873
42,503,0.5667342763908265,0.06202841887299616
42,504,0.5078715791330346,0.03259473120981796
42,505,0.5495621056356774,0.06809166134402193
42,506,0.45016288023998396,0.06285604902008766
42,507,0.5925334437480774,0.060964229551928095
42,508,0.5175624612806304,0.03572958368652427
42,509,0.5111808511357746,0.08467200194076709
42,510,0.6122916526984877,0.09599984720952827
42,511,0.5639923146256489,0.023352113526852365
42,512,0.5377160289797712,0.04243358978195361
42,513,0.6083512007800433,0.09051109569240291
42,514,0.43910021067156046,0.09206492270180645
42,515,0.5387152178826101,0.06563278079121684
42,516,0.4231613606972856,0.06315019151780758
42,517,0.40354952025590834,0.041834422718584396
42,518,0.49771100031948284,0.022231110778421423
42,519,0.5851911240778118,0.06255217937949852
42,520,0.49222508372289053,0.03718807506540946
42,521,0.4974257122565503,0.02291169761855675
42,522,0.5508698404082121,0.07664860692078843
42,523,0.5936220439488586,0.11719374597220798
42,524,0.607799166968062,0.07482625055114317
42,525,0.4826447468865816,0.06111058201152651
42,526,0.44198721119758383,0.09560445367953485
42,527,0.5683768802002094,0.06884310797566327
42,528,0.5113275699369824,0.07574706289584275
42,529,0.5365150311022684,0.05830700129571815
42,530,0.5954417870823242,0.0766111459421033
42,531,0.44712144437813406,0.06178104838605186
42,532,0.5797355418009621,0.05414527177991465
42,533,0.44156735333955716,0.03822881385683682
42,534,0.5297196594881426,0.04278307532342051
42,535,0.513869317967723,0.04533759895329604
42,536,0.5076694431577347,0.0352845523479556
42,537,0.516985854417019,0.028911341434521523
42,538,0.5364000436081157,0.05765745200260771
42,539,0.4877224378021889,0.04211607502174956
42,540,0.5078536318490754,0.03473617509157449
42,541,0.46913195915172284,0.056320841514823694
42,542,0.5026263183828518,0.07711677960978267
42,543,0.49601500452665753,0.05742408622299204
42,544,0.4908821591595398,0.056933466518183824
42,545,0.5561481435890127,0.024712020039152575
42,546,0.524596732505393,0.036618520930475365
42,547,0.49045738339787875,0.046557412288793204
42,548,0.6046553317749526,0.060022910881644805
42,549,0.42676286765296656,0.028965615537689848
42,550,0.48055398197081317,0.08544026991725744
42,551,0.5045840003776504,0.06497349744623121
42,552,0.6134300368336094,0.07185901086519624
42,553,0.44548579953038087,0.10488989950247339
42,554,0.4445499504193203,0.06904944966914152
42,555,0.5141835521496798,0.040109401652245975
42,556,0.5849080320496601,0.06133055330829247
42,557,0.5665385004743753,0.07454717766499781
42,558,0.592212255281148,0.06920189504595517
42,559,0.5545331209805436,0.0727780901801535
42,560,0.5458004063711124,0.04774401215960024
42,561,0.4418817550042978,0.05476251040127107
42,562,0.6061664990220532,0.10310067418667272
42,563,0.4677955364473625,0.07887367869476658
42,564,0.3826242574279863,0.06478537234867504
42,565,0.4404253233929509,0.06269811199334495
42,566,0.5396782981646598,0.04952836370046156
42,567,0.42154266297515197,0.0578213877980539
42,568,0.6076283017984822,0.05724557533147589
42,569,0.45581141227903677,0.05537399598242935
42,570,0.45563830835958374,0.06575475584779862
42,571,0.512356076744969,0.04774585484854761
42,572,0.49528786223545157,0.026111418783886387
42,573,0.5229704786531089,0.0553864398465695
42,574,0.5042783272274183,0.02843869479723861
42,575,0.5686825790022307,0.04486830913694061
42,576,0.4465353898470625,0.04740422926934251
42,577,0.4468430861662644,0.07476847573609928
42,578,0.47744714606297356,0.08128481134937614
42,579,0.48160718939762015,0.01923944730775094
42,580,0.603861423988651,0.1070142634051935
42,581,0.5362815396461488,0.0612629107564856
42,582,0.4901203702679968,0.07099230138817093
42,583,0.6041792630110034,0.06564884053223208
42,584,0.5041902595200811,0.08996068148059283
42,585,0.5279814538150653,0.056735567634917335
42,586,0.5092328620438926,0.03957731314413015
42,587,0.568113067400447,0.08653453701942014
42,588,0.393068718718929,0.08383317041831638
42,589,0.4549198758340379,0.05972420583916295
42,590,0.503948241071156,0.04206860124863149
42,591,0.5453063333394358,0.050204377253487
42,592,0.5507609872819812,0.05490938612767335
42,593,0.5016958831097459,0.07522096479685295
42,594,0.48596789966725734,0.07312140592878727
42,595,0.534268498141415,0.037582403624180104
42,596,0.5188539823832735,0.055478473627317906
42,597,0.48416389441390145,0.018962581206882562
42,598,0.5091061950613288,0.04498215685777371
42,599,0.4978455848890787,0.04587692361660778
42,600,0.6618516512256951,0.13112655643599752
42,601,0.6207219296558374,0.05634401602199695
42,602,0.4893482248055502,0.07959457024838212
42,603,0.50115459836199,0.04354664138344807
42,604,0.6359899598350643,0.1088097423589258
42,605,0.4052919148797983,0.10497877575634476
42,606,0.4884224364197378,0.043624293857244395
42,607,0.47147255742809063,0.05599193347691593
42,608,0.45258671981121923,0.09631006029456751
42,609,0.491449460709562,0.06530022601276321
42,610,0.49600918392345755,0.07965825594000611
42,611,0.5538724156135448,0.04057127152145763
42,612,0.6360504535156096,0.0621659954262572
42,613,0.5016908967198777,0.06326021020006095
42,614,0.5381952208770638,0.03109333230784074
42,615,0.527061540835405,0.0701130238061492
42,616,0.493902166333178,0.04472400582188161
42,617,0.5865141221195815,0.10361569031165875
42,618,0.48195300159945137,0.03335337972094712
42,619,0.517586284321491,0.046842799407987495
42,620,0.5163417514637888,0.0246779609943048
42,621,0.5268222734284181,0.0410401503742004
42,622,0.4680002608671374,0.0660048838294113
42,623,0.49285693283413096,0.032378785750228616
42,624,0.47188635049240146,0.024768344769095084
42,625,0.5855874012732891,0.08790399984315234
42,626,0.5757524281511227,0.07202866030136731
42,627,0.5683742798960242,0.04718849002563519
42,628,0.5332648680040325,0.09522165944467453
42,629,0.5128331175894527,0.08197353096424859
42,630,0.5169171485135466,0.06248520081680047
42,631,0.5302157271855379,0.08106749894449512
42,632,0.547789977615694,0.07574347012282795
42,633,0.5182751274213462,0.035400028986901616
42,634,0.4816813402323218,0.017713920138555397
42,635,0.5217800117582155,0.0488122041721162
42,636,0.42263274963354275,0.04582389666923511
42,637,0.6005629973486776,0.050282507896434306
42,638,0.5339376816407008,0.05207802919146928
42,639,0.5720626464437245,0.07803119356681217
42,640,0.5092615603601706,0.051686445897213634
42,641,0.6086274120766467,0.08626097579589107
42,642,0.599209537845421,0.10043398723084095
42,643,0.5014865788404463,0.04318001003256543
42,644,0.5559500973292711,0.06197009485270717
42,645,0.5357994587568992,0.040640755981742896
42,646,0.6042801533343973,0.052260713186469895
42,647,0.47989544263004524,0.05710264616856217
42,648,0.5046292583649993,0.06096989377767886
42,649,0.5420808016373755,0.07859618396996998
42,650,0.44356656980626247,0.046402084936284914
42,651,0.5208732892672827,0.10931086088163938
42,652,0.4933727149715776,0.0408110747436594
42,653,0.5459109325941685,0.04938552236108783
42,654,0.46241487103515844,0.06469910260641244
42,655,0.6247258039415353,0.08391327617505742
42,656,0.5119962101426818,0.058994175293287925
42,657,0.5571623321226596,0.07130473964784273
42,658,0.5493788062918837,0.06541721554618084
42,659,0.537713491461332,0.06497158028045608
42,660,0.5461688789156472,0.0457906248855571
42,661,0.4401199933615834,0.04323263187258169
42,662,0.5871543550042504,0.0617634487476334
42,663,0.5685245132667781,0.0835218757543973
42,664,0.5146234776466048,0.025819373541025127
42,665,0.4566537622375163,0.043988949273948426
42,666,0.5214543710649744,0.05188381094406177
42,667,0.4716885996382548,0.0457730999690799
42,668,0.5010064123424205,0.05693314597338449
42,669,0.542957482343213,0.058110276422076196
42,670,0.5905144488929059,0.05303914293415368
42,671,0.5755758768354834,0.07766885778660132
42,672,0.5797212523205406,0.041348928390091605
42,673,0.4101903812339382,0.12720702764803923
42,674,0.5487468306316002,0.07674110527497956
42,675,0.49343505515062613,0.03207674628875723
42,676,0.5857505672216247,0.08300193390318349
42,677,0.4965098144419868,0.02291048495893481
42,678,0.5134862796091639,0.030004080171127122
42,679,0.3620590164166234,0.06972231825978092
42,680,0.4449129811909935,0.057081103716001266
42,681,0.4746705964918079,0.045715033988139246
42,682,0.5192857810744653,0.009549780379797418
42,683,0.494749158573743,0.09196297937488336
42,684,0.475610135993613,0.04168481559103081
42,685,0.5379361703562384,0.0540838782227291
42,686,0.4459665478483985,0.024930203992938067
42,687,0.5453430579880151,0.039916067026441286
42,688,0.49635470387968506,0.07065987335844821
42,689,0.49278994164161316,0.05775603766106084
42,690,0.5046843153276944,0.05233423719631774
42,691,0.5087397731903535,0.061834030706223175
42,692,0.5536669417342938,0.05806854649504934
42,693,0.5347013143384216,0.06877370919356168
42,694,0.48823322413799475,0.03152584061098127
42,695,0.5822614415629984,0.09761931811289587
42,696,0.6099187951610698,0.08739414896427476
42,697,0.47582781232521204,0.04872754743223199
42,698,0.43434126103456316,0.040520030835108085
42,699,0.5402743682847428,0.023579827510277616
42,700,0.562588551619563,0.03662046464340915
42,701,0.6065817195953598,0.10635996293018196
42,702,0.4929395390032345,0.02765874615515174
42,703,0.5675469958956921,0.06764151400263523
42,704,0.5482153977541315,0.031313746254145194
42,705,0.4877315857689991,0.035123957990595533
42,706,0.45011458753246913,0.07011819698722126
42,707,0.44498138621612665,0.11138824594899698
42,708,0.6177393445973565,0.054577120968897774
42,709,0.5555970893678227,0.05890176130663531
42,710,0.48569087941451844,0.02784426076098453
42,711,0.557412487370425,0.08363556065220794
42,712,0.4823749873048115,0.06384069848920733
42,713,0.5234023407844538,0.05679003719479564
42,714,0.40902888709918256,0.10482367681828711
42,715,0.5576951927819291,0.0669368758110633
42,716,0.4613994655866087,0.028891153530310205
42,717,0.4088171087426658,0.07251206334108265
42,718,0.540633333303854,0.03126471884110957
42,719,0.579763327743652,0.04767088863989718
42,720,0.5611285928847686,0.06285636531095955
42,721,0.46459854735975037,0.10225083425327916
42,722,0.64542062411625,0.09043060206810836
42,723,0.5928560172541099,0.10521242825584855
42,724,0.44783214219992334,0.036921015447337203
42,725,0.5280082971336653,0.09199603141817413
42,726,0.5273442285356941,0.035415665591526695
42,727,0.6115967803012315,0.08046670580500978
42,728,0.4862832624516175,0.05378221106898564
42,729,0.5179056320821519,0.02806502332582163
42,730,0.4542629919974205,0.04522788939327779
42,731,0.4560025467870281,0.05630314424295879
42,732,0.5144928631237311,0.01855309353108764
42,733,0.4763595904098027,0.03234328642859701
42,734,0.5398825084631147,0.05892663808116111
42,735,0.483896695918974,0.053627458257486486
42,736,0.46711377932909354,0.04684915967914015
42,737,0.5577618467338805,0.05448275122984641
42,738,0.43495624578402475,0.06506695563281345
42,739,0.5692726646964636,0.05341798374940174
42,740,0.4754967959380011,0.03957423159722283
42,741,0.5073163945791943,0.03385658541278754
42,742,0.5603621224109817,0.06751405728433228
42,743,0.49002086761594954,0.027123147791448216
42,744,0.47509936627293065,0.056488584314997266
42,745,0.5803026230674423,0.06927835671296378
42,746,0.496140767443195,0.02317321086857197
42,747,0.5550366158038013,0.055551298793916896
42,748,0.4566687424813071,0.053261697684410116
42,749,0.48432831096206186,0.06291575954299136
42,750,0.5824613045351593,0.08006540426553789
42,751,0.4344603415033197,0.06177279694187616
42,752,0.5821723125419104,0.08272419994914215
42,753,0.38405377451010325,0.11926357751457663
42,754,0.5601047238559611,0.09852530327823046
42,755,0.49363281411747384,0.1407104290943234
42,756,0.5793812698267763,0.07241084270922739
42,757,0.5535594988800048,0.06026333476095569
42,758,0.6103075093510612,0.06039440578263745
42,759,0.5577038903704185,0.10419612635387265
42,760,0.5034929187149857,0.05165506224193449
42,761,0.5622962274236627,0.08925472118989178
42,762,0.47907060935719037,0.026033958629837317
42,763,0.4638994338174272,0.09198318630589557
42,764,0.5696582810866283,0.0962955949531608
42,765,0.4491746672630856,0.03518817346504417
42,766,0.5182799829930979,0.04224977593872982
42,767,0.5103899920427759,0.04153713783835819
42,768,0.4302111655515929,0.05661775479545237
42,769,0.4600086154739246,0.045193426556610274
42,770,0.5174972415100305,0.059284683455322694
42,771,0.45965556157406284,0.028764474549295805
42,772,0.4869273535832978,0.035927816935467406
42,773,0.39765191607638833,0.08333501351713245
42,774,0.44221626954809923,0.09003026948107948
42,775,0.4993075302532114,0.056532005829713454
42,776,0.5360273280251171,0.038349722083242714
42,777,0.532339015561008,0.054709647519803326
42,778,0.5369533520949632,0.10255052693218838
42,779,0.4745441442213935,0.027890711114754888
42,780,0.5316252188416766,0.03948193455615385
42,781,0.5755673275765935,0.08922323731647797
42,782,0.5571345144469023,0.09039838061518067
42,783,0.5898771130203363,0.0616183715056799
42,784,0.5408720700304196,0.03480914464635949
42,785,0.513729699822737,0.048044710213823734
42,786,0.5230847311358955,0.051837025724953016
42,787,0.5366100589452709,0.06013145097913522
42,788,0.4731815481977697,0.038067285326288794
42,789,0.5661340345772827,0.07021074956524916
42,790,0.47829610908420533,0.0344075131084574
42,791,0.5565688521074273,0.04011349610501961
42,792,0.5040500543117263,0.03288587779965975
42,793,0.5455131164033855,0.04605542968285331
42,794,0.4327666728167107,0.03095881317483162
42,795,0.5458838775594027,0.04534582804287586
42,796,0.46498613355952584,0.03915028219668446
42,797,0.6074733372436897,0.07064694929195088
42,798,0.48825540183344335,0.05618991977368767
42,799,0.526820225913226,0.06527074517708005
42,800,0.47592767003459036,0.02817291376063038
42,801,0.5124812689794284,0.04999198799249572
42,802,0.4841163733142186,0.026138489580901866
42,803,0.5973585388780335,0.082398376026206
42,804,0.4672078029314244,0.058898351847519105
42,805,0.4107100067233244,0.07732168884274496
42,806,0.37722719153657774,0.11016548266515301
42,807,0.5721473103955559,0.07972343226044314
42,808,0.5235988834128616,0.03454526557800244
42,809,0.5916977139582706,0.068135433809327
42,810,0.5360008674275744,0.04953691929874231
42,811,0.6107444839276702,0.07126433446357193
42,812,0.5625088330978777,0.062426301819384106
42,813,0.5154827658320645,0.042209146178467716
42,814,0.47333032827133614,0.08123384409514889
42,815,0.4919000137945433,0.05845891789113496
42,816,0.5285370083103477,0.052102418107110374
42,817,0.5274247312743235,0.04314116320007363
42,818,0.5427459899764591,0.0482393762518986
42,819,0.4445206448894518,0.046508520056873906
42,820,0.47574341321507246,0.041085088045149785
42,821,0.49046459082153354,0.035859906139730495
42,822,0.5118616203329566,0.019686087271089527
42,823,0.45528248959485174,0.06367299450922477
42,824,0.5329130610958247,0.06349737808263711
42,825,0.48853896224666976,0.034991814101172684
42,826,0.5352169490036559,0.02646107990883452
42,827,0.5612195550417866,0.05958694041816127
42,828,0.5791989578730741,0.06555862946668416
42,829,0.38362200874428276,0.04812919511782281
42,830,0.5121222498637353,0.0836770200468053
42,831,0.6242266322672286,0.05076402575296758
42,832,0.4733328794251539,0.0573268104909044
42,833,0.534402323731777,0.09006852134783583
42,834,0.5207616757279371,0.05045661773954517
42,835,0.44262901444647973,0.13907966480785044
42,836,0.4727376113728802,0.05173507505103369
42,837,0.5967115441788148,0.10167034876249312
42,838,0.5831930723114572,0.08793574656325538
42,839,0.42124170884640216,0.10196414276535391
42,840,0.5133969618719696,0.06450727971422252
42,841,0.5357021604959097,0.0690704445141667
42,842,0.5713543647389019,0.06269973076152256
42,843,0.4445830196920016,0.043684394434862
42,844,0.6261106332868462,0.08304147326659067
42,845,0.43936217502015285,0.05393870290932993
42,846,0.515098523286255,0.0317099698400555
42,847,0.4225696936945548,0.07517736396153002
42,848,0.5209624056029384,0.06013447073018628
42,849,0.48155089814656565,0.027421814425297567
42,850,0.5797087299345053,0.06714443422494877
42,851,0.5288632517711074,0.04540074260358943
42,852,0.4535618307012008,0.03613816551068399
42,853,0.6109113923627623,0.046610925627134404
42,854,0.5481623434789212,0.07049915589054141
42,855,0.4306811635249877,0.05724214839345554
42,856,0.4482204515302447,0.08284188566370466
42,857,0.5110036302982075,0.03714747409215081
42,858,0.5022532695669222,0.05236149897149896
42,859,0.5870454607818949,0.07384489008449445
42,860,0.5924148014707279,0.0620462008182652
42,861,0.5435860740393441,0.059741963705126334
42,862,0.5655587153419035,0.04509809757273529
42,863,0.5798221780273926,0.04442066122630684
42,864,0.49875940208973396,0.03455264851805369
42,865,0.60305235722744,0.07706512644920438
42,866,0.5681542900026524,0.05441924549691996
42,867,0.5655946952360811,0.0768169490676588
42,868,0.5759080443298863,0.05303826679476254
42,869,0.475361573163842,0.04537324616068791
42,870,0.4903341414236291,0.026976636294737424
42,871,0.4741565442595801,0.026796481423251525
42,872,0.5023394017650056,0.048101490744302776
42,873,0.5124951470617909,0.07445790800292394
42,874,0.5694935106519249,0.04963301105128392
42,875,0.6274200314294088,0.08029551196842638
42,876,0.49154621301954565,0.040281569182754474
42,877,0.5567305263905007,0.036887601040360526
42,878,0.5255585821803269,0.028085154556013202
42,879,0.48736690352354456,0.05997485556468536
42,880,0.5583410026419424,0.07560443631652507
42,881,0.5063661119775253,0.0292122914310008
42,882,0.486874042303044,0.013978449108850322
42,883,0.595902607401067,0.05414688064358975
42,884,0.47509729373599896,0.04060987911495524
42,885,0.4567424764196301,0.017512244160367885
42,886,0.5780622196094883,0.08187059639643725
42,887,0.5409910768028541,0.07796084606336276
42,888,0.5406822936398998,0.07181636603809952
42,889,0.5213718901425949,0.05284023221616592
42,890,0.505833145994416,0.03400720707465957
42,891,0.39267466585728567,0.07311333892316738
42,892,0.36280021515432276,0.0835798993026907
42,893,0.5867465644715976,0.07597902106755391
42,894,0.5233286892429838,0.06592998302078076
42,895,0.524706165881363,0.03965071526713178
42,896,0.595297802405897,0.05851480567562183
42,897,0.5155981300553074,0.02162343414533988
42,898,0.42475293002609,0.0759896277683578
42,899,0.5448895344852797,0.057408231661374445
42,900,0.4470889879229127,0.0319992894035668
42,901,0.5502377988866309,0.03933032166036696
42,902,0.549332791275532,0.05883474186663754
42,903,0.44406324490561366,0.06047924243562238
42,904,0.4119543669709703,0.05769060305017032
42,905,0.5858422285291419,0.06420963905828449
42,906,0.48944886263979753,0.06203530956515171
42,907,0.5174921170207504,0.03398236878424794
42,908,0.5142915131434792,0.05230264962805827
42,909,0.4748143630322206,0.08708670834741895
42,910,0.4166728084617588,0.07384863886918083
42,911,0.5476037568924688,0.04121293360440751
42,912,0.5036483168852061,0.043931787275161345
42,913,0.4729244550528178,0.030054349659631156
42,914,0.5048016363795769,0.06716823631330622
42,915,0.4916434211282258,0.02484622141816207
42,916,0.5267974431525263,0.050090295380977715
42,917,0.47677753617839774,0.12560005806827737
42,918,0.5507925002557253,0.10967801657846632
42,919,0.48602903156535654,0.05324094552998547
42,920,0.5313835713734505,0.047866992782781545
42,921,0.5951965553250124,0.04790833436214204
42,922,0.5494528371833205,0.09064380422144738
42,923,0.4263372373028502,0.08670642224075045
42,924,0.5215132739010256,0.027541752245150663
42,925,0.38203719638043226,0.10097357385585694
42,926,0.612852811384661,0.08353923304095924
42,927,0.4708054409243785,0.07324502325643605
42,928,0.5826875075770159,0.06321633464908703
42,929,0.5432320804967612,0.07644126675404735
42,930,0.4300077010216274,0.04169356013390758
42,931,0.5782528958732813,0.0633990003305994
42,932,0.5092483818602486,0.05891650945500007
42,933,0.48895827382973467,0.06042058279911506
42,934,0.5157955144576427,0.06505804338377318
42,935,0.48429701216135246,0.022457966238866936
42,936,0.3935137334572667,0.0698374085369918
42,937,0.5184055743916108,0.025594587409426738
42,938,0.41168262986391696,0.06805921674752353
42,939,0.5387856968204728,0.054292418279634186
42,940,0.5209225417579973,0.032849456687339726
42,941,0.42735114090547754,0.06814213237735912
42,942,0.5326368396258683,0.07087556006279362
42,943,0.5714587497170768,0.050089466366906935
42,944,0.5744472090856182,0.10057065983741985
42,945,0.5832648410924688,0.04515620659219222
42,946,0.5323960804302076,0.09900095327484047
42,947,0.5461231585043377,0.056452805804551004
42,948,0.6727187402929226,0.0861525576426794
42,949,0.49002681381337515,0.048438739122218084
42,950,0.5566123972869612,0.036804833547709324
42,951,0.5317036152252974,0.048121258596843866
42,952,0.49562941863219473,0.06951716705243911
42,953,0.5116853920541615,0.050687196153150774
42,954,0.5444954688030192,0.07511199748276376
42,955,0.44501537947244085,0.06058024428953418
42,956,0.5042493048090574,0.03188513724768993
42,957,0.5050083622925029,0.06860702451118635
42,958,0.5561805062723869,0.07525402135405618
42,959,0.5245058508242261,0.08668164133235236
42,960,0.5655314486770352,0.06309717429770997
42,961,0.518673670613096,0.03410976022458354
42,962,0.6264778614265032,0.08121170752930885
42,963,0.5629041265276727,0.07843789674364107
42,964,0.45304425588253244,0.04400829482784348
42,965,0.4312342284286353,0.08931584775479733
42,966,0.5415779248002582,0.045829932291229114
42,967,0.4993099373156502,0.05227824994210834
42,968,0.524361008444008,0.05373564045143081
42,969,0.4955695827186046,0.05936675113233901
42,970,0.5660164310877859,0.04885753732654147
42,971,0.6047989337855332,0.08471398456137832
42,972,0.5420778962722469,0.06330771961621957
42,973,0.47252730929493636,0.022575594879227355
42,974,0.614794710939576,0.10140867848220661
42,975,0.541279953078068,0.04119774801905436
42,976,0.5873477871019315,0.04620920867671876
42,977,0.5072285714529063,0.04122784488600959
42,978,0.4401842089353553,0.07793804832032554
42,979,0.4258814682309286,0.046139885063085695
42,980,0.6010367508571894,0.07614762196728558
42,981,0.5943131223170756,0.054809704481603536
42,982,0.5046950638446861,0.02800750380061993
42,983,0.5801975865935796,0.06316031134239167
42,984,0.5354565903499771,0.042162477057764484
42,985,0.6007434290507532,0.057678743827479104
42,986,0.5384434435125047,0.05321881057250728
42,987,0.5853022548903343,0.08809938606106743
42,988,0.5161175356569624,0.07160843645075989
42,989,0.46785884987286236,0.031055783385462263
42,990,0.5278959260911557,0.07134645087092391
42,991,0.6026035242007161,0.0742856724526176
42,992,0.5325189180684754,0.08915345291211181
42,993,0.5162389207352658,0.1003136753970821
42,994,0.5251996763615246,0.07705218004243969
42,995,0.5499517855845972,0.06253619257101718
42,996,0.5566025521637262,0.07598761739041555
42,997,0.5968684873833991,0.0611062824188305
42,998,0.546749725324844,0.03597652209023049
42,999,0.5071151400644539,0.05249245274519046
42,1000,0.4618598337481147,0.09657329148488711
42,1001,0.57387340811886,0.09608799105994517
42,1002,0.5293359009795947,0.03491426308466065
42,1003,0.5244237954386741,0.07167049334546284
42,1004,0.593466517896423,0.06186219884205563
42,1005,0.5377888274405208,0.07088340984095302
42,1006,0.5603152123880031,0.05662999755789687
42,1007,0.5785917044416641,0.0763414724335944
42,1008,0.32150184420001726,0.07819363167629727
42,1009,0.615102908164482,0.06756999350170151
42,1010,0.5965976520974142,0.03649043750882081
42,1011,0.5347274634819658,0.08320808393748783
42,1012,0.5161400011974102,0.03012834315774645
42,1013,0.5210680380128278,0.05430358856418953
42,1014,0.5349650191415046,0.05514618331614606
42,1015,0.500572792698965,0.04678837178826956
42,1016,0.5569559917189227,0.07440058243535369
42,1017,0.5558480649532132,0.04597577893345065
42,1018,0.47456688605322406,0.05094778026282633
42,1019,0.5685316880886115,0.05952076600825937
42,1020,0.6271588819972541,0.1210307320590473
42,1021,0.54050791612381,0.0369187412464643
42,1022,0.44069694597711484,0.0679104485794705
42,1023,0.540714720614319,0.056375670815621795
42,1024,0.5065627644229362,0.046815832274212654
42,1025,0.387351405905234,0.04491938987422342
42,1026,0.4741612165729493,0.015032757512943057
42,1027,0.41258463356070496,0.021958199817456236
42,1028,0.4604051170965758,0.09878219450083894
42,1029,0.4869740770320142,0.06605296303294694
42,1030,0.5309216410891078,0.024341245081482984
42,1031,0.4659303590328123,0.03804109067197556
42,1032,0.4815135608055621,0.04784644915225139
42,1033,0.493494906445222,0.03419862031456212
42,1034,0.47142581323645116,0.03387583763923332
42,1035,0.41198908101666015,0.06885059778253676
42,1036,0.5162414612772939,0.0662944154134827
42,1037,0.41026227375515695,0.05907717354186249
42,1038,0.49050466155659006,0.09510155370712566
42,1039,0.5332097603759278,0.038867500702720686
42,1040,0.5176220515203276,0.04704925594863418
42,1041,0.5359101295016516,0.036596083050651255
42,1042,0.5581761961222825,0.03973079520430698
42,1043,0.5344196647017527,0.044738953513585714
42,1044,0.44644929814590706,0.02679764018898927
42,1045,0.5100492761176412,0.04779358205708928
42,1046,0.5456860345540004,0.06579560843583028
42,1047,0.5009348976078173,0.11769994578312173
42,1048,0.4393966390830921,0.09787245179083456
42,1049,0.46853953354892464,0.019391508164409817
42,1050,0.48677560880302,0.0347253560621958
42,1051,0.521099842975609,0.04325986555995057
42,1052,0.5045822398143458,0.1008690049812282
42,1053,0.466203469739833,0.0625396744535718
42,1054,0.6444394105930378,0.08326666889034945
42,1055,0.6220607999358029,0.07648433203770562
42,1056,0.5162615513941874,0.10460010741178026
42,1057,0.5417644613780865,0.0775127336970656
42,1058,0.5599873955227832,0.055076655426023705
42,1059,0.6220563828201442,0.07740829403103547
42,1060,0.48290721291626126,0.11038141227385062
42,1061,0.569713354097727,0.0783325628649315
42,1062,0.5537031624016174,0.04620653819511476
42,1063,0.5154922035112892,0.0331982876918129
42,1064,0.5035839120659563,0.030614445489176988
42,1065,0.5021190428736424,0.09496250336227098
42,1066,0.4348801139782529,0.08350462328557323
42,1067,0.5405417533230796,0.0864470367014268
42,1068,0.5487173921547618,0.03702980682872464
42,1069,0.4748195921138009,0.04307567647657701
42,1070,0.6130091544296127,0.10016639535137806
42,1071,0.51615516336154,0.12124149158155366
42,1072,0.5592984373333187,0.04901737833828226
42,1073,0.5393311932747132,0.10777888975576151
42,1074,0.4563816928320514,0.08820667465303735
42,1075,0.659175140493437,0.10087815626401608
42,1076,0.6095576976155322,0.06640245567950724
42,1077,0.4937004484412833,0.05182090211504385
42,1078,0.5128956288903089,0.06621269877914934
42,1079,0.49258774288543883,0.05368712788571669
42,1080,0.5367922638944597,0.062410001489894444
42,1081,0.5943610522004361,0.0616870535920422
42,1082,0.5648015163912342,0.07457153633939018
42,1083,0.5145988048457751,0.10080447659660814
42,1084,0.6272288261886021,0.08685769312514341
42,1085,0.4618912409344129,0.06342144392570379
42,1086,0.49510943301463334,0.088490847976953
42,1087,0.5092052276671137,0.024345564688621497
42,1088,0.4964942667816586,0.027482984086460556
42,1089,0.5808980090348057,0.07946457073486397
42,1090,0.45417698951486685,0.03735181876187065
42,1091,0.5109463456569754,0.06694246129122824
42,1092,0.4942172531671617,0.026339258866544795
42,1093,0.39049379173084703,0.09234022158424171
42,1094,0.5202812024866704,0.029833736461522476
42,1095,0.5293314584264935,0.09288668848935043
42,1096,0.49122605722996154,0.10241315059353882
42,1097,0.38042984044740863,0.09461904016093986
42,1098,0.511230612911204,0.06493950639108151
42,1099,0.5177137170839275,0.06286454325785981
42,1100,0.5434272189815967,0.05719799633856659
42,1101,0.5630202209378552,0.06401374648956575
42,1102,0.413550648581512,0.07235573473374525
42,1103,0.5244332199079662,0.12703241792734843
42,1104,0.5009663198803943,0.0764271333244152
42,1105,0.5432294458223936,0.025559686972191114
42,1106,0.5331469304160982,0.0521622134989467
42,1107,0.5287107762339225,0.07657178360551443
42,1108,0.6370039834629604,0.10448250202536159
42,1109,0.4264912874201549,0.07907583992867427
42,1110,0.5009391471773624,0.0520909952585986
42,1111,0.45850100173116454,0.06458407487569996
42,1112,0.5184972246683879,0.0509239217677287
42,1113,0.531988634242418,0.022977300525499834
42,1114,0.5698632703375401,0.08310075475302307
42,1115,0.5278489645648664,0.04777906708664109
42,1116,0.4858635793227575,0.11705448691601833
42,1117,0.45937574470552417,0.07399938803347555
42,1118,0.690049172841008,0.11320975869877078
42,1119,0.5566632603566887,0.09799606857476059
42,1120,0.5694902393773473,0.08343262939200194
42,1121,0.4897313740106264,0.03285811089463282
42,1122,0.5079365972260431,0.10180439652808962
42,1123,0.5619898951489458,0.04988054754995352
42,1124,0.466381846918226,0.029779233585372666
42,1125,0.5181215104680422,0.09901332378590653
42,1126,0.5779369666109629,0.11710294189014682
42,1127,0.49988540317235003,0.03170760217999517
42,1128,0.5185991057221107,0.048235315880394536
42,1129,0.511796729003338,0.055016332909444285
42,1130,0.45854273061235806,0.03519499064233118
42,1131,0.5041097809311896,0.09099488328431514
42,1132,0.5472035368398341,0.05503011425032853
42,1133,0.49698557950252215,0.021969818435915108
42,1134,0.45832891331695635,0.0537934586086524
42,1135,0.5172247874933595,0.016882281210687612
42,1136,0.543351580856256,0.07458783117891847
42,1137,0.41114376469028163,0.042420062054963556
42,1138,0.5298718674036227,0.06555124972518088
42,1139,0.493323014083626,0.08121230541008148
42,1140,0.5028115661129448,0.03597896745339816
42,1141,0.44289080221594657,0.04352999656766014
42,1142,0.539778517217251,0.023881274893160317
42,1143,0.5781999337330882,0.0642527732008431
42,1144,0.49400429806871415,0.057657311873011076
42,1145,0.5182548904346846,0.08297387928785797
42,1146,0.47169350091621076,0.04002212257671857
42,1147,0.4394714924499384,0.09736112456913663
42,1148,0.5532437044856581,0.05490116697981032
42,1149,0.5335105248191393,0.05963364646319187
42,1150,0.5423286941722714,0.04712598018733181
42,1151,0.4712924440959452,0.05860597800207835
42,1152,0.4173847654272034,0.047652890729912
42,1153,0.5343387806028435,0.03703310706118898
42,1154,0.5911405264555073,0.08078101453740778
42,1155,0.612988595435621,0.11240377768180418
42,1156,0.4412538425974876,0.054179870233219574
42,1157,0.5531836302281855,0.04271582684013964
42,1158,0.5328401960625361,0.06478793446352944
42,1159,0.5157857225768502,0.0922971442100823
42,1160,0.39244737638291405,0.053288062455112715
42,1161,0.4737888675018441,0.02457055020698337
42,1162,0.4722853381882336,0.08090056203582235
42,1163,0.5383560931231809,0.07217203990466989
42,1164,0.5755003145548041,0.06549319184482624
42,1165,0.5113537478435919,0.013235429331514592
42,1166,0.5275447244057114,0.05528947226901874
42,1167,0.5232430453285017,0.06128313156687012
42,1168,0.5623408425898732,0.13081505395532275
42,1169,0.5092278436221707,0.08996780320200273
42,1170,0.5047589906738518,0.025405261390517173
42,1171,0.4958061286001798,0.03556650023596679
42,1172,0.5908250355274939,0.06757818173753617
42,1173,0.4379307628774009,0.08916304473873259
42,1174,0.5777907310074918,0.060976829138725874
42,1175,0.4920158578233226,0.07238018742935755
42,1176,0.5752619867580616,0.08913110785120186
42,1177,0.5086374729311526,0.04190895308116744
42,1178,0.5371932874601205,0.020259441225689883
42,1179,0.5262220226025663,0.08019371489375339
42,1180,0.5817969147369062,0.06474277773023229
42,1181,0.4760514488825842,0.0528932912937554
42,1182,0.42092818323402437,0.04849407969566888
42,1183,0.5393145541621769,0.06830424628299964
42,1184,0.48011927071763716,0.05441888067151928
42,1185,0.5878995461067191,0.09646704754191646
42,1186,0.539685370941185,0.0813006037676958
42,1187,0.5235908421769634,0.07691761803825427
42,1188,0.6134702016409234,0.08144826426316785
42,1189,0.6662095764648139,0.09577861354894289
42,1190,0.5896165411212376,0.08691619092992695
42,1191,0.42291407229068567,0.054312927003390354
42,1192,0.4165723090175906,0.0530159377250611
42,1193,0.5582990322114076,0.039399199139581294
42,1194,0.6150521335404088,0.09858108362085963
42,1195,0.5917657908643487,0.07163935132398268
42,1196,0.524584374635387,0.05172910232206435
42,1197,0.5058074360734168,0.062051222729407926
42,1198,0.5417169243063205,0.039433082380351835
42,1199,0.5237909822962703,0.0715821589371796
42,1200,0.5229954429558238,0.10442110423078882
42,1201,0.5059551876088043,0.0713337320297829
42,1202,0.4233607880680631,0.07176290386248156
42,1203,0.4948525424257699,0.013342488002495241
42,1204,0.5396147246796748,0.05474153303228075
42,1205,0.5431595103429434,0.0952639702895702
42,1206,0.5817766252028054,0.056519258352328
42,1207,0.5761799090390426,0.06697298255016718
42,1208,0.42626982816414166,0.04865523782750869
42,1209,0.5120793033628926,0.06108061450763678
42,1210,0.5257997152633591,0.060966108398082676
42,1211,0.5056702313701223,0.09734935262954436
42,1212,0.49575540405368634,0.020198875487229925
42,1213,0.5516925762799081,0.028223835770067866
42,1214,0.4583197861815684,0.07619851042103677
42,1215,0.5526000705540476,0.049842622470597064
42,1216,0.5184144924455122,0.01119432885133458
42,1217,0.511992063336182,0.04244823431450541
42,1218,0.567194787374681,0.06156746340791612
42,1219,0.5865835651892547,0.10879356615499601
42,1220,0.5381990785995752,0.06185805058535366
42,1221,0.5335559276967959,0.07907582115204939
42,1222,0.44557128923534145,0.03330070758456978
42,1223,0.5140124489869667,0.10259405231676721
42,1224,0.5235015140260876,0.0735595223313672
42,1225,0.5481119744314431,0.035354727461134425
42,1226,0.5277183024667494,0.11728618709732967
42,1227,0.5185106199541021,0.036688640625550356
42,1228,0.49040677240484254,0.018280829383550457
42,1229,0.5290682556300775,0.014716890176965257
42,1230,0.41895937899968244,0.05344121628079602
42,1231,0.38745229227376726,0.07246235021911009
42,1232,0.5808159219389202,0.07788243371880353
42,1233,0.5206490286295014,0.08471406020235017
42,1234,0.46016398524319596,0.05916015553877807
42,1235,0.5055453780203666,0.010579471736307012
42,1236,0.5681602569007811,0.0811640863421178
42,1237,0.4879058178378043,0.0905348461446952
42,1238,0.5254228212771959,0.05209951355642082
42,1239,0.5270310303826868,0.09585039718586293
42,1240,0.5744400018438334,0.05808644091024214
42,1241,0.5081029478155066,0.03736844228422415
42,1242,0.4796101930374892,0.07903368817353432
42,1243,0.3973974459588167,0.07555731462978302
42,1244,0.5095240738286911,0.031668227161546145
42,1245,0.48334586901092624,0.03590397026114068
42,1246,0.5613641554894372,0.062487319591888885
42,1247,0.4807050122942826,0.039161232438091116
42,1248,0.6166267760805568,0.08422495118298413
42,1249,0.4693883526411614,0.047571989499515514
42,1250,0.5166309752422334,0.05249490574361418
42,1251,0.6116770870132303,0.06376021803986666
42,1252,0.619224077257572,0.11785648678859748
42,1253,0.47110296266527646,0.04142568865671876
42,1254,0.4612157176547769,0.07298915479185267
42,1255,0.5427770873593912,0.04024574916890163
42,1256,0.5104641756790311,0.07041353161848721
42,1257,0.5595995147553139,0.0696194347818621
42,1258,0.49266444619901106,0.058884531261121
42,1259,0.4674997568335097,0.03497940767783456
42,1260,0.494459946428483,0.057527919342949305
42,1261,0.6546685798729511,0.11145829036028111
42,1262,0.4343447912286908,0.07493802798092349
42,1263,0.5333704503152322,0.03388650810546636
42,1264,0.4559058754262447,0.04991372067013186
42,1265,0.37910027690189174,0.06172035520379751
42,1266,0.5593365498708391,0.07558532008492656
42,1267,0.49733996371485545,0.03271958934858379
42,1268,0.4981494763498572,0.058304988303453514
42,1269,0.4065135042483765,0.065348889846539
42,1270,0.34405089742671774,0.09114172437571882
42,1271,0.5138652696844239,0.08027776040528731
42,1272,0.4343909099523504,0.08096800451412065
42,1273,0.5293969099140879,0.09500761422978345
42,1274,0.5490082347661943,0.041269528800942645
42,1275,0.538935719806609,0.09148474831428473
42,1276,0.5836480123785116,0.0619461846332746
42,1277,0.5195507915076628,0.056188089463625884
42,1278,0.5337583353241698,0.053648628327978905
42,1279,0.43502024770276665,0.0684610828555274
42,1280,0.5237386284462732,0.03005535040473895
42,1281,0.5549071563437922,0.10878144628632783
42,1282,0.431542939131821,0.0660758340399797
42,1283,0.562831737617053,0.05536573428359018
42,1284,0.41795484948105,0.05254304925655494
42,1285,0.4790619258019201,0.05101478825909577
42,1286,0.5116244462870164,0.10327096169628895
42,1287,0.5303109211878952,0.07040295681474494
42,1288,0.586123187790539,0.10402475215870358
42,1289,0.4753055269468878,0.07534283554416588
42,1290,0.5890807652027868,0.09130980482110942
42,1291,0.5198297427602537,0.01822985666720219
42,1292,0.5001687175300812,0.05675697055385068
42,1293,0.48853984975440684,0.029666488494515714
42,1294,0.45182910006858085,0.03199356355861355
42,1295,0.492504269206179,0.009273637455360133
42,1296,0.46727850069299753,0.02059614062819889
42,1297,0.538660457426473,0.05607532642059387
42,1298,0.49007370079569823,0.07417377010170029
42,1299,0.43438824511598007,0.03491103816356042
42,1300,0.43906234012262985,0.04551529749545651
42,1301,0.4431383661458533,0.047177142810843946
42,1302,0.48630788134423053,0.027766650250907746
42,1303,0.5456178589704569,0.01915264525745786
42,1304,0.4694740138430365,0.03684676381608974
42,1305,0.5753367878218565,0.06433478727409686
42,1306,0.4710401342992451,0.03659190753413519
42,1307,0.465085652419113,0.06572521811667363
42,1308,0.5043827285414163,0.09001048916078856
42,1309,0.4815292917064105,0.10667366297999453
42,1310,0.5273232562681093,0.01351798398064424
42,1311,0.4911256789956529,0.07261727108118003
42,1312,0.44705994595839843,0.053138364204297406
42,1313,0.5018421883142165,0.030949230671472885
42,1314,0.4590725750396838,0.08979127783157402
42,1315,0.4730062496822575,0.023273030343626377
42,1316,0.4857541926126808,0.05341376962027514
42,1317,0.5018266463210873,0.09117074497237389
42,1318,0.5203107498013368,0.05750690135545984
42,1319,0.6126702841813185,0.07288630245735274
42,1320,0.5830628839051217,0.07613793805367242
42,1321,0.4070702024769966,0.0686061860767781
42,1322,0.5376057275951263,0.05219979948232628
42,1323,0.5338213422970961,0.07526037282077214
42,1324,0.48214135502447764,0.03567598036404147
42,1325,0.5231526418014267,0.04997869597033947
42,1326,0.5735107944010779,0.07508106002618788
42,1327,0.5499225877737315,0.03775455000242708
42,1328,0.5199815837465138,0.0535566916259343
42,1329,0.5663313793481964,0.06013228417117313
42,1330,0.5162983453271175,0.046864160860918005
42,1331,0.5165228992595027,0.07777028051764637
42,1332,0.5064400985121682,0.02438515804556641
42,1333,0.5112379572001529,0.10235073669322063
42,1334,0.48492535291910366,0.06248429718015051
42,1335,0.5501540441467724,0.056313738830750984
42,1336,0.5455888073197412,0.07571372821839095
42,1337,0.38448907259646886,0.0812971240951798
42,1338,0.49280589525364327,0.017629632690032083
42,1339,0.5011045910377032,0.06726432641157687
42,1340,0.4946128521596665,0.04936621719154971
42,1341,0.4597746025453645,0.06231950597476186
42,1342,0.5253947919762076,0.08681489607691648
42,1343,0.5078691593413196,0.05004179878227024
42,1344,0.43722073937354866,0.046129324962321645
42,1345,0.5006605738506313,0.03253748201897284
42,1346,0.46426269961060773,0.07721001740510983
42,1347,0.5597500312132179,0.07586192470061409
42,1348,0.5914768527322248,0.06623937908676315
42,1349,0.48259215606647,0.046638010027841445
42,1350,0.4929568994414194,0.09198562543265038
42,1351,0.5703055501692186,0.057789434542785505
42,1352,0.520890847625495,0.02251702860572599
42,1353,0.6459410392230638,0.09686620824968009
42,1354,0.4583575553363502,0.048488131506687904
42,1355,0.5037078251145239,0.03680512324520723
42,1356,0.5867769971602763,0.0972301789334905
42,1357,0.44223727733310886,0.036986858883516084
42,1358,0.6120036069569857,0.08732083298463302
42,1359,0.48029926846490234,0.07346494919560644
42,1360,0.5062655523181487,0.05005609010432886
42,1361,0.5163900429891486,0.04921669250677211
42,1362,0.49200599668903233,0.0325282948589173
42,1363,0.538986877721707,0.03596581327802704
42,1364,0.4492493618428074,0.10479658184761097
42,1365,0.5078368904492787,0.05518189558841994
42,1366,0.4952034462049067,0.036878182439844795
42,1367,0.5263801052486813,0.05236655855709038
42,1368,0.6166328113488149,0.11201691511050209
42,1369,0.5200890502098022,0.04795325067532552
42,1370,0.4575300597221541,0.035403499963713884
42,1371,0.5549885541263968,0.08250523540841595
42,1372,0.5360644658466116,0.04799877745929014
42,1373,0.5060031200610785,0.028500698187288013
42,1374,0.4019806037571153,0.0548756547772314
42,1375,0.6864514306008196,0.11378672141614284
42,1376,0.49082050278246164,0.02263566474628124
42,1377,0.47930068798541425,0.05102349645957545
42,1378,0.5013031569422541,0.019978417565127703
42,1379,0.5542832879236023,0.0801540394202057
42,1380,0.5682343212806554,0.061365156846110436
42,1381,0.5344684359335947,0.03807761355577079
42,1382,0.556055091942181,0.06448140356712005
42,1383,0.43481734126281757,0.04986093166727102
42,1384,0.5423412763675551,0.04801216212543288
42,1385,0.5106838667064065,0.04720986892284639
42,1386,0.5777698524451766,0.0370442738064062
42,1387,0.5487368838738883,0.08352879568261715
42,1388,0.4544584497940129,0.08625736446165021
42,1389,0.579189467294037,0.10696406851894484
42,1390,0.5162170509083787,0.038224485367066366
42,1391,0.5964437681719411,0.05609811118009424
42,1392,0.6101117121866728,0.10078066413253428
42,1393,0.5506151505226674,0.03932597006822598
42,1394,0.4372935790465273,0.0973802808161496
42,1395,0.6068819197576676,0.07653143600244257
42,1396,0.43715877756285604,0.0666098224926392
42,1397,0.583765155543672,0.08884416012298516
42,1398,0.4917338245935949,0.026608529248797884
42,1399,0.48418783399121207,0.029982946315444448
42,1400,0.5156604141550662,0.035966916928053795
42,1401,0.4776811557674008,0.07152743796292763
42,1402,0.5454809520800991,0.06417723831918325
42,1403,0.5080334645411965,0.030339716910288386
42,1404,0.4277851240209992,0.058894760771597984
42,1405,0.5737853668687364,0.05386911938862908
42,1406,0.6240750692432819,0.07159427124669693
42,1407,0.5983008974687621,0.10672837209687558
42,1408,0.39870151035036633,0.071471577770595
42,1409,0.53214069807951,0.07124443038098306
42,1410,0.5373310665096865,0.06928491952866249
42,1411,0.5243849487374318,0.0885961615412099
42,1412,0.5549951729310447,0.07683467486661923
42,1413,0.580813176916554,0.11745858233032108
42,1414,0.5259499336428287,0.031009321611461523
42,1415,0.5053072912549607,0.031108144666232185
42,1416,0.5852190733852292,0.07673070545762484
42,1417,0.5638810200067149,0.07654841841570338
42,1418,0.4876565992091713,0.051602538684237836
42,1419,0.6343897877256273,0.0844940792299988
42,1420,0.5506596166285508,0.05724876340276902
42,1421,0.6145448798198749,0.07424199283975215
42,1422,0.6302399058267413,0.09020047834072065
42,1423,0.5849259110235723,0.043596746467705116
42,1424,0.47525328597320704,0.03431584957106845
42,1425,0.5929715603253877,0.08960851291060087
42,1426,0.623920849465625,0.08594234151034268
42,1427,0.5998226669492925,0.054521267323965096
42,1428,0.5393260932128475,0.040359069283806885
42,1429,0.5889335330832474,0.06138283769353779
42,1430,0.4506221707981951,0.09441194129868884
42,1431,0.4737020355491932,0.0450087424274315
42,1432,0.46510833318971495,0.03633717081004958
42,1433,0.4546941100856053,0.027850520599267282
42,1434,0.5060453160250277,0.034404851181731706
42,1435,0.4009054164883097,0.05736727338996616
42,1436,0.5102321017517911,0.071081322510164
42,1437,0.4908356323837422,0.029703643236165894
42,1438,0.49410224090296456,0.037715208652490395
42,1439,0.5637183840389259,0.04410974045763358
42,1440,0.48380747384052797,0.03593535127005224
42,1441,0.5591543471463102,0.08418730756760029
42,1442,0.5121175579993411,0.04673097389591591
42,1443,0.494424804750401,0.031003269807886598
42,1444,0.5084386996201051,0.02257362170922297
42,1445,0.5158809502982303,0.01968181089445045
42,1446,0.5176558581508226,0.03750370960559968
42,1447,0.5056281488159207,0.029866818956183185
42,1448,0.5169819675758217,0.03937392783316537
42,1449,0.4218184249765352,0.06797574183311131
42,1450,0.5471604878796041,0.07205961496549074
42,1451,0.49137712220656726,0.13572692532895192
42,1452,0.5451030386995959,0.042722526490243586
42,1453,0.5274435803541817,0.043108831282072976
42,1454,0.5884347540743895,0.08824724363361909
42,1455,0.511805707106816,0.03323626803639838
42,1456,0.5350624678836806,0.061080868431520094
42,1457,0.5279641112147551,0.06318745728099107
42,1458,0.62046465069658,0.07464615874278052
42,1459,0.47067329986591805,0.04205799389082537
42,1460,0.6288124072917416,0.07634970705248458
42,1461,0.4898371675524641,0.024620677386993788
42,1462,0.4576168359251547,0.03652721944237986
42,1463,0.563707808369883,0.07178863787388756
42,1464,0.43322422274099687,0.043458412611075546
42,1465,0.6002365588940489,0.06615597162238017
42,1466,0.5313994738605246,0.046339789321309506
42,1467,0.5534418830606961,0.07121166265340403
42,1468,0.5936587254309182,0.08943404929965754
42,1469,0.47769732196272696,0.028596783346124376
42,1470,0.4802363177336497,0.03578806703069941
42,1471,0.4889627377541846,0.040529291841950525
42,1472,0.4901207468623083,0.08025017689327427
42,1473,0.4466487005030642,0.06381028167406565
42,1474,0.48576309480654384,0.03787434262957254
42,1475,0.5573218324941387,0.041025975052278875
42,1476,0.5285111608160605,0.043447535219415
42,1477,0.5886320107439029,0.06851262605273682
42,1478,0.5107943413238503,0.033998958408345464
42,1479,0.5264203209666045,0.034308224713199297
42,1480,0.6215203090733302,0.07155890942187328
42,1481,0.5238473047981118,0.034105493784089454
42,1482,0.45589286112083194,0.07294162846839362
42,1483,0.48547940522502153,0.09943790893527132
42,1484,0.40331266848929137,0.060628532869304454
42,1485,0.5847835446669998,0.05770044372668039
42,1486,0.521838997413318,0.01999463328256943
42,1487,0.6615548958987791,0.09844496436960412
42,1488,0.522580225394739,0.03184077234290822
42,1489,0.6218233746916684,0.09052929225336226
42,1490,0.643996610590426,0.09110954220239244
42,1491,0.5268683280420908,0.10669785234195892
42,1492,0.5601288158793037,0.08097388049542716
42,1493,0.5602842267804241,0.07620549027299678
42,1494,0.5575934087818327,0.05603863852140439
42,1495,0.5221338166837464,0.013767009570193564
42,1496,0.5201497052869816,0.03245698770382311
42,1497,0.521274135223898,0.052453044196232944
42,1498,0.566198661938835,0.04533137787727384
42,1499,0.5062153997170804,0.04326172325538439
42,1500,0.58393449226803,0.07140271243613486
42,1501,0.5572371932961132,0.036086286837306525
42,1502,0.4887189800223687,0.10133769797943827
42,1503,0.5290853469867262,0.045379205022618184
42,1504,0.5456947220746863,0.06929217988963561
42,1505,0.5535371697079562,0.04633855022575493
42,1506,0.3455814801325806,0.10990636140670774
42,1507,0.5253259747926529,0.02728342818255426
42,1508,0.4993326084195369,0.025832372453685044
42,1509,0.6014861588107073,0.06502299427692179
42,1510,0.5014325658488987,0.06943179332927987
42,1511,0.5839451742400877,0.10061332388318507
42,1512,0.6139350534752007,0.11147892627448801
42,1513,0.5124237061339308,0.07106052182677405
42,1514,0.48013210558556135,0.0538347562834705
42,1515,0.5176066451746132,0.05471403866811459
42,1516,0.47564118094277474,0.06153793415770654
42,1517,0.45236716327183724,0.06467339040615556
42,1518,0.48073646235237366,0.09843687148545731
42,1519,0.39060605059853887,0.08800196070612061
42,1520,0.45805204935062943,0.049236726832356914
42,1521,0.5157451681163092,0.012113865099623124
42,1522,0.5761650279290161,0.06518714401628868
42,1523,0.6243668537253432,0.08969538838703053
42,1524,0.5129338926917063,0.037695392414245556
42,1525,0.4801386898933675,0.028578096839821897
42,1526,0.6899508941350877,0.1153768990132987
42,1527,0.4983721625715265,0.06150287548791826
42,1528,0.5448958148379771,0.044858051434045025
42,1529,0.6137677112281962,0.09021345420458665
42,1530,0.5426110980043436,0.06758793976074734
42,1531,0.520292045545209,0.021708557694499454
42,1532,0.34671282116196844,0.10222742378407447
42,1533,0.5673160095900234,0.05429602006948576
42,1534,0.5715003887431236,0.09952924119771835
42,1535,0.517275185232454,0.015781289031510045
43,0,0.5150736602964969,0.04673081317935927
43,1,0.4814154597444118,0.010429678026474936
43,2,0.5064004449917628,0.015311520104756036
43,3,0.5058958999942916,0.012474031579298602
43,4,0.5138192048421876,0.019163463402471864
43,5,0.5198940570715733,0.019546759288352613
43,6,0.5050209378105597,0.018652345925006496
43,7,0.4714304448596556,0.027648467351883893
43,8,0.48813050406762365,0.012473196131198953
43,9,0.5325106710158193,0.027063909511017614
43,10,0.542790008548988,0.03193107995829833
43,11,0.4885409342387207,0.018779316637468516
43,12,0.4926575897698415,0.015851827129358505
43,13,0.49067862675390417,0.02959139440535799
43,14,0.5191374268105314,0.03490265673478935
43,15,0.5026656016873864,0.04147926432162433
43,16,0.5232886622720198,0.013839357571587876
43,17,0.5035375212217451,0.015611560297471952
43,18,0.497327570123633,0.024805087037015738
43,19,0.49689668134591275,0.008945706890811119
43,20,0.5021327052727997,0.018213564303536003
43,21,0.5500774586151349,0.04851652681876633
43,22,0.49325959296348093,0.008738410152546755
43,23,0.5277163805815074,0.024486545807056972
43,24,0.5022517133816539,0.014933116134853862
43,25,0.4927686644462398,0.016635504750544764
43,26,0.49516676194121034,0.009247504916452192
43,27,0.49636744067745947,0.017089699671585776
43,28,0.5523743299166656,0.026979997701903655
43,29,0.47511986146790064,0.008176536258745792
43,30,0.46367870680169826,0.023330087728374218
43,31,0.550485629330784,0.0298720347525705
43,32,0.4989338179560362,0.006734138535225627
43,33,0.5050536961537424,0.011697601974054325
43,34,0.5087010463381934,0.021877843173397086
43,35,0.4801363199356563,0.01717482894545265
43,36,0.5377843667101627,0.01764203755974954
43,37,0.4998524358004554,0.01625013547653572
43,38,0.5087734643122886,0.012456786890304342
43,39,0.5149693873518658,0.023714015331446337
43,40,0.5260305467976579,0.03039508044411472
43,41,0.49280428391304976,0.026278977331359216
43,42,0.488324184726384,0.025506025640156898
43,43,0.48486511988424963,0.03237974194383858
43,44,0.5420442974899327,0.03000565462165699
43,45,0.5198788672940566,0.02363394344002728
43,46,0.4681326586489053,0.019818662052044612
43,47,0.518111245342024,0.011617631609241535
43,48,0.4982553621208948,0.018960950461614928
43,49,0.49802255995369854,0.015060648329068924
43,50,0.5020383468153223,0.014644264471773038
43,51,0.4987932513135334,0.0117235901782613
43,52,0.5041998006995742,0.012444636333178454
43,53,0.4949051777130965,0.02152540937654151
43,54,0.5119399766467192,0.02172086217771195
43,55,0.49737865453402186,0.03391150016730096
43,56,0.4979896023491972,0.012267138271075196
43,57,0.5089781490429958,0.026152157056371084
43,58,0.5584613486011302,0.04428711853370309
43,59,0.5051731725534886,0.01809694245057209
43,60,0.5036395223210347,0.019494615330454462
43,61,0.5436026249075822,0.030868036685045303
43,62,0.4848569726522421,0.018336079715255537
43,63,0.5275198781025259,0.02389547672243617
43,64,0.5041390010438641,0.016821656336691332
43,65,0.4951916755768919,0.019978696477577294
43,66,0.5407342161364772,0.014966110099666148
43,67,0.5303597304419342,0.027412341965244925
43,68,0.490702899916519,0.02444802362260215
43,69,0.5428812512258662,0.010799456312551511
43,70,0.4871104307452814,0.024025791407004785
43,71,0.555389729922119,0.03870446642817189
43,72,0.517412281314703,0.029965900004655793
43,73,0.4995706015657367,0.02707327597161224
43,74,0.5246766274231159,0.020269092534965658
43,75,0.5150450525774602,0.024067861223620604
43,76,0.4874009138468156,0.029566541417522324
43,77,0.504378965431901,0.007473290034631641
43,78,0.5255882229453204,0.028680797966216958
43,79,0.4768931541590056,0.02699086211935192
43,80,0.5339191497745991,0.021580625083753174
43,81,0.5031229041401895,0.026985232287891542
43,82,0.5020357881382571,0.027617062375028582
43,83,0.522252138981941,0.0159398978040617
43,84,0.5603150924739673,0.03765229314801093
43,85,0.5106028863966435,0.014650994098842891
43,86,0.5478442186088918,0.02966597974965182
43,87,0.49571693908295916,0.03334900328076265
43,88,0.4940223382573904,0.010595406847885408
43,89,0.5397517441638009,0.034391994812661884
43,90,0.5178191372255457,0.009911267931598326
43,91,0.4871182932029698,0.008947270085609686
43,92,0.5149592493724636,0.03087004925997631
43,93,0.5050819354918467,0.010149954389190419
43,94,0.5309867357266526,0.043767913483949386
43,95,0.48176384541323636,0.023694824480055623
43,96,0.4904187525828216,0.013438922741945511
43,97,0.506414799635231,0.018109158677577047
43,98,0.5050932434312149,0.025273324361314548
43,99,0.5194582187505221,0.007227272041446658
43,100,0.519243333142622,0.039665535582187515
43,101,0.5226572664668825,0.013137233515051779
43,102,0.5730471621577905,0.028234000536054873
43,103,0.5014620672819862,0.01932358336175583
43,104,0.4834809247342428,0.026705434059500103
43,105,0.49534090607099907,0.036817657109349256
43,106,0.4717192279946958,0.029736316131718423
43,107,0.485166663049333,0.021840442994604768
43,108,0.49563228897435757,0.015969360361140446
43,109,0.5276489877583239,0.025539924264701107
43,110,0.49322904180760724,0.010874653175471177
43,111,0.5095067161477853,0.010209293394525545
43,112,0.5061481103957891,0.012034320809382592
43,113,0.533320116571644,0.026024050921242575
43,114,0.5032704178269654,0.01939884155986389
43,115,0.47812060393676803,0.015577576074597406
43,116,0.4857667439745043,0.00831628738435263
43,117,0.5040499584288881,0.017278386571154724
43,118,0.5333801909525284,0.024238668014087174
43,119,0.5026839994941883,0.02816922060552977
43,120,0.49523800131164314,0.018467981493561898
43,121,0.5451505296689408,0.04404241163712495
43,122,0.4883874635819693,0.01335400361577502
43,123,0.5124808185312824,0.012595509197862917
43,124,0.4981882644759688,0.016665348947443072
43,125,0.536572185711322,0.01998161425340729
43,126,0.48246952441708696,0.010522115371941997
43,127,0.49398812665112085,0.015616086786274921
43,128,0.5248491006612531,0.030678693485912772
43,129,0.5028871671335577,0.029861978192985653
43,130,0.5052266117598012,0.023525229325714863
43,131,0.5050018265943258,0.039139598166865484
43,132,0.4903515952504351,0.032950397089535656
43,133,0.4804974127639407,0.021978176117722542
43,134,0.5168990666441636,0.024887308616038564
43,135,0.5164213503133904,0.028605325318607756
43,136,0.48556946750551855,0.031433237450691424
43,137,0.5148707127198272,0.008808982846990443
43,138,0.5024600055573948,0.005785759461683928
43,139,0.5110166078918618,0.015689064601835983
43,140,0.5217493987015883,0.02006069144454394
43,141,0.4776956628146811,0.025621979698457205
43,142,0.4836658524705663,0.013728329195545817
43,143,0.47159594016322476,0.01512207803374796
43,144,0.5001225793487674,0.025592898468980878
43,145,0.5243095000930257,0.0219012817337526
43,146,0.4716477186934588,0.03584060573758688
43,147,0.5389814756647063,0.020557324764095972
43,148,0.5125315713244603,0.015014071462456974
43,149,0.49600400646616377,0.02224590800826685
43,150,0.5345941461874004,0.04655223679493923
43,151,0.4578542518663139,0.026609610204961033
43,152,0.5079819416584763,0.01890130610562433
43,153,0.4943390997016176,0.007169005501329888
43,154,0.5301457770882865,0.0271596358491779
43,155,0.5362216599165033,0.03151087247247264
43,156,0.49802790030805394,0.02125750591380398
43,157,0.46787079328712,0.01991519658310897
43,158,0.4967785073350978,0.007739673712956279
43,159,0.4872249060399278,0.02359426572364406
43,160,0.522134418986847,0.012781521949584722
43,161,0.45844532143340244,0.05548547525077158
43,162,0.5528984650021995,0.035993403117493813
43,163,0.5096233285204796,0.02116493647165238
43,164,0.5329536297276112,0.02539682464183608
43,165,0.5159416995256114,0.027169837647766572
43,166,0.4890183306098251,0.013032986884879954
43,167,0.5288333665679626,0.018621029960397075
43,168,0.5223550250314207,0.028148207788798646
43,169,0.5112338449733105,0.0183679340967697
43,170,0.4992676519057617,0.020020004969518015
43,171,0.4828628272180277,0.02586310632936135
43,172,0.5296843004948968,0.02037900334198454
43,173,0.5063315424397291,0.021732955677199163
43,174,0.5114954958437886,0.014877420900895295
43,175,0.5381614697055518,0.03324261327104596
43,176,0.48782699188698686,0.020903171933401007
43,177,0.5173763586770986,0.014763761035859085
43,178,0.4800765332325157,0.012187486751401905
43,179,0.49785745609445103,0.008411271920662244
43,180,0.4708603504749434,0.02726427907981993
43,181,0.519368181548599,0.01514781375120519
43,182,0.5049505488658701,0.0159442505162017
43,183,0.5483469313814069,0.036114352154040866
43,184,0.47920575051718706,0.026063596228047027
43,185,0.5208647659865737,0.02153535218729472
43,186,0.519096001072527,0.022284813001442888
43,187,0.5243154923993677,0.031618706836906915
43,188,0.5231310726689791,0.02087801365051563
43,189,0.5265416791232764,0.02797099720791583
43,190,0.48829902019454224,0.03390826951761189
43,191,0.5309434217444845,0.01278735076437851
43,192,0.49086601908691624,0.019154352272549635
43,193,0.498567383493811,0.019135036641724116
43,194,0.48520928355144854,0.019721011817270928
43,195,0.4890344441099426,0.026849948466163655
43,196,0.4886404673783505,0.02533431009805295
43,197,0.5078894842751168,0.025130987912806893
43,198,0.48970974546027546,0.015612829847124008
43,199,0.4987681361464059,0.018250421824367695
43,200,0.5072294444305295,0.013542976497831392
43,201,0.5088817306430842,0.010290182880570235
43,202,0.5120789607263083,0.01388566803778015
43,203,0.5175300738223403,0.037503753364949814
43,204,0.508105501700622,0.018442940260138378
43,205,0.5116155000562558,0.02445297107349893
43,206,0.5169532303539783,0.026472734678342623
43,207,0.4496650027931922,0.0445948236403492
43,208,0.530832468810565,0.03471450409058608
43,209,0.5103586573665853,0.02532552897221641
43,210,0.5215833733557668,0.008986217239385483
43,211,0.5077702516509955,0.031793698489354656
43,212,0.4972702896378056,0.014733536247201614
43,213,0.49912641559031423,0.029446939279174734
43,214,0.516290152151825,0.017467808172714424
43,215,0.4906771849210221,0.00733538444017371
43,216,0.49807245402818595,0.039658001096374844
43,217,0.47671059369781077,0.011506390772838791
43,218,0.49813105319492407,0.0237068502036293
43,219,0.4923485462388726,0.02663442228318426
43,220,0.5068636308708601,0.027575344024966714
43,221,0.4722790457143879,0.014715012151831021
43,222,0.4801643438146451,0.009899057346664642
43,223,0.5139753775317838,0.014784568448300674
43,224,0.48925806684681866,0.014006895429919954
43,225,0.5121776272359028,0.03796276674378673
43,226,0.4985192238388156,0.014458745414479418
43,227,0.533718499050396,0.01991011867369769
43,228,0.4955046835913097,0.015870330384107224
43,229,0.5224480477836563,0.022002838592783246
43,230,0.5090468117978107,0.0174885323398544
43,231,0.5092028751299503,0.033691263619377756
43,232,0.5152131726824541,0.011494574406744267
43,233,0.5019300922703523,0.022971597179455103
43,234,0.4978143359126301,0.02115061420057219
43,235,0.49114361706594806,0.023625997422977486
43,236,0.522970377361262,0.020216612632367664
43,237,0.4869796738003357,0.026055752319519922
43,238,0.48815573293597786,0.01605034618078909
43,239,0.4891226229073728,0.01724439397295529
43,240,0.49950538540817907,0.008125113417445751
43,241,0.44797315289589296,0.019004324838999664
43,242,0.5137574824316848,0.00959468445836163
43,243,0.5101339572919121,0.017681356759960975
43,244,0.5055930858274665,0.017163900068233824
43,245,0.4456566598316905,0.03760260998773999
43,246,0.5053481243825613,0.03135628973621671
43,247,0.4991090999424883,0.01681475518917415
43,248,0.5130769013611555,0.019794799666050182
43,249,0.4866282986596268,0.01597026594655022
43,250,0.4767415717155649,0.023772792946853954
43,251,0.4913807942799987,0.012359705484130035
43,252,0.47728615733561697,0.02859925149407392
43,253,0.5243805022172913,0.012886683900967897
43,254,0.5445669209223797,0.03249629011900854
43,255,0.4831702596763366,0.02357409295986339
43,256,0.4715200610585104,0.01696293725656146
43,257,0.47568964929448965,0.014880595544034168
43,258,0.5443714122638932,0.0437942863666327
43,259,0.49017568999549344,0.01745826168495545
43,260,0.5254522821678879,0.026604579810596645
43,261,0.5151015238619524,0.03319303840814266
43,262,0.49879372626379037,0.017726702636068042
43,263,0.4971571577048033,0.02438048453630117
43,264,0.5266883069943558,0.0358705788992926
43,265,0.509059126702653,0.016271168976317293
43,266,0.4812091028262294,0.024347010793692718
43,267,0.5222129054269706,0.02931389611162219
43,268,0.5222361335580709,0.025335682886830465
43,269,0.4811740293493974,0.02584369139057514
43,270,0.5173899822291487,0.03419544153715759
43,271,0.4887385114670995,0.016652978412729925
43,272,0.5049051423556848,0.014624497667270477
43,273,0.5047229139241562,0.012846332389857123
43,274,0.49170413912917743,0.014242051339156462
43,275,0.5155693095451231,0.01405270017331689
43,276,0.4990255071773507,0.023452492469777694
43,277,0.5037369171809756,0.01939638558950175
43,278,0.5441436934736141,0.025820302976730526
43,279,0.5177237561049399,0.013168137894577608
43,280,0.4606139300428528,0.036658477439991004
43,281,0.4678339508338721,0.020423196631902205
43,282,0.5533021516042048,0.031852093547921144
43,283,0.5161849886937303,0.02800581058555592
43,284,0.5023942750406247,0.024978968696814187
43,285,0.4792128450158103,0.0176812502561375
43,286,0.49621409880090644,0.017057722523576548
43,287,0.5263271796643582,0.021684819679933
43,288,0.505044575277443,0.021978057563412572
43,289,0.5344282744242983,0.013387868951507361
43,290,0.46864754030901046,0.021337350417853524
43,291,0.5130992684677135,0.01996670914427864
43,292,0.48906528585510395,0.018988106384803582
43,293,0.47330006194336827,0.016615191482423824
43,294,0.5008818729660501,0.017121951661589408
43,295,0.4650057883267311,0.012396089262754451
43,296,0.4973194914452485,0.022620036385650733
43,297,0.4946092751421331,0.006395833607016421
43,298,0.5165213594750111,0.008283361025460711
43,299,0.5010996324365966,0.017222447372873182
43,300,0.48979312374384887,0.028019370032157848
43,301,0.5484665690900999,0.030634697669969766
43,302,0.4950871930303336,0.023108117402731734
43,303,0.5242138188447003,0.027903301058010824
43,304,0.5092355215516343,0.008823448924444748
43,305,0.49869102720427577,0.01111242520608545
43,306,0.49233817530998203,0.02893253965817076
43,307,0.529291306215301,0.02487919774113309
43,308,0.48538760884980026,0.02158756981395649
43,309,0.4762405669702819,0.030048274863569254
43,310,0.5205686298052192,0.029554229014952544
43,311,0.5052547507641237,0.014825480251217884
43,312,0.5083733547391835,0.0240950702498119
43,313,0.5067322225893628,0.019963966219085583
43,314,0.5281706465815079,0.021247010354282128
43,315,0.48330591420500385,0.024152351649468662
43,316,0.5166770068298652,0.043600411697516085
43,317,0.5477513442804383,0.03474303740086105
43,318,0.4875966806713907,0.016449703880104038
43,319,0.5374520725108282,0.018535904452498076
43,320,0.4938127935949232,0.0265537877521153
43,321,0.49505399809684936,0.021224357175166925
43,322,0.47275865051828597,0.030024201880575384
43,323,0.5107117231756844,0.007728072608967171
43,324,0.5372858439902353,0.015100667471559723
43,325,0.4997490100890994,0.02805166674959853
43,326,0.48304675341250036,0.0234862397299852
43,327,0.500126962557038,0.03176111303414333
43,328,0.5033756769210748,0.014619001259028524
43,329,0.4729829121336186,0.014931387097678524
43,330,0.5330968929468588,0.026274609424028608
43,331,0.515704070538362,0.02338247521497846
43,332,0.48632395120529115,0.016575409273177064
43,333,0.5764296615324456,0.03366491027006649
43,334,0.5271988944163447,0.01241815601608346
43,335,0.488626928631307,0.015216009900825396
43,336,0.5049108688720129,0.025469551789022517
43,337,0.5092195072388679,0.012867254357370541
43,338,0.5299957810708731,0.014812639617140768
43,339,0.46115808917775514,0.034686539595272854
43,340,0.5328110440033421,0.015180977666043646
43,341,0.5143368282915948,0.035443015394586885
43,342,0.5391208385843766,0.03637665912821537
43,343,0.4598989843094582,0.02286460356472321
43,344,0.5250442978543741,0.01822636118403994
43,345,0.5201376473871828,0.02875143044379397
43,346,0.4889041503862627,0.013829106256275158
43,347,0.5087562222974551,0.005130358560318553
43,348,0.5300511542080677,0.024211152744549477
43,349,0.5221795727837958,0.022720516692310275
43,350,0.477657069706796,0.021254707062160223
43,351,0.5189742908269023,0.011656066228415914
43,352,0.5140746569270394,0.016092089688112512
43,353,0.48687129010980357,0.023592616061146127
43,354,0.496762909485145,0.024667342500831305
43,355,0.5203251359489109,0.012508379027240236
43,356,0.5372312248535834,0.03131295950265784
43,357,0.501213914677862,0.01390153084036829
43,358,0.4856660203706898,0.030561211851543976
43,359,0.5291999231558927,0.030945508900012485
43,360,0.47878156447874354,0.02053429224870613
43,361,0.48276935335187204,0.02017772163670657
43,362,0.4838801974520296,0.011270160873073011
43,363,0.47832911052262433,0.028448642833864824
43,364,0.49113807319743896,0.024312028327707937
43,365,0.48282293157181816,0.011556415528850457
43,366,0.46557576883159424,0.02433032057509878
43,367,0.5525979253860324,0.040854375265961126
43,368,0.5231186520895477,0.03638462911647181
43,369,0.5370934196650764,0.020444660457648554
43,370,0.4932981087311486,0.01409061452063755
43,371,0.48026782141578545,0.01317370000892388
43,372,0.5031805757033508,0.023938877474298646
43,373,0.5189053708705591,0.03506689813684843
43,374,0.4835631908778955,0.027895675060083683
43,375,0.48182708904449995,0.014517538772660044
43,376,0.5153921555918725,0.016329241010263177
43,377,0.5087278375396714,0.009398120379122616
43,378,0.5426139943263112,0.014646188875222349
43,379,0.5314614635777072,0.016856096604599947
43,380,0.5024925948280551,0.014801453405793872
43,381,0.48434689022803223,0.02936561701429313
43,382,0.5376936122389416,0.020921073096267364
43,383,0.49596997018906946,0.029963667391022353
43,384,0.5247058243359985,0.02528381685457233
43,385,0.5204021516258318,0.03483850930393967
43,386,0.5161014248037029,0.04787931067816533
43,387,0.4936740409254229,0.022080825057643604
43,388,0.5256906999139599,0.023019771940088207
43,389,0.5106398133853408,0.033127282378390986
43,390,0.4937580088721318,0.009242129687395033
43,391,0.503976955320545,0.02150727685001778
43,392,0.4908780026213711,0.009634336361087174
43,393,0.48927494199900956,0.015194712593711447
43,394,0.5060465060020607,0.02069835986761163
43,395,0.5041424700630943,0.02041314776989959
43,396,0.5214124478102184,0.021244585628044224
43,397,0.5380898044718999,0.01441455321671586
43,398,0.4810809750573314,0.023797009992303157
43,399,0.5444768871532528,0.042323899208920254
43,400,0.46348097681551026,0.018960280949973807
43,401,0.4802714712592631,0.02149278523170477
43,402,0.5323837832057274,0.027280114571012117
43,403,0.502608212394584,0.02191421642225059
43,404,0.47730235959641365,0.01480350627349457
43,405,0.5186498725468837,0.03808372381757815
43,406,0.5094265559791629,0.024117155236464474
43,407,0.5310863682890902,0.02852648228736552
43,408,0.4733562536335885,0.02341830505499802
43,409,0.5084122695669793,0.01800988929480526
43,410,0.4923212536169334,0.021184913068996537
43,411,0.5180121817241564,0.01716261689134331
43,412,0.5431826952393228,0.02590178084044734
43,413,0.5160914846988606,0.024832780561148574
43,414,0.513515614960841,0.02322254537392202
43,415,0.4880089527731311,0.011655512351511728
43,416,0.47623119535695846,0.04162090261005216
43,417,0.49511172626867206,0.01628334797134193
43,418,0.48251127693488516,0.026345508051579553
43,419,0.4917919381300851,0.045643081628005976
43,420,0.49862061809312613,0.02087254053811265
43,421,0.4922084495565686,0.01353861618454439
43,422,0.4878566114884829,0.04295868903431476
43,423,0.5182759737972342,0.018957967660235924
43,424,0.48129327579888637,0.01626560387587591
43,425,0.5111864769708192,0.008481359433521156
43,426,0.5279902091570228,0.032376516152312
43,427,0.5201687739521309,0.015450847577647494
43,428,0.5067229036793672,0.03178324463168942
43,429,0.4840208028166039,0.023052324391624072
43,430,0.5066224410866078,0.009346709813253485
43,431,0.5068498616328209,0.019280807996736947
43,432,0.5194657575234545,0.03006325355267399
43,433,0.507420196094052,0.025582453094488943
43,434,0.4897761076148028,0.016478843334304622
43,435,0.5131015423379828,0.026641491965628393
43,436,0.5434961248803631,0.029030917569923962
43,437,0.4981906608746551,0.010394346183283495
43,438,0.5080686934405579,0.022701468189266286
43,439,0.5167167887326282,0.03093646937024787
43,440,0.49256971968536917,0.02708551592648344
43,441,0.5071949687571394,0.019178136041033408
43,442,0.5071947259655611,0.01764456194569037
43,443,0.47040922489080783,0.02128777908130779
43,444,0.5012384625908362,0.012452430019038818
43,445,0.5457472069506515,0.02925389063031073
43,446,0.501765787752488,0.043903460728732246
43,447,0.5186856797879732,0.015483908272015724
43,448,0.5143878450885635,0.014793582462780274
43,449,0.49012429439741567,0.01715044899444936
43,450,0.5119995933842257,0.043049533149388745
43,451,0.4449765902055821,0.01881410726897175
43,452,0.49817519449722614,0.01974109314697368
43,453,0.5056878685957729,0.012952822900461135
43,454,0.4667243161140031,0.032915640697252835
43,455,0.47318238848101274,0.012593993354352668
43,456,0.5074412365563915,0.03366762378229223
43,457,0.5763694597889746,0.043935694762264665
43,458,0.48281972260233014,0.02554901233558717
43,459,0.4901186077885619,0.018700965150494287
43,460,0.5033380511033985,0.015626180537627668
43,461,0.5171417992868352,0.019300573807462463
43,462,0.477884598243193,0.014656668366815883
43,463,0.5310051198461131,0.015559644729855803
43,464,0.5347114161516752,0.041572572191015476
43,465,0.5007714944522867,0.015999195035747586
43,466,0.4787955963614201,0.012612286985732347
43,467,0.5099024308420869,0.015791919249575216
43,468,0.5217464731618805,0.014738799778754223
43,469,0.5086639657261807,0.025282100277817483
43,470,0.5452773778541065,0.03239165016799097
43,471,0.4920152232610308,0.007811619864274789
43,472,0.49176851123456106,0.012384285768900497
43,473,0.5153214746321644,0.021723033905482157
43,474,0.5311760152337182,0.024507959031862737
43,475,0.5228694593773897,0.020639522018503418
43,476,0.5239336718780523,0.02123630041784322
43,477,0.521933122031443,0.03009205565516223
43,478,0.5096652473129252,0.025787488378286795
43,479,0.5206003111483635,0.031999717244672786
43,480,0.5003919627535527,0.0356736467350772
43,481,0.4981741323748031,0.02200035011207247
43,482,0.4906660850133284,0.012014991557756535
43,483,0.5265137777515947,0.024432983472032713
43,484,0.5060775467958176,0.010218714147097456
43,485,0.5141283963633735,0.015895267391450245
43,486,0.47277977964874573,0.032815205913385194
43,487,0.47923127442902,0.009889777432623403
43,488,0.5189839995752425,0.020499019415636064
43,489,0.534808831967262,0.024954689639876508
43,490,0.5316387807024484,0.01662840441728453
43,491,0.5062650911348012,0.0200508742335491
43,492,0.4571774412775302,0.040950924763700554
43,493,0.5276395533413925,0.008220631639893785
43,494,0.5202603789530209,0.04168625005667445
43,495,0.5281510747324081,0.024851110432970374
43,496,0.47448171539858225,0.017462232952468317
43,497,0.49785749338429636,0.020336906520152017
43,498,0.4599691358569636,0.0423745669879991
43,499,0.49157038579641593,0.03533846599616897
43,500,0.5250624810870529,0.015841355347801796
43,501,0.513098545454896,0.030402314664805384
43,502,0.5220598628597221,0.027381084753889572
43,503,0.4802245515354685,0.007231342647496567
43,504,0.513406089285846,0.01875836782453687
43,505,0.5434592411020293,0.03897236454186184
43,506,0.43879492410631105,0.02941817603336686
43,507,0.5491274407544798,0.02336365295258638
43,508,0.5018836908663143,0.028553949226755804
43,509,0.4679739409030078,0.0292740877235859
43,510,0.5144181635807445,0.02485082639868686
43,511,0.5345969644936334,0.02292240422049004
43,512,0.47972020732085335,0.03033467549343455
43,513,0.4846718391105277,0.01259500385938921
43,514,0.4619860916197972,0.0252698224941837
43,515,0.4829009728071729,0.01667409710318844
43,516,0.4766165574376527,0.015208912449574074
43,517,0.5299079418068704,0.01189948332272316
43,518,0.5438085261634706,0.02534539410054022
43,519,0.5072110346284269,0.02913504859864625
43,520,0.4910998258357905,0.03156005724093135
43,521,0.5475076992381972,0.03690005981075268
43,522,0.48463092307456473,0.011936724567135317
43,523,0.5424305819568079,0.03580704098848893
43,524,0.47394298871895185,0.03976829381141445
43,525,0.5143770800538786,0.016605171001586195
43,526,0.5323595816430582,0.017526271152842093
43,527,0.5206959536859841,0.02169041581915858
43,528,0.49575203823106645,0.015211984300929916
43,529,0.4961405035141008,0.007807025308251054
43,530,0.5238727422827226,0.022896975927177356
43,531,0.4637597545056631,0.04406030670957556
43,532,0.48807599632147514,0.021964159735988295
43,533,0.4601770116445876,0.020802667870282055
43,534,0.5370688883315015,0.0379526028227333
43,535,0.5034973035438479,0.03927157004179822
43,536,0.4820198855032838,0.013826110912890544
43,537,0.5139795927587519,0.03635960364832326
43,538,0.5184603270711817,0.02737467348789699
43,539,0.4769364208971935,0.04157928635170138
43,540,0.5358223299876108,0.03295168317191267
43,541,0.4770129353403948,0.022771606510656333
43,542,0.506616201334764,0.026302211813852127
43,543,0.4962235563039611,0.01523850369090776
43,544,0.4963285005258902,0.01754990289824096
43,545,0.5053894616424346,0.040204893030646845
43,546,0.5094247306652668,0.010239335898223016
43,547,0.48612194346133186,0.026750680616609287
43,548,0.5163135861029309,0.010904403852678731
43,549,0.5148435528077774,0.026745826452734704
43,550,0.5138781175089617,0.025012589221595372
43,551,0.5157564970178188,0.021021273597471156
43,552,0.5305152243991863,0.021353627793185073
43,553,0.5177686720792587,0.030596468882731643
43,554,0.4950662498538295,0.029935389377672348
43,555,0.5096223583430846,0.014642330997660005
43,556,0.5377976406674772,0.009245249973171879
43,557,0.48672976359803755,0.01503096890075443
43,558,0.49713795483096096,0.04422941889344207
43,559,0.5227411692310586,0.027531031991797666
43,560,0.5217659301308464,0.02506105925413909
43,561,0.5052313841536332,0.022889326427295444
43,562,0.5086808543887144,0.006955184314335157
43,563,0.44266319581645586,0.03163448113066649
43,564,0.513083282265229,0.016852130369769153
43,565,0.5389527124484437,0.03483861414568105
43,566,0.502618687942568,0.012956444124793649
43,567,0.47736046428460355,0.027433121263031653
43,568,0.5821036453929862,0.040065250632842914
43,569,0.5202215756131591,0.023019011978170183
43,570,0.5204824401573258,0.0157931397884344
43,571,0.4867437538016312,0.027756229977584364
43,572,0.49691300380816483,0.0363615784876798
43,573,0.5454481942305635,0.020197570542546145
43,574,0.5644345825643284,0.033743053045739775
43,575,0.47584219742540973,0.02606382604001687
43,576,0.5087844518210747,0.023406689075408927
43,577,0.5082884622059914,0.023551216110264013
43,578,0.4820476558977126,0.01504203468109125
43,579,0.47623033287583244,0.01725248258911906
43,580,0.49742929950589504,0.036028251844702576
43,581,0.49703900268478873,0.02066876199738456
43,582,0.5657203990172633,0.04314902883806455
43,583,0.5236656733191333,0.023555299638734564
43,584,0.5108298919236361,0.023164654008682586
43,585,0.49949829945906965,0.010300527828761856
43,586,0.47605642857411534,0.01659550081463879
43,587,0.5346737026336869,0.029004253818126182
43,588,0.48010413857504813,0.02780610160948
43,589,0.49663216018361084,0.023585471424285225
43,590,0.4999721073808121,0.024441615131976905
43,591,0.5200757781929758,0.021752404391217294
43,592,0.5296239148662414,0.03269834489661688
43,593,0.5219956243167435,0.012926523190434778
43,594,0.5099101386875416,0.007619489547034597
43,595,0.5267966666423235,0.019138329189906017
43,596,0.5064588293359304,0.04377028895564222
43,597,0.5124241994904061,0.01580930371213616
43,598,0.5076641322614477,0.0190575730258341
43,599,0.48636932088030604,0.016670016244862803
43,600,0.5122809447053797,0.013273489418457435
43,601,0.4661512085055094,0.00893349072457533
43,602,0.4955040358921582,0.024403237251593515
43,603,0.513617076825324,0.02317818019960812
43,604,0.5624527054177781,0.041625129826838726
43,605,0.51799364515704,0.027680554505602067
43,606,0.5155795226660644,0.012284693562050001
43,607,0.4709644687034152,0.04914952093580602
43,608,0.5306360104935166,0.025148941321578543
43,609,0.5124984005407138,0.02660365537400074
43,610,0.5117144284797599,0.026126086767810003
43,611,0.4753278781349494,0.03596513972543081
43,612,0.5529043601785948,0.04429740576597059
43,613,0.5196936802923052,0.02850421449582763
43,614,0.4880075266443987,0.01050492483198404
43,615,0.5122923703276285,0.01713620905232922
43,616,0.5353533756159401,0.02414267790533354
43,617,0.5383910798934904,0.028667489512050476
43,618,0.497843340546703,0.017847252574570784
43,619,0.48573267712051627,0.02249602637345438
43,620,0.49338581606632864,0.01666015666191127
43,621,0.5201873160955114,0.025102656880417823
43,622,0.4856100933922543,0.015727851362910803
43,623,0.46769761381367275,0.01716365103341151
43,624,0.48704099911393206,0.009104960905215296
43,625,0.4988240433708365,0.026027055172379337
43,626,0.46539422432057626,0.02356992683110433
43,627,0.5137331785249208,0.019340216432888496
43,628,0.5361722451668958,0.02074650355197294
43,629,0.5016647812222834,0.022163233511849175
43,630,0.5186526502279055,0.018161045235278714
43,631,0.5287013175941804,0.028244402183525606
43,632,0.4672483989232789,0.03279151146441026
43,633,0.5128104309990108,0.023954618270906333
43,634,0.49835427759752826,0.029756898208447433
43,635,0.5331116260699158,0.019606565350435083
43,636,0.5298038963231508,0.034031984775828555
43,637,0.5465495009640027,0.025477059292896717
43,638,0.5298204421022766,0.036669811041055045
43,639,0.47343997467391036,0.023557578325148334
43,640,0.5305434416823054,0.013433513133139468
43,641,0.4976974364321595,0.006544032566901672
43,642,0.5181207230667493,0.017240038846273252
43,643,0.5076063932228925,0.023796122761677193
43,644,0.46373440111156955,0.022899072754617184
43,645,0.46312366567995805,0.017043141999834005
43,646,0.4754369070645165,0.02345010489503169
43,647,0.45187155628362835,0.017444118025239024
43,648,0.5120852682815614,0.02248783481238315
43,649,0.536095726940149,0.037535467345843544
43,650,0.5758333951129267,0.03759886355847126
43,651,0.5468993434358836,0.02142007389606055
43,652,0.5006259167927692,0.021072690639398872
43,653,0.5152711590122463,0.017071997451533767
43,654,0.5364226976389561,0.023607962501196518
43,655,0.4927688125079057,0.03696194925824302
43,656,0.5090076744877947,0.017930087973372016
43,657,0.5418978195333197,0.032162659928368906
43,658,0.49300115510747455,0.015864665787054057
43,659,0.5018075207825909,0.025020288055673856
43,660,0.4766364638106359,0.016413860869467
43,661,0.49326424655723083,0.009164011369339028
43,662,0.492142154029791,0.023479478755228128
43,663,0.49769131489743956,0.01950631900942525
43,664,0.4953443085988822,0.034095896149968975
43,665,0.535295318225317,0.03971955649061496
43,666,0.5093291927759689,0.022102564568395728
43,667,0.4982505868447481,0.01693623562817412
43,668,0.5201687182235905,0.0154484345894089
43,669,0.49671328212301236,0.008971007576224302
43,670,0.48654989940830584,0.016752079412211785
43,671,0.49554508125068175,0.021576376169216264
43,672,0.4933403619662855,0.01399144341835585
43,673,0.528687806985024,0.029036786434522257
43,674,0.5474683013474435,0.01833068961500342
43,675,0.490813701833385,0.009878159439747791
43,676,0.530585163207507,0.03295848567198136
43,677,0.5270605072730673,0.0169306840847914
43,678,0.4866785095678924,0.020834070731167123
43,679,0.5049602022023186,0.020419406388950553
43,680,0.44906058268203325,0.016076582323104743
43,681,0.54819475455433,0.031430241810567784
43,682,0.5317123791054017,0.018552994852832193
43,683,0.487358926833634,0.017164816350551438
43,684,0.5215196184733191,0.015395154262751228
43,685,0.5047667037318306,0.02037198721535722
43,686,0.516638730406365,0.017085119177671557
43,687,0.5117352149882499,0.031405306795152084
43,688,0.4671466794789133,0.03830491495718241
43,689,0.4933349061001226,0.04239271874203351
43,690,0.5100471499274357,0.01859785988930054
43,691,0.5044023410238466,0.03144471508983077
43,692,0.47944269092675484,0.010178934531926233
43,693,0.549223722162438,0.03338385264337237
43,694,0.5161341555675992,0.020241251159634384
43,695,0.4840486108272698,0.013879049438712442
43,696,0.5413288027981819,0.028961207137373348
43,697,0.5339766609787596,0.020533477877983815
43,698,0.47721190734279323,0.03512026423818501
43,699,0.48624642906913584,0.018935808897512146
43,700,0.48666277379227846,0.03090545824927025
43,701,0.52736971339744,0.01505255035979837
43,702,0.45540906591278485,0.03733888134443518
43,703,0.5446027985211777,0.024072142046466172
43,704,0.515703718228567,0.018655071263482984
43,705,0.509494535451636,0.02566829101250094
43,706,0.49526614883949804,0.009395910974316399
43,707,0.47193899392003436,0.016521681109566436
43,708,0.49665407605770856,0.021083941990744356
43,709,0.548949832595519,0.011143318293794882
43,710,0.5215375069369479,0.03662944890476683
43,711,0.4779184279776734,0.018222646038295456
43,712,0.5568003554613864,0.04747933280937577
43,713,0.5183315547533803,0.020745429899447113
43,714,0.4999224963285212,0.013747255315532688
43,715,0.4780638382420945,0.011234170814090194
43,716,0.5518984752104586,0.03175103403100341
43,717,0.551450643186471,0.032714544124407885
43,718,0.5017443069747597,0.016423896046571913
43,719,0.5073636166196438,0.010007825237567205
43,720,0.5138371563059091,0.022613291689542285
43,721,0.510911593263509,0.016991987244134563
43,722,0.5198983109946317,0.02553406273838085
43,723,0.5220231311100936,0.027391964824416377
43,724,0.4911179252328947,0.015407412558467209
43,725,0.545849111740033,0.024722796374041532
43,726,0.5175932887035294,0.007988956433292069
43,727,0.5426044911446575,0.06391778902633455
43,728,0.5072948871883639,0.03469116175123155
43,729,0.5021293920300958,0.01900309127502951
43,730,0.5216749377493078,0.01620918698574507
43,731,0.5187628803308774,0.024350317463676538
43,732,0.49619313054258074,0.029912403734459303
43,733,0.507882393540553,0.014902152102993931
43,734,0.4802990142658531,0.031610183473186525
43,735,0.5011428124942435,0.016582824199061416
43,736,0.5177658235127807,0.007243404927579204
43,737,0.469981393976211,0.03634024559282033
43,738,0.4765510851811539,0.01255357613305473
43,739,0.515016628238594,0.01939229330121584
43,740,0.5057347403854555,0.026645724933801386
43,741,0.4873228660495263,0.020956751487548487
43,742,0.5139580627267305,0.023478920295366027
43,743,0.5127819590784058,0.011811703916371116
43,744,0.5189900385214965,0.016994883402631493
43,745,0.522769279027384,0.024505939376625825
43,746,0.5191108102692068,0.029629529846221997
43,747,0.47959446161214075,0.01964136607108049
43,748,0.5301233864685355,0.01115119886427108
43,749,0.4665687548729702,0.01676928243366403
43,750,0.5354614432797421,0.014193709290683627
43,751,0.5141254149522274,0.025122795364937785
43,752,0.5092320843888831,0.014342405497304537
43,753,0.4479162809550389,0.03011298923748858
43,754,0.4834449584283524,0.02193017120059084
43,755,0.4869225722015154,0.03974842535564689
43,756,0.5119223077359046,0.036941535716130215
43,757,0.47074312842691823,0.03463104914843155
43,758,0.5394594157702759,0.031189012702783014
43,759,0.49322220489536195,0.024872145247160374
43,760,0.4961776318897222,0.011754312326094935
43,761,0.49588194008010716,0.031603457744707165
43,762,0.5385889038301479,0.019500113593898336
43,763,0.5221383723015293,0.0477562876213813
43,764,0.4886213647976939,0.008321204276451699
43,765,0.5381413511536085,0.04321993327074533
43,766,0.4851515720808129,0.019117721274289894
43,767,0.5032057247145367,0.0074978086263471294
43,768,0.5095327992026945,0.015373235357518819
43,769,0.5268096150117421,0.024612435790864976
43,770,0.49195746987585554,0.027363815675986104
43,771,0.5068604659447649,0.01691800398184382
43,772,0.47190226368057636,0.022236858632299145
43,773,0.5048196419853479,0.02312281161994401
43,774,0.5347573571826615,0.025950747431732615
43,775,0.5140938265690107,0.02471741592931698
43,776,0.5069629597412509,0.02975760140817022
43,777,0.5445656187039516,0.037755270732466706
43,778,0.5019043353619397,0.01655785155869051
43,779,0.5206300820543325,0.03855028351745725
43,780,0.5125195892108647,0.021771084868711123
43,781,0.5109163851775129,0.029781023291553292
43,782,0.49102739168663206,0.02151859985158612
43,783,0.4846757533426461,0.008141622397583497
43,784,0.5628805267728331,0.032965218906409445
43,785,0.4952725328678384,0.020428021853476967
43,786,0.5064591611967174,0.008106435071743827
43,787,0.5468945843835153,0.03925280419512651
43,788,0.5268553237135466,0.029220215438313935
43,789,0.4698986433048973,0.007972042533681847
43,790,0.48450272714501275,0.024737468623467134
43,791,0.5133177495691904,0.016680348047536143
43,792,0.5025884261938269,0.02079558021536159
43,793,0.5276579486003904,0.016398805512638864
43,794,0.4979967296769793,0.019735807492854376
43,795,0.49574493879597176,0.042129683579662645
43,796,0.4558219499648549,0.022982814017499246
43,797,0.5236938117031492,0.015421638580248857
43,798,0.5219216624368526,0.031425607730815576
43,799,0.5090927685215799,0.020364300393012152
43,800,0.5029604661005469,0.0239000024247167
43,801,0.4914519131842903,0.019587989076196556
43,802,0.4458902891468938,0.020244540967145296
43,803,0.5112581068681046,0.01261626684408508
43,804,0.5274932514057104,0.02539227983707441
43,805,0.4920694621968242,0.028748065878682384
43,806,0.5318233386792001,0.009730752711753587
43,807,0.5265896872415897,0.017828060235156068
43,808,0.500621242368409,0.02604416459507943
43,809,0.5140176512419102,0.011640119208767861
43,810,0.5265717414499388,0.01477188065322678
43,811,0.49521791766899675,0.01678689698786379
43,812,0.49170418342751315,0.03742802519999318
43,813,0.4976766458348423,0.01731960825531301
43,814,0.5125588840560251,0.02612158417359434
43,815,0.5249628428915167,0.020395801855569315
43,816,0.5247692103958296,0.015821391191532305
43,817,0.5306533951301545,0.024872851583591093
43,818,0.4657153304848354,0.04933320354999886
43,819,0.5094835375941222,0.012266956002506317
43,820,0.5195762751206763,0.020687310372426746
43,821,0.5292005242102609,0.01709096861779771
43,822,0.5478404037102701,0.04226113157629715
43,823,0.5215656527938722,0.018672298795748124
43,824,0.5410509911608723,0.018772699942570248
43,825,0.5023170199562066,0.02152516326862852
43,826,0.5312585606598655,0.01209769392691619
43,827,0.5626302967294065,0.03517121089334619
43,828,0.4884284457033196,0.030015221016696986
43,829,0.4870565450205138,0.01858172626403216
43,830,0.4716430072959019,0.02628530349165577
43,831,0.5005742768767042,0.02348264020406963
43,832,0.5214168616311073,0.014867999706917028
43,833,0.4727989522006371,0.020876452898396188
43,834,0.5030269147943413,0.02116693794684328
43,835,0.5261079090993125,0.03309778501486286
43,836,0.493099600778174,0.011699871969366381
43,837,0.5157511656367992,0.009992490073355283
43,838,0.5029320510175646,0.027675400052812753
43,839,0.48951645887483275,0.017609694223218883
43,840,0.41309828806435295,0.03312449793811433
43,841,0.5392216983666013,0.03519472098061633
43,842,0.5079529843463279,0.011026601676237579
43,843,0.47969868012405525,0.031927665236570056
43,844,0.4786475174746474,0.017614521193339876
43,845,0.4727710885572374,0.027682662533857313
43,846,0.5049762689748369,0.01998829329869145
43,847,0.45722835382726457,0.03155700245672624
43,848,0.5357617829834311,0.024938617452766713
43,849,0.5218354364393167,0.025753946808072855
43,850,0.5228805149461517,0.01668846494307734
43,851,0.5164537617687776,0.018075298770455574
43,852,0.4802435640174024,0.007193217241161625
43,853,0.5164282730910094,0.01890439371167668
43,854,0.48418450519212786,0.016937821544764035
43,855,0.5216163806205211,0.01614485447896529
43,856,0.4935729597603171,0.015876765276282536
43,857,0.524306014437562,0.01961066491284344
43,858,0.5151939542749653,0.032889912374387306
43,859,0.5203527627147551,0.03017074265159377
43,860,0.5267833422242033,0.025891871143135316
43,861,0.4845796167843999,0.028326497889813045
43,862,0.49458885509844525,0.03533398214270361
43,863,0.4831244595653711,0.016686921552636732
43,864,0.49974017968192347,0.024173723779400864
43,865,0.5211563527986788,0.027184406672805875
43,866,0.4727688341779111,0.01496520374240657
43,867,0.4832601591555785,0.018231303189326035
43,868,0.5049022876933141,0.019286614418677937
43,869,0.50158560230564,0.01570706916622906
43,870,0.5209009485699946,0.018889367497466055
43,871,0.4755736071183455,0.0239719798832527
43,872,0.5077024997888271,0.021519768039058237
43,873,0.4560772705917975,0.02535423516965721
43,874,0.47676013499646136,0.03060281523595069
43,875,0.5030833731465773,0.022092527822305114
43,876,0.5227673248845746,0.026548160142840973
43,877,0.5214971334191946,0.014510081056942055
43,878,0.5643906439772511,0.026506324993860353
43,879,0.5275843653088855,0.021870335999093188
43,880,0.5023970547709317,0.012416731015521997
43,881,0.531364487372763,0.01780736975318454
43,882,0.5159960121333693,0.009216047730699563
43,883,0.5039348741750239,0.012214583027943019
43,884,0.5053168782640697,0.010907261656397176
43,885,0.5042604941740573,0.026175774041204365
43,886,0.4885464088991995,0.020273045412600294
43,887,0.4905032575299342,0.017314410341034116
43,888,0.5239911168068363,0.030127395306120876
43,889,0.5142432508147498,0.025796141246456135
43,890,0.49965119422933796,0.01859570475562257
43,891,0.5306629292979095,0.0385710733810191
43,892,0.48086504295646143,0.025491848208808107
43,893,0.4965528898643017,0.018870633981711654
43,894,0.5177623175463352,0.025663226483710565
43,895,0.5286414382250272,0.03508697610176565
43,896,0.4826477999869844,0.014600730036512438
43,897,0.5313404488695394,0.02563562569179147
43,898,0.5188834513054748,0.0189840235806491
43,899,0.5089995342918828,0.018341755763142897
43,900,0.503578528970527,0.03173074671940214
43,901,0.5396357702619794,0.03985455610879926
43,902,0.5052561265392238,0.016487572292404547
43,903,0.5040718286032768,0.019383097813997014
43,904,0.4811532574181127,0.015260303416363032
43,905,0.46238733559565953,0.04796324495923384
43,906,0.5248766673304291,0.020176227252332115
43,907,0.47240497262245473,0.01724449990044413
43,908,0.5302524511569762,0.01857420308523982
43,909,0.5128786696167478,0.013722659255712167
43,910,0.5119085380594288,0.018183922084172844
43,911,0.49703444550162484,0.018731423714982307
43,912,0.5270071132419636,0.03551950418351834
43,913,0.5155250591987655,0.023542377558135496
43,914,0.5242648170941767,0.014739169809807932
43,915,0.45841100423048803,0.01946852573242758
43,916,0.5677728948168084,0.0272399653267144
43,917,0.5316735497565059,0.020183745895288922
43,918,0.5324951157266942,0.023970030187901763
43,919,0.4983618181030971,0.016522572851057404
43,920,0.5271676185702274,0.02586163253390415
43,921,0.5127614267640936,0.016726218708989576
43,922,0.5019332127178656,0.027666928270404147
43,923,0.5213683447688177,0.04902862017144275
43,924,0.5213675449695119,0.023564916488832882
43,925,0.4752253951142609,0.028163723139913957
43,926,0.5247164824311236,0.01516959628911017
43,927,0.5290573435031588,0.025924532757732308
43,928,0.5145877591353414,0.01985944996828285
43,929,0.4894951703125843,0.02021630148975045
43,930,0.5111496037230832,0.03435408715713948
43,931,0.5059853319133691,0.030320659362999925
43,932,0.555698273536302,0.03785388033731039
43,933,0.48985978221819265,0.029500933767269144
43,934,0.5022729598182635,0.019480146518187323
43,935,0.5065691153395697,0.009204342841214628
43,936,0.48459336282751875,0.02369394636841239
43,937,0.5052345988763838,0.011626811539654652
43,938,0.4800881574032177,0.03943298410695235
43,939,0.47303759259780875,0.038099717085697614
43,940,0.4887762488620207,0.013982058999103437
43,941,0.5057848280540624,0.013643879607685172
43,942,0.5083045318575767,0.041222242465257936
43,943,0.5287712565470227,0.01973082599532192
43,944,0.49599352434974975,0.017956263756866354
43,945,0.4953952733079582,0.010353802246341168
43,946,0.5016655480511564,0.015674083312844613
43,947,0.5019885242985606,0.035198609652013615
43,948,0.4823091650784701,0.017035456124939667
43,949,0.5416450504353019,0.0387058535622105
43,950,0.504312008906728,0.02300259101047772
43,951,0.5002799817686061,0.041786053236473455
43,952,0.47880670861353997,0.020441139423248128
43,953,0.5361987243216739,0.025575872977717722
43,954,0.5279973546019797,0.016510567899286736
43,955,0.534384983339888,0.0169848687789439
43,956,0.5163436970830658,0.02895038281279133
43,957,0.5110115044946301,0.018623233286192507
43,958,0.5133259309034468,0.02561727227862039
43,959,0.49757899134248595,0.018823830776442438
43,960,0.5075554180774015,0.011609316862628413
43,961,0.539976326477649,0.028586302612439166
43,962,0.48657245977934405,0.017858818890262116
43,963,0.5306502953703537,0.022758721834634052
43,964,0.5254896801739033,0.025338185474490113
43,965,0.4937691222511961,0.015578783885742282
43,966,0.5385122319752141,0.027663207095711642
43,967,0.5106093164202317,0.01787324371610183
43,968,0.556176797132794,0.03850370413117639
43,969,0.534586967989605,0.032328357017234695
43,970,0.4947000541430705,0.013775063535478495
43,971,0.5071947050602541,0.014821841037015643
43,972,0.5210643267232716,0.02597816152086148
43,973,0.5253305997662354,0.021548823014014156
43,974,0.491744376172982,0.014167871736606597
43,975,0.5028011511179274,0.014762087514282568
43,976,0.4851108754450233,0.008433465209237573
43,977,0.46939820398370075,0.022933764588742283
43,978,0.5667458569257193,0.04147790388354636
43,979,0.4786945380453569,0.03356169439112942
43,980,0.4987060305504281,0.025920687963256323
43,981,0.5085910913996597,0.013139806264568992
43,982,0.565307462578514,0.0491315333033717
43,983,0.4945681710119943,0.010298978494127989
43,984,0.5271747379395733,0.020525182539859858
43,985,0.4694380833444261,0.022606616413165755
43,986,0.5333046771499472,0.029392265594509148
43,987,0.48900226679269426,0.018195568920148838
43,988,0.5193574269097332,0.018197696113218358
43,989,0.53753251632033,0.04635135540181933
43,990,0.49118155320418316,0.021573864558521193
43,991,0.5174962554368727,0.0202251845486511
43,992,0.48124262269644985,0.01112730814873981
43,993,0.49947812460374685,0.016833598828115835
43,994,0.5362964884069436,0.023097994185598637
43,995,0.5281551092130732,0.009940649146064136
43,996,0.48311700144366454,0.03696255979133316
43,997,0.48061968040376674,0.027222477913693394
43,998,0.5074052440125059,0.024564291501662627
43,999,0.5460286036743518,0.016635441973461673
43,1000,0.4877521700266823,0.011702164140636169
43,1001,0.5269935300179621,0.0203672922585677
43,1002,0.476966714590101,0.021366575113498498
43,1003,0.5053315299093668,0.00688613628750403
43,1004,0.5071651518299412,0.024659188714496853
43,1005,0.5393200000482236,0.032348737831000625
43,1006,0.47778340079820375,0.014694370729484237
43,1007,0.4840460116695151,0.011173925223546441
43,1008,0.5342164960653458,0.016259335769726893
43,1009,0.4711551063393193,0.019950330436769685
43,1010,0.5174578186462525,0.03176846988387592
43,1011,0.4899738402803256,0.035396803248342344
43,1012,0.5007939125279123,0.005874238646944318
43,1013,0.4980835133967319,0.022533900630464353
43,1014,0.5283721807863266,0.033025768128201606
43,1015,0.5181825308359878,0.015459161691437746
43,1016,0.5153138881281001,0.016171515923793726
43,1017,0.49366665567999957,0.004883892574083012
43,1018,0.4682698454940273,0.028107948001824517
43,1019,0.5030799934807275,0.021531797710487622
43,1020,0.4890747820786064,0.024228655161685035
43,1021,0.5026260879438189,0.01831449932134101
43,1022,0.53512194069544,0.022775103965296025
43,1023,0.5145291304813058,0.019721061721296274
43,1024,0.49300817304045175,0.014066376811160559
43,1025,0.5154120068355119,0.017755650491518147
43,1026,0.5184528076657806,0.024478960323174582
43,1027,0.5031640226266914,0.009594812451227992
43,1028,0.5044347784525431,0.03417875162218747
43,1029,0.46744762391496636,0.030024898630133814
43,1030,0.5162561649715115,0.014911185791643685
43,1031,0.48584107093893397,0.014737056344706716
43,1032,0.4751639651848186,0.014585541108710137
43,1033,0.5127015482507038,0.019445440410695732
43,1034,0.5148387800209764,0.033213056400760006
43,1035,0.4991512952536541,0.015786631205566084
43,1036,0.519518028679436,0.027129829011708382
43,1037,0.4906329375755194,0.02255715069909472
43,1038,0.43002668985883746,0.0547536276645566
43,1039,0.5027176113175559,0.01763781717742966
43,1040,0.5099189852096986,0.021428361611497294
43,1041,0.5115730667211038,0.014911338617265086
43,1042,0.4986675960494213,0.010782677866788907
43,1043,0.49505321404228925,0.03283251688093707
43,1044,0.4853244406263854,0.02058899868246537
43,1045,0.5333816461528555,0.013685102101073363
43,1046,0.5128935276617609,0.023382652970762568
43,1047,0.5287175566138269,0.02623804316366309
43,1048,0.5097959159015277,0.021941009416636095
43,1049,0.45054458881381915,0.029099936454675266
43,1050,0.5308383399281574,0.029396117932337474
43,1051,0.5430831671628239,0.02901966089446428
43,1052,0.5395804914292514,0.038948810100340785
43,1053,0.46898750418058593,0.024408999429809612
43,1054,0.5217055233841611,0.01447641834105251
43,1055,0.5339856293456974,0.032773561190143206
43,1056,0.5054859737687258,0.0077277327638618975
43,1057,0.5545509440115685,0.031058516547338853
43,1058,0.5646887010451864,0.02590638964863267
43,1059,0.5401468550691889,0.028789795229540942
43,1060,0.49394258237928224,0.03239877172860847
43,1061,0.46293854132592627,0.01780960808515653
43,1062,0.5383652778845655,0.014018531155972363
43,1063,0.44944426846531493,0.022188001619797133
43,1064,0.5141852016813494,0.03194529422455235
43,1065,0.5102757437202655,0.010457024789962582
43,1066,0.48843645275740094,0.027496889560589582
43,1067,0.4778662987631075,0.022824799376393888
43,1068,0.5252676999731972,0.01063108858076857
43,1069,0.46874621051608695,0.016452033445451715
43,1070,0.5193709637341509,0.023096328184174404
43,1071,0.5087988411026586,0.029996497934345126
43,1072,0.4703495309186334,0.04280080156010129
43,1073,0.5284955562239271,0.030340030126630377
43,1074,0.48789968520089505,0.019464892555747612
43,1075,0.47627227000954275,0.0315519261237127
43,1076,0.5751027906550924,0.024445644938472632
43,1077,0.5143450097784921,0.018546074728657165
43,1078,0.5320446001913726,0.019055498505123034
43,1079,0.5197054232906946,0.01322996999057
43,1080,0.5341436838799066,0.025217505795809666
43,1081,0.5210513290719545,0.036611515369728294
43,1082,0.44869706716185687,0.016768926676247003
43,1083,0.5049067182770959,0.016935970584924562
43,1084,0.5533845900177196,0.02928502350721838
43,1085,0.4875910424659384,0.008463112887936984
43,1086,0.46386383781184726,0.014417828704236399
43,1087,0.4941213200386296,0.017441158167263902
43,1088,0.501172751048628,0.03189953189195498
43,1089,0.4857150585958108,0.01996417078259464
43,1090,0.5438801603233341,0.02331063526348341
43,1091,0.4812408331102658,0.012691233381726138
43,1092,0.5395938573023645,0.02739312067193387
43,1093,0.5307407722121485,0.017668489642114576
43,1094,0.5437444630974366,0.023570694618125627
43,1095,0.5376585208998774,0.035575093665572044
43,1096,0.49725569605612985,0.012158912936455537
43,1097,0.5091822345786307,0.02689732084693551
43,1098,0.49340573587495806,0.022944185035059458
43,1099,0.4894154519370445,0.022611563185390413
43,1100,0.4490818921577078,0.0346526389014455
43,1101,0.49465002978633343,0.010901537355337448
43,1102,0.4842806473818487,0.02066732529840548
43,1103,0.5075226319438332,0.017197847355613173
43,1104,0.5091795715016902,0.03417499131706899
43,1105,0.4852448837968729,0.011752900538206684
43,1106,0.4844350792491546,0.015343999693543206
43,1107,0.49374532376116176,0.013102290088237342
43,1108,0.5153763916978574,0.013308272519988784
43,1109,0.49038072458075055,0.0167331773104091
43,1110,0.5112799068130681,0.035655940618493004
43,1111,0.5262719558797818,0.02833796488702077
43,1112,0.49325999645669016,0.026437973650549663
43,1113,0.47251211530680437,0.016258725662062504
43,1114,0.500319135295905,0.012210609449489202
43,1115,0.5171557570883398,0.025757359549439557
43,1116,0.5667563231772236,0.026230344079943978
43,1117,0.5379470168037297,0.03090639536637305
43,1118,0.4915541038538256,0.007042857632351738
43,1119,0.46722550295499965,0.017645025063709865
43,1120,0.5551103124084352,0.03345708725632405
43,1121,0.5295173148494946,0.03783691414299379
43,1122,0.48569223421448643,0.014360911821627015
43,1123,0.5322572885563553,0.019204926075211726
43,1124,0.5071810098514241,0.013267913958979008
43,1125,0.4756105455031468,0.030610797108896425
43,1126,0.5119776210670983,0.018274558176717103
43,1127,0.524664352354299,0.026179396697486205
43,1128,0.5085375560279608,0.027774130042282505
43,1129,0.5070622855425855,0.02031315371233512
43,1130,0.4973921574445561,0.020847177960514354
43,1131,0.5336820529649506,0.027600733788060626
43,1132,0.5016812999888427,0.015274476127352834
43,1133,0.472797776734232,0.021100795536127627
43,1134,0.50236759904892,0.02777613224119848
43,1135,0.5200466973099054,0.020824460176663215
43,1136,0.5337183535511485,0.02090356397475907
43,1137,0.4968359535986777,0.02306269378781608
43,1138,0.5125736129928244,0.027236829365688803
43,1139,0.47885683750655483,0.010645054232424782
43,1140,0.5080279443726217,0.031181037966527318
43,1141,0.4886796861027967,0.021969089092989263
43,1142,0.5370710731634151,0.03344891372850549
43,1143,0.5053515709099936,0.020286033218426914
43,1144,0.48351960850757053,0.028587557275611675
43,1145,0.5071114411258193,0.02413484850940438
43,1146,0.5140904027103748,0.03634581174002047
43,1147,0.5416569381096522,0.040272407830120795
43,1148,0.5166602507002223,0.011710338760372509
43,1149,0.5223118213777652,0.01982546024067603
43,1150,0.5167128262416301,0.018391755321645352
43,1151,0.49505543209470687,0.008631083805920307
43,1152,0.5319066342590147,0.03353576533848829
43,1153,0.5371545605072824,0.0317185981701266
43,1154,0.518113470079788,0.03308415836899023
43,1155,0.49792916177793956,0.019490311221583054
43,1156,0.4898063412516382,0.017637307715321664
43,1157,0.5003047731438041,0.013195196425730265
43,1158,0.5441004650986293,0.02523115595884712
43,1159,0.51886673435745,0.021853319066533733
43,1160,0.5201749569231864,0.022953670878848684
43,1161,0.5024884430542308,0.021663106502448366
43,1162,0.527951280942296,0.02282858381140625
43,1163,0.4472241924305037,0.039873175178512306
43,1164,0.4971345139057742,0.05069504571921304
43,1165,0.5364412556423749,0.021593170455356584
43,1166,0.5100866441069875,0.010480187380947588
43,1167,0.5040712138193476,0.022812187977978852
43,1168,0.5439439234110417,0.02901719534947196
43,1169,0.49957695519742945,0.012524133964366805
43,1170,0.4689544111072923,0.022674812980075454
43,1171,0.5211260282041097,0.018133916090070614
43,1172,0.5406663844496172,0.01959157258556109
43,1173,0.5370831845021408,0.01914327909194275
43,1174,0.4867318614181469,0.04704407233459471
43,1175,0.4999678417498725,0.015810878568110632
43,1176,0.4754215723609675,0.03128377916824439
43,1177,0.4980417480668417,0.03134158842789699
43,1178,0.5294820302881701,0.048511241954302065
43,1179,0.5280932605717998,0.024225585250886566
43,1180,0.49267907415086915,0.016316298893390358
43,1181,0.5063202716473084,0.013505122512280017
43,1182,0.5338636715685074,0.03180487340544162
43,1183,0.51809229271643,0.024978710271919884
43,1184,0.47722928271705184,0.032197542676442426
43,1185,0.5100154007662676,0.02275404659499484
43,1186,0.48992619885739946,0.021272359965201857
43,1187,0.5111959670302277,0.022458762208185892
43,1188,0.4772073672960053,0.014801413351175945
43,1189,0.5112447003957615,0.02560108250178705
43,1190,0.5198522677770631,0.022973291882963914
43,1191,0.4826878276675662,0.014772825437944533
43,1192,0.5472993319160456,0.042682225132241555
43,1193,0.5221351169292098,0.019417441445853095
43,1194,0.4726152923255501,0.015785395203807326
43,1195,0.523350787222538,0.02220959466274132
43,1196,0.4949373560890881,0.025815963745552544
43,1197,0.45671331766534684,0.019499848865968738
43,1198,0.5411295737550154,0.012943198257290945
43,1199,0.45729717655460667,0.03339911590742788
43,1200,0.4832098981193942,0.03427518537049277
43,1201,0.5336654403144993,0.02206300480951482
43,1202,0.5108380235083284,0.022953827459495178
43,1203,0.5250401458662031,0.02585937203642831
43,1204,0.4676878636005964,0.028252660925247464
43,1205,0.5055214703872224,0.017955648280535665
43,1206,0.5189755238811437,0.03658332888284677
43,1207,0.4981786584517017,0.01729493335568743
43,1208,0.5369276540296146,0.025737702740292877
43,1209,0.5589930594133069,0.0371978847920738
43,1210,0.5354304185603702,0.020119522612439086
43,1211,0.5017188943917242,0.02220051162594638
43,1212,0.550925226372113,0.027909915949994885
43,1213,0.48077724787712567,0.022452266775993494
43,1214,0.5407305656905552,0.019345472348816475
43,1215,0.5132592125321671,0.03875635763317633
43,1216,0.4689841882942717,0.044650838532156074
43,1217,0.502148621760616,0.019868829363820648
43,1218,0.5076995037615036,0.02320728657478968
43,1219,0.5002049107350348,0.03360520471471356
43,1220,0.4867597803792557,0.025790769479354984
43,1221,0.5125450679588557,0.009032499643146105
43,1222,0.5126677092327342,0.020101237334449098
43,1223,0.5515527194045658,0.042011101044005746
43,1224,0.4905932425075621,0.022284957551046865
43,1225,0.4839350718919415,0.03065266800750187
43,1226,0.5011650887632321,0.02044669823462396
43,1227,0.522474356440181,0.022305506850654216
43,1228,0.5010480047106931,0.011736962401949772
43,1229,0.4607046305279131,0.033014353808587235
43,1230,0.5112522030398936,0.021664734106320804
43,1231,0.49735549236164944,0.017240538542820885
43,1232,0.49485259943876725,0.013838621108719145
43,1233,0.4918852589802411,0.008980634200749795
43,1234,0.5145672402712901,0.013789372940305088
43,1235,0.5036565226176477,0.013021269614280802
43,1236,0.5054073277863924,0.027887793939903614
43,1237,0.4846124857045426,0.012532329355796533
43,1238,0.519095834237655,0.012180250439234316
43,1239,0.5058551886221605,0.018830834324640337
43,1240,0.5130262130733694,0.0171678017644942
43,1241,0.4994314584863002,0.01670960567227603
43,1242,0.5053407109862601,0.03895986367298503
43,1243,0.5098285793329281,0.03913688058653458
43,1244,0.47412856550383736,0.03323119102429503
43,1245,0.5517155014302031,0.04999738198798385
43,1246,0.49930238542047267,0.01682365621391327
43,1247,0.48032966330838267,0.015988503222578238
43,1248,0.4915797538405406,0.026635642196691352
43,1249,0.506403981020345,0.01611035311252205
43,1250,0.525887145290633,0.026935399102443466
43,1251,0.5152638723192531,0.02287428583617163
43,1252,0.47583214987436967,0.021812179287901967
43,1253,0.4999045339623427,0.013081929434742423
43,1254,0.5451899423820995,0.04528412173034084
43,1255,0.5137199575031433,0.023668647284662035
43,1256,0.5207954850962251,0.016243003172015432
43,1257,0.49231117225593557,0.019998966759399824
43,1258,0.5098469236228588,0.012467198783105512
43,1259,0.5144171292974222,0.01862041184232985
43,1260,0.4985491554058196,0.028009904042483668
43,1261,0.53401102987335,0.03490819134523997
43,1262,0.48882383398968654,0.01309261605912499
43,1263,0.5160203246481053,0.029147927010141367
43,1264,0.5065971869318282,0.015589610667402573
43,1265,0.4652516476216059,0.012250638646355195
43,1266,0.5055918837154827,0.019966357574980224
43,1267,0.4829070902530656,0.03571027456991088
43,1268,0.4921639855616763,0.03650606166959679
43,1269,0.48884736250669686,0.03794545712412511
43,1270,0.498646284742056,0.02377357166159887
43,1271,0.49339723467683944,0.01805214193937024
43,1272,0.47803296021386815,0.014345961296700226
43,1273,0.5041789859525191,0.0035820810240243914
43,1274,0.4898848182767417,0.022773949980287426
43,1275,0.4708572068844726,0.011308722120491388
43,1276,0.5255279992377992,0.025044223719908734
43,1277,0.46064635894801687,0.03144312651068787
43,1278,0.49996829751933985,0.043247125412324124
43,1279,0.48110709079200614,0.011576754126988451
43,1280,0.4959875729836437,0.004339981628208725
43,1281,0.4916662913294233,0.01653202837444225
43,1282,0.49634867012484524,0.008970678811427945
43,1283,0.5185790257542126,0.03842438108263429
43,1284,0.5085921875415157,0.02048207606188951
43,1285,0.4873104623417851,0.015517073806732765
43,1286,0.49866767458478445,0.019692932623110976
43,1287,0.5246274865063986,0.017905257500936148
43,1288,0.500542168374517,0.030761034037928976
43,1289,0.491833227340554,0.015342518828208309
43,1290,0.4985950422005738,0.03549892033367167
43,1291,0.4808275414550492,0.005729737191450498
43,1292,0.5386490182890097,0.028436671953573436
43,1293,0.5258060872947748,0.02742711934350094
43,1294,0.5063990831703138,0.01846854817088296
43,1295,0.4822999129537366,0.007191545319550898
43,1296,0.4790386567809228,0.030185505322714218
43,1297,0.5068745841231326,0.03409451009433093
43,1298,0.49492516605423914,0.021844606872069985
43,1299,0.5407555824449028,0.03201902269963852
43,1300,0.519128975462655,0.028058194126859812
43,1301,0.4981029451572167,0.022826820227069524
43,1302,0.509251744514758,0.027504417771181882
43,1303,0.5240698607245408,0.02379446077821962
43,1304,0.4933286142051756,0.01545701128741608
43,1305,0.49445735419640285,0.019205674786723886
43,1306,0.5174975490034851,0.024876520952098177
43,1307,0.5329024755603343,0.013819863006317556
43,1308,0.5064298634044431,0.04065072753341203
43,1309,0.5188891351586732,0.012409207725326096
43,1310,0.5064121989510673,0.027130731650175908
43,1311,0.4849308491717734,0.01790975278788945
43,1312,0.5202505803868822,0.014199496094567133
43,1313,0.5222402376592215,0.03738617506557748
43,1314,0.540939312568901,0.03171162203994147
43,1315,0.5075128187956176,0.012596011745349332
43,1316,0.4767554398827648,0.03407362385548697
43,1317,0.5049743785660955,0.02112224938338629
43,1318,0.501227778004397,0.014852334153595943
43,1319,0.5413957565888095,0.022832792749427757
43,1320,0.5461959171534195,0.018243070310725938
43,1321,0.518152050953668,0.007563850468993553
43,1322,0.48387678749021024,0.018020221450252213
43,1323,0.5550881046167493,0.038986172534754344
43,1324,0.47719481552659815,0.01799803738138951
43,1325,0.48578683796587846,0.03095373535546907
43,1326,0.5402863959827546,0.021321216447634742
43,1327,0.5069085143131826,0.030405840426020524
43,1328,0.5324629908903077,0.03164501727133245
43,1329,0.4990087756034055,0.035633228557121775
43,1330,0.5167814737258604,0.016936961915723615
43,1331,0.48174809896087917,0.01036645628946993
43,1332,0.48724565485261256,0.031047417558416838
43,1333,0.52996440879306,0.04210908727840413
43,1334,0.4807250618671569,0.011587390426780544
43,1335,0.5104129768837793,0.015121498992689959
43,1336,0.5457845623893438,0.02281903713071023
43,1337,0.4839453609241216,0.014437659426427607
43,1338,0.47823745447472255,0.008434347275875415
43,1339,0.47085537461892063,0.017754040839542372
43,1340,0.5183422899938621,0.021301675639766815
43,1341,0.5151331469157616,0.02990865676835072
43,1342,0.5092889948537004,0.020337263510962246
43,1343,0.5029697906485125,0.0073113009951739074
43,1344,0.5481606445533083,0.03096770555014698
43,1345,0.5017535927860391,0.05055543703232352
43,1346,0.48801405552732247,0.02713902818850133
43,1347,0.4773339729347924,0.021015108464788438
43,1348,0.5126791165332044,0.03173860103582609
43,1349,0.514350150900758,0.028909460804561162
43,1350,0.46839350305584115,0.025387595232399623
43,1351,0.5156047285164967,0.028218010902858963
43,1352,0.5429394844441832,0.031016916950606183
43,1353,0.5262924015411582,0.022053361430606974
43,1354,0.5116500382799352,0.01565468999508426
43,1355,0.5368460924324792,0.025656037476051746
43,1356,0.49791005573200997,0.018201747890229405
43,1357,0.549557051885708,0.03954001767069857
43,1358,0.48850035564143257,0.013573399142587685
43,1359,0.49398785909924114,0.012013468988597007
43,1360,0.5182744290454182,0.02456378868135105
43,1361,0.5257862028566127,0.017804132419579618
43,1362,0.4818085688473074,0.014737216412455187
43,1363,0.5151315304081115,0.015157088305194587
43,1364,0.5219455585196279,0.013882763727753213
43,1365,0.5027307227951353,0.01903151463439932
43,1366,0.5427795763299075,0.03402532051955288
43,1367,0.4995231980109081,0.020175761606739513
43,1368,0.4994939458014263,0.03240326263107173
43,1369,0.48845871299260035,0.02068510780594509
43,1370,0.4774915965637615,0.026531754669459142
43,1371,0.5190313806918598,0.014139960248766143
43,1372,0.5376299939002678,0.02770697371217556
43,1373,0.512725207077569,0.02463770972139292
43,1374,0.529853132208485,0.029673154731306627
43,1375,0.49935875143958314,0.023468212208099658
43,1376,0.5428802432584833,0.025985179252895844
43,1377,0.5143315711443881,0.02372621442917264
43,1378,0.4950993760989121,0.013165519294997718
43,1379,0.49675251833458384,0.024798376080699513
43,1380,0.46851907839295986,0.024905473011100233
43,1381,0.5002613832065534,0.016367830326892534
43,1382,0.5121707010482213,0.027477767324830742
43,1383,0.5116590770451774,0.03108260448955308
43,1384,0.5186490424613515,0.01880960394367424
43,1385,0.48751961746794165,0.01810463348462933
43,1386,0.4975566545724934,0.029753610934277343
43,1387,0.4744912013691634,0.017703028907230692
43,1388,0.48742850197015625,0.01785984099901259
43,1389,0.5035798614589433,0.015053801133191434
43,1390,0.49506757351830305,0.020104821703037155
43,1391,0.4775694037210595,0.0276241308565412
43,1392,0.5166222434751748,0.015601621693192185
43,1393,0.5312483085294332,0.03620310115532034
43,1394,0.5039305320206581,0.0162467980894247
43,1395,0.48519002704219466,0.02840461674492428
43,1396,0.48600757944189626,0.025752010336568862
43,1397,0.5350052067621367,0.031544485579974274
43,1398,0.47510167539837456,0.017584896772665816
43,1399,0.5179389275442785,0.03149431263944945
43,1400,0.4911188981626973,0.02035224591938223
43,1401,0.4854606933498398,0.014907019760140453
43,1402,0.508089575326872,0.02691800578851341
43,1403,0.49853930307923366,0.022599146640703793
43,1404,0.5072002316900854,0.031053612942765117
43,1405,0.5524840463716666,0.02887159220446349
43,1406,0.49916517772850194,0.005787737542592279
43,1407,0.5277492104645536,0.02714566259127568
43,1408,0.49665917215415883,0.020094832823703633
43,1409,0.5025610247697843,0.011234696405574191
43,1410,0.473683300157571,0.027300681372429404
43,1411,0.5043607489511128,0.011241767360454754
43,1412,0.507709769824477,0.030016513392017122
43,1413,0.5372660957207402,0.039931206032638715
43,1414,0.5353292668865388,0.026828847484038857
43,1415,0.4790548599543172,0.026517081027734077
43,1416,0.513038087003544,0.017062756225809245
43,1417,0.5096945423057007,0.02512714256225848
43,1418,0.4880764067143775,0.023764256052935657
43,1419,0.5040242076634595,0.019543651326272223
43,1420,0.5032021221036723,0.019912302457970137
43,1421,0.5186753059491627,0.03998218492377136
43,1422,0.47211753210696394,0.015258152904519984
43,1423,0.5373308653971911,0.024209504529367723
43,1424,0.5350165079577004,0.02396801031686347
43,1425,0.5236376799504607,0.03228613285692018
43,1426,0.487365948597248,0.017726522642217763
43,1427,0.5359517995884963,0.02569557585764898
43,1428,0.5124496301402774,0.02744842627670671
43,1429,0.5303545884444189,0.01851803841024348
43,1430,0.48996905820516384,0.02178556814344787
43,1431,0.5363999676286755,0.026606331661256748
43,1432,0.4669833657969274,0.031416670550973275
43,1433,0.5117507177672841,0.03139756459607848
43,1434,0.5165644856146985,0.014036779074526618
43,1435,0.4975778704127232,0.02862406162288367
43,1436,0.5110573326866483,0.019487277290490594
43,1437,0.5216697257432095,0.024823086973265084
43,1438,0.5398255657131247,0.02648460927781377
43,1439,0.5399117114800092,0.029385311734338632
43,1440,0.5056468311745757,0.024540749786237378
43,1441,0.5210488985287995,0.0297515875599722
43,1442,0.45384208547129123,0.02310434583765905
43,1443,0.5377318242723427,0.024847193014211393
43,1444,0.5029892934811951,0.02569016760892443
43,1445,0.4619286898997527,0.017677347247298858
43,1446,0.5234143588660894,0.017320047268312436
43,1447,0.4941648921885101,0.02316371774663802
43,1448,0.5242960598074772,0.01958909529962603
43,1449,0.5230489323274035,0.031109246771982343
43,1450,0.49934824253956395,0.028992972250413553
43,1451,0.500368901622956,0.03418131506339929
43,1452,0.48626369212892656,0.012464741818934439
43,1453,0.4869529581431088,0.011387639718279424
43,1454,0.5019973233542715,0.02017658230182774
43,1455,0.5388604745399541,0.009371787773962522
43,1456,0.5441830351438041,0.03176090831970874
43,1457,0.5022446246346693,0.024123628651534498
43,1458,0.5299475363429376,0.01883281791376443
43,1459,0.4956539331996291,0.02375716457522324
43,1460,0.49144579957877754,0.02376695958842096
43,1461,0.4899728172664479,0.023396211219789763
43,1462,0.4978639267042782,0.0213217436226396
43,1463,0.5044149552850848,0.017375516476779363
43,1464,0.4981651473488982,0.010462744492846801
43,1465,0.5402169934083855,0.03178460605509509
43,1466,0.5236733561055001,0.03422638376122945
43,1467,0.5237102377241277,0.027374038826797363
43,1468,0.5013094378973959,0.008637458593054464
43,1469,0.512089200718542,0.028936557493832255
43,1470,0.5289611613783584,0.025546602877005133
43,1471,0.4947422738930175,0.016345240882125706
43,1472,0.5083255059958245,0.02289666833001099
43,1473,0.5030420042120949,0.020631146935098495
43,1474,0.5035086409558992,0.02317202879422215
43,1475,0.5111815401632598,0.02899566722943679
43,1476,0.500663673298655,0.014033271829189817
43,1477,0.4937942062600954,0.01577952838442681
43,1478,0.513830751511912,0.012636125817511586
43,1479,0.5168754213747326,0.0071455380799930685
43,1480,0.47203202162497976,0.014308417593511993
43,1481,0.5175454685576039,0.023503549171124804
43,1482,0.49997417766872637,0.013037988093640426
43,1483,0.4917389727227273,0.016183740097437643
43,1484,0.48479683469480206,0.01271268236342691
43,1485,0.5138083895318145,0.014632157311198433
43,1486,0.5227678644961118,0.010477824084681515
43,1487,0.5128436004755667,0.008275845414303377
43,1488,0.5252523081949451,0.0141215018889426
43,1489,0.48217584681284886,0.021357223419280418
43,1490,0.48605605652012346,0.015829649196038277
43,1491,0.5007673164144859,0.009434871622949923
43,1492,0.48934107264114624,0.01612111315891005
43,1493,0.5028312626956354,0.01683755206114055
43,1494,0.5410266089282204,0.030513330208412175
43,1495,0.5018030002916996,0.01631201921580094
43,1496,0.4636322430860754,0.03126929286365735
43,1497,0.5048751851823592,0.009281328075730072
43,1498,0.5306622407413377,0.008934233546844217
43,1499,0.5367872848800695,0.03685213356496278
43,1500,0.5126610468101392,0.020375630996876812
43,1501,0.48102667227867274,0.029141232673620798
43,1502,0.5300675112175005,0.02093113404515051
43,1503,0.497062125392995,0.014062274605088918
43,1504,0.5151630051615504,0.018143645293833617
43,1505,0.5163633649384157,0.023336950438316368
43,1506,0.49979841946055115,0.014570978032077513
43,1507,0.5356476756117945,0.024830945214843057
43,1508,0.5113527201238279,0.02108826939448648
43,1509,0.4787506509046753,0.03452735152769194
43,1510,0.5328905361991796,0.03314047059991316
43,1511,0.5065812665451738,0.010958399653366752
43,1512,0.4674858596694117,0.024449436689833813
43,1513,0.5172530731157549,0.010970885194492614
43,1514,0.5247116353439322,0.030665814311757546
43,1515,0.4909215074160219,0.0486726562067101
43,1516,0.5427499798242775,0.02392554447749974
43,1517,0.5076218384124664,0.015405178111381127
43,1518,0.536441023152433,0.032407103399597945
43,1519,0.4903908018285635,0.023597675653407462
43,1520,0.533997882794718,0.01625472710757717
43,1521,0.4943399356898057,0.007497456936590509
43,1522,0.5220707722228665,0.02453306366758743
43,1523,0.5099968551267612,0.03551251619178306
43,1524,0.48114755684748883,0.010099325157430835
43,1525,0.4936801287346248,0.022059475730865443
43,1526,0.5175938738345295,0.03110945089337774
43,1527,0.4472397133104744,0.04012484361705065
43,1528,0.5084623998841011,0.019843133102433807
43,1529,0.5287906562074526,0.02813987528484802
43,1530,0.5167400693559572,0.034660170855900084
43,1531,0.5231445067936813,0.013183730565208529
43,1532,0.5010839248914287,0.010276213320620523
43,1533,0.530376437507273,0.020734662655956835
43,1534,0.5223266620412026,0.024872235801029922
43,1535,0.4972610274014249,0.02566252552589822
44,0,0.5417644942689512,0.03181081527231352
44,1,0.5248654963797668,0.03519640318323175
44,2,0.5852817113228158,0.04276464394407364
44,3,0.49969310977735265,0.022935368344730964
44,4,0.5460562296087902,0.048035953273784314
44,5,0.4660206732828273,0.03930555172132258
44,6,0.4683727190675498,0.050720488477641885
44,7,0.5200493870372961,0.019131250274769973
44,8,0.46485912595231454,0.07275885912483675
44,9,0.4681868387692398,0.04142213104932112
44,10,0.4929575303728065,0.026252465014379545
44,11,0.5248066505323552,0.04364329078223498
44,12,0.4987655718118847,0.03600760744863788
44,13,0.5479477990721315,0.06144969550301018
44,14,0.47629541545474663,0.030727199767175993
44,15,0.5291896424264029,0.0494574868777924
44,16,0.5032699816020277,0.032210100937497106
44,17,0.4325616591351367,0.045178191396525125
44,18,0.5918416438561035,0.051144474372872596
44,19,0.5342387694033045,0.02137325661502034
44,20,0.5522454155242937,0.04423207654693796
44,21,0.42629936669221374,0.05514978945203235
44,22,0.43556853856032585,0.050237875146453094
44,23,0.4970400714032469,0.030143909477874393
44,24,0.5063736246293788,0.035860522803153286
44,25,0.5262733547556194,0.03694355481323673
44,26,0.5739288277076011,0.047701842964426415
44,27,0.4961529608215291,0.021861593277573817
44,28,0.5181736280575426,0.02394768300156148
44,29,0.5487233485450266,0.04183742491013055
44,30,0.515602129803674,0.023419926643269345
44,31,0.5494811348708418,0.04975657829577363
44,32,0.5551841559396715,0.04266241588355154
44,33,0.4718616701748198,0.028301478187459168
44,34,0.5448348019705451,0.014467484738785726
44,35,0.5477525326368796,0.07196123466493294
44,36,0.526735502312906,0.05166412674985843
44,37,0.569351035532221,0.03439335992221337
44,38,0.4797998816075328,0.0438555742277404
44,39,0.5004478977245251,0.04587667261665598
44,40,0.5327028248726832,0.03818619950561902
44,41,0.4799470655022931,0.02907174199608716
44,42,0.5418446942378745,0.044231646634136874
44,43,0.5921889633396591,0.055488072952834464
44,44,0.5631970279464759,0.02811671542215025
44,45,0.5406042341477201,0.013538189168198227
44,46,0.5628828005099474,0.058324825774222766
44,47,0.44921594990025304,0.035779758835269446
44,48,0.4976322979736879,0.024383605772383906
44,49,0.5292114121565888,0.035862935369022776
44,50,0.5320454079734722,0.030224115031304337
44,51,0.490510817909672,0.024915184046213124
44,52,0.5516228147087737,0.0582824471342372
44,53,0.4950333467583653,0.01052651056078563
44,54,0.4860205391700707,0.026077292636478698
44,55,0.5469791665360667,0.06971583446324504
44,56,0.48763867112873543,0.022781360356574652
44,57,0.5101847086918359,0.041239501367472856
44,58,0.5091394271596228,0.031293995182952686
44,59,0.49904346340866446,0.03851544690717139
44,60,0.5239769945591274,0.010892337298926958
44,61,0.5432210135562526,0.03284367031097535
44,62,0.5282865869283143,0.048846231463222964
44,63,0.4897276965521379,0.03349568620228872
44,64,0.44711086265379446,0.04200298782522618
44,65,0.5090202904800456,0.03429911515894227
44,66,0.5108414538850552,0.018205573156299178
44,67,0.4709307279764375,0.04949540806297916
44,68,0.4912351665152962,0.020114754273919913
44,69,0.4919873209442747,0.033918205761197355
44,70,0.5438440809884864,0.029251976957841635
44,71,0.5360405996278645,0.04187513061603803
44,72,0.5200776271337333,0.02899707774982512
44,73,0.5164838306849798,0.026464173345846737
44,74,0.4578053844252419,0.057980878448170584
44,75,0.4629801330008195,0.04657810244945065
44,76,0.5271392700126929,0.05290035588058891
44,77,0.5982172937183519,0.05200944904511392
44,78,0.4542082681312539,0.022902868337869427
44,79,0.5280562277266435,0.028028668708235616
44,80,0.4415120907111213,0.044994583045832245
44,81,0.44992576743389473,0.02657429558766031
44,82,0.4990170372283953,0.036123208292630986
44,83,0.5289992895972948,0.03655944622767763
44,84,0.545437193388433,0.029382783931090645
44,85,0.49494854233306884,0.03578438213024297
44,86,0.4710739190046621,0.04015858442642238
44,87,0.4749346957790399,0.03524705480336629
44,88,0.505248492805794,0.032789833016684825
44,89,0.5331988738650737,0.025857636184801483
44,90,0.5154751824132949,0.036817024861209025
44,91,0.5728346287980103,0.022227986979440898
44,92,0.5472160826448796,0.03191903937324876
44,93,0.5719570919829923,0.04990301931147163
44,94,0.5635143537933948,0.043455936852752876
44,95,0.47886010209903374,0.028003444651527865
44,96,0.5545382413014284,0.03520032179449905
44,97,0.5154437539327803,0.03225781930509557
44,98,0.5093616777896517,0.03548101625838513
44,99,0.4770215037800743,0.035996699883792026
44,100,0.5495586191699179,0.029301771443934647
44,101,0.48021450210889405,0.026857069469466564
44,102,0.5463007440042451,0.04567590683805773
44,103,0.5338176837157392,0.015535267387973553
44,104,0.5656385986491757,0.040907027081614374
44,105,0.49408264395418083,0.013360629447032998
44,106,0.5448289697536466,0.04497347977142736
44,107,0.5212079557951339,0.035465964061468465
44,108,0.5071134818793447,0.028484214680972803
44,109,0.5041385159364924,0.022364709485148702
44,110,0.5375861027276737,0.028167273583754582
44,111,0.44836854120336983,0.04575061216471193
44,112,0.497149275866593,0.051197488655401906
44,113,0.4755558303456303,0.029508894893371072
44,114,0.49443453193581255,0.05846733008215736
44,115,0.5000596793543732,0.028041815706323307
44,116,0.4451876731732233,0.0473779204329509
44,117,0.5115904040764133,0.015503481283955303
44,118,0.4807941192522664,0.027400679465661434
44,119,0.4953823853989476,0.0278327582056366
44,120,0.5686873405731738,0.040170716150196364
44,121,0.5191983647994863,0.034342764758186956
44,122,0.493338069649202,0.02296084265830075
44,123,0.513051150391123,0.02491059902519869
44,124,0.4535221493693,0.03208709975170541
44,125,0.49038838167310844,0.03403153915630838
44,126,0.527093575803654,0.027069228375253156
44,127,0.514997140130886,0.020370150519108624
44,128,0.4516968477884963,0.039540910241221756
44,129,0.42364349995381445,0.050344515455429284
44,130,0.48567902211570574,0.04233600771751868
44,131,0.5460011165310809,0.05217591506532151
44,132,0.4931063485205326,0.036111263075852926
44,133,0.5027575101075182,0.025122057168292862
44,134,0.5234897671645846,0.045713478561539
44,135,0.5574783282871565,0.0635766607411462
44,136,0.5511057216491204,0.03861403657537589
44,137,0.5966080577050166,0.04257552660290393
44,138,0.47088052939635977,0.01733544535399619
44,139,0.5302510430463645,0.03730914522288294
44,140,0.49541802829613457,0.02261561417444537
44,141,0.5303184252350245,0.020434897832428876
44,142,0.5279116448749153,0.019648346764966507
44,143,0.4662998003111492,0.030791444836201443
44,144,0.5795365015323601,0.0623696236966584
44,145,0.4403575503120746,0.024027360742302876
44,146,0.49384113789475115,0.025480291320779634
44,147,0.4339025527854281,0.039586035332083123
44,148,0.49334377498579424,0.03809486047545788
44,149,0.5564209193856763,0.032403409636153443
44,150,0.49290698597829086,0.016328630712298908
44,151,0.5591125281875039,0.05636530421875233
44,152,0.5368161696748033,0.03995464935184341
44,153,0.4951999728906215,0.028434636307463332
44,154,0.49941867941187,0.020523185513783623
44,155,0.529885783024278,0.0199724762642425
44,156,0.5063588192844458,0.03230527543559285
44,157,0.4694972936333359,0.024531683170567278
44,158,0.49529231875844204,0.013151047804027243
44,159,0.529799810644457,0.025093185620959933
44,160,0.5156362117009092,0.015665570049286932
44,161,0.5443469688530963,0.038268339630318005
44,162,0.49311066866375697,0.03393580322790893
44,163,0.5374008268385838,0.021941438789524356
44,164,0.5036676114686197,0.0441427161163921
44,165,0.5900899699154792,0.04417315165145263
44,166,0.4694444955480019,0.04081703706626939
44,167,0.5897968144551393,0.05159571827540197
44,168,0.5652894829411809,0.04295034723093391
44,169,0.4973933204236371,0.01815708491875882
44,170,0.5599368973427337,0.029669250990052003
44,171,0.4979311226190861,0.04653514980564695
44,172,0.525913384480937,0.016245147170639858
44,173,0.5607706604358293,0.05655562120959697
44,174,0.4977102058691036,0.012719406606511833
44,175,0.489706751038929,0.018368201897696203
44,176,0.4896436735150574,0.03649305054264477
44,177,0.4726558806187826,0.03382325755884653
44,178,0.5138408426289363,0.01495196127818848
44,179,0.5367650140964101,0.0405030272047164
44,180,0.42861386414237523,0.031179368744418835
44,181,0.5345465142558149,0.037725213139111965
44,182,0.5302076527892176,0.04149374837403372
44,183,0.5196054462047712,0.02795522895224809
44,184,0.5410807664820604,0.059343496410608536
44,185,0.43891406670640626,0.0539602955123267
44,186,0.6073184859127152,0.06698419114556708
44,187,0.47920079806718374,0.014662710251440688
44,188,0.5379102210196228,0.050231351878686874
44,189,0.49181476427814663,0.01815576510887439
44,190,0.46009231558133423,0.05068411952243332
44,191,0.49405458265219193,0.042966461723587444
44,192,0.5428029462319203,0.04039517534755468
44,193,0.5305536272726754,0.029232833513984216
44,194,0.5016948265002572,0.03472171056115367
44,195,0.5228580071501581,0.04539401673954289
44,196,0.5258210757081011,0.02389118657857649
44,197,0.5173308168182852,0.029587073506520144
44,198,0.5271436922954083,0.022753558081135095
44,199,0.4428701724582866,0.02852489323433099
44,200,0.48575133487962996,0.0472957277343909
44,201,0.5592144244192524,0.04410721346259742
44,202,0.5303325299988558,0.01416166457718956
44,203,0.5365335260942276,0.049993318509977236
44,204,0.49779241094340854,0.04238638792546996
44,205,0.5593667328844848,0.04663209095124397
44,206,0.4359552017032746,0.028481230996143782
44,207,0.43904996966949333,0.047415785997262386
44,208,0.50297521724822,0.036225303641016636
44,209,0.5134844629422122,0.021397575198811438
44,210,0.4647401086866307,0.05221854367647524
44,211,0.4273913362604561,0.030457892298905036
44,212,0.5018094024599485,0.031017920404002388
44,213,0.5278248894245808,0.022247651648128763
44,214,0.4252483780794051,0.03766776097893349
44,215,0.5100185155108573,0.04156564999578487
44,216,0.4909269849685585,0.037752635313286084
44,217,0.5165744729781355,0.03999780541183319
44,218,0.4699796375959165,0.030825034500182907
44,219,0.47950472891743173,0.0356274119018854
44,220,0.5220584138998093,0.03377551054752202
44,221,0.49267700778127904,0.033149927902469005
44,222,0.5166642434303556,0.06697725238181944
44,223,0.5110362680891857,0.04777810932245727
44,224,0.459637772663149,0.023040375739639657
44,225,0.4620294211209973,0.040665700080548074
44,226,0.519978800518457,0.04054858261616597
44,227,0.5219503051853502,0.043667961457704525
44,228,0.480400471705374,0.024955957659019284
44,229,0.5308608919169372,0.023289471521076858
44,230,0.48397741473053013,0.01660385260476676
44,231,0.5221641529780775,0.043582445868624635
44,232,0.5239952230027396,0.03220749693916687
44,233,0.4877184763553194,0.028065499676299503
44,234,0.5147439044453835,0.02058637282400282
44,235,0.519838468205706,0.03201428125283936
44,236,0.45838880619645245,0.04546237143353161
44,237,0.5296850454425355,0.02772005082732218
44,238,0.4547115445984668,0.030803805102916193
44,239,0.5100594947969843,0.05428225987420508
44,240,0.5164498399695681,0.04007512478614473
44,241,0.5611105416604806,0.04119350800109215
44,242,0.493105239077809,0.02698675118531399
44,243,0.5382344204694356,0.0338920880408117
44,244,0.5152122121279307,0.03020833046486382
44,245,0.45554653116515215,0.052954665862322045
44,246,0.4733156326378567,0.022972666714534858
44,247,0.4919548341183872,0.027428834039258436
44,248,0.504164784432224,0.03509316668663013
44,249,0.4683363153269614,0.051800240423892266
44,250,0.46598146062179696,0.016232355015965712
44,251,0.5577521752396611,0.0329714311713258
44,252,0.4394239621552656,0.02742488963765639
44,253,0.5002798322292463,0.02597557488878039
44,254,0.4932177023219132,0.018723806884443885
44,255,0.4795484138397029,0.023759040434098953
44,256,0.5640087636629255,0.03375737572587927
44,257,0.50997722992155,0.02504334279160591
44,258,0.5162628160353506,0.027652917942745096
44,259,0.5988416704457052,0.07478032298795766
44,260,0.5422670808545395,0.058423757520648434
44,261,0.42578184910576095,0.06723950676165276
44,262,0.5033246094229721,0.034491458432417306
44,263,0.46233432179789113,0.011429137373686615
44,264,0.49743038671501116,0.030102946788965516
44,265,0.4633008608170207,0.041521811546556965
44,266,0.5591881967452166,0.02450459222198128
44,267,0.4915043670254391,0.013017497721040841
44,268,0.46392693862319806,0.01945025092784845
44,269,0.5087674818220551,0.07002018291740625
44,270,0.5075861578600702,0.04432573014905464
44,271,0.5233111949679651,0.03601426080839895
44,272,0.5068631989377296,0.02417596507708534
44,273,0.5154585296832424,0.044641864991945716
44,274,0.550143598639815,0.029079024054991312
44,275,0.5318842306501734,0.024876072393773076
44,276,0.5129479732051219,0.020544487167922933
44,277,0.534138540602806,0.026136529055826377
44,278,0.5507714003592442,0.042777068440119866
44,279,0.5728287009629593,0.05323694311851498
44,280,0.5022752568818293,0.028410586781303232
44,281,0.5114772804152483,0.030311781793067427
44,282,0.4357974159420722,0.028606176464993076
44,283,0.49507856744612583,0.01645587035490079
44,284,0.5510092022642676,0.03635687788615736
44,285,0.531890761626226,0.042383960347823935
44,286,0.5512112335214198,0.06601982102852752
44,287,0.5329333062130496,0.0227037517878825
44,288,0.5246727996539441,0.01199246616194812
44,289,0.48717377418095503,0.04094198725952735
44,290,0.4995481696420097,0.021618870640826723
44,291,0.5357125009794375,0.04076693825570728
44,292,0.4558315454910011,0.04464272290615965
44,293,0.49845945422008814,0.041867345174675885
44,294,0.5621716854280395,0.04493271435374151
44,295,0.445295907675145,0.04302756636075507
44,296,0.5179508221443034,0.04237567009119488
44,297,0.47404032926958783,0.01864178848183522
44,298,0.5060593258787005,0.05384703562456609
44,299,0.4983557608577982,0.033127731638818006
44,300,0.4609103306096003,0.04781679435704772
44,301,0.5464472707198802,0.03265156641675619
44,302,0.5068123827060224,0.014397346236844924
44,303,0.52445237804666,0.010721717968521638
44,304,0.5266918163903499,0.061720321849427655
44,305,0.5250257717496543,0.03589088627539287
44,306,0.5118802142719387,0.016425505104350906
44,307,0.47776060975105217,0.04121705016461687
44,308,0.48595650490769793,0.02421586549508676
44,309,0.4477249667919644,0.04444291563555102
44,310,0.5627824762130845,0.024480934399875597
44,311,0.48554191434668537,0.035239801637630824
44,312,0.5277480511634686,0.025187527187591114
44,313,0.5319867084745763,0.015229543595487137
44,314,0.5124006278101237,0.022611706305651257
44,315,0.5183851333273235,0.032419913463835236
44,316,0.5319179859056412,0.009059637406017047
44,317,0.4869670921474141,0.034755721642915675
44,318,0.49561655364042795,0.009036852213556124
44,319,0.5457569808393046,0.03817660332748513
44,320,0.5093885080217309,0.05832040235133303
44,321,0.4941423392741419,0.012394829674363464
44,322,0.47405330928438644,0.038873902357022726
44,323,0.5614605628456178,0.04834922684598559
44,324,0.4957065405536723,0.02792472707824624
44,325,0.4487038150243796,0.0405749526918518
44,326,0.49942034393320006,0.030236538117275284
44,327,0.4922871109199077,0.03843576624904668
44,328,0.5079806583447852,0.025546552156047123
44,329,0.6152188368586177,0.04210181921299493
44,330,0.45774535945616307,0.02976102076824673
44,331,0.5506153478029021,0.02323608090819884
44,332,0.5008983799240502,0.027521394162634726
44,333,0.5821461792713951,0.028384657948318116
44,334,0.5453419713228852,0.02653201636464353
44,335,0.4286839537063113,0.0318594943379752
44,336,0.5313759249643312,0.03993252975770798
44,337,0.4902621603808416,0.014759946049612145
44,338,0.474151895831263,0.036279013434532874
44,339,0.4773642130962141,0.03633618138756262
44,340,0.4796482000595567,0.012236523887912914
44,341,0.5596620002647307,0.04146774049163236
44,342,0.5542131276690706,0.04700402219174623
44,343,0.5385804510143208,0.04313347268845045
44,344,0.5355174345800755,0.03437730968111047
44,345,0.5663061260865286,0.05283992121371979
44,346,0.533576231939633,0.01731682668012633
44,347,0.4844928001283151,0.032081744025952735
44,348,0.5040215808841985,0.05279430214425365
44,349,0.5218422721710307,0.04749092263584806
44,350,0.48723443863743016,0.03833941263669408
44,351,0.4799836039630839,0.041143468349568085
44,352,0.530711038998737,0.0458313536956768
44,353,0.5934956031671073,0.03667054634964903
44,354,0.45274011677327236,0.054113819764864755
44,355,0.5141591064427741,0.038905609725865396
44,356,0.4529762683541926,0.043971656872638515
44,357,0.5194209949662235,0.03390752113643561
44,358,0.4871404427589074,0.02809322512699453
44,359,0.49599855552023386,0.022786382677905462
44,360,0.43581507813993514,0.05189109740956838
44,361,0.46543953980645036,0.05274630811246149
44,362,0.5141881198601937,0.02912402380837719
44,363,0.5148441428703774,0.06308038971289996
44,364,0.5592039158196435,0.0472028962738079
44,365,0.48819530049682686,0.04286150082582092
44,366,0.5119618097391141,0.04609811721904974
44,367,0.4793967565729957,0.03269602683401975
44,368,0.4812055084384872,0.02600992247719
44,369,0.5035721364836079,0.04136193194529673
44,370,0.47399528188120343,0.04721276512747086
44,371,0.5454236215686549,0.042046651900290964
44,372,0.4733102490893763,0.049231700901448745
44,373,0.5955713173612122,0.05594533934427951
44,374,0.5417162582837665,0.03689308962034955
44,375,0.5161632541359032,0.04614471054196949
44,376,0.53349257535274,0.03131883162077442
44,377,0.5538725685499764,0.03958359525893167
44,378,0.5218719917799168,0.03305267951473485
44,379,0.5707053225391056,0.031456136445006104
44,380,0.5520453272135791,0.016742439655602574
44,381,0.5178592502762301,0.03342373261163141
44,382,0.5030171609714701,0.0214413903140394
44,383,0.449098841215696,0.03136939477483593
44,384,0.5626429482415178,0.0468394109093858
44,385,0.4830031726302902,0.016110444159797118
44,386,0.5659152891975862,0.04240681830595135
44,387,0.4957271600129435,0.017226495080100376
44,388,0.4647124561569525,0.02316106910620784
44,389,0.5390342435044099,0.019083582116256964
44,390,0.4943355821945463,0.03412513359290269
44,391,0.4982100307100288,0.024564446150221415
44,392,0.5537257107026582,0.028041134914577565
44,393,0.5295649840173388,0.0512842253212219
44,394,0.5016150589499923,0.03789439378228968
44,395,0.48847107092431213,0.06301830747350536
44,396,0.5425496953196768,0.03533312875386563
44,397,0.500864198493586,0.025753762653640072
44,398,0.5626522815760777,0.022525592476294178
44,399,0.46433570574903493,0.04125142973690033
44,400,0.5383521573086145,0.022101872105307195
44,401,0.4758660701849815,0.019824976023795484
44,402,0.5244859167193155,0.06099410776116852
44,403,0.505628684890736,0.025381469433188475
44,404,0.5010120773753217,0.02923602269237248
44,405,0.5137076291837647,0.025989640703276185
44,406,0.5127732594779796,0.008977457372855569
44,407,0.5775811209254114,0.0364812426731742
44,408,0.5181875617758868,0.040482428116346836
44,409,0.46084215659143773,0.04408351893037537
44,410,0.511865817481722,0.026278354841733916
44,411,0.5023832106203148,0.03219656107934353
44,412,0.4980896923033176,0.021762359282038526
44,413,0.5279417940753556,0.03997273420031095
44,414,0.4955560731064856,0.04293496164152652
44,415,0.5616738099801939,0.04192678607519559
44,416,0.44065889772333217,0.013924645468497443
44,417,0.5002692652932111,0.00735430838474227
44,418,0.5030038285153455,0.020999427398263777
44,419,0.49706679271305837,0.05233577476411368
44,420,0.46557763749063225,0.04184905024946539
44,421,0.5241890445945114,0.02669776498865963
44,422,0.5300282033929927,0.03977306175550751
44,423,0.532129799371999,0.057154725557494436
44,424,0.4507950849119457,0.019340685006535966
44,425,0.5406417923422332,0.013933680093555202
44,426,0.4866348443119388,0.03417735348166482
44,427,0.49312007317931195,0.034305790322060464
44,428,0.5221454931436972,0.033992956659901576
44,429,0.43576941668373465,0.04197492256230708
44,430,0.5261092768331603,0.035181996294894526
44,431,0.5074436806910813,0.053071196405142414
44,432,0.47617989516268633,0.03218694954497866
44,433,0.4593221726748415,0.044459090619061545
44,434,0.48811106624859446,0.03558930715116848
44,435,0.4833921668562377,0.026253011660707423
44,436,0.534907396098661,0.03323221082445698
44,437,0.5401244008631393,0.024063269398553275
44,438,0.4585106251353835,0.04262295280513183
44,439,0.5278287764362812,0.04293083687869551
44,440,0.5275962109517799,0.024020032694441973
44,441,0.476838183699853,0.03952153723567365
44,442,0.5531021708988243,0.024084704765552058
44,443,0.4982325054641407,0.04196304206014738
44,444,0.5921852194710154,0.03865831501035816
44,445,0.4816047083611827,0.0337796927122999
44,446,0.46775534129861146,0.024601700521642775
44,447,0.5494317015152838,0.047918682460084294
44,448,0.5424070821557715,0.04178959125459204
44,449,0.518145652978172,0.04784013852957845
44,450,0.5331074594623197,0.028852753525545533
44,451,0.448971679826033,0.03764126155997911
44,452,0.5472555342749705,0.036386109468467355
44,453,0.5239867187193263,0.04170263639542679
44,454,0.5233341874069124,0.0327386141438117
44,455,0.5033290641759778,0.017651533587783895
44,456,0.5247436818544309,0.028910810723181576
44,457,0.5542767968534,0.02153164483461393
44,458,0.46101987213813816,0.031640898204128305
44,459,0.5252762287765838,0.04736121838793768
44,460,0.5116141268987847,0.05669999029482168
44,461,0.5250054826604854,0.03851759068136563
44,462,0.48982222206695314,0.03654239123599546
44,463,0.47350982518434614,0.03016006926198316
44,464,0.4974881571228937,0.03818126390799331
44,465,0.4998423148031645,0.03190931474297702
44,466,0.4935940593336542,0.022220962979459462
44,467,0.4931604197965437,0.02971461367286745
44,468,0.5506907625659015,0.04222065534768125
44,469,0.5159815354778651,0.05737440721477679
44,470,0.5228436045806973,0.03499868966183757
44,471,0.5008651874230771,0.036542946319701994
44,472,0.5136414478892092,0.03577224033952294
44,473,0.4706782221336206,0.03395191294442199
44,474,0.48166228568483127,0.03850018443858512
44,475,0.4651647728937806,0.026032919374518456
44,476,0.5797748442716717,0.03800129504994124
44,477,0.5209497012998118,0.027978537969249602
44,478,0.46640460238218734,0.03643161731243766
44,479,0.5329376102883842,0.022078909779824848
44,480,0.5528066564010923,0.04178427886690414
44,481,0.5426960907008144,0.03992585222571131
44,482,0.5135050741994711,0.03529539370211502
44,483,0.44342532469122986,0.04547122764017697
44,484,0.509460124320986,0.023119566913190937
44,485,0.48942314247237245,0.028372607599111064
44,486,0.4385788959504759,0.014164425095804494
44,487,0.5322071122488573,0.03606735229431588
44,488,0.5550017446557203,0.043628075727127374
44,489,0.5722689683876564,0.045602928555139505
44,490,0.49005480833984505,0.03592647192676277
44,491,0.5070677407137453,0.06607910705515353
44,492,0.5200810996231081,0.02548740093770098
44,493,0.4806670592129084,0.033154519510015704
44,494,0.5166653568141371,0.020787725399251885
44,495,0.4912188244987715,0.029329791194289443
44,496,0.4877295098967015,0.05450803448393453
44,497,0.5098471973290893,0.04828349294284611
44,498,0.5253698647311291,0.028552532744281274
44,499,0.5089665093110419,0.024000318692563194
44,500,0.4883248690950743,0.028779522205607214
44,501,0.5464858823151756,0.04597332739462657
44,502,0.5453044406524479,0.032232231483979044
44,503,0.5581295757548839,0.04260404486325814
44,504,0.4851278412918859,0.02436719626256794
44,505,0.5356968747918653,0.03950501721681244
44,506,0.4038998213446589,0.06318733040499638
44,507,0.4520591177703548,0.05262000167438956
44,508,0.5734411691999667,0.04352113091312765
44,509,0.5263501500954116,0.02522080969375337
44,510,0.5078963338711707,0.02461981208401652
44,511,0.47069524687875786,0.048631502374345416
44,512,0.4791470535872048,0.01906572631728126
44,513,0.539644144334592,0.04723203586239942
44,514,0.4849152201847024,0.051101628619677694
44,515,0.5345225707163365,0.03529505714186249
44,516,0.5405933889051175,0.04484472848387143
44,517,0.5284264792796735,0.0309035864338569
44,518,0.46843909448397253,0.034907396304166304
44,519,0.5678460985115229,0.027120043245686107
44,520,0.47944431442016155,0.035926869600566985
44,521,0.4859798656009182,0.026943606640163105
44,522,0.4601291996552068,0.03347260954291519
44,523,0.5229990216589023,0.045162817832489224
44,524,0.5075769066869066,0.03507276616052627
44,525,0.5366343087489577,0.05872284572292356
44,526,0.4985862507281924,0.04748162537450018
44,527,0.5110005969648003,0.020078256293756726
44,528,0.5022551057589175,0.03372283481694313
44,529,0.448829445662969,0.04379839411616273
44,530,0.537884799377188,0.020051905296372165
44,531,0.5395395454415728,0.03493801397779333
44,532,0.5514691935659644,0.023123079493707056
44,533,0.4837373206432019,0.046618821512811826
44,534,0.5078420476605442,0.015799355713866724
44,535,0.4545314560314943,0.025840389154288552
44,536,0.5070096558461376,0.034433469772459376
44,537,0.48219418742153575,0.04685982696320844
44,538,0.5185505301742692,0.028388291207884147
44,539,0.5197938380660734,0.04411004268424187
44,540,0.5405125491012963,0.03675584854260207
44,541,0.5858334742605423,0.051890813426395
44,542,0.5875120086140031,0.0677814445750403
44,543,0.5305612811839321,0.0530598754249785
44,544,0.5077782974044146,0.03497169905587894
44,545,0.5584126339194911,0.048968561531826035
44,546,0.520172597424624,0.01827206967684581
44,547,0.46550719118219613,0.023223115440666412
44,548,0.5725577086744494,0.038975329192883004
44,549,0.5149099119452113,0.04238158362286333
44,550,0.5112229124136219,0.04607357775622828
44,551,0.5407550998820873,0.027972721808774786
44,552,0.5418150856086605,0.017509539752091536
44,553,0.5338861034776199,0.059415342492030565
44,554,0.47300179317225777,0.028968812275136684
44,555,0.5140806748786753,0.01921046076868945
44,556,0.4473675959316033,0.03424894132144843
44,557,0.4834581367480283,0.021822479198501006
44,558,0.4681476962190944,0.032626412257072974
44,559,0.4985837524027381,0.038202520516361325
44,560,0.5047151932325089,0.055394327101987696
44,561,0.49944319640694407,0.03660769433539602
44,562,0.4827168000489433,0.028160993843223583
44,563,0.5020174280256365,0.02824852145838934
44,564,0.5569285744088602,0.03133630543600002
44,565,0.4767807189196337,0.03719464439987552
44,566,0.4574232833093696,0.05046603229686295
44,567,0.4664764587271086,0.0347345812952866
44,568,0.48959549518103873,0.036149095119185515
44,569,0.5188205675900693,0.03727394684621823
44,570,0.4990450474427765,0.028601112115149752
44,571,0.518874198860845,0.025375300180955813
44,572,0.44967114801810354,0.03328080903510632
44,573,0.5026546501076683,0.013798215284001498
44,574,0.5031315347696659,0.015563933605579443
44,575,0.48948919322486406,0.04790176208518624
44,576,0.48121502492425616,0.04921154005378167
44,577,0.4987072547141495,0.041058700206689856
44,578,0.4842349464030238,0.06050793429652294
44,579,0.5055250515910135,0.05720436186889249
44,580,0.509664596487883,0.05922976884229796
44,581,0.5070393495060719,0.022393695814678646
44,582,0.5595450639458421,0.03110380693101189
44,583,0.48781670148103873,0.07991715560465683
44,584,0.5508007739588318,0.021512403853313877
44,585,0.4561331705349327,0.03841618357026104
44,586,0.4794741980985212,0.023637442482504746
44,587,0.47766280434719194,0.03337548824924167
44,588,0.44053441596565107,0.04824498910224696
44,589,0.532430903176511,0.06373813658001344
44,590,0.5076142889254426,0.03274495842149043
44,591,0.4721571216773306,0.016677526867861735
44,592,0.5129245402543011,0.03976782027207002
44,593,0.5466612192978165,0.039208399245943895
44,594,0.5148710874142468,0.05251032695685843
44,595,0.5328828502609406,0.013883388479668904
44,596,0.5873411337614696,0.05655599382014212
44,597,0.5380426817698186,0.03357512060203335
44,598,0.5609057541634804,0.0280257460342129
44,599,0.5556859928197719,0.04664598929776861
44,600,0.5680633226623394,0.04834239524342748
44,601,0.5158731709729941,0.03168089277352962
44,602,0.49934766032660305,0.062226947595384496
44,603,0.5326839007064964,0.01754551124798874
44,604,0.48197336100898036,0.039167958692098964
44,605,0.523085653648736,0.03448035661787705
44,606,0.5397202198085672,0.03253529601319219
44,607,0.5494866512867239,0.027403203726741515
44,608,0.4975904545257613,0.04984156316029049
44,609,0.49617974680723537,0.03562165833842848
44,610,0.5498090172839581,0.03328927065902262
44,611,0.5263170636067863,0.01938030398506302
44,612,0.5597745653397964,0.04741759786704029
44,613,0.4945276091142694,0.03076934919859103
44,614,0.5062524054230108,0.03512569178716549
44,615,0.49759832824639894,0.0501014769333149
44,616,0.558095284312556,0.03331530433629952
44,617,0.5107724116341279,0.02456172755301506
44,618,0.5622219293603246,0.028906261295989628
44,619,0.5169855898724898,0.014933865871668558
44,620,0.5556051586977644,0.04607638535646632
44,621,0.5484776562977466,0.05771123334645298
44,622,0.48078483840506364,0.051053541331657466
44,623,0.5833904684931227,0.035941662470807545
44,624,0.4591592335200197,0.021279774196136764
44,625,0.5451487550090874,0.052411615538586906
44,626,0.5048133268256555,0.01709114553218301
44,627,0.5467345884958548,0.06141567115819622
44,628,0.5600037294623313,0.060499167334358554
44,629,0.5787545402180055,0.032096045381730755
44,630,0.5651988639907148,0.027042140225508392
44,631,0.5041484049959468,0.024485360736678015
44,632,0.5713961609850682,0.06258362074282912
44,633,0.46239323289441275,0.03315873595981347
44,634,0.4729945258873916,0.03486596667702095
44,635,0.4875443072979738,0.019853574830815533
44,636,0.45910966205205905,0.040590737371759306
44,637,0.527857151119766,0.05302748302132891
44,638,0.549899652412735,0.06321519626842627
44,639,0.4937282673056909,0.03192077820276829
44,640,0.45504227055877405,0.011720883196898551
44,641,0.526224485127236,0.017613128548406472
44,642,0.4555516655825857,0.036211070213623464
44,643,0.5312680533255361,0.014400199784175071
44,644,0.4505745741217843,0.052715293732896705
44,645,0.4741480697297741,0.043592918385002975
44,646,0.525472484604121,0.06497434014521905
44,647,0.46466288249031346,0.04398601553910389
44,648,0.4711737198195834,0.04813246106477558
44,649,0.514231445136164,0.04102267103081284
44,650,0.4901802223647692,0.0472503032193905
44,651,0.4859344568465871,0.01994705375349617
44,652,0.5122697322542568,0.019788732919519603
44,653,0.5372245766282153,0.025853330365181507
44,654,0.48418845723372017,0.02904057313865531
44,655,0.5054383987104873,0.033120375625073875
44,656,0.5445989292077016,0.03405114993810686
44,657,0.5907872065123125,0.051286832979985604
44,658,0.5188343710635122,0.034088108053508405
44,659,0.5089116266480078,0.010008439040942547
44,660,0.610404228781547,0.04006742426064578
44,661,0.5062057029851508,0.02608921672022192
44,662,0.4325176742312915,0.056152650090833624
44,663,0.5110131581654661,0.02659198895167697
44,664,0.5515062491854666,0.02604073435365369
44,665,0.42974022142875296,0.03538146270589395
44,666,0.5593565657555437,0.0463235525125174
44,667,0.49006635647102487,0.029240925938965566
44,668,0.5090767187506589,0.019800006799693015
44,669,0.5365904592586942,0.041059803139876797
44,670,0.5009855940294143,0.027047210398529253
44,671,0.5466727963950415,0.03949644960691487
44,672,0.5931981118545216,0.07742470060905998
44,673,0.5712159425694111,0.06739137229945477
44,674,0.6092759350213551,0.05946751911917358
44,675,0.45702443210940813,0.01937345467459953
44,676,0.47220529673119394,0.03589672912955058
44,677,0.4804665080170628,0.03508772276851989
44,678,0.5373127454227955,0.0517071111147277
44,679,0.4767486930708661,0.02885234455939647
44,680,0.5252852899556796,0.037512526397979806
44,681,0.4371513679850129,0.06270628492822203
44,682,0.5124175422446108,0.021087466098868315
44,683,0.5079444890037736,0.02664738172561873
44,684,0.5405094520257019,0.019026326605386872
44,685,0.5603773938253946,0.04892983076389741
44,686,0.45288127326078065,0.03948361830540085
44,687,0.5066596119191311,0.03290082326707684
44,688,0.5266882741863069,0.05161464547395359
44,689,0.5034331773754194,0.0503854885165276
44,690,0.5588611355238647,0.03235116848195079
44,691,0.5593298329635646,0.028211984306622112
44,692,0.5256027418303891,0.04201901260146246
44,693,0.5274834873542755,0.030414205797352496
44,694,0.44188355131155266,0.035445978179526424
44,695,0.4988290985432891,0.03799982935998625
44,696,0.5294127375649047,0.03658690578949271
44,697,0.4819085567187712,0.02185831777483162
44,698,0.44675837523026707,0.040627589440771036
44,699,0.5127937214540693,0.03560455379453001
44,700,0.5015868719530997,0.04384408170855457
44,701,0.48358059967888584,0.0364781834908317
44,702,0.48419441930417473,0.05003712281082954
44,703,0.5297019945687249,0.05592913817181149
44,704,0.5371795165803799,0.03581204531855424
44,705,0.5038058738669394,0.030276661201384468
44,706,0.47006197560257673,0.0157032658727631
44,707,0.4413447392926725,0.023921846138738528
44,708,0.49384114484315944,0.03919531899862425
44,709,0.5444623860021329,0.026197006653070166
44,710,0.44800474358820913,0.03858356837680425
44,711,0.48790076838126595,0.023044698034729406
44,712,0.47526637369077,0.03336287689780317
44,713,0.5278264280058075,0.041883544410229095
44,714,0.5204707645888628,0.02695546098738045
44,715,0.49634149786218246,0.039336913520758535
44,716,0.4782072051402328,0.03264581589577758
44,717,0.5300744243673763,0.03593740446367175
44,718,0.5941136219303647,0.03250364667704382
44,719,0.5214718108179653,0.035370487141543505
44,720,0.43957105256072676,0.030799188436049733
44,721,0.5041084301518477,0.034121184524746814
44,722,0.5275359495289675,0.018347995442927062
44,723,0.5069461612927324,0.03079190322126506
44,724,0.558434608404444,0.020924787478929015
44,725,0.5181014661288018,0.01927074198656193
44,726,0.5261114622788852,0.03349286361200801
44,727,0.500101412244826,0.035762890652119315
44,728,0.4923697624704477,0.019208313578959066
44,729,0.5198833050941801,0.033796264297847774
44,730,0.5102525758092451,0.08315304622207208
44,731,0.564204105437825,0.05270546385624225
44,732,0.5128101584148532,0.01766613166047783
44,733,0.4382162644354152,0.02522919967918791
44,734,0.4987744392490917,0.03627104504555646
44,735,0.4997467776592087,0.013189177609102013
44,736,0.5490788061216223,0.03510004213870316
44,737,0.5029206615111252,0.038238117286988824
44,738,0.5093097479857976,0.03543821077299241
44,739,0.5316307948086169,0.04694191996814002
44,740,0.4970624715078431,0.02684464800634509
44,741,0.5085017499722739,0.027290181860910784
44,742,0.5006481948642193,0.032928501429007724
44,743,0.433483106722489,0.04617720409511423
44,744,0.4937369812803425,0.029145333860121764
44,745,0.5115442575063458,0.029427947931450402
44,746,0.52913885846363,0.03447165506956273
44,747,0.48043283592977165,0.025003605886363522
44,748,0.4524565050451007,0.01727058662654118
44,749,0.5722558716480423,0.051235397666016994
44,750,0.5470474169834728,0.028818595845021156
44,751,0.47401473738059474,0.037443558242965115
44,752,0.48529185625971977,0.04018038098352754
44,753,0.5862755124308345,0.058170550143362684
44,754,0.5115458862350103,0.03175649309865963
44,755,0.5105090292492063,0.035691371786931686
44,756,0.5359740557819597,0.030233045959266416
44,757,0.49313908850296456,0.030154872196717152
44,758,0.4963693321400726,0.02160821463496088
44,759,0.5340685881477399,0.036548491017414066
44,760,0.46642217327806273,0.020688878848042557
44,761,0.5135645306283159,0.03328596148489085
44,762,0.5275677543699608,0.024225293149079195
44,763,0.48361023867714215,0.023192967381859355
44,764,0.5309166816436048,0.037096732286075816
44,765,0.5278583295561732,0.043395203005648635
44,766,0.5299375107494523,0.03982887832686164
44,767,0.561382934594813,0.03884148292787041
44,768,0.4413839366473937,0.03903564767544234
44,769,0.5053742920118918,0.030780071989145816
44,770,0.5666837525135203,0.051203417709775295
44,771,0.5196264735692231,0.08109625692421034
44,772,0.5147443841583611,0.026728225837231105
44,773,0.5083286451353518,0.00799688752274628
44,774,0.5099064725049931,0.0282960252020942
44,775,0.5438825142017887,0.04677026433886614
44,776,0.5195783031059534,0.032967399736286186
44,777,0.5170222013979291,0.03374619835862473
44,778,0.4810820717480451,0.031763876892942224
44,779,0.5354414637998905,0.05502050650874405
44,780,0.452223166218507,0.04523000180448049
44,781,0.4654398623285375,0.04903218646375678
44,782,0.45708936600472594,0.04562147011926775
44,783,0.510526191876161,0.0396987592853692
44,784,0.4770238579069763,0.01730283200791897
44,785,0.5559843363264617,0.05138956601838792
44,786,0.5574323850932164,0.02600621080815007
44,787,0.5463480937125631,0.029074251372044866
44,788,0.4673507518273494,0.03612139361144794
44,789,0.5153170366729045,0.05888703008319664
44,790,0.4732662059124345,0.01960774772602177
44,791,0.5009771413142653,0.04737937134028388
44,792,0.5151708832340773,0.059155741212189104
44,793,0.4963036155201191,0.03480460361752559
44,794,0.5489479619943692,0.02631101976305331
44,795,0.45394493349695025,0.033591383950655064
44,796,0.5552727412376612,0.05699382479522775
44,797,0.5607197556886427,0.03196330710308456
44,798,0.5198652709461861,0.052307142371005325
44,799,0.5574024383465627,0.03541745343066455
44,800,0.55535915311608,0.03024547332281181
44,801,0.4847871858466453,0.02938804103283062
44,802,0.4499228758178134,0.04398343047853581
44,803,0.46992822416158797,0.03485568184982301
44,804,0.5786376515734146,0.04209499370591906
44,805,0.5120101085100448,0.050108280148445684
44,806,0.5464772172911592,0.05965398383620271
44,807,0.4694634528648676,0.029961802160998405
44,808,0.5587096042297377,0.04206926998401523
44,809,0.5513013182385041,0.0412985162584438
44,810,0.547667220071675,0.023502776616594123
44,811,0.4945132341825533,0.014762790991353424
44,812,0.5416662879943822,0.03775516886128027
44,813,0.4823748842137507,0.027637553488051875
44,814,0.49104869799906764,0.027504068521619872
44,815,0.5395354512913093,0.0357897343442579
44,816,0.5306049541693607,0.06771448964328872
44,817,0.5212896706843216,0.03685007844412975
44,818,0.539077387287111,0.06600055449870214
44,819,0.5687090182332962,0.056194322403705775
44,820,0.5310465509297965,0.042683841516501994
44,821,0.5280218306389556,0.04758374758485405
44,822,0.5317547028184112,0.04132485452774467
44,823,0.5249912377284709,0.030035555321914313
44,824,0.49346469703119716,0.05166771916251989
44,825,0.5420979207145845,0.037021668120064896
44,826,0.5110605838418572,0.026106245089900056
44,827,0.5198221714666921,0.020994502495544725
44,828,0.49013045127337385,0.04406695951024221
44,829,0.5035753693235334,0.02948803996771579
44,830,0.5642655145918674,0.029795404393188795
44,831,0.44425722288447544,0.03984521028186577
44,832,0.4489674149615456,0.044906898932951564
44,833,0.5265132225073567,0.04831756369948321
44,834,0.5085499740595883,0.02964472518092991
44,835,0.5103262306259989,0.013270065575808237
44,836,0.49893905074078204,0.05454100586734203
44,837,0.510060571965902,0.023405804182733077
44,838,0.4630758960679111,0.035595309974306724
44,839,0.514276865682816,0.02344870436602106
44,840,0.4852834778628232,0.02476296684955354
44,841,0.5134541420824734,0.019717984285717267
44,842,0.49396710492951057,0.022401335785715577
44,843,0.5367264403544323,0.032470144254352726
44,844,0.5219493853372299,0.059693168515942176
44,845,0.5836335178071885,0.052483407184524274
44,846,0.5494079748297988,0.03315661527276335
44,847,0.5593823991500343,0.045114458544724394
44,848,0.5366990558345565,0.0425421195833978
44,849,0.573878742687476,0.03143797570099266
44,850,0.46422180220332904,0.022660332828216608
44,851,0.5070965283622938,0.03205059895643147
44,852,0.5302112811152009,0.044200439358843546
44,853,0.5139996145152593,0.014977049649322227
44,854,0.52188667781813,0.04091910496669074
44,855,0.5209102389475101,0.022761604477702632
44,856,0.47422895463573145,0.03010829973721083
44,857,0.5580208980276533,0.044684382461611855
44,858,0.5728450897168264,0.032968677185204666
44,859,0.5287500556379952,0.034036913169023866
44,860,0.4987798168234674,0.021984169007992046
44,861,0.4782109735921794,0.01853179016527898
44,862,0.47872657296164306,0.014944464316599692
44,863,0.5349619181670721,0.03658281603823887
44,864,0.48912653196918693,0.05205930240914186
44,865,0.5607489988874403,0.04776412539554544
44,866,0.4811978720354656,0.04449617162669877
44,867,0.5374323237752912,0.033949050383399265
44,868,0.46894835728667045,0.017345094763826296
44,869,0.48602638091241046,0.036714662328518825
44,870,0.425979623406523,0.05522052875468926
44,871,0.5240361062712496,0.03315136069989143
44,872,0.49196430591934676,0.01950140375088634
44,873,0.5270693060868262,0.04448191386423006
44,874,0.5312186080591169,0.02507808761036786
44,875,0.5197071949334545,0.025900553811044304
44,876,0.4852760335128976,0.01504503172495021
44,877,0.5135752735187045,0.04784303318859236
44,878,0.4578254944016899,0.031081875273696814
44,879,0.5593478421986164,0.05201916065393559
44,880,0.48853313599088527,0.02147769030489606
44,881,0.47590700885564025,0.024797430300289112
44,882,0.47749522791982885,0.007281266137907669
44,883,0.5511762989721577,0.04851635544759449
44,884,0.5303214481856032,0.03213548360471388
44,885,0.5024173278311829,0.027485229791232444
44,886,0.47723301036841265,0.028462358966911915
44,887,0.5353808399978557,0.04665737421836438
44,888,0.5064287143660223,0.022856213414929178
44,889,0.5233703934937831,0.02805493902352012
44,890,0.5267276679801141,0.03669321124415526
44,891,0.4923081316038847,0.035291874492310485
44,892,0.535306795334638,0.05134571785689256
44,893,0.4578536784626811,0.027499258166034084
44,894,0.48974289415655997,0.01661082456403647
44,895,0.5378089662579784,0.04095501016412696
44,896,0.49174741123253035,0.015538516907435402
44,897,0.5543008071164347,0.0414841411879696
44,898,0.517144691687231,0.02135342079998335
44,899,0.4350415471723435,0.020955085122004363
44,900,0.5967535267134476,0.052523115656066176
44,901,0.5206656497352838,0.039731243434433794
44,902,0.5538666253160575,0.054074609056807055
44,903,0.508107089079843,0.06012048603975668
44,904,0.5143178913604074,0.047466138702181436
44,905,0.47802929186511806,0.0433203269077783
44,906,0.5095178983662685,0.02693200066597882
44,907,0.46115112497112454,0.030425905780627507
44,908,0.5208646935730846,0.031782546634804246
44,909,0.48886206046551417,0.011137773191981119
44,910,0.49124649265140746,0.03733845262151666
44,911,0.46893921223140406,0.015928119261079673
44,912,0.4834044333203303,0.03191598182038129
44,913,0.49891240369076495,0.019940976948424297
44,914,0.5355167025370876,0.03928215029750841
44,915,0.46142547875472273,0.03452359561924199
44,916,0.5087398389915689,0.03371393941215009
44,917,0.42493495858248875,0.05149265906441948
44,918,0.4473306391649413,0.05843996550013819
44,919,0.48261319801299857,0.03231865042908326
44,920,0.5585798581068843,0.06197299404096384
44,921,0.51442941818024,0.038469490394756896
44,922,0.42752292042648166,0.03527104649634979
44,923,0.4851643534010128,0.03312739585267393
44,924,0.5624085888871444,0.02312126745096013
44,925,0.4977869032686532,0.025487657244819523
44,926,0.46384865339300013,0.04701118080156274
44,927,0.5271008074176426,0.05764649634304468
44,928,0.4905167730317183,0.03894665046934737
44,929,0.5197845559344139,0.01012246534251072
44,930,0.4422810678828778,0.03649540075699152
44,931,0.5105738720779931,0.011498954366973861
44,932,0.5245692270094904,0.02968693908542538
44,933,0.5452989305922727,0.04461299910310937
44,934,0.5179936530570182,0.02967486846483394
44,935,0.5032294850768247,0.032912988636304
44,936,0.5397195305764783,0.027079373264917536
44,937,0.4966005301278066,0.03146111764307345
44,938,0.5601771413088039,0.06152277679432309
44,939,0.5189090279709745,0.03781201019940428
44,940,0.5141088287297604,0.0500653706486588
44,941,0.5598815614336785,0.05134589330388294
44,942,0.4936911638478833,0.022160529789477426
44,943,0.5041001165786153,0.027211063992026226
44,944,0.5381326311853661,0.027889589074503708
44,945,0.5276361212466436,0.03620731710763873
44,946,0.5440915539119443,0.05215164971685133
44,947,0.5429618131274561,0.02906295234589862
44,948,0.5259531978001187,0.023630924336997445
44,949,0.5269718211476487,0.02672591034837164
44,950,0.6004248868637706,0.03440331177071075
44,951,0.5299462771400122,0.04396512057870862
44,952,0.5665623884866694,0.04870066393700516
44,953,0.5062207257524209,0.0393521374762022
44,954,0.4458313367561392,0.04015669229965302
44,955,0.5178044382031137,0.025994020385843267
44,956,0.5707575889209996,0.05293139465837879
44,957,0.5007789883000815,0.020626282801137354
44,958,0.47789598419017665,0.03806450260400102
44,959,0.37505840501158216,0.06917151956578656
44,960,0.4852103291529307,0.020721866233869488
44,961,0.534996584672431,0.032477063510045596
44,962,0.4989434784373776,0.023659562911521444
44,963,0.44639597558646554,0.04208636827889615
44,964,0.507791654596483,0.03392022551100509
44,965,0.48223749516328945,0.029922408788343104
44,966,0.5332449586854048,0.04265378812813092
44,967,0.558973033023986,0.06578039745382862
44,968,0.493176328757865,0.04669322991311555
44,969,0.5685985124332668,0.05140570225239649
44,970,0.5144240231203628,0.04363940702009033
44,971,0.515719910200718,0.028301451701982668
44,972,0.5031746559956155,0.051045037124548095
44,973,0.52644583499088,0.04687425808324145
44,974,0.4746234831186833,0.03903423971144982
44,975,0.4646383113856667,0.036543151224186776
44,976,0.5126053119611202,0.023070313731967093
44,977,0.5395025441200085,0.0387028555303018
44,978,0.47939413501275424,0.02099934101859884
44,979,0.5410104038078428,0.018841168277640142
44,980,0.47667815822421683,0.04253398308770449
44,981,0.4371130986398282,0.046320587806292196
44,982,0.5282910457327991,0.03295342500629857
44,983,0.48097976223783184,0.05164885151283264
44,984,0.5182814457166723,0.043860738801330956
44,985,0.5633385991073269,0.047730247649001106
44,986,0.5396872523018938,0.05366368507591212
44,987,0.5635412133844881,0.05441616993405149
44,988,0.5480022063010045,0.029289845626891207
44,989,0.49439119799341197,0.02651872452317349
44,990,0.5440449063273753,0.041351826288979564
44,991,0.5699925706661709,0.05541735028042166
44,992,0.4519967601496485,0.02210503954939864
44,993,0.4685609643172745,0.02195202091080177
44,994,0.5247368330702966,0.036729702441908874
44,995,0.5602064870189517,0.06101735981520711
44,996,0.47126284289417203,0.04420034848440312
44,997,0.5344870662952921,0.01787282071010736
44,998,0.5083775894181225,0.03395520439740672
44,999,0.5243879508411619,0.054257262962116595
44,1000,0.4900841928353941,0.028145728967618407
44,1001,0.5237617369994724,0.03265339172558987
44,1002,0.5290030848409658,0.013046810058742624
44,1003,0.5519559980185748,0.0436360448270597
44,1004,0.47288564979844944,0.03093619756143163
44,1005,0.45585091387628635,0.0363164111282629
44,1006,0.5165150757918194,0.06703086032441738
44,1007,0.574999517220889,0.0497607472080204
44,1008,0.5117171969568607,0.028515098254834302
44,1009,0.5646968013628532,0.02706583488931604
44,1010,0.5118832189786833,0.04391558974630012
44,1011,0.47555026742786255,0.02102416251428653
44,1012,0.48064378298368854,0.012595813856686561
44,1013,0.5189346367381531,0.07382880324800163
44,1014,0.5675957926835168,0.04822931130494554
44,1015,0.5102098634010738,0.016243343256229902
44,1016,0.5597118578142011,0.05506177527869745
44,1017,0.49000369652716824,0.03385260607568824
44,1018,0.5837367337997009,0.03569349851065232
44,1019,0.5653692459544388,0.035844623772726694
44,1020,0.555209308419378,0.03243821765901845
44,1021,0.47881021875974783,0.04488019473160738
44,1022,0.46138840944300763,0.021341786991587886
44,1023,0.5612397071373779,0.021176478615386983
44,1024,0.4867260569088181,0.059113117704023464
44,1025,0.528207726159135,0.02819017154634289
44,1026,0.5287217469327243,0.04913231508562691
44,1027,0.5416450085743489,0.044318614521425444
44,1028,0.4937273374433538,0.02571183533744365
44,1029,0.47711789198956595,0.06275439717315436
44,1030,0.4679246270555258,0.02441450714540262
44,1031,0.5605936444878078,0.03467914587498831
44,1032,0.484420793195034,0.03235378875839521
44,1033,0.5284897860717899,0.03004704755144793
44,1034,0.5194351427195761,0.022461839213400177
44,1035,0.4760486991283504,0.031002367003433295
44,1036,0.5027079552806626,0.028186635582624964
44,1037,0.4492059908776831,0.06231100889579986
44,1038,0.49739731459086817,0.03558129245943548
44,1039,0.4872478055108284,0.027435475534455283
44,1040,0.5111031686909574,0.039585994328369976
44,1041,0.5390802146835963,0.06318072031862086
44,1042,0.5571876250303637,0.03744549880186556
44,1043,0.5169657078489766,0.027177302575337164
44,1044,0.506913996777833,0.05288753915006576
44,1045,0.44897150498400956,0.0247405262896702
44,1046,0.4772710686226096,0.02484264852346573
44,1047,0.4512381559999114,0.05449967130079929
44,1048,0.5220725103641981,0.03697725980012605
44,1049,0.5064524796956347,0.0589366633395783
44,1050,0.5260765346861507,0.050158689745495096
44,1051,0.5391850944228674,0.019806885314389674
44,1052,0.5080499880347519,0.03869110927832257
44,1053,0.47132622760296883,0.03680847478172056
44,1054,0.511878206178693,0.049464415187402674
44,1055,0.5633417482967955,0.03458827889487434
44,1056,0.5638578430427905,0.04212424163198684
44,1057,0.5842071991229729,0.05752103057101912
44,1058,0.4947113330481923,0.04293400027913215
44,1059,0.4972727317524393,0.05162614765399426
44,1060,0.4998673586983619,0.016878133576936367
44,1061,0.5751300661309126,0.034800427767393755
44,1062,0.5624047167319495,0.027178794435957807
44,1063,0.5258616358634465,0.024809500257915534
44,1064,0.5022101383787185,0.04516901245902861
44,1065,0.4292806760739197,0.049175380945007355
44,1066,0.5251569803330202,0.03872254281375011
44,1067,0.5085519110091875,0.02758014582727926
44,1068,0.5147176100396723,0.024427380860096527
44,1069,0.4763002222008986,0.04549172127659053
44,1070,0.5072756598432636,0.02224143617800132
44,1071,0.5825071133775087,0.0512713846073832
44,1072,0.5574982410710573,0.04872672478269354
44,1073,0.5257448224350911,0.057908641310445166
44,1074,0.5363436496898224,0.03465371406818892
44,1075,0.5086313143436677,0.05533678673622333
44,1076,0.5768177426362151,0.04894490874509194
44,1077,0.4988726632056467,0.03814527907075731
44,1078,0.44415294776065195,0.037148889355084536
44,1079,0.5022354258092127,0.04088870563296185
44,1080,0.481078647972225,0.03334110574700829
44,1081,0.5734376359984886,0.0330193497997282
44,1082,0.501385014487347,0.01503643711442834
44,1083,0.47692093783156825,0.04262417131241952
44,1084,0.4608478085004698,0.05844460463235236
44,1085,0.46325177262311723,0.023699555449155026
44,1086,0.5335079141483641,0.03708880230741372
44,1087,0.47672816867764195,0.02195896061946889
44,1088,0.44959868097808037,0.045828246240493156
44,1089,0.5110725025250425,0.013554655770629725
44,1090,0.4356908993922884,0.0248779201450723
44,1091,0.5085633598783195,0.02089596771280307
44,1092,0.4375316336006454,0.03039371890465642
44,1093,0.48989320268833897,0.037071518002804206
44,1094,0.491014903852649,0.03210781204216099
44,1095,0.4915597174922134,0.06268699746017584
44,1096,0.4777014346848403,0.034844226252251385
44,1097,0.5499276908397,0.049217344169917396
44,1098,0.5331939893386438,0.021208847620950603
44,1099,0.3983264958664279,0.05030363835784527
44,1100,0.5436187177005012,0.023329204563507087
44,1101,0.4600879697522201,0.02809629864311823
44,1102,0.48125666455761884,0.05452346232888833
44,1103,0.5046142899833543,0.029588289428063765
44,1104,0.5405947887406443,0.02681212418649243
44,1105,0.46910644567305726,0.026198348921686727
44,1106,0.5457689137424506,0.04955970393922089
44,1107,0.48236853025241855,0.038983314262246764
44,1108,0.5110882181975261,0.0199380477032401
44,1109,0.5174534027663354,0.02213412116853015
44,1110,0.4387462562675639,0.054338847006821074
44,1111,0.4918047777753444,0.009829516529512996
44,1112,0.5553745557659362,0.040764973443638
44,1113,0.4993281270225763,0.04578261014352406
44,1114,0.5102167067307318,0.04972021808233589
44,1115,0.5751424715160798,0.05668071886905815
44,1116,0.4726755977414164,0.03958909709961554
44,1117,0.5513392060853828,0.025584097492028283
44,1118,0.531994426150754,0.0375621000204093
44,1119,0.528909249209399,0.03449607745784398
44,1120,0.5221872095732911,0.018785515017921903
44,1121,0.4877542549161595,0.03201864938770153
44,1122,0.5323349440162113,0.014245761068777731
44,1123,0.4915972691377827,0.028800409114378627
44,1124,0.5526340430873308,0.03791517666011159
44,1125,0.506472854934349,0.05240141936213433
44,1126,0.48895943648729545,0.030391750150663116
44,1127,0.494610839071491,0.03052144018361107
44,1128,0.46676811990942907,0.02500013332864348
44,1129,0.4697051382692271,0.04300797401908742
44,1130,0.4778623125900373,0.018048418878711784
44,1131,0.5286742966080766,0.01945194063259826
44,1132,0.43964240363344004,0.04983164548062732
44,1133,0.5018004831183426,0.03169087178762226
44,1134,0.5169943414779928,0.025462639856547332
44,1135,0.5627188471132277,0.031079212004870592
44,1136,0.5098673432329816,0.05396097511843197
44,1137,0.5210179177212896,0.005612177597480847
44,1138,0.5717480195216221,0.04667021135686135
44,1139,0.4715157446679787,0.043198945935672854
44,1140,0.4981396970992867,0.028993311268736995
44,1141,0.5106665546229079,0.035442855664324056
44,1142,0.5038225907857351,0.01040100891237081
44,1143,0.5217503150259774,0.04559123369389999
44,1144,0.4902631975951938,0.015338934729672663
44,1145,0.5590861554055657,0.03452917142916264
44,1146,0.517714452152128,0.05424366229632871
44,1147,0.5051947839983164,0.04116788399402791
44,1148,0.5619985997556686,0.04353542119072708
44,1149,0.5530205963044792,0.05599656064085008
44,1150,0.48609070998280535,0.024098857250373126
44,1151,0.45473545208059396,0.012454225209122047
44,1152,0.5166211633995846,0.03125872461076771
44,1153,0.5113032282921934,0.047517772281901134
44,1154,0.5215426132863193,0.03845114368312795
44,1155,0.5364951870343747,0.03691282892734483
44,1156,0.5348190490097751,0.04663828266243329
44,1157,0.5480041100901817,0.04071230551285769
44,1158,0.4958129408122057,0.030554809434292483
44,1159,0.5692699075829902,0.0297628185115183
44,1160,0.5112790798745362,0.034034711943400506
44,1161,0.4805680130886614,0.06184922592311109
44,1162,0.4963819781977078,0.028277869827249717
44,1163,0.4692390948714258,0.044640358415144125
44,1164,0.5529300841896474,0.01912198913955305
44,1165,0.48412347633475045,0.025110156270745275
44,1166,0.499574636509196,0.056319717582654465
44,1167,0.47699529735559937,0.016373590425418524
44,1168,0.5486425243251909,0.038615642050054175
44,1169,0.49480904039326973,0.034855653829301274
44,1170,0.44423573627391644,0.05581596191901841
44,1171,0.5170473153406818,0.03887069232402787
44,1172,0.5135423425760203,0.05260434672761302
44,1173,0.50968445341496,0.031623199821020166
44,1174,0.49714081634918117,0.018769657453615033
44,1175,0.5171617730118004,0.048151826239675524
44,1176,0.4726235656275682,0.04275841267613659
44,1177,0.457388975182093,0.042112792517081096
44,1178,0.48761387985259164,0.01677770099432759
44,1179,0.5044141154581406,0.01852731038221827
44,1180,0.4757589270492045,0.04091006920729828
44,1181,0.5823751244175787,0.06388266598184739
44,1182,0.4842632242261191,0.025714083064556623
44,1183,0.5794300558241889,0.05093351344920608
44,1184,0.518541932904947,0.02949438959962957
44,1185,0.457862761203115,0.05602665505024828
44,1186,0.5283360656977856,0.0183169816041018
44,1187,0.449463459267536,0.04449024922634828
44,1188,0.5040881524360492,0.054069362382209024
44,1189,0.4642364630363088,0.0377121135258516
44,1190,0.4990819823038466,0.033269570853828895
44,1191,0.4446831810268493,0.03420063057151715
44,1192,0.49744535915950194,0.039125375639981266
44,1193,0.523264138927734,0.03682320188542991
44,1194,0.5210782398204806,0.017413810713176527
44,1195,0.5699731000618267,0.05692442479677514
44,1196,0.5350679347724646,0.03800830373329941
44,1197,0.5661194749452149,0.03843849375105798
44,1198,0.534725215755509,0.025035745161439117
44,1199,0.5017491291457611,0.025133447012597267
44,1200,0.5576839061586992,0.028207857583404595
44,1201,0.4668425329178547,0.029058740330763933
44,1202,0.5783074960158852,0.06732411784422537
44,1203,0.5235760796640391,0.03698557502186817
44,1204,0.496538043989964,0.015865016969614426
44,1205,0.4337523799627696,0.027228058104927608
44,1206,0.5444263856605711,0.07193068403643091
44,1207,0.40921138074101465,0.04217041221103395
44,1208,0.5063495106371145,0.035775163229475625
44,1209,0.5034593602022618,0.017634242792734164
44,1210,0.5171445980582816,0.05459937347845056
44,1211,0.46691786983724654,0.025490661810405112
44,1212,0.4792225001660873,0.03684318529405003
44,1213,0.4510158630575022,0.02133041826105033
44,1214,0.5258246672849776,0.04127368308136241
44,1215,0.523479843835626,0.03410639658644947
44,1216,0.508770238121985,0.05178383869362856
44,1217,0.4866957695358931,0.03603948777368566
44,1218,0.5269665511672402,0.033192096112434157
44,1219,0.5643526370298803,0.0648204942290339
44,1220,0.48694343547538366,0.019009037166915127
44,1221,0.5119996609521784,0.01824965214650702
44,1222,0.5462595692176114,0.037443687325975916
44,1223,0.5682086381594998,0.030038500136816536
44,1224,0.4627982614713034,0.024701121512267304
44,1225,0.5493009754119176,0.03737902179788187
44,1226,0.5228345886661215,0.030686667447604968
44,1227,0.5002009315688312,0.020254855844167197
44,1228,0.5232546783637424,0.037405558542405765
44,1229,0.4593513621505402,0.03240930991107395
44,1230,0.48168968667043743,0.060913344179101485
44,1231,0.5572743547103687,0.048569007600834796
44,1232,0.5109305333092201,0.03835309569926105
44,1233,0.44380276379212175,0.04240728254955392
44,1234,0.4979866684580839,0.03676451146127169
44,1235,0.5713123281905029,0.0329460889514219
44,1236,0.4470956806723301,0.051175085679828765
44,1237,0.5277645811718673,0.04951250644462128
44,1238,0.5402921580173193,0.031209868324750766
44,1239,0.5821963534240585,0.06367393790801355
44,1240,0.4637926374785109,0.049035662632586796
44,1241,0.5363953058345372,0.017514195012661268
44,1242,0.5351234944189679,0.0480983395048931
44,1243,0.5035645238357311,0.020135406760260505
44,1244,0.5184041104095609,0.024142683581286826
44,1245,0.5284982528721208,0.016623097903848194
44,1246,0.43039899991395614,0.03140282261058166
44,1247,0.560690110602613,0.029050021108571314
44,1248,0.5065669412964444,0.016422965945038122
44,1249,0.5370420420120465,0.03183167204665391
44,1250,0.5346456603793327,0.052192772603032574
44,1251,0.4896937806518735,0.04062897029477258
44,1252,0.5620233079740568,0.05180356177868114
44,1253,0.4554074037476456,0.04001286522981529
44,1254,0.48115805888353935,0.041861570228438644
44,1255,0.5331644761522076,0.0318726154932954
44,1256,0.4357173427284196,0.024237660130332052
44,1257,0.4936223579727453,0.03240040510225341
44,1258,0.5453021452516936,0.03826713663881649
44,1259,0.4602600744389217,0.026586455245308845
44,1260,0.5217458663315161,0.04218375801017722
44,1261,0.5316298282442642,0.04224940713439196
44,1262,0.5228996168058236,0.012016224741308625
44,1263,0.5021691702970826,0.028351624179270746
44,1264,0.4585262611293211,0.012809084266775204
44,1265,0.5676953582154927,0.04641451128087389
44,1266,0.49087833075707066,0.026962387468521556
44,1267,0.46947410190384087,0.03827089983796771
44,1268,0.5286095163263314,0.027992162702604628
44,1269,0.5207027633761876,0.03612647069763728
44,1270,0.49499627175671734,0.050737616529639123
44,1271,0.4897325600644636,0.07047370404795507
44,1272,0.5105071266210742,0.03181422778034256
44,1273,0.5138906633594748,0.044925668446426245
44,1274,0.5087767295624225,0.03322420815530452
44,1275,0.5855314668235692,0.04284302059107887
44,1276,0.5500542911474227,0.042847927418246556
44,1277,0.5573484789482067,0.050994861019969764
44,1278,0.525279023295195,0.030812317665039585
44,1279,0.5252220107201159,0.031206009063175028
44,1280,0.5185348618967828,0.03592932292836589
44,1281,0.5771818530953808,0.035602472134879444
44,1282,0.5085843798023397,0.0202451338543534
44,1283,0.5013963896130655,0.02330143043920945
44,1284,0.4791612897569825,0.023788126171885655
44,1285,0.5713301477059157,0.05356164630815274
44,1286,0.5280165046166057,0.018205560121966714
44,1287,0.482941236287081,0.019759177813804905
44,1288,0.47483437713800913,0.02904846170093387
44,1289,0.5062160589097664,0.030579411601889938
44,1290,0.48372190188323616,0.043112881493659154
44,1291,0.4919068508448149,0.03815415961097205
44,1292,0.4485076476571112,0.03741034429514208
44,1293,0.4617845532790599,0.03251935716884672
44,1294,0.524113000848732,0.04000965320719357
44,1295,0.5525221186314774,0.041706490463160606
44,1296,0.42553367359900757,0.057475004595006256
44,1297,0.5102559401850242,0.027444037069730275
44,1298,0.5440088646704706,0.04945909646682327
44,1299,0.5033391025328399,0.048670416473455935
44,1300,0.46514433467933114,0.0336229173617589
44,1301,0.5633897443678453,0.049213588338136265
44,1302,0.5289913397478238,0.04282927392464971
44,1303,0.5424452603613525,0.020878109059517865
44,1304,0.5313540409061166,0.027565079444028247
44,1305,0.4503403733921513,0.015894309124431585
44,1306,0.5005381338857328,0.01147569441045026
44,1307,0.5211976803187641,0.029608366385902966
44,1308,0.49229406205463205,0.05060351952859043
44,1309,0.5270503257504148,0.03224631785180452
44,1310,0.49119865744437263,0.02585644860434403
44,1311,0.4894349477920897,0.05624410238830469
44,1312,0.48021210530424796,0.01581233248974559
44,1313,0.5155374912684837,0.029696253657139824
44,1314,0.5246676539605706,0.04028716945713319
44,1315,0.5335026283046695,0.033915045350905455
44,1316,0.50268058018555,0.0361760609671393
44,1317,0.4997514713536697,0.05952007325273541
44,1318,0.509974840148128,0.054693847887023736
44,1319,0.481697233301128,0.04343166324692989
44,1320,0.5387029782021227,0.05479269621250483
44,1321,0.5335991999787713,0.030665366482009637
44,1322,0.5083509158735436,0.028247976338308237
44,1323,0.5434140774792289,0.023541603427862032
44,1324,0.4716396599639399,0.03274354474832051
44,1325,0.4974693057485506,0.03749631790415303
44,1326,0.49220149903240784,0.02537021869773681
44,1327,0.5277656130584029,0.030724521269746882
44,1328,0.5166844470925872,0.04866347338087537
44,1329,0.5680986995145696,0.05505279038320898
44,1330,0.533441203681934,0.02255054619209323
44,1331,0.49044015091985327,0.017381095896029323
44,1332,0.5274092269315321,0.022341429213820627
44,1333,0.5335682596227216,0.03057120853231471
44,1334,0.48632731398970774,0.021918911247136054
44,1335,0.5647946722350419,0.04041497017145001
44,1336,0.5419127977002202,0.05087212291853199
44,1337,0.4693694644235288,0.020524845636137937
44,1338,0.544709154424541,0.04002865265102553
44,1339,0.5038401843228015,0.028212671436397135
44,1340,0.489311663594771,0.03384501596998257
44,1341,0.5272809885499498,0.030078927126991534
44,1342,0.4688664346028886,0.022060765046328295
44,1343,0.46723541683483755,0.027369717427964048
44,1344,0.45305033160874625,0.034432744630520144
44,1345,0.5288481130211163,0.020093775033536654
44,1346,0.527847012018291,0.028868808854528975
44,1347,0.5221549191101691,0.03324108614916497
44,1348,0.530761735956201,0.03631762942697722
44,1349,0.4595222369072672,0.04065399823255014
44,1350,0.5089589421956187,0.01501376221894852
44,1351,0.5438369050445799,0.03895198534851673
44,1352,0.5049630440136252,0.06668289988123907
44,1353,0.5085607734336026,0.03411275001125904
44,1354,0.5262703755090511,0.017564375564522335
44,1355,0.5348777172611318,0.016434648704588783
44,1356,0.5211376395253715,0.06257161661750771
44,1357,0.5272519731287124,0.022694911720379296
44,1358,0.44321321116210605,0.04148926659338715
44,1359,0.4995706630410443,0.02626878216219307
44,1360,0.5140371329110954,0.04195197151837706
44,1361,0.5023880162151647,0.04371602666489168
44,1362,0.49611957318216543,0.018018888430037756
44,1363,0.5584847723626444,0.03996039109417851
44,1364,0.528795468476282,0.026494675923968657
44,1365,0.5180910123029158,0.03580926713442462
44,1366,0.5616485802755624,0.03914195548097405
44,1367,0.5845381929193317,0.05154334159040608
44,1368,0.579406457214156,0.020249304644122883
44,1369,0.47012341266879265,0.057808170780020124
44,1370,0.47512545836288156,0.033191464747123874
44,1371,0.5272960303356256,0.04041181634522526
44,1372,0.4872203502711279,0.03794725913568071
44,1373,0.5053246546972482,0.037094952791618355
44,1374,0.46602014648338197,0.022148565524155922
44,1375,0.5164990026619702,0.042172398412437036
44,1376,0.5389455682863197,0.05104076633322553
44,1377,0.48990409751974556,0.024776231409369992
44,1378,0.47015494901445565,0.05063861611047844
44,1379,0.49892098147401576,0.030916416756815897
44,1380,0.5064421120761285,0.03918224947655755
44,1381,0.5694528675557404,0.04040934069945408
44,1382,0.5070614719942325,0.022205294621658433
44,1383,0.5953599283891771,0.06831380817175696
44,1384,0.43642927399904324,0.036919185309410685
44,1385,0.5124176305262573,0.020545586945086333
44,1386,0.47347405633406503,0.01752300572060719
44,1387,0.5273836692064937,0.026018630849021927
44,1388,0.4862290996868773,0.04917211163422629
44,1389,0.45664715709585213,0.013497350352396012
44,1390,0.4665813317794095,0.025508776790687884
44,1391,0.5013160559323441,0.034689634470444965
44,1392,0.5140262468938885,0.04911906055194795
44,1393,0.46335493836592295,0.03507777055760832
44,1394,0.48941644570070514,0.04507749679308407
44,1395,0.4826405573097788,0.03488371126652908
44,1396,0.5028597593781656,0.0327854596549797
44,1397,0.5224747020808681,0.03928576047423344
44,1398,0.5064110508398588,0.018380458938513446
44,1399,0.5895352394147081,0.046146835614112466
44,1400,0.5184156212038041,0.03933919845413879
44,1401,0.526827858209558,0.04672019699411358
44,1402,0.47406328587040214,0.042465395380740976
44,1403,0.49684377672697866,0.023343944378153455
44,1404,0.5152669786669698,0.02539777488491174
44,1405,0.533626952459005,0.030763201718410023
44,1406,0.5181955339044327,0.0470263372362663
44,1407,0.5103791786631479,0.04098829756007321
44,1408,0.5523679819943917,0.05283328876305835
44,1409,0.4450919622427396,0.03429932718302892
44,1410,0.4782648429535185,0.030862479981953142
44,1411,0.5106642581942633,0.018546204152672545
44,1412,0.4518616451009875,0.02527266387614069
44,1413,0.49706421947340246,0.05632670785468733
44,1414,0.47395478527968,0.04832798570984397
44,1415,0.4728540608355221,0.05203888633403312
44,1416,0.5591519838252301,0.03730925592315728
44,1417,0.5563163353848872,0.07216824158599602
44,1418,0.5534220486546462,0.04063580550354725
44,1419,0.5106288327421472,0.06409642520683283
44,1420,0.5065003641845679,0.04590264656673889
44,1421,0.4733980106721553,0.033942980325870155
44,1422,0.5622449888411006,0.050532063408537393
44,1423,0.44145011289830444,0.04949502110403169
44,1424,0.5337013542012338,0.015781037100796053
44,1425,0.4708834348978908,0.02751218865917596
44,1426,0.5425695242241593,0.04417899316072681
44,1427,0.4885449892853103,0.028193015621810178
44,1428,0.5901235085800156,0.0844668961723001
44,1429,0.464855654591508,0.029023613595428207
44,1430,0.49764130279094604,0.031213809064362715
44,1431,0.5518202572169502,0.028610065760889494
44,1432,0.5083665933403366,0.04887345094625018
44,1433,0.4957494348318435,0.021927914958930792
44,1434,0.5556135023850963,0.041375587515446996
44,1435,0.501575311190074,0.02436420058250326
44,1436,0.4206068574235802,0.04310417579952031
44,1437,0.47831303741063746,0.05820651999274721
44,1438,0.49967947198098434,0.02630760434094098
44,1439,0.4993613310219553,0.0842173906196253
44,1440,0.4926933939678561,0.04299441019202535
44,1441,0.49968144973116935,0.03713525665919995
44,1442,0.49039193318824587,0.0282710759497594
44,1443,0.5185297438573923,0.03637920332689213
44,1444,0.44371233101320584,0.05828701225077887
44,1445,0.5183332901325615,0.023427576153731235
44,1446,0.5498588325356629,0.04663230862662532
44,1447,0.4726837848273115,0.05254378855077347
44,1448,0.5486784145168626,0.02353599822331022
44,1449,0.4454635552104303,0.047027172969114586
44,1450,0.5100009709081876,0.03398561361741202
44,1451,0.5267615791095386,0.02293119401149066
44,1452,0.5167743433517559,0.027056715873712354
44,1453,0.5737065511399873,0.0411364946831118
44,1454,0.5068664725912316,0.026038335051191536
44,1455,0.5119645659805857,0.03523335190706439
44,1456,0.5069171322913272,0.02570594464965853
44,1457,0.49449335276148454,0.04015388799540156
44,1458,0.5292389991367467,0.011499521620808667
44,1459,0.4688585077469819,0.02100964776720277
44,1460,0.5408049066703416,0.020398422069724125
44,1461,0.498163668981256,0.01994552768354341
44,1462,0.601923067564991,0.07030594410843331
44,1463,0.5600219152801622,0.05781293129293725
44,1464,0.5029851428213246,0.019075042788662372
44,1465,0.46669608538711854,0.01914310820844223
44,1466,0.511054555103057,0.025168754468815994
44,1467,0.539005850190617,0.039310723093656755
44,1468,0.5022650714294856,0.036900283304630827
44,1469,0.49761431582265153,0.01834566529058201
44,1470,0.47409078504956986,0.02597378777183837
44,1471,0.5689304383880714,0.06295914960251947
44,1472,0.47878884085548584,0.03477425063513564
44,1473,0.5137119635534451,0.032896930107514
44,1474,0.4868091008893503,0.01902587715267049
44,1475,0.42993827649132726,0.05130629570485418
44,1476,0.46902615619486493,0.03164456584257908
44,1477,0.5281218925103994,0.02894208509099282
44,1478,0.5150440605009686,0.039751958463882
44,1479,0.466292160286966,0.04019430855646447
44,1480,0.4650927450016059,0.05193773935365068
44,1481,0.5021228742802143,0.026542061737295324
44,1482,0.4840446023767484,0.021288566923687486
44,1483,0.4848199876551342,0.015212698835685651
44,1484,0.47106944342429374,0.03062268673800803
44,1485,0.5831210345479635,0.061948798189256776
44,1486,0.5485210395447794,0.03198122628966049
44,1487,0.5661275753992842,0.038113677719539905
44,1488,0.5539290106410858,0.05879350556133268
44,1489,0.4753162015726967,0.01458651008406793
44,1490,0.5121215565054708,0.029485634995516402
44,1491,0.505001326927611,0.014499898804600142
44,1492,0.36813978429049266,0.06778766066207179
44,1493,0.49847720366358816,0.04074316867728065
44,1494,0.4916745208364959,0.03832200168461149
44,1495,0.5200686981140453,0.030382177044120807
44,1496,0.5051655434236432,0.04137769734197774
44,1497,0.532716451974446,0.033764114076557376
44,1498,0.5756920004390484,0.0574815604230014
44,1499,0.507311420405469,0.030004544331683838
44,1500,0.48148795557185775,0.019097200559308906
44,1501,0.5425149428482661,0.036302438683337
44,1502,0.5097558737606572,0.024395061260159185
44,1503,0.527466206914533,0.03362282383298291
44,1504,0.5185585280471632,0.01924461493242235
44,1505,0.5838237565973113,0.04738417010082327
44,1506,0.500909046739192,0.05221170813102634
44,1507,0.49024378183764517,0.021010140976561554
44,1508,0.4665209327427131,0.04345940047589189
44,1509,0.47519267208471105,0.02131434363265284
44,1510,0.5045996275086732,0.0419734787926322
44,1511,0.41598927893184195,0.04006727573577327
44,1512,0.4892604119922656,0.04796533493423106
44,1513,0.4796641173414305,0.035071522810996215
44,1514,0.4398561156196165,0.037898033179377594
44,1515,0.45830274071542987,0.041257588817995614
44,1516,0.5089102490249787,0.03525322585532969
44,1517,0.5803058168735191,0.0481949827693215
44,1518,0.47533749175716056,0.022390365419038254
44,1519,0.5627782399281684,0.03989695131349015
44,1520,0.49162452564716,0.007999437175910711
44,1521,0.5651328915641112,0.04346588453250333
44,1522,0.5461913141065389,0.056189978078046654
44,1523,0.5296540282529063,0.03602020228312998
44,1524,0.46767879103513943,0.03855475837059999
44,1525,0.5369134297057445,0.030414070541958497
44,1526,0.48623491062985735,0.041904659706636684
44,1527,0.5413505605947729,0.032218075920754215
44,1528,0.47797270143466614,0.01571605883527623
44,1529,0.4785978077189095,0.032223651735267436
44,1530,0.5217313490020854,0.027545474596857248
44,1531,0.5661146407074638,0.04430552569064728
44,1532,0.5158463140904647,0.033243598430683675
44,1533,0.5466231774898639,0.03238891186911987
44,1534,0.5017321798994074,0.041752446545021006
44,1535,0.5530637839275934,0.05751965806815385
