lambda_key,lambda,mhsa,stage,fold,transition,metric,n,mean,std,median,p05,p25,p75,p95,min,max
lambda_0_1,0.1,OFF,1,0,f1-f2,raw_change,3671,8.129701844856775,1.379119094969844,7.959610048789936,5.945196741707665,7.183378148589105,9.020427561442602,10.554630907022016,5.062648904541461,14.477616978838412
lambda_0_1,0.1,OFF,1,0,f1-f2,normalized_change,3671,0.7107064534959241,0.027153780483700544,0.710784350941041,0.666038745323351,0.6927695037182585,0.727490676814196,0.7574936921205548,0.6314497505729252,0.8004643182506377
lambda_0_1,0.1,OFF,1,0,f1-f2,cosine_distance,3671,0.2397755251978545,0.027920327780986506,0.2371518196148612,0.19799293529634754,0.21995991678819815,0.25836619016523593,0.289042908294627,0.16309638415279715,0.332424813537915
lambda_0_1,0.1,OFF,1,0,f2-f3,raw_change,3671,4.776915440836728,0.5153877168610683,4.682603351332841,4.117564754799662,4.451476597636516,5.001227850574407,5.715982506495133,3.73432893789722,8.270425903934408
lambda_0_1,0.1,OFF,1,0,f2-f3,normalized_change,3671,0.8878748021157266,0.04262445063602944,0.8855134669068239,0.8230423064097312,0.8613941065193113,0.9116680862592101,0.958679442882642,0.7567123078062072,1.1152928367621036
lambda_0_1,0.1,OFF,1,0,f2-f3,cosine_distance,3671,0.5099872272449464,0.06832978678391112,0.5012407733847052,0.418514387718054,0.46595918372490086,0.5413320092696142,0.6333271266863093,0.3459541292320125,0.9022616107069136
lambda_0_1,0.1,OFF,1,0,f3-f4,raw_change,3671,3.895556686237823,0.7296144445437877,3.8337070695146043,2.841583505032348,3.3198835602569963,4.392891740760437,5.220790179562318,2.275038510806034,6.641611589291674
lambda_0_1,0.1,OFF,1,0,f3-f4,normalized_change,3671,1.099199676273243,0.10352859460300814,1.107787740235599,0.913159479676531,1.0310225205163608,1.1811406130012727,1.2452095466913642,0.7553476305207877,1.4241162323066283
lambda_0_1,0.1,OFF,1,0,f3-f4,cosine_distance,3671,0.7781156554035256,0.145589164274846,0.794276245260418,0.5117049709228628,0.6864355360564781,0.8837698838712238,0.9921666895371718,0.3205613247552185,1.1903677763534812
lambda_0_1,0.1,OFF,1,0,f4-f5,raw_change,3671,3.611028666227569,1.1105868548491402,3.4777468425991716,2.076514425597831,2.7388407318401127,4.324970383113431,5.764108186614244,1.5776862382737198,6.989509025964184
lambda_0_1,0.1,OFF,1,0,f4-f5,normalized_change,3671,1.3762715885697452,0.2914774618683914,1.4307950357718213,0.8621465072118748,1.1492960553510057,1.6141872023852524,1.780417603033997,0.685352291472969,1.9762730532490278
lambda_0_1,0.1,OFF,1,0,f4-f5,cosine_distance,3671,0.8547243389750361,0.2597607221847475,0.8650109902208456,0.42676439091594237,0.653447753163286,1.0366250069408485,1.2840220513108418,0.2673941107316059,1.5943773960113647
lambda_0_1,0.1,OFF,1,1,f1-f2,raw_change,3671,8.09094441119749,1.187876810514789,7.995928370945339,6.279183786352,7.3016447988213224,8.787865642410196,10.253421226131398,5.121853601774967,13.19864398097016
lambda_0_1,0.1,OFF,1,1,f1-f2,normalized_change,3671,0.7210756740117379,0.027599049899414148,0.7198568258359405,0.6798157587756551,0.7020905241359549,0.7367209252654079,0.7712249223959541,0.6424511367213848,0.8439930627496423
lambda_0_1,0.1,OFF,1,1,f1-f2,cosine_distance,3671,0.24769077356541178,0.03081975493953978,0.24430388401809022,0.20024647071421486,0.2278911941777385,0.266111250186941,0.3030734785608175,0.15894532388961935,0.4108509635748917
lambda_0_1,0.1,OFF,1,1,f2-f3,raw_change,3671,4.61906645708979,0.5684727786008831,4.524399562085266,3.8509036567371613,4.237219758542266,4.929028299970046,5.64003342130804,3.3577909564418924,8.042384019938396
lambda_0_1,0.1,OFF,1,1,f2-f3,normalized_change,3671,0.8962391884227316,0.043970316415484934,0.8913756174822127,0.8356874487100963,0.866381837573188,0.9171116870879812,0.9794135268093689,0.7759922805215735,1.1508091705015058
lambda_0_1,0.1,OFF,1,1,f2-f3,cosine_distance,3671,0.5212454421208377,0.06764334705229158,0.5104573219665804,0.43570044772285926,0.4774068730699674,0.5478023577889943,0.6532234613179634,0.367345042778475,0.915353019286438
lambda_0_1,0.1,OFF,1,1,f3-f4,raw_change,3671,3.763700703019386,0.7789576950368491,3.646412617186519,2.7449715325772583,3.271374460905615,4.153720112242392,4.993430052893272,2.305661910406045,8.928480885089808
lambda_0_1,0.1,OFF,1,1,f3-f4,normalized_change,3671,1.1086730298744512,0.11784486174613469,1.1088371295002775,0.9088477524825835,1.0390988593390622,1.1729932913369934,1.3015555740344271,0.7527323133781523,1.6119382096427857
lambda_0_1,0.1,OFF,1,1,f3-f4,cosine_distance,3671,0.7657315939759748,0.13994190371138374,0.7953990805311845,0.4633980479249111,0.6952044367318679,0.8665803977437667,0.9395772398619682,0.3245566164069664,1.0168453843743057
lambda_0_1,0.1,OFF,1,1,f4-f5,raw_change,3671,3.77386249804511,1.1894851249587757,3.5727217477903492,2.215384786013745,2.882238754175851,4.518584779407485,5.818978921950514,1.545993317401994,8.697585900596403
lambda_0_1,0.1,OFF,1,1,f4-f5,normalized_change,3671,1.437436051658458,0.294321113476467,1.478676519382566,0.9006549754088837,1.2221162875532838,1.6968622651748824,1.822338731923567,0.6416805510020087,1.9492703740293864
lambda_0_1,0.1,OFF,1,1,f4-f5,cosine_distance,3671,0.9885413900797952,0.27559926583690586,1.0237426293931908,0.4663494028616165,0.808749282781332,1.2003378395401345,1.359306772035083,0.23093007057405612,1.6719055473933015
lambda_0_1,0.1,OFF,1,2,f1-f2,raw_change,3671,9.234192596798838,1.697540631174834,9.197474363347949,6.72878394200924,8.011332171901728,10.315070866601562,12.086481970209647,4.949120393158715,17.09963891414454
lambda_0_1,0.1,OFF,1,2,f1-f2,normalized_change,3671,0.737552852686883,0.03406048892116541,0.7358649674078496,0.6861009048624858,0.7148130191965246,0.7587493089925823,0.7969703557841492,0.6318099328664796,0.8798699083209536
lambda_0_1,0.1,OFF,1,2,f1-f2,cosine_distance,3671,0.25021405719595263,0.03896415527567126,0.24312488589765802,0.20353144149281738,0.22489687321101892,0.2661424512471177,0.32556803894950637,0.16980774022193645,0.5244757525057087
lambda_0_1,0.1,OFF,1,2,f2-f3,raw_change,3671,4.817183686696937,0.8568790013860834,4.661196272910533,3.739709287177069,4.219928595314624,5.253530971991547,6.4177055926984945,3.4315134409519237,9.463370128669965
lambda_0_1,0.1,OFF,1,2,f2-f3,normalized_change,3671,0.914517358369428,0.060641808389694504,0.8998903967164282,0.8398658859447725,0.8726719486271232,0.9464388073207077,1.0343251001543066,0.7671225405467779,1.1924756085031187
lambda_0_1,0.1,OFF,1,2,f2-f3,cosine_distance,3671,0.568603762688856,0.09833688186160876,0.5451860156046803,0.44772961166193925,0.4967158120279048,0.6222789288776018,0.7610941738698056,0.35468708382499214,0.9732283675791628
lambda_0_1,0.1,OFF,1,2,f3-f4,raw_change,3671,3.2133665600576005,0.6564112530383076,3.0449108896493136,2.4855590019501017,2.7756223989172004,3.4992494267690195,4.373114729133626,2.0783648333824543,7.381274325312351
lambda_0_1,0.1,OFF,1,2,f3-f4,normalized_change,3671,1.0401487211282763,0.1396294875873302,1.043505516174057,0.8117451125180423,0.9377599773634417,1.1329367369525531,1.257591430359375,0.7000859978237399,1.5198818814611503
lambda_0_1,0.1,OFF,1,2,f3-f4,cosine_distance,3671,0.6778776282559958,0.19025803840556968,0.6934424451528756,0.3688993964851893,0.511932764036888,0.8476666904420902,0.9471846450136433,0.272184134725744,1.0445532009721918
lambda_0_1,0.1,OFF,1,2,f4-f5,raw_change,3671,3.25371045889053,1.1381827281521315,2.9700278552827464,1.8621039318226558,2.412695640044844,3.893587316786429,5.645170814744711,1.2860821070112336,7.2384161123647806
lambda_0_1,0.1,OFF,1,2,f4-f5,normalized_change,3671,1.3422743094913754,0.3407454154191957,1.2987815291207656,0.813287342387194,1.1060242736319412,1.5647449747519462,1.9546206381741191,0.5903130890409356,2.194159066496904
lambda_0_1,0.1,OFF,1,2,f4-f5,cosine_distance,3671,0.9458372314902741,0.35792407598296655,0.9399980383677184,0.36897739851436506,0.6766392690282399,1.1971470674398472,1.591402487246387,0.18872421612391876,1.7470849903475052
lambda_0_1,0.1,OFF,1,3,f1-f2,raw_change,3670,9.259949041830403,1.6785696938522183,9.177822638730444,6.682168892698712,8.041178351856106,10.40068267019518,12.083133630385015,5.4429935474930575,16.772989301731513
lambda_0_1,0.1,OFF,1,3,f1-f2,normalized_change,3670,0.7352149636603881,0.03148661322671364,0.7334644446418219,0.6864526496027332,0.7133127355130932,0.7566928052170631,0.786598745226088,0.6320087624932599,0.8757340166740502
lambda_0_1,0.1,OFF,1,3,f1-f2,cosine_distance,3670,0.2513796265372835,0.0368887322734866,0.24568027245152924,0.20412211434638874,0.2266350739035626,0.2707807934840947,0.3173648937008165,0.1698694997577339,0.5071123921783243
lambda_0_1,0.1,OFF,1,3,f2-f3,raw_change,3670,5.029759722802634,1.0625797695966717,4.79700511817939,3.8349275836256105,4.273322586177156,5.480659197771857,7.2630955714722765,3.456067495553165,10.54291220311426
lambda_0_1,0.1,OFF,1,3,f2-f3,normalized_change,3670,0.9275710683730174,0.06987086419814062,0.9091978734427706,0.8453151801549387,0.8820879407227862,0.9537605447119152,1.0714940082813396,0.7725449425906743,1.2378185618656896
lambda_0_1,0.1,OFF,1,3,f2-f3,cosine_distance,3670,0.5842419191652399,0.11099796315869928,0.5513798503005767,0.44884314199614783,0.5064872385920164,0.6376175690848934,0.8242412481908513,0.3548102636901044,1.0098006412850773
lambda_0_1,0.1,OFF,1,3,f3-f4,raw_change,3670,3.4017334014470877,0.7953384594159242,3.188607926918233,2.521317498668615,2.831931796750697,3.8030749944808324,4.8978285491188505,2.1277294340537183,8.581408653700725
lambda_0_1,0.1,OFF,1,3,f3-f4,normalized_change,3670,1.0447164027106235,0.13360482487860517,1.055333960491398,0.8248442993728455,0.9354039228091984,1.1533513732071472,1.2501030218347238,0.7375044952234816,1.330813300210674
lambda_0_1,0.1,OFF,1,3,f3-f4,cosine_distance,3670,0.7008242012632419,0.1988330544909677,0.7051518662932471,0.3893107852933745,0.5308071366695303,0.8712304762528023,1.0088907071546085,0.3082176040486787,1.1958223878583343
lambda_0_1,0.1,OFF,1,3,f4-f5,raw_change,3670,2.958300190162552,0.8133697046228048,2.825524148220092,1.8445440295382576,2.334967415670148,3.4450941735111744,4.529500010447337,1.389611625080137,6.5053097114800655
lambda_0_1,0.1,OFF,1,3,f4-f5,normalized_change,3670,1.218887248591281,0.2772470958748462,1.1831717587148796,0.78920475058751,1.0015757542760568,1.4644799571385037,1.6759257012067745,0.5952485736040795,1.7612710748459504
lambda_0_1,0.1,OFF,1,3,f4-f5,cosine_distance,3670,0.8275420697646817,0.2657155507607386,0.8837039604881505,0.3427803925969538,0.6123403623380271,1.0375588436267396,1.1878830420744446,0.18663844302974075,1.4354337990027677
lambda_0_1,0.1,OFF,1,4,f1-f2,raw_change,3670,9.926051960790256,1.932197018979264,9.850997867877464,6.925199771272501,8.556026398661633,11.094868639060664,13.285761767144495,5.626244794432562,17.188208722035753
lambda_0_1,0.1,OFF,1,4,f1-f2,normalized_change,3670,0.7521146229677611,0.038199931151130274,0.75119224631228,0.6895522000674446,0.7261182874580294,0.7775202810311658,0.8153289210081812,0.642131506777994,0.8816778809230212
lambda_0_1,0.1,OFF,1,4,f1-f2,cosine_distance,3670,0.2677149325242928,0.04770717356557743,0.25858477330432783,0.2058367692438356,0.23550976561094156,0.2905896461914435,0.3588465153610915,0.17218153764455668,0.4926503968216578
lambda_0_1,0.1,OFF,1,4,f2-f3,raw_change,3670,5.079828095821484,1.016953792467343,4.961407881397933,3.751367034504517,4.284920636895544,5.653972846500736,7.002408666854591,3.347717074035644,9.474286704345008
lambda_0_1,0.1,OFF,1,4,f2-f3,normalized_change,3670,0.9404002110168113,0.07330430745783283,0.9277444640511056,0.83756964578099,0.885892066702125,0.9887062083963528,1.0726718970204332,0.7734434281780015,1.2067477969210658
lambda_0_1,0.1,OFF,1,4,f2-f3,cosine_distance,3670,0.6064551502627602,0.12253582614005738,0.5928460689342747,0.4274885642455954,0.5082339604198556,0.6969886165756034,0.8205364902297122,0.36546401492250413,0.9995948285916576
lambda_0_1,0.1,OFF,1,4,f3-f4,raw_change,3670,3.422845890171959,0.8931946544015488,3.174219435909638,2.5145234413802124,2.8245322907303927,3.712617037735104,5.287210339263452,2.1575462303139905,11.234720442094584
lambda_0_1,0.1,OFF,1,4,f3-f4,normalized_change,3670,1.0524519986016143,0.16401890369664554,1.0285947480550055,0.826090143303401,0.9082754134040347,1.2015574374318994,1.3199476434787416,0.7315701385704652,1.453999363940534
lambda_0_1,0.1,OFF,1,4,f3-f4,cosine_distance,3670,0.6967725629981365,0.23249384119738506,0.6541760681294828,0.38746171498832627,0.48406083732968785,0.9197219557460774,1.0752615449732252,0.3029473828969409,1.2765279486952799
lambda_0_1,0.1,OFF,1,4,f4-f5,raw_change,3670,3.108600905918284,1.069386433313575,2.8409065638795172,1.8360750511503119,2.3187875105009734,3.6956460629709573,5.241524371711416,1.3929286752146646,8.656423807154157
lambda_0_1,0.1,OFF,1,4,f4-f5,normalized_change,3670,1.2132774112301556,0.2831559429907483,1.17679051522139,0.8098169900682268,1.0002928011450842,1.3858159277158766,1.7331625883138249,0.5706402040197394,2.0051804299103377
lambda_0_1,0.1,OFF,1,4,f4-f5,cosine_distance,3670,0.861062214440362,0.31132592134850046,0.8510408167278977,0.37784590127701984,0.6199458888913076,1.0811725357423916,1.406443089771278,0.16908772355330137,1.6009523929750524
lambda_0_1,0.1,OFF,2,0,f1-f2,raw_change,3671,12.414301804735421,2.675680669190659,12.163314843272307,8.254041144252174,10.383692745560694,14.191382657247086,17.106528343486474,7.240991301069009,21.600383364193405
lambda_0_1,0.1,OFF,2,0,f1-f2,normalized_change,3671,0.7745174076732184,0.03909796919390831,0.7698731021099765,0.7154634093241347,0.7472298108986251,0.8012908595070444,0.8426281399737243,0.6495450299156365,0.8976077833272378
lambda_0_1,0.1,OFF,2,0,f1-f2,cosine_distance,3671,0.28168513448970606,0.05734495198373955,0.2673233835239165,0.21259135506417987,0.24393569210133054,0.3048903051754128,0.39510412585832205,0.17883135242931203,0.5568258943590307
lambda_0_1,0.1,OFF,2,0,f2-f3,raw_change,3671,5.808551326542801,1.395608738675845,5.369592899628722,4.2018027195838465,4.764866006449999,6.592797316494128,8.494374426285258,3.8791917025581255,12.54279055609934
lambda_0_1,0.1,OFF,2,0,f2-f3,normalized_change,3671,0.9674805806040913,0.08338444475546607,0.9438736702122176,0.8648526016525552,0.9100956636659332,1.0113984711672186,1.122757893426443,0.7682618933752668,1.3233853579301653
lambda_0_1,0.1,OFF,2,0,f2-f3,cosine_distance,3671,0.6519755337233236,0.12612928547224153,0.6286893609750404,0.4811801456640301,0.5521192115752154,0.744334012105888,0.8779002240035398,0.35367666255948305,0.9772879002628392
lambda_0_1,0.1,OFF,2,0,f3-f4,raw_change,3671,3.6972502798126254,1.0980042560711076,3.4434458498570377,2.4221798225333053,2.922864004447442,4.186184152599351,5.716619410166683,2.1379284015989435,9.939319790627867
lambda_0_1,0.1,OFF,2,0,f3-f4,normalized_change,3671,1.0530431641748121,0.15718735170355752,1.048983423013764,0.7985062104337471,0.9278092693296714,1.1827185360133812,1.29706980263965,0.6826630103955209,1.508166183488804
lambda_0_1,0.1,OFF,2,0,f3-f4,cosine_distance,3671,0.69469299149265,0.21853249637343364,0.6848026063538042,0.37285057108787106,0.4999462025989934,0.8894365376308984,1.0485822356820922,0.2641752330211399,1.1546463565174045
lambda_0_1,0.1,OFF,2,0,f4-f5,raw_change,3671,3.3801027734283497,1.1963117340010516,3.0357490919632277,1.8675582434686655,2.393161460847129,4.320947360185224,5.552455432337572,1.4831871579152485,6.775344237084358
lambda_0_1,0.1,OFF,2,0,f4-f5,normalized_change,3671,1.2268865687911712,0.2961188883123629,1.168228377798685,0.8257854528849927,1.0278936308674878,1.3585134191331965,1.863024588179905,0.6886067648253211,2.1092566383133
lambda_0_1,0.1,OFF,2,0,f4-f5,cosine_distance,3671,0.8421760357006984,0.2996619400098104,0.7985353123730567,0.38511721723979336,0.6270624113535492,1.0491297661790702,1.363673683917578,0.27458664076711536,1.6298516892685848
lambda_0_1,0.1,OFF,2,1,f1-f2,raw_change,3671,12.425261217509057,2.494530693822258,12.285556711705006,8.575565599096535,10.556325211858345,14.058675902843712,16.90540105645261,6.941546512511635,24.112794710744677
lambda_0_1,0.1,OFF,2,1,f1-f2,normalized_change,3671,0.7814362364276769,0.037504853619633564,0.7816441324352648,0.7181995059152441,0.7566658256523733,0.806528323453678,0.8426683936214082,0.6716805888218867,0.8994080856860217
lambda_0_1,0.1,OFF,2,1,f1-f2,cosine_distance,3671,0.2877095676469439,0.055981532419463624,0.2702686573089045,0.22375706504026532,0.24746435396986194,0.31691092899519363,0.3974912131245108,0.16711164643528653,0.5575833602551663
lambda_0_1,0.1,OFF,2,1,f2-f3,raw_change,3671,5.789896328410069,1.5542447330542841,5.341834439451115,4.097190653206465,4.625373486905772,6.524114807144191,9.295717220169857,3.729527689340003,18.331443703361696
lambda_0_1,0.1,OFF,2,1,f2-f3,normalized_change,3671,0.9875510907975106,0.09014518504409649,0.9705711766432225,0.875835370927416,0.9221032602133215,1.029795634850019,1.1824577735666504,0.7957119656042757,1.3431246171895506
lambda_0_1,0.1,OFF,2,1,f2-f3,cosine_distance,3671,0.6844935438552937,0.1309715515082843,0.6633461178913216,0.5045925872821304,0.5794639012884384,0.7750499436137505,0.9297799780153491,0.3933930665257951,1.005626941941255
lambda_0_1,0.1,OFF,2,1,f3-f4,raw_change,3671,3.3904278215578203,1.2527109717455787,2.9357318673166275,2.2551675819294523,2.563399300067207,3.7592854188034837,6.103834955800894,2.0280522886732597,16.404643557343523
lambda_0_1,0.1,OFF,2,1,f3-f4,normalized_change,3671,0.9855477768347636,0.16807682652908043,0.9848844805097765,0.7331718818208421,0.8500080556994706,1.0999695346028928,1.2745684797990535,0.6627629171660862,1.6270851153623358
lambda_0_1,0.1,OFF,2,1,f3-f4,cosine_distance,3671,0.6136626364872763,0.23159993597181244,0.5861156107018067,0.29994666494788724,0.41162652165740643,0.8015560408456578,1.0161739316926142,0.2394132405829208,1.151973537659336
lambda_0_1,0.1,OFF,2,1,f4-f5,raw_change,3671,3.290622893544186,1.1403537123989946,2.9562094056576806,1.862618622837422,2.4708747027529907,4.142346925827226,5.34429867844796,1.3333297622217193,11.069042068157682
lambda_0_1,0.1,OFF,2,1,f4-f5,normalized_change,3671,1.242359384269648,0.30273961363662955,1.1923114741278606,0.8276902496009115,1.0367560714188242,1.3477492516031941,1.9070723436591996,0.567306266830317,2.076578071096738
lambda_0_1,0.1,OFF,2,1,f4-f5,cosine_distance,3671,0.9439006039726758,0.33063483679093714,0.9608234097893978,0.398893281194997,0.6838638701090801,1.188635993295461,1.475700794400939,0.17502002215129375,1.619241136468768
lambda_0_1,0.1,OFF,2,2,f1-f2,raw_change,3671,12.328942766889744,2.5095983101026995,12.127666098437544,8.512665975102717,10.501299389695834,13.910097112284838,16.789893967339516,6.787227960312192,21.050512564825542
lambda_0_1,0.1,OFF,2,2,f1-f2,normalized_change,3671,0.7745703186901634,0.03818103989539599,0.7735935692683125,0.715959054751113,0.7490189854309763,0.7993850080345153,0.8359685914187519,0.6607789919465283,0.9373084023280819
lambda_0_1,0.1,OFF,2,2,f1-f2,cosine_distance,3671,0.281077016028944,0.058710278828482225,0.265167988843807,0.2207686565569586,0.24248860857345744,0.300713833143992,0.39949624689171276,0.1824057606920576,0.6409607654729483
lambda_0_1,0.1,OFF,2,2,f2-f3,raw_change,3671,5.814969438274445,1.4656746225174975,5.423709780281698,4.102169298889093,4.741954241242354,6.598069806793054,8.747025953118637,3.7880927030300784,12.260680116715601
lambda_0_1,0.1,OFF,2,2,f2-f3,normalized_change,3671,0.968226208581705,0.08285642717462222,0.948707844985493,0.8688767372905128,0.9032733956928447,1.0200710520366654,1.1283539443093618,0.7702224607179454,1.2580479277124494
lambda_0_1,0.1,OFF,2,2,f2-f3,cosine_distance,3671,0.6570626654221668,0.13185105048541237,0.6351748561571913,0.48362566137513485,0.5500927879607802,0.757063120083827,0.8891849562737719,0.361705106160386,1.0168585870174804
lambda_0_1,0.1,OFF,2,2,f3-f4,raw_change,3671,3.466692950233739,1.0878637548517396,3.0947214679947646,2.3948766337282237,2.691657741724161,3.960908275940997,5.751678885400492,1.9764149888840452,8.956641212171165
lambda_0_1,0.1,OFF,2,2,f3-f4,normalized_change,3671,0.9984105341899171,0.15936208622785647,0.9849211782589834,0.7535359974809883,0.8778559617826704,1.1100284810215126,1.2523994611481215,0.688555666797074,1.5278713175082839
lambda_0_1,0.1,OFF,2,2,f3-f4,cosine_distance,3671,0.6263730883483649,0.21565788318301696,0.6005638468181398,0.3175211488324875,0.4354966951171379,0.8250493697931696,0.9629145017460944,0.25825426740830015,1.0730270617214845
lambda_0_1,0.1,OFF,2,2,f4-f5,raw_change,3671,3.449105571375428,1.3731175964913007,3.167556159974447,1.7490365142337079,2.2652476437774083,4.508708148652591,5.744652095306689,1.174111057673476,7.579089770703767
lambda_0_1,0.1,OFF,2,2,f4-f5,normalized_change,3671,1.258987026130224,0.34082833564408094,1.2097163555869404,0.7940999851005026,1.0263356021399725,1.3763541944645814,1.9663365576780807,0.5618977345410345,2.199025755385832
lambda_0_1,0.1,OFF,2,2,f4-f5,cosine_distance,3671,0.974305576719541,0.4009167707038164,0.9459355510142156,0.344552544362946,0.6470673658076782,1.2983920398756141,1.613399612338366,0.16892475180094002,1.7129929342612613
lambda_0_1,0.1,OFF,2,3,f1-f2,raw_change,3670,12.296619819452625,2.4304958817068067,12.0158246151161,8.723615008460476,10.534556693923541,13.949578756139555,16.65035710212103,6.942778562647727,20.458159161314654
lambda_0_1,0.1,OFF,2,3,f1-f2,normalized_change,3670,0.7793860345146105,0.03462690737473629,0.7801238945728962,0.7252199251854775,0.7545471755785742,0.8023774138982194,0.8382427108500216,0.668438182503474,0.8808972410692802
lambda_0_1,0.1,OFF,2,3,f1-f2,cosine_distance,3670,0.28190883191777333,0.05423582511879939,0.26829627964519487,0.2183834865148894,0.2440394903133244,0.30663105146821723,0.390032738910087,0.1917854690649865,0.521403868879075
lambda_0_1,0.1,OFF,2,3,f2-f3,raw_change,3670,5.671858627421931,1.5793549608343902,5.322719485852953,3.97560514179897,4.44468156090935,6.382079496394997,9.026520259082693,3.6725482797398508,14.143789308863258
lambda_0_1,0.1,OFF,2,3,f2-f3,normalized_change,3670,0.9723888910572344,0.0918534526816894,0.94544644909934,0.8675482381475708,0.9050955421497595,1.0241760323051081,1.1663996910726255,0.757164542813919,1.3219476726802852
lambda_0_1,0.1,OFF,2,3,f2-f3,cosine_distance,3670,0.6606385849784674,0.1380283713013253,0.6220151920414919,0.4793314809792487,0.55117486405218,0.759294923769228,0.9213077486864,0.34393381230205033,0.9905669880828214
lambda_0_1,0.1,OFF,2,3,f3-f4,raw_change,3670,3.4211387772439097,1.219974848941266,3.0658294528685817,2.3325208850465002,2.629066728792095,3.7886350842097727,5.700784286912342,1.9939213761713916,14.571528581511766
lambda_0_1,0.1,OFF,2,3,f3-f4,normalized_change,3670,1.0082785202913311,0.16765420722907634,1.0207533888519031,0.747621265434997,0.8553339673999223,1.1559010160570118,1.2559527634197774,0.6972031946355561,1.3731737914721707
lambda_0_1,0.1,OFF,2,3,f3-f4,cosine_distance,3670,0.6557078293193696,0.24473157726220718,0.6369095124094458,0.32495897420178255,0.4286303351147315,0.8606935770641151,1.052096346793887,0.2779693622805328,1.2502007502072303
lambda_0_1,0.1,OFF,2,3,f4-f5,raw_change,3670,2.929423979179582,1.035357386819416,2.6404062033023923,1.7511629329371665,2.2047992321561845,3.440027623018361,4.751273936088943,1.2808095387877214,11.301904505431592
lambda_0_1,0.1,OFF,2,3,f4-f5,normalized_change,3670,1.1386024743391947,0.2552972534982514,1.0981771308606239,0.7595591169115763,0.9737333233283663,1.2851837109022086,1.6591191465089574,0.5396238184774306,1.7703332496836608
lambda_0_1,0.1,OFF,2,3,f4-f5,cosine_distance,3670,0.7757706538182859,0.26012082631677264,0.7980153033135962,0.31967524781054335,0.5977200194005713,0.9765553691127122,1.1602695180540905,0.15786363721821794,1.3809253153692327
lambda_0_1,0.1,OFF,2,4,f1-f2,raw_change,3670,12.361840709657045,2.508286845143462,12.077035249974141,8.528742305735559,10.659988981203066,13.743440992153788,16.975826289886154,6.77252822881967,20.87042100816421
lambda_0_1,0.1,OFF,2,4,f1-f2,normalized_change,3670,0.781510120940662,0.03817536849274001,0.7811755519603325,0.7240639575603882,0.7548670791344634,0.8060143283741477,0.849070893128778,0.6715951955532056,0.9007426857004504
lambda_0_1,0.1,OFF,2,4,f1-f2,cosine_distance,3670,0.2883147423436667,0.060731456989243024,0.2735509487144935,0.2159184106324343,0.24836488292084186,0.3110039341700566,0.41781237420032824,0.19208242982244772,0.5593899747555826
lambda_0_1,0.1,OFF,2,4,f2-f3,raw_change,3670,5.707997115459466,1.405850181864706,5.50894650433967,3.9182776104863613,4.5406818818389825,6.553110776569255,8.323230833732666,3.6552451649956534,11.599101081751211
lambda_0_1,0.1,OFF,2,4,f2-f3,normalized_change,3670,0.9799921702163518,0.0857523109213649,0.9585019947786804,0.872004876403703,0.9130904215692655,1.037023675868753,1.1404841428783818,0.7472793887668019,1.297684617046892
lambda_0_1,0.1,OFF,2,4,f2-f3,cosine_distance,3670,0.667618507544393,0.1333298200793461,0.6523562099378746,0.47130155012787256,0.5541695892799168,0.779056268004941,0.8870301222945628,0.3269677163792777,1.0307857175124548
lambda_0_1,0.1,OFF,2,4,f3-f4,raw_change,3670,3.5936121543259962,1.1742901905555134,3.1883657316516234,2.454500272489331,2.800990701110088,4.005047436026037,6.220956020681264,2.120203600821827,13.45166692263372
lambda_0_1,0.1,OFF,2,4,f3-f4,normalized_change,3670,1.034387486939267,0.17330801427490045,0.9953369233879208,0.8034279701787453,0.8906949986985115,1.1673116345216148,1.3457952714359294,0.7431992051610813,1.495635290646154
lambda_0_1,0.1,OFF,2,4,f3-f4,cosine_distance,3670,0.6734700720325397,0.24355867547773558,0.5975956660048517,0.37493307620738187,0.46363981162422485,0.8877121015305713,1.1035352596319774,0.31315935803036654,1.2302076936702717
lambda_0_1,0.1,OFF,2,4,f4-f5,raw_change,3670,3.2670537953506487,1.1928194240844976,2.9981557416604425,1.7621039440985673,2.3199783212360527,4.099902825213037,5.372264220889957,1.2032656689039452,9.825298964190463
lambda_0_1,0.1,OFF,2,4,f4-f5,normalized_change,3670,1.1947959336590415,0.2699002019214664,1.1848551988171336,0.8021740695187962,0.9942624508550905,1.3117280068704353,1.7163665974043298,0.5754346542759275,2.054372300825206
lambda_0_1,0.1,OFF,2,4,f4-f5,cosine_distance,3670,0.8823606915728968,0.3377266977114689,0.8643847391916919,0.35642384640713154,0.6103882963156191,1.1790986086299222,1.4196158820082099,0.1815170957731802,1.5582139942274127
lambda_0_1,0.1,ON,1,0,f1-f2,raw_change,3671,8.69621317461508,1.0562694617050132,8.559769093717701,7.228268988323289,7.939646285873597,9.333628599072707,10.632528755361303,6.181904413907342,14.08897915172528
lambda_0_1,0.1,ON,1,0,f1-f2,normalized_change,3671,1.5205618573997375,0.16491962679132596,1.500835464591049,1.2884366448656441,1.3987804993151123,1.6242950887464995,1.8340736862477178,1.157510228440167,2.1415892353332304
lambda_0_1,0.1,ON,1,0,f1-f2,cosine_distance,3671,0.8238036135038199,0.10756492154175805,0.8025169672292407,0.6945227284861469,0.7526321199106607,0.8656177202213999,1.079039840514433,0.5925647673525603,1.2269253237890256
lambda_0_1,0.1,ON,1,0,f2-f3,raw_change,3671,8.114105568320635,1.6110283510642436,7.786934831591835,6.040839430994719,6.960961301817954,9.040023281228123,11.104208255614914,4.976241815763764,18.313584800988387
lambda_0_1,0.1,ON,1,0,f2-f3,normalized_change,3671,1.058528314856866,0.08593325327293908,1.0510134177278094,0.9367298830796742,0.993579604948275,1.1100844149172795,1.2157429032240534,0.8607147051086744,1.3937476836615263
lambda_0_1,0.1,ON,1,0,f2-f3,cosine_distance,3671,0.5501964166701154,0.07602174059457904,0.5478128123330112,0.4371987777714607,0.4954978778877639,0.5954170558735996,0.6926206629166055,0.3653478849566988,0.8157286570441025
lambda_0_1,0.1,ON,1,0,f3-f4,raw_change,3671,7.535541130317192,2.459116262026945,6.89025798995825,4.866304441336352,5.860633094519084,8.540110469176252,12.371435495343363,3.866426445248776,25.11337395606907
lambda_0_1,0.1,ON,1,0,f3-f4,normalized_change,3671,0.9583570730997599,0.06727758711294371,0.9497498819985165,0.8624590595237343,0.912578777498214,0.9994321187261521,1.0809077968606813,0.7540626552976489,1.2254713750309247
lambda_0_1,0.1,ON,1,0,f3-f4,cosine_distance,3671,0.45692202546272903,0.06847797938711268,0.4444336060108245,0.3653204300983208,0.4065107589607163,0.49941301265119714,0.5889184343001539,0.2964348914174648,0.6820964350926082
lambda_0_1,0.1,ON,1,0,f4-f5,raw_change,3671,7.787079844960898,3.561434291205901,6.584844303207486,4.5446443808297,5.46086224488831,9.049961011657123,14.77967474871047,3.581095603552119,36.30528441430501
lambda_0_1,0.1,ON,1,0,f4-f5,normalized_change,3671,0.9619131196018412,0.05972262400149434,0.9658496932849369,0.8562188582585915,0.9256426042083106,0.997553381721508,1.0611222525032793,0.7721742489170805,1.1842902467096297
lambda_0_1,0.1,ON,1,0,f4-f5,cosine_distance,3671,0.47566635534373375,0.052930094561907816,0.4736803496108686,0.3940936681821883,0.43888346069387096,0.5100911861868631,0.5683204341307874,0.3336143842866819,0.6620818136860416
lambda_0_1,0.1,ON,1,1,f1-f2,raw_change,3671,8.196245628845972,0.9497154089879927,8.107380125579768,6.923317208221489,7.5140454713833424,8.69812424291008,9.92228294894346,6.151617533774841,16.779246347180962
lambda_0_1,0.1,ON,1,1,f1-f2,normalized_change,3671,1.5036427317862084,0.1424956300542062,1.4977972779727495,1.2818047886551285,1.4043744149346464,1.5881674560551944,1.758309104633359,1.1328152042506052,2.0628653642145465
lambda_0_1,0.1,ON,1,1,f1-f2,cosine_distance,3671,0.8263840807367699,0.08141103398220158,0.8135740674458021,0.7176136511348159,0.7713841222416814,0.8650788704801988,0.9784499907393313,0.6334705886374641,1.188376479639223
lambda_0_1,0.1,ON,1,1,f2-f3,raw_change,3671,7.279574148305285,1.2062416831573626,7.103362301446551,5.698710239195998,6.479091265109435,7.856970309111361,9.468110754356486,4.616066871695306,17.04163283000613
lambda_0_1,0.1,ON,1,1,f2-f3,normalized_change,3671,1.0212000290752552,0.07188812068300657,1.0130544961658596,0.9147642157994716,0.9693336657172622,1.0656989022751406,1.1497098745265386,0.8220319426576771,1.2571443819556205
lambda_0_1,0.1,ON,1,1,f2-f3,cosine_distance,3671,0.5360761666759717,0.07293143165568108,0.5347535446394153,0.41742628771974793,0.4862354498884619,0.5885252703797563,0.6464985936569864,0.33295246388052135,0.8148509063661873
lambda_0_1,0.1,ON,1,1,f3-f4,raw_change,3671,6.692431342431299,1.7763892388815543,6.398514656552431,4.691755725372488,5.457110387802414,7.420267960009475,10.002729586146225,3.6617168251144756,24.179229820809205
lambda_0_1,0.1,ON,1,1,f3-f4,normalized_change,3671,0.9579544286313826,0.06079648317571272,0.9539639107085853,0.8647482773542551,0.9201715421214058,0.9919411517201983,1.0635800552833448,0.784592532927018,1.2030621043401792
lambda_0_1,0.1,ON,1,1,f3-f4,cosine_distance,3671,0.45900638131501936,0.05941201949225894,0.44713574632324726,0.3773362197042917,0.41688398302669194,0.49570479489354896,0.5665357522315528,0.3292880908206304,0.6849405525988669
lambda_0_1,0.1,ON,1,1,f4-f5,raw_change,3671,6.623556887477744,2.248698987279767,6.102870773422662,4.476467298616715,5.218988146025174,7.326826222407256,10.578281205366288,3.6849562995371907,30.29389813856992
lambda_0_1,0.1,ON,1,1,f4-f5,normalized_change,3671,0.9417259989887842,0.06602273090190683,0.9351605154299972,0.8485138672559669,0.8950178612787101,0.9788917547461657,1.0629860376924265,0.7782376944980597,1.3131823853835818
lambda_0_1,0.1,ON,1,1,f4-f5,cosine_distance,3671,0.44796117626030085,0.056310570484056785,0.44416809815308855,0.362752905018609,0.41097511878719495,0.4783032684593914,0.5566160068719254,0.31019559360917537,0.694406860815451
lambda_0_1,0.1,ON,1,2,f1-f2,raw_change,3671,9.988647384564327,1.0370253378908278,9.910798659160912,8.440915534801468,9.262802145165118,10.674555448421781,11.751730654694386,6.676114990607506,14.254663166911193
lambda_0_1,0.1,ON,1,2,f1-f2,normalized_change,3671,1.4500533855968067,0.138847627243002,1.4388408641190116,1.2505883895146435,1.3445491824685325,1.5318875250014872,1.702891938556804,1.141184566183393,1.9327982362272982
lambda_0_1,0.1,ON,1,2,f1-f2,cosine_distance,3671,0.843775313882049,0.1092463945056599,0.8242465215012029,0.7051287539710882,0.7735453701440906,0.8891855298703778,1.0639633144153087,0.6227180252460653,1.2511988839820238
lambda_0_1,0.1,ON,1,2,f2-f3,raw_change,3671,8.732524109607269,1.4085085844772192,8.571846621216435,6.789654200880909,7.732603906542169,9.487600248395722,11.265800398390303,5.180649723573885,16.01946217556637
lambda_0_1,0.1,ON,1,2,f2-f3,normalized_change,3671,1.039841056006968,0.09037612708829085,1.0238770512530273,0.9211184430683308,0.977407564784275,1.084844435931049,1.2317923354772518,0.847773246419326,1.3585506144836184
lambda_0_1,0.1,ON,1,2,f2-f3,cosine_distance,3671,0.5619117792365392,0.08312579736728372,0.5519592184605713,0.43888188571517334,0.49892199220253086,0.6235304120877847,0.7179684190744398,0.37108621622399096,0.7790123337139928
lambda_0_1,0.1,ON,1,2,f3-f4,raw_change,3671,7.97949129468441,2.140883415051584,7.564842465467416,5.556967943400469,6.542804116113243,8.712937116901031,12.283649767478495,4.267638553175024,22.090574481912174
lambda_0_1,0.1,ON,1,2,f3-f4,normalized_change,3671,0.9836760380458616,0.05546600801143656,0.9756899599264058,0.8981014082948413,0.9467652841104806,1.01860628565724,1.0812743433801724,0.856188286524705,1.2020416585722349
lambda_0_1,0.1,ON,1,2,f3-f4,cosine_distance,3671,0.5017285720408889,0.06823706556515476,0.5031225470303229,0.3967001763755769,0.45352716877548777,0.5418644515411513,0.6164856918587716,0.31166573915331386,0.7153159206150284
lambda_0_1,0.1,ON,1,2,f4-f5,raw_change,3671,7.262921842259768,2.770256448084731,6.503848760756032,4.662232578006302,5.576259366165441,7.968422355503264,12.497663551522432,3.5005609277304837,28.543548547591232
lambda_0_1,0.1,ON,1,2,f4-f5,normalized_change,3671,0.9184034977080545,0.054917513676734586,0.916086882307285,0.8358469037294927,0.8797716367319588,0.9570704021385942,1.011149460878809,0.7655407302484039,1.0899435612079087
lambda_0_1,0.1,ON,1,2,f4-f5,cosine_distance,3671,0.4354969149259783,0.05544247212578418,0.4321253716292265,0.3453366051789008,0.3994182611752359,0.4714906378588596,0.5297950068926294,0.294698043039465,0.6182884701219558
lambda_0_1,0.1,ON,1,3,f1-f2,raw_change,3670,7.883099532668686,1.0109877405510708,7.76049050850939,6.42715859546028,7.2094483705039405,8.44145995285927,9.77967857114033,5.214513744406596,12.099779365466741
lambda_0_1,0.1,ON,1,3,f1-f2,normalized_change,3670,1.5139112784024782,0.1542385085686388,1.5103490643636022,1.2693883502289798,1.413569108542632,1.5956880467312793,1.784121646520682,1.1307813717175486,2.168681290504339
lambda_0_1,0.1,ON,1,3,f1-f2,cosine_distance,3670,0.8302512633010327,0.08683713069494757,0.8207616299236903,0.71115675431213,0.7667342462525408,0.8728495803889667,0.9975161182694807,0.6329947927065603,1.150841458190354
lambda_0_1,0.1,ON,1,3,f2-f3,raw_change,3670,6.917818699768615,1.1383468664797711,6.684771511563195,5.4864794152166,6.144334070996131,7.45520878214263,9.065725774268572,4.411535724956063,12.179060713073353
lambda_0_1,0.1,ON,1,3,f2-f3,normalized_change,3670,1.010900003427301,0.08024708077487276,0.9988185629713215,0.8958600027508115,0.9522275998430101,1.0596409860800207,1.1732567800201876,0.8262305986711164,1.2719047417278861
lambda_0_1,0.1,ON,1,3,f2-f3,cosine_distance,3670,0.509975199673344,0.07810253975045685,0.5033743203203892,0.393783364573962,0.45304156500316745,0.5570984358898621,0.6508859408637644,0.32530101093471364,0.770938675731224
lambda_0_1,0.1,ON,1,3,f3-f4,raw_change,3670,6.793658129087239,1.7931653073063785,6.441108286257945,4.637244056146331,5.673261235760756,7.356250389890318,10.46705504116967,3.7662636306519053,16.86807036861173
lambda_0_1,0.1,ON,1,3,f3-f4,normalized_change,3670,0.982122331163894,0.06102478899873728,0.9802674694178188,0.8859659449521937,0.9383112614692901,1.0257491686215596,1.0805952324175987,0.8002530491720677,1.1740864530259398
lambda_0_1,0.1,ON,1,3,f3-f4,cosine_distance,3670,0.48439002553126076,0.058058721306367175,0.48542809556943783,0.3945065795452364,0.4392551732321962,0.5246682969825036,0.5745130363617762,0.33124219683256784,0.6761243380649198
lambda_0_1,0.1,ON,1,3,f4-f5,raw_change,3670,6.661525171466477,2.240909209329661,6.1167434611037175,4.282396942194595,5.328897904207799,7.256269703049776,11.296699747357513,3.468584828511942,21.319791402627363
lambda_0_1,0.1,ON,1,3,f4-f5,normalized_change,3670,0.9592634285958767,0.05892243894307511,0.9539854621918865,0.8717674983365824,0.9151614320724875,0.9986659362901007,1.0653078459691838,0.8118705449624664,1.2076384458152862
lambda_0_1,0.1,ON,1,3,f4-f5,cosine_distance,3670,0.46715573819891754,0.055527111066343886,0.464067162785392,0.38106629397555325,0.42380900282057354,0.5069224795527302,0.5652877241503111,0.33720429472699376,0.6587285391723903
lambda_0_1,0.1,ON,1,4,f1-f2,raw_change,3670,8.509387778383989,1.0347458484626855,8.404311030049502,7.008001799659283,7.827275860967689,9.080481361774263,10.347934831188265,6.003566338324277,16.247625502550225
lambda_0_1,0.1,ON,1,4,f1-f2,normalized_change,3670,1.4358112747567275,0.1308029913601734,1.4310357445505906,1.227395273478344,1.34409602825153,1.5199055182003927,1.6515927018092202,1.0399201552177268,1.875352519760686
lambda_0_1,0.1,ON,1,4,f1-f2,cosine_distance,3670,0.8039012701197862,0.09216679808127491,0.7885646453887639,0.6768703026065697,0.7392730102472982,0.8561194011455593,0.9893077991765514,0.596790008107716,1.0863860123580769
lambda_0_1,0.1,ON,1,4,f2-f3,raw_change,3670,7.715463304444019,1.38913476917569,7.546748951035616,5.839048770081748,6.8038612699070224,8.367148747692893,10.236120590281063,4.307531799125729,19.103627021055313
lambda_0_1,0.1,ON,1,4,f2-f3,normalized_change,3670,1.0447296927678256,0.07659850382411622,1.040096931282466,0.9324871018250842,0.9906514846211261,1.0885563082743768,1.1683138882381998,0.837511418189118,1.314220119795499
lambda_0_1,0.1,ON,1,4,f2-f3,cosine_distance,3670,0.5536964317683962,0.07940293163473681,0.54562918337751,0.42608319683860757,0.5004976071886869,0.6083785583717324,0.700086772065587,0.3483375771390185,0.7901742285834021
lambda_0_1,0.1,ON,1,4,f3-f4,raw_change,3670,7.307040775007845,2.1575435169040533,6.804799872760909,4.983029188633068,5.880795315054252,8.106293366837335,11.634038963437018,3.945932719329337,28.596824176146715
lambda_0_1,0.1,ON,1,4,f3-f4,normalized_change,3670,0.9955058199132202,0.0659960740505692,0.9947128251026025,0.8954276740220114,0.94859751025102,1.0419910484094412,1.104662844571093,0.8214835927818847,1.2803535300940827
lambda_0_1,0.1,ON,1,4,f3-f4,cosine_distance,3670,0.5061359827764774,0.06299575729919756,0.5005068496669657,0.415625421520232,0.46062610968839024,0.5468848020953387,0.6184985259771877,0.3594341225173132,0.752506307711111
lambda_0_1,0.1,ON,1,4,f4-f5,raw_change,3670,7.034217527984231,2.7496340352001996,6.151882972990421,4.748782025970774,5.444795628586624,7.605612967652201,12.919137376205919,3.750852091160251,38.95972121442094
lambda_0_1,0.1,ON,1,4,f4-f5,normalized_change,3670,0.9710526420588184,0.06905220463113534,0.9646632160221449,0.8663554565774648,0.9207593216379147,1.0184243530587072,1.095085006276875,0.795283625468518,1.1825055882486906
lambda_0_1,0.1,ON,1,4,f4-f5,cosine_distance,3670,0.486998921497144,0.06030633406597446,0.48155746843391645,0.3922959043724294,0.44454261157315367,0.5307920396122002,0.5914681900916341,0.3423022047204062,0.6509992435261306
lambda_0_1,0.1,ON,2,0,f1-f2,raw_change,3671,14.110368121991373,4.238427131516347,13.597232556991738,7.9573314536695845,11.284024022943063,16.39515361665437,22.03034711674438,4.468668990842035,33.132325219228925
lambda_0_1,0.1,ON,2,0,f1-f2,normalized_change,3671,1.1620640887187943,0.11558693949920706,1.1373313073139861,1.0199097033093065,1.0837813700993135,1.2114651255103321,1.415331470263325,0.9621517929294297,1.5564902120559316
lambda_0_1,0.1,ON,2,0,f1-f2,cosine_distance,3671,0.7817729330407266,0.1291016430756439,0.7461440897121994,0.6398134679635987,0.7008476100328795,0.8252896342862013,1.0433678306222605,0.5563439091579838,1.2896644085341171
lambda_0_1,0.1,ON,2,0,f2-f3,raw_change,3671,10.706832719160923,3.4922288998418605,10.164876304486835,5.902592580239471,8.41607015599391,12.389073903422425,17.404590854955824,3.986335297626104,29.00586081330361
lambda_0_1,0.1,ON,2,0,f2-f3,normalized_change,3671,1.0391261427083256,0.08262178626838425,1.0333045219868306,0.9180554923546489,0.9825205562786089,1.0849725456985484,1.19293781644122,0.850143644548283,1.3434581939904697
lambda_0_1,0.1,ON,2,0,f2-f3,cosine_distance,3671,0.5830164962320369,0.07636313267403691,0.5796032348214779,0.45349223556487317,0.5284632328948639,0.6368439434760368,0.711388798407532,0.38938871245112516,0.8098736269680802
lambda_0_1,0.1,ON,2,0,f3-f4,raw_change,3671,9.227790064853219,3.6310772578513726,8.378905551568588,5.156744067047652,6.737638037508718,10.610508825404683,16.322911658477157,3.582698521365749,33.101032195563306
lambda_0_1,0.1,ON,2,0,f3-f4,normalized_change,3671,0.9758263080309071,0.07089431273185204,0.974126047711224,0.8632274861726461,0.9264008475999571,1.0242861562738765,1.0918333064785266,0.7507930489518598,1.2448655917440037
lambda_0_1,0.1,ON,2,0,f3-f4,cosine_distance,3671,0.5008745895213017,0.0756381535079236,0.49938245447787977,0.3878445996014018,0.4449961587068954,0.5537072021757563,0.6256978761139715,0.2884226948824987,0.7467985713100275
lambda_0_1,0.1,ON,2,0,f4-f5,raw_change,3671,8.596955827782258,4.347114573451546,7.202641441889027,4.683429460364872,5.9360718248653335,9.826920676284539,17.11666711074158,3.4810080056036345,42.20988898131513
lambda_0_1,0.1,ON,2,0,f4-f5,normalized_change,3671,0.9446399194466412,0.06577542187042419,0.9432954945358308,0.8375807510210044,0.9014234762414977,0.9877970655620705,1.0568520500110916,0.7623789084407592,1.1607841641203962
lambda_0_1,0.1,ON,2,0,f4-f5,cosine_distance,3671,0.47743379319459384,0.05788106270808221,0.4715118271161951,0.3924879183413079,0.43578241589165617,0.516404408295053,0.5772032678590611,0.3310185039797152,0.6748318447966648
lambda_0_1,0.1,ON,2,1,f1-f2,raw_change,3671,14.056439414613964,3.748670937517898,13.920485443256311,8.137874210050281,11.405468485686956,16.468426658625035,20.473713143411576,4.412452800689641,27.74404833287747
lambda_0_1,0.1,ON,2,1,f1-f2,normalized_change,3671,1.1437461208247404,0.09001047760076784,1.1345272526586458,1.02457016970004,1.0724365470172832,1.193439066305279,1.3225660199203049,0.9726071039257876,1.4856887350966794
lambda_0_1,0.1,ON,2,1,f1-f2,cosine_distance,3671,0.7612086597478009,0.08910889850648648,0.7452628334292115,0.6578155870618192,0.7000627118786935,0.7935945410634434,0.9530560514430645,0.6001412488207691,1.1744751341555446
lambda_0_1,0.1,ON,2,1,f2-f3,raw_change,3671,10.41371492980343,3.2207202672984176,10.077660414449104,5.711325152016209,8.118761619059562,12.344642684933788,16.31742715691452,3.388377059344304,28.022558383498822
lambda_0_1,0.1,ON,2,1,f2-f3,normalized_change,3671,1.0064679584180551,0.07848497822317034,0.9957056195143655,0.8896418339912944,0.9514876501005165,1.0479892547262992,1.1503386056682083,0.841207963434122,1.2981141624943842
lambda_0_1,0.1,ON,2,1,f2-f3,cosine_distance,3671,0.5526898396544352,0.06870403592542776,0.5468062664630295,0.4572221826653338,0.506482368586493,0.5878021845052941,0.6666834970760719,0.3780481303172011,0.8725534551393601
lambda_0_1,0.1,ON,2,1,f3-f4,raw_change,3671,8.8942096994005,3.264733059745204,8.19768524286927,4.939691853531466,6.5764405734497355,10.49834031404177,15.236979818919174,3.3700730919196693,31.101604164664106
lambda_0_1,0.1,ON,2,1,f3-f4,normalized_change,3671,0.9484755963443553,0.06208650998104445,0.9436909752496487,0.8484663817488634,0.910010146997877,0.9865284733363143,1.0508832199891007,0.7857785332836194,1.203972076277817
lambda_0_1,0.1,ON,2,1,f3-f4,cosine_distance,3671,0.47172106458449686,0.05710688384949005,0.4663379813631039,0.3804424803174288,0.43362451982887606,0.5078539778468124,0.5841614075573287,0.34169926108486215,0.6289691135142473
lambda_0_1,0.1,ON,2,1,f4-f5,raw_change,3671,8.425528682755026,3.6531580622113715,7.3294965838023565,4.89052308167471,6.0893830802711255,9.518108122958047,15.932759144998059,3.5406813901872565,38.99919534219333
lambda_0_1,0.1,ON,2,1,f4-f5,normalized_change,3671,0.9415117456643384,0.06365049779512988,0.9374233186648604,0.8462538348219684,0.8953844466455358,0.982114971007289,1.0534428750881975,0.7591750130782519,1.1755070684057776
lambda_0_1,0.1,ON,2,1,f4-f5,cosine_distance,3671,0.4503436896266147,0.048757690530444216,0.4504073400280416,0.36989287781840147,0.4150988789737545,0.4825498884467627,0.5343600838948086,0.3104777206385265,0.6390438340255399
lambda_0_1,0.1,ON,2,2,f1-f2,raw_change,3671,14.368786399973889,4.077221521420143,14.226338226541834,7.903095925239336,11.523021081396497,16.95523801612874,21.37285226641435,4.963479284001641,30.694513422906915
lambda_0_1,0.1,ON,2,2,f1-f2,normalized_change,3671,1.1688283665560324,0.10001591064201629,1.1507992115575751,1.0266451293254373,1.099776498286933,1.2373464796000655,1.3496222232642208,0.9637658151127426,1.493250263164239
lambda_0_1,0.1,ON,2,2,f1-f2,cosine_distance,3671,0.7983442326624558,0.11098385252656673,0.7792991840172823,0.6602759790211938,0.7297138865952534,0.8389553865064157,0.9847342176826493,0.6006574633262407,1.2475533713636855
lambda_0_1,0.1,ON,2,2,f2-f3,raw_change,3671,10.567047003691037,3.418036663334194,10.152184036561982,5.434312054113775,8.215845988912687,12.641274604641552,16.60198365255881,3.6396055237999727,27.59548088814086
lambda_0_1,0.1,ON,2,2,f2-f3,normalized_change,3671,1.0238941630406713,0.09004343253425388,1.0128883523249332,0.9045446556294066,0.9616290050537877,1.0736298324698352,1.1885063047981315,0.8017540341104572,1.3661325045398964
lambda_0_1,0.1,ON,2,2,f2-f3,cosine_distance,3671,0.5646790032202974,0.07763266418013547,0.5608044787811715,0.44912498015239954,0.5050949379581442,0.6163589834216935,0.7214514089309597,0.3878105446610014,0.7984212502048393
lambda_0_1,0.1,ON,2,2,f3-f4,raw_change,3671,9.320108708925067,3.732702591780124,8.478930809643874,5.01280853806335,6.852570453184708,10.935621684551226,16.525191830126253,3.2542671960309426,37.49108413660655
lambda_0_1,0.1,ON,2,2,f3-f4,normalized_change,3671,0.9818148379648448,0.06225008497546168,0.9761119519232442,0.8891045376785873,0.9394812659932918,1.0202455408183937,1.0962888342622388,0.797143102889992,1.2154664773357486
lambda_0_1,0.1,ON,2,2,f3-f4,cosine_distance,3671,0.5060859995070893,0.07057407003598906,0.5063374975626946,0.39615530452416886,0.4601216149581305,0.5452517623586051,0.6337646410958794,0.32891816367477167,0.7335813375303325
lambda_0_1,0.1,ON,2,2,f4-f5,raw_change,3671,8.36103924250153,4.286575983676573,7.0462013726761725,4.5615937582621475,5.850447278212789,9.344220636896242,16.67138065427119,3.422360758494013,43.61032578952854
lambda_0_1,0.1,ON,2,2,f4-f5,normalized_change,3671,0.9159639538882017,0.0523469680597824,0.913767629424891,0.8341950893148882,0.8797987130140139,0.9494418349511079,1.005224068949,0.7704855755316955,1.1570831765308085
lambda_0_1,0.1,ON,2,2,f4-f5,cosine_distance,3671,0.4374157803201228,0.05334847574333343,0.4356427959888419,0.3497585106896243,0.4013387045228495,0.4698147394084815,0.535842836213313,0.2964775622707305,0.5981790182094348
lambda_0_1,0.1,ON,2,3,f1-f2,raw_change,3670,14.175403424093757,3.902550747219754,13.974854731886449,7.959826884946998,11.496474895947657,16.64676379356893,20.935693401411513,4.11359232219786,27.855122803173707
lambda_0_1,0.1,ON,2,3,f1-f2,normalized_change,3670,1.137458385849847,0.09540710421060822,1.1248208318850306,1.0123421055591502,1.0707423462078167,1.1817308710661174,1.3188025337478035,0.9525144819036038,1.5868081472501223
lambda_0_1,0.1,ON,2,3,f1-f2,cosine_distance,3670,0.7535936926243546,0.09887915697709956,0.7344188894709047,0.6329495356795773,0.6862926274031353,0.7935849930982508,0.9692148510194475,0.5574524437848474,1.1336386010255888
lambda_0_1,0.1,ON,2,3,f2-f3,raw_change,3670,10.395129699962462,3.1320416906779136,10.166217140241649,5.672831652733357,8.245653170462603,12.249174944434849,15.854942217656461,3.2934842649766702,24.68139670385871
lambda_0_1,0.1,ON,2,3,f2-f3,normalized_change,3670,0.9934458070485735,0.0690825177880971,0.9840041658026772,0.8986565879325373,0.9454494586906539,1.0288604118098614,1.1390636493019535,0.8467037854934507,1.318032215243527
lambda_0_1,0.1,ON,2,3,f2-f3,cosine_distance,3670,0.5347613866432754,0.06818919057845277,0.530135366389769,0.428164411084744,0.48890314676440316,0.5776551641961121,0.6583506528377667,0.3737621226372271,0.771221050587586
lambda_0_1,0.1,ON,2,3,f3-f4,raw_change,3670,9.244180161471933,3.3225548098245254,8.547017827755212,5.118653184461244,6.937842919474468,10.87530384041023,15.555110418713427,3.379882682543699,27.23350494246703
lambda_0_1,0.1,ON,2,3,f3-f4,normalized_change,3670,0.9663621307728895,0.06537593663353311,0.9638555844443819,0.8637935150253778,0.9206516534037961,1.006531254928006,1.0857582323696378,0.797956292960619,1.1938192294236893
lambda_0_1,0.1,ON,2,3,f3-f4,cosine_distance,3670,0.4905772776251928,0.05850660849519088,0.4905148970639997,0.3913454853102092,0.44754510394736935,0.5298605373892791,0.5839482018958269,0.3386527240154201,0.6963213984543044
lambda_0_1,0.1,ON,2,3,f4-f5,raw_change,3670,8.684341667271042,3.688454156673639,7.686384349069794,4.86747697517927,6.173251956231335,10.14899449246289,15.727265153021639,3.503161529624613,33.127316093443426
lambda_0_1,0.1,ON,2,3,f4-f5,normalized_change,3670,0.9522263103445234,0.05897278093641052,0.9478392476448367,0.8644881776568366,0.909736815787135,0.992393188794918,1.0569246184378163,0.7991046622942006,1.2137172126611562
lambda_0_1,0.1,ON,2,3,f4-f5,cosine_distance,3670,0.46702080397563156,0.05424431703532727,0.4652919742673873,0.3757746368735927,0.4304116676914419,0.5048655555763046,0.5564398715372534,0.3380588803404925,0.6428884752845532
lambda_0_1,0.1,ON,2,4,f1-f2,raw_change,3670,13.04487641556839,2.9087632480534653,12.704945319123432,8.807095073027305,11.087835079681449,14.656664896238379,18.342959183504377,5.646711553220289,27.640041054460962
lambda_0_1,0.1,ON,2,4,f1-f2,normalized_change,3670,1.1969515627084228,0.10517293239349415,1.1833291171327653,1.0463365610360014,1.1226554427020683,1.2593187015470957,1.3942193693763412,0.942903195092299,1.5101037516440503
lambda_0_1,0.1,ON,2,4,f1-f2,cosine_distance,3670,0.7751015293427694,0.10104628761082386,0.7535327335525563,0.6417109006820173,0.7086995304184469,0.8201406485751088,0.9709363478701133,0.5604152356424401,1.1656299923189568
lambda_0_1,0.1,ON,2,4,f2-f3,raw_change,3670,10.266910719612213,2.765011397588384,9.883442224859493,6.674295832132179,8.2968240970569,11.646764587905741,15.705446665526111,4.7625395612804216,22.732235043348574
lambda_0_1,0.1,ON,2,4,f2-f3,normalized_change,3670,1.024021084587804,0.07658657692501106,1.0159268064291658,0.9118297206375995,0.9729251030278266,1.0660590613807317,1.1540514958525678,0.8344970791779145,1.2967592070290996
lambda_0_1,0.1,ON,2,4,f2-f3,cosine_distance,3670,0.5667845059475853,0.08149719261208495,0.5584107743507887,0.43557257977480046,0.5107498619773646,0.6252848920388413,0.718579440070016,0.3517979050308183,0.7805364945526547
lambda_0_1,0.1,ON,2,4,f3-f4,raw_change,3670,9.037859646572267,3.3209662554915007,8.211523977918755,5.518038737540724,6.74927469382733,10.334023234568377,15.531348232480008,3.9797197478140713,29.269366679022475
lambda_0_1,0.1,ON,2,4,f3-f4,normalized_change,3670,0.9738703586822168,0.060422902689715355,0.9749160621946407,0.8748674516243472,0.9318583234144039,1.0130872557528066,1.0681156750709722,0.8266024280739588,1.207718655553275
lambda_0_1,0.1,ON,2,4,f3-f4,cosine_distance,3670,0.5107301258715274,0.06122559237869327,0.5074211686144536,0.4181000585773285,0.4647391756237994,0.552287687988889,0.6257077203601411,0.363570327238698,0.7282381047419146
lambda_0_1,0.1,ON,2,4,f4-f5,raw_change,3670,8.234038752414106,3.898220050949417,7.0025734416377166,5.027329266318888,5.945826392619698,8.936255251509946,15.583005519972174,3.505835688543476,40.798620457255495
lambda_0_1,0.1,ON,2,4,f4-f5,normalized_change,3670,0.9555060129941433,0.06939099025857391,0.9504453851947244,0.8504435106351705,0.9052090443859582,1.0033226957112866,1.0802061020574274,0.7808179042331306,1.1574371495705715
lambda_0_1,0.1,ON,2,4,f4-f5,cosine_distance,3670,0.4827093950807822,0.059050968639031476,0.48003534615520754,0.3859992805340037,0.4399495235354982,0.524718711906919,0.5847323730719471,0.34342645048563325,0.6477070921342292
lambda_0_7,0.7,OFF,1,0,f1-f2,raw_change,3671,4.238827093894107,0.529151555717674,4.178115454720228,3.4783606829644445,3.8917385749978095,4.539574224969517,5.066072282314076,2.915213867875004,8.090272460602389
lambda_0_7,0.7,OFF,1,0,f1-f2,normalized_change,3671,0.3584111446124684,0.014100062034056731,0.35750179199390164,0.33709738703900194,0.3491391700963211,0.366806982519813,0.38207449330851495,0.31593928071676397,0.42237829028943413
lambda_0_7,0.7,OFF,1,0,f1-f2,cosine_distance,3671,0.04471784676497517,0.006130693062052593,0.04410313412087141,0.036231747646624735,0.040394377191005415,0.04805692578886828,0.056329107574138226,0.02941872769398657,0.0750197013088999
lambda_0_7,0.7,OFF,1,0,f2-f3,raw_change,3671,3.82622721040433,0.437966618882743,3.778381781728423,3.272480345132479,3.5284086366229044,4.032250635733922,4.565494323242671,3.0048750629037637,6.8644767941889855
lambda_0_7,0.7,OFF,1,0,f2-f3,normalized_change,3671,0.43076202381868894,0.02459066566983871,0.4284601160119596,0.3938375632977113,0.41247314614685004,0.4459510292791269,0.47627584000436934,0.37285504173095424,0.5341618061743587
lambda_0_7,0.7,OFF,1,0,f2-f3,cosine_distance,3671,0.08748564896913695,0.013313471144215586,0.0856464907212886,0.0691793894803594,0.07761385171211582,0.09577065929781392,0.11212946190698764,0.05673098206958116,0.14096840132145017
lambda_0_7,0.7,OFF,1,0,f3-f4,raw_change,3671,3.8806169951539617,0.5122320156422397,3.790390209397529,3.2839613976885653,3.5481127059635176,4.094899667195956,4.795265186330376,2.9167905601259414,8.137581837568003
lambda_0_7,0.7,OFF,1,0,f3-f4,normalized_change,3671,0.5627192159854332,0.04445772996060097,0.5599491572367928,0.4990261152826819,0.5297002591664748,0.5901782681271606,0.6451230943817392,0.4657236772471972,0.7588733091675424
lambda_0_7,0.7,OFF,1,0,f3-f4,cosine_distance,3671,0.17405417018151423,0.03177730167208033,0.17078387786062443,0.13147140495135262,0.1508386902409175,0.19227870285449528,0.23502302996972535,0.11022063393929182,0.3440565586924088
lambda_0_7,0.7,OFF,1,0,f4-f5,raw_change,3671,4.694555700222783,0.7029683405501431,4.565904696926864,3.8742783815206865,4.242282404997191,4.973338857729704,5.914106285993132,3.5223619630855696,10.231748336337482
lambda_0_7,0.7,OFF,1,0,f4-f5,normalized_change,3671,0.8427681247126951,0.08554654897620949,0.8332920516403899,0.7140952456487646,0.7865428430149628,0.8928358644944417,0.9950150351568328,0.6402512643051744,1.3074069812572577
lambda_0_7,0.7,OFF,1,0,f4-f5,cosine_distance,3671,0.39323111199901856,0.07785145847052473,0.3806942654520822,0.279883940790705,0.34244375562152984,0.4363153713500872,0.5368011635292507,0.22785294707967185,0.7690375983364605
lambda_0_7,0.7,OFF,1,1,f1-f2,raw_change,3671,4.128685478313139,0.5303249119611949,4.08138592353478,3.3431076374250313,3.7554289389002626,4.4194427193954215,5.082248801117671,2.85603527999275,7.10341094696741
lambda_0_7,0.7,OFF,1,1,f1-f2,normalized_change,3671,0.351674206164037,0.013878461336416842,0.3505153671058094,0.331340422807305,0.34231557583852146,0.3594330790034387,0.37579602882649055,0.3136944923607483,0.42925927754008814
lambda_0_7,0.7,OFF,1,1,f1-f2,cosine_distance,3671,0.043313508839693926,0.006002948415411147,0.042481086719856176,0.034841663542863444,0.03935129300344009,0.04657502835687005,0.054302330953235334,0.029423043694439932,0.07450231555684983
lambda_0_7,0.7,OFF,1,1,f2-f3,raw_change,3671,3.7927755873330167,0.4551869268543778,3.7351744579867012,3.1665333943120686,3.4928542458758196,4.008105007690209,4.63482215236618,2.773276964068206,6.341453391144369
lambda_0_7,0.7,OFF,1,1,f2-f3,normalized_change,3671,0.4261858584076696,0.02388785877704587,0.4237236674962773,0.39187745973585003,0.4100259401675398,0.4396166460578544,0.4696729344408598,0.3626652800173783,0.5322384862913677
lambda_0_7,0.7,OFF,1,1,f2-f3,cosine_distance,3671,0.08606883979384487,0.013116731714486908,0.08446910786013251,0.06789944078843779,0.07715318521725745,0.09236821669159062,0.11100576660037137,0.05561781917338737,0.15283347268914227
lambda_0_7,0.7,OFF,1,1,f3-f4,raw_change,3671,3.7581729856966466,0.45742523197595003,3.678683130029204,3.17281690006564,3.4547141290406267,3.968051969996709,4.603888980539498,2.600477751243002,6.342917484071499
lambda_0_7,0.7,OFF,1,1,f3-f4,normalized_change,3671,0.5399431908154937,0.042569136447590535,0.5339879460874954,0.47853772243739134,0.5094959845655114,0.5673818250268983,0.6185766584934205,0.4263777798508058,0.7128585384625711
lambda_0_7,0.7,OFF,1,1,f3-f4,cosine_distance,3671,0.1587128522526019,0.02879299856200941,0.15337115040691252,0.11977486917520475,0.13778696974128485,0.17586380828335652,0.2135730913648098,0.09142799960141301,0.292573584034989
lambda_0_7,0.7,OFF,1,1,f4-f5,raw_change,3671,4.54245599174902,0.6819099678265174,4.460398010278485,3.560214465546392,4.072686348613102,4.907435014094623,5.810845163550698,3.11758447369999,8.787567167749737
lambda_0_7,0.7,OFF,1,1,f4-f5,normalized_change,3671,0.7997804874746015,0.07807252030847643,0.7871653417592763,0.687055401085381,0.7478902907081031,0.8507123255513273,0.9375464186814784,0.5986643633574302,1.1172449209441855
lambda_0_7,0.7,OFF,1,1,f4-f5,cosine_distance,3671,0.3535706362956691,0.0696827375810844,0.3415174943166226,0.2590115150395009,0.30492325128827863,0.39557016960262914,0.47766604729069645,0.19612680916288727,0.6825907873725428
lambda_0_7,0.7,OFF,1,2,f1-f2,raw_change,3671,4.214665919167252,0.4919178222263847,4.199836290752134,3.5116610571096247,3.880225906730947,4.500686851546886,5.002618565776757,2.7664418892762317,7.410988113671143
lambda_0_7,0.7,OFF,1,2,f1-f2,normalized_change,3671,0.35510366338332094,0.01285705844280357,0.35486012720028376,0.33497418784154376,0.34636840904571664,0.363646984258317,0.3767557409575293,0.311822499742373,0.3987676855215347
lambda_0_7,0.7,OFF,1,2,f1-f2,cosine_distance,3671,0.041652604188749644,0.005613622213263445,0.04112715661112776,0.0331651089260403,0.037659846919670115,0.045315241248629345,0.05171342325482914,0.0286760508521815,0.06485955264170662
lambda_0_7,0.7,OFF,1,2,f2-f3,raw_change,3671,3.7849215197611175,0.4230390189453466,3.7292415397267034,3.215831840724315,3.5046874498710463,3.9918545946348463,4.548347185828048,2.835133829980559,6.919216820086041
lambda_0_7,0.7,OFF,1,2,f2-f3,normalized_change,3671,0.4274180422024158,0.02349768696519822,0.4266157302891626,0.3909936081568175,0.4099848813388634,0.4437448015213953,0.4663964989238825,0.3762436533159252,0.5215771205103117
lambda_0_7,0.7,OFF,1,2,f2-f3,cosine_distance,3671,0.08456436160480252,0.012605917239116905,0.08359210239474146,0.06639910064333981,0.07498757407928486,0.09288421410827868,0.10640613505196261,0.05482851363228114,0.14074063124659653
lambda_0_7,0.7,OFF,1,2,f3-f4,raw_change,3671,3.739346491907021,0.37890091600603093,3.6918679257911697,3.23940647269305,3.4723981156629877,3.9376230214448817,4.399362706396819,2.953031553202294,6.357898399531005
lambda_0_7,0.7,OFF,1,2,f3-f4,normalized_change,3671,0.5493470472781508,0.042570311554447564,0.543217788732282,0.4882736888582467,0.518462289651245,0.5765631941901939,0.627509684861829,0.4578755557305193,0.7135783225807
lambda_0_7,0.7,OFF,1,2,f3-f4,cosine_distance,3671,0.16470292354454394,0.02955203599322542,0.1591881976321503,0.12489730115792425,0.14341685899195378,0.18260475478380128,0.22029582427943356,0.10730078195512271,0.29484004569230304
lambda_0_7,0.7,OFF,1,2,f4-f5,raw_change,3671,4.531575864179456,0.612831028593641,4.452289144481165,3.75326224308758,4.091256506216785,4.834619084497911,5.623134920859471,3.3020138798450676,10.37675912534327
lambda_0_7,0.7,OFF,1,2,f4-f5,normalized_change,3671,0.824251950511609,0.08537043884609744,0.8162535515474376,0.7045732186836174,0.7661230937332453,0.8718591438334182,0.9818066762929079,0.6191203675497932,1.1618344160696361
lambda_0_7,0.7,OFF,1,2,f4-f5,cosine_distance,3671,0.377163811102936,0.07755404825266982,0.36638177015519424,0.27318984094383525,0.32186390787605246,0.4200794376298769,0.5299782067522082,0.20945430592768988,0.7565401181600637
lambda_0_7,0.7,OFF,1,3,f1-f2,raw_change,3670,4.103092938441205,0.49026209283044725,4.079666874742753,3.384270293370276,3.755607711339883,4.414220124113664,4.935910158963859,2.7664503273017553,6.911229682292165
lambda_0_7,0.7,OFF,1,3,f1-f2,normalized_change,3670,0.357374571819548,0.013566419214020168,0.35626249669465837,0.33757999569584146,0.34765407406690596,0.3658887858052955,0.3819969911164912,0.32184427880462657,0.41053313778913897
lambda_0_7,0.7,OFF,1,3,f1-f2,cosine_distance,3670,0.04604674598763488,0.005748387889627327,0.04521179810740239,0.03814146907826796,0.04194290414919852,0.04944137179819305,0.056750139434980466,0.030261647331177866,0.0715509205195074
lambda_0_7,0.7,OFF,1,3,f2-f3,raw_change,3670,3.7417564729222867,0.41384383078981724,3.7042207316888645,3.1672209730229524,3.456222797923415,3.974347447194285,4.440050157766756,2.6507842610445653,6.465594603176942
lambda_0_7,0.7,OFF,1,3,f2-f3,normalized_change,3670,0.429729160392037,0.023095246393472713,0.42907634862495175,0.39641440012474266,0.412217908503136,0.4435191576030876,0.4703925443744799,0.3744391525761322,0.5228552725079901
lambda_0_7,0.7,OFF,1,3,f2-f3,cosine_distance,3670,0.08798373500884106,0.012632259459998943,0.08709779862018985,0.07033452509502564,0.07846295285818589,0.0954849455279792,0.11096354771270671,0.0584936479154059,0.14270355774458443
lambda_0_7,0.7,OFF,1,3,f3-f4,raw_change,3670,3.74257643518115,0.402899298768408,3.7157476183841807,3.1916987841383264,3.4390390026333266,3.9731452349171645,4.41790267740415,2.957416533626287,6.586307580348798
lambda_0_7,0.7,OFF,1,3,f3-f4,normalized_change,3670,0.5499750922500889,0.04283821081220372,0.545451406657419,0.4866725279136106,0.5183869549140298,0.5775625075197883,0.6272788936615478,0.45553494317303916,0.7648760141469358
lambda_0_7,0.7,OFF,1,3,f3-f4,cosine_distance,3670,0.1652500944128717,0.029461376312263296,0.16109874372693994,0.12458005565433801,0.1430407068403849,0.18314667005655477,0.2197754124645957,0.10624358715793847,0.3404937422907891
lambda_0_7,0.7,OFF,1,3,f4-f5,raw_change,3670,4.575043898954756,0.6170764391069907,4.536543125735333,3.676893653071436,4.1735435377754255,4.881143018310768,5.627147542220963,3.2040573587197856,9.095712635058737
lambda_0_7,0.7,OFF,1,3,f4-f5,normalized_change,3670,0.828717574085981,0.08803091848331099,0.8245166473535424,0.6937859762125713,0.7655445581421995,0.8837359401846246,0.9751587877511514,0.6246365160342026,1.2964574026160876
lambda_0_7,0.7,OFF,1,3,f4-f5,cosine_distance,3670,0.381572151432701,0.07807755856816853,0.3776353704847741,0.2659933906168732,0.32450687499073416,0.4297630467911862,0.5226760112226874,0.20746316435270473,0.735089472710547
lambda_0_7,0.7,OFF,1,4,f1-f2,raw_change,3670,4.27313049568684,0.5053679952409866,4.262178722359949,3.456243195747582,3.93912098799671,4.560872035029961,5.120368783930381,3.1223954259162108,6.6693169893157735
lambda_0_7,0.7,OFF,1,4,f1-f2,normalized_change,3670,0.3592370187099075,0.01346455005561843,0.35872300235472176,0.3388555019589008,0.34996351093425193,0.36733309139204895,0.3832047282180814,0.3139699340092198,0.41099471506266266
lambda_0_7,0.7,OFF,1,4,f1-f2,cosine_distance,3670,0.043614618812575404,0.005663812038218822,0.0432259717835744,0.03556388647072175,0.039231877410151744,0.04672615882328085,0.05466303958662335,0.03095219696708784,0.06820251230256891
lambda_0_7,0.7,OFF,1,4,f2-f3,raw_change,3670,3.8144573798805217,0.3930709583435092,3.7691585495366926,3.303652284794107,3.5522300297599636,4.015353231442729,4.526496187373263,2.7764964979643554,5.869791367892446
lambda_0_7,0.7,OFF,1,4,f2-f3,normalized_change,3670,0.43029378989839867,0.024717790080979588,0.4280077400254058,0.39408515076529493,0.41226329851404697,0.44716802534346645,0.4739083585824318,0.36924677620520413,0.5167894929472405
lambda_0_7,0.7,OFF,1,4,f2-f3,cosine_distance,3670,0.08865418111349287,0.013159495488771064,0.0870639657532642,0.07034524760412024,0.07847743774984506,0.0971359783133667,0.11229723902946909,0.06050580950245221,0.13970030346535522
lambda_0_7,0.7,OFF,1,4,f3-f4,raw_change,3670,3.864430185162143,0.41299143735394506,3.8284331037512693,3.3026016015140924,3.560922863238449,4.0862776047522775,4.600961698271231,3.0487850299112385,6.295385406193594
lambda_0_7,0.7,OFF,1,4,f3-f4,normalized_change,3670,0.5559192592055582,0.04436966712415312,0.5481904030889077,0.49355395143785175,0.5246795621599324,0.5806678751598948,0.63921015965115,0.46626276278296347,0.7482686838609229
lambda_0_7,0.7,OFF,1,4,f3-f4,cosine_distance,3670,0.1690096085217394,0.031737217812867195,0.1622615196853343,0.12769890320199517,0.14665812380430204,0.18516621996494156,0.2306181528395142,0.11355130346146058,0.3266869876146832
lambda_0_7,0.7,OFF,1,4,f4-f5,raw_change,3670,4.527223302032022,0.667471797471102,4.413086263685376,3.611906378151305,4.080008767138918,4.899310280649766,5.725458995992023,3.0757332527167276,8.900949014540126
lambda_0_7,0.7,OFF,1,4,f4-f5,normalized_change,3670,0.8168618315210061,0.08126869536272832,0.8113233512866075,0.6926119688512846,0.7586839596691748,0.8659478744850055,0.9590649535401087,0.6150842535635243,1.2441699444678016
lambda_0_7,0.7,OFF,1,4,f4-f5,cosine_distance,3670,0.37164629431373564,0.07427567334952023,0.3620809607069652,0.2640968152026595,0.3189865558342611,0.41457218299086157,0.5067201443274872,0.20542620713939697,0.7595226182500077
lambda_0_7,0.7,OFF,2,0,f1-f2,raw_change,3671,4.980961734211106,0.7027035687438373,4.880162198261903,4.0824630582302905,4.541134357108135,5.295475495655957,6.2280992873920304,3.46971735314758,9.119061393875187
lambda_0_7,0.7,OFF,2,0,f1-f2,normalized_change,3671,0.3581773548372782,0.013670954208163942,0.356743961131662,0.33856127637673916,0.34925994575081265,0.3664027640657481,0.3810473934342571,0.31678140102668323,0.4400901039675115
lambda_0_7,0.7,OFF,2,0,f1-f2,cosine_distance,3671,0.04042345885668098,0.005287071228366673,0.039802921355218235,0.03307233998576253,0.036643448375995924,0.04346260049501027,0.050043432375274144,0.028220867776827308,0.06610331395585323
lambda_0_7,0.7,OFF,2,0,f2-f3,raw_change,3671,4.3695919934617775,0.6138093145758401,4.245829369824036,3.7085083509421644,3.979569862212321,4.571775743771074,5.4666578909542025,3.3561022999881565,8.819075950221768
lambda_0_7,0.7,OFF,2,0,f2-f3,normalized_change,3671,0.4264691441214038,0.025794866205585708,0.4237124876219291,0.38908567326147525,0.40769113291746384,0.4420818836266531,0.473333056238449,0.3687438719986322,0.5431723438377591
lambda_0_7,0.7,OFF,2,0,f2-f3,cosine_distance,3671,0.08175837073872559,0.013828581976560199,0.079535685855182,0.06279446237944447,0.0717064347360038,0.09016093028519317,0.10661827341022251,0.05255939613510918,0.15232720342657435
lambda_0_7,0.7,OFF,2,0,f3-f4,raw_change,3671,4.3889679491729625,0.7192418610383483,4.261532596140019,3.602429731006297,3.9476445904969792,4.642551953512253,5.652047514055289,3.2155925369744707,10.205106934970484
lambda_0_7,0.7,OFF,2,0,f3-f4,normalized_change,3671,0.5645854304651513,0.053060858592642916,0.5605377144218505,0.4910133124152258,0.5248978056617442,0.5954514973775297,0.6598780689628627,0.4499987842523951,0.8545720493883187
lambda_0_7,0.7,OFF,2,0,f3-f4,cosine_distance,3671,0.17523861831296791,0.039237916840722,0.17026169293788884,0.12444627783601525,0.14646639673113682,0.19607596377524683,0.2464089001923903,0.09985736102254827,0.4116186618987545
lambda_0_7,0.7,OFF,2,0,f4-f5,raw_change,3671,5.388736194687212,1.1086125094012589,5.143963466071042,4.283049640661607,4.7322375938594945,5.695505888814005,7.285352229018372,3.9610601561879073,16.042665456566365
lambda_0_7,0.7,OFF,2,0,f4-f5,normalized_change,3671,0.8761616168709567,0.10580330425994347,0.8650639439699953,0.736132367574621,0.8007220329382987,0.932004618312267,1.052483454541789,0.6758866500577931,1.571697708777987
lambda_0_7,0.7,OFF,2,0,f4-f5,cosine_distance,3671,0.43029280007032433,0.0924544323328927,0.4138142196106569,0.3060950038125901,0.36428102955065095,0.4854905441138648,0.6014853472777822,0.24934843439262888,0.820650242614238
lambda_0_7,0.7,OFF,2,1,f1-f2,raw_change,3671,5.141926447860367,0.673606529192733,5.061503333414233,4.10997639837038,4.6915350825960935,5.581448688203969,6.229296782690204,3.6369367176349976,8.736912224426232
lambda_0_7,0.7,OFF,2,1,f1-f2,normalized_change,3671,0.3578269107239704,0.012816703474203887,0.35740294319683386,0.33731207971761396,0.3494984867655233,0.3654691403781495,0.3785758280913588,0.32539011155239034,0.41585461554834124
lambda_0_7,0.7,OFF,2,1,f1-f2,cosine_distance,3671,0.03946229654437354,0.00581273763206584,0.03838743919584431,0.032037468313313666,0.03552767603609114,0.04217062525681242,0.05000565587397093,0.027769398512177856,0.07166835837250796
lambda_0_7,0.7,OFF,2,1,f2-f3,raw_change,3671,4.512445654279995,0.5675126551801463,4.442617190288884,3.7557953701689932,4.147004734226343,4.802266857044149,5.505878904080845,3.323525673247334,9.131683947875995
lambda_0_7,0.7,OFF,2,1,f2-f3,normalized_change,3671,0.42760178863182163,0.02383359174790299,0.42387092673451293,0.39548979649384414,0.41127997971334374,0.4412911652569843,0.4674829585024646,0.3734976715988243,0.5723812127112463
lambda_0_7,0.7,OFF,2,1,f2-f3,cosine_distance,3671,0.08110619265689299,0.013800787837750156,0.07836566724330318,0.06438109381971929,0.07148518494111317,0.08782271986485701,0.10601022505642754,0.055037325825294636,0.17843836929894163
lambda_0_7,0.7,OFF,2,1,f3-f4,raw_change,3671,4.426163213302043,0.5509485028170893,4.369109510930942,3.71363209210213,4.061138718589302,4.703871037266525,5.409729428999953,3.281941265690841,10.808919082116349
lambda_0_7,0.7,OFF,2,1,f3-f4,normalized_change,3671,0.5579730472783366,0.04563252374384149,0.5524057491152902,0.49367384891790905,0.5276404699094784,0.5828348846951082,0.641988860361904,0.4481510390418472,0.8790508680934888
lambda_0_7,0.7,OFF,2,1,f3-f4,cosine_distance,3671,0.16963166914229882,0.033261134977723074,0.16415866525541567,0.12540184148482592,0.14689501274849792,0.1865882381649558,0.23279655257043463,0.10272252633093681,0.4173253156454674
lambda_0_7,0.7,OFF,2,1,f4-f5,raw_change,3671,5.409858332648984,0.9811452817484022,5.252834631762929,4.1035646415087506,4.742973838545804,5.894398519092353,7.114735795808079,3.505933324726308,13.982069403713048
lambda_0_7,0.7,OFF,2,1,f4-f5,normalized_change,3671,0.8675540072879706,0.0959105412615878,0.8591081025590649,0.7245731898338822,0.7991308821689164,0.9212279914607993,1.0372561446704376,0.6374444131253113,1.3871160632939257
lambda_0_7,0.7,OFF,2,1,f4-f5,cosine_distance,3671,0.42111810133876004,0.08551616990294182,0.4133283290618234,0.2964413840428076,0.3588823029863917,0.47078252122114395,0.570087775742364,0.22524040214451913,0.7980495647146519
lambda_0_7,0.7,OFF,2,2,f1-f2,raw_change,3671,5.260233346179535,0.6586405457609226,5.235647875270306,4.357272122634308,4.814206078251225,5.628512998367755,6.212136253180679,3.746398943965527,10.673294385168779
lambda_0_7,0.7,OFF,2,2,f1-f2,normalized_change,3671,0.35896192387917525,0.011551237967947705,0.3583968083862188,0.34136910318554403,0.3514137294338673,0.3668555987791207,0.37777624144178695,0.31549480944039876,0.4011825011520194
lambda_0_7,0.7,OFF,2,2,f1-f2,cosine_distance,3671,0.037210760361657824,0.005034237094776526,0.03635598003240337,0.03024827197707819,0.03361274037223905,0.04049393938016821,0.04681113938774156,0.018418880057085585,0.05840361110851944
lambda_0_7,0.7,OFF,2,2,f2-f3,raw_change,3671,4.5394313703215,0.5595029614665523,4.454976856997726,3.8274856225791547,4.1628447569321025,4.811594615262701,5.485142561598934,3.5469662697613518,9.687586901150226
lambda_0_7,0.7,OFF,2,2,f2-f3,normalized_change,3671,0.4269453180091114,0.02278014509461338,0.4250628195193629,0.3917547330415606,0.41039110488695973,0.44140121264961846,0.4687864328178376,0.3802393008336253,0.5305531061475051
lambda_0_7,0.7,OFF,2,2,f2-f3,cosine_distance,3671,0.0785821505322692,0.01249497734717013,0.0781056974185741,0.06151556999118368,0.06855643896285285,0.08618602020505728,0.09992656320541793,0.052178088537849665,0.14667732757459784
lambda_0_7,0.7,OFF,2,2,f3-f4,raw_change,3671,4.370768648362622,0.5221626076329614,4.305653265793188,3.7340911906194556,3.9923832766904095,4.615582292460081,5.212879593389079,3.4395503558692044,9.009831013456802
lambda_0_7,0.7,OFF,2,2,f3-f4,normalized_change,3671,0.5539532322476088,0.04510482376583737,0.5482908883206289,0.48855850414542057,0.5209504666452904,0.5801845925165569,0.6357321808284677,0.45794872472903525,0.7550047912379372
lambda_0_7,0.7,OFF,2,2,f3-f4,cosine_distance,3671,0.1664404077469074,0.03288341210562275,0.16051441994709204,0.12179432818213781,0.14299839631936112,0.18427424588779712,0.22787644028829696,0.10264363310796498,0.3365243781305902
lambda_0_7,0.7,OFF,2,2,f4-f5,raw_change,3671,5.466304064410334,1.0024567203264363,5.286593652389003,4.328019994379342,4.805975837625429,5.8428138704892785,7.155244696594318,3.797398883591171,14.888375468731782
lambda_0_7,0.7,OFF,2,2,f4-f5,normalized_change,3671,0.8884625505048586,0.10580263730447191,0.877190667557088,0.7412254410361857,0.815801513144044,0.9409431184167569,1.093155871596725,0.6769150404622862,1.5997672370571705
lambda_0_7,0.7,OFF,2,2,f4-f5,cosine_distance,3671,0.44530555054551924,0.09668933575272359,0.4350893251897924,0.31165887721131685,0.3737959486092365,0.49566512330786433,0.6304594462917534,0.25829186059453546,0.8661882733320924
lambda_0_7,0.7,OFF,2,3,f1-f2,raw_change,3670,4.932539997958346,0.6487446790329038,4.89799289336473,4.0623550262768955,4.461900170316936,5.343638024551407,5.936714800047752,3.5154939192810275,9.14736541361305
lambda_0_7,0.7,OFF,2,3,f1-f2,normalized_change,3670,0.35606745785383986,0.012506034023225482,0.3549127163745943,0.3377707621593445,0.3475491262580199,0.36310832045013414,0.37953591751600335,0.32497754115013266,0.40834935615032086
lambda_0_7,0.7,OFF,2,3,f1-f2,cosine_distance,3670,0.03934419681425908,0.005320470138481558,0.0383943998064909,0.03250387652497488,0.035913858906923946,0.04204317203619892,0.048855115064773184,0.026491113511032394,0.07011926230567023
lambda_0_7,0.7,OFF,2,3,f2-f3,raw_change,3670,4.333763572320537,0.5261052727487814,4.274233795884921,3.6056599921205947,3.9744001841043914,4.663307573620382,5.186819925213106,3.242324074853309,7.9682655105001645
lambda_0_7,0.7,OFF,2,3,f2-f3,normalized_change,3670,0.4248022630131972,0.02266680864374322,0.42257333100728933,0.39287036285183885,0.40829413412408017,0.43797051097374473,0.46716460824023587,0.3683019148318948,0.5335376310353144
lambda_0_7,0.7,OFF,2,3,f2-f3,cosine_distance,3670,0.07986071013468844,0.013047512526087792,0.07800857711622594,0.06316041997900296,0.07036078283893485,0.08700733228164126,0.10455581192225037,0.051220244318588626,0.15242360228889018
lambda_0_7,0.7,OFF,2,3,f3-f4,raw_change,3670,4.2171905823020515,0.49493554983149196,4.149060768275163,3.5693117187825636,3.8562384880606912,4.48115371229131,5.096792613582028,3.226796547415459,7.265408148922469
lambda_0_7,0.7,OFF,2,3,f3-f4,normalized_change,3670,0.5484604008562355,0.040561413169713456,0.5455797020063643,0.4866226839332118,0.5184184114899908,0.5776705047737565,0.6190051444069499,0.4504204026876632,0.7302604609838989
lambda_0_7,0.7,OFF,2,3,f3-f4,cosine_distance,3670,0.16257368766981511,0.028762324213674837,0.1591351737133308,0.12107616634769225,0.14098053189393173,0.1826565754499094,0.21420180586649115,0.10075918680452556,0.3120713523985019
lambda_0_7,0.7,OFF,2,3,f4-f5,raw_change,3670,5.27534711952407,0.8422744357480426,5.150457716275232,4.146154780437048,4.720424903671269,5.675187941601612,6.776431933801964,3.685413295614429,12.301181500438496
lambda_0_7,0.7,OFF,2,3,f4-f5,normalized_change,3670,0.8773735789148347,0.09965312655919019,0.8714832208133669,0.7293444087997444,0.8059677740774451,0.9405200531695703,1.0496382475681583,0.6804363655556432,1.403455172078729
lambda_0_7,0.7,OFF,2,3,f4-f5,cosine_distance,3670,0.4345387820733216,0.09017686189946358,0.4281396404530095,0.3027589682146938,0.369066097206297,0.48933368977375824,0.6012393165066983,0.25454430260455285,0.8613513763064499
lambda_0_7,0.7,OFF,2,4,f1-f2,raw_change,3670,5.271136317498289,0.706834405676405,5.2377214858016945,4.171506552884293,4.816854622903707,5.669097716140915,6.3640159687539075,3.774969207554874,10.185337499709377
lambda_0_7,0.7,OFF,2,4,f1-f2,normalized_change,3670,0.3595956683222394,0.0120247468061435,0.3595536474688299,0.34147206964542165,0.351328014177721,0.36642926219262606,0.3807770837759309,0.3198722660303157,0.40496951620558763
lambda_0_7,0.7,OFF,2,4,f1-f2,cosine_distance,3670,0.037881869011770396,0.005388461797656657,0.037059716381569574,0.03065129871106791,0.03399103992857519,0.04100796175324545,0.04802855285450993,0.020752705752907774,0.06979577995839048
lambda_0_7,0.7,OFF,2,4,f2-f3,raw_change,3670,4.535055171505157,0.5685018171152005,4.461192814961116,3.815519366106667,4.1684136100340545,4.784908045654241,5.458308157213789,3.2346306137712935,8.366739198941021
lambda_0_7,0.7,OFF,2,4,f2-f3,normalized_change,3670,0.4260372408854115,0.02231204084854096,0.42415068792008526,0.39660430306756156,0.40767220984554314,0.44103363055273037,0.4663984858757344,0.35826624824822284,0.5070702147440869
lambda_0_7,0.7,OFF,2,4,f2-f3,cosine_distance,3670,0.0795962925372542,0.011970242639952791,0.07889364565666201,0.0626565015428458,0.06984418165983505,0.08746015326872919,0.10217595767768098,0.04837876417792797,0.12308310284580559
lambda_0_7,0.7,OFF,2,4,f3-f4,raw_change,3670,4.455812716967568,0.5594374608582523,4.384570380464813,3.7777747893927445,4.056402702017103,4.708812522865285,5.397446899466939,3.3937133754491935,8.134914670552117
lambda_0_7,0.7,OFF,2,4,f3-f4,normalized_change,3670,0.5589673275040138,0.048079767500119296,0.5523949457279838,0.4936928284189477,0.5223862933361783,0.5917588950784929,0.6507582350895522,0.46643700745758615,0.8278160668742762
lambda_0_7,0.7,OFF,2,4,f3-f4,cosine_distance,3670,0.1695572502519634,0.03576472823873389,0.16297811658951583,0.12433015489814855,0.14231112133081825,0.19270874101529795,0.24002433214131144,0.108339565258879,0.39979479283400465
lambda_0_7,0.7,OFF,2,4,f4-f5,raw_change,3670,5.414979170152364,1.050448667229562,5.239288620682745,4.16433557706965,4.744942810408522,5.93543103023425,7.046734657723136,3.5736987648660574,14.568556106007273
lambda_0_7,0.7,OFF,2,4,f4-f5,normalized_change,3670,0.8782899660119571,0.10147333150839948,0.8673588239172151,0.732691563272915,0.8055827659281654,0.93253585896877,1.0467354694109618,0.6803368658116806,1.5002396075221678
lambda_0_7,0.7,OFF,2,4,f4-f5,cosine_distance,3670,0.4346903377874085,0.09043946416660073,0.42358337703646126,0.30118051116542455,0.3689894099041313,0.4821200984164852,0.5947678578897386,0.25818722943688177,0.8813779751324038
lambda_0_7,0.7,ON,1,0,f1-f2,raw_change,3671,8.20692527330063,0.9053784686367855,8.135205663454734,6.874631506236945,7.57767702723895,8.71414628229397,9.820799758457055,6.04357902377457,13.605262398538777
lambda_0_7,0.7,ON,1,0,f1-f2,normalized_change,3671,0.32456842612817816,0.02009448835749961,0.32228919162243674,0.29702948957602027,0.3095007902893748,0.33683205029498736,0.36238616625007597,0.27992536697433096,0.4009600077381728
lambda_0_7,0.7,ON,1,0,f1-f2,cosine_distance,3671,0.04373653796638353,0.008151373980592689,0.04257069968482907,0.032700325837828004,0.037657827960130674,0.048758326746566216,0.05877136645615827,0.025246969252698426,0.0760592829923803
lambda_0_7,0.7,ON,1,0,f2-f3,raw_change,3671,7.47400603393074,0.9000403233830052,7.385104234143584,6.163840733434567,6.828770705561631,8.03883749574008,9.067780042595565,5.132854272332382,11.664245444071213
lambda_0_7,0.7,ON,1,0,f2-f3,normalized_change,3671,0.3623310483216613,0.02705490398557038,0.3602814745159444,0.3226286765049315,0.3424151676151927,0.3787203222926141,0.4097236155909637,0.29149072757300587,0.47004526383432915
lambda_0_7,0.7,ON,1,0,f2-f3,cosine_distance,3671,0.0662446829387619,0.011671918317753289,0.06500012524017884,0.049817130845816904,0.05775671308324115,0.07319682807058975,0.08667105290902877,0.03812484416322237,0.11732361548378356
lambda_0_7,0.7,ON,1,0,f3-f4,raw_change,3671,7.0978033522689055,1.0196072214733813,6.999442532983714,5.628330159684761,6.3349007942507205,7.757251340377467,8.933967031368091,4.661157976528665,11.882194006257446
lambda_0_7,0.7,ON,1,0,f3-f4,normalized_change,3671,0.39095770233224947,0.03930024291748539,0.38806969680789977,0.3317551515476306,0.3615805871364802,0.414779266868551,0.4666269709067229,0.3084502505911413,0.5188096397928668
lambda_0_7,0.7,ON,1,0,f3-f4,cosine_distance,3671,0.0790875574062837,0.016232942027682655,0.07718547760767958,0.0556962030039071,0.06701254128939288,0.08864994890675126,0.11020944139901956,0.04661692532653394,0.13826446693564032
lambda_0_7,0.7,ON,1,0,f4-f5,raw_change,3671,7.374547223613826,1.2676966620819865,7.142544445285848,5.677046162262361,6.45303443981991,8.103564660008427,9.702793509249723,4.242679896720852,13.462589765962148
lambda_0_7,0.7,ON,1,0,f4-f5,normalized_change,3671,0.4311381435351826,0.05180868901937876,0.41818558410568635,0.3607246755819524,0.3926746483455472,0.4724534601230772,0.5266310337616256,0.3188417037688163,0.5968977370287943
lambda_0_7,0.7,ON,1,0,f4-f5,cosine_distance,3671,0.09330349084063289,0.021580426704135163,0.08698581548304662,0.06551852940406361,0.07732315334221679,0.10922621933987076,0.13285427885544793,0.051274081160887164,0.1751669104336807
lambda_0_7,0.7,ON,1,1,f1-f2,raw_change,3671,7.112326918803901,0.8579253919917098,7.037210202091435,5.902512549608131,6.57047458172814,7.58351027126128,8.585132205211337,4.579670852336892,12.942076085694625
lambda_0_7,0.7,ON,1,1,f1-f2,normalized_change,3671,0.32777092663200713,0.018100877248365753,0.32538648462996655,0.3006517646656574,0.3156495096374261,0.3403655617889818,0.3586323129185358,0.2718157504328523,0.3929423764299937
lambda_0_7,0.7,ON,1,1,f1-f2,cosine_distance,3671,0.047568767397336835,0.0078033911380963545,0.04703034042022736,0.035112402652107466,0.04256082645309395,0.05238387388067589,0.06083794992401431,0.020958335024052088,0.0755845470962343
lambda_0_7,0.7,ON,1,1,f2-f3,raw_change,3671,6.450186009682429,0.9132198301508972,6.30202683780766,5.167458702940339,5.834131129066332,6.954015058574507,8.14081946835558,4.169638594945995,12.26770412678967
lambda_0_7,0.7,ON,1,1,f2-f3,normalized_change,3671,0.35664599370739836,0.028817814459485544,0.35261816932414325,0.31860265698143186,0.33582772851624737,0.3724369964757559,0.41508373412400756,0.2879276499779684,0.4651743581177601
lambda_0_7,0.7,ON,1,1,f2-f3,cosine_distance,3671,0.06457874634561107,0.011935926849690956,0.06241641425853661,0.04944913818434493,0.05619260967273654,0.07059790295357549,0.08989022295190696,0.038595636327732774,0.1147808936634016
lambda_0_7,0.7,ON,1,1,f3-f4,raw_change,3671,6.300766341708108,0.8585374351375041,6.230711067297636,5.029469606461311,5.721650054120287,6.813039118176661,7.816623577031006,3.4825160979617475,11.05601586658661
lambda_0_7,0.7,ON,1,1,f3-f4,normalized_change,3671,0.3917701449592421,0.03595687586576617,0.3912051685642573,0.33882941201101335,0.36493407172307035,0.4159436746999752,0.4532735667962319,0.2837315102174459,0.4960226106362593
lambda_0_7,0.7,ON,1,1,f3-f4,cosine_distance,3671,0.07892002994677849,0.014687219723105957,0.0777527413442507,0.05827207575822896,0.0678476207085959,0.08860972606079492,0.10474010719482041,0.03978119129864621,0.12346543599026027
lambda_0_7,0.7,ON,1,1,f4-f5,raw_change,3671,6.535284685153136,1.0340547999142609,6.3999265395573826,5.092112855035355,5.792543269560559,7.123409014984269,8.477092434727464,4.162102368321878,11.569838400194053
lambda_0_7,0.7,ON,1,1,f4-f5,normalized_change,3671,0.42557806339913673,0.04805313322973835,0.4152148542563703,0.3605172730222937,0.390270795022859,0.45658138244518065,0.5162943463568193,0.3131322477750028,0.5658611641669027
lambda_0_7,0.7,ON,1,1,f4-f5,cosine_distance,3671,0.09085664215360387,0.01964180729375219,0.0860381153581038,0.06604417759690445,0.07600231838100563,0.1030649891744323,0.1302121044839003,0.05019398682912368,0.1536289456492208
lambda_0_7,0.7,ON,1,2,f1-f2,raw_change,3671,7.450135469991807,1.0592808699032357,7.288595450122521,6.037864147129687,6.7322467365264895,7.965212608552226,9.364696642939407,5.036626448831876,13.246365541830968
lambda_0_7,0.7,ON,1,2,f1-f2,normalized_change,3671,0.3397573113990801,0.022972767544335436,0.33719237470774427,0.3077417180785683,0.3232971534700415,0.3529103352016775,0.38048167223322815,0.2798921682842413,0.4243716501936436
lambda_0_7,0.7,ON,1,2,f1-f2,cosine_distance,3671,0.051885402599186795,0.00943476036398042,0.05083064788826264,0.03787961577137783,0.04558301326928327,0.05739137570900682,0.06892099959205061,0.027099375858851582,0.09222079901080205
lambda_0_7,0.7,ON,1,2,f2-f3,raw_change,3671,6.792243286657342,0.9125341240569254,6.717241570930422,5.431693295897919,6.167876203105077,7.314389135520644,8.358103268679319,4.6256961077068475,12.228937828748494
lambda_0_7,0.7,ON,1,2,f2-f3,normalized_change,3671,0.3747256966221248,0.029414151907740122,0.3713761442478953,0.3316847821324529,0.35364833079848434,0.3932273609720235,0.4263559964928585,0.30305711014111786,0.48476097069674834
lambda_0_7,0.7,ON,1,2,f2-f3,cosine_distance,3671,0.07248626271533959,0.012472883803227681,0.07075471481332107,0.05504739437849049,0.06390467870878092,0.07997402973488299,0.09437656680731543,0.04078064741203913,0.12523017006379156
lambda_0_7,0.7,ON,1,2,f3-f4,raw_change,3671,6.53804587604572,1.0306271698818488,6.447613254058211,4.974995576530121,5.846203785937026,7.155535334436186,8.400796062796102,4.155212182995971,11.522029647851532
lambda_0_7,0.7,ON,1,2,f3-f4,normalized_change,3671,0.396770181185603,0.044386936908137456,0.3930737522019892,0.330961345319576,0.36621482134033667,0.4205414257393216,0.48201157645391934,0.3033119891278644,0.5578331546127874
lambda_0_7,0.7,ON,1,2,f3-f4,cosine_distance,3671,0.080647676856159,0.018367376061875863,0.07793025153460253,0.05531503133637966,0.06809443448034563,0.08912955741952949,0.11524188852208272,0.04677754826350833,0.1580701378869267
lambda_0_7,0.7,ON,1,2,f4-f5,raw_change,3671,6.8522218697624835,1.3142257568253302,6.67662985856454,5.036425007745921,5.960710112944437,7.578927077050592,9.209183039521209,3.8797343501301684,16.04993428187289
lambda_0_7,0.7,ON,1,2,f4-f5,normalized_change,3671,0.42876151891966835,0.05169960046991107,0.42072702346119517,0.3566850795841324,0.3915634016046299,0.4611211804022792,0.5192600088285094,0.318057228006561,0.6368471395646915
lambda_0_7,0.7,ON,1,2,f4-f5,cosine_distance,3671,0.08991748641970759,0.019745018244950882,0.08615275339301065,0.0644717467135672,0.07563093909964996,0.10055960561936106,0.12655366075951108,0.0518240246212629,0.18229930566270203
lambda_0_7,0.7,ON,1,3,f1-f2,raw_change,3670,6.888441834404231,0.8412029910178387,6.8188145721953015,5.692495711524281,6.354843396863983,7.311306569622236,8.326695278254057,4.388596643087992,11.94486995743187
lambda_0_7,0.7,ON,1,3,f1-f2,normalized_change,3670,0.3447229902123591,0.020901798525193093,0.343044606575483,0.3127103272432195,0.329962248636122,0.3584714538427975,0.3800032691414955,0.2926477603765006,0.4297229698564052
lambda_0_7,0.7,ON,1,3,f1-f2,cosine_distance,3670,0.05510083461931124,0.009736422521567461,0.0543302079240322,0.04057891592289236,0.048280915200804075,0.06131745668281255,0.0717446189862938,0.028466001474027003,0.09546423217394573
lambda_0_7,0.7,ON,1,3,f2-f3,raw_change,3670,6.419107586447103,0.846901111468119,6.330589273968025,5.226949844955606,5.862899039782244,6.8829230297740835,7.872021102277025,4.337580265915187,12.032917094506882
lambda_0_7,0.7,ON,1,3,f2-f3,normalized_change,3670,0.383105110004796,0.03203802023427513,0.38134671626509986,0.33562614332572244,0.36096812364308234,0.4008865590440759,0.44122419855438827,0.30476890941612955,0.539813979210157
lambda_0_7,0.7,ON,1,3,f2-f3,cosine_distance,3670,0.0758779748008713,0.013715240808758033,0.07468144848492891,0.05688995692241465,0.06640040653758492,0.08276024864190235,0.1018807016244985,0.04240071435191628,0.15035307350267801
lambda_0_7,0.7,ON,1,3,f3-f4,raw_change,3670,6.107976417830728,0.8852251898591216,5.976022107251767,4.913642036554814,5.492574073462439,6.593631620413576,7.715901573502245,4.144924705094269,12.73373293878074
lambda_0_7,0.7,ON,1,3,f3-f4,normalized_change,3670,0.39641466413925264,0.04020303212767531,0.3928864004445579,0.33710139630021096,0.3662827818139529,0.420984812747962,0.469544504715788,0.3064826036399198,0.5320378089693538
lambda_0_7,0.7,ON,1,3,f3-f4,cosine_distance,3670,0.0799859004032288,0.016661840327029297,0.077128040277742,0.05792859191744697,0.06801456116791668,0.0887856830394129,0.11330125411773939,0.044349836821136024,0.13796905105496038
lambda_0_7,0.7,ON,1,3,f4-f5,raw_change,3670,6.35172319490972,1.1330093548193196,6.171451241558742,4.769435906113036,5.563268097190768,6.9756436861189535,8.464177340556835,3.98036662640355,13.876555700897251
lambda_0_7,0.7,ON,1,3,f4-f5,normalized_change,3670,0.42201784691148614,0.05054201026969931,0.41328524292026797,0.3535395914740239,0.38584345364640166,0.4497697137669461,0.5184770735138431,0.3173192406369807,0.6311337997990033
lambda_0_7,0.7,ON,1,3,f4-f5,cosine_distance,3670,0.08882246588741011,0.02105695994689051,0.08474553450381112,0.06228475060345623,0.07398977091116787,0.09844872197080973,0.13186365380103748,0.0512563653907383,0.19999718663355892
lambda_0_7,0.7,ON,1,4,f1-f2,raw_change,3670,7.9715226708396765,0.8524108211698879,7.876841065244323,6.783252345929955,7.351035699399739,8.474379472509126,9.478831447552588,5.883713851768768,12.797275748114359
lambda_0_7,0.7,ON,1,4,f1-f2,normalized_change,3670,0.3179301398318693,0.01920925985840311,0.31536210647066765,0.2924687184583568,0.3043010542939482,0.3287869901699732,0.3535386704198646,0.2664199772549298,0.40016195792208753
lambda_0_7,0.7,ON,1,4,f1-f2,cosine_distance,3670,0.04031667678806578,0.007435554568677969,0.039415609844428434,0.02973266607270153,0.03554083153830542,0.04429882641138905,0.053561236021991414,0.02267623769371807,0.07381967329628703
lambda_0_7,0.7,ON,1,4,f2-f3,raw_change,3670,7.2126374787021,0.8628844305643406,7.131083005428486,5.971700500556173,6.641557691944614,7.673730143493713,8.750314504257508,4.93331498752267,11.968486821264527
lambda_0_7,0.7,ON,1,4,f2-f3,normalized_change,3670,0.3550553832354109,0.03151117575470819,0.3514911000655615,0.31137192131855673,0.333169582186907,0.3730892585401609,0.41649437016075885,0.29287126572075134,0.510215009611201
lambda_0_7,0.7,ON,1,4,f2-f3,cosine_distance,3670,0.06334592710465564,0.013503856383229302,0.06125059363837798,0.04555486208424291,0.05425482978713045,0.07005922943339593,0.09024981233800508,0.03494842795184405,0.13995101816987643
lambda_0_7,0.7,ON,1,4,f3-f4,raw_change,3670,6.892267239537687,0.9545981786724166,6.805595286537446,5.509121189704847,6.234877424257687,7.446485379488989,8.568300066188918,4.5539706348341165,11.849042705481091
lambda_0_7,0.7,ON,1,4,f3-f4,normalized_change,3670,0.38752244255590534,0.04137240161393755,0.3818778341151514,0.32963219979073166,0.3549672212430759,0.4177578588648421,0.4629363504073088,0.3017975679179917,0.5134885889149287
lambda_0_7,0.7,ON,1,4,f3-f4,cosine_distance,3670,0.07819805066841726,0.01761501843430743,0.07538665201958689,0.05431256890678721,0.0643523150137355,0.09032001553795768,0.11123410850178396,0.04455300328343548,0.13595762308459558
lambda_0_7,0.7,ON,1,4,f4-f5,raw_change,3670,6.898764301361283,1.092773508151696,6.735389943632878,5.396127206584285,6.1262478594446765,7.512616670265247,8.920035634187554,4.586330746523786,13.106749121332832
lambda_0_7,0.7,ON,1,4,f4-f5,normalized_change,3670,0.4177617727413942,0.04783459447019145,0.4104751391266908,0.3522888729468119,0.3810711960489139,0.44975062346845074,0.5084710664001307,0.31236078164518116,0.595832154398872
lambda_0_7,0.7,ON,1,4,f4-f5,cosine_distance,3670,0.08945486655868573,0.020066685488448616,0.08625209102338693,0.06268910436571337,0.07418665528146318,0.10189033845697926,0.12831886972572648,0.04980054927290256,0.1656099718654387
lambda_0_7,0.7,ON,2,0,f1-f2,raw_change,3671,16.301267732960785,3.949317612272968,16.188154174916775,9.891636892756136,13.647352280883233,18.68895001439799,23.128732208875945,5.44827226479352,31.891118982754435
lambda_0_7,0.7,ON,2,0,f1-f2,normalized_change,3671,0.29388190601570385,0.013512622855233533,0.2928076049183451,0.27516313381268953,0.2839862876947127,0.30105083438063784,0.31993489151837945,0.2582062397855422,0.34554729355673836
lambda_0_7,0.7,ON,2,0,f1-f2,cosine_distance,3671,0.01913808556949455,0.003975960186672829,0.018711210726137906,0.01361130676273542,0.016339895629478407,0.021245795370127107,0.026488426200443893,0.00925860494892583,0.034305765161560586
lambda_0_7,0.7,ON,2,0,f2-f3,raw_change,3671,13.492857372636273,3.309835919315676,13.394397172273955,8.241049127558263,11.301384022286229,15.536629619800024,19.15652675539438,4.275906014443344,28.90510250258848
lambda_0_7,0.7,ON,2,0,f2-f3,normalized_change,3671,0.31992166750458856,0.019825564164046097,0.3169184439690067,0.2909080837996957,0.30568700885895195,0.3335441202952374,0.35739863191880583,0.2639287698249632,0.3823081594396655
lambda_0_7,0.7,ON,2,0,f2-f3,cosine_distance,3671,0.03822619397958468,0.00771217753547613,0.037452364371504454,0.02747353134713376,0.03249642356816673,0.042649027610055235,0.0526087736990597,0.017540623987928883,0.06612299895982687
lambda_0_7,0.7,ON,2,0,f3-f4,raw_change,3671,11.850613736280035,3.0843780116592487,11.591723282501583,7.084475421017359,9.80467946102496,13.610451564562695,17.474396118182348,3.6765651879658403,25.582532527359632
lambda_0_7,0.7,ON,2,0,f3-f4,normalized_change,3671,0.352800745103523,0.03365888250264975,0.3474045563446493,0.3053708307706797,0.3260501308239484,0.37888244450599007,0.41026076200413925,0.26423132366080765,0.45866503390597335
lambda_0_7,0.7,ON,2,0,f3-f4,cosine_distance,3671,0.05955878062569865,0.015293898523415724,0.05708936833584599,0.03821243608650715,0.047816285379241596,0.07070093751169854,0.08647064158778184,0.02577016263022991,0.11139014189705165
lambda_0_7,0.7,ON,2,0,f4-f5,raw_change,3671,11.434351537174358,3.261378713703524,11.156778279110355,6.5487709749581065,9.224616768130948,13.264413621917267,17.413640602882687,3.674056978730255,25.312907383368795
lambda_0_7,0.7,ON,2,0,f4-f5,normalized_change,3671,0.4015990262570089,0.05123593435443889,0.38624220690011746,0.33836984825526234,0.363821008709616,0.4416070066585006,0.49437766271060235,0.3040237905240808,0.5494567996406002
lambda_0_7,0.7,ON,2,0,f4-f5,cosine_distance,3671,0.08381586098557897,0.023665459215311685,0.07626116064642119,0.05566248024956244,0.06587539036979623,0.10171680740483124,0.12621601604827104,0.03683902405471595,0.15713358979104453
lambda_0_7,0.7,ON,2,1,f1-f2,raw_change,3671,14.543945190536807,2.4191429953716113,14.306447550777602,10.967561449350827,12.8206346660412,16.102611299192738,18.74343305144089,8.57999831729012,25.806833007818295
lambda_0_7,0.7,ON,2,1,f1-f2,normalized_change,3671,0.2952135081330748,0.013171546518820161,0.29410746370219465,0.27611203288039765,0.28585669453762075,0.30207828300180223,0.3201584699126141,0.2656103017375705,0.3411452560920254
lambda_0_7,0.7,ON,2,1,f1-f2,cosine_distance,3671,0.0224776023110953,0.004017112649996623,0.02201155199558369,0.01673403833300041,0.01970276083496053,0.024833909498079287,0.029572607946732554,0.012399819032890447,0.037749952577714185
lambda_0_7,0.7,ON,2,1,f2-f3,raw_change,3671,12.321554384686134,2.1403817325374317,12.093209636220116,9.23249064431532,10.76786870571305,13.703297091854978,16.077639832918663,7.031192655789452,22.821494016515217
lambda_0_7,0.7,ON,2,1,f2-f3,normalized_change,3671,0.32462478359914104,0.02427384863081883,0.31978094107556826,0.29081590306586924,0.3074984205059814,0.34011815205557705,0.3730534320022614,0.27216488037996556,0.4053512481679584
lambda_0_7,0.7,ON,2,1,f2-f3,cosine_distance,3671,0.04260139505055254,0.009394315659151505,0.04076274703587812,0.031031290669147893,0.03560930691448255,0.04733765718310984,0.061492378748192966,0.022818334052325806,0.07848587140081653
lambda_0_7,0.7,ON,2,1,f3-f4,raw_change,3671,11.022359655646625,2.0406494716755375,10.818197784588127,8.05568025764537,9.557666112865931,12.24884209829546,14.755574229199317,6.101499842015433,20.597963692695156
lambda_0_7,0.7,ON,2,1,f3-f4,normalized_change,3671,0.3593402845396767,0.035471583049024556,0.3549509265223308,0.31085073451152123,0.3310063731800802,0.38364473360490503,0.42305269235293785,0.27579193675301655,0.47745323376657833
lambda_0_7,0.7,ON,2,1,f3-f4,cosine_distance,3671,0.06390441851039963,0.015521645742587542,0.06151187193505414,0.04321153449100207,0.05210340250257556,0.07403531791806173,0.09222526938345704,0.030053975584303783,0.11965804122198331
lambda_0_7,0.7,ON,2,1,f4-f5,raw_change,3671,10.662236699512123,2.213641496954505,10.327865904661522,7.690812015546906,9.042773585426378,11.87987797503477,15.03789233853168,5.9806889475782885,20.15304683465979
lambda_0_7,0.7,ON,2,1,f4-f5,normalized_change,3671,0.4039973541943984,0.051906634001438724,0.39062299657200267,0.34041912969065924,0.3648156299872084,0.43517248610295556,0.5058888167709983,0.3077890378697747,0.5611435988301577
lambda_0_7,0.7,ON,2,1,f4-f5,cosine_distance,3671,0.08534101845044319,0.0232718546596959,0.07883634916568316,0.05796774190427184,0.0678162706978424,0.0987521169536485,0.13227229983292932,0.04288207276788236,0.16162356191006988
lambda_0_7,0.7,ON,2,2,f1-f2,raw_change,3671,16.214419897122774,4.163275654937933,15.884652530086925,9.930040286061978,13.342240834419314,18.74237349726782,23.530190412180698,4.983380238859253,34.92957501756877
lambda_0_7,0.7,ON,2,2,f1-f2,normalized_change,3671,0.29610193171296073,0.013920772216094359,0.29440938430937413,0.27659595205822435,0.28644477128477525,0.304490884209567,0.3207464699309154,0.2647604956138348,0.35385620325616124
lambda_0_7,0.7,ON,2,2,f1-f2,cosine_distance,3671,0.020637230151845137,0.004377518644871527,0.020110509621764305,0.014548763024571254,0.017611515557258595,0.0231715209348779,0.028402922778397788,0.010609387986009744,0.043799991373960734
lambda_0_7,0.7,ON,2,2,f2-f3,raw_change,3671,13.243502181045423,3.39138153199402,12.987095717048234,8.06641640163792,10.924134376689379,15.176721586810658,19.28028284993613,4.170119716420588,26.763179370494857
lambda_0_7,0.7,ON,2,2,f2-f3,normalized_change,3671,0.31757404975113884,0.022035146038448406,0.31398155690259755,0.2884297122398468,0.30116770383516633,0.32902498103287636,0.3613219986294949,0.2691911302650837,0.40194213242449583
lambda_0_7,0.7,ON,2,2,f2-f3,cosine_distance,3671,0.038259247346703815,0.008831406105132639,0.03725309314529457,0.02624892172055604,0.03195755240907455,0.04280616299521384,0.05616890219734855,0.017227159373210732,0.07646391206444847
lambda_0_7,0.7,ON,2,2,f3-f4,raw_change,3671,11.66880940535652,3.0914606948688093,11.38954156018274,6.945313063646596,9.514310090011456,13.587819962493901,17.133478446466455,3.4339292400965795,25.15206197722111
lambda_0_7,0.7,ON,2,2,f3-f4,normalized_change,3671,0.34964240267699653,0.03729836577931412,0.3401570293697017,0.3040655963066051,0.3227687056321866,0.37077582533262976,0.4222046682778462,0.27918789264694827,0.4903687289758318
lambda_0_7,0.7,ON,2,2,f3-f4,cosine_distance,3671,0.05843756902764813,0.017137993520962975,0.05422334238670945,0.03752805456464792,0.04650355161249797,0.06724679371213493,0.09152451698343728,0.028215180751155478,0.12831397269018519
lambda_0_7,0.7,ON,2,2,f4-f5,raw_change,3671,11.136707380753542,3.1237103473321763,10.874421492387778,6.4863725392827405,8.922747368955761,13.036102485731547,16.815883894486497,3.3891407864113057,23.788942870029786
lambda_0_7,0.7,ON,2,2,f4-f5,normalized_change,3671,0.3938933448108127,0.05043403785620438,0.3832846799767433,0.3304134236701963,0.3555891131898086,0.42274267054024206,0.489849402045891,0.3016689022817373,0.6095211410521556
lambda_0_7,0.7,ON,2,2,f4-f5,cosine_distance,3671,0.0803361968567336,0.022945959243701894,0.07536108299746058,0.05147386510686164,0.0634027529164749,0.09300398259684256,0.125666169851966,0.03766144535924165,0.16655484207029336
lambda_0_7,0.7,ON,2,3,f1-f2,raw_change,3670,16.11288415495056,3.690475313934874,15.895866434614323,10.65652266125446,13.43874627996894,18.37344309032049,22.6341209972733,4.763595229153309,36.08852359869856
lambda_0_7,0.7,ON,2,3,f1-f2,normalized_change,3670,0.29210325901022,0.011992978683036077,0.2911032524444487,0.2758845338931689,0.28356232912387946,0.2987010171785688,0.31450835533827076,0.2537547097903428,0.34747288834660844
lambda_0_7,0.7,ON,2,3,f1-f2,cosine_distance,3670,0.019797661516079743,0.004062081209637571,0.019326979417308432,0.01395156004502764,0.016901893492586112,0.022335174778839784,0.026713101469517407,0.01083067690114392,0.03935889510860602
lambda_0_7,0.7,ON,2,3,f2-f3,raw_change,3670,13.393964740812331,3.0908984504594583,13.168824162353847,8.797223662853115,11.237197883312831,15.303057561573219,18.549827035077247,4.457222152232612,31.474859625405234
lambda_0_7,0.7,ON,2,3,f2-f3,normalized_change,3670,0.31773231619241077,0.02366874823518445,0.3137074657618203,0.2866680086286693,0.30125036740266764,0.3294404053672192,0.3662370958651534,0.26980245233877037,0.40146310487847386
lambda_0_7,0.7,ON,2,3,f2-f3,cosine_distance,3670,0.03820577839837485,0.00932489425928976,0.0368904106108901,0.02619267858820475,0.03174172508677972,0.04240609778749449,0.05757280339935163,0.017915135645744207,0.07560915597091211
lambda_0_7,0.7,ON,2,3,f3-f4,raw_change,3670,11.883926705075122,2.952828600759878,11.538612509829939,7.6288506668427845,9.793581848839457,13.631531039705141,17.29123310010204,4.129414662501975,25.642863518342068
lambda_0_7,0.7,ON,2,3,f3-f4,normalized_change,3670,0.35223005874339525,0.0388946427844732,0.3448764894068718,0.3027073811019194,0.3241170852599483,0.3753488148664972,0.4172412425804963,0.2698380623245571,0.48588145964388535
lambda_0_7,0.7,ON,2,3,f3-f4,cosine_distance,3670,0.0596020187363568,0.017653527209630936,0.05596911062164717,0.03702663599379173,0.047164928774517584,0.06912291221465172,0.08937134115977259,0.02745276803536334,0.1259750379786153
lambda_0_7,0.7,ON,2,3,f4-f5,raw_change,3670,11.365802876407342,2.9502616885825734,11.002630323189766,7.236970889570129,9.28976635746356,13.068365357066478,16.534441570467994,4.07482181244568,26.810145289630697
lambda_0_7,0.7,ON,2,3,f4-f5,normalized_change,3670,0.3982486086792025,0.05120002042373694,0.3843398009690121,0.33697625753338256,0.36139008511682724,0.42657929917362125,0.49735413114583243,0.30645396583487516,0.5836181618935804
lambda_0_7,0.7,ON,2,3,f4-f5,cosine_distance,3670,0.08243887652877618,0.0241012698493926,0.07521202163138924,0.05510115541654008,0.06523977896539593,0.09470639433079939,0.13116708430609053,0.042478451085310454,0.17895265787404557
lambda_0_7,0.7,ON,2,4,f1-f2,raw_change,3670,15.969724690079357,3.926209570757478,15.794370882960322,10.007829822790766,13.12439074883698,18.416772174880574,22.997758553701477,5.237370038728317,33.75355874842289
lambda_0_7,0.7,ON,2,4,f1-f2,normalized_change,3670,0.29399513745984424,0.011900945298724071,0.29294920557582427,0.27727822302239824,0.2859409298206252,0.3001479980116556,0.31565689315429507,0.2634071434192352,0.35633962670998837
lambda_0_7,0.7,ON,2,4,f1-f2,cosine_distance,3670,0.019359835903071176,0.003952149085004844,0.01898810403524942,0.01360847216970476,0.016572969534223936,0.021645465504753075,0.026507861613161467,0.009646926802951428,0.03762711608965019
lambda_0_7,0.7,ON,2,4,f2-f3,raw_change,3670,13.14109544312788,3.2537661720719804,12.940405372911552,8.214375080013578,10.863975180753446,15.168844747293608,18.882483239547934,4.348143771089237,29.375551498530978
lambda_0_7,0.7,ON,2,4,f2-f3,normalized_change,3670,0.3181872939823972,0.021524561205053343,0.31541977048378084,0.28839377156578877,0.3031276570189121,0.32908365433951936,0.3558536990873525,0.27214822557073926,0.4147708614245554
lambda_0_7,0.7,ON,2,4,f2-f3,cosine_distance,3670,0.0382688109382984,0.008710410757815673,0.03694635709818389,0.02660807331392077,0.032368086978222466,0.04253667488841473,0.054469622858253325,0.018828421220566827,0.07600320502830993
lambda_0_7,0.7,ON,2,4,f3-f4,raw_change,3670,11.676607363484681,3.0420915259943495,11.38281041869164,7.213986813443666,9.536181310053964,13.547090286377937,17.026849768649583,3.61411817715961,26.48318390938907
lambda_0_7,0.7,ON,2,4,f3-f4,normalized_change,3670,0.3532741769353268,0.032943970348869055,0.34884553859465983,0.3057932795169384,0.3289530422602567,0.3745294710850925,0.414171953971252,0.28243544726930914,0.45954207517051
lambda_0_7,0.7,ON,2,4,f3-f4,cosine_distance,3670,0.059808676743204316,0.015204668983841414,0.0577880353286665,0.03843798391209751,0.0484302881691861,0.06913981599485663,0.08806614974349207,0.030194427010635794,0.11168951994720866
lambda_0_7,0.7,ON,2,4,f4-f5,raw_change,3670,11.09380256164706,3.1059835612105595,10.725035643612603,6.597338360487555,8.854090627060646,12.916877768029753,16.846068836140297,3.405484481942737,25.83914298479546
lambda_0_7,0.7,ON,2,4,f4-f5,normalized_change,3670,0.3954312225495637,0.0432545123874504,0.3857612298335107,0.33628350808305424,0.36422761667806947,0.42255743640684607,0.48110431219921146,0.2955033137529041,0.5278128189111896
lambda_0_7,0.7,ON,2,4,f4-f5,cosine_distance,3670,0.0806873080693533,0.01990103832700771,0.07609292551276031,0.053431747729801235,0.06664804690928089,0.0924599596085916,0.12154395093749976,0.040867619730133864,0.14567646028796755
lambda_1_0,1.0,OFF,1,0,f1-f2,raw_change,3671,2.202428971512848,0.2519323408267086,2.1623227425366487,1.8827508824303103,2.0387788157972615,2.3238345089902124,2.6427683915872398,1.6786880025389803,4.071017449312475
lambda_1_0,1.0,OFF,1,0,f1-f2,normalized_change,3671,0.26588942928413317,0.017160480009261837,0.26493165985396344,0.24082019364415913,0.2528152351196846,0.27673360883549475,0.29568772854036374,0.2199369464563931,0.34519141447469986
lambda_1_0,1.0,OFF,1,0,f1-f2,cosine_distance,3671,0.034648589547275926,0.004436158684193907,0.03423240369344982,0.02842911846750462,0.03131012747526429,0.03720706583844813,0.04281061334378883,0.02378822161036742,0.059419330360105715
lambda_1_0,1.0,OFF,1,0,f2-f3,raw_change,3671,2.574445590267134,0.3111597569967448,2.528358159389678,2.1787785504983477,2.3865854009215535,2.7008500528009973,3.0976374186145614,1.9972420870871987,5.487751479661374
lambda_1_0,1.0,OFF,1,0,f2-f3,normalized_change,3671,0.30584176782196704,0.02317639800194205,0.3030706857217575,0.2709298240650311,0.2895805993880629,0.3213279696945883,0.34604025332050453,0.25349475417823814,0.4252938249036916
lambda_1_0,1.0,OFF,1,0,f2-f3,cosine_distance,3671,0.045954074707185155,0.0071079942509829856,0.04515411600670516,0.03562349548401034,0.04090613937019677,0.05042947715138102,0.05833951738865262,0.030160751695057497,0.09005987683347516
lambda_1_0,1.0,OFF,1,0,f3-f4,raw_change,3671,3.134156026295953,0.3907817652094839,3.0873255692788617,2.6493207568370907,2.877580721655127,3.314060997333698,3.7546657619148496,2.409002122144928,6.311996247248496
lambda_1_0,1.0,OFF,1,0,f3-f4,normalized_change,3671,0.3661517505071644,0.03134635470257389,0.36366406592025086,0.3193472479254297,0.3449493622163167,0.3825282995203967,0.4265948529622117,0.29947911987672227,0.5311537154913335
lambda_1_0,1.0,OFF,1,0,f3-f4,cosine_distance,3671,0.06682742845825725,0.012295526867184865,0.06494427288425397,0.04960526662623471,0.05858750071106239,0.07284564072879274,0.09108561648072966,0.04315206132739546,0.14665711379171298
lambda_1_0,1.0,OFF,1,0,f4-f5,raw_change,3671,4.630056403988484,0.6786535114929725,4.519096995814833,3.794573566812156,4.180292481572476,4.961789422223754,5.714150093309424,3.3154138376828866,10.210382904144357
lambda_1_0,1.0,OFF,1,0,f4-f5,normalized_change,3671,0.5368949268228447,0.054912171670142285,0.5346258525412833,0.45554349990604726,0.5005014226011872,0.5704970932485092,0.6294890524191503,0.3846308858313787,0.8301593304234997
lambda_1_0,1.0,OFF,1,0,f4-f5,cosine_distance,3671,0.14692990727436625,0.03260901410621897,0.14347224651137436,0.10292126895992393,0.12442726598763854,0.16517188306574548,0.20462865294150262,0.07289228889497057,0.37042232867334324
lambda_1_0,1.0,OFF,1,1,f1-f2,raw_change,3671,2.0910403292507396,0.22419536776313434,2.0690377419471453,1.7826696287500075,1.9332488605699951,2.2102037421447074,2.514119729556564,1.5877089473691788,3.2464481731379564
lambda_1_0,1.0,OFF,1,1,f1-f2,normalized_change,3671,0.2773838691332661,0.018973609884436138,0.27592061212056984,0.2491478089256423,0.26320126339283856,0.29019798265541885,0.3116614200896789,0.23221022140993836,0.3451041111116261
lambda_1_0,1.0,OFF,1,1,f1-f2,cosine_distance,3671,0.036359964304824494,0.004991883815922673,0.035763418183621054,0.029122220792835496,0.03255413026914783,0.03972134379392661,0.0454213897150772,0.024892085192977143,0.05685578624377552
lambda_1_0,1.0,OFF,1,1,f2-f3,raw_change,3671,2.463117253054613,0.22796615042189577,2.4441090412394817,2.1403357882671,2.3142293041812882,2.5835552888546305,2.8682653558563103,1.9454206283218367,4.057239120892065
lambda_1_0,1.0,OFF,1,1,f2-f3,normalized_change,3671,0.31490774397200827,0.019643870584555596,0.31251711093097884,0.28557884912400383,0.3014423897436027,0.3274727609800089,0.34982439290303,0.2578565242202425,0.3869305723401731
lambda_1_0,1.0,OFF,1,1,f2-f3,cosine_distance,3671,0.04823352307773199,0.0062782829836057034,0.04736864471256652,0.0392334648732221,0.04395373201446867,0.05201510708473045,0.05979939260218453,0.03258461155745185,0.07225049274553841
lambda_1_0,1.0,OFF,1,1,f3-f4,raw_change,3671,3.006340096893283,0.3052673708585664,2.9641275377818705,2.626412300371367,2.7935931934083102,3.1518496552203965,3.5676780859723642,2.417815133339876,5.043704403577087
lambda_1_0,1.0,OFF,1,1,f3-f4,normalized_change,3671,0.3756272298545098,0.028957024815178305,0.3738115386684977,0.33131983736210996,0.3559253730394167,0.39295012091961057,0.43016429217817775,0.29715066857137346,0.5062434646606209
lambda_1_0,1.0,OFF,1,1,f3-f4,cosine_distance,3671,0.06979860917621908,0.011236802551720805,0.06863977967022783,0.05284961443950714,0.06220579197432102,0.076300960988199,0.09049692456662645,0.04379761576056096,0.13464147731840181
lambda_1_0,1.0,OFF,1,1,f4-f5,raw_change,3671,4.288403492839192,0.6145188124172493,4.171877734514037,3.5416273980944757,3.8789459883846815,4.561687921279397,5.469967067161614,3.245357279140518,9.242541937434963
lambda_1_0,1.0,OFF,1,1,f4-f5,normalized_change,3671,0.5281719931634459,0.056583867498350586,0.5202036567525616,0.4554610268787944,0.4895880927366362,0.5546463964129493,0.6410059438363546,0.41410183620486535,0.8140595254376909
lambda_1_0,1.0,OFF,1,1,f4-f5,cosine_distance,3671,0.14151615391873057,0.034806741053559756,0.1356558042080802,0.101182373949189,0.11804753342676244,0.15397988454714767,0.2128106390489078,0.08192726168085607,0.3575207843811261
lambda_1_0,1.0,OFF,1,2,f1-f2,raw_change,3671,2.171873196440263,0.2229006844643499,2.146024281540005,1.8644429967671003,2.0176534084071713,2.284948353550865,2.579608919230222,1.6914572442132343,3.3774200424868166
lambda_1_0,1.0,OFF,1,2,f1-f2,normalized_change,3671,0.28283478609527013,0.019229023138426796,0.2808168836000817,0.2540956566445161,0.26895301088309465,0.2958569564472091,0.3160738836224184,0.23772738367609136,0.38050564074311355
lambda_1_0,1.0,OFF,1,2,f1-f2,cosine_distance,3671,0.03802780784493128,0.005269887288568846,0.03721477479251423,0.03072146131834841,0.034195568676243626,0.04132958507526635,0.0469073043525291,0.026866984826526275,0.06875188005611832
lambda_1_0,1.0,OFF,1,2,f2-f3,raw_change,3671,2.4993019112319526,0.24671011162571338,2.4634296980944197,2.1714787250738516,2.331469541934207,2.6124998904745746,2.9712345499030155,2.029823714844684,3.891030955591441
lambda_1_0,1.0,OFF,1,2,f2-f3,normalized_change,3671,0.3144463003519092,0.02213558848406527,0.31216067571993217,0.28205136988145896,0.29759046036401177,0.32869997390363925,0.3561035744013722,0.2640773171702242,0.39068279353528096
lambda_1_0,1.0,OFF,1,2,f2-f3,cosine_distance,3671,0.047834718491846624,0.006983789617402647,0.046937497830299546,0.03808154837671601,0.042534476738402216,0.05205803607132631,0.06202752030045189,0.03344484151206062,0.07549900361374218
lambda_1_0,1.0,OFF,1,2,f3-f4,raw_change,3671,3.0406087079116526,0.2965053268032518,2.976325257802294,2.6637185203931373,2.835687925282037,3.210458043209582,3.585924562394757,2.4676532221568226,5.0436277093673505
lambda_1_0,1.0,OFF,1,2,f3-f4,normalized_change,3671,0.37254865342843263,0.029072008823838164,0.37063847333414285,0.3277119517566255,0.3506238966639289,0.39230566696419555,0.42207382099896573,0.30540376478805503,0.4728571668585248
lambda_1_0,1.0,OFF,1,2,f3-f4,cosine_distance,3671,0.06861876660291008,0.011469981615406232,0.06724600893508659,0.05159112126130999,0.06031888183161288,0.07597682585002763,0.0895686240315875,0.04529119784322366,0.11136581718042549
lambda_1_0,1.0,OFF,1,2,f4-f5,raw_change,3671,4.524545179679666,0.5915307332455549,4.462357287487044,3.742267770200504,4.116060604388853,4.850991387183983,5.547902893953246,3.1993420462413567,9.346979828664454
lambda_1_0,1.0,OFF,1,2,f4-f5,normalized_change,3671,0.5464453709251321,0.05511890707192894,0.5425223557959102,0.4612904861216168,0.5068600850199997,0.5834557760750776,0.6383037543015051,0.38231881472133006,0.8155545087963573
lambda_1_0,1.0,OFF,1,2,f4-f5,cosine_distance,3671,0.15334078659357486,0.033564380597585174,0.1489218718411215,0.10579468365241163,0.12946899554361363,0.17332434157792814,0.21357729307189388,0.07277907632952518,0.3478923116092343
lambda_1_0,1.0,OFF,1,3,f1-f2,raw_change,3670,2.228114261564096,0.22243341355053545,2.1943952278539847,1.9322509020160243,2.0761235762058714,2.3468899261565466,2.6424930090442498,1.7821323078454638,3.268063672007179
lambda_1_0,1.0,OFF,1,3,f1-f2,normalized_change,3670,0.27647004578178597,0.01846113121082097,0.27432315615132785,0.2505788030361097,0.26373669645335773,0.28771361887463975,0.3091709157441896,0.22605106886132004,0.3545283061791361
lambda_1_0,1.0,OFF,1,3,f1-f2,cosine_distance,3670,0.03662629985535807,0.004864375110713966,0.036034427284412696,0.029855019334296344,0.033280942075533115,0.039332123421991494,0.04535306616640101,0.02479769220045558,0.059805687125476625
lambda_1_0,1.0,OFF,1,3,f2-f3,raw_change,3670,2.5890962899879444,0.25783462450793954,2.560129013277951,2.2355440269071307,2.409322138299231,2.7176001822527702,3.05176137913403,2.0762425095068937,4.12149552760316
lambda_1_0,1.0,OFF,1,3,f2-f3,normalized_change,3670,0.3115615592631338,0.020949883123696323,0.3101652196394434,0.2787538388084327,0.29629232722830173,0.3263524887156153,0.34675456781222663,0.2624022760977664,0.39990706612100757
lambda_1_0,1.0,OFF,1,3,f2-f3,cosine_distance,3670,0.04693325860479579,0.0064784818867487425,0.04618475586566606,0.037613425751360195,0.04213767234840629,0.051074005199788275,0.05782188349570704,0.03272945994728538,0.08168347726113367
lambda_1_0,1.0,OFF,1,3,f3-f4,raw_change,3670,3.1151030888088753,0.3516275955027466,3.0542790175958716,2.651471076484482,2.884444902464552,3.2970793037379234,3.7243490973022424,2.397384392118291,5.278985777555652
lambda_1_0,1.0,OFF,1,3,f3-f4,normalized_change,3670,0.3650261437338834,0.03390855146813485,0.3588917597124377,0.3211846438380617,0.34001983203834657,0.38415968030670034,0.4331822817127975,0.295464246083114,0.5077817539340631
lambda_1_0,1.0,OFF,1,3,f3-f4,cosine_distance,3670,0.06579851244383376,0.013161553116194305,0.0632069600976522,0.050084584942940755,0.05564941642805335,0.07275890590901035,0.0942383009613854,0.04248013719813337,0.13327884766626152
lambda_1_0,1.0,OFF,1,3,f4-f5,raw_change,3670,4.639395344860267,0.6689116819046976,4.5565165550754845,3.7974066585857673,4.131007632883119,5.0033308013938145,5.7615867650377375,3.337402598792733,8.891147144673187
lambda_1_0,1.0,OFF,1,3,f4-f5,normalized_change,3670,0.5340738210462388,0.057815354996992745,0.5292695317019707,0.44864873840886405,0.49167925523940603,0.5723460789244801,0.62789953790725,0.40932589712651335,0.8504330418307547
lambda_1_0,1.0,OFF,1,3,f4-f5,cosine_distance,3670,0.14564613604988585,0.034272672259488275,0.1408749953936262,0.09899124730798416,0.11982819526632377,0.16786349082838958,0.20346687594476062,0.07900270192883674,0.39015231017943053
lambda_1_0,1.0,OFF,1,4,f1-f2,raw_change,3670,2.0453306874031876,0.2481438304831092,2.009513271160454,1.7105417644505618,1.8750819570296728,2.1631954661694897,2.5351880629173733,1.5251073899531467,3.3077243671391603
lambda_1_0,1.0,OFF,1,4,f1-f2,normalized_change,3670,0.27338199684052344,0.018554681364307744,0.271742521809752,0.24467459183043222,0.26044997024067035,0.2848753096982855,0.30515864859252123,0.22532827297683378,0.3584576388057725
lambda_1_0,1.0,OFF,1,4,f1-f2,cosine_distance,3670,0.035700270896061516,0.004893059600366873,0.03503006463904579,0.028470620134819456,0.032408120076086844,0.03873483536814937,0.04400081548524962,0.024021818962581487,0.06097619059653947
lambda_1_0,1.0,OFF,1,4,f2-f3,raw_change,3670,2.403676042705394,0.2605234493671339,2.3623102947856798,2.0738943641961978,2.2140887034459893,2.534344865014087,2.89354092123369,1.8660121957967473,3.9178188474510347
lambda_1_0,1.0,OFF,1,4,f2-f3,normalized_change,3670,0.3118598441885383,0.023192281360812774,0.3106176355192515,0.2746204283469752,0.2961847714300686,0.3266384579019612,0.3506585995554592,0.24361592983127367,0.3939813014888284
lambda_1_0,1.0,OFF,1,4,f2-f3,cosine_distance,3670,0.04675523900564668,0.006876442812627717,0.04608570252382688,0.03607961732197008,0.04204405916593809,0.05127118235037406,0.05869047162766613,0.028913874326486066,0.0738699479824223
lambda_1_0,1.0,OFF,1,4,f3-f4,raw_change,3670,2.913652909924313,0.3392815815462462,2.8419379352450957,2.511829489010064,2.69879310972131,3.0483653025985085,3.5594772170516524,2.275658822564282,5.18804476313817
lambda_1_0,1.0,OFF,1,4,f3-f4,normalized_change,3670,0.3663365623227659,0.02885921119045775,0.36492643915157363,0.3216074855800279,0.34555148224533166,0.38559865018087514,0.4142231614659945,0.2863612962750818,0.5025880821633808
lambda_1_0,1.0,OFF,1,4,f3-f4,cosine_distance,3670,0.06552292353739114,0.010979327360018921,0.06426556927058558,0.049797939314221176,0.05757495955963843,0.0725930892211025,0.08401762880594066,0.03884960353237166,0.12764645175167733
lambda_1_0,1.0,OFF,1,4,f4-f5,raw_change,3670,4.131451408508221,0.5591584830178538,4.036120744779829,3.4317739078896614,3.7613445819462386,4.366815202267009,5.13049668920708,3.006125752836277,8.23695207559847
lambda_1_0,1.0,OFF,1,4,f4-f5,normalized_change,3670,0.507865933902679,0.05077297826341437,0.5002332177240985,0.43347094460558433,0.47043226192961674,0.5437355879189929,0.5964625038847189,0.378542554810473,0.7487271473127575
lambda_1_0,1.0,OFF,1,4,f4-f5,cosine_distance,3670,0.12843655724319897,0.02773539192917696,0.12361053989004828,0.09141987753434141,0.1081686234354127,0.1454260402158001,0.1788323813107417,0.06716467181232766,0.2905191251100836
lambda_1_0,1.0,OFF,2,0,f1-f2,raw_change,3671,2.4862666015098207,0.321978383601485,2.4285071029274903,2.1075184820201938,2.27881357183072,2.625055568179146,3.0688301145687147,1.8605497326864153,4.708818399612688
lambda_1_0,1.0,OFF,2,0,f1-f2,normalized_change,3671,0.24821453719351283,0.017975110472272057,0.24655709853222235,0.22315014886547346,0.23560724484395024,0.25816123007527114,0.28133620419719835,0.20017266624768212,0.3410598692734417
lambda_1_0,1.0,OFF,2,0,f1-f2,cosine_distance,3671,0.030710488972998173,0.004485824078884785,0.03025041939816142,0.024846470804269605,0.027551666482767745,0.03289468130848755,0.03909301769774287,0.020237464243543224,0.05970226926776745
lambda_1_0,1.0,OFF,2,0,f2-f3,raw_change,3671,2.8781062476470316,0.4131461300028146,2.7926138108262832,2.3822333180028914,2.6318426490795197,3.014018118769374,3.6801705625097005,2.148926258147513,5.981073507574117
lambda_1_0,1.0,OFF,2,0,f2-f3,normalized_change,3671,0.2862286064616464,0.026265948732232626,0.2827576471510958,0.25035870929190573,0.26798771908776514,0.30070442229517924,0.32941490546646857,0.23020006757315686,0.4500518446187867
lambda_1_0,1.0,OFF,2,0,f2-f3,cosine_distance,3671,0.041157493183979425,0.007962784647122738,0.03986487579344955,0.031235161895573293,0.03577335921025443,0.04515470369708441,0.05398538416373205,0.025705987300511657,0.10248160528355998
lambda_1_0,1.0,OFF,2,0,f3-f4,raw_change,3671,3.5854131998530683,0.5821281114302588,3.487755931869447,2.8875182063306015,3.2044675525494486,3.813797627709712,4.637665501182218,2.630897923359804,9.460906410119323
lambda_1_0,1.0,OFF,2,0,f3-f4,normalized_change,3671,0.35582192083809144,0.03703864282093109,0.351621040644801,0.30344463036072966,0.33025764788001155,0.3759191346672017,0.4190517869509379,0.2747359577183337,0.6144678670257172
lambda_1_0,1.0,OFF,2,0,f3-f4,cosine_distance,3671,0.06487491175632677,0.014439953835750958,0.06262190062154604,0.046059351041903174,0.054906561896651884,0.07211453881399543,0.089360813732831,0.03753506915402549,0.1824098922444447
lambda_1_0,1.0,OFF,2,0,f4-f5,raw_change,3671,5.779015456354672,1.3197559081377874,5.4568985282506635,4.380934657601105,4.944715358490495,6.226699230421919,8.124846425681618,3.8620422983201164,22.369920146425805
lambda_1_0,1.0,OFF,2,0,f4-f5,normalized_change,3671,0.5819792997337059,0.08816477852094422,0.5677853690657219,0.4721595234912703,0.521950988455063,0.625025167342402,0.7384186005135693,0.39644135149358867,1.407665367351194
lambda_1_0,1.0,OFF,2,0,f4-f5,cosine_distance,3671,0.17920465036969832,0.05560828306015953,0.16643965473798894,0.11437613249000317,0.14116256415646788,0.2043328926260815,0.28705118659435785,0.08088423954906188,0.5433324203763759
lambda_1_0,1.0,OFF,2,1,f1-f2,raw_change,3671,2.439153505905849,0.3137799639627126,2.4014452726943203,1.9393166461719487,2.246808641147977,2.585409149097014,3.0693605703984232,1.766466501212439,3.737598416033457
lambda_1_0,1.0,OFF,2,1,f1-f2,normalized_change,3671,0.2603289235888412,0.0160332354615509,0.2590948776698654,0.2360126974932759,0.248275146490812,0.27148713326459306,0.2871335716896698,0.21024490095382958,0.32246756585607655
lambda_1_0,1.0,OFF,2,1,f1-f2,cosine_distance,3671,0.033158603149221984,0.004098511563815864,0.03290790108309272,0.02701948983105268,0.030151513959592924,0.03603360974432268,0.04018704558233316,0.022026800315553263,0.04882793880195646
lambda_1_0,1.0,OFF,2,1,f2-f3,raw_change,3671,2.80049979107902,0.3366135509160306,2.7393711039223994,2.3488376861261777,2.593770657873416,2.9345077245531312,3.457181341928553,2.193520978534478,4.827637819153873
lambda_1_0,1.0,OFF,2,1,f2-f3,normalized_change,3671,0.2944133675585177,0.019499491033550163,0.29174596993257546,0.2644471067121412,0.28134494192168125,0.3069899132824652,0.32851377247694374,0.24504249298040212,0.3852507559242275
lambda_1_0,1.0,OFF,2,1,f2-f3,cosine_distance,3671,0.042951532734694875,0.005850768219979582,0.04197559684830976,0.0347037670851697,0.03895354264827794,0.04655388706883801,0.053346808927412614,0.0292862636109138,0.07556433313971833
lambda_1_0,1.0,OFF,2,1,f3-f4,raw_change,3671,3.5176896854637425,0.5216889397049558,3.400223355809103,2.924900366840033,3.1536885405923307,3.727068444597557,4.560559930447303,2.638660117996467,7.03505657316474
lambda_1_0,1.0,OFF,2,1,f3-f4,normalized_change,3671,0.3660907541956414,0.034902621934613166,0.3650262560817284,0.31042030591809533,0.3424352418368167,0.3875498351957843,0.4265151050221987,0.28679326470797906,0.5018327514299145
lambda_1_0,1.0,OFF,2,1,f3-f4,cosine_distance,3671,0.06820856941075384,0.013527780262878743,0.06702536540086579,0.04796185942220477,0.05870917972658496,0.07576582567456253,0.09206538040437828,0.04068528412932115,0.125044043973923
lambda_1_0,1.0,OFF,2,1,f4-f5,raw_change,3671,5.482805955135586,1.2909504609189342,5.155783744035406,4.103706415221314,4.680753289776616,5.888681045451898,8.022192238131293,3.3280488198057827,15.69963738732607
lambda_1_0,1.0,OFF,2,1,f4-f5,normalized_change,3671,0.5739410764675602,0.09078956875610106,0.5549578384966194,0.4647028994908809,0.513348014885133,0.6124350019511786,0.7554176400324343,0.4016839773789708,1.1034693941110418
lambda_1_0,1.0,OFF,2,1,f4-f5,cosine_distance,3671,0.17305745351187263,0.05748955856832011,0.15811106957855547,0.11140561161217727,0.13532737945580187,0.19463257333757333,0.29321497803029484,0.08033854814323516,0.5555885546866848
lambda_1_0,1.0,OFF,2,2,f1-f2,raw_change,3671,2.493669561813082,0.28863310486273014,2.4806871873003775,2.073222332288002,2.291807931713423,2.6425208264705216,2.9922590746344015,1.9256774361327986,4.160091023529627
lambda_1_0,1.0,OFF,2,2,f1-f2,normalized_change,3671,0.2639786378332347,0.01737892657167323,0.2619745304950125,0.23931959841583675,0.2514529424579919,0.27527080987114183,0.2955578698818708,0.19761077107629843,0.3329716895735867
lambda_1_0,1.0,OFF,2,2,f1-f2,cosine_distance,3671,0.034317095311156925,0.004647229067687724,0.03375043921520937,0.028106375810567796,0.03080869869366687,0.037239833307412096,0.04251557574967113,0.01957029148614331,0.05563088801998517
lambda_1_0,1.0,OFF,2,2,f2-f3,raw_change,3671,2.831637287102101,0.321947606066804,2.789411714645711,2.4134308787150873,2.6099211347724114,2.983400986428216,3.423929604871743,2.3177811052932644,4.743010137364695
lambda_1_0,1.0,OFF,2,2,f2-f3,normalized_change,3671,0.2964566417399637,0.023283774041351648,0.2954795882243853,0.2636999605747745,0.27761637816932305,0.3093999747059739,0.3403005872225596,0.2505186725408032,0.3791879178405596
lambda_1_0,1.0,OFF,2,2,f2-f3,cosine_distance,3671,0.043778115491569694,0.00713432032431039,0.0431885851712297,0.03439920825199683,0.03823432823352363,0.04731845548766456,0.05750608384397221,0.03006639124583077,0.07217569580314198
lambda_1_0,1.0,OFF,2,2,f3-f4,raw_change,3671,3.5098841029120207,0.444294187546369,3.4050799406332026,2.961505245906541,3.2074335035482617,3.7469999713078206,4.336996643630363,2.726502505076196,6.5238008932270715
lambda_1_0,1.0,OFF,2,2,f3-f4,normalized_change,3671,0.3650118025669042,0.034177214078084515,0.3631684622508065,0.31366217764953097,0.34132474295766974,0.3852289417201279,0.42436210365673943,0.29163658800117886,0.5361638545433198
lambda_1_0,1.0,OFF,2,2,f3-f4,cosine_distance,3671,0.06775134089687603,0.01328392658407393,0.06617449947205756,0.04879758439429721,0.05853514206227517,0.07479045178812616,0.09096858959508969,0.04251904717546573,0.14916221179587097
lambda_1_0,1.0,OFF,2,2,f4-f5,raw_change,3671,5.703869224101922,1.0777727218975588,5.563908012328831,4.255960586864694,5.097108366027019,6.146409992367746,7.540386233973452,3.6239739380175084,16.353023522872828
lambda_1_0,1.0,OFF,2,2,f4-f5,normalized_change,3671,0.59749192561567,0.07678364535157774,0.5889341475803513,0.48787939551255155,0.5490919625358371,0.6405739356992773,0.7262617731877021,0.3978860600004089,1.016864617152461
lambda_1_0,1.0,OFF,2,2,f4-f5,cosine_distance,3671,0.18808040246037583,0.04981760885382035,0.18085008367782596,0.12234893500696925,0.15570460769131295,0.21633977335734683,0.27561305191042124,0.08111917851111694,0.45967738155144666
lambda_1_0,1.0,OFF,2,3,f1-f2,raw_change,3670,2.496111368028521,0.32967501410404737,2.4239840409022806,2.1005243517302614,2.2848087762639375,2.6215749816213743,3.170562529807979,1.9023789663639756,4.52794757911707
lambda_1_0,1.0,OFF,2,3,f1-f2,normalized_change,3670,0.2574766899374352,0.017093879902584753,0.25555619528305623,0.2329647986467741,0.24562633495139435,0.26773969104158146,0.28847848802682013,0.2099889637532167,0.3372053391766073
lambda_1_0,1.0,OFF,2,3,f1-f2,cosine_distance,3670,0.03251571460514908,0.004363508755480316,0.03195148448425961,0.02636439028103123,0.029490704161907605,0.034919300893371114,0.040735257972219,0.02171516819522823,0.05495972067133548
lambda_1_0,1.0,OFF,2,3,f2-f3,raw_change,3670,2.8823239715093263,0.4187928724866844,2.802395813706875,2.395253679039753,2.628224934171066,3.0084247829945228,3.67594861914595,2.1957261992795427,5.823288946286202
lambda_1_0,1.0,OFF,2,3,f2-f3,normalized_change,3670,0.292401076979658,0.021633786659285562,0.2907846968480118,0.26176207812374913,0.27655645517797817,0.305312710342202,0.32998087097576356,0.23753716406631512,0.4090195276381483
lambda_1_0,1.0,OFF,2,3,f2-f3,cosine_distance,3670,0.04237969001842838,0.0066534064167113926,0.04154165889457678,0.03367953516632364,0.03755958595419431,0.04609573310739001,0.0539972604365602,0.028009445602727667,0.08509273233293724
lambda_1_0,1.0,OFF,2,3,f3-f4,raw_change,3670,3.5676809335265633,0.6721547882495613,3.40238053667336,2.8651512116432363,3.1562687017726287,3.7924668575887717,4.787832633432101,2.5246072816462077,8.60700084386646
lambda_1_0,1.0,OFF,2,3,f3-f4,normalized_change,3670,0.3577269232371439,0.04191372872988371,0.34980153131486014,0.3046264620072066,0.3264197268071578,0.38155945384085316,0.43565543954798364,0.28574157054109484,0.5730824954852023
lambda_1_0,1.0,OFF,2,3,f3-f4,cosine_distance,3670,0.0651652041689703,0.016592379248696065,0.06159004829289916,0.04597401294935839,0.052774419581775506,0.07371488644662971,0.09664271239841692,0.039650043070696306,0.16617021360488404
lambda_1_0,1.0,OFF,2,3,f4-f5,raw_change,3670,5.8081493560177515,1.5774057505504575,5.497204939108644,4.293056092049341,4.827975655911351,6.229221973429681,8.517930173424576,3.703086574305363,21.862074317023925
lambda_1_0,1.0,OFF,2,3,f4-f5,normalized_change,3670,0.5826629342342724,0.09910505742984564,0.5720043403047297,0.45605218510236384,0.5167930786752877,0.6274393498869992,0.7556800201293271,0.3918275877434562,1.2961094069749317
lambda_1_0,1.0,OFF,2,3,f4-f5,cosine_distance,3670,0.17910195031747883,0.06087812110237766,0.16978625635932693,0.10671848268743556,0.13664984001920302,0.20514908936213583,0.2931106072583681,0.07771021838734093,0.5722640382316551
lambda_1_0,1.0,OFF,2,4,f1-f2,raw_change,3670,2.475281872125715,0.3149978226808511,2.438348184080856,2.0760556828603636,2.2601309219735644,2.6367366155049803,3.072084020820901,1.7927377722210767,3.916508160664848
lambda_1_0,1.0,OFF,2,4,f1-f2,normalized_change,3670,0.2606865138436944,0.01767629713321715,0.2587529853933641,0.2343886884386146,0.24898092780619854,0.2706152760975792,0.29039794430536514,0.2090897758454031,0.3309343495606827
lambda_1_0,1.0,OFF,2,4,f1-f2,cosine_distance,3670,0.03333165029151755,0.004583671153204125,0.032706462512985646,0.02668868335609271,0.03026184174806626,0.03573684230992527,0.041670308738906724,0.021639239054619064,0.05407701273522192
lambda_1_0,1.0,OFF,2,4,f2-f3,raw_change,3670,2.8430017616115055,0.3510471561369165,2.792435258524034,2.415020829166305,2.595689163229581,2.991078515351737,3.5202925962884257,2.2380408654532298,5.711470697965405
lambda_1_0,1.0,OFF,2,4,f2-f3,normalized_change,3670,0.29544099629748277,0.024263678413690575,0.29309481231853407,0.2587345863480859,0.27694040410360893,0.3135862466960661,0.33785196799652584,0.24228548447129217,0.3764779115816811
lambda_1_0,1.0,OFF,2,4,f2-f3,cosine_distance,3670,0.04319289678588864,0.00710550706091589,0.04218917130711741,0.03302517765497263,0.03786792566895428,0.04843280400999367,0.055609296163557434,0.02854443411786667,0.06995366506122802
lambda_1_0,1.0,OFF,2,4,f3-f4,raw_change,3670,3.529227433692972,0.5524668182409244,3.417027808111421,2.894349968143555,3.176291825197313,3.7415969002383482,4.564472879329452,2.6982950277368234,7.75311213182026
lambda_1_0,1.0,OFF,2,4,f3-f4,normalized_change,3670,0.3618603551139394,0.039287873017452166,0.35719850518134927,0.31009145205038136,0.33308829020374775,0.3860615569605007,0.4244424096792186,0.27477094639231925,0.600201198844363
lambda_1_0,1.0,OFF,2,4,f3-f4,cosine_distance,3670,0.06657990789474849,0.01563048885672793,0.06391270340142258,0.047768748659266745,0.055744769697540636,0.07505562332744714,0.0918183060460218,0.036918341101783714,0.18223056562238182
lambda_1_0,1.0,OFF,2,4,f4-f5,raw_change,3670,5.559679371737252,1.1551194231004582,5.350271762186706,4.231023648651407,4.885374650873482,5.974050810642453,7.327624462727655,3.5391294500180304,17.5701212628907
lambda_1_0,1.0,OFF,2,4,f4-f5,normalized_change,3670,0.5726270348087005,0.07917467706039324,0.5667496206278764,0.45662131389762994,0.5176604096669137,0.6190342567056902,0.7058901605480195,0.3971609201186069,1.051775577924786
lambda_1_0,1.0,OFF,2,4,f4-f5,cosine_distance,3670,0.17047313311396625,0.04635609754972948,0.16527485174481188,0.106254358187566,0.13850402905157783,0.19621303321397335,0.25365664754348727,0.07772742094176732,0.45269036574347876
lambda_1_0,1.0,ON,1,0,f1-f2,raw_change,3671,5.3464668177616375,0.7862802166788385,5.2912636271087665,4.115432590969501,4.824801850405327,5.828136292503274,6.691934595897207,3.3347738002330756,8.94534853447973
lambda_1_0,1.0,ON,1,0,f1-f2,normalized_change,3671,0.1453575238044409,0.02196304153450767,0.1449532689578821,0.11168624348400703,0.12874823554491055,0.15984814583691748,0.18385662336409098,0.09311918092121153,0.22878187529479038
lambda_1_0,1.0,ON,1,0,f1-f2,cosine_distance,3671,0.0067874565937646875,0.001828425411813149,0.006469081758246786,0.004307733231586508,0.005540961326567728,0.007826674178876725,0.010004007747000998,0.0033981521169901274,0.01764024056374447
lambda_1_0,1.0,ON,1,0,f2-f3,raw_change,3671,6.145962689278305,0.9998900038057179,6.079219152959852,4.592050752824209,5.504657323537332,6.736763308433997,7.934633228859678,3.794499871684135,9.752040057265475
lambda_1_0,1.0,ON,1,0,f2-f3,normalized_change,3671,0.15434365960543614,0.024096506960942135,0.1529455942314893,0.11784622672013972,0.1375392831141905,0.16899167827786682,0.19589372706765523,0.09794783969736257,0.2440330337571898
lambda_1_0,1.0,ON,1,0,f2-f3,cosine_distance,3671,0.008345200559464687,0.002243029395471908,0.008037777031038251,0.0051971156731422385,0.006739049466112701,0.009648437821419387,0.012585751969697412,0.0036364489411834233,0.017820526553544824
lambda_1_0,1.0,ON,1,0,f3-f4,raw_change,3671,7.389995447341485,1.3344415231067948,7.299218669113888,5.332253627167129,6.406464248950696,8.29123515166755,9.731595772485317,4.397057081327953,12.842933685944605
lambda_1_0,1.0,ON,1,0,f3-f4,normalized_change,3671,0.17193270924182355,0.02743428453309236,0.16894650910877745,0.1312071565123413,0.15120638722751678,0.1912444499912953,0.22165494054900298,0.11332497817973157,0.25505776463645474
lambda_1_0,1.0,ON,1,0,f3-f4,cosine_distance,3671,0.011199692173897678,0.0032428983285248203,0.01071553328119268,0.006821196204572666,0.008690142212154084,0.013187715868992256,0.017329577314157796,0.005284112263956864,0.02481805509568835
lambda_1_0,1.0,ON,1,0,f4-f5,raw_change,3671,9.028475579960217,2.172423490109875,8.693026585608079,6.094446867386862,7.407990690988164,10.302481847488075,13.161476331082117,4.631403672389547,17.648568787004628
lambda_1_0,1.0,ON,1,0,f4-f5,normalized_change,3671,0.1950478763780921,0.04230556792538289,0.1876175697304122,0.14045138530648027,0.16284509060561192,0.21979889283173581,0.28445106725194064,0.11081340548631309,0.3437714394303211
lambda_1_0,1.0,ON,1,0,f4-f5,cosine_distance,3671,0.015579488208418863,0.007013231962873556,0.01362108258635919,0.007872391849289784,0.01060628444793954,0.018972330883034738,0.03042633772478126,0.005358171072655793,0.04897877998735367
lambda_1_0,1.0,ON,1,1,f1-f2,raw_change,3671,5.087503764554277,0.5111518962714474,5.083247981968513,4.250861559471256,4.73709565079978,5.42312791224736,5.94436973868978,3.4865566498864187,7.569078875104783
lambda_1_0,1.0,ON,1,1,f1-f2,normalized_change,3671,0.15630281115698869,0.01662238966032072,0.1566457653378333,0.1276677592520768,0.14505055036875475,0.1677454098247113,0.18373916437941498,0.10439748515778484,0.20668824102836936
lambda_1_0,1.0,ON,1,1,f1-f2,cosine_distance,3671,0.007808189171082191,0.0015081512225397662,0.00774801617858023,0.0054413083124928985,0.006735445470719137,0.008803908139491001,0.010360734913164416,0.003816742501692172,0.014205022895160457
lambda_1_0,1.0,ON,1,1,f2-f3,raw_change,3671,5.912521227737382,0.7078046265258476,5.869612930261813,4.834012287586804,5.417235681640845,6.363798737318874,7.112621006651407,3.7856307923657173,9.340812885625416
lambda_1_0,1.0,ON,1,1,f2-f3,normalized_change,3671,0.1669461680336791,0.018648132236230196,0.1667882692771408,0.1367937977871109,0.15384597778543935,0.1804023504843141,0.196455732181208,0.10992410386686445,0.22346552877580483
lambda_1_0,1.0,ON,1,1,f2-f3,cosine_distance,3671,0.009268966230783065,0.0019694072083687236,0.00900539918520471,0.0063638949898008335,0.007882716298797443,0.010573107400143666,0.012747594704066778,0.004401564741435604,0.017694975507482336
lambda_1_0,1.0,ON,1,1,f3-f4,raw_change,3671,7.12744865082035,0.997281050735416,7.126904592275673,5.571679998104109,6.4673098464494,7.719671141318738,8.81415194125277,3.9416262482340363,10.987284181390784
lambda_1_0,1.0,ON,1,1,f3-f4,normalized_change,3671,0.1848611347578754,0.02366790922212989,0.18495685244657456,0.14546046793512446,0.16885791614348936,0.20124010593366864,0.22449211286761211,0.11234428528574257,0.24410577325387744
lambda_1_0,1.0,ON,1,1,f3-f4,cosine_distance,3671,0.011621491352421156,0.002668861632746582,0.011403379321459184,0.00757977861015019,0.009825783319888481,0.013252855683279274,0.01659863917861637,0.004977460962115154,0.021166407495985418
lambda_1_0,1.0,ON,1,1,f4-f5,raw_change,3671,8.611202392432935,1.5425756109493527,8.479862878268714,6.153120114276029,7.542904174383176,9.622954851604732,11.358402701492999,4.468812020280292,14.128681140733214
lambda_1_0,1.0,ON,1,1,f4-f5,normalized_change,3671,0.20417945901349027,0.034855272581229155,0.20038397904241492,0.15215877109502549,0.17907046452173353,0.2252178285405012,0.26908603919829555,0.12497745195501495,0.3111642948202501
lambda_1_0,1.0,ON,1,1,f4-f5,cosine_distance,3671,0.015377446572464698,0.005590302649846697,0.01408806290743203,0.008659333298916327,0.01123224922261118,0.017857884938170088,0.027054321649614965,0.006541354865716609,0.038515860000034596
lambda_1_0,1.0,ON,1,2,f1-f2,raw_change,3671,5.292961175590519,0.6358497754376943,5.283398419450707,4.300929873615704,4.834036465335748,5.713600619295664,6.364983216951538,3.5067422342920733,7.989781443056052
lambda_1_0,1.0,ON,1,2,f1-f2,normalized_change,3671,0.14776906420782668,0.01912440051819036,0.1465588082525919,0.1178775258605233,0.13415190460515175,0.16058108415100558,0.1816172644500325,0.09325026411280728,0.22228752166644627
lambda_1_0,1.0,ON,1,2,f1-f2,cosine_distance,3671,0.00690845504938825,0.0015207942860514536,0.006726046554700882,0.004635892064719094,0.005831002575951483,0.007865381966799923,0.009671068522959125,0.0034133934753844963,0.01321492318038564
lambda_1_0,1.0,ON,1,2,f2-f3,raw_change,3671,6.127303067424406,0.8560688672554301,6.102159763035156,4.8149726400340525,5.518706136385195,6.662790497407487,7.607607972736046,3.894713509240421,9.095230309223533
lambda_1_0,1.0,ON,1,2,f2-f3,normalized_change,3671,0.15765654535366577,0.020638482444841868,0.15720439482154902,0.12522133557539689,0.1424283728300032,0.17127164544324464,0.19304690019854165,0.09901194347978784,0.2216965157834325
lambda_1_0,1.0,ON,1,2,f2-f3,cosine_distance,3671,0.008778911354403798,0.0020305754115110763,0.008622474016964365,0.005729039796352808,0.007351717492403043,0.010026395983948333,0.012564482089909512,0.004225431779571798,0.01664712415132774
lambda_1_0,1.0,ON,1,2,f3-f4,raw_change,3671,7.109445157987872,1.2470522682252827,7.135308535640198,5.106059335231198,6.2432494070481,7.940281719012621,9.1947608429031,3.75640963788536,12.172814055171086
lambda_1_0,1.0,ON,1,2,f3-f4,normalized_change,3671,0.1696492170988285,0.027418003514411076,0.16993831980207733,0.12575541947669538,0.15115404588619996,0.1878117513321293,0.21704479547723934,0.09853316897433857,0.26030212727263313
lambda_1_0,1.0,ON,1,2,f3-f4,cosine_distance,3671,0.010594477474439376,0.00308667573070518,0.010266084776840989,0.006158368434643791,0.008160939249343357,0.012745760719694965,0.015947479168968326,0.004041181508495306,0.02180638086323794
lambda_1_0,1.0,ON,1,2,f4-f5,raw_change,3671,9.102880759153207,2.227635173473422,8.758144941197624,6.205453035680621,7.438178797905648,10.314519987941264,13.63808813615175,4.8628271120644735,18.16812330813379
lambda_1_0,1.0,ON,1,2,f4-f5,normalized_change,3671,0.20137286695276765,0.04702195339259689,0.19216021179534673,0.14223017251133874,0.1672766322538268,0.22242132289918065,0.30692398906221624,0.11999474151839366,0.39045492911422125
lambda_1_0,1.0,ON,1,2,f4-f5,cosine_distance,3671,0.016225970207997105,0.007901522553511484,0.013759695239851433,0.008255896274206143,0.010753309238106357,0.01890984498018916,0.03457698302739082,0.005881061681389577,0.05909802075498782
lambda_1_0,1.0,ON,1,3,f1-f2,raw_change,3670,4.967243101119531,0.5688591656374348,4.917138942857258,4.156488184942179,4.561408695115675,5.290422939004112,5.980936024534705,3.5124768508055753,8.737349326829877
lambda_1_0,1.0,ON,1,3,f1-f2,normalized_change,3670,0.12577938465899352,0.01309487791355769,0.12506125922986505,0.10600394859850625,0.11633267151402432,0.1340269361437548,0.14829721418166394,0.09225154402044702,0.17471994670361057
lambda_1_0,1.0,ON,1,3,f1-f2,cosine_distance,3670,0.006156782073771113,0.0013300848356551983,0.005978882066228819,0.00428144276980616,0.005224134588605295,0.006923402145380175,0.008604362008044774,0.0031944468633516854,0.011958518224907344
lambda_1_0,1.0,ON,1,3,f2-f3,raw_change,3670,5.723938571542814,0.7524277681382091,5.626351808059488,4.742611569079388,5.20694630812477,6.099618746774106,7.1597352115702275,3.655414830301715,11.137854298252334
lambda_1_0,1.0,ON,1,3,f2-f3,normalized_change,3670,0.13741343653178661,0.015786747088167786,0.13564056385555204,0.11436113224729626,0.12607352615035589,0.1467865218880195,0.1661105982129743,0.08944353176441429,0.19605675830469502
lambda_1_0,1.0,ON,1,3,f2-f3,cosine_distance,3670,0.00775131463108832,0.001818751564737169,0.007538170129924804,0.005372323884490793,0.006396152313912468,0.008705820311811774,0.011283208549931067,0.003125467890981004,0.01686172593179791
lambda_1_0,1.0,ON,1,3,f3-f4,raw_change,3670,6.883872683009119,1.229182912165974,6.702175090612097,5.279685888216598,6.046156901125639,7.495020871899766,9.212239878743976,4.105603570735369,14.482159796752299
lambda_1_0,1.0,ON,1,3,f3-f4,normalized_change,3670,0.15685288177604337,0.023929795850595573,0.1543450128345969,0.12224487283100566,0.13998974266230874,0.1706068478543914,0.2013727780247867,0.10279505014708443,0.23939693017754732
lambda_1_0,1.0,ON,1,3,f3-f4,cosine_distance,3670,0.010522561788154408,0.003288768869523184,0.009923548484904288,0.006089078594239966,0.008251256387801331,0.012300002617262246,0.016754435194707668,0.0043638173751013865,0.02482057379261393
lambda_1_0,1.0,ON,1,3,f4-f5,raw_change,3670,8.809733783912428,2.163235074780466,8.275540302009908,6.214266737676952,7.294380278516684,9.911818916233138,12.808070464063368,4.396679987501974,23.143706059752443
lambda_1_0,1.0,ON,1,3,f4-f5,normalized_change,3670,0.190475020880871,0.0420845231860056,0.17835566873367703,0.1398624213817535,0.15985258469599656,0.21565042507521737,0.2793208276578884,0.11050017717357201,0.35882037843059317
lambda_1_0,1.0,ON,1,3,f4-f5,cosine_distance,3670,0.016002534431227188,0.00708289776891685,0.013487100579216538,0.008503631645790854,0.011033654709439261,0.0194665532231241,0.03114284205740567,0.005339865218765838,0.050578723193673514
lambda_1_0,1.0,ON,1,4,f1-f2,raw_change,3670,4.725537439706122,0.5338087299630133,4.685554679977248,3.9496126639888254,4.339009411394084,5.031855830602131,5.687242512962652,3.1792308266847353,7.298338340460397
lambda_1_0,1.0,ON,1,4,f1-f2,normalized_change,3670,0.1528808232428162,0.018683945496372128,0.1518152180295288,0.12229715779189598,0.13977772833449684,0.16535463155580893,0.18519831126749103,0.1027481277967034,0.21339168057194793
lambda_1_0,1.0,ON,1,4,f1-f2,cosine_distance,3670,0.008303105148604521,0.0019121257843332012,0.008148987512797135,0.0055050000548560515,0.006949017094625282,0.009428886406000536,0.011562973943439641,0.0037804836654856677,0.015537960178817145
lambda_1_0,1.0,ON,1,4,f2-f3,raw_change,3670,5.503909199706183,0.7935607449114958,5.385796684683479,4.401185574403613,4.961375627657012,5.948370056020032,6.949713946037065,3.1096666214833846,9.061852911959871
lambda_1_0,1.0,ON,1,4,f2-f3,normalized_change,3670,0.16537496109764963,0.02328514032811493,0.1633444050592343,0.12997196630822327,0.1484501043453043,0.17966259904538234,0.20764117568067436,0.09579979980536082,0.24291517832591386
lambda_1_0,1.0,ON,1,4,f2-f3,cosine_distance,3670,0.009908192175674757,0.0027013847966757096,0.009506442533028903,0.0062443319543388776,0.007937817652447027,0.011526323802819038,0.014846770769837807,0.0038448345249093574,0.020648905138014872
lambda_1_0,1.0,ON,1,4,f3-f4,raw_change,3670,6.4820679375780745,1.026529128630604,6.319107014569628,5.1163129970584755,5.783293783674049,7.027946969281476,8.266662322063514,3.580716475547782,11.834615897915135
lambda_1_0,1.0,ON,1,4,f3-f4,normalized_change,3670,0.18023448506639517,0.02562562839439592,0.1775811599625583,0.1426415481403765,0.16244982688324824,0.196592502913437,0.22500470913583856,0.1065893731668718,0.2790086255192181
lambda_1_0,1.0,ON,1,4,f3-f4,cosine_distance,3670,0.011986828689567918,0.003179418235944958,0.011477678129345137,0.007722810793927481,0.009638811369116512,0.013820869827247867,0.01774627125523422,0.004992832855918561,0.025341249641372632
lambda_1_0,1.0,ON,1,4,f4-f5,raw_change,3670,7.883202893446372,1.7305579672337965,7.5542759300526345,5.660922887809192,6.613622403271354,8.86169429734698,11.107300021849355,4.2768083275195465,17.346266906882438
lambda_1_0,1.0,ON,1,4,f4-f5,normalized_change,3670,0.2024957361534992,0.04215484986528586,0.19228640570391958,0.15006601937297,0.17293058440305117,0.22398395525270198,0.2914716969335511,0.12043992144293793,0.3939149745417967
lambda_1_0,1.0,ON,1,4,f4-f5,cosine_distance,3670,0.01558903486115968,0.006476482174917806,0.013604229759808961,0.008704239379519224,0.011219343317369734,0.017945111934278724,0.029050132633894356,0.005748206248343823,0.054903972158174
lambda_1_0,1.0,ON,2,0,f1-f2,raw_change,3671,6.165921137827716,1.1069039291949767,6.071116667538838,4.517081097915277,5.398218837816946,6.82851095855417,8.134540289342109,3.415439294261382,12.5576261396712
lambda_1_0,1.0,ON,2,0,f1-f2,normalized_change,3671,0.09234388798805998,0.013807894581791824,0.09066086493263993,0.07259878781596779,0.08326304084607161,0.09935448112849712,0.11834718844959549,0.06391496704803139,0.16711285807405082
lambda_1_0,1.0,ON,2,0,f1-f2,cosine_distance,3671,0.00344800691876512,0.0009454869526354832,0.003271360353791386,0.0022757416925608953,0.0027941039989629046,0.0038444518379253667,0.005237535626921197,0.0017463476063377392,0.007717425908118636
lambda_1_0,1.0,ON,2,0,f2-f3,raw_change,3671,7.260602439050334,1.386973090475514,7.149237790426254,5.145587594000132,6.294052454166701,8.121515617403883,9.773781658083104,3.742610818314552,13.168730433178329
lambda_1_0,1.0,ON,2,0,f2-f3,normalized_change,3671,0.1049722349527744,0.01761523928230685,0.10356592252993732,0.08027615305587152,0.09177576041648748,0.11507989108687841,0.13745220172665684,0.06713878970224035,0.18314693487544148
lambda_1_0,1.0,ON,2,0,f2-f3,cosine_distance,3671,0.004727776381801207,0.001420972612612704,0.004544134892205953,0.0028748425385365928,0.003609099317872011,0.005557972263706024,0.007461052138718338,0.0019108273334134118,0.010531628542432503
lambda_1_0,1.0,ON,2,0,f3-f4,raw_change,3671,9.017351075764784,1.8492439214804068,8.881289481263137,6.265552423378145,7.733469363942491,10.175011972207422,12.23127707820905,4.175466144693745,17.29598607123997
lambda_1_0,1.0,ON,2,0,f3-f4,normalized_change,3671,0.1256489932824375,0.021397692163703602,0.12262414346100133,0.0943754323508901,0.10980240641098131,0.13925658242887537,0.16642427145243294,0.07859555635939441,0.1944318105451158
lambda_1_0,1.0,ON,2,0,f3-f4,cosine_distance,3671,0.007005014794725601,0.002220820618365044,0.006532596004360847,0.004063498710532132,0.005382020378590369,0.008325027050007039,0.011447555896951955,0.002776138135020645,0.015611901331772149
lambda_1_0,1.0,ON,2,0,f4-f5,raw_change,3671,11.594687170609918,2.9848686691047006,11.207564104803266,7.43281011803552,9.406524451152107,13.318203827150832,17.223618057965858,4.597994405587978,23.921034937878574
lambda_1_0,1.0,ON,2,0,f4-f5,normalized_change,3671,0.1553874437018477,0.03474430263302723,0.1484645107042585,0.1116028185270675,0.12947528214477866,0.17405179607505347,0.221556920271552,0.09089255163825577,0.28470504715643474
lambda_1_0,1.0,ON,2,0,f4-f5,cosine_distance,3671,0.01107524408027315,0.0050563380468529465,0.009646730136894655,0.00564644798563968,0.007405485423206681,0.013297686994841407,0.02117986340119754,0.0036722576358686476,0.036589198189637684
lambda_1_0,1.0,ON,2,1,f1-f2,raw_change,3671,6.313265674584045,1.2149805644658815,6.2138868478008265,4.54033499825565,5.478742972687948,7.039455713057418,8.451077633401542,3.562035302412882,16.174326730964147
lambda_1_0,1.0,ON,2,1,f1-f2,normalized_change,3671,0.09429290118640629,0.010494408584592961,0.09403698771038975,0.07769988732122107,0.08726991572842173,0.10048052838362222,0.11259945318837425,0.06414449253151748,0.13948854106977102
lambda_1_0,1.0,ON,2,1,f1-f2,cosine_distance,3671,0.003690469272794928,0.0008215762885105155,0.0036371364306517773,0.0024762115903585458,0.0031091436166949538,0.0041699875899878225,0.0050601267465668065,0.0018010928048844965,0.00800611898828496
lambda_1_0,1.0,ON,2,1,f2-f3,raw_change,3671,7.5445793146227125,1.546515422596741,7.422234318057237,5.321517243153926,6.4961510338619295,8.424250092165728,10.265992639116948,3.857005062784437,20.846493591775783
lambda_1_0,1.0,ON,2,1,f2-f3,normalized_change,3671,0.10881085259406349,0.014334618970358303,0.10736370363043807,0.08784474514268867,0.09874527100479236,0.11773524950258077,0.13354274521824655,0.06807089266955778,0.16738313160562307
lambda_1_0,1.0,ON,2,1,f2-f3,cosine_distance,3671,0.005144609534741298,0.001338728414325981,0.004901519475401517,0.003328634037887024,0.004202806852921681,0.00595400108324029,0.00736115662238318,0.001977832281026215,0.0115430776575276
lambda_1_0,1.0,ON,2,1,f3-f4,raw_change,3671,9.117894804969929,1.9493083434052212,8.967262968004878,6.225340803407686,7.768164779981694,10.312427597193539,12.460402693218235,4.50883342230461,24.742921357887948
lambda_1_0,1.0,ON,2,1,f3-f4,normalized_change,3671,0.12695219254833431,0.018133219433360312,0.12636291689250664,0.09683572424448703,0.11391393947543049,0.14038075440574496,0.1576819851846148,0.07795582140230223,0.17907072751313186
lambda_1_0,1.0,ON,2,1,f3-f4,cosine_distance,3671,0.0072355630970081,0.0020368753354554994,0.007013116318619006,0.004206569562064666,0.005732869265702434,0.008600209004023085,0.010697697253011285,0.0027959699653496983,0.015586346974682863
lambda_1_0,1.0,ON,2,1,f4-f5,raw_change,3671,11.7564371483072,3.1585198595210686,11.226040841686242,7.396673977599306,9.311436598437542,13.837352687377507,17.511343240192392,5.092812287746804,25.951796364298787
lambda_1_0,1.0,ON,2,1,f4-f5,normalized_change,3671,0.15793299998684576,0.03479008125374348,0.15059225513260774,0.11416113211755205,0.13140635175190896,0.17703838972416097,0.22881499115212905,0.09254691095849052,0.2716030250408951
lambda_1_0,1.0,ON,2,1,f4-f5,cosine_distance,3671,0.011567139018312533,0.005399599940088891,0.009728544616249502,0.00590911217823209,0.0076529465003500885,0.013829772225819825,0.02386998179021449,0.0038435861456742604,0.03372527407231629
lambda_1_0,1.0,ON,2,2,f1-f2,raw_change,3671,6.148745161786858,1.1124947036116142,6.030513194965751,4.546678259385611,5.363091083832503,6.822403630261909,8.18313772449247,3.4030811969460126,11.16981310697236
lambda_1_0,1.0,ON,2,2,f1-f2,normalized_change,3671,0.09515512399948729,0.013019667812408396,0.0935285067872457,0.07775466958555954,0.08587490673987386,0.10267337147872166,0.11860572551948732,0.06484706324981468,0.17996150595818106
lambda_1_0,1.0,ON,2,2,f1-f2,cosine_distance,3671,0.003637814542813401,0.0009331578480436539,0.0034867752091751747,0.0024051743871548736,0.002997495459581445,0.004090631071339779,0.00547040486523942,0.0018010771239992396,0.008985462780645936
lambda_1_0,1.0,ON,2,2,f2-f3,raw_change,3671,7.352180769455727,1.4138380330351568,7.2285562976756506,5.2135617371974,6.383145210598936,8.18275796079287,9.939068984477688,3.7237030054567986,14.368356143237284
lambda_1_0,1.0,ON,2,2,f2-f3,normalized_change,3671,0.10952086762609821,0.01626528150975393,0.10824410239029704,0.08559266401872842,0.09849068959945464,0.11853693946177042,0.1405427976653253,0.06828818205344062,0.18526702912353685
lambda_1_0,1.0,ON,2,2,f2-f3,cosine_distance,3671,0.005153021183084999,0.0014710915332514952,0.004928876805920468,0.003188975515356629,0.004114035829485663,0.00593755236932314,0.007948067384530466,0.00193743380711775,0.011184705379561954
lambda_1_0,1.0,ON,2,2,f3-f4,raw_change,3671,8.805740715588659,1.8840632444527976,8.597946628267888,6.028431870211961,7.4506245979811325,9.980774153848294,12.366598209823794,4.358524349951926,17.804967430246084
lambda_1_0,1.0,ON,2,2,f3-f4,normalized_change,3671,0.12651712115003613,0.02204222173841933,0.12364895264630572,0.09477938687367006,0.11007668617176632,0.14032713504677646,0.16899138156988522,0.07623663347631505,0.2001107257424841
lambda_1_0,1.0,ON,2,2,f3-f4,cosine_distance,3671,0.007021303901137763,0.0023129265667603998,0.006587968218182749,0.004035382635065199,0.00525894507545932,0.008379505881424831,0.011712534559043586,0.0027301330357175635,0.01600932176695602
lambda_1_0,1.0,ON,2,2,f4-f5,raw_change,3671,11.567425627023814,3.1578541839948207,10.923422830270468,7.4275292421378545,9.329275218228794,13.320187580288202,17.647706790325678,5.380328097634302,24.614808557668525
lambda_1_0,1.0,ON,2,2,f4-f5,normalized_change,3671,0.16007071784308122,0.04024103074304916,0.15056857420874065,0.11256529607584637,0.13001307736277895,0.1809274273523662,0.246602791853614,0.08947715597485764,0.3182898824711966
lambda_1_0,1.0,ON,2,2,f4-f5,cosine_distance,3671,0.011687769999173417,0.006022613406591999,0.00975892298580805,0.005771994425308846,0.007483994662076998,0.013810398252978862,0.025786551533440227,0.003870496329897666,0.04295705911528702
lambda_1_0,1.0,ON,2,3,f1-f2,raw_change,3670,6.229581317582332,1.3149824886956514,6.025386232491161,4.411098700001411,5.297382845893048,6.986159372003576,8.691046103027828,3.2821979654301443,12.416203923490233
lambda_1_0,1.0,ON,2,3,f1-f2,normalized_change,3670,0.0892260163055444,0.010835789194537813,0.08814773528597179,0.07315347110743968,0.08174784224911809,0.09568038982192079,0.10936037531197965,0.06413589041949927,0.14169600691473747
lambda_1_0,1.0,ON,2,3,f1-f2,cosine_distance,3670,0.003503002533427748,0.0008573850243034888,0.003362854130405768,0.002290387019065326,0.0029159236830198776,0.004002685022387681,0.005129898502709345,0.001478563771785124,0.007843010600932065
lambda_1_0,1.0,ON,2,3,f2-f3,raw_change,3670,7.34971515478375,1.6151016391660666,7.11976795396771,5.025825775870608,6.198620627261363,8.263858180929752,10.417646061873112,3.7076848746630144,14.545199144681542
lambda_1_0,1.0,ON,2,3,f2-f3,normalized_change,3670,0.10236518680980154,0.013874019709987074,0.10076968526860713,0.08318505959942438,0.09282878002719422,0.11004003158803004,0.12783807464410235,0.06470021387033181,0.15824872145188026
lambda_1_0,1.0,ON,2,3,f2-f3,cosine_distance,3670,0.00477998132540442,0.0013230274676766512,0.0045783637434405056,0.0030867000666810864,0.003840882246047145,0.005409070690507917,0.007197586095410907,0.0018443354629580355,0.011191153629766526
lambda_1_0,1.0,ON,2,3,f3-f4,raw_change,3670,9.094791047379832,2.184996358600008,8.807255939146927,6.042726783195957,7.521794389134179,10.305833208786478,13.25192650881132,4.399306712569885,18.813978555164915
lambda_1_0,1.0,ON,2,3,f3-f4,normalized_change,3670,0.12330841200099937,0.020176545566984616,0.12081559902579594,0.0957348122459018,0.10915162948561483,0.13434600379120637,0.16007804204508333,0.07857292794819949,0.21588722810207178
lambda_1_0,1.0,ON,2,3,f3-f4,cosine_distance,3670,0.0070892476956010714,0.002395119402705241,0.006655285236067954,0.0041329708972468295,0.005441746151586407,0.00817043792721256,0.011329323590645217,0.0027982627134780502,0.020580019126777427
lambda_1_0,1.0,ON,2,3,f4-f5,raw_change,3670,11.55139038928466,3.1909079765679094,11.052316486658729,7.359463100275811,9.310947764960604,13.151967982510996,17.738373420991707,4.857739474752567,25.348558586160625
lambda_1_0,1.0,ON,2,3,f4-f5,normalized_change,3670,0.15223953103825805,0.03264638665568811,0.1453145970385483,0.10934028656764322,0.1289756978928556,0.17112718529574192,0.21669274041985861,0.09206726811019973,0.27543476667576144
lambda_1_0,1.0,ON,2,3,f4-f5,cosine_distance,3670,0.010973767804697247,0.004678032923522856,0.009667628314905197,0.005559444137018122,0.0077071278456374015,0.01323613415550029,0.02086363735139785,0.004028447532986146,0.031684427925551484
lambda_1_0,1.0,ON,2,4,f1-f2,raw_change,3670,6.289554094761866,1.3102693028144945,6.19693848199949,4.260938629995662,5.389375326523412,7.097614032970263,8.61366962411186,2.967068659495509,11.79567100829946
lambda_1_0,1.0,ON,2,4,f1-f2,normalized_change,3670,0.09096475338176846,0.012267511061431459,0.08999259639973328,0.07270624681585285,0.08263077684029115,0.09785980238832968,0.11187171805334362,0.0600417642803766,0.15051981667640207
lambda_1_0,1.0,ON,2,4,f1-f2,cosine_distance,3670,0.0035650815955303406,0.0009596731053479528,0.0034486584460201586,0.0022100030328237653,0.0029093369853416817,0.004086798700846994,0.0052253607340436575,0.0016315591855021738,0.008704555606634301
lambda_1_0,1.0,ON,2,4,f2-f3,raw_change,3670,7.4087388324647,1.5991108860350571,7.287506923851129,5.012870887576687,6.324817763522578,8.36761386192289,10.327988047902169,3.073966357168238,13.842202954686647
lambda_1_0,1.0,ON,2,4,f2-f3,normalized_change,3670,0.10403505514637261,0.015984527757217284,0.10205956309250364,0.08213524929977757,0.0929844413052536,0.11336617305536431,0.13292473684054265,0.06530168680565157,0.16126934501613133
lambda_1_0,1.0,ON,2,4,f2-f3,cosine_distance,3670,0.004863345663072341,0.0014783409580715165,0.004575373722141007,0.0029548927550509196,0.0038124939979822248,0.005698181102000516,0.007626793760504728,0.0019666927484346397,0.01112553824036766
lambda_1_0,1.0,ON,2,4,f3-f4,raw_change,3670,8.973693145363585,2.0398008685127453,8.8215210769051,5.942589724288566,7.579452796246977,10.116303129488164,12.667129139948678,3.661691299538003,18.702253418738856
lambda_1_0,1.0,ON,2,4,f3-f4,normalized_change,3670,0.12218546623924452,0.020030599610558614,0.11885832627923466,0.09562572395664408,0.10770899829080549,0.1338969532059525,0.1586503983339805,0.07831501830557312,0.2077152370958431
lambda_1_0,1.0,ON,2,4,f3-f4,cosine_distance,3670,0.006812640998110618,0.0022466831468303766,0.006337200749086336,0.004086695512225213,0.005199342043084337,0.007977977898585537,0.011154854052949813,0.002832460677865356,0.019345895147843684
lambda_1_0,1.0,ON,2,4,f4-f5,raw_change,3670,11.385811458716459,3.2261280815103457,10.867174826607856,7.018980528419435,9.09557990375421,13.101233211023878,17.490571475162234,4.739643663909019,27.036524262208243
lambda_1_0,1.0,ON,2,4,f4-f5,normalized_change,3670,0.1502263230594406,0.036005486871296316,0.14125635045821272,0.10549114468415541,0.12461939514743815,0.16893952712703353,0.22229510458100668,0.08135664296198224,0.2970184281618607
lambda_1_0,1.0,ON,2,4,f4-f5,cosine_distance,3670,0.010597145286740543,0.005223783941409115,0.009010893593035807,0.005065677728341334,0.007101357733937413,0.012613036769702712,0.021906124031381077,0.0032262552360616814,0.035914962596962696
