run_manifest,field,recorded_sha256,status,matching_public_copy
records/external/formal_runs/cars__ours_ft__fold_0/run_manifest.json,config_sha256,7f667c125983ca82ec36214b727ee8fbe3215f21562abd260f4018559f87e3e5,MATCHED_ORIGINAL_FILE_BYTES,records/external/final_external_protocol_config.json
records/external/formal_runs/cars__ours_ft__fold_0/run_manifest.json,runner_sha256,29b2ccc62624b4d6824420ba55a73ba13146fa2d067c616800dc832331dde3f7,MATCHED_ORIGINAL_FILE_BYTES,records/external/formal_train_one.py
records/external/formal_runs/cars__ours_ft__fold_0/run_manifest.json,common_sha256,1473be66357b533b5b2be0a4519b0bbc06bdff4a2bb110f37cbec5e4a5ef1ef2,MATCHED_ORIGINAL_FILE_BYTES,records/external/formal_common.py
records/external/formal_runs/cars__ours_ft__fold_1/run_manifest.json,config_sha256,7f667c125983ca82ec36214b727ee8fbe3215f21562abd260f4018559f87e3e5,MATCHED_ORIGINAL_FILE_BYTES,records/external/final_external_protocol_config.json
records/external/formal_runs/cars__ours_ft__fold_1/run_manifest.json,runner_sha256,29b2ccc62624b4d6824420ba55a73ba13146fa2d067c616800dc832331dde3f7,MATCHED_ORIGINAL_FILE_BYTES,records/external/formal_train_one.py
records/external/formal_runs/cars__ours_ft__fold_1/run_manifest.json,common_sha256,1473be66357b533b5b2be0a4519b0bbc06bdff4a2bb110f37cbec5e4a5ef1ef2,MATCHED_ORIGINAL_FILE_BYTES,records/external/formal_common.py
records/external/formal_runs/cars__ours_ft__fold_2/run_manifest.json,config_sha256,7f667c125983ca82ec36214b727ee8fbe3215f21562abd260f4018559f87e3e5,MATCHED_ORIGINAL_FILE_BYTES,records/external/final_external_protocol_config.json
records/external/formal_runs/cars__ours_ft__fold_2/run_manifest.json,runner_sha256,29b2ccc62624b4d6824420ba55a73ba13146fa2d067c616800dc832331dde3f7,MATCHED_ORIGINAL_FILE_BYTES,records/external/formal_train_one.py
records/external/formal_runs/cars__ours_ft__fold_2/run_manifest.json,common_sha256,1473be66357b533b5b2be0a4519b0bbc06bdff4a2bb110f37cbec5e4a5ef1ef2,MATCHED_ORIGINAL_FILE_BYTES,records/external/formal_common.py
records/external/formal_runs/cars__ours_ft__fold_3/run_manifest.json,config_sha256,7f667c125983ca82ec36214b727ee8fbe3215f21562abd260f4018559f87e3e5,MATCHED_ORIGINAL_FILE_BYTES,records/external/final_external_protocol_config.json
records/external/formal_runs/cars__ours_ft__fold_3/run_manifest.json,runner_sha256,29b2ccc62624b4d6824420ba55a73ba13146fa2d067c616800dc832331dde3f7,MATCHED_ORIGINAL_FILE_BYTES,records/external/formal_train_one.py
records/external/formal_runs/cars__ours_ft__fold_3/run_manifest.json,common_sha256,1473be66357b533b5b2be0a4519b0bbc06bdff4a2bb110f37cbec5e4a5ef1ef2,MATCHED_ORIGINAL_FILE_BYTES,records/external/formal_common.py
records/external/formal_runs/cars__ours_ft__fold_4/run_manifest.json,config_sha256,7f667c125983ca82ec36214b727ee8fbe3215f21562abd260f4018559f87e3e5,MATCHED_ORIGINAL_FILE_BYTES,records/external/final_external_protocol_config.json
records/external/formal_runs/cars__ours_ft__fold_4/run_manifest.json,runner_sha256,29b2ccc62624b4d6824420ba55a73ba13146fa2d067c616800dc832331dde3f7,MATCHED_ORIGINAL_FILE_BYTES,records/external/formal_train_one.py
records/external/formal_runs/cars__ours_ft__fold_4/run_manifest.json,common_sha256,1473be66357b533b5b2be0a4519b0bbc06bdff4a2bb110f37cbec5e4a5ef1ef2,MATCHED_ORIGINAL_FILE_BYTES,records/external/formal_common.py
records/external/formal_runs/cars__progressive_lambda_0_7__fold_0/run_manifest.json,config_sha256,7f667c125983ca82ec36214b727ee8fbe3215f21562abd260f4018559f87e3e5,MATCHED_ORIGINAL_FILE_BYTES,records/external/final_external_protocol_config.json
records/external/formal_runs/cars__progressive_lambda_0_7__fold_0/run_manifest.json,runner_sha256,29b2ccc62624b4d6824420ba55a73ba13146fa2d067c616800dc832331dde3f7,MATCHED_ORIGINAL_FILE_BYTES,records/external/formal_train_one.py
records/external/formal_runs/cars__progressive_lambda_0_7__fold_0/run_manifest.json,common_sha256,1473be66357b533b5b2be0a4519b0bbc06bdff4a2bb110f37cbec5e4a5ef1ef2,MATCHED_ORIGINAL_FILE_BYTES,records/external/formal_common.py
records/external/formal_runs/cars__progressive_lambda_0_7__fold_1/run_manifest.json,config_sha256,7f667c125983ca82ec36214b727ee8fbe3215f21562abd260f4018559f87e3e5,MATCHED_ORIGINAL_FILE_BYTES,records/external/final_external_protocol_config.json
records/external/formal_runs/cars__progressive_lambda_0_7__fold_1/run_manifest.json,runner_sha256,29b2ccc62624b4d6824420ba55a73ba13146fa2d067c616800dc832331dde3f7,MATCHED_ORIGINAL_FILE_BYTES,records/external/formal_train_one.py
records/external/formal_runs/cars__progressive_lambda_0_7__fold_1/run_manifest.json,common_sha256,1473be66357b533b5b2be0a4519b0bbc06bdff4a2bb110f37cbec5e4a5ef1ef2,MATCHED_ORIGINAL_FILE_BYTES,records/external/formal_common.py
records/external/formal_runs/cars__progressive_lambda_0_7__fold_2/run_manifest.json,config_sha256,7f667c125983ca82ec36214b727ee8fbe3215f21562abd260f4018559f87e3e5,MATCHED_ORIGINAL_FILE_BYTES,records/external/final_external_protocol_config.json
records/external/formal_runs/cars__progressive_lambda_0_7__fold_2/run_manifest.json,runner_sha256,29b2ccc62624b4d6824420ba55a73ba13146fa2d067c616800dc832331dde3f7,MATCHED_ORIGINAL_FILE_BYTES,records/external/formal_train_one.py
records/external/formal_runs/cars__progressive_lambda_0_7__fold_2/run_manifest.json,common_sha256,1473be66357b533b5b2be0a4519b0bbc06bdff4a2bb110f37cbec5e4a5ef1ef2,MATCHED_ORIGINAL_FILE_BYTES,records/external/formal_common.py
records/external/formal_runs/cars__progressive_lambda_0_7__fold_3/run_manifest.json,config_sha256,7f667c125983ca82ec36214b727ee8fbe3215f21562abd260f4018559f87e3e5,MATCHED_ORIGINAL_FILE_BYTES,records/external/final_external_protocol_config.json
records/external/formal_runs/cars__progressive_lambda_0_7__fold_3/run_manifest.json,runner_sha256,29b2ccc62624b4d6824420ba55a73ba13146fa2d067c616800dc832331dde3f7,MATCHED_ORIGINAL_FILE_BYTES,records/external/formal_train_one.py
records/external/formal_runs/cars__progressive_lambda_0_7__fold_3/run_manifest.json,common_sha256,1473be66357b533b5b2be0a4519b0bbc06bdff4a2bb110f37cbec5e4a5ef1ef2,MATCHED_ORIGINAL_FILE_BYTES,records/external/formal_common.py
records/external/formal_runs/cars__progressive_lambda_0_7__fold_4/run_manifest.json,config_sha256,7f667c125983ca82ec36214b727ee8fbe3215f21562abd260f4018559f87e3e5,MATCHED_ORIGINAL_FILE_BYTES,records/external/final_external_protocol_config.json
records/external/formal_runs/cars__progressive_lambda_0_7__fold_4/run_manifest.json,runner_sha256,29b2ccc62624b4d6824420ba55a73ba13146fa2d067c616800dc832331dde3f7,MATCHED_ORIGINAL_FILE_BYTES,records/external/formal_train_one.py
records/external/formal_runs/cars__progressive_lambda_0_7__fold_4/run_manifest.json,common_sha256,1473be66357b533b5b2be0a4519b0bbc06bdff4a2bb110f37cbec5e4a5ef1ef2,MATCHED_ORIGINAL_FILE_BYTES,records/external/formal_common.py
records/external/formal_runs/cub__ours_ft__fold_0/run_manifest.json,config_sha256,7f667c125983ca82ec36214b727ee8fbe3215f21562abd260f4018559f87e3e5,MATCHED_ORIGINAL_FILE_BYTES,records/external/final_external_protocol_config.json
records/external/formal_runs/cub__ours_ft__fold_0/run_manifest.json,runner_sha256,29b2ccc62624b4d6824420ba55a73ba13146fa2d067c616800dc832331dde3f7,MATCHED_ORIGINAL_FILE_BYTES,records/external/formal_train_one.py
records/external/formal_runs/cub__ours_ft__fold_0/run_manifest.json,common_sha256,1473be66357b533b5b2be0a4519b0bbc06bdff4a2bb110f37cbec5e4a5ef1ef2,MATCHED_ORIGINAL_FILE_BYTES,records/external/formal_common.py
records/external/formal_runs/cub__ours_ft__fold_1/run_manifest.json,config_sha256,7f667c125983ca82ec36214b727ee8fbe3215f21562abd260f4018559f87e3e5,MATCHED_ORIGINAL_FILE_BYTES,records/external/final_external_protocol_config.json
records/external/formal_runs/cub__ours_ft__fold_1/run_manifest.json,runner_sha256,29b2ccc62624b4d6824420ba55a73ba13146fa2d067c616800dc832331dde3f7,MATCHED_ORIGINAL_FILE_BYTES,records/external/formal_train_one.py
records/external/formal_runs/cub__ours_ft__fold_1/run_manifest.json,common_sha256,1473be66357b533b5b2be0a4519b0bbc06bdff4a2bb110f37cbec5e4a5ef1ef2,MATCHED_ORIGINAL_FILE_BYTES,records/external/formal_common.py
records/external/formal_runs/cub__ours_ft__fold_2/run_manifest.json,config_sha256,7f667c125983ca82ec36214b727ee8fbe3215f21562abd260f4018559f87e3e5,MATCHED_ORIGINAL_FILE_BYTES,records/external/final_external_protocol_config.json
records/external/formal_runs/cub__ours_ft__fold_2/run_manifest.json,runner_sha256,29b2ccc62624b4d6824420ba55a73ba13146fa2d067c616800dc832331dde3f7,MATCHED_ORIGINAL_FILE_BYTES,records/external/formal_train_one.py
records/external/formal_runs/cub__ours_ft__fold_2/run_manifest.json,common_sha256,1473be66357b533b5b2be0a4519b0bbc06bdff4a2bb110f37cbec5e4a5ef1ef2,MATCHED_ORIGINAL_FILE_BYTES,records/external/formal_common.py
records/external/formal_runs/cub__ours_ft__fold_3/run_manifest.json,config_sha256,7f667c125983ca82ec36214b727ee8fbe3215f21562abd260f4018559f87e3e5,MATCHED_ORIGINAL_FILE_BYTES,records/external/final_external_protocol_config.json
records/external/formal_runs/cub__ours_ft__fold_3/run_manifest.json,runner_sha256,29b2ccc62624b4d6824420ba55a73ba13146fa2d067c616800dc832331dde3f7,MATCHED_ORIGINAL_FILE_BYTES,records/external/formal_train_one.py
records/external/formal_runs/cub__ours_ft__fold_3/run_manifest.json,common_sha256,1473be66357b533b5b2be0a4519b0bbc06bdff4a2bb110f37cbec5e4a5ef1ef2,MATCHED_ORIGINAL_FILE_BYTES,records/external/formal_common.py
records/external/formal_runs/cub__ours_ft__fold_4/run_manifest.json,config_sha256,7f667c125983ca82ec36214b727ee8fbe3215f21562abd260f4018559f87e3e5,MATCHED_ORIGINAL_FILE_BYTES,records/external/final_external_protocol_config.json
records/external/formal_runs/cub__ours_ft__fold_4/run_manifest.json,runner_sha256,29b2ccc62624b4d6824420ba55a73ba13146fa2d067c616800dc832331dde3f7,MATCHED_ORIGINAL_FILE_BYTES,records/external/formal_train_one.py
records/external/formal_runs/cub__ours_ft__fold_4/run_manifest.json,common_sha256,1473be66357b533b5b2be0a4519b0bbc06bdff4a2bb110f37cbec5e4a5ef1ef2,MATCHED_ORIGINAL_FILE_BYTES,records/external/formal_common.py
records/external/formal_runs/cub__progressive_lambda_0_1__fold_0/run_manifest.json,config_sha256,7f667c125983ca82ec36214b727ee8fbe3215f21562abd260f4018559f87e3e5,MATCHED_ORIGINAL_FILE_BYTES,records/external/final_external_protocol_config.json
records/external/formal_runs/cub__progressive_lambda_0_1__fold_0/run_manifest.json,runner_sha256,29b2ccc62624b4d6824420ba55a73ba13146fa2d067c616800dc832331dde3f7,MATCHED_ORIGINAL_FILE_BYTES,records/external/formal_train_one.py
records/external/formal_runs/cub__progressive_lambda_0_1__fold_0/run_manifest.json,common_sha256,1473be66357b533b5b2be0a4519b0bbc06bdff4a2bb110f37cbec5e4a5ef1ef2,MATCHED_ORIGINAL_FILE_BYTES,records/external/formal_common.py
records/external/formal_runs/cub__progressive_lambda_0_1__fold_1/run_manifest.json,config_sha256,7f667c125983ca82ec36214b727ee8fbe3215f21562abd260f4018559f87e3e5,MATCHED_ORIGINAL_FILE_BYTES,records/external/final_external_protocol_config.json
records/external/formal_runs/cub__progressive_lambda_0_1__fold_1/run_manifest.json,runner_sha256,29b2ccc62624b4d6824420ba55a73ba13146fa2d067c616800dc832331dde3f7,MATCHED_ORIGINAL_FILE_BYTES,records/external/formal_train_one.py
records/external/formal_runs/cub__progressive_lambda_0_1__fold_1/run_manifest.json,common_sha256,1473be66357b533b5b2be0a4519b0bbc06bdff4a2bb110f37cbec5e4a5ef1ef2,MATCHED_ORIGINAL_FILE_BYTES,records/external/formal_common.py
records/external/formal_runs/cub__progressive_lambda_0_1__fold_2/run_manifest.json,config_sha256,7f667c125983ca82ec36214b727ee8fbe3215f21562abd260f4018559f87e3e5,MATCHED_ORIGINAL_FILE_BYTES,records/external/final_external_protocol_config.json
records/external/formal_runs/cub__progressive_lambda_0_1__fold_2/run_manifest.json,runner_sha256,29b2ccc62624b4d6824420ba55a73ba13146fa2d067c616800dc832331dde3f7,MATCHED_ORIGINAL_FILE_BYTES,records/external/formal_train_one.py
records/external/formal_runs/cub__progressive_lambda_0_1__fold_2/run_manifest.json,common_sha256,1473be66357b533b5b2be0a4519b0bbc06bdff4a2bb110f37cbec5e4a5ef1ef2,MATCHED_ORIGINAL_FILE_BYTES,records/external/formal_common.py
records/external/formal_runs/cub__progressive_lambda_0_1__fold_3/run_manifest.json,config_sha256,7f667c125983ca82ec36214b727ee8fbe3215f21562abd260f4018559f87e3e5,MATCHED_ORIGINAL_FILE_BYTES,records/external/final_external_protocol_config.json
records/external/formal_runs/cub__progressive_lambda_0_1__fold_3/run_manifest.json,runner_sha256,29b2ccc62624b4d6824420ba55a73ba13146fa2d067c616800dc832331dde3f7,MATCHED_ORIGINAL_FILE_BYTES,records/external/formal_train_one.py
records/external/formal_runs/cub__progressive_lambda_0_1__fold_3/run_manifest.json,common_sha256,1473be66357b533b5b2be0a4519b0bbc06bdff4a2bb110f37cbec5e4a5ef1ef2,MATCHED_ORIGINAL_FILE_BYTES,records/external/formal_common.py
records/external/formal_runs/cub__progressive_lambda_0_1__fold_4/run_manifest.json,config_sha256,7f667c125983ca82ec36214b727ee8fbe3215f21562abd260f4018559f87e3e5,MATCHED_ORIGINAL_FILE_BYTES,records/external/final_external_protocol_config.json
records/external/formal_runs/cub__progressive_lambda_0_1__fold_4/run_manifest.json,runner_sha256,29b2ccc62624b4d6824420ba55a73ba13146fa2d067c616800dc832331dde3f7,MATCHED_ORIGINAL_FILE_BYTES,records/external/formal_train_one.py
records/external/formal_runs/cub__progressive_lambda_0_1__fold_4/run_manifest.json,common_sha256,1473be66357b533b5b2be0a4519b0bbc06bdff4a2bb110f37cbec5e4a5ef1ef2,MATCHED_ORIGINAL_FILE_BYTES,records/external/formal_common.py
records/external/formal_runs/cub__progressive_lambda_0_7__fold_0/run_manifest.json,config_sha256,7f667c125983ca82ec36214b727ee8fbe3215f21562abd260f4018559f87e3e5,MATCHED_ORIGINAL_FILE_BYTES,records/external/final_external_protocol_config.json
records/external/formal_runs/cub__progressive_lambda_0_7__fold_0/run_manifest.json,runner_sha256,29b2ccc62624b4d6824420ba55a73ba13146fa2d067c616800dc832331dde3f7,MATCHED_ORIGINAL_FILE_BYTES,records/external/formal_train_one.py
records/external/formal_runs/cub__progressive_lambda_0_7__fold_0/run_manifest.json,common_sha256,1473be66357b533b5b2be0a4519b0bbc06bdff4a2bb110f37cbec5e4a5ef1ef2,MATCHED_ORIGINAL_FILE_BYTES,records/external/formal_common.py
records/external/formal_runs/cub__progressive_lambda_0_7__fold_1/run_manifest.json,config_sha256,7f667c125983ca82ec36214b727ee8fbe3215f21562abd260f4018559f87e3e5,MATCHED_ORIGINAL_FILE_BYTES,records/external/final_external_protocol_config.json
records/external/formal_runs/cub__progressive_lambda_0_7__fold_1/run_manifest.json,runner_sha256,29b2ccc62624b4d6824420ba55a73ba13146fa2d067c616800dc832331dde3f7,MATCHED_ORIGINAL_FILE_BYTES,records/external/formal_train_one.py
records/external/formal_runs/cub__progressive_lambda_0_7__fold_1/run_manifest.json,common_sha256,1473be66357b533b5b2be0a4519b0bbc06bdff4a2bb110f37cbec5e4a5ef1ef2,MATCHED_ORIGINAL_FILE_BYTES,records/external/formal_common.py
records/external/formal_runs/cub__progressive_lambda_0_7__fold_2/run_manifest.json,config_sha256,7f667c125983ca82ec36214b727ee8fbe3215f21562abd260f4018559f87e3e5,MATCHED_ORIGINAL_FILE_BYTES,records/external/final_external_protocol_config.json
records/external/formal_runs/cub__progressive_lambda_0_7__fold_2/run_manifest.json,runner_sha256,29b2ccc62624b4d6824420ba55a73ba13146fa2d067c616800dc832331dde3f7,MATCHED_ORIGINAL_FILE_BYTES,records/external/formal_train_one.py
records/external/formal_runs/cub__progressive_lambda_0_7__fold_2/run_manifest.json,common_sha256,1473be66357b533b5b2be0a4519b0bbc06bdff4a2bb110f37cbec5e4a5ef1ef2,MATCHED_ORIGINAL_FILE_BYTES,records/external/formal_common.py
records/external/formal_runs/cub__progressive_lambda_0_7__fold_3/run_manifest.json,config_sha256,7f667c125983ca82ec36214b727ee8fbe3215f21562abd260f4018559f87e3e5,MATCHED_ORIGINAL_FILE_BYTES,records/external/final_external_protocol_config.json
records/external/formal_runs/cub__progressive_lambda_0_7__fold_3/run_manifest.json,runner_sha256,29b2ccc62624b4d6824420ba55a73ba13146fa2d067c616800dc832331dde3f7,MATCHED_ORIGINAL_FILE_BYTES,records/external/formal_train_one.py
records/external/formal_runs/cub__progressive_lambda_0_7__fold_3/run_manifest.json,common_sha256,1473be66357b533b5b2be0a4519b0bbc06bdff4a2bb110f37cbec5e4a5ef1ef2,MATCHED_ORIGINAL_FILE_BYTES,records/external/formal_common.py
records/external/formal_runs/cub__progressive_lambda_0_7__fold_4/run_manifest.json,config_sha256,7f667c125983ca82ec36214b727ee8fbe3215f21562abd260f4018559f87e3e5,MATCHED_ORIGINAL_FILE_BYTES,records/external/final_external_protocol_config.json
records/external/formal_runs/cub__progressive_lambda_0_7__fold_4/run_manifest.json,runner_sha256,29b2ccc62624b4d6824420ba55a73ba13146fa2d067c616800dc832331dde3f7,MATCHED_ORIGINAL_FILE_BYTES,records/external/formal_train_one.py
records/external/formal_runs/cub__progressive_lambda_0_7__fold_4/run_manifest.json,common_sha256,1473be66357b533b5b2be0a4519b0bbc06bdff4a2bb110f37cbec5e4a5ef1ef2,MATCHED_ORIGINAL_FILE_BYTES,records/external/formal_common.py
records/external/formal_runs/cub__progressive_lambda_1_0__fold_0/run_manifest.json,config_sha256,7f667c125983ca82ec36214b727ee8fbe3215f21562abd260f4018559f87e3e5,MATCHED_ORIGINAL_FILE_BYTES,records/external/final_external_protocol_config.json
records/external/formal_runs/cub__progressive_lambda_1_0__fold_0/run_manifest.json,runner_sha256,29b2ccc62624b4d6824420ba55a73ba13146fa2d067c616800dc832331dde3f7,MATCHED_ORIGINAL_FILE_BYTES,records/external/formal_train_one.py
records/external/formal_runs/cub__progressive_lambda_1_0__fold_0/run_manifest.json,common_sha256,1473be66357b533b5b2be0a4519b0bbc06bdff4a2bb110f37cbec5e4a5ef1ef2,MATCHED_ORIGINAL_FILE_BYTES,records/external/formal_common.py
records/external/formal_runs/cub__progressive_lambda_1_0__fold_1/run_manifest.json,config_sha256,7f667c125983ca82ec36214b727ee8fbe3215f21562abd260f4018559f87e3e5,MATCHED_ORIGINAL_FILE_BYTES,records/external/final_external_protocol_config.json
records/external/formal_runs/cub__progressive_lambda_1_0__fold_1/run_manifest.json,runner_sha256,29b2ccc62624b4d6824420ba55a73ba13146fa2d067c616800dc832331dde3f7,MATCHED_ORIGINAL_FILE_BYTES,records/external/formal_train_one.py
records/external/formal_runs/cub__progressive_lambda_1_0__fold_1/run_manifest.json,common_sha256,1473be66357b533b5b2be0a4519b0bbc06bdff4a2bb110f37cbec5e4a5ef1ef2,MATCHED_ORIGINAL_FILE_BYTES,records/external/formal_common.py
records/external/formal_runs/cub__progressive_lambda_1_0__fold_2/run_manifest.json,config_sha256,7f667c125983ca82ec36214b727ee8fbe3215f21562abd260f4018559f87e3e5,MATCHED_ORIGINAL_FILE_BYTES,records/external/final_external_protocol_config.json
records/external/formal_runs/cub__progressive_lambda_1_0__fold_2/run_manifest.json,runner_sha256,29b2ccc62624b4d6824420ba55a73ba13146fa2d067c616800dc832331dde3f7,MATCHED_ORIGINAL_FILE_BYTES,records/external/formal_train_one.py
records/external/formal_runs/cub__progressive_lambda_1_0__fold_2/run_manifest.json,common_sha256,1473be66357b533b5b2be0a4519b0bbc06bdff4a2bb110f37cbec5e4a5ef1ef2,MATCHED_ORIGINAL_FILE_BYTES,records/external/formal_common.py
records/external/formal_runs/cub__progressive_lambda_1_0__fold_3/run_manifest.json,config_sha256,7f667c125983ca82ec36214b727ee8fbe3215f21562abd260f4018559f87e3e5,MATCHED_ORIGINAL_FILE_BYTES,records/external/final_external_protocol_config.json
records/external/formal_runs/cub__progressive_lambda_1_0__fold_3/run_manifest.json,runner_sha256,29b2ccc62624b4d6824420ba55a73ba13146fa2d067c616800dc832331dde3f7,MATCHED_ORIGINAL_FILE_BYTES,records/external/formal_train_one.py
records/external/formal_runs/cub__progressive_lambda_1_0__fold_3/run_manifest.json,common_sha256,1473be66357b533b5b2be0a4519b0bbc06bdff4a2bb110f37cbec5e4a5ef1ef2,MATCHED_ORIGINAL_FILE_BYTES,records/external/formal_common.py
records/external/formal_runs/cub__progressive_lambda_1_0__fold_4/run_manifest.json,config_sha256,7f667c125983ca82ec36214b727ee8fbe3215f21562abd260f4018559f87e3e5,MATCHED_ORIGINAL_FILE_BYTES,records/external/final_external_protocol_config.json
records/external/formal_runs/cub__progressive_lambda_1_0__fold_4/run_manifest.json,runner_sha256,29b2ccc62624b4d6824420ba55a73ba13146fa2d067c616800dc832331dde3f7,MATCHED_ORIGINAL_FILE_BYTES,records/external/formal_train_one.py
records/external/formal_runs/cub__progressive_lambda_1_0__fold_4/run_manifest.json,common_sha256,1473be66357b533b5b2be0a4519b0bbc06bdff4a2bb110f37cbec5e4a5ef1ef2,MATCHED_ORIGINAL_FILE_BYTES,records/external/formal_common.py
records/external/formal_runs/flowers__ours_ft__fold_0/run_manifest.json,config_sha256,7f667c125983ca82ec36214b727ee8fbe3215f21562abd260f4018559f87e3e5,MATCHED_ORIGINAL_FILE_BYTES,records/external/final_external_protocol_config.json
records/external/formal_runs/flowers__ours_ft__fold_0/run_manifest.json,runner_sha256,29b2ccc62624b4d6824420ba55a73ba13146fa2d067c616800dc832331dde3f7,MATCHED_ORIGINAL_FILE_BYTES,records/external/formal_train_one.py
records/external/formal_runs/flowers__ours_ft__fold_0/run_manifest.json,common_sha256,1473be66357b533b5b2be0a4519b0bbc06bdff4a2bb110f37cbec5e4a5ef1ef2,MATCHED_ORIGINAL_FILE_BYTES,records/external/formal_common.py
records/external/formal_runs/flowers__ours_ft__fold_1/run_manifest.json,config_sha256,7f667c125983ca82ec36214b727ee8fbe3215f21562abd260f4018559f87e3e5,MATCHED_ORIGINAL_FILE_BYTES,records/external/final_external_protocol_config.json
records/external/formal_runs/flowers__ours_ft__fold_1/run_manifest.json,runner_sha256,29b2ccc62624b4d6824420ba55a73ba13146fa2d067c616800dc832331dde3f7,MATCHED_ORIGINAL_FILE_BYTES,records/external/formal_train_one.py
records/external/formal_runs/flowers__ours_ft__fold_1/run_manifest.json,common_sha256,1473be66357b533b5b2be0a4519b0bbc06bdff4a2bb110f37cbec5e4a5ef1ef2,MATCHED_ORIGINAL_FILE_BYTES,records/external/formal_common.py
records/external/formal_runs/flowers__ours_ft__fold_2/run_manifest.json,config_sha256,7f667c125983ca82ec36214b727ee8fbe3215f21562abd260f4018559f87e3e5,MATCHED_ORIGINAL_FILE_BYTES,records/external/final_external_protocol_config.json
records/external/formal_runs/flowers__ours_ft__fold_2/run_manifest.json,runner_sha256,29b2ccc62624b4d6824420ba55a73ba13146fa2d067c616800dc832331dde3f7,MATCHED_ORIGINAL_FILE_BYTES,records/external/formal_train_one.py
records/external/formal_runs/flowers__ours_ft__fold_2/run_manifest.json,common_sha256,1473be66357b533b5b2be0a4519b0bbc06bdff4a2bb110f37cbec5e4a5ef1ef2,MATCHED_ORIGINAL_FILE_BYTES,records/external/formal_common.py
records/external/formal_runs/flowers__ours_ft__fold_3/run_manifest.json,config_sha256,7f667c125983ca82ec36214b727ee8fbe3215f21562abd260f4018559f87e3e5,MATCHED_ORIGINAL_FILE_BYTES,records/external/final_external_protocol_config.json
records/external/formal_runs/flowers__ours_ft__fold_3/run_manifest.json,runner_sha256,29b2ccc62624b4d6824420ba55a73ba13146fa2d067c616800dc832331dde3f7,MATCHED_ORIGINAL_FILE_BYTES,records/external/formal_train_one.py
records/external/formal_runs/flowers__ours_ft__fold_3/run_manifest.json,common_sha256,1473be66357b533b5b2be0a4519b0bbc06bdff4a2bb110f37cbec5e4a5ef1ef2,MATCHED_ORIGINAL_FILE_BYTES,records/external/formal_common.py
records/external/formal_runs/flowers__ours_ft__fold_4/run_manifest.json,config_sha256,7f667c125983ca82ec36214b727ee8fbe3215f21562abd260f4018559f87e3e5,MATCHED_ORIGINAL_FILE_BYTES,records/external/final_external_protocol_config.json
records/external/formal_runs/flowers__ours_ft__fold_4/run_manifest.json,runner_sha256,29b2ccc62624b4d6824420ba55a73ba13146fa2d067c616800dc832331dde3f7,MATCHED_ORIGINAL_FILE_BYTES,records/external/formal_train_one.py
records/external/formal_runs/flowers__ours_ft__fold_4/run_manifest.json,common_sha256,1473be66357b533b5b2be0a4519b0bbc06bdff4a2bb110f37cbec5e4a5ef1ef2,MATCHED_ORIGINAL_FILE_BYTES,records/external/formal_common.py
records/external/formal_runs/flowers__progressive_lambda_0_7__fold_0/run_manifest.json,config_sha256,7f667c125983ca82ec36214b727ee8fbe3215f21562abd260f4018559f87e3e5,MATCHED_ORIGINAL_FILE_BYTES,records/external/final_external_protocol_config.json
records/external/formal_runs/flowers__progressive_lambda_0_7__fold_0/run_manifest.json,runner_sha256,29b2ccc62624b4d6824420ba55a73ba13146fa2d067c616800dc832331dde3f7,MATCHED_ORIGINAL_FILE_BYTES,records/external/formal_train_one.py
records/external/formal_runs/flowers__progressive_lambda_0_7__fold_0/run_manifest.json,common_sha256,1473be66357b533b5b2be0a4519b0bbc06bdff4a2bb110f37cbec5e4a5ef1ef2,MATCHED_ORIGINAL_FILE_BYTES,records/external/formal_common.py
records/external/formal_runs/flowers__progressive_lambda_0_7__fold_1/run_manifest.json,config_sha256,7f667c125983ca82ec36214b727ee8fbe3215f21562abd260f4018559f87e3e5,MATCHED_ORIGINAL_FILE_BYTES,records/external/final_external_protocol_config.json
records/external/formal_runs/flowers__progressive_lambda_0_7__fold_1/run_manifest.json,runner_sha256,29b2ccc62624b4d6824420ba55a73ba13146fa2d067c616800dc832331dde3f7,MATCHED_ORIGINAL_FILE_BYTES,records/external/formal_train_one.py
records/external/formal_runs/flowers__progressive_lambda_0_7__fold_1/run_manifest.json,common_sha256,1473be66357b533b5b2be0a4519b0bbc06bdff4a2bb110f37cbec5e4a5ef1ef2,MATCHED_ORIGINAL_FILE_BYTES,records/external/formal_common.py
records/external/formal_runs/flowers__progressive_lambda_0_7__fold_2/run_manifest.json,config_sha256,7f667c125983ca82ec36214b727ee8fbe3215f21562abd260f4018559f87e3e5,MATCHED_ORIGINAL_FILE_BYTES,records/external/final_external_protocol_config.json
records/external/formal_runs/flowers__progressive_lambda_0_7__fold_2/run_manifest.json,runner_sha256,29b2ccc62624b4d6824420ba55a73ba13146fa2d067c616800dc832331dde3f7,MATCHED_ORIGINAL_FILE_BYTES,records/external/formal_train_one.py
records/external/formal_runs/flowers__progressive_lambda_0_7__fold_2/run_manifest.json,common_sha256,1473be66357b533b5b2be0a4519b0bbc06bdff4a2bb110f37cbec5e4a5ef1ef2,MATCHED_ORIGINAL_FILE_BYTES,records/external/formal_common.py
records/external/formal_runs/flowers__progressive_lambda_0_7__fold_3/run_manifest.json,config_sha256,7f667c125983ca82ec36214b727ee8fbe3215f21562abd260f4018559f87e3e5,MATCHED_ORIGINAL_FILE_BYTES,records/external/final_external_protocol_config.json
records/external/formal_runs/flowers__progressive_lambda_0_7__fold_3/run_manifest.json,runner_sha256,29b2ccc62624b4d6824420ba55a73ba13146fa2d067c616800dc832331dde3f7,MATCHED_ORIGINAL_FILE_BYTES,records/external/formal_train_one.py
records/external/formal_runs/flowers__progressive_lambda_0_7__fold_3/run_manifest.json,common_sha256,1473be66357b533b5b2be0a4519b0bbc06bdff4a2bb110f37cbec5e4a5ef1ef2,MATCHED_ORIGINAL_FILE_BYTES,records/external/formal_common.py
records/external/formal_runs/flowers__progressive_lambda_0_7__fold_4/run_manifest.json,config_sha256,7f667c125983ca82ec36214b727ee8fbe3215f21562abd260f4018559f87e3e5,MATCHED_ORIGINAL_FILE_BYTES,records/external/final_external_protocol_config.json
records/external/formal_runs/flowers__progressive_lambda_0_7__fold_4/run_manifest.json,runner_sha256,29b2ccc62624b4d6824420ba55a73ba13146fa2d067c616800dc832331dde3f7,MATCHED_ORIGINAL_FILE_BYTES,records/external/formal_train_one.py
records/external/formal_runs/flowers__progressive_lambda_0_7__fold_4/run_manifest.json,common_sha256,1473be66357b533b5b2be0a4519b0bbc06bdff4a2bb110f37cbec5e4a5ef1ef2,MATCHED_ORIGINAL_FILE_BYTES,records/external/formal_common.py
records/cross_backbone/formal/resnet50/progressive/fold_0/run_manifest.json,config_sha256,1a075d4241358e4681f2e7c70523a85bf286d97193fb1104b18bd713c5006fee,MATCHED_ORIGINAL_FILE_BYTES,records/cross_backbone/final_cross_backbone_protocol_config.json
records/cross_backbone/formal/resnet50/progressive/fold_0/run_manifest.json,runner_sha256,ceb08c86c53a0fcbe8f0f3e9bc04c404e65eeb3ad190dafaa915260102fcdb21,MATCHED_ORIGINAL_FILE_BYTES,records/cross_backbone/scripts/train_one.py
records/cross_backbone/formal/resnet50/progressive/fold_1/run_manifest.json,config_sha256,1a075d4241358e4681f2e7c70523a85bf286d97193fb1104b18bd713c5006fee,MATCHED_ORIGINAL_FILE_BYTES,records/cross_backbone/final_cross_backbone_protocol_config.json
records/cross_backbone/formal/resnet50/progressive/fold_1/run_manifest.json,runner_sha256,ceb08c86c53a0fcbe8f0f3e9bc04c404e65eeb3ad190dafaa915260102fcdb21,MATCHED_ORIGINAL_FILE_BYTES,records/cross_backbone/scripts/train_one.py
records/cross_backbone/formal/resnet50/progressive/fold_2/run_manifest.json,config_sha256,1a075d4241358e4681f2e7c70523a85bf286d97193fb1104b18bd713c5006fee,MATCHED_ORIGINAL_FILE_BYTES,records/cross_backbone/final_cross_backbone_protocol_config.json
records/cross_backbone/formal/resnet50/progressive/fold_2/run_manifest.json,runner_sha256,ceb08c86c53a0fcbe8f0f3e9bc04c404e65eeb3ad190dafaa915260102fcdb21,MATCHED_ORIGINAL_FILE_BYTES,records/cross_backbone/scripts/train_one.py
records/cross_backbone/formal/resnet50/progressive/fold_3/run_manifest.json,config_sha256,1a075d4241358e4681f2e7c70523a85bf286d97193fb1104b18bd713c5006fee,MATCHED_ORIGINAL_FILE_BYTES,records/cross_backbone/final_cross_backbone_protocol_config.json
records/cross_backbone/formal/resnet50/progressive/fold_3/run_manifest.json,runner_sha256,ceb08c86c53a0fcbe8f0f3e9bc04c404e65eeb3ad190dafaa915260102fcdb21,MATCHED_ORIGINAL_FILE_BYTES,records/cross_backbone/scripts/train_one.py
records/cross_backbone/formal/resnet50/progressive/fold_4/run_manifest.json,config_sha256,1a075d4241358e4681f2e7c70523a85bf286d97193fb1104b18bd713c5006fee,MATCHED_ORIGINAL_FILE_BYTES,records/cross_backbone/final_cross_backbone_protocol_config.json
records/cross_backbone/formal/resnet50/progressive/fold_4/run_manifest.json,runner_sha256,ceb08c86c53a0fcbe8f0f3e9bc04c404e65eeb3ad190dafaa915260102fcdb21,MATCHED_ORIGINAL_FILE_BYTES,records/cross_backbone/scripts/train_one.py
records/cross_backbone/formal/resnet50/ours_ft/fold_0/run_manifest.json,config_sha256,1a075d4241358e4681f2e7c70523a85bf286d97193fb1104b18bd713c5006fee,MATCHED_ORIGINAL_FILE_BYTES,records/cross_backbone/final_cross_backbone_protocol_config.json
records/cross_backbone/formal/resnet50/ours_ft/fold_0/run_manifest.json,runner_sha256,ceb08c86c53a0fcbe8f0f3e9bc04c404e65eeb3ad190dafaa915260102fcdb21,MATCHED_ORIGINAL_FILE_BYTES,records/cross_backbone/scripts/train_one.py
records/cross_backbone/formal/resnet50/ours_ft/fold_1/run_manifest.json,config_sha256,1a075d4241358e4681f2e7c70523a85bf286d97193fb1104b18bd713c5006fee,MATCHED_ORIGINAL_FILE_BYTES,records/cross_backbone/final_cross_backbone_protocol_config.json
records/cross_backbone/formal/resnet50/ours_ft/fold_1/run_manifest.json,runner_sha256,ceb08c86c53a0fcbe8f0f3e9bc04c404e65eeb3ad190dafaa915260102fcdb21,MATCHED_ORIGINAL_FILE_BYTES,records/cross_backbone/scripts/train_one.py
records/cross_backbone/formal/resnet50/ours_ft/fold_2/run_manifest.json,config_sha256,1a075d4241358e4681f2e7c70523a85bf286d97193fb1104b18bd713c5006fee,MATCHED_ORIGINAL_FILE_BYTES,records/cross_backbone/final_cross_backbone_protocol_config.json
records/cross_backbone/formal/resnet50/ours_ft/fold_2/run_manifest.json,runner_sha256,ceb08c86c53a0fcbe8f0f3e9bc04c404e65eeb3ad190dafaa915260102fcdb21,MATCHED_ORIGINAL_FILE_BYTES,records/cross_backbone/scripts/train_one.py
records/cross_backbone/formal/resnet50/ours_ft/fold_3/run_manifest.json,config_sha256,1a075d4241358e4681f2e7c70523a85bf286d97193fb1104b18bd713c5006fee,MATCHED_ORIGINAL_FILE_BYTES,records/cross_backbone/final_cross_backbone_protocol_config.json
records/cross_backbone/formal/resnet50/ours_ft/fold_3/run_manifest.json,runner_sha256,ceb08c86c53a0fcbe8f0f3e9bc04c404e65eeb3ad190dafaa915260102fcdb21,MATCHED_ORIGINAL_FILE_BYTES,records/cross_backbone/scripts/train_one.py
records/cross_backbone/formal/resnet50/ours_ft/fold_4/run_manifest.json,config_sha256,1a075d4241358e4681f2e7c70523a85bf286d97193fb1104b18bd713c5006fee,MATCHED_ORIGINAL_FILE_BYTES,records/cross_backbone/final_cross_backbone_protocol_config.json
records/cross_backbone/formal/resnet50/ours_ft/fold_4/run_manifest.json,runner_sha256,ceb08c86c53a0fcbe8f0f3e9bc04c404e65eeb3ad190dafaa915260102fcdb21,MATCHED_ORIGINAL_FILE_BYTES,records/cross_backbone/scripts/train_one.py
records/cross_backbone/formal/resnet50/dfag/fold_0/run_manifest.json,config_sha256,1a075d4241358e4681f2e7c70523a85bf286d97193fb1104b18bd713c5006fee,MATCHED_ORIGINAL_FILE_BYTES,records/cross_backbone/final_cross_backbone_protocol_config.json
records/cross_backbone/formal/resnet50/dfag/fold_0/run_manifest.json,runner_sha256,ceb08c86c53a0fcbe8f0f3e9bc04c404e65eeb3ad190dafaa915260102fcdb21,MATCHED_ORIGINAL_FILE_BYTES,records/cross_backbone/scripts/train_one.py
records/cross_backbone/formal/resnet50/dfag/fold_1/run_manifest.json,config_sha256,1a075d4241358e4681f2e7c70523a85bf286d97193fb1104b18bd713c5006fee,MATCHED_ORIGINAL_FILE_BYTES,records/cross_backbone/final_cross_backbone_protocol_config.json
records/cross_backbone/formal/resnet50/dfag/fold_1/run_manifest.json,runner_sha256,ceb08c86c53a0fcbe8f0f3e9bc04c404e65eeb3ad190dafaa915260102fcdb21,MATCHED_ORIGINAL_FILE_BYTES,records/cross_backbone/scripts/train_one.py
records/cross_backbone/formal/resnet50/dfag/fold_2/run_manifest.json,config_sha256,1a075d4241358e4681f2e7c70523a85bf286d97193fb1104b18bd713c5006fee,MATCHED_ORIGINAL_FILE_BYTES,records/cross_backbone/final_cross_backbone_protocol_config.json
records/cross_backbone/formal/resnet50/dfag/fold_2/run_manifest.json,runner_sha256,ceb08c86c53a0fcbe8f0f3e9bc04c404e65eeb3ad190dafaa915260102fcdb21,MATCHED_ORIGINAL_FILE_BYTES,records/cross_backbone/scripts/train_one.py
records/cross_backbone/formal/resnet50/dfag/fold_3/run_manifest.json,config_sha256,1a075d4241358e4681f2e7c70523a85bf286d97193fb1104b18bd713c5006fee,MATCHED_ORIGINAL_FILE_BYTES,records/cross_backbone/final_cross_backbone_protocol_config.json
records/cross_backbone/formal/resnet50/dfag/fold_3/run_manifest.json,runner_sha256,ceb08c86c53a0fcbe8f0f3e9bc04c404e65eeb3ad190dafaa915260102fcdb21,MATCHED_ORIGINAL_FILE_BYTES,records/cross_backbone/scripts/train_one.py
records/cross_backbone/formal/resnet50/dfag/fold_4/run_manifest.json,config_sha256,1a075d4241358e4681f2e7c70523a85bf286d97193fb1104b18bd713c5006fee,MATCHED_ORIGINAL_FILE_BYTES,records/cross_backbone/final_cross_backbone_protocol_config.json
records/cross_backbone/formal/resnet50/dfag/fold_4/run_manifest.json,runner_sha256,ceb08c86c53a0fcbe8f0f3e9bc04c404e65eeb3ad190dafaa915260102fcdb21,MATCHED_ORIGINAL_FILE_BYTES,records/cross_backbone/scripts/train_one.py
records/cross_backbone/formal/convnext_tiny/progressive/fold_0/run_manifest.json,config_sha256,1a075d4241358e4681f2e7c70523a85bf286d97193fb1104b18bd713c5006fee,MATCHED_ORIGINAL_FILE_BYTES,records/cross_backbone/final_cross_backbone_protocol_config.json
records/cross_backbone/formal/convnext_tiny/progressive/fold_0/run_manifest.json,runner_sha256,ceb08c86c53a0fcbe8f0f3e9bc04c404e65eeb3ad190dafaa915260102fcdb21,MATCHED_ORIGINAL_FILE_BYTES,records/cross_backbone/scripts/train_one.py
records/cross_backbone/formal/convnext_tiny/progressive/fold_1/run_manifest.json,config_sha256,1a075d4241358e4681f2e7c70523a85bf286d97193fb1104b18bd713c5006fee,MATCHED_ORIGINAL_FILE_BYTES,records/cross_backbone/final_cross_backbone_protocol_config.json
records/cross_backbone/formal/convnext_tiny/progressive/fold_1/run_manifest.json,runner_sha256,ceb08c86c53a0fcbe8f0f3e9bc04c404e65eeb3ad190dafaa915260102fcdb21,MATCHED_ORIGINAL_FILE_BYTES,records/cross_backbone/scripts/train_one.py
records/cross_backbone/formal/convnext_tiny/progressive/fold_2/run_manifest.json,config_sha256,1a075d4241358e4681f2e7c70523a85bf286d97193fb1104b18bd713c5006fee,MATCHED_ORIGINAL_FILE_BYTES,records/cross_backbone/final_cross_backbone_protocol_config.json
records/cross_backbone/formal/convnext_tiny/progressive/fold_2/run_manifest.json,runner_sha256,ceb08c86c53a0fcbe8f0f3e9bc04c404e65eeb3ad190dafaa915260102fcdb21,MATCHED_ORIGINAL_FILE_BYTES,records/cross_backbone/scripts/train_one.py
records/cross_backbone/formal/convnext_tiny/progressive/fold_3/run_manifest.json,config_sha256,1a075d4241358e4681f2e7c70523a85bf286d97193fb1104b18bd713c5006fee,MATCHED_ORIGINAL_FILE_BYTES,records/cross_backbone/final_cross_backbone_protocol_config.json
records/cross_backbone/formal/convnext_tiny/progressive/fold_3/run_manifest.json,runner_sha256,ceb08c86c53a0fcbe8f0f3e9bc04c404e65eeb3ad190dafaa915260102fcdb21,MATCHED_ORIGINAL_FILE_BYTES,records/cross_backbone/scripts/train_one.py
records/cross_backbone/formal/convnext_tiny/progressive/fold_4/run_manifest.json,config_sha256,1a075d4241358e4681f2e7c70523a85bf286d97193fb1104b18bd713c5006fee,MATCHED_ORIGINAL_FILE_BYTES,records/cross_backbone/final_cross_backbone_protocol_config.json
records/cross_backbone/formal/convnext_tiny/progressive/fold_4/run_manifest.json,runner_sha256,ceb08c86c53a0fcbe8f0f3e9bc04c404e65eeb3ad190dafaa915260102fcdb21,MATCHED_ORIGINAL_FILE_BYTES,records/cross_backbone/scripts/train_one.py
records/cross_backbone/formal/convnext_tiny/ours_ft/fold_0/run_manifest.json,config_sha256,1a075d4241358e4681f2e7c70523a85bf286d97193fb1104b18bd713c5006fee,MATCHED_ORIGINAL_FILE_BYTES,records/cross_backbone/final_cross_backbone_protocol_config.json
records/cross_backbone/formal/convnext_tiny/ours_ft/fold_0/run_manifest.json,runner_sha256,ceb08c86c53a0fcbe8f0f3e9bc04c404e65eeb3ad190dafaa915260102fcdb21,MATCHED_ORIGINAL_FILE_BYTES,records/cross_backbone/scripts/train_one.py
records/cross_backbone/formal/convnext_tiny/ours_ft/fold_1/run_manifest.json,config_sha256,1a075d4241358e4681f2e7c70523a85bf286d97193fb1104b18bd713c5006fee,MATCHED_ORIGINAL_FILE_BYTES,records/cross_backbone/final_cross_backbone_protocol_config.json
records/cross_backbone/formal/convnext_tiny/ours_ft/fold_1/run_manifest.json,runner_sha256,ceb08c86c53a0fcbe8f0f3e9bc04c404e65eeb3ad190dafaa915260102fcdb21,MATCHED_ORIGINAL_FILE_BYTES,records/cross_backbone/scripts/train_one.py
records/cross_backbone/formal/convnext_tiny/ours_ft/fold_2/run_manifest.json,config_sha256,1a075d4241358e4681f2e7c70523a85bf286d97193fb1104b18bd713c5006fee,MATCHED_ORIGINAL_FILE_BYTES,records/cross_backbone/final_cross_backbone_protocol_config.json
records/cross_backbone/formal/convnext_tiny/ours_ft/fold_2/run_manifest.json,runner_sha256,ceb08c86c53a0fcbe8f0f3e9bc04c404e65eeb3ad190dafaa915260102fcdb21,MATCHED_ORIGINAL_FILE_BYTES,records/cross_backbone/scripts/train_one.py
records/cross_backbone/formal/convnext_tiny/ours_ft/fold_3/run_manifest.json,config_sha256,1a075d4241358e4681f2e7c70523a85bf286d97193fb1104b18bd713c5006fee,MATCHED_ORIGINAL_FILE_BYTES,records/cross_backbone/final_cross_backbone_protocol_config.json
records/cross_backbone/formal/convnext_tiny/ours_ft/fold_3/run_manifest.json,runner_sha256,ceb08c86c53a0fcbe8f0f3e9bc04c404e65eeb3ad190dafaa915260102fcdb21,MATCHED_ORIGINAL_FILE_BYTES,records/cross_backbone/scripts/train_one.py
records/cross_backbone/formal/convnext_tiny/ours_ft/fold_4/run_manifest.json,config_sha256,1a075d4241358e4681f2e7c70523a85bf286d97193fb1104b18bd713c5006fee,MATCHED_ORIGINAL_FILE_BYTES,records/cross_backbone/final_cross_backbone_protocol_config.json
records/cross_backbone/formal/convnext_tiny/ours_ft/fold_4/run_manifest.json,runner_sha256,ceb08c86c53a0fcbe8f0f3e9bc04c404e65eeb3ad190dafaa915260102fcdb21,MATCHED_ORIGINAL_FILE_BYTES,records/cross_backbone/scripts/train_one.py
records/cross_backbone/formal/convnext_tiny/dfag/fold_0/run_manifest.json,config_sha256,1a075d4241358e4681f2e7c70523a85bf286d97193fb1104b18bd713c5006fee,MATCHED_ORIGINAL_FILE_BYTES,records/cross_backbone/final_cross_backbone_protocol_config.json
records/cross_backbone/formal/convnext_tiny/dfag/fold_0/run_manifest.json,runner_sha256,ceb08c86c53a0fcbe8f0f3e9bc04c404e65eeb3ad190dafaa915260102fcdb21,MATCHED_ORIGINAL_FILE_BYTES,records/cross_backbone/scripts/train_one.py
records/cross_backbone/formal/convnext_tiny/dfag/fold_1/run_manifest.json,config_sha256,1a075d4241358e4681f2e7c70523a85bf286d97193fb1104b18bd713c5006fee,MATCHED_ORIGINAL_FILE_BYTES,records/cross_backbone/final_cross_backbone_protocol_config.json
records/cross_backbone/formal/convnext_tiny/dfag/fold_1/run_manifest.json,runner_sha256,ceb08c86c53a0fcbe8f0f3e9bc04c404e65eeb3ad190dafaa915260102fcdb21,MATCHED_ORIGINAL_FILE_BYTES,records/cross_backbone/scripts/train_one.py
records/cross_backbone/formal/convnext_tiny/dfag/fold_2/run_manifest.json,config_sha256,1a075d4241358e4681f2e7c70523a85bf286d97193fb1104b18bd713c5006fee,MATCHED_ORIGINAL_FILE_BYTES,records/cross_backbone/final_cross_backbone_protocol_config.json
records/cross_backbone/formal/convnext_tiny/dfag/fold_2/run_manifest.json,runner_sha256,ceb08c86c53a0fcbe8f0f3e9bc04c404e65eeb3ad190dafaa915260102fcdb21,MATCHED_ORIGINAL_FILE_BYTES,records/cross_backbone/scripts/train_one.py
records/cross_backbone/formal/convnext_tiny/dfag/fold_3/run_manifest.json,config_sha256,1a075d4241358e4681f2e7c70523a85bf286d97193fb1104b18bd713c5006fee,MATCHED_ORIGINAL_FILE_BYTES,records/cross_backbone/final_cross_backbone_protocol_config.json
records/cross_backbone/formal/convnext_tiny/dfag/fold_3/run_manifest.json,runner_sha256,ceb08c86c53a0fcbe8f0f3e9bc04c404e65eeb3ad190dafaa915260102fcdb21,MATCHED_ORIGINAL_FILE_BYTES,records/cross_backbone/scripts/train_one.py
records/cross_backbone/formal/convnext_tiny/dfag/fold_4/run_manifest.json,config_sha256,1a075d4241358e4681f2e7c70523a85bf286d97193fb1104b18bd713c5006fee,MATCHED_ORIGINAL_FILE_BYTES,records/cross_backbone/final_cross_backbone_protocol_config.json
records/cross_backbone/formal/convnext_tiny/dfag/fold_4/run_manifest.json,runner_sha256,ceb08c86c53a0fcbe8f0f3e9bc04c404e65eeb3ad190dafaa915260102fcdb21,MATCHED_ORIGINAL_FILE_BYTES,records/cross_backbone/scripts/train_one.py
records/controlled/formal_run/jobs/cal_cars_fold0/run_manifest.json,config_sha256,7226d2fbb83b8c267fc186401ae691d0f2c02baa3611c5c74cdb7b1239d4f61f,MATCHED_ORIGINAL_FILE_BYTES,records/controlled/configs/cal_cars.json
records/controlled/formal_run/jobs/cal_cars_fold0/run_manifest.json,runner_sha256,c630e7742f2354f4ac4f3ae9386b08ce0bf2028dc6d2b4879eda36591e284841,MATCHED_ORIGINAL_FILE_BYTES,records/controlled/scripts/formal_cal_job.py
records/controlled/formal_run/jobs/cal_cars_fold0/run_manifest.json,runtime_sha256,f76e5747cb066907e24549f98709b4fcace26d777eed08e69d66af2bd03ee0e5,MATCHED_ORIGINAL_FILE_BYTES,records/controlled/common/runtime.py
records/controlled/formal_run/jobs/cal_cars_fold0/run_manifest.json,protocol_core_sha256,a4ec8e36e4850f6710d4b9854b315e77ff3e084ccd2bb28c3cac80c5906e6f42,MATCHED_ORIGINAL_FILE_BYTES,records/protocol_source/protocol_core.py
records/controlled/formal_run/jobs/cal_cars_fold1/run_manifest.json,config_sha256,7226d2fbb83b8c267fc186401ae691d0f2c02baa3611c5c74cdb7b1239d4f61f,MATCHED_ORIGINAL_FILE_BYTES,records/controlled/configs/cal_cars.json
records/controlled/formal_run/jobs/cal_cars_fold1/run_manifest.json,runner_sha256,c630e7742f2354f4ac4f3ae9386b08ce0bf2028dc6d2b4879eda36591e284841,MATCHED_ORIGINAL_FILE_BYTES,records/controlled/scripts/formal_cal_job.py
records/controlled/formal_run/jobs/cal_cars_fold1/run_manifest.json,runtime_sha256,f76e5747cb066907e24549f98709b4fcace26d777eed08e69d66af2bd03ee0e5,MATCHED_ORIGINAL_FILE_BYTES,records/controlled/common/runtime.py
records/controlled/formal_run/jobs/cal_cars_fold1/run_manifest.json,protocol_core_sha256,a4ec8e36e4850f6710d4b9854b315e77ff3e084ccd2bb28c3cac80c5906e6f42,MATCHED_ORIGINAL_FILE_BYTES,records/protocol_source/protocol_core.py
records/controlled/formal_run/jobs/cal_cars_fold2/run_manifest.json,config_sha256,7226d2fbb83b8c267fc186401ae691d0f2c02baa3611c5c74cdb7b1239d4f61f,MATCHED_ORIGINAL_FILE_BYTES,records/controlled/configs/cal_cars.json
records/controlled/formal_run/jobs/cal_cars_fold2/run_manifest.json,runner_sha256,c630e7742f2354f4ac4f3ae9386b08ce0bf2028dc6d2b4879eda36591e284841,MATCHED_ORIGINAL_FILE_BYTES,records/controlled/scripts/formal_cal_job.py
records/controlled/formal_run/jobs/cal_cars_fold2/run_manifest.json,runtime_sha256,f76e5747cb066907e24549f98709b4fcace26d777eed08e69d66af2bd03ee0e5,MATCHED_ORIGINAL_FILE_BYTES,records/controlled/common/runtime.py
records/controlled/formal_run/jobs/cal_cars_fold2/run_manifest.json,protocol_core_sha256,a4ec8e36e4850f6710d4b9854b315e77ff3e084ccd2bb28c3cac80c5906e6f42,MATCHED_ORIGINAL_FILE_BYTES,records/protocol_source/protocol_core.py
records/controlled/formal_run/jobs/cal_cars_fold3/run_manifest.json,config_sha256,7226d2fbb83b8c267fc186401ae691d0f2c02baa3611c5c74cdb7b1239d4f61f,MATCHED_ORIGINAL_FILE_BYTES,records/controlled/configs/cal_cars.json
records/controlled/formal_run/jobs/cal_cars_fold3/run_manifest.json,runner_sha256,c630e7742f2354f4ac4f3ae9386b08ce0bf2028dc6d2b4879eda36591e284841,MATCHED_ORIGINAL_FILE_BYTES,records/controlled/scripts/formal_cal_job.py
records/controlled/formal_run/jobs/cal_cars_fold3/run_manifest.json,runtime_sha256,f76e5747cb066907e24549f98709b4fcace26d777eed08e69d66af2bd03ee0e5,MATCHED_ORIGINAL_FILE_BYTES,records/controlled/common/runtime.py
records/controlled/formal_run/jobs/cal_cars_fold3/run_manifest.json,protocol_core_sha256,a4ec8e36e4850f6710d4b9854b315e77ff3e084ccd2bb28c3cac80c5906e6f42,MATCHED_ORIGINAL_FILE_BYTES,records/protocol_source/protocol_core.py
records/controlled/formal_run/jobs/cal_cars_fold4/run_manifest.json,config_sha256,7226d2fbb83b8c267fc186401ae691d0f2c02baa3611c5c74cdb7b1239d4f61f,MATCHED_ORIGINAL_FILE_BYTES,records/controlled/configs/cal_cars.json
records/controlled/formal_run/jobs/cal_cars_fold4/run_manifest.json,runner_sha256,c630e7742f2354f4ac4f3ae9386b08ce0bf2028dc6d2b4879eda36591e284841,MATCHED_ORIGINAL_FILE_BYTES,records/controlled/scripts/formal_cal_job.py
records/controlled/formal_run/jobs/cal_cars_fold4/run_manifest.json,runtime_sha256,f76e5747cb066907e24549f98709b4fcace26d777eed08e69d66af2bd03ee0e5,MATCHED_ORIGINAL_FILE_BYTES,records/controlled/common/runtime.py
records/controlled/formal_run/jobs/cal_cars_fold4/run_manifest.json,protocol_core_sha256,a4ec8e36e4850f6710d4b9854b315e77ff3e084ccd2bb28c3cac80c5906e6f42,MATCHED_ORIGINAL_FILE_BYTES,records/protocol_source/protocol_core.py
records/controlled/formal_run/jobs/cal_cub_fold0/run_manifest.json,config_sha256,fd35c96a75309e92220955172adb644b8e1bcfccf716d6344abca5292376d1ac,MATCHED_ORIGINAL_FILE_BYTES,records/controlled/configs/cal_cub.json
records/controlled/formal_run/jobs/cal_cub_fold0/run_manifest.json,runner_sha256,c630e7742f2354f4ac4f3ae9386b08ce0bf2028dc6d2b4879eda36591e284841,MATCHED_ORIGINAL_FILE_BYTES,records/controlled/scripts/formal_cal_job.py
records/controlled/formal_run/jobs/cal_cub_fold0/run_manifest.json,runtime_sha256,f76e5747cb066907e24549f98709b4fcace26d777eed08e69d66af2bd03ee0e5,MATCHED_ORIGINAL_FILE_BYTES,records/controlled/common/runtime.py
records/controlled/formal_run/jobs/cal_cub_fold0/run_manifest.json,protocol_core_sha256,a4ec8e36e4850f6710d4b9854b315e77ff3e084ccd2bb28c3cac80c5906e6f42,MATCHED_ORIGINAL_FILE_BYTES,records/protocol_source/protocol_core.py
records/controlled/formal_run/jobs/cal_cub_fold1/run_manifest.json,config_sha256,fd35c96a75309e92220955172adb644b8e1bcfccf716d6344abca5292376d1ac,MATCHED_ORIGINAL_FILE_BYTES,records/controlled/configs/cal_cub.json
records/controlled/formal_run/jobs/cal_cub_fold1/run_manifest.json,runner_sha256,c630e7742f2354f4ac4f3ae9386b08ce0bf2028dc6d2b4879eda36591e284841,MATCHED_ORIGINAL_FILE_BYTES,records/controlled/scripts/formal_cal_job.py
records/controlled/formal_run/jobs/cal_cub_fold1/run_manifest.json,runtime_sha256,f76e5747cb066907e24549f98709b4fcace26d777eed08e69d66af2bd03ee0e5,MATCHED_ORIGINAL_FILE_BYTES,records/controlled/common/runtime.py
records/controlled/formal_run/jobs/cal_cub_fold1/run_manifest.json,protocol_core_sha256,a4ec8e36e4850f6710d4b9854b315e77ff3e084ccd2bb28c3cac80c5906e6f42,MATCHED_ORIGINAL_FILE_BYTES,records/protocol_source/protocol_core.py
records/controlled/formal_run/jobs/cal_cub_fold2/run_manifest.json,config_sha256,fd35c96a75309e92220955172adb644b8e1bcfccf716d6344abca5292376d1ac,MATCHED_ORIGINAL_FILE_BYTES,records/controlled/configs/cal_cub.json
records/controlled/formal_run/jobs/cal_cub_fold2/run_manifest.json,runner_sha256,c630e7742f2354f4ac4f3ae9386b08ce0bf2028dc6d2b4879eda36591e284841,MATCHED_ORIGINAL_FILE_BYTES,records/controlled/scripts/formal_cal_job.py
records/controlled/formal_run/jobs/cal_cub_fold2/run_manifest.json,runtime_sha256,f76e5747cb066907e24549f98709b4fcace26d777eed08e69d66af2bd03ee0e5,MATCHED_ORIGINAL_FILE_BYTES,records/controlled/common/runtime.py
records/controlled/formal_run/jobs/cal_cub_fold2/run_manifest.json,protocol_core_sha256,a4ec8e36e4850f6710d4b9854b315e77ff3e084ccd2bb28c3cac80c5906e6f42,MATCHED_ORIGINAL_FILE_BYTES,records/protocol_source/protocol_core.py
records/controlled/formal_run/jobs/cal_cub_fold3/run_manifest.json,config_sha256,fd35c96a75309e92220955172adb644b8e1bcfccf716d6344abca5292376d1ac,MATCHED_ORIGINAL_FILE_BYTES,records/controlled/configs/cal_cub.json
records/controlled/formal_run/jobs/cal_cub_fold3/run_manifest.json,runner_sha256,c630e7742f2354f4ac4f3ae9386b08ce0bf2028dc6d2b4879eda36591e284841,MATCHED_ORIGINAL_FILE_BYTES,records/controlled/scripts/formal_cal_job.py
records/controlled/formal_run/jobs/cal_cub_fold3/run_manifest.json,runtime_sha256,f76e5747cb066907e24549f98709b4fcace26d777eed08e69d66af2bd03ee0e5,MATCHED_ORIGINAL_FILE_BYTES,records/controlled/common/runtime.py
records/controlled/formal_run/jobs/cal_cub_fold3/run_manifest.json,protocol_core_sha256,a4ec8e36e4850f6710d4b9854b315e77ff3e084ccd2bb28c3cac80c5906e6f42,MATCHED_ORIGINAL_FILE_BYTES,records/protocol_source/protocol_core.py
records/controlled/formal_run/jobs/cal_cub_fold4/run_manifest.json,config_sha256,fd35c96a75309e92220955172adb644b8e1bcfccf716d6344abca5292376d1ac,MATCHED_ORIGINAL_FILE_BYTES,records/controlled/configs/cal_cub.json
records/controlled/formal_run/jobs/cal_cub_fold4/run_manifest.json,runner_sha256,c630e7742f2354f4ac4f3ae9386b08ce0bf2028dc6d2b4879eda36591e284841,MATCHED_ORIGINAL_FILE_BYTES,records/controlled/scripts/formal_cal_job.py
records/controlled/formal_run/jobs/cal_cub_fold4/run_manifest.json,runtime_sha256,f76e5747cb066907e24549f98709b4fcace26d777eed08e69d66af2bd03ee0e5,MATCHED_ORIGINAL_FILE_BYTES,records/controlled/common/runtime.py
records/controlled/formal_run/jobs/cal_cub_fold4/run_manifest.json,protocol_core_sha256,a4ec8e36e4850f6710d4b9854b315e77ff3e084ccd2bb28c3cac80c5906e6f42,MATCHED_ORIGINAL_FILE_BYTES,records/protocol_source/protocol_core.py
records/controlled/formal_run/jobs/dfag_cars_fold0/run_manifest.json,config_sha256,b4d919e739d25245992b4ed0e9b809e836adac69d7e726c4a89542a788154914,MATCHED_ORIGINAL_FILE_BYTES,records/controlled/configs/dfag_cars.json
records/controlled/formal_run/jobs/dfag_cars_fold0/run_manifest.json,runner_sha256,e6588fe0334b6bcc60cd0070b4dae300a703e9ab3a4c921b0a96b0966a333a0a,MATCHED_ORIGINAL_FILE_BYTES,records/controlled/scripts/formal_single_job.py
records/controlled/formal_run/jobs/dfag_cars_fold0/run_manifest.json,runtime_sha256,f76e5747cb066907e24549f98709b4fcace26d777eed08e69d66af2bd03ee0e5,MATCHED_ORIGINAL_FILE_BYTES,records/controlled/common/runtime.py
records/controlled/formal_run/jobs/dfag_cars_fold0/run_manifest.json,protocol_core_sha256,a4ec8e36e4850f6710d4b9854b315e77ff3e084ccd2bb28c3cac80c5906e6f42,MATCHED_ORIGINAL_FILE_BYTES,records/protocol_source/protocol_core.py
records/controlled/formal_run/jobs/dfag_cars_fold1/run_manifest.json,config_sha256,b4d919e739d25245992b4ed0e9b809e836adac69d7e726c4a89542a788154914,MATCHED_ORIGINAL_FILE_BYTES,records/controlled/configs/dfag_cars.json
records/controlled/formal_run/jobs/dfag_cars_fold1/run_manifest.json,runner_sha256,e6588fe0334b6bcc60cd0070b4dae300a703e9ab3a4c921b0a96b0966a333a0a,MATCHED_ORIGINAL_FILE_BYTES,records/controlled/scripts/formal_single_job.py
records/controlled/formal_run/jobs/dfag_cars_fold1/run_manifest.json,runtime_sha256,f76e5747cb066907e24549f98709b4fcace26d777eed08e69d66af2bd03ee0e5,MATCHED_ORIGINAL_FILE_BYTES,records/controlled/common/runtime.py
records/controlled/formal_run/jobs/dfag_cars_fold1/run_manifest.json,protocol_core_sha256,a4ec8e36e4850f6710d4b9854b315e77ff3e084ccd2bb28c3cac80c5906e6f42,MATCHED_ORIGINAL_FILE_BYTES,records/protocol_source/protocol_core.py
records/controlled/formal_run/jobs/dfag_cars_fold2/run_manifest.json,config_sha256,b4d919e739d25245992b4ed0e9b809e836adac69d7e726c4a89542a788154914,MATCHED_ORIGINAL_FILE_BYTES,records/controlled/configs/dfag_cars.json
records/controlled/formal_run/jobs/dfag_cars_fold2/run_manifest.json,runner_sha256,e6588fe0334b6bcc60cd0070b4dae300a703e9ab3a4c921b0a96b0966a333a0a,MATCHED_ORIGINAL_FILE_BYTES,records/controlled/scripts/formal_single_job.py
records/controlled/formal_run/jobs/dfag_cars_fold2/run_manifest.json,runtime_sha256,f76e5747cb066907e24549f98709b4fcace26d777eed08e69d66af2bd03ee0e5,MATCHED_ORIGINAL_FILE_BYTES,records/controlled/common/runtime.py
records/controlled/formal_run/jobs/dfag_cars_fold2/run_manifest.json,protocol_core_sha256,a4ec8e36e4850f6710d4b9854b315e77ff3e084ccd2bb28c3cac80c5906e6f42,MATCHED_ORIGINAL_FILE_BYTES,records/protocol_source/protocol_core.py
records/controlled/formal_run/jobs/dfag_cars_fold3/run_manifest.json,config_sha256,b4d919e739d25245992b4ed0e9b809e836adac69d7e726c4a89542a788154914,MATCHED_ORIGINAL_FILE_BYTES,records/controlled/configs/dfag_cars.json
records/controlled/formal_run/jobs/dfag_cars_fold3/run_manifest.json,runner_sha256,e6588fe0334b6bcc60cd0070b4dae300a703e9ab3a4c921b0a96b0966a333a0a,MATCHED_ORIGINAL_FILE_BYTES,records/controlled/scripts/formal_single_job.py
records/controlled/formal_run/jobs/dfag_cars_fold3/run_manifest.json,runtime_sha256,f76e5747cb066907e24549f98709b4fcace26d777eed08e69d66af2bd03ee0e5,MATCHED_ORIGINAL_FILE_BYTES,records/controlled/common/runtime.py
records/controlled/formal_run/jobs/dfag_cars_fold3/run_manifest.json,protocol_core_sha256,a4ec8e36e4850f6710d4b9854b315e77ff3e084ccd2bb28c3cac80c5906e6f42,MATCHED_ORIGINAL_FILE_BYTES,records/protocol_source/protocol_core.py
records/controlled/formal_run/jobs/dfag_cars_fold4/run_manifest.json,config_sha256,b4d919e739d25245992b4ed0e9b809e836adac69d7e726c4a89542a788154914,MATCHED_ORIGINAL_FILE_BYTES,records/controlled/configs/dfag_cars.json
records/controlled/formal_run/jobs/dfag_cars_fold4/run_manifest.json,runner_sha256,e6588fe0334b6bcc60cd0070b4dae300a703e9ab3a4c921b0a96b0966a333a0a,MATCHED_ORIGINAL_FILE_BYTES,records/controlled/scripts/formal_single_job.py
records/controlled/formal_run/jobs/dfag_cars_fold4/run_manifest.json,runtime_sha256,f76e5747cb066907e24549f98709b4fcace26d777eed08e69d66af2bd03ee0e5,MATCHED_ORIGINAL_FILE_BYTES,records/controlled/common/runtime.py
records/controlled/formal_run/jobs/dfag_cars_fold4/run_manifest.json,protocol_core_sha256,a4ec8e36e4850f6710d4b9854b315e77ff3e084ccd2bb28c3cac80c5906e6f42,MATCHED_ORIGINAL_FILE_BYTES,records/protocol_source/protocol_core.py
records/controlled/formal_run/jobs/dfag_cub_fold0/run_manifest.json,config_sha256,b9afde9c8408eba229b15f978bd45938e89c387371e2f055d66f8e81f5a155fe,MATCHED_ORIGINAL_FILE_BYTES,records/controlled/configs/dfag_cub.json
records/controlled/formal_run/jobs/dfag_cub_fold0/run_manifest.json,runner_sha256,e6588fe0334b6bcc60cd0070b4dae300a703e9ab3a4c921b0a96b0966a333a0a,MATCHED_ORIGINAL_FILE_BYTES,records/controlled/scripts/formal_single_job.py
records/controlled/formal_run/jobs/dfag_cub_fold0/run_manifest.json,runtime_sha256,f76e5747cb066907e24549f98709b4fcace26d777eed08e69d66af2bd03ee0e5,MATCHED_ORIGINAL_FILE_BYTES,records/controlled/common/runtime.py
records/controlled/formal_run/jobs/dfag_cub_fold0/run_manifest.json,protocol_core_sha256,a4ec8e36e4850f6710d4b9854b315e77ff3e084ccd2bb28c3cac80c5906e6f42,MATCHED_ORIGINAL_FILE_BYTES,records/protocol_source/protocol_core.py
records/controlled/formal_run/jobs/dfag_cub_fold1/run_manifest.json,config_sha256,b9afde9c8408eba229b15f978bd45938e89c387371e2f055d66f8e81f5a155fe,MATCHED_ORIGINAL_FILE_BYTES,records/controlled/configs/dfag_cub.json
records/controlled/formal_run/jobs/dfag_cub_fold1/run_manifest.json,runner_sha256,e6588fe0334b6bcc60cd0070b4dae300a703e9ab3a4c921b0a96b0966a333a0a,MATCHED_ORIGINAL_FILE_BYTES,records/controlled/scripts/formal_single_job.py
records/controlled/formal_run/jobs/dfag_cub_fold1/run_manifest.json,runtime_sha256,f76e5747cb066907e24549f98709b4fcace26d777eed08e69d66af2bd03ee0e5,MATCHED_ORIGINAL_FILE_BYTES,records/controlled/common/runtime.py
records/controlled/formal_run/jobs/dfag_cub_fold1/run_manifest.json,protocol_core_sha256,a4ec8e36e4850f6710d4b9854b315e77ff3e084ccd2bb28c3cac80c5906e6f42,MATCHED_ORIGINAL_FILE_BYTES,records/protocol_source/protocol_core.py
records/controlled/formal_run/jobs/dfag_cub_fold2/run_manifest.json,config_sha256,b9afde9c8408eba229b15f978bd45938e89c387371e2f055d66f8e81f5a155fe,MATCHED_ORIGINAL_FILE_BYTES,records/controlled/configs/dfag_cub.json
records/controlled/formal_run/jobs/dfag_cub_fold2/run_manifest.json,runner_sha256,e6588fe0334b6bcc60cd0070b4dae300a703e9ab3a4c921b0a96b0966a333a0a,MATCHED_ORIGINAL_FILE_BYTES,records/controlled/scripts/formal_single_job.py
records/controlled/formal_run/jobs/dfag_cub_fold2/run_manifest.json,runtime_sha256,f76e5747cb066907e24549f98709b4fcace26d777eed08e69d66af2bd03ee0e5,MATCHED_ORIGINAL_FILE_BYTES,records/controlled/common/runtime.py
records/controlled/formal_run/jobs/dfag_cub_fold2/run_manifest.json,protocol_core_sha256,a4ec8e36e4850f6710d4b9854b315e77ff3e084ccd2bb28c3cac80c5906e6f42,MATCHED_ORIGINAL_FILE_BYTES,records/protocol_source/protocol_core.py
records/controlled/formal_run/jobs/dfag_cub_fold3/run_manifest.json,config_sha256,b9afde9c8408eba229b15f978bd45938e89c387371e2f055d66f8e81f5a155fe,MATCHED_ORIGINAL_FILE_BYTES,records/controlled/configs/dfag_cub.json
records/controlled/formal_run/jobs/dfag_cub_fold3/run_manifest.json,runner_sha256,e6588fe0334b6bcc60cd0070b4dae300a703e9ab3a4c921b0a96b0966a333a0a,MATCHED_ORIGINAL_FILE_BYTES,records/controlled/scripts/formal_single_job.py
records/controlled/formal_run/jobs/dfag_cub_fold3/run_manifest.json,runtime_sha256,f76e5747cb066907e24549f98709b4fcace26d777eed08e69d66af2bd03ee0e5,MATCHED_ORIGINAL_FILE_BYTES,records/controlled/common/runtime.py
records/controlled/formal_run/jobs/dfag_cub_fold3/run_manifest.json,protocol_core_sha256,a4ec8e36e4850f6710d4b9854b315e77ff3e084ccd2bb28c3cac80c5906e6f42,MATCHED_ORIGINAL_FILE_BYTES,records/protocol_source/protocol_core.py
records/controlled/formal_run/jobs/dfag_cub_fold4/run_manifest.json,config_sha256,b9afde9c8408eba229b15f978bd45938e89c387371e2f055d66f8e81f5a155fe,MATCHED_ORIGINAL_FILE_BYTES,records/controlled/configs/dfag_cub.json
records/controlled/formal_run/jobs/dfag_cub_fold4/run_manifest.json,runner_sha256,e6588fe0334b6bcc60cd0070b4dae300a703e9ab3a4c921b0a96b0966a333a0a,MATCHED_ORIGINAL_FILE_BYTES,records/controlled/scripts/formal_single_job.py
records/controlled/formal_run/jobs/dfag_cub_fold4/run_manifest.json,runtime_sha256,f76e5747cb066907e24549f98709b4fcace26d777eed08e69d66af2bd03ee0e5,MATCHED_ORIGINAL_FILE_BYTES,records/controlled/common/runtime.py
records/controlled/formal_run/jobs/dfag_cub_fold4/run_manifest.json,protocol_core_sha256,a4ec8e36e4850f6710d4b9854b315e77ff3e084ccd2bb28c3cac80c5906e6f42,MATCHED_ORIGINAL_FILE_BYTES,records/protocol_source/protocol_core.py
records/controlled/formal_run/jobs/l2_sp_cars_fold0/run_manifest.json,config_sha256,5af7842381f758cfaf57a25e8c586339aa0e35c855d326b5339fd85cd1341d60,MATCHED_ORIGINAL_FILE_BYTES,records/controlled/configs/l2_sp_cars.json
records/controlled/formal_run/jobs/l2_sp_cars_fold0/run_manifest.json,runner_sha256,e6588fe0334b6bcc60cd0070b4dae300a703e9ab3a4c921b0a96b0966a333a0a,MATCHED_ORIGINAL_FILE_BYTES,records/controlled/scripts/formal_single_job.py
records/controlled/formal_run/jobs/l2_sp_cars_fold0/run_manifest.json,runtime_sha256,f76e5747cb066907e24549f98709b4fcace26d777eed08e69d66af2bd03ee0e5,MATCHED_ORIGINAL_FILE_BYTES,records/controlled/common/runtime.py
records/controlled/formal_run/jobs/l2_sp_cars_fold0/run_manifest.json,protocol_core_sha256,a4ec8e36e4850f6710d4b9854b315e77ff3e084ccd2bb28c3cac80c5906e6f42,MATCHED_ORIGINAL_FILE_BYTES,records/protocol_source/protocol_core.py
records/controlled/formal_run/jobs/l2_sp_cars_fold1/run_manifest.json,config_sha256,5af7842381f758cfaf57a25e8c586339aa0e35c855d326b5339fd85cd1341d60,MATCHED_ORIGINAL_FILE_BYTES,records/controlled/configs/l2_sp_cars.json
records/controlled/formal_run/jobs/l2_sp_cars_fold1/run_manifest.json,runner_sha256,e6588fe0334b6bcc60cd0070b4dae300a703e9ab3a4c921b0a96b0966a333a0a,MATCHED_ORIGINAL_FILE_BYTES,records/controlled/scripts/formal_single_job.py
records/controlled/formal_run/jobs/l2_sp_cars_fold1/run_manifest.json,runtime_sha256,f76e5747cb066907e24549f98709b4fcace26d777eed08e69d66af2bd03ee0e5,MATCHED_ORIGINAL_FILE_BYTES,records/controlled/common/runtime.py
records/controlled/formal_run/jobs/l2_sp_cars_fold1/run_manifest.json,protocol_core_sha256,a4ec8e36e4850f6710d4b9854b315e77ff3e084ccd2bb28c3cac80c5906e6f42,MATCHED_ORIGINAL_FILE_BYTES,records/protocol_source/protocol_core.py
records/controlled/formal_run/jobs/l2_sp_cars_fold2/run_manifest.json,config_sha256,5af7842381f758cfaf57a25e8c586339aa0e35c855d326b5339fd85cd1341d60,MATCHED_ORIGINAL_FILE_BYTES,records/controlled/configs/l2_sp_cars.json
records/controlled/formal_run/jobs/l2_sp_cars_fold2/run_manifest.json,runner_sha256,e6588fe0334b6bcc60cd0070b4dae300a703e9ab3a4c921b0a96b0966a333a0a,MATCHED_ORIGINAL_FILE_BYTES,records/controlled/scripts/formal_single_job.py
records/controlled/formal_run/jobs/l2_sp_cars_fold2/run_manifest.json,runtime_sha256,f76e5747cb066907e24549f98709b4fcace26d777eed08e69d66af2bd03ee0e5,MATCHED_ORIGINAL_FILE_BYTES,records/controlled/common/runtime.py
records/controlled/formal_run/jobs/l2_sp_cars_fold2/run_manifest.json,protocol_core_sha256,a4ec8e36e4850f6710d4b9854b315e77ff3e084ccd2bb28c3cac80c5906e6f42,MATCHED_ORIGINAL_FILE_BYTES,records/protocol_source/protocol_core.py
records/controlled/formal_run/jobs/l2_sp_cars_fold3/run_manifest.json,config_sha256,5af7842381f758cfaf57a25e8c586339aa0e35c855d326b5339fd85cd1341d60,MATCHED_ORIGINAL_FILE_BYTES,records/controlled/configs/l2_sp_cars.json
records/controlled/formal_run/jobs/l2_sp_cars_fold3/run_manifest.json,runner_sha256,e6588fe0334b6bcc60cd0070b4dae300a703e9ab3a4c921b0a96b0966a333a0a,MATCHED_ORIGINAL_FILE_BYTES,records/controlled/scripts/formal_single_job.py
records/controlled/formal_run/jobs/l2_sp_cars_fold3/run_manifest.json,runtime_sha256,f76e5747cb066907e24549f98709b4fcace26d777eed08e69d66af2bd03ee0e5,MATCHED_ORIGINAL_FILE_BYTES,records/controlled/common/runtime.py
records/controlled/formal_run/jobs/l2_sp_cars_fold3/run_manifest.json,protocol_core_sha256,a4ec8e36e4850f6710d4b9854b315e77ff3e084ccd2bb28c3cac80c5906e6f42,MATCHED_ORIGINAL_FILE_BYTES,records/protocol_source/protocol_core.py
records/controlled/formal_run/jobs/l2_sp_cars_fold4/run_manifest.json,config_sha256,5af7842381f758cfaf57a25e8c586339aa0e35c855d326b5339fd85cd1341d60,MATCHED_ORIGINAL_FILE_BYTES,records/controlled/configs/l2_sp_cars.json
records/controlled/formal_run/jobs/l2_sp_cars_fold4/run_manifest.json,runner_sha256,e6588fe0334b6bcc60cd0070b4dae300a703e9ab3a4c921b0a96b0966a333a0a,MATCHED_ORIGINAL_FILE_BYTES,records/controlled/scripts/formal_single_job.py
records/controlled/formal_run/jobs/l2_sp_cars_fold4/run_manifest.json,runtime_sha256,f76e5747cb066907e24549f98709b4fcace26d777eed08e69d66af2bd03ee0e5,MATCHED_ORIGINAL_FILE_BYTES,records/controlled/common/runtime.py
records/controlled/formal_run/jobs/l2_sp_cars_fold4/run_manifest.json,protocol_core_sha256,a4ec8e36e4850f6710d4b9854b315e77ff3e084ccd2bb28c3cac80c5906e6f42,MATCHED_ORIGINAL_FILE_BYTES,records/protocol_source/protocol_core.py
records/controlled/formal_run/jobs/l2_sp_cub_fold0/run_manifest.json,config_sha256,067c2c4a04c9183642a4c94527341176226ef896c9f5ba7dffc560dd8fa31d2f,MATCHED_ORIGINAL_FILE_BYTES,records/controlled/configs/l2_sp_cub.json
records/controlled/formal_run/jobs/l2_sp_cub_fold0/run_manifest.json,runner_sha256,e6588fe0334b6bcc60cd0070b4dae300a703e9ab3a4c921b0a96b0966a333a0a,MATCHED_ORIGINAL_FILE_BYTES,records/controlled/scripts/formal_single_job.py
records/controlled/formal_run/jobs/l2_sp_cub_fold0/run_manifest.json,runtime_sha256,f76e5747cb066907e24549f98709b4fcace26d777eed08e69d66af2bd03ee0e5,MATCHED_ORIGINAL_FILE_BYTES,records/controlled/common/runtime.py
records/controlled/formal_run/jobs/l2_sp_cub_fold0/run_manifest.json,protocol_core_sha256,a4ec8e36e4850f6710d4b9854b315e77ff3e084ccd2bb28c3cac80c5906e6f42,MATCHED_ORIGINAL_FILE_BYTES,records/protocol_source/protocol_core.py
records/controlled/formal_run/jobs/l2_sp_cub_fold1/run_manifest.json,config_sha256,067c2c4a04c9183642a4c94527341176226ef896c9f5ba7dffc560dd8fa31d2f,MATCHED_ORIGINAL_FILE_BYTES,records/controlled/configs/l2_sp_cub.json
records/controlled/formal_run/jobs/l2_sp_cub_fold1/run_manifest.json,runner_sha256,e6588fe0334b6bcc60cd0070b4dae300a703e9ab3a4c921b0a96b0966a333a0a,MATCHED_ORIGINAL_FILE_BYTES,records/controlled/scripts/formal_single_job.py
records/controlled/formal_run/jobs/l2_sp_cub_fold1/run_manifest.json,runtime_sha256,f76e5747cb066907e24549f98709b4fcace26d777eed08e69d66af2bd03ee0e5,MATCHED_ORIGINAL_FILE_BYTES,records/controlled/common/runtime.py
records/controlled/formal_run/jobs/l2_sp_cub_fold1/run_manifest.json,protocol_core_sha256,a4ec8e36e4850f6710d4b9854b315e77ff3e084ccd2bb28c3cac80c5906e6f42,MATCHED_ORIGINAL_FILE_BYTES,records/protocol_source/protocol_core.py
records/controlled/formal_run/jobs/l2_sp_cub_fold2/run_manifest.json,config_sha256,067c2c4a04c9183642a4c94527341176226ef896c9f5ba7dffc560dd8fa31d2f,MATCHED_ORIGINAL_FILE_BYTES,records/controlled/configs/l2_sp_cub.json
records/controlled/formal_run/jobs/l2_sp_cub_fold2/run_manifest.json,runner_sha256,e6588fe0334b6bcc60cd0070b4dae300a703e9ab3a4c921b0a96b0966a333a0a,MATCHED_ORIGINAL_FILE_BYTES,records/controlled/scripts/formal_single_job.py
records/controlled/formal_run/jobs/l2_sp_cub_fold2/run_manifest.json,runtime_sha256,f76e5747cb066907e24549f98709b4fcace26d777eed08e69d66af2bd03ee0e5,MATCHED_ORIGINAL_FILE_BYTES,records/controlled/common/runtime.py
records/controlled/formal_run/jobs/l2_sp_cub_fold2/run_manifest.json,protocol_core_sha256,a4ec8e36e4850f6710d4b9854b315e77ff3e084ccd2bb28c3cac80c5906e6f42,MATCHED_ORIGINAL_FILE_BYTES,records/protocol_source/protocol_core.py
records/controlled/formal_run/jobs/l2_sp_cub_fold3/run_manifest.json,config_sha256,067c2c4a04c9183642a4c94527341176226ef896c9f5ba7dffc560dd8fa31d2f,MATCHED_ORIGINAL_FILE_BYTES,records/controlled/configs/l2_sp_cub.json
records/controlled/formal_run/jobs/l2_sp_cub_fold3/run_manifest.json,runner_sha256,e6588fe0334b6bcc60cd0070b4dae300a703e9ab3a4c921b0a96b0966a333a0a,MATCHED_ORIGINAL_FILE_BYTES,records/controlled/scripts/formal_single_job.py
records/controlled/formal_run/jobs/l2_sp_cub_fold3/run_manifest.json,runtime_sha256,f76e5747cb066907e24549f98709b4fcace26d777eed08e69d66af2bd03ee0e5,MATCHED_ORIGINAL_FILE_BYTES,records/controlled/common/runtime.py
records/controlled/formal_run/jobs/l2_sp_cub_fold3/run_manifest.json,protocol_core_sha256,a4ec8e36e4850f6710d4b9854b315e77ff3e084ccd2bb28c3cac80c5906e6f42,MATCHED_ORIGINAL_FILE_BYTES,records/protocol_source/protocol_core.py
records/controlled/formal_run/jobs/l2_sp_cub_fold4/run_manifest.json,config_sha256,067c2c4a04c9183642a4c94527341176226ef896c9f5ba7dffc560dd8fa31d2f,MATCHED_ORIGINAL_FILE_BYTES,records/controlled/configs/l2_sp_cub.json
records/controlled/formal_run/jobs/l2_sp_cub_fold4/run_manifest.json,runner_sha256,e6588fe0334b6bcc60cd0070b4dae300a703e9ab3a4c921b0a96b0966a333a0a,MATCHED_ORIGINAL_FILE_BYTES,records/controlled/scripts/formal_single_job.py
records/controlled/formal_run/jobs/l2_sp_cub_fold4/run_manifest.json,runtime_sha256,f76e5747cb066907e24549f98709b4fcace26d777eed08e69d66af2bd03ee0e5,MATCHED_ORIGINAL_FILE_BYTES,records/controlled/common/runtime.py
records/controlled/formal_run/jobs/l2_sp_cub_fold4/run_manifest.json,protocol_core_sha256,a4ec8e36e4850f6710d4b9854b315e77ff3e084ccd2bb28c3cac80c5906e6f42,MATCHED_ORIGINAL_FILE_BYTES,records/protocol_source/protocol_core.py
records/controlled/formal_run/jobs/mc_loss_cars_fold0/run_manifest.json,config_sha256,af666e9a64aafed6f249251397c477ca5dd634fce6e2317d74b8f6cf71f58691,MATCHED_ORIGINAL_FILE_BYTES,records/controlled/configs/mc_loss_cars.json
records/controlled/formal_run/jobs/mc_loss_cars_fold0/run_manifest.json,runner_sha256,e6588fe0334b6bcc60cd0070b4dae300a703e9ab3a4c921b0a96b0966a333a0a,MATCHED_ORIGINAL_FILE_BYTES,records/controlled/scripts/formal_single_job.py
records/controlled/formal_run/jobs/mc_loss_cars_fold0/run_manifest.json,runtime_sha256,f76e5747cb066907e24549f98709b4fcace26d777eed08e69d66af2bd03ee0e5,MATCHED_ORIGINAL_FILE_BYTES,records/controlled/common/runtime.py
records/controlled/formal_run/jobs/mc_loss_cars_fold0/run_manifest.json,protocol_core_sha256,a4ec8e36e4850f6710d4b9854b315e77ff3e084ccd2bb28c3cac80c5906e6f42,MATCHED_ORIGINAL_FILE_BYTES,records/protocol_source/protocol_core.py
records/controlled/formal_run/jobs/mc_loss_cars_fold1/run_manifest.json,config_sha256,af666e9a64aafed6f249251397c477ca5dd634fce6e2317d74b8f6cf71f58691,MATCHED_ORIGINAL_FILE_BYTES,records/controlled/configs/mc_loss_cars.json
records/controlled/formal_run/jobs/mc_loss_cars_fold1/run_manifest.json,runner_sha256,e6588fe0334b6bcc60cd0070b4dae300a703e9ab3a4c921b0a96b0966a333a0a,MATCHED_ORIGINAL_FILE_BYTES,records/controlled/scripts/formal_single_job.py
records/controlled/formal_run/jobs/mc_loss_cars_fold1/run_manifest.json,runtime_sha256,f76e5747cb066907e24549f98709b4fcace26d777eed08e69d66af2bd03ee0e5,MATCHED_ORIGINAL_FILE_BYTES,records/controlled/common/runtime.py
records/controlled/formal_run/jobs/mc_loss_cars_fold1/run_manifest.json,protocol_core_sha256,a4ec8e36e4850f6710d4b9854b315e77ff3e084ccd2bb28c3cac80c5906e6f42,MATCHED_ORIGINAL_FILE_BYTES,records/protocol_source/protocol_core.py
records/controlled/formal_run/jobs/mc_loss_cars_fold2/run_manifest.json,config_sha256,af666e9a64aafed6f249251397c477ca5dd634fce6e2317d74b8f6cf71f58691,MATCHED_ORIGINAL_FILE_BYTES,records/controlled/configs/mc_loss_cars.json
records/controlled/formal_run/jobs/mc_loss_cars_fold2/run_manifest.json,runner_sha256,e6588fe0334b6bcc60cd0070b4dae300a703e9ab3a4c921b0a96b0966a333a0a,MATCHED_ORIGINAL_FILE_BYTES,records/controlled/scripts/formal_single_job.py
records/controlled/formal_run/jobs/mc_loss_cars_fold2/run_manifest.json,runtime_sha256,f76e5747cb066907e24549f98709b4fcace26d777eed08e69d66af2bd03ee0e5,MATCHED_ORIGINAL_FILE_BYTES,records/controlled/common/runtime.py
records/controlled/formal_run/jobs/mc_loss_cars_fold2/run_manifest.json,protocol_core_sha256,a4ec8e36e4850f6710d4b9854b315e77ff3e084ccd2bb28c3cac80c5906e6f42,MATCHED_ORIGINAL_FILE_BYTES,records/protocol_source/protocol_core.py
records/controlled/formal_run/jobs/mc_loss_cars_fold3/run_manifest.json,config_sha256,af666e9a64aafed6f249251397c477ca5dd634fce6e2317d74b8f6cf71f58691,MATCHED_ORIGINAL_FILE_BYTES,records/controlled/configs/mc_loss_cars.json
records/controlled/formal_run/jobs/mc_loss_cars_fold3/run_manifest.json,runner_sha256,e6588fe0334b6bcc60cd0070b4dae300a703e9ab3a4c921b0a96b0966a333a0a,MATCHED_ORIGINAL_FILE_BYTES,records/controlled/scripts/formal_single_job.py
records/controlled/formal_run/jobs/mc_loss_cars_fold3/run_manifest.json,runtime_sha256,f76e5747cb066907e24549f98709b4fcace26d777eed08e69d66af2bd03ee0e5,MATCHED_ORIGINAL_FILE_BYTES,records/controlled/common/runtime.py
records/controlled/formal_run/jobs/mc_loss_cars_fold3/run_manifest.json,protocol_core_sha256,a4ec8e36e4850f6710d4b9854b315e77ff3e084ccd2bb28c3cac80c5906e6f42,MATCHED_ORIGINAL_FILE_BYTES,records/protocol_source/protocol_core.py
records/controlled/formal_run/jobs/mc_loss_cars_fold4/run_manifest.json,config_sha256,af666e9a64aafed6f249251397c477ca5dd634fce6e2317d74b8f6cf71f58691,MATCHED_ORIGINAL_FILE_BYTES,records/controlled/configs/mc_loss_cars.json
records/controlled/formal_run/jobs/mc_loss_cars_fold4/run_manifest.json,runner_sha256,e6588fe0334b6bcc60cd0070b4dae300a703e9ab3a4c921b0a96b0966a333a0a,MATCHED_ORIGINAL_FILE_BYTES,records/controlled/scripts/formal_single_job.py
records/controlled/formal_run/jobs/mc_loss_cars_fold4/run_manifest.json,runtime_sha256,f76e5747cb066907e24549f98709b4fcace26d777eed08e69d66af2bd03ee0e5,MATCHED_ORIGINAL_FILE_BYTES,records/controlled/common/runtime.py
records/controlled/formal_run/jobs/mc_loss_cars_fold4/run_manifest.json,protocol_core_sha256,a4ec8e36e4850f6710d4b9854b315e77ff3e084ccd2bb28c3cac80c5906e6f42,MATCHED_ORIGINAL_FILE_BYTES,records/protocol_source/protocol_core.py
records/controlled/formal_run/jobs/mc_loss_cub_fold0/run_manifest.json,config_sha256,9f38209114009fe341a1b53c3323ec2629a36815021cff9bb2fe55b059bba59b,MATCHED_ORIGINAL_FILE_BYTES,records/controlled/configs/mc_loss_cub.json
records/controlled/formal_run/jobs/mc_loss_cub_fold0/run_manifest.json,runner_sha256,e6588fe0334b6bcc60cd0070b4dae300a703e9ab3a4c921b0a96b0966a333a0a,MATCHED_ORIGINAL_FILE_BYTES,records/controlled/scripts/formal_single_job.py
records/controlled/formal_run/jobs/mc_loss_cub_fold0/run_manifest.json,runtime_sha256,f76e5747cb066907e24549f98709b4fcace26d777eed08e69d66af2bd03ee0e5,MATCHED_ORIGINAL_FILE_BYTES,records/controlled/common/runtime.py
records/controlled/formal_run/jobs/mc_loss_cub_fold0/run_manifest.json,protocol_core_sha256,a4ec8e36e4850f6710d4b9854b315e77ff3e084ccd2bb28c3cac80c5906e6f42,MATCHED_ORIGINAL_FILE_BYTES,records/protocol_source/protocol_core.py
records/controlled/formal_run/jobs/mc_loss_cub_fold1/run_manifest.json,config_sha256,9f38209114009fe341a1b53c3323ec2629a36815021cff9bb2fe55b059bba59b,MATCHED_ORIGINAL_FILE_BYTES,records/controlled/configs/mc_loss_cub.json
records/controlled/formal_run/jobs/mc_loss_cub_fold1/run_manifest.json,runner_sha256,e6588fe0334b6bcc60cd0070b4dae300a703e9ab3a4c921b0a96b0966a333a0a,MATCHED_ORIGINAL_FILE_BYTES,records/controlled/scripts/formal_single_job.py
records/controlled/formal_run/jobs/mc_loss_cub_fold1/run_manifest.json,runtime_sha256,f76e5747cb066907e24549f98709b4fcace26d777eed08e69d66af2bd03ee0e5,MATCHED_ORIGINAL_FILE_BYTES,records/controlled/common/runtime.py
records/controlled/formal_run/jobs/mc_loss_cub_fold1/run_manifest.json,protocol_core_sha256,a4ec8e36e4850f6710d4b9854b315e77ff3e084ccd2bb28c3cac80c5906e6f42,MATCHED_ORIGINAL_FILE_BYTES,records/protocol_source/protocol_core.py
records/controlled/formal_run/jobs/mc_loss_cub_fold2/run_manifest.json,config_sha256,9f38209114009fe341a1b53c3323ec2629a36815021cff9bb2fe55b059bba59b,MATCHED_ORIGINAL_FILE_BYTES,records/controlled/configs/mc_loss_cub.json
records/controlled/formal_run/jobs/mc_loss_cub_fold2/run_manifest.json,runner_sha256,e6588fe0334b6bcc60cd0070b4dae300a703e9ab3a4c921b0a96b0966a333a0a,MATCHED_ORIGINAL_FILE_BYTES,records/controlled/scripts/formal_single_job.py
records/controlled/formal_run/jobs/mc_loss_cub_fold2/run_manifest.json,runtime_sha256,f76e5747cb066907e24549f98709b4fcace26d777eed08e69d66af2bd03ee0e5,MATCHED_ORIGINAL_FILE_BYTES,records/controlled/common/runtime.py
records/controlled/formal_run/jobs/mc_loss_cub_fold2/run_manifest.json,protocol_core_sha256,a4ec8e36e4850f6710d4b9854b315e77ff3e084ccd2bb28c3cac80c5906e6f42,MATCHED_ORIGINAL_FILE_BYTES,records/protocol_source/protocol_core.py
records/controlled/formal_run/jobs/mc_loss_cub_fold3/run_manifest.json,config_sha256,9f38209114009fe341a1b53c3323ec2629a36815021cff9bb2fe55b059bba59b,MATCHED_ORIGINAL_FILE_BYTES,records/controlled/configs/mc_loss_cub.json
records/controlled/formal_run/jobs/mc_loss_cub_fold3/run_manifest.json,runner_sha256,e6588fe0334b6bcc60cd0070b4dae300a703e9ab3a4c921b0a96b0966a333a0a,MATCHED_ORIGINAL_FILE_BYTES,records/controlled/scripts/formal_single_job.py
records/controlled/formal_run/jobs/mc_loss_cub_fold3/run_manifest.json,runtime_sha256,f76e5747cb066907e24549f98709b4fcace26d777eed08e69d66af2bd03ee0e5,MATCHED_ORIGINAL_FILE_BYTES,records/controlled/common/runtime.py
records/controlled/formal_run/jobs/mc_loss_cub_fold3/run_manifest.json,protocol_core_sha256,a4ec8e36e4850f6710d4b9854b315e77ff3e084ccd2bb28c3cac80c5906e6f42,MATCHED_ORIGINAL_FILE_BYTES,records/protocol_source/protocol_core.py
records/controlled/formal_run/jobs/mc_loss_cub_fold4/run_manifest.json,config_sha256,9f38209114009fe341a1b53c3323ec2629a36815021cff9bb2fe55b059bba59b,MATCHED_ORIGINAL_FILE_BYTES,records/controlled/configs/mc_loss_cub.json
records/controlled/formal_run/jobs/mc_loss_cub_fold4/run_manifest.json,runner_sha256,e6588fe0334b6bcc60cd0070b4dae300a703e9ab3a4c921b0a96b0966a333a0a,MATCHED_ORIGINAL_FILE_BYTES,records/controlled/scripts/formal_single_job.py
records/controlled/formal_run/jobs/mc_loss_cub_fold4/run_manifest.json,runtime_sha256,f76e5747cb066907e24549f98709b4fcace26d777eed08e69d66af2bd03ee0e5,MATCHED_ORIGINAL_FILE_BYTES,records/controlled/common/runtime.py
records/controlled/formal_run/jobs/mc_loss_cub_fold4/run_manifest.json,protocol_core_sha256,a4ec8e36e4850f6710d4b9854b315e77ff3e084ccd2bb28c3cac80c5906e6f42,MATCHED_ORIGINAL_FILE_BYTES,records/protocol_source/protocol_core.py
records/controlled/formal_run/jobs/ours_ft_cars_fold0/run_manifest.json,config_sha256,012e845433ff36e49e1508aab3a0b0c6e478891d1473a69ee3fb3bf965d280cb,MATCHED_ORIGINAL_FILE_BYTES,records/controlled/configs/ours_ft_cars.json
records/controlled/formal_run/jobs/ours_ft_cars_fold0/run_manifest.json,runner_sha256,e6588fe0334b6bcc60cd0070b4dae300a703e9ab3a4c921b0a96b0966a333a0a,MATCHED_ORIGINAL_FILE_BYTES,records/controlled/scripts/formal_single_job.py
records/controlled/formal_run/jobs/ours_ft_cars_fold0/run_manifest.json,runtime_sha256,f76e5747cb066907e24549f98709b4fcace26d777eed08e69d66af2bd03ee0e5,MATCHED_ORIGINAL_FILE_BYTES,records/controlled/common/runtime.py
records/controlled/formal_run/jobs/ours_ft_cars_fold0/run_manifest.json,protocol_core_sha256,a4ec8e36e4850f6710d4b9854b315e77ff3e084ccd2bb28c3cac80c5906e6f42,MATCHED_ORIGINAL_FILE_BYTES,records/protocol_source/protocol_core.py
records/controlled/formal_run/jobs/ours_ft_cars_fold1/run_manifest.json,config_sha256,012e845433ff36e49e1508aab3a0b0c6e478891d1473a69ee3fb3bf965d280cb,MATCHED_ORIGINAL_FILE_BYTES,records/controlled/configs/ours_ft_cars.json
records/controlled/formal_run/jobs/ours_ft_cars_fold1/run_manifest.json,runner_sha256,e6588fe0334b6bcc60cd0070b4dae300a703e9ab3a4c921b0a96b0966a333a0a,MATCHED_ORIGINAL_FILE_BYTES,records/controlled/scripts/formal_single_job.py
records/controlled/formal_run/jobs/ours_ft_cars_fold1/run_manifest.json,runtime_sha256,f76e5747cb066907e24549f98709b4fcace26d777eed08e69d66af2bd03ee0e5,MATCHED_ORIGINAL_FILE_BYTES,records/controlled/common/runtime.py
records/controlled/formal_run/jobs/ours_ft_cars_fold1/run_manifest.json,protocol_core_sha256,a4ec8e36e4850f6710d4b9854b315e77ff3e084ccd2bb28c3cac80c5906e6f42,MATCHED_ORIGINAL_FILE_BYTES,records/protocol_source/protocol_core.py
records/controlled/formal_run/jobs/ours_ft_cars_fold2/run_manifest.json,config_sha256,012e845433ff36e49e1508aab3a0b0c6e478891d1473a69ee3fb3bf965d280cb,MATCHED_ORIGINAL_FILE_BYTES,records/controlled/configs/ours_ft_cars.json
records/controlled/formal_run/jobs/ours_ft_cars_fold2/run_manifest.json,runner_sha256,e6588fe0334b6bcc60cd0070b4dae300a703e9ab3a4c921b0a96b0966a333a0a,MATCHED_ORIGINAL_FILE_BYTES,records/controlled/scripts/formal_single_job.py
records/controlled/formal_run/jobs/ours_ft_cars_fold2/run_manifest.json,runtime_sha256,f76e5747cb066907e24549f98709b4fcace26d777eed08e69d66af2bd03ee0e5,MATCHED_ORIGINAL_FILE_BYTES,records/controlled/common/runtime.py
records/controlled/formal_run/jobs/ours_ft_cars_fold2/run_manifest.json,protocol_core_sha256,a4ec8e36e4850f6710d4b9854b315e77ff3e084ccd2bb28c3cac80c5906e6f42,MATCHED_ORIGINAL_FILE_BYTES,records/protocol_source/protocol_core.py
records/controlled/formal_run/jobs/ours_ft_cars_fold3/run_manifest.json,config_sha256,012e845433ff36e49e1508aab3a0b0c6e478891d1473a69ee3fb3bf965d280cb,MATCHED_ORIGINAL_FILE_BYTES,records/controlled/configs/ours_ft_cars.json
records/controlled/formal_run/jobs/ours_ft_cars_fold3/run_manifest.json,runner_sha256,e6588fe0334b6bcc60cd0070b4dae300a703e9ab3a4c921b0a96b0966a333a0a,MATCHED_ORIGINAL_FILE_BYTES,records/controlled/scripts/formal_single_job.py
records/controlled/formal_run/jobs/ours_ft_cars_fold3/run_manifest.json,runtime_sha256,f76e5747cb066907e24549f98709b4fcace26d777eed08e69d66af2bd03ee0e5,MATCHED_ORIGINAL_FILE_BYTES,records/controlled/common/runtime.py
records/controlled/formal_run/jobs/ours_ft_cars_fold3/run_manifest.json,protocol_core_sha256,a4ec8e36e4850f6710d4b9854b315e77ff3e084ccd2bb28c3cac80c5906e6f42,MATCHED_ORIGINAL_FILE_BYTES,records/protocol_source/protocol_core.py
records/controlled/formal_run/jobs/ours_ft_cars_fold4/run_manifest.json,config_sha256,012e845433ff36e49e1508aab3a0b0c6e478891d1473a69ee3fb3bf965d280cb,MATCHED_ORIGINAL_FILE_BYTES,records/controlled/configs/ours_ft_cars.json
records/controlled/formal_run/jobs/ours_ft_cars_fold4/run_manifest.json,runner_sha256,e6588fe0334b6bcc60cd0070b4dae300a703e9ab3a4c921b0a96b0966a333a0a,MATCHED_ORIGINAL_FILE_BYTES,records/controlled/scripts/formal_single_job.py
records/controlled/formal_run/jobs/ours_ft_cars_fold4/run_manifest.json,runtime_sha256,f76e5747cb066907e24549f98709b4fcace26d777eed08e69d66af2bd03ee0e5,MATCHED_ORIGINAL_FILE_BYTES,records/controlled/common/runtime.py
records/controlled/formal_run/jobs/ours_ft_cars_fold4/run_manifest.json,protocol_core_sha256,a4ec8e36e4850f6710d4b9854b315e77ff3e084ccd2bb28c3cac80c5906e6f42,MATCHED_ORIGINAL_FILE_BYTES,records/protocol_source/protocol_core.py
records/controlled/formal_run/jobs/ours_ft_cub_fold0/run_manifest.json,config_sha256,e36a0d032a4dab44e6842025eb0f5473708656a3d3a985fbeb8f24c64012fdef,MATCHED_ORIGINAL_FILE_BYTES,records/controlled/configs/ours_ft_cub.json
records/controlled/formal_run/jobs/ours_ft_cub_fold0/run_manifest.json,runner_sha256,e6588fe0334b6bcc60cd0070b4dae300a703e9ab3a4c921b0a96b0966a333a0a,MATCHED_ORIGINAL_FILE_BYTES,records/controlled/scripts/formal_single_job.py
records/controlled/formal_run/jobs/ours_ft_cub_fold0/run_manifest.json,runtime_sha256,f76e5747cb066907e24549f98709b4fcace26d777eed08e69d66af2bd03ee0e5,MATCHED_ORIGINAL_FILE_BYTES,records/controlled/common/runtime.py
records/controlled/formal_run/jobs/ours_ft_cub_fold0/run_manifest.json,protocol_core_sha256,a4ec8e36e4850f6710d4b9854b315e77ff3e084ccd2bb28c3cac80c5906e6f42,MATCHED_ORIGINAL_FILE_BYTES,records/protocol_source/protocol_core.py
records/controlled/formal_run/jobs/ours_ft_cub_fold1/run_manifest.json,config_sha256,e36a0d032a4dab44e6842025eb0f5473708656a3d3a985fbeb8f24c64012fdef,MATCHED_ORIGINAL_FILE_BYTES,records/controlled/configs/ours_ft_cub.json
records/controlled/formal_run/jobs/ours_ft_cub_fold1/run_manifest.json,runner_sha256,e6588fe0334b6bcc60cd0070b4dae300a703e9ab3a4c921b0a96b0966a333a0a,MATCHED_ORIGINAL_FILE_BYTES,records/controlled/scripts/formal_single_job.py
records/controlled/formal_run/jobs/ours_ft_cub_fold1/run_manifest.json,runtime_sha256,f76e5747cb066907e24549f98709b4fcace26d777eed08e69d66af2bd03ee0e5,MATCHED_ORIGINAL_FILE_BYTES,records/controlled/common/runtime.py
records/controlled/formal_run/jobs/ours_ft_cub_fold1/run_manifest.json,protocol_core_sha256,a4ec8e36e4850f6710d4b9854b315e77ff3e084ccd2bb28c3cac80c5906e6f42,MATCHED_ORIGINAL_FILE_BYTES,records/protocol_source/protocol_core.py
records/controlled/formal_run/jobs/ours_ft_cub_fold2/run_manifest.json,config_sha256,e36a0d032a4dab44e6842025eb0f5473708656a3d3a985fbeb8f24c64012fdef,MATCHED_ORIGINAL_FILE_BYTES,records/controlled/configs/ours_ft_cub.json
records/controlled/formal_run/jobs/ours_ft_cub_fold2/run_manifest.json,runner_sha256,e6588fe0334b6bcc60cd0070b4dae300a703e9ab3a4c921b0a96b0966a333a0a,MATCHED_ORIGINAL_FILE_BYTES,records/controlled/scripts/formal_single_job.py
records/controlled/formal_run/jobs/ours_ft_cub_fold2/run_manifest.json,runtime_sha256,f76e5747cb066907e24549f98709b4fcace26d777eed08e69d66af2bd03ee0e5,MATCHED_ORIGINAL_FILE_BYTES,records/controlled/common/runtime.py
records/controlled/formal_run/jobs/ours_ft_cub_fold2/run_manifest.json,protocol_core_sha256,a4ec8e36e4850f6710d4b9854b315e77ff3e084ccd2bb28c3cac80c5906e6f42,MATCHED_ORIGINAL_FILE_BYTES,records/protocol_source/protocol_core.py
records/controlled/formal_run/jobs/ours_ft_cub_fold3/run_manifest.json,config_sha256,e36a0d032a4dab44e6842025eb0f5473708656a3d3a985fbeb8f24c64012fdef,MATCHED_ORIGINAL_FILE_BYTES,records/controlled/configs/ours_ft_cub.json
records/controlled/formal_run/jobs/ours_ft_cub_fold3/run_manifest.json,runner_sha256,e6588fe0334b6bcc60cd0070b4dae300a703e9ab3a4c921b0a96b0966a333a0a,MATCHED_ORIGINAL_FILE_BYTES,records/controlled/scripts/formal_single_job.py
records/controlled/formal_run/jobs/ours_ft_cub_fold3/run_manifest.json,runtime_sha256,f76e5747cb066907e24549f98709b4fcace26d777eed08e69d66af2bd03ee0e5,MATCHED_ORIGINAL_FILE_BYTES,records/controlled/common/runtime.py
records/controlled/formal_run/jobs/ours_ft_cub_fold3/run_manifest.json,protocol_core_sha256,a4ec8e36e4850f6710d4b9854b315e77ff3e084ccd2bb28c3cac80c5906e6f42,MATCHED_ORIGINAL_FILE_BYTES,records/protocol_source/protocol_core.py
records/controlled/formal_run/jobs/ours_ft_cub_fold4/run_manifest.json,config_sha256,e36a0d032a4dab44e6842025eb0f5473708656a3d3a985fbeb8f24c64012fdef,MATCHED_ORIGINAL_FILE_BYTES,records/controlled/configs/ours_ft_cub.json
records/controlled/formal_run/jobs/ours_ft_cub_fold4/run_manifest.json,runner_sha256,e6588fe0334b6bcc60cd0070b4dae300a703e9ab3a4c921b0a96b0966a333a0a,MATCHED_ORIGINAL_FILE_BYTES,records/controlled/scripts/formal_single_job.py
records/controlled/formal_run/jobs/ours_ft_cub_fold4/run_manifest.json,runtime_sha256,f76e5747cb066907e24549f98709b4fcace26d777eed08e69d66af2bd03ee0e5,MATCHED_ORIGINAL_FILE_BYTES,records/controlled/common/runtime.py
records/controlled/formal_run/jobs/ours_ft_cub_fold4/run_manifest.json,protocol_core_sha256,a4ec8e36e4850f6710d4b9854b315e77ff3e084ccd2bb28c3cac80c5906e6f42,MATCHED_ORIGINAL_FILE_BYTES,records/protocol_source/protocol_core.py
records/controlled/formal_run/jobs/progressive_cars_fold0/run_manifest.json,config_sha256,55cfdd60c0c32bb7b91ab461925689506c44aa1f09db1b8e1840bed6cb8c532d,MATCHED_ORIGINAL_FILE_BYTES,records/controlled/configs/progressive_cars.json
records/controlled/formal_run/jobs/progressive_cars_fold0/run_manifest.json,runner_sha256,e6588fe0334b6bcc60cd0070b4dae300a703e9ab3a4c921b0a96b0966a333a0a,MATCHED_ORIGINAL_FILE_BYTES,records/controlled/scripts/formal_single_job.py
records/controlled/formal_run/jobs/progressive_cars_fold0/run_manifest.json,runtime_sha256,f76e5747cb066907e24549f98709b4fcace26d777eed08e69d66af2bd03ee0e5,MATCHED_ORIGINAL_FILE_BYTES,records/controlled/common/runtime.py
records/controlled/formal_run/jobs/progressive_cars_fold0/run_manifest.json,protocol_core_sha256,a4ec8e36e4850f6710d4b9854b315e77ff3e084ccd2bb28c3cac80c5906e6f42,MATCHED_ORIGINAL_FILE_BYTES,records/protocol_source/protocol_core.py
records/controlled/formal_run/jobs/progressive_cars_fold1/run_manifest.json,config_sha256,55cfdd60c0c32bb7b91ab461925689506c44aa1f09db1b8e1840bed6cb8c532d,MATCHED_ORIGINAL_FILE_BYTES,records/controlled/configs/progressive_cars.json
records/controlled/formal_run/jobs/progressive_cars_fold1/run_manifest.json,runner_sha256,e6588fe0334b6bcc60cd0070b4dae300a703e9ab3a4c921b0a96b0966a333a0a,MATCHED_ORIGINAL_FILE_BYTES,records/controlled/scripts/formal_single_job.py
records/controlled/formal_run/jobs/progressive_cars_fold1/run_manifest.json,runtime_sha256,f76e5747cb066907e24549f98709b4fcace26d777eed08e69d66af2bd03ee0e5,MATCHED_ORIGINAL_FILE_BYTES,records/controlled/common/runtime.py
records/controlled/formal_run/jobs/progressive_cars_fold1/run_manifest.json,protocol_core_sha256,a4ec8e36e4850f6710d4b9854b315e77ff3e084ccd2bb28c3cac80c5906e6f42,MATCHED_ORIGINAL_FILE_BYTES,records/protocol_source/protocol_core.py
records/controlled/formal_run/jobs/progressive_cars_fold2/run_manifest.json,config_sha256,55cfdd60c0c32bb7b91ab461925689506c44aa1f09db1b8e1840bed6cb8c532d,MATCHED_ORIGINAL_FILE_BYTES,records/controlled/configs/progressive_cars.json
records/controlled/formal_run/jobs/progressive_cars_fold2/run_manifest.json,runner_sha256,e6588fe0334b6bcc60cd0070b4dae300a703e9ab3a4c921b0a96b0966a333a0a,MATCHED_ORIGINAL_FILE_BYTES,records/controlled/scripts/formal_single_job.py
records/controlled/formal_run/jobs/progressive_cars_fold2/run_manifest.json,runtime_sha256,f76e5747cb066907e24549f98709b4fcace26d777eed08e69d66af2bd03ee0e5,MATCHED_ORIGINAL_FILE_BYTES,records/controlled/common/runtime.py
records/controlled/formal_run/jobs/progressive_cars_fold2/run_manifest.json,protocol_core_sha256,a4ec8e36e4850f6710d4b9854b315e77ff3e084ccd2bb28c3cac80c5906e6f42,MATCHED_ORIGINAL_FILE_BYTES,records/protocol_source/protocol_core.py
records/controlled/formal_run/jobs/progressive_cars_fold3/run_manifest.json,config_sha256,55cfdd60c0c32bb7b91ab461925689506c44aa1f09db1b8e1840bed6cb8c532d,MATCHED_ORIGINAL_FILE_BYTES,records/controlled/configs/progressive_cars.json
records/controlled/formal_run/jobs/progressive_cars_fold3/run_manifest.json,runner_sha256,e6588fe0334b6bcc60cd0070b4dae300a703e9ab3a4c921b0a96b0966a333a0a,MATCHED_ORIGINAL_FILE_BYTES,records/controlled/scripts/formal_single_job.py
records/controlled/formal_run/jobs/progressive_cars_fold3/run_manifest.json,runtime_sha256,f76e5747cb066907e24549f98709b4fcace26d777eed08e69d66af2bd03ee0e5,MATCHED_ORIGINAL_FILE_BYTES,records/controlled/common/runtime.py
records/controlled/formal_run/jobs/progressive_cars_fold3/run_manifest.json,protocol_core_sha256,a4ec8e36e4850f6710d4b9854b315e77ff3e084ccd2bb28c3cac80c5906e6f42,MATCHED_ORIGINAL_FILE_BYTES,records/protocol_source/protocol_core.py
records/controlled/formal_run/jobs/progressive_cars_fold4/run_manifest.json,config_sha256,55cfdd60c0c32bb7b91ab461925689506c44aa1f09db1b8e1840bed6cb8c532d,MATCHED_ORIGINAL_FILE_BYTES,records/controlled/configs/progressive_cars.json
records/controlled/formal_run/jobs/progressive_cars_fold4/run_manifest.json,runner_sha256,e6588fe0334b6bcc60cd0070b4dae300a703e9ab3a4c921b0a96b0966a333a0a,MATCHED_ORIGINAL_FILE_BYTES,records/controlled/scripts/formal_single_job.py
records/controlled/formal_run/jobs/progressive_cars_fold4/run_manifest.json,runtime_sha256,f76e5747cb066907e24549f98709b4fcace26d777eed08e69d66af2bd03ee0e5,MATCHED_ORIGINAL_FILE_BYTES,records/controlled/common/runtime.py
records/controlled/formal_run/jobs/progressive_cars_fold4/run_manifest.json,protocol_core_sha256,a4ec8e36e4850f6710d4b9854b315e77ff3e084ccd2bb28c3cac80c5906e6f42,MATCHED_ORIGINAL_FILE_BYTES,records/protocol_source/protocol_core.py
records/controlled/formal_run/jobs/progressive_cub_fold0/run_manifest.json,config_sha256,932cece71e92718b0752c34fa6a5bb8faa7120c2336432b90d3780c393f10e87,MATCHED_ORIGINAL_FILE_BYTES,records/controlled/configs/progressive_cub.json
records/controlled/formal_run/jobs/progressive_cub_fold0/run_manifest.json,runner_sha256,e6588fe0334b6bcc60cd0070b4dae300a703e9ab3a4c921b0a96b0966a333a0a,MATCHED_ORIGINAL_FILE_BYTES,records/controlled/scripts/formal_single_job.py
records/controlled/formal_run/jobs/progressive_cub_fold0/run_manifest.json,runtime_sha256,f76e5747cb066907e24549f98709b4fcace26d777eed08e69d66af2bd03ee0e5,MATCHED_ORIGINAL_FILE_BYTES,records/controlled/common/runtime.py
records/controlled/formal_run/jobs/progressive_cub_fold0/run_manifest.json,protocol_core_sha256,a4ec8e36e4850f6710d4b9854b315e77ff3e084ccd2bb28c3cac80c5906e6f42,MATCHED_ORIGINAL_FILE_BYTES,records/protocol_source/protocol_core.py
records/controlled/formal_run/jobs/progressive_cub_fold1/run_manifest.json,config_sha256,932cece71e92718b0752c34fa6a5bb8faa7120c2336432b90d3780c393f10e87,MATCHED_ORIGINAL_FILE_BYTES,records/controlled/configs/progressive_cub.json
records/controlled/formal_run/jobs/progressive_cub_fold1/run_manifest.json,runner_sha256,e6588fe0334b6bcc60cd0070b4dae300a703e9ab3a4c921b0a96b0966a333a0a,MATCHED_ORIGINAL_FILE_BYTES,records/controlled/scripts/formal_single_job.py
records/controlled/formal_run/jobs/progressive_cub_fold1/run_manifest.json,runtime_sha256,f76e5747cb066907e24549f98709b4fcace26d777eed08e69d66af2bd03ee0e5,MATCHED_ORIGINAL_FILE_BYTES,records/controlled/common/runtime.py
records/controlled/formal_run/jobs/progressive_cub_fold1/run_manifest.json,protocol_core_sha256,a4ec8e36e4850f6710d4b9854b315e77ff3e084ccd2bb28c3cac80c5906e6f42,MATCHED_ORIGINAL_FILE_BYTES,records/protocol_source/protocol_core.py
records/controlled/formal_run/jobs/progressive_cub_fold2/run_manifest.json,config_sha256,932cece71e92718b0752c34fa6a5bb8faa7120c2336432b90d3780c393f10e87,MATCHED_ORIGINAL_FILE_BYTES,records/controlled/configs/progressive_cub.json
records/controlled/formal_run/jobs/progressive_cub_fold2/run_manifest.json,runner_sha256,e6588fe0334b6bcc60cd0070b4dae300a703e9ab3a4c921b0a96b0966a333a0a,MATCHED_ORIGINAL_FILE_BYTES,records/controlled/scripts/formal_single_job.py
records/controlled/formal_run/jobs/progressive_cub_fold2/run_manifest.json,runtime_sha256,f76e5747cb066907e24549f98709b4fcace26d777eed08e69d66af2bd03ee0e5,MATCHED_ORIGINAL_FILE_BYTES,records/controlled/common/runtime.py
records/controlled/formal_run/jobs/progressive_cub_fold2/run_manifest.json,protocol_core_sha256,a4ec8e36e4850f6710d4b9854b315e77ff3e084ccd2bb28c3cac80c5906e6f42,MATCHED_ORIGINAL_FILE_BYTES,records/protocol_source/protocol_core.py
records/controlled/formal_run/jobs/progressive_cub_fold3/run_manifest.json,config_sha256,932cece71e92718b0752c34fa6a5bb8faa7120c2336432b90d3780c393f10e87,MATCHED_ORIGINAL_FILE_BYTES,records/controlled/configs/progressive_cub.json
records/controlled/formal_run/jobs/progressive_cub_fold3/run_manifest.json,runner_sha256,e6588fe0334b6bcc60cd0070b4dae300a703e9ab3a4c921b0a96b0966a333a0a,MATCHED_ORIGINAL_FILE_BYTES,records/controlled/scripts/formal_single_job.py
records/controlled/formal_run/jobs/progressive_cub_fold3/run_manifest.json,runtime_sha256,f76e5747cb066907e24549f98709b4fcace26d777eed08e69d66af2bd03ee0e5,MATCHED_ORIGINAL_FILE_BYTES,records/controlled/common/runtime.py
records/controlled/formal_run/jobs/progressive_cub_fold3/run_manifest.json,protocol_core_sha256,a4ec8e36e4850f6710d4b9854b315e77ff3e084ccd2bb28c3cac80c5906e6f42,MATCHED_ORIGINAL_FILE_BYTES,records/protocol_source/protocol_core.py
records/controlled/formal_run/jobs/progressive_cub_fold4/run_manifest.json,config_sha256,932cece71e92718b0752c34fa6a5bb8faa7120c2336432b90d3780c393f10e87,MATCHED_ORIGINAL_FILE_BYTES,records/controlled/configs/progressive_cub.json
records/controlled/formal_run/jobs/progressive_cub_fold4/run_manifest.json,runner_sha256,e6588fe0334b6bcc60cd0070b4dae300a703e9ab3a4c921b0a96b0966a333a0a,MATCHED_ORIGINAL_FILE_BYTES,records/controlled/scripts/formal_single_job.py
records/controlled/formal_run/jobs/progressive_cub_fold4/run_manifest.json,runtime_sha256,f76e5747cb066907e24549f98709b4fcace26d777eed08e69d66af2bd03ee0e5,MATCHED_ORIGINAL_FILE_BYTES,records/controlled/common/runtime.py
records/controlled/formal_run/jobs/progressive_cub_fold4/run_manifest.json,protocol_core_sha256,a4ec8e36e4850f6710d4b9854b315e77ff3e084ccd2bb28c3cac80c5906e6f42,MATCHED_ORIGINAL_FILE_BYTES,records/protocol_source/protocol_core.py
records/leaves_round1/lambda_0_9_seed42/fold_0/run_manifest.json,config_sha256,e72ae171656c7e9c45c414d21644a49ee848407a3d98f22b1bdacd4b2f3b43e4,MATCHED_ORIGINAL_FILE_BYTES,records/leaves_round1/configs/lambda_0_9_seed42.json
records/leaves_round1/lambda_0_9_seed42/fold_0/run_manifest.json,round1_runner_sha256,d204cb1c428a377ea93e6f82f885394eb5d85c0d89037dd8a17f031e39beb2e6,MATCHED_ORIGINAL_FILE_BYTES,records/leaves_round1/scripts/train_one_round1.py
records/leaves_round1/lambda_0_9_seed42/fold_0/run_manifest.json,phase2b_train_one_sha256,d67aa5037d7a700122e8e59e4008161f1014bcaaf36dc54699e9188993560f5c,MATCHED_ORIGINAL_FILE_BYTES,records/leaves_screen/train_one.py
records/leaves_round1/lambda_0_9_seed42/fold_0/run_manifest.json,phase2b_screen_core_sha256,d9a282e7e306d314206009b58751ce1654279680127d0c1ee8b3cc3374444921,MATCHED_ORIGINAL_FILE_BYTES,records/leaves_screen/screen_core.py
records/leaves_round1/lambda_0_9_seed42/fold_1/run_manifest.json,config_sha256,e72ae171656c7e9c45c414d21644a49ee848407a3d98f22b1bdacd4b2f3b43e4,MATCHED_ORIGINAL_FILE_BYTES,records/leaves_round1/configs/lambda_0_9_seed42.json
records/leaves_round1/lambda_0_9_seed42/fold_1/run_manifest.json,round1_runner_sha256,d204cb1c428a377ea93e6f82f885394eb5d85c0d89037dd8a17f031e39beb2e6,MATCHED_ORIGINAL_FILE_BYTES,records/leaves_round1/scripts/train_one_round1.py
records/leaves_round1/lambda_0_9_seed42/fold_1/run_manifest.json,phase2b_train_one_sha256,d67aa5037d7a700122e8e59e4008161f1014bcaaf36dc54699e9188993560f5c,MATCHED_ORIGINAL_FILE_BYTES,records/leaves_screen/train_one.py
records/leaves_round1/lambda_0_9_seed42/fold_1/run_manifest.json,phase2b_screen_core_sha256,d9a282e7e306d314206009b58751ce1654279680127d0c1ee8b3cc3374444921,MATCHED_ORIGINAL_FILE_BYTES,records/leaves_screen/screen_core.py
records/leaves_round1/lambda_0_9_seed42/fold_2/run_manifest.json,config_sha256,e72ae171656c7e9c45c414d21644a49ee848407a3d98f22b1bdacd4b2f3b43e4,MATCHED_ORIGINAL_FILE_BYTES,records/leaves_round1/configs/lambda_0_9_seed42.json
records/leaves_round1/lambda_0_9_seed42/fold_2/run_manifest.json,round1_runner_sha256,d204cb1c428a377ea93e6f82f885394eb5d85c0d89037dd8a17f031e39beb2e6,MATCHED_ORIGINAL_FILE_BYTES,records/leaves_round1/scripts/train_one_round1.py
records/leaves_round1/lambda_0_9_seed42/fold_2/run_manifest.json,phase2b_train_one_sha256,d67aa5037d7a700122e8e59e4008161f1014bcaaf36dc54699e9188993560f5c,MATCHED_ORIGINAL_FILE_BYTES,records/leaves_screen/train_one.py
records/leaves_round1/lambda_0_9_seed42/fold_2/run_manifest.json,phase2b_screen_core_sha256,d9a282e7e306d314206009b58751ce1654279680127d0c1ee8b3cc3374444921,MATCHED_ORIGINAL_FILE_BYTES,records/leaves_screen/screen_core.py
records/leaves_round1/lambda_0_9_seed42/fold_3/run_manifest.json,config_sha256,e72ae171656c7e9c45c414d21644a49ee848407a3d98f22b1bdacd4b2f3b43e4,MATCHED_ORIGINAL_FILE_BYTES,records/leaves_round1/configs/lambda_0_9_seed42.json
records/leaves_round1/lambda_0_9_seed42/fold_3/run_manifest.json,round1_runner_sha256,d204cb1c428a377ea93e6f82f885394eb5d85c0d89037dd8a17f031e39beb2e6,MATCHED_ORIGINAL_FILE_BYTES,records/leaves_round1/scripts/train_one_round1.py
records/leaves_round1/lambda_0_9_seed42/fold_3/run_manifest.json,phase2b_train_one_sha256,d67aa5037d7a700122e8e59e4008161f1014bcaaf36dc54699e9188993560f5c,MATCHED_ORIGINAL_FILE_BYTES,records/leaves_screen/train_one.py
records/leaves_round1/lambda_0_9_seed42/fold_3/run_manifest.json,phase2b_screen_core_sha256,d9a282e7e306d314206009b58751ce1654279680127d0c1ee8b3cc3374444921,MATCHED_ORIGINAL_FILE_BYTES,records/leaves_screen/screen_core.py
records/leaves_round1/lambda_0_9_seed42/fold_4/run_manifest.json,config_sha256,e72ae171656c7e9c45c414d21644a49ee848407a3d98f22b1bdacd4b2f3b43e4,MATCHED_ORIGINAL_FILE_BYTES,records/leaves_round1/configs/lambda_0_9_seed42.json
records/leaves_round1/lambda_0_9_seed42/fold_4/run_manifest.json,round1_runner_sha256,d204cb1c428a377ea93e6f82f885394eb5d85c0d89037dd8a17f031e39beb2e6,MATCHED_ORIGINAL_FILE_BYTES,records/leaves_round1/scripts/train_one_round1.py
records/leaves_round1/lambda_0_9_seed42/fold_4/run_manifest.json,phase2b_train_one_sha256,d67aa5037d7a700122e8e59e4008161f1014bcaaf36dc54699e9188993560f5c,MATCHED_ORIGINAL_FILE_BYTES,records/leaves_screen/train_one.py
records/leaves_round1/lambda_0_9_seed42/fold_4/run_manifest.json,phase2b_screen_core_sha256,d9a282e7e306d314206009b58751ce1654279680127d0c1ee8b3cc3374444921,MATCHED_ORIGINAL_FILE_BYTES,records/leaves_screen/screen_core.py
records/leaves_round1/lambda_0_7_seed42/fold_0/run_manifest.json,config_sha256,7ea72232c0cc262f93616a4563ffabdfa248c908f32754c2d63080611401756d,MATCHED_ORIGINAL_FILE_BYTES,records/leaves_round1/configs/lambda_0_7_seed42.json
records/leaves_round1/lambda_0_7_seed42/fold_0/run_manifest.json,round1_runner_sha256,d204cb1c428a377ea93e6f82f885394eb5d85c0d89037dd8a17f031e39beb2e6,MATCHED_ORIGINAL_FILE_BYTES,records/leaves_round1/scripts/train_one_round1.py
records/leaves_round1/lambda_0_7_seed42/fold_0/run_manifest.json,phase2b_train_one_sha256,d67aa5037d7a700122e8e59e4008161f1014bcaaf36dc54699e9188993560f5c,MATCHED_ORIGINAL_FILE_BYTES,records/leaves_screen/train_one.py
records/leaves_round1/lambda_0_7_seed42/fold_0/run_manifest.json,phase2b_screen_core_sha256,d9a282e7e306d314206009b58751ce1654279680127d0c1ee8b3cc3374444921,MATCHED_ORIGINAL_FILE_BYTES,records/leaves_screen/screen_core.py
records/leaves_round1/lambda_0_7_seed42/fold_1/run_manifest.json,config_sha256,7ea72232c0cc262f93616a4563ffabdfa248c908f32754c2d63080611401756d,MATCHED_ORIGINAL_FILE_BYTES,records/leaves_round1/configs/lambda_0_7_seed42.json
records/leaves_round1/lambda_0_7_seed42/fold_1/run_manifest.json,round1_runner_sha256,d204cb1c428a377ea93e6f82f885394eb5d85c0d89037dd8a17f031e39beb2e6,MATCHED_ORIGINAL_FILE_BYTES,records/leaves_round1/scripts/train_one_round1.py
records/leaves_round1/lambda_0_7_seed42/fold_1/run_manifest.json,phase2b_train_one_sha256,d67aa5037d7a700122e8e59e4008161f1014bcaaf36dc54699e9188993560f5c,MATCHED_ORIGINAL_FILE_BYTES,records/leaves_screen/train_one.py
records/leaves_round1/lambda_0_7_seed42/fold_1/run_manifest.json,phase2b_screen_core_sha256,d9a282e7e306d314206009b58751ce1654279680127d0c1ee8b3cc3374444921,MATCHED_ORIGINAL_FILE_BYTES,records/leaves_screen/screen_core.py
records/leaves_round1/lambda_0_7_seed42/fold_2/run_manifest.json,config_sha256,7ea72232c0cc262f93616a4563ffabdfa248c908f32754c2d63080611401756d,MATCHED_ORIGINAL_FILE_BYTES,records/leaves_round1/configs/lambda_0_7_seed42.json
records/leaves_round1/lambda_0_7_seed42/fold_2/run_manifest.json,round1_runner_sha256,d204cb1c428a377ea93e6f82f885394eb5d85c0d89037dd8a17f031e39beb2e6,MATCHED_ORIGINAL_FILE_BYTES,records/leaves_round1/scripts/train_one_round1.py
records/leaves_round1/lambda_0_7_seed42/fold_2/run_manifest.json,phase2b_train_one_sha256,d67aa5037d7a700122e8e59e4008161f1014bcaaf36dc54699e9188993560f5c,MATCHED_ORIGINAL_FILE_BYTES,records/leaves_screen/train_one.py
records/leaves_round1/lambda_0_7_seed42/fold_2/run_manifest.json,phase2b_screen_core_sha256,d9a282e7e306d314206009b58751ce1654279680127d0c1ee8b3cc3374444921,MATCHED_ORIGINAL_FILE_BYTES,records/leaves_screen/screen_core.py
records/leaves_round1/lambda_0_7_seed42/fold_3/run_manifest.json,config_sha256,7ea72232c0cc262f93616a4563ffabdfa248c908f32754c2d63080611401756d,MATCHED_ORIGINAL_FILE_BYTES,records/leaves_round1/configs/lambda_0_7_seed42.json
records/leaves_round1/lambda_0_7_seed42/fold_3/run_manifest.json,round1_runner_sha256,d204cb1c428a377ea93e6f82f885394eb5d85c0d89037dd8a17f031e39beb2e6,MATCHED_ORIGINAL_FILE_BYTES,records/leaves_round1/scripts/train_one_round1.py
records/leaves_round1/lambda_0_7_seed42/fold_3/run_manifest.json,phase2b_train_one_sha256,d67aa5037d7a700122e8e59e4008161f1014bcaaf36dc54699e9188993560f5c,MATCHED_ORIGINAL_FILE_BYTES,records/leaves_screen/train_one.py
records/leaves_round1/lambda_0_7_seed42/fold_3/run_manifest.json,phase2b_screen_core_sha256,d9a282e7e306d314206009b58751ce1654279680127d0c1ee8b3cc3374444921,MATCHED_ORIGINAL_FILE_BYTES,records/leaves_screen/screen_core.py
records/leaves_round1/lambda_0_7_seed42/fold_4/run_manifest.json,config_sha256,7ea72232c0cc262f93616a4563ffabdfa248c908f32754c2d63080611401756d,MATCHED_ORIGINAL_FILE_BYTES,records/leaves_round1/configs/lambda_0_7_seed42.json
records/leaves_round1/lambda_0_7_seed42/fold_4/run_manifest.json,round1_runner_sha256,d204cb1c428a377ea93e6f82f885394eb5d85c0d89037dd8a17f031e39beb2e6,MATCHED_ORIGINAL_FILE_BYTES,records/leaves_round1/scripts/train_one_round1.py
records/leaves_round1/lambda_0_7_seed42/fold_4/run_manifest.json,phase2b_train_one_sha256,d67aa5037d7a700122e8e59e4008161f1014bcaaf36dc54699e9188993560f5c,MATCHED_ORIGINAL_FILE_BYTES,records/leaves_screen/train_one.py
records/leaves_round1/lambda_0_7_seed42/fold_4/run_manifest.json,phase2b_screen_core_sha256,d9a282e7e306d314206009b58751ce1654279680127d0c1ee8b3cc3374444921,MATCHED_ORIGINAL_FILE_BYTES,records/leaves_screen/screen_core.py
records/leaves_round1/baseline_seed44/fold_0/run_manifest.json,config_sha256,2313c9b2533eb0e7474c98a2af7bbe72cffd24be32a92e452e676f0c328c306d,MATCHED_ORIGINAL_FILE_BYTES,records/leaves_round1/configs/baseline_seed44.json
records/leaves_round1/baseline_seed44/fold_0/run_manifest.json,round1_runner_sha256,d204cb1c428a377ea93e6f82f885394eb5d85c0d89037dd8a17f031e39beb2e6,MATCHED_ORIGINAL_FILE_BYTES,records/leaves_round1/scripts/train_one_round1.py
records/leaves_round1/baseline_seed44/fold_0/run_manifest.json,phase2b_train_one_sha256,d67aa5037d7a700122e8e59e4008161f1014bcaaf36dc54699e9188993560f5c,MATCHED_ORIGINAL_FILE_BYTES,records/leaves_screen/train_one.py
records/leaves_round1/baseline_seed44/fold_0/run_manifest.json,phase2b_screen_core_sha256,d9a282e7e306d314206009b58751ce1654279680127d0c1ee8b3cc3374444921,MATCHED_ORIGINAL_FILE_BYTES,records/leaves_screen/screen_core.py
records/leaves_round1/baseline_seed44/fold_1/run_manifest.json,config_sha256,2313c9b2533eb0e7474c98a2af7bbe72cffd24be32a92e452e676f0c328c306d,MATCHED_ORIGINAL_FILE_BYTES,records/leaves_round1/configs/baseline_seed44.json
records/leaves_round1/baseline_seed44/fold_1/run_manifest.json,round1_runner_sha256,d204cb1c428a377ea93e6f82f885394eb5d85c0d89037dd8a17f031e39beb2e6,MATCHED_ORIGINAL_FILE_BYTES,records/leaves_round1/scripts/train_one_round1.py
records/leaves_round1/baseline_seed44/fold_1/run_manifest.json,phase2b_train_one_sha256,d67aa5037d7a700122e8e59e4008161f1014bcaaf36dc54699e9188993560f5c,MATCHED_ORIGINAL_FILE_BYTES,records/leaves_screen/train_one.py
records/leaves_round1/baseline_seed44/fold_1/run_manifest.json,phase2b_screen_core_sha256,d9a282e7e306d314206009b58751ce1654279680127d0c1ee8b3cc3374444921,MATCHED_ORIGINAL_FILE_BYTES,records/leaves_screen/screen_core.py
records/leaves_round1/baseline_seed44/fold_2/run_manifest.json,config_sha256,2313c9b2533eb0e7474c98a2af7bbe72cffd24be32a92e452e676f0c328c306d,MATCHED_ORIGINAL_FILE_BYTES,records/leaves_round1/configs/baseline_seed44.json
records/leaves_round1/baseline_seed44/fold_2/run_manifest.json,round1_runner_sha256,d204cb1c428a377ea93e6f82f885394eb5d85c0d89037dd8a17f031e39beb2e6,MATCHED_ORIGINAL_FILE_BYTES,records/leaves_round1/scripts/train_one_round1.py
records/leaves_round1/baseline_seed44/fold_2/run_manifest.json,phase2b_train_one_sha256,d67aa5037d7a700122e8e59e4008161f1014bcaaf36dc54699e9188993560f5c,MATCHED_ORIGINAL_FILE_BYTES,records/leaves_screen/train_one.py
records/leaves_round1/baseline_seed44/fold_2/run_manifest.json,phase2b_screen_core_sha256,d9a282e7e306d314206009b58751ce1654279680127d0c1ee8b3cc3374444921,MATCHED_ORIGINAL_FILE_BYTES,records/leaves_screen/screen_core.py
records/leaves_round1/baseline_seed44/fold_3/run_manifest.json,config_sha256,2313c9b2533eb0e7474c98a2af7bbe72cffd24be32a92e452e676f0c328c306d,MATCHED_ORIGINAL_FILE_BYTES,records/leaves_round1/configs/baseline_seed44.json
records/leaves_round1/baseline_seed44/fold_3/run_manifest.json,round1_runner_sha256,d204cb1c428a377ea93e6f82f885394eb5d85c0d89037dd8a17f031e39beb2e6,MATCHED_ORIGINAL_FILE_BYTES,records/leaves_round1/scripts/train_one_round1.py
records/leaves_round1/baseline_seed44/fold_3/run_manifest.json,phase2b_train_one_sha256,d67aa5037d7a700122e8e59e4008161f1014bcaaf36dc54699e9188993560f5c,MATCHED_ORIGINAL_FILE_BYTES,records/leaves_screen/train_one.py
records/leaves_round1/baseline_seed44/fold_3/run_manifest.json,phase2b_screen_core_sha256,d9a282e7e306d314206009b58751ce1654279680127d0c1ee8b3cc3374444921,MATCHED_ORIGINAL_FILE_BYTES,records/leaves_screen/screen_core.py
records/leaves_round1/baseline_seed44/fold_4/run_manifest.json,config_sha256,2313c9b2533eb0e7474c98a2af7bbe72cffd24be32a92e452e676f0c328c306d,MATCHED_ORIGINAL_FILE_BYTES,records/leaves_round1/configs/baseline_seed44.json
records/leaves_round1/baseline_seed44/fold_4/run_manifest.json,round1_runner_sha256,d204cb1c428a377ea93e6f82f885394eb5d85c0d89037dd8a17f031e39beb2e6,MATCHED_ORIGINAL_FILE_BYTES,records/leaves_round1/scripts/train_one_round1.py
records/leaves_round1/baseline_seed44/fold_4/run_manifest.json,phase2b_train_one_sha256,d67aa5037d7a700122e8e59e4008161f1014bcaaf36dc54699e9188993560f5c,MATCHED_ORIGINAL_FILE_BYTES,records/leaves_screen/train_one.py
records/leaves_round1/baseline_seed44/fold_4/run_manifest.json,phase2b_screen_core_sha256,d9a282e7e306d314206009b58751ce1654279680127d0c1ee8b3cc3374444921,MATCHED_ORIGINAL_FILE_BYTES,records/leaves_screen/screen_core.py
records/leaves_round1/baseline_seed43/fold_0/run_manifest.json,config_sha256,f53dfaf935e4faa0ccf4004e5e7e093c2b62726d6f3c119a22f7652dde2a4d28,MATCHED_ORIGINAL_FILE_BYTES,records/leaves_round1/configs/baseline_seed43.json
records/leaves_round1/baseline_seed43/fold_0/run_manifest.json,round1_runner_sha256,d204cb1c428a377ea93e6f82f885394eb5d85c0d89037dd8a17f031e39beb2e6,MATCHED_ORIGINAL_FILE_BYTES,records/leaves_round1/scripts/train_one_round1.py
records/leaves_round1/baseline_seed43/fold_0/run_manifest.json,phase2b_train_one_sha256,d67aa5037d7a700122e8e59e4008161f1014bcaaf36dc54699e9188993560f5c,MATCHED_ORIGINAL_FILE_BYTES,records/leaves_screen/train_one.py
records/leaves_round1/baseline_seed43/fold_0/run_manifest.json,phase2b_screen_core_sha256,d9a282e7e306d314206009b58751ce1654279680127d0c1ee8b3cc3374444921,MATCHED_ORIGINAL_FILE_BYTES,records/leaves_screen/screen_core.py
records/leaves_round1/baseline_seed43/fold_1/run_manifest.json,config_sha256,f53dfaf935e4faa0ccf4004e5e7e093c2b62726d6f3c119a22f7652dde2a4d28,MATCHED_ORIGINAL_FILE_BYTES,records/leaves_round1/configs/baseline_seed43.json
records/leaves_round1/baseline_seed43/fold_1/run_manifest.json,round1_runner_sha256,d204cb1c428a377ea93e6f82f885394eb5d85c0d89037dd8a17f031e39beb2e6,MATCHED_ORIGINAL_FILE_BYTES,records/leaves_round1/scripts/train_one_round1.py
records/leaves_round1/baseline_seed43/fold_1/run_manifest.json,phase2b_train_one_sha256,d67aa5037d7a700122e8e59e4008161f1014bcaaf36dc54699e9188993560f5c,MATCHED_ORIGINAL_FILE_BYTES,records/leaves_screen/train_one.py
records/leaves_round1/baseline_seed43/fold_1/run_manifest.json,phase2b_screen_core_sha256,d9a282e7e306d314206009b58751ce1654279680127d0c1ee8b3cc3374444921,MATCHED_ORIGINAL_FILE_BYTES,records/leaves_screen/screen_core.py
records/leaves_round1/baseline_seed43/fold_2/run_manifest.json,config_sha256,f53dfaf935e4faa0ccf4004e5e7e093c2b62726d6f3c119a22f7652dde2a4d28,MATCHED_ORIGINAL_FILE_BYTES,records/leaves_round1/configs/baseline_seed43.json
records/leaves_round1/baseline_seed43/fold_2/run_manifest.json,round1_runner_sha256,d204cb1c428a377ea93e6f82f885394eb5d85c0d89037dd8a17f031e39beb2e6,MATCHED_ORIGINAL_FILE_BYTES,records/leaves_round1/scripts/train_one_round1.py
records/leaves_round1/baseline_seed43/fold_2/run_manifest.json,phase2b_train_one_sha256,d67aa5037d7a700122e8e59e4008161f1014bcaaf36dc54699e9188993560f5c,MATCHED_ORIGINAL_FILE_BYTES,records/leaves_screen/train_one.py
records/leaves_round1/baseline_seed43/fold_2/run_manifest.json,phase2b_screen_core_sha256,d9a282e7e306d314206009b58751ce1654279680127d0c1ee8b3cc3374444921,MATCHED_ORIGINAL_FILE_BYTES,records/leaves_screen/screen_core.py
records/leaves_round1/baseline_seed43/fold_3/run_manifest.json,config_sha256,f53dfaf935e4faa0ccf4004e5e7e093c2b62726d6f3c119a22f7652dde2a4d28,MATCHED_ORIGINAL_FILE_BYTES,records/leaves_round1/configs/baseline_seed43.json
records/leaves_round1/baseline_seed43/fold_3/run_manifest.json,round1_runner_sha256,d204cb1c428a377ea93e6f82f885394eb5d85c0d89037dd8a17f031e39beb2e6,MATCHED_ORIGINAL_FILE_BYTES,records/leaves_round1/scripts/train_one_round1.py
records/leaves_round1/baseline_seed43/fold_3/run_manifest.json,phase2b_train_one_sha256,d67aa5037d7a700122e8e59e4008161f1014bcaaf36dc54699e9188993560f5c,MATCHED_ORIGINAL_FILE_BYTES,records/leaves_screen/train_one.py
records/leaves_round1/baseline_seed43/fold_3/run_manifest.json,phase2b_screen_core_sha256,d9a282e7e306d314206009b58751ce1654279680127d0c1ee8b3cc3374444921,MATCHED_ORIGINAL_FILE_BYTES,records/leaves_screen/screen_core.py
records/leaves_round1/baseline_seed43/fold_4/run_manifest.json,config_sha256,f53dfaf935e4faa0ccf4004e5e7e093c2b62726d6f3c119a22f7652dde2a4d28,MATCHED_ORIGINAL_FILE_BYTES,records/leaves_round1/configs/baseline_seed43.json
records/leaves_round1/baseline_seed43/fold_4/run_manifest.json,round1_runner_sha256,d204cb1c428a377ea93e6f82f885394eb5d85c0d89037dd8a17f031e39beb2e6,MATCHED_ORIGINAL_FILE_BYTES,records/leaves_round1/scripts/train_one_round1.py
records/leaves_round1/baseline_seed43/fold_4/run_manifest.json,phase2b_train_one_sha256,d67aa5037d7a700122e8e59e4008161f1014bcaaf36dc54699e9188993560f5c,MATCHED_ORIGINAL_FILE_BYTES,records/leaves_screen/train_one.py
records/leaves_round1/baseline_seed43/fold_4/run_manifest.json,phase2b_screen_core_sha256,d9a282e7e306d314206009b58751ce1654279680127d0c1ee8b3cc3374444921,MATCHED_ORIGINAL_FILE_BYTES,records/leaves_screen/screen_core.py
records/leaves_round2/mhsa_lambda_1_0_seed42/fold_0/run_manifest.json,config_sha256,3cce568b10a5f80fd0033bbb3148f24b77946e96bce3e97ef8009806945b8073,MATCHED_ORIGINAL_FILE_BYTES,records/leaves_round2/configs/mhsa_lambda_1_0_seed42.json
records/leaves_round2/mhsa_lambda_1_0_seed42/fold_0/run_manifest.json,phase2b_train_one_sha256,d67aa5037d7a700122e8e59e4008161f1014bcaaf36dc54699e9188993560f5c,MATCHED_ORIGINAL_FILE_BYTES,records/leaves_screen/train_one.py
records/leaves_round2/mhsa_lambda_1_0_seed42/fold_0/run_manifest.json,phase2b_screen_core_sha256,d9a282e7e306d314206009b58751ce1654279680127d0c1ee8b3cc3374444921,MATCHED_ORIGINAL_FILE_BYTES,records/leaves_screen/screen_core.py
records/leaves_round2/mhsa_lambda_1_0_seed42/fold_1/run_manifest.json,config_sha256,3cce568b10a5f80fd0033bbb3148f24b77946e96bce3e97ef8009806945b8073,MATCHED_ORIGINAL_FILE_BYTES,records/leaves_round2/configs/mhsa_lambda_1_0_seed42.json
records/leaves_round2/mhsa_lambda_1_0_seed42/fold_1/run_manifest.json,phase2b_train_one_sha256,d67aa5037d7a700122e8e59e4008161f1014bcaaf36dc54699e9188993560f5c,MATCHED_ORIGINAL_FILE_BYTES,records/leaves_screen/train_one.py
records/leaves_round2/mhsa_lambda_1_0_seed42/fold_1/run_manifest.json,phase2b_screen_core_sha256,d9a282e7e306d314206009b58751ce1654279680127d0c1ee8b3cc3374444921,MATCHED_ORIGINAL_FILE_BYTES,records/leaves_screen/screen_core.py
records/leaves_round2/mhsa_lambda_1_0_seed42/fold_2/run_manifest.json,config_sha256,3cce568b10a5f80fd0033bbb3148f24b77946e96bce3e97ef8009806945b8073,MATCHED_ORIGINAL_FILE_BYTES,records/leaves_round2/configs/mhsa_lambda_1_0_seed42.json
records/leaves_round2/mhsa_lambda_1_0_seed42/fold_2/run_manifest.json,phase2b_train_one_sha256,d67aa5037d7a700122e8e59e4008161f1014bcaaf36dc54699e9188993560f5c,MATCHED_ORIGINAL_FILE_BYTES,records/leaves_screen/train_one.py
records/leaves_round2/mhsa_lambda_1_0_seed42/fold_2/run_manifest.json,phase2b_screen_core_sha256,d9a282e7e306d314206009b58751ce1654279680127d0c1ee8b3cc3374444921,MATCHED_ORIGINAL_FILE_BYTES,records/leaves_screen/screen_core.py
records/leaves_round2/mhsa_lambda_1_0_seed42/fold_3/run_manifest.json,config_sha256,3cce568b10a5f80fd0033bbb3148f24b77946e96bce3e97ef8009806945b8073,MATCHED_ORIGINAL_FILE_BYTES,records/leaves_round2/configs/mhsa_lambda_1_0_seed42.json
records/leaves_round2/mhsa_lambda_1_0_seed42/fold_3/run_manifest.json,phase2b_train_one_sha256,d67aa5037d7a700122e8e59e4008161f1014bcaaf36dc54699e9188993560f5c,MATCHED_ORIGINAL_FILE_BYTES,records/leaves_screen/train_one.py
records/leaves_round2/mhsa_lambda_1_0_seed42/fold_3/run_manifest.json,phase2b_screen_core_sha256,d9a282e7e306d314206009b58751ce1654279680127d0c1ee8b3cc3374444921,MATCHED_ORIGINAL_FILE_BYTES,records/leaves_screen/screen_core.py
records/leaves_round2/mhsa_lambda_1_0_seed42/fold_4/run_manifest.json,config_sha256,3cce568b10a5f80fd0033bbb3148f24b77946e96bce3e97ef8009806945b8073,MATCHED_ORIGINAL_FILE_BYTES,records/leaves_round2/configs/mhsa_lambda_1_0_seed42.json
records/leaves_round2/mhsa_lambda_1_0_seed42/fold_4/run_manifest.json,phase2b_train_one_sha256,d67aa5037d7a700122e8e59e4008161f1014bcaaf36dc54699e9188993560f5c,MATCHED_ORIGINAL_FILE_BYTES,records/leaves_screen/train_one.py
records/leaves_round2/mhsa_lambda_1_0_seed42/fold_4/run_manifest.json,phase2b_screen_core_sha256,d9a282e7e306d314206009b58751ce1654279680127d0c1ee8b3cc3374444921,MATCHED_ORIGINAL_FILE_BYTES,records/leaves_screen/screen_core.py
records/leaves_round2/mhsa_lambda_0_7_seed42/fold_0/run_manifest.json,config_sha256,3f57a2d32aeacc8a2261163ca70691f8f4b4d942901f894a97acf968fb6ea9d7,MATCHED_ORIGINAL_FILE_BYTES,records/leaves_round2/configs/mhsa_lambda_0_7_seed42.json
records/leaves_round2/mhsa_lambda_0_7_seed42/fold_0/run_manifest.json,phase2b_train_one_sha256,d67aa5037d7a700122e8e59e4008161f1014bcaaf36dc54699e9188993560f5c,MATCHED_ORIGINAL_FILE_BYTES,records/leaves_screen/train_one.py
records/leaves_round2/mhsa_lambda_0_7_seed42/fold_0/run_manifest.json,phase2b_screen_core_sha256,d9a282e7e306d314206009b58751ce1654279680127d0c1ee8b3cc3374444921,MATCHED_ORIGINAL_FILE_BYTES,records/leaves_screen/screen_core.py
records/leaves_round2/mhsa_lambda_0_7_seed42/fold_1/run_manifest.json,config_sha256,3f57a2d32aeacc8a2261163ca70691f8f4b4d942901f894a97acf968fb6ea9d7,MATCHED_ORIGINAL_FILE_BYTES,records/leaves_round2/configs/mhsa_lambda_0_7_seed42.json
records/leaves_round2/mhsa_lambda_0_7_seed42/fold_1/run_manifest.json,phase2b_train_one_sha256,d67aa5037d7a700122e8e59e4008161f1014bcaaf36dc54699e9188993560f5c,MATCHED_ORIGINAL_FILE_BYTES,records/leaves_screen/train_one.py
records/leaves_round2/mhsa_lambda_0_7_seed42/fold_1/run_manifest.json,phase2b_screen_core_sha256,d9a282e7e306d314206009b58751ce1654279680127d0c1ee8b3cc3374444921,MATCHED_ORIGINAL_FILE_BYTES,records/leaves_screen/screen_core.py
records/leaves_round2/mhsa_lambda_0_7_seed42/fold_2/run_manifest.json,config_sha256,3f57a2d32aeacc8a2261163ca70691f8f4b4d942901f894a97acf968fb6ea9d7,MATCHED_ORIGINAL_FILE_BYTES,records/leaves_round2/configs/mhsa_lambda_0_7_seed42.json
records/leaves_round2/mhsa_lambda_0_7_seed42/fold_2/run_manifest.json,phase2b_train_one_sha256,d67aa5037d7a700122e8e59e4008161f1014bcaaf36dc54699e9188993560f5c,MATCHED_ORIGINAL_FILE_BYTES,records/leaves_screen/train_one.py
records/leaves_round2/mhsa_lambda_0_7_seed42/fold_2/run_manifest.json,phase2b_screen_core_sha256,d9a282e7e306d314206009b58751ce1654279680127d0c1ee8b3cc3374444921,MATCHED_ORIGINAL_FILE_BYTES,records/leaves_screen/screen_core.py
records/leaves_round2/mhsa_lambda_0_7_seed42/fold_3/run_manifest.json,config_sha256,3f57a2d32aeacc8a2261163ca70691f8f4b4d942901f894a97acf968fb6ea9d7,MATCHED_ORIGINAL_FILE_BYTES,records/leaves_round2/configs/mhsa_lambda_0_7_seed42.json
records/leaves_round2/mhsa_lambda_0_7_seed42/fold_3/run_manifest.json,phase2b_train_one_sha256,d67aa5037d7a700122e8e59e4008161f1014bcaaf36dc54699e9188993560f5c,MATCHED_ORIGINAL_FILE_BYTES,records/leaves_screen/train_one.py
records/leaves_round2/mhsa_lambda_0_7_seed42/fold_3/run_manifest.json,phase2b_screen_core_sha256,d9a282e7e306d314206009b58751ce1654279680127d0c1ee8b3cc3374444921,MATCHED_ORIGINAL_FILE_BYTES,records/leaves_screen/screen_core.py
records/leaves_round2/mhsa_lambda_0_7_seed42/fold_4/run_manifest.json,config_sha256,3f57a2d32aeacc8a2261163ca70691f8f4b4d942901f894a97acf968fb6ea9d7,MATCHED_ORIGINAL_FILE_BYTES,records/leaves_round2/configs/mhsa_lambda_0_7_seed42.json
records/leaves_round2/mhsa_lambda_0_7_seed42/fold_4/run_manifest.json,phase2b_train_one_sha256,d67aa5037d7a700122e8e59e4008161f1014bcaaf36dc54699e9188993560f5c,MATCHED_ORIGINAL_FILE_BYTES,records/leaves_screen/train_one.py
records/leaves_round2/mhsa_lambda_0_7_seed42/fold_4/run_manifest.json,phase2b_screen_core_sha256,d9a282e7e306d314206009b58751ce1654279680127d0c1ee8b3cc3374444921,MATCHED_ORIGINAL_FILE_BYTES,records/leaves_screen/screen_core.py
records/leaves_round2/mhsa_lambda_0_1_seed42/fold_0/run_manifest.json,config_sha256,8316dfd080a451ea8c367f8a2d0d4aba1bfdbd94bbfc383c703303f9dabece30,MATCHED_ORIGINAL_FILE_BYTES,records/leaves_round2/configs/mhsa_lambda_0_1_seed42.json
records/leaves_round2/mhsa_lambda_0_1_seed42/fold_0/run_manifest.json,phase2b_train_one_sha256,d67aa5037d7a700122e8e59e4008161f1014bcaaf36dc54699e9188993560f5c,MATCHED_ORIGINAL_FILE_BYTES,records/leaves_screen/train_one.py
records/leaves_round2/mhsa_lambda_0_1_seed42/fold_0/run_manifest.json,phase2b_screen_core_sha256,d9a282e7e306d314206009b58751ce1654279680127d0c1ee8b3cc3374444921,MATCHED_ORIGINAL_FILE_BYTES,records/leaves_screen/screen_core.py
records/leaves_round2/mhsa_lambda_0_1_seed42/fold_1/run_manifest.json,config_sha256,8316dfd080a451ea8c367f8a2d0d4aba1bfdbd94bbfc383c703303f9dabece30,MATCHED_ORIGINAL_FILE_BYTES,records/leaves_round2/configs/mhsa_lambda_0_1_seed42.json
records/leaves_round2/mhsa_lambda_0_1_seed42/fold_1/run_manifest.json,phase2b_train_one_sha256,d67aa5037d7a700122e8e59e4008161f1014bcaaf36dc54699e9188993560f5c,MATCHED_ORIGINAL_FILE_BYTES,records/leaves_screen/train_one.py
records/leaves_round2/mhsa_lambda_0_1_seed42/fold_1/run_manifest.json,phase2b_screen_core_sha256,d9a282e7e306d314206009b58751ce1654279680127d0c1ee8b3cc3374444921,MATCHED_ORIGINAL_FILE_BYTES,records/leaves_screen/screen_core.py
records/leaves_round2/mhsa_lambda_0_1_seed42/fold_2/run_manifest.json,config_sha256,8316dfd080a451ea8c367f8a2d0d4aba1bfdbd94bbfc383c703303f9dabece30,MATCHED_ORIGINAL_FILE_BYTES,records/leaves_round2/configs/mhsa_lambda_0_1_seed42.json
records/leaves_round2/mhsa_lambda_0_1_seed42/fold_2/run_manifest.json,phase2b_train_one_sha256,d67aa5037d7a700122e8e59e4008161f1014bcaaf36dc54699e9188993560f5c,MATCHED_ORIGINAL_FILE_BYTES,records/leaves_screen/train_one.py
records/leaves_round2/mhsa_lambda_0_1_seed42/fold_2/run_manifest.json,phase2b_screen_core_sha256,d9a282e7e306d314206009b58751ce1654279680127d0c1ee8b3cc3374444921,MATCHED_ORIGINAL_FILE_BYTES,records/leaves_screen/screen_core.py
records/leaves_round2/mhsa_lambda_0_1_seed42/fold_3/run_manifest.json,config_sha256,8316dfd080a451ea8c367f8a2d0d4aba1bfdbd94bbfc383c703303f9dabece30,MATCHED_ORIGINAL_FILE_BYTES,records/leaves_round2/configs/mhsa_lambda_0_1_seed42.json
records/leaves_round2/mhsa_lambda_0_1_seed42/fold_3/run_manifest.json,phase2b_train_one_sha256,d67aa5037d7a700122e8e59e4008161f1014bcaaf36dc54699e9188993560f5c,MATCHED_ORIGINAL_FILE_BYTES,records/leaves_screen/train_one.py
records/leaves_round2/mhsa_lambda_0_1_seed42/fold_3/run_manifest.json,phase2b_screen_core_sha256,d9a282e7e306d314206009b58751ce1654279680127d0c1ee8b3cc3374444921,MATCHED_ORIGINAL_FILE_BYTES,records/leaves_screen/screen_core.py
records/leaves_round2/mhsa_lambda_0_1_seed42/fold_4/run_manifest.json,config_sha256,8316dfd080a451ea8c367f8a2d0d4aba1bfdbd94bbfc383c703303f9dabece30,MATCHED_ORIGINAL_FILE_BYTES,records/leaves_round2/configs/mhsa_lambda_0_1_seed42.json
records/leaves_round2/mhsa_lambda_0_1_seed42/fold_4/run_manifest.json,phase2b_train_one_sha256,d67aa5037d7a700122e8e59e4008161f1014bcaaf36dc54699e9188993560f5c,MATCHED_ORIGINAL_FILE_BYTES,records/leaves_screen/train_one.py
records/leaves_round2/mhsa_lambda_0_1_seed42/fold_4/run_manifest.json,phase2b_screen_core_sha256,d9a282e7e306d314206009b58751ce1654279680127d0c1ee8b3cc3374444921,MATCHED_ORIGINAL_FILE_BYTES,records/leaves_screen/screen_core.py
records/leaves_round2/baseline_seed46/fold_0/run_manifest.json,config_sha256,ce5ba654d3128b1c8c60bed34aa498443269c2ade2fd7453278ae56101164e46,MATCHED_ORIGINAL_FILE_BYTES,records/leaves_round2/configs/baseline_seed46.json
records/leaves_round2/baseline_seed46/fold_0/run_manifest.json,phase2b_train_one_sha256,d67aa5037d7a700122e8e59e4008161f1014bcaaf36dc54699e9188993560f5c,MATCHED_ORIGINAL_FILE_BYTES,records/leaves_screen/train_one.py
records/leaves_round2/baseline_seed46/fold_0/run_manifest.json,phase2b_screen_core_sha256,d9a282e7e306d314206009b58751ce1654279680127d0c1ee8b3cc3374444921,MATCHED_ORIGINAL_FILE_BYTES,records/leaves_screen/screen_core.py
records/leaves_round2/baseline_seed46/fold_1/run_manifest.json,config_sha256,ce5ba654d3128b1c8c60bed34aa498443269c2ade2fd7453278ae56101164e46,MATCHED_ORIGINAL_FILE_BYTES,records/leaves_round2/configs/baseline_seed46.json
records/leaves_round2/baseline_seed46/fold_1/run_manifest.json,phase2b_train_one_sha256,d67aa5037d7a700122e8e59e4008161f1014bcaaf36dc54699e9188993560f5c,MATCHED_ORIGINAL_FILE_BYTES,records/leaves_screen/train_one.py
records/leaves_round2/baseline_seed46/fold_1/run_manifest.json,phase2b_screen_core_sha256,d9a282e7e306d314206009b58751ce1654279680127d0c1ee8b3cc3374444921,MATCHED_ORIGINAL_FILE_BYTES,records/leaves_screen/screen_core.py
records/leaves_round2/baseline_seed46/fold_2/run_manifest.json,config_sha256,ce5ba654d3128b1c8c60bed34aa498443269c2ade2fd7453278ae56101164e46,MATCHED_ORIGINAL_FILE_BYTES,records/leaves_round2/configs/baseline_seed46.json
records/leaves_round2/baseline_seed46/fold_2/run_manifest.json,phase2b_train_one_sha256,d67aa5037d7a700122e8e59e4008161f1014bcaaf36dc54699e9188993560f5c,MATCHED_ORIGINAL_FILE_BYTES,records/leaves_screen/train_one.py
records/leaves_round2/baseline_seed46/fold_2/run_manifest.json,phase2b_screen_core_sha256,d9a282e7e306d314206009b58751ce1654279680127d0c1ee8b3cc3374444921,MATCHED_ORIGINAL_FILE_BYTES,records/leaves_screen/screen_core.py
records/leaves_round2/baseline_seed46/fold_3/run_manifest.json,config_sha256,ce5ba654d3128b1c8c60bed34aa498443269c2ade2fd7453278ae56101164e46,MATCHED_ORIGINAL_FILE_BYTES,records/leaves_round2/configs/baseline_seed46.json
records/leaves_round2/baseline_seed46/fold_3/run_manifest.json,phase2b_train_one_sha256,d67aa5037d7a700122e8e59e4008161f1014bcaaf36dc54699e9188993560f5c,MATCHED_ORIGINAL_FILE_BYTES,records/leaves_screen/train_one.py
records/leaves_round2/baseline_seed46/fold_3/run_manifest.json,phase2b_screen_core_sha256,d9a282e7e306d314206009b58751ce1654279680127d0c1ee8b3cc3374444921,MATCHED_ORIGINAL_FILE_BYTES,records/leaves_screen/screen_core.py
records/leaves_round2/baseline_seed46/fold_4/run_manifest.json,config_sha256,ce5ba654d3128b1c8c60bed34aa498443269c2ade2fd7453278ae56101164e46,MATCHED_ORIGINAL_FILE_BYTES,records/leaves_round2/configs/baseline_seed46.json
records/leaves_round2/baseline_seed46/fold_4/run_manifest.json,phase2b_train_one_sha256,d67aa5037d7a700122e8e59e4008161f1014bcaaf36dc54699e9188993560f5c,MATCHED_ORIGINAL_FILE_BYTES,records/leaves_screen/train_one.py
records/leaves_round2/baseline_seed46/fold_4/run_manifest.json,phase2b_screen_core_sha256,d9a282e7e306d314206009b58751ce1654279680127d0c1ee8b3cc3374444921,MATCHED_ORIGINAL_FILE_BYTES,records/leaves_screen/screen_core.py
records/leaves_round2/baseline_seed45/fold_0/run_manifest.json,config_sha256,a47942053aef73b44a1e944f4ce800e992045abe39256b7b6be399a53bdea6af,MATCHED_ORIGINAL_FILE_BYTES,records/leaves_round2/configs/baseline_seed45.json
records/leaves_round2/baseline_seed45/fold_0/run_manifest.json,phase2b_train_one_sha256,d67aa5037d7a700122e8e59e4008161f1014bcaaf36dc54699e9188993560f5c,MATCHED_ORIGINAL_FILE_BYTES,records/leaves_screen/train_one.py
records/leaves_round2/baseline_seed45/fold_0/run_manifest.json,phase2b_screen_core_sha256,d9a282e7e306d314206009b58751ce1654279680127d0c1ee8b3cc3374444921,MATCHED_ORIGINAL_FILE_BYTES,records/leaves_screen/screen_core.py
records/leaves_round2/baseline_seed45/fold_1/run_manifest.json,config_sha256,a47942053aef73b44a1e944f4ce800e992045abe39256b7b6be399a53bdea6af,MATCHED_ORIGINAL_FILE_BYTES,records/leaves_round2/configs/baseline_seed45.json
records/leaves_round2/baseline_seed45/fold_1/run_manifest.json,phase2b_train_one_sha256,d67aa5037d7a700122e8e59e4008161f1014bcaaf36dc54699e9188993560f5c,MATCHED_ORIGINAL_FILE_BYTES,records/leaves_screen/train_one.py
records/leaves_round2/baseline_seed45/fold_1/run_manifest.json,phase2b_screen_core_sha256,d9a282e7e306d314206009b58751ce1654279680127d0c1ee8b3cc3374444921,MATCHED_ORIGINAL_FILE_BYTES,records/leaves_screen/screen_core.py
records/leaves_round2/baseline_seed45/fold_2/run_manifest.json,config_sha256,a47942053aef73b44a1e944f4ce800e992045abe39256b7b6be399a53bdea6af,MATCHED_ORIGINAL_FILE_BYTES,records/leaves_round2/configs/baseline_seed45.json
records/leaves_round2/baseline_seed45/fold_2/run_manifest.json,phase2b_train_one_sha256,d67aa5037d7a700122e8e59e4008161f1014bcaaf36dc54699e9188993560f5c,MATCHED_ORIGINAL_FILE_BYTES,records/leaves_screen/train_one.py
records/leaves_round2/baseline_seed45/fold_2/run_manifest.json,phase2b_screen_core_sha256,d9a282e7e306d314206009b58751ce1654279680127d0c1ee8b3cc3374444921,MATCHED_ORIGINAL_FILE_BYTES,records/leaves_screen/screen_core.py
records/leaves_round2/baseline_seed45/fold_3/run_manifest.json,config_sha256,a47942053aef73b44a1e944f4ce800e992045abe39256b7b6be399a53bdea6af,MATCHED_ORIGINAL_FILE_BYTES,records/leaves_round2/configs/baseline_seed45.json
records/leaves_round2/baseline_seed45/fold_3/run_manifest.json,phase2b_train_one_sha256,d67aa5037d7a700122e8e59e4008161f1014bcaaf36dc54699e9188993560f5c,MATCHED_ORIGINAL_FILE_BYTES,records/leaves_screen/train_one.py
records/leaves_round2/baseline_seed45/fold_3/run_manifest.json,phase2b_screen_core_sha256,d9a282e7e306d314206009b58751ce1654279680127d0c1ee8b3cc3374444921,MATCHED_ORIGINAL_FILE_BYTES,records/leaves_screen/screen_core.py
records/leaves_round2/baseline_seed45/fold_4/run_manifest.json,config_sha256,a47942053aef73b44a1e944f4ce800e992045abe39256b7b6be399a53bdea6af,MATCHED_ORIGINAL_FILE_BYTES,records/leaves_round2/configs/baseline_seed45.json
records/leaves_round2/baseline_seed45/fold_4/run_manifest.json,phase2b_train_one_sha256,d67aa5037d7a700122e8e59e4008161f1014bcaaf36dc54699e9188993560f5c,MATCHED_ORIGINAL_FILE_BYTES,records/leaves_screen/train_one.py
records/leaves_round2/baseline_seed45/fold_4/run_manifest.json,phase2b_screen_core_sha256,d9a282e7e306d314206009b58751ce1654279680127d0c1ee8b3cc3374444921,MATCHED_ORIGINAL_FILE_BYTES,records/leaves_screen/screen_core.py
records/leaves_screen/#2/fold_0/run_manifest.json,config_sha256,751ced4f261d822cf20f59bbb346e95f8de465d6bf2075586822a9c213682659,MATCHED_ORIGINAL_FILE_BYTES,records/leaves_screen/configs/controlled_screen.json
records/leaves_screen/#2/fold_1/run_manifest.json,config_sha256,751ced4f261d822cf20f59bbb346e95f8de465d6bf2075586822a9c213682659,MATCHED_ORIGINAL_FILE_BYTES,records/leaves_screen/configs/controlled_screen.json
records/leaves_screen/#2/fold_2/run_manifest.json,config_sha256,751ced4f261d822cf20f59bbb346e95f8de465d6bf2075586822a9c213682659,MATCHED_ORIGINAL_FILE_BYTES,records/leaves_screen/configs/controlled_screen.json
records/leaves_screen/#2/fold_3/run_manifest.json,config_sha256,751ced4f261d822cf20f59bbb346e95f8de465d6bf2075586822a9c213682659,MATCHED_ORIGINAL_FILE_BYTES,records/leaves_screen/configs/controlled_screen.json
records/leaves_screen/#2/fold_4/run_manifest.json,config_sha256,751ced4f261d822cf20f59bbb346e95f8de465d6bf2075586822a9c213682659,MATCHED_ORIGINAL_FILE_BYTES,records/leaves_screen/configs/controlled_screen.json
records/leaves_screen/#1/fold_0/run_manifest.json,config_sha256,751ced4f261d822cf20f59bbb346e95f8de465d6bf2075586822a9c213682659,MATCHED_ORIGINAL_FILE_BYTES,records/leaves_screen/configs/controlled_screen.json
records/leaves_screen/#1/fold_1/run_manifest.json,config_sha256,751ced4f261d822cf20f59bbb346e95f8de465d6bf2075586822a9c213682659,MATCHED_ORIGINAL_FILE_BYTES,records/leaves_screen/configs/controlled_screen.json
records/leaves_screen/#1/fold_2/run_manifest.json,config_sha256,751ced4f261d822cf20f59bbb346e95f8de465d6bf2075586822a9c213682659,MATCHED_ORIGINAL_FILE_BYTES,records/leaves_screen/configs/controlled_screen.json
records/leaves_screen/#1/fold_3/run_manifest.json,config_sha256,751ced4f261d822cf20f59bbb346e95f8de465d6bf2075586822a9c213682659,MATCHED_ORIGINAL_FILE_BYTES,records/leaves_screen/configs/controlled_screen.json
records/leaves_screen/#1/fold_4/run_manifest.json,config_sha256,751ced4f261d822cf20f59bbb346e95f8de465d6bf2075586822a9c213682659,MATCHED_ORIGINAL_FILE_BYTES,records/leaves_screen/configs/controlled_screen.json
records/leaves_screen/#0/fold_0/run_manifest.json,config_sha256,751ced4f261d822cf20f59bbb346e95f8de465d6bf2075586822a9c213682659,MATCHED_ORIGINAL_FILE_BYTES,records/leaves_screen/configs/controlled_screen.json
records/leaves_screen/#0/fold_1/run_manifest.json,config_sha256,751ced4f261d822cf20f59bbb346e95f8de465d6bf2075586822a9c213682659,MATCHED_ORIGINAL_FILE_BYTES,records/leaves_screen/configs/controlled_screen.json
records/leaves_screen/#0/fold_2/run_manifest.json,config_sha256,751ced4f261d822cf20f59bbb346e95f8de465d6bf2075586822a9c213682659,MATCHED_ORIGINAL_FILE_BYTES,records/leaves_screen/configs/controlled_screen.json
records/leaves_screen/#0/fold_3/run_manifest.json,config_sha256,751ced4f261d822cf20f59bbb346e95f8de465d6bf2075586822a9c213682659,MATCHED_ORIGINAL_FILE_BYTES,records/leaves_screen/configs/controlled_screen.json
records/leaves_screen/#0/fold_4/run_manifest.json,config_sha256,751ced4f261d822cf20f59bbb346e95f8de465d6bf2075586822a9c213682659,MATCHED_ORIGINAL_FILE_BYTES,records/leaves_screen/configs/controlled_screen.json
records/dfag/seed44/fold_0/run_manifest.json,config_sha256,30eaa1f173fafff883e4c42ffd3f4c89512448ce738f37551b140b119a9b65da,MATCHED_ORIGINAL_FILE_BYTES,records/dfag/configs/seed44.json
records/dfag/seed44/fold_0/run_manifest.json,runner_sha256,c539698d87bacd73c6d4a057e5939c06b6b75630b9eea2aef081e4ade50f9294,MATCHED_ORIGINAL_FILE_BYTES,records/dfag/scripts/train_one_dfag.py
records/dfag/seed44/fold_1/run_manifest.json,config_sha256,30eaa1f173fafff883e4c42ffd3f4c89512448ce738f37551b140b119a9b65da,MATCHED_ORIGINAL_FILE_BYTES,records/dfag/configs/seed44.json
records/dfag/seed44/fold_1/run_manifest.json,runner_sha256,c539698d87bacd73c6d4a057e5939c06b6b75630b9eea2aef081e4ade50f9294,MATCHED_ORIGINAL_FILE_BYTES,records/dfag/scripts/train_one_dfag.py
records/dfag/seed44/fold_2/run_manifest.json,config_sha256,30eaa1f173fafff883e4c42ffd3f4c89512448ce738f37551b140b119a9b65da,MATCHED_ORIGINAL_FILE_BYTES,records/dfag/configs/seed44.json
records/dfag/seed44/fold_2/run_manifest.json,runner_sha256,c539698d87bacd73c6d4a057e5939c06b6b75630b9eea2aef081e4ade50f9294,MATCHED_ORIGINAL_FILE_BYTES,records/dfag/scripts/train_one_dfag.py
records/dfag/seed44/fold_3/run_manifest.json,config_sha256,30eaa1f173fafff883e4c42ffd3f4c89512448ce738f37551b140b119a9b65da,MATCHED_ORIGINAL_FILE_BYTES,records/dfag/configs/seed44.json
records/dfag/seed44/fold_3/run_manifest.json,runner_sha256,c539698d87bacd73c6d4a057e5939c06b6b75630b9eea2aef081e4ade50f9294,MATCHED_ORIGINAL_FILE_BYTES,records/dfag/scripts/train_one_dfag.py
records/dfag/seed44/fold_4/run_manifest.json,config_sha256,30eaa1f173fafff883e4c42ffd3f4c89512448ce738f37551b140b119a9b65da,MATCHED_ORIGINAL_FILE_BYTES,records/dfag/configs/seed44.json
records/dfag/seed44/fold_4/run_manifest.json,runner_sha256,c539698d87bacd73c6d4a057e5939c06b6b75630b9eea2aef081e4ade50f9294,MATCHED_ORIGINAL_FILE_BYTES,records/dfag/scripts/train_one_dfag.py
records/dfag/seed43/fold_0/run_manifest.json,config_sha256,a10967be724c438c9db43842c018be7a2805d13e984af62a43899ca8b1cb2e07,MATCHED_ORIGINAL_FILE_BYTES,records/dfag/configs/seed43.json
records/dfag/seed43/fold_0/run_manifest.json,runner_sha256,c539698d87bacd73c6d4a057e5939c06b6b75630b9eea2aef081e4ade50f9294,MATCHED_ORIGINAL_FILE_BYTES,records/dfag/scripts/train_one_dfag.py
records/dfag/seed43/fold_1/run_manifest.json,config_sha256,a10967be724c438c9db43842c018be7a2805d13e984af62a43899ca8b1cb2e07,MATCHED_ORIGINAL_FILE_BYTES,records/dfag/configs/seed43.json
records/dfag/seed43/fold_1/run_manifest.json,runner_sha256,c539698d87bacd73c6d4a057e5939c06b6b75630b9eea2aef081e4ade50f9294,MATCHED_ORIGINAL_FILE_BYTES,records/dfag/scripts/train_one_dfag.py
records/dfag/seed43/fold_2/run_manifest.json,config_sha256,a10967be724c438c9db43842c018be7a2805d13e984af62a43899ca8b1cb2e07,MATCHED_ORIGINAL_FILE_BYTES,records/dfag/configs/seed43.json
records/dfag/seed43/fold_2/run_manifest.json,runner_sha256,c539698d87bacd73c6d4a057e5939c06b6b75630b9eea2aef081e4ade50f9294,MATCHED_ORIGINAL_FILE_BYTES,records/dfag/scripts/train_one_dfag.py
records/dfag/seed43/fold_3/run_manifest.json,config_sha256,a10967be724c438c9db43842c018be7a2805d13e984af62a43899ca8b1cb2e07,MATCHED_ORIGINAL_FILE_BYTES,records/dfag/configs/seed43.json
records/dfag/seed43/fold_3/run_manifest.json,runner_sha256,c539698d87bacd73c6d4a057e5939c06b6b75630b9eea2aef081e4ade50f9294,MATCHED_ORIGINAL_FILE_BYTES,records/dfag/scripts/train_one_dfag.py
records/dfag/seed43/fold_4/run_manifest.json,config_sha256,a10967be724c438c9db43842c018be7a2805d13e984af62a43899ca8b1cb2e07,MATCHED_ORIGINAL_FILE_BYTES,records/dfag/configs/seed43.json
records/dfag/seed43/fold_4/run_manifest.json,runner_sha256,c539698d87bacd73c6d4a057e5939c06b6b75630b9eea2aef081e4ade50f9294,MATCHED_ORIGINAL_FILE_BYTES,records/dfag/scripts/train_one_dfag.py
records/dfag/seed42/fold_0/run_manifest.json,config_sha256,361435396fa3f4f1469731723143d62b7bd9a46c7c5c7620048345b8ccd5c231,MATCHED_ORIGINAL_FILE_BYTES,records/dfag/configs/seed42.json
records/dfag/seed42/fold_0/run_manifest.json,runner_sha256,c539698d87bacd73c6d4a057e5939c06b6b75630b9eea2aef081e4ade50f9294,MATCHED_ORIGINAL_FILE_BYTES,records/dfag/scripts/train_one_dfag.py
records/dfag/seed42/fold_1/run_manifest.json,config_sha256,361435396fa3f4f1469731723143d62b7bd9a46c7c5c7620048345b8ccd5c231,MATCHED_ORIGINAL_FILE_BYTES,records/dfag/configs/seed42.json
records/dfag/seed42/fold_1/run_manifest.json,runner_sha256,c539698d87bacd73c6d4a057e5939c06b6b75630b9eea2aef081e4ade50f9294,MATCHED_ORIGINAL_FILE_BYTES,records/dfag/scripts/train_one_dfag.py
records/dfag/seed42/fold_2/run_manifest.json,config_sha256,361435396fa3f4f1469731723143d62b7bd9a46c7c5c7620048345b8ccd5c231,MATCHED_ORIGINAL_FILE_BYTES,records/dfag/configs/seed42.json
records/dfag/seed42/fold_2/run_manifest.json,runner_sha256,c539698d87bacd73c6d4a057e5939c06b6b75630b9eea2aef081e4ade50f9294,MATCHED_ORIGINAL_FILE_BYTES,records/dfag/scripts/train_one_dfag.py
records/dfag/seed42/fold_3/run_manifest.json,config_sha256,361435396fa3f4f1469731723143d62b7bd9a46c7c5c7620048345b8ccd5c231,MATCHED_ORIGINAL_FILE_BYTES,records/dfag/configs/seed42.json
records/dfag/seed42/fold_3/run_manifest.json,runner_sha256,c539698d87bacd73c6d4a057e5939c06b6b75630b9eea2aef081e4ade50f9294,MATCHED_ORIGINAL_FILE_BYTES,records/dfag/scripts/train_one_dfag.py
records/dfag/seed42/fold_4/run_manifest.json,config_sha256,361435396fa3f4f1469731723143d62b7bd9a46c7c5c7620048345b8ccd5c231,MATCHED_ORIGINAL_FILE_BYTES,records/dfag/configs/seed42.json
records/dfag/seed42/fold_4/run_manifest.json,runner_sha256,c539698d87bacd73c6d4a057e5939c06b6b75630b9eea2aef081e4ade50f9294,MATCHED_ORIGINAL_FILE_BYTES,records/dfag/scripts/train_one_dfag.py
records/dfag_confirmation/seed46/fold_0/run_manifest.json,config_sha256,33903fad46740df7f90c81dc9019e3c9d20f9b864004e4caa2f66a72f78b25ed,MATCHED_ORIGINAL_FILE_BYTES,records/dfag_confirmation/configs/seed46.json
records/dfag_confirmation/seed46/fold_0/run_manifest.json,runner_sha256,c539698d87bacd73c6d4a057e5939c06b6b75630b9eea2aef081e4ade50f9294,MATCHED_ORIGINAL_FILE_BYTES,records/dfag/scripts/train_one_dfag.py
records/dfag_confirmation/seed46/fold_1/run_manifest.json,config_sha256,33903fad46740df7f90c81dc9019e3c9d20f9b864004e4caa2f66a72f78b25ed,MATCHED_ORIGINAL_FILE_BYTES,records/dfag_confirmation/configs/seed46.json
records/dfag_confirmation/seed46/fold_1/run_manifest.json,runner_sha256,c539698d87bacd73c6d4a057e5939c06b6b75630b9eea2aef081e4ade50f9294,MATCHED_ORIGINAL_FILE_BYTES,records/dfag/scripts/train_one_dfag.py
records/dfag_confirmation/seed46/fold_2/run_manifest.json,config_sha256,33903fad46740df7f90c81dc9019e3c9d20f9b864004e4caa2f66a72f78b25ed,MATCHED_ORIGINAL_FILE_BYTES,records/dfag_confirmation/configs/seed46.json
records/dfag_confirmation/seed46/fold_2/run_manifest.json,runner_sha256,c539698d87bacd73c6d4a057e5939c06b6b75630b9eea2aef081e4ade50f9294,MATCHED_ORIGINAL_FILE_BYTES,records/dfag/scripts/train_one_dfag.py
records/dfag_confirmation/seed46/fold_3/run_manifest.json,config_sha256,33903fad46740df7f90c81dc9019e3c9d20f9b864004e4caa2f66a72f78b25ed,MATCHED_ORIGINAL_FILE_BYTES,records/dfag_confirmation/configs/seed46.json
records/dfag_confirmation/seed46/fold_3/run_manifest.json,runner_sha256,c539698d87bacd73c6d4a057e5939c06b6b75630b9eea2aef081e4ade50f9294,MATCHED_ORIGINAL_FILE_BYTES,records/dfag/scripts/train_one_dfag.py
records/dfag_confirmation/seed46/fold_4/run_manifest.json,config_sha256,33903fad46740df7f90c81dc9019e3c9d20f9b864004e4caa2f66a72f78b25ed,MATCHED_ORIGINAL_FILE_BYTES,records/dfag_confirmation/configs/seed46.json
records/dfag_confirmation/seed46/fold_4/run_manifest.json,runner_sha256,c539698d87bacd73c6d4a057e5939c06b6b75630b9eea2aef081e4ade50f9294,MATCHED_ORIGINAL_FILE_BYTES,records/dfag/scripts/train_one_dfag.py
records/dfag_confirmation/seed45/fold_0/run_manifest.json,config_sha256,36ff706415bf856d5a4bfb1aeeb9ab94f27f88110427ae4b4b6894e653b942b1,MATCHED_ORIGINAL_FILE_BYTES,records/dfag_confirmation/configs/seed45.json
records/dfag_confirmation/seed45/fold_0/run_manifest.json,runner_sha256,c539698d87bacd73c6d4a057e5939c06b6b75630b9eea2aef081e4ade50f9294,MATCHED_ORIGINAL_FILE_BYTES,records/dfag/scripts/train_one_dfag.py
records/dfag_confirmation/seed45/fold_1/run_manifest.json,config_sha256,36ff706415bf856d5a4bfb1aeeb9ab94f27f88110427ae4b4b6894e653b942b1,MATCHED_ORIGINAL_FILE_BYTES,records/dfag_confirmation/configs/seed45.json
records/dfag_confirmation/seed45/fold_1/run_manifest.json,runner_sha256,c539698d87bacd73c6d4a057e5939c06b6b75630b9eea2aef081e4ade50f9294,MATCHED_ORIGINAL_FILE_BYTES,records/dfag/scripts/train_one_dfag.py
records/dfag_confirmation/seed45/fold_2/run_manifest.json,config_sha256,36ff706415bf856d5a4bfb1aeeb9ab94f27f88110427ae4b4b6894e653b942b1,MATCHED_ORIGINAL_FILE_BYTES,records/dfag_confirmation/configs/seed45.json
records/dfag_confirmation/seed45/fold_2/run_manifest.json,runner_sha256,c539698d87bacd73c6d4a057e5939c06b6b75630b9eea2aef081e4ade50f9294,MATCHED_ORIGINAL_FILE_BYTES,records/dfag/scripts/train_one_dfag.py
records/dfag_confirmation/seed45/fold_3/run_manifest.json,config_sha256,36ff706415bf856d5a4bfb1aeeb9ab94f27f88110427ae4b4b6894e653b942b1,MATCHED_ORIGINAL_FILE_BYTES,records/dfag_confirmation/configs/seed45.json
records/dfag_confirmation/seed45/fold_3/run_manifest.json,runner_sha256,c539698d87bacd73c6d4a057e5939c06b6b75630b9eea2aef081e4ade50f9294,MATCHED_ORIGINAL_FILE_BYTES,records/dfag/scripts/train_one_dfag.py
records/dfag_confirmation/seed45/fold_4/run_manifest.json,config_sha256,36ff706415bf856d5a4bfb1aeeb9ab94f27f88110427ae4b4b6894e653b942b1,MATCHED_ORIGINAL_FILE_BYTES,records/dfag_confirmation/configs/seed45.json
records/dfag_confirmation/seed45/fold_4/run_manifest.json,runner_sha256,c539698d87bacd73c6d4a057e5939c06b6b75630b9eea2aef081e4ade50f9294,MATCHED_ORIGINAL_FILE_BYTES,records/dfag/scripts/train_one_dfag.py
