dataset_index,partition,sample_id
0,train,cub:2
1,train,cub:4
2,train,cub:5
3,train,cub:7
4,train,cub:8
5,train,cub:9
6,train,cub:11
7,train,cub:15
8,train,cub:18
11,train,cub:23
13,train,cub:31
14,train,cub:32
15,train,cub:35
18,train,cub:40
20,train,cub:42
21,train,cub:43
22,train,cub:46
23,train,cub:49
24,train,cub:51
25,train,cub:53
26,train,cub:55
27,train,cub:56
28,train,cub:58
29,train,cub:60
32,train,cub:66
33,train,cub:67
34,train,cub:69
35,train,cub:72
36,train,cub:73
37,train,cub:74
38,train,cub:75
39,train,cub:77
40,train,cub:78
41,train,cub:80
42,train,cub:81
45,train,cub:89
46,train,cub:96
47,train,cub:97
48,train,cub:99
51,train,cub:105
52,train,cub:109
53,train,cub:110
54,train,cub:111
55,train,cub:113
56,train,cub:115
57,train,cub:116
58,train,cub:117
59,train,cub:120
61,train,cub:122
62,train,cub:123
64,train,cub:125
65,train,cub:127
66,train,cub:128
67,train,cub:131
68,train,cub:136
69,train,cub:137
70,train,cub:138
71,train,cub:140
72,train,cub:141
73,train,cub:142
74,train,cub:143
75,train,cub:145
76,train,cub:148
79,train,cub:153
80,train,cub:158
81,train,cub:159
83,train,cub:164
84,train,cub:166
86,train,cub:172
87,train,cub:174
88,train,cub:176
89,train,cub:177
94,train,cub:188
95,train,cub:189
96,train,cub:194
97,train,cub:195
98,train,cub:196
100,train,cub:202
101,train,cub:203
102,train,cub:204
103,train,cub:206
104,train,cub:209
105,train,cub:213
106,train,cub:215
107,train,cub:216
109,train,cub:220
110,train,cub:221
111,train,cub:222
112,train,cub:224
113,train,cub:225
114,train,cub:227
115,train,cub:228
116,train,cub:230
117,train,cub:232
118,train,cub:235
119,train,cub:238
120,train,cub:241
122,train,cub:243
123,train,cub:245
124,train,cub:247
125,train,cub:248
126,train,cub:249
127,train,cub:250
128,train,cub:253
129,train,cub:254
130,train,cub:256
131,train,cub:257
132,train,cub:258
133,train,cub:261
134,train,cub:262
136,train,cub:264
137,train,cub:266
140,train,cub:269
143,train,cub:273
144,train,cub:274
145,train,cub:275
146,train,cub:276
147,train,cub:278
148,train,cub:280
149,train,cub:281
150,train,cub:283
151,train,cub:284
152,train,cub:285
153,train,cub:287
155,train,cub:289
156,train,cub:290
157,train,cub:291
161,train,cub:296
162,train,cub:297
163,train,cub:299
164,train,cub:301
165,train,cub:302
166,train,cub:303
167,train,cub:305
168,train,cub:306
169,train,cub:307
172,train,cub:316
173,train,cub:317
174,train,cub:318
175,train,cub:319
176,train,cub:320
177,train,cub:321
178,train,cub:322
179,train,cub:323
180,train,cub:324
182,train,cub:327
184,train,cub:331
185,train,cub:332
186,train,cub:333
187,train,cub:334
188,train,cub:335
189,train,cub:336
190,train,cub:338
192,train,cub:341
193,train,cub:342
194,train,cub:345
196,train,cub:349
198,train,cub:355
199,train,cub:358
200,train,cub:359
201,train,cub:361
203,train,cub:364
204,train,cub:366
205,train,cub:367
206,train,cub:368
207,train,cub:374
208,train,cub:375
209,train,cub:376
210,train,cub:377
211,train,cub:378
212,train,cub:379
213,train,cub:380
214,train,cub:385
215,train,cub:388
217,train,cub:392
218,train,cub:393
219,train,cub:395
220,train,cub:396
222,train,cub:398
223,train,cub:399
225,train,cub:401
226,train,cub:402
227,train,cub:403
228,train,cub:404
229,train,cub:406
230,train,cub:409
232,train,cub:413
235,train,cub:416
236,train,cub:417
237,train,cub:418
238,train,cub:421
239,train,cub:423
240,train,cub:426
241,train,cub:427
242,train,cub:428
243,train,cub:429
244,train,cub:431
245,train,cub:432
246,train,cub:433
247,train,cub:436
248,train,cub:437
249,train,cub:441
252,train,cub:452
253,train,cub:456
254,train,cub:460
255,train,cub:461
256,train,cub:464
258,train,cub:466
259,train,cub:467
260,train,cub:469
261,train,cub:470
262,train,cub:471
264,train,cub:476
266,train,cub:478
268,train,cub:481
269,train,cub:482
270,train,cub:484
271,train,cub:485
272,train,cub:486
273,train,cub:489
275,train,cub:491
276,train,cub:495
277,train,cub:496
278,train,cub:497
280,train,cub:502
282,train,cub:505
283,train,cub:507
285,train,cub:515
286,train,cub:518
287,train,cub:520
288,train,cub:523
290,train,cub:527
291,train,cub:529
292,train,cub:530
293,train,cub:531
294,train,cub:533
295,train,cub:535
296,train,cub:537
297,train,cub:539
299,train,cub:542
300,train,cub:544
301,train,cub:545
302,train,cub:547
303,train,cub:549
305,train,cub:554
306,train,cub:555
307,train,cub:557
308,train,cub:559
310,train,cub:562
311,train,cub:564
312,train,cub:566
313,train,cub:568
314,train,cub:570
315,train,cub:574
316,train,cub:575
319,train,cub:581
320,train,cub:587
321,train,cub:588
322,train,cub:591
324,train,cub:595
325,train,cub:596
326,train,cub:598
327,train,cub:599
329,train,cub:601
330,train,cub:605
331,train,cub:606
332,train,cub:607
333,train,cub:611
335,train,cub:613
336,train,cub:614
339,train,cub:620
340,train,cub:621
341,train,cub:625
342,train,cub:626
343,train,cub:628
345,train,cub:630
346,train,cub:631
347,train,cub:633
348,train,cub:635
349,train,cub:636
350,train,cub:639
352,train,cub:642
353,train,cub:645
354,train,cub:647
355,train,cub:648
356,train,cub:652
357,train,cub:653
358,train,cub:655
360,train,cub:660
361,train,cub:662
363,train,cub:666
364,train,cub:667
365,train,cub:668
366,train,cub:669
367,train,cub:670
368,train,cub:671
369,train,cub:672
370,train,cub:677
371,train,cub:678
372,train,cub:680
374,train,cub:685
375,train,cub:690
377,train,cub:693
378,train,cub:694
380,train,cub:701
381,train,cub:702
382,train,cub:706
383,train,cub:710
386,train,cub:715
387,train,cub:716
388,train,cub:717
389,train,cub:719
390,train,cub:720
391,train,cub:722
392,train,cub:725
393,train,cub:727
396,train,cub:732
397,train,cub:733
398,train,cub:734
399,train,cub:735
400,train,cub:736
401,train,cub:740
403,train,cub:744
404,train,cub:746
406,train,cub:748
407,train,cub:751
408,train,cub:754
409,train,cub:755
411,train,cub:758
412,train,cub:760
413,train,cub:762
414,train,cub:768
415,train,cub:769
417,train,cub:775
418,train,cub:776
419,train,cub:778
420,train,cub:780
421,train,cub:781
423,train,cub:784
424,train,cub:788
425,train,cub:789
426,train,cub:790
427,train,cub:791
428,train,cub:792
429,train,cub:793
431,train,cub:798
432,train,cub:801
434,train,cub:807
435,train,cub:810
436,train,cub:812
437,train,cub:813
439,train,cub:816
440,train,cub:818
441,train,cub:819
442,train,cub:822
443,train,cub:823
444,train,cub:828
445,train,cub:829
447,train,cub:834
448,train,cub:835
450,train,cub:841
451,train,cub:843
452,train,cub:845
454,train,cub:855
455,train,cub:856
457,train,cub:859
458,train,cub:860
460,train,cub:862
461,train,cub:863
462,train,cub:864
463,train,cub:865
464,train,cub:867
465,train,cub:870
467,train,cub:872
468,train,cub:873
469,train,cub:874
470,train,cub:875
471,train,cub:877
472,train,cub:879
473,train,cub:881
474,train,cub:884
476,train,cub:889
477,train,cub:891
478,train,cub:894
481,train,cub:900
483,train,cub:906
484,train,cub:907
485,train,cub:910
486,train,cub:912
487,train,cub:916
488,train,cub:917
489,train,cub:918
490,train,cub:920
491,train,cub:922
493,train,cub:925
494,train,cub:926
495,train,cub:927
496,train,cub:928
497,train,cub:929
498,train,cub:931
499,train,cub:934
500,train,cub:935
501,train,cub:937
502,train,cub:939
504,train,cub:943
505,train,cub:946
507,train,cub:950
508,train,cub:951
510,train,cub:954
511,train,cub:955
512,train,cub:956
513,train,cub:957
515,train,cub:960
516,train,cub:963
517,train,cub:964
518,train,cub:965
520,train,cub:967
521,train,cub:970
522,train,cub:972
523,train,cub:974
524,train,cub:975
525,train,cub:979
526,train,cub:980
527,train,cub:981
528,train,cub:982
529,train,cub:984
530,train,cub:985
531,train,cub:986
533,train,cub:988
534,train,cub:989
535,train,cub:990
539,train,cub:995
541,train,cub:1002
542,train,cub:1004
543,train,cub:1007
544,train,cub:1008
546,train,cub:1015
548,train,cub:1019
549,train,cub:1020
550,train,cub:1022
551,train,cub:1023
552,train,cub:1024
553,train,cub:1026
554,train,cub:1027
555,train,cub:1029
556,train,cub:1032
557,train,cub:1034
559,train,cub:1039
560,train,cub:1040
562,train,cub:1045
563,train,cub:1048
564,train,cub:1049
565,train,cub:1051
566,train,cub:1052
567,train,cub:1053
568,train,cub:1055
570,train,cub:1058
571,train,cub:1059
572,train,cub:1060
574,train,cub:1067
575,train,cub:1069
576,train,cub:1073
577,train,cub:1074
578,train,cub:1078
579,train,cub:1079
580,train,cub:1080
581,train,cub:1083
582,train,cub:1085
583,train,cub:1087
586,train,cub:1093
587,train,cub:1094
588,train,cub:1098
589,train,cub:1100
591,train,cub:1103
593,train,cub:1107
594,train,cub:1110
595,train,cub:1111
596,train,cub:1112
597,train,cub:1113
599,train,cub:1115
600,train,cub:1120
603,train,cub:1123
604,train,cub:1124
606,train,cub:1126
607,train,cub:1129
608,train,cub:1130
610,train,cub:1135
612,train,cub:1140
613,train,cub:1141
614,train,cub:1145
615,train,cub:1146
616,train,cub:1147
617,train,cub:1149
618,train,cub:1151
619,train,cub:1152
620,train,cub:1155
622,train,cub:1157
623,train,cub:1163
624,train,cub:1165
625,train,cub:1166
626,train,cub:1167
627,train,cub:1171
628,train,cub:1173
629,train,cub:1175
630,train,cub:1181
632,train,cub:1185
633,train,cub:1186
634,train,cub:1187
635,train,cub:1188
636,train,cub:1189
637,train,cub:1191
640,train,cub:1197
641,train,cub:1198
642,train,cub:1201
643,train,cub:1202
644,train,cub:1203
646,train,cub:1205
647,train,cub:1207
650,train,cub:1213
651,train,cub:1214
652,train,cub:1219
653,train,cub:1221
654,train,cub:1222
655,train,cub:1224
656,train,cub:1227
657,train,cub:1228
658,train,cub:1229
659,train,cub:1231
660,train,cub:1232
661,train,cub:1233
662,train,cub:1236
663,train,cub:1238
664,train,cub:1239
665,train,cub:1241
666,train,cub:1242
667,train,cub:1245
668,train,cub:1246
669,train,cub:1248
670,train,cub:1250
672,train,cub:1252
673,train,cub:1253
674,train,cub:1256
676,train,cub:1260
677,train,cub:1263
678,train,cub:1270
679,train,cub:1274
681,train,cub:1277
682,train,cub:1278
683,train,cub:1279
684,train,cub:1280
686,train,cub:1286
689,train,cub:1290
690,train,cub:1291
691,train,cub:1294
692,train,cub:1296
694,train,cub:1299
695,train,cub:1300
696,train,cub:1302
697,train,cub:1303
699,train,cub:1308
700,train,cub:1309
701,train,cub:1310
703,train,cub:1312
704,train,cub:1314
705,train,cub:1318
706,train,cub:1320
707,train,cub:1322
709,train,cub:1326
710,train,cub:1327
711,train,cub:1328
714,train,cub:1332
715,train,cub:1334
716,train,cub:1336
717,train,cub:1337
718,train,cub:1338
719,train,cub:1340
720,train,cub:1343
721,train,cub:1344
722,train,cub:1346
723,train,cub:1349
724,train,cub:1353
725,train,cub:1354
726,train,cub:1355
729,train,cub:1360
730,train,cub:1361
732,train,cub:1363
733,train,cub:1365
734,train,cub:1366
736,train,cub:1369
737,train,cub:1370
738,train,cub:1374
739,train,cub:1375
740,train,cub:1377
741,train,cub:1378
743,train,cub:1381
744,train,cub:1383
745,train,cub:1384
747,train,cub:1398
748,train,cub:1401
749,train,cub:1402
750,train,cub:1403
751,train,cub:1404
752,train,cub:1405
753,train,cub:1406
754,train,cub:1407
755,train,cub:1408
756,train,cub:1414
757,train,cub:1415
758,train,cub:1417
759,train,cub:1418
760,train,cub:1420
761,train,cub:1426
762,train,cub:1428
764,train,cub:1436
768,train,cub:1441
769,train,cub:1444
770,train,cub:1445
771,train,cub:1447
772,train,cub:1452
773,train,cub:1453
775,train,cub:1456
776,train,cub:1458
777,train,cub:1459
778,train,cub:1460
781,train,cub:1465
782,train,cub:1466
783,train,cub:1468
784,train,cub:1469
785,train,cub:1470
786,train,cub:1472
787,train,cub:1474
788,train,cub:1475
789,train,cub:1476
790,train,cub:1484
791,train,cub:1486
792,train,cub:1488
794,train,cub:1491
796,train,cub:1499
798,train,cub:1501
801,train,cub:1508
802,train,cub:1509
803,train,cub:1510
804,train,cub:1511
805,train,cub:1512
806,train,cub:1514
807,train,cub:1515
808,train,cub:1516
809,train,cub:1519
811,train,cub:1527
812,train,cub:1528
813,train,cub:1530
814,train,cub:1532
816,train,cub:1535
818,train,cub:1540
819,train,cub:1541
820,train,cub:1543
821,train,cub:1544
822,train,cub:1547
823,train,cub:1548
825,train,cub:1552
826,train,cub:1554
827,train,cub:1557
828,train,cub:1562
830,train,cub:1565
831,train,cub:1567
832,train,cub:1569
834,train,cub:1572
835,train,cub:1573
836,train,cub:1574
837,train,cub:1578
838,train,cub:1579
839,train,cub:1581
840,train,cub:1582
841,train,cub:1584
842,train,cub:1585
843,train,cub:1586
846,train,cub:1589
847,train,cub:1590
849,train,cub:1592
850,train,cub:1595
851,train,cub:1598
852,train,cub:1599
853,train,cub:1601
854,train,cub:1603
856,train,cub:1608
857,train,cub:1617
859,train,cub:1620
860,train,cub:1621
861,train,cub:1622
862,train,cub:1623
863,train,cub:1624
864,train,cub:1632
865,train,cub:1635
866,train,cub:1637
867,train,cub:1638
869,train,cub:1641
870,train,cub:1642
871,train,cub:1645
873,train,cub:1650
874,train,cub:1653
875,train,cub:1654
876,train,cub:1657
877,train,cub:1658
878,train,cub:1663
880,train,cub:1669
881,train,cub:1670
882,train,cub:1671
883,train,cub:1672
884,train,cub:1674
887,train,cub:1677
888,train,cub:1680
889,train,cub:1681
890,train,cub:1684
891,train,cub:1685
894,train,cub:1688
895,train,cub:1689
896,train,cub:1690
897,train,cub:1691
898,train,cub:1699
899,train,cub:1701
900,train,cub:1703
902,train,cub:1706
903,train,cub:1707
904,train,cub:1709
905,train,cub:1711
906,train,cub:1714
907,train,cub:1716
908,train,cub:1717
909,train,cub:1720
910,train,cub:1721
911,train,cub:1724
913,train,cub:1727
914,train,cub:1731
915,train,cub:1732
916,train,cub:1734
917,train,cub:1735
920,train,cub:1742
921,train,cub:1744
923,train,cub:1749
924,train,cub:1751
925,train,cub:1752
926,train,cub:1754
927,train,cub:1757
928,train,cub:1758
930,train,cub:1762
931,train,cub:1763
932,train,cub:1764
933,train,cub:1765
935,train,cub:1767
936,train,cub:1769
937,train,cub:1770
939,train,cub:1773
940,train,cub:1774
941,train,cub:1775
942,train,cub:1778
943,train,cub:1779
944,train,cub:1781
945,train,cub:1787
946,train,cub:1789
947,train,cub:1790
949,train,cub:1794
950,train,cub:1795
951,train,cub:1801
952,train,cub:1802
953,train,cub:1803
955,train,cub:1808
956,train,cub:1809
959,train,cub:1813
960,train,cub:1815
961,train,cub:1817
962,train,cub:1818
964,train,cub:1821
965,train,cub:1823
966,train,cub:1824
967,train,cub:1825
969,train,cub:1830
970,train,cub:1831
971,train,cub:1833
973,train,cub:1835
974,train,cub:1837
976,train,cub:1841
977,train,cub:1842
979,train,cub:1850
981,train,cub:1854
982,train,cub:1855
983,train,cub:1858
984,train,cub:1860
985,train,cub:1863
986,train,cub:1864
987,train,cub:1868
988,train,cub:1870
989,train,cub:1872
990,train,cub:1875
991,train,cub:1877
992,train,cub:1878
993,train,cub:1879
994,train,cub:1880
995,train,cub:1881
996,train,cub:1883
997,train,cub:1886
999,train,cub:1892
1000,train,cub:1895
1001,train,cub:1897
1002,train,cub:1898
1003,train,cub:1899
1004,train,cub:1903
1005,train,cub:1904
1007,train,cub:1907
1008,train,cub:1911
1009,train,cub:1912
1010,train,cub:1914
1011,train,cub:1918
1015,train,cub:1923
1016,train,cub:1928
1017,train,cub:1929
1019,train,cub:1932
1020,train,cub:1933
1021,train,cub:1934
1022,train,cub:1936
1023,train,cub:1938
1025,train,cub:1945
1026,train,cub:1949
1027,train,cub:1951
1028,train,cub:1952
1029,train,cub:1953
1031,train,cub:1955
1032,train,cub:1957
1034,train,cub:1963
1035,train,cub:1970
1036,train,cub:1971
1037,train,cub:1972
1038,train,cub:1973
1039,train,cub:1974
1040,train,cub:1975
1041,train,cub:1977
1042,train,cub:1978
1044,train,cub:1981
1046,train,cub:1988
1047,train,cub:1990
1048,train,cub:1991
1050,train,cub:1994
1051,train,cub:1998
1052,train,cub:2001
1053,train,cub:2002
1054,train,cub:2003
1055,train,cub:2007
1056,train,cub:2009
1057,train,cub:2011
1058,train,cub:2012
1059,train,cub:2013
1060,train,cub:2017
1062,train,cub:2019
1063,train,cub:2022
1064,train,cub:2023
1065,train,cub:2025
1066,train,cub:2026
1067,train,cub:2028
1068,train,cub:2033
1070,train,cub:2036
1071,train,cub:2038
1073,train,cub:2042
1076,train,cub:2046
1077,train,cub:2047
1079,train,cub:2052
1080,train,cub:2053
1081,train,cub:2054
1082,train,cub:2055
1083,train,cub:2056
1084,train,cub:2058
1085,train,cub:2061
1087,train,cub:2066
1088,train,cub:2068
1089,train,cub:2069
1090,train,cub:2071
1091,train,cub:2078
1092,train,cub:2079
1094,train,cub:2082
1095,train,cub:2083
1096,train,cub:2085
1098,train,cub:2088
1099,train,cub:2089
1100,train,cub:2090
1101,train,cub:2094
1102,train,cub:2095
1104,train,cub:2099
1106,train,cub:2103
1108,train,cub:2106
1109,train,cub:2110
1110,train,cub:2113
1111,train,cub:2114
1112,train,cub:2115
1113,train,cub:2116
1116,train,cub:2121
1117,train,cub:2122
1118,train,cub:2124
1119,train,cub:2125
1120,train,cub:2130
1123,train,cub:2137
1125,train,cub:2140
1126,train,cub:2144
1127,train,cub:2147
1128,train,cub:2149
1129,train,cub:2151
1130,train,cub:2152
1131,train,cub:2154
1132,train,cub:2155
1133,train,cub:2157
1134,train,cub:2159
1136,train,cub:2165
1137,train,cub:2166
1138,train,cub:2167
1139,train,cub:2169
1140,train,cub:2172
1141,train,cub:2173
1142,train,cub:2174
1143,train,cub:2175
1145,train,cub:2177
1146,train,cub:2178
1147,train,cub:2181
1148,train,cub:2182
1149,train,cub:2185
1150,train,cub:2187
1152,train,cub:2192
1153,train,cub:2196
1154,train,cub:2197
1155,train,cub:2198
1157,train,cub:2202
1159,train,cub:2208
1160,train,cub:2210
1161,train,cub:2214
1162,train,cub:2215
1163,train,cub:2217
1164,train,cub:2220
1165,train,cub:2221
1167,train,cub:2225
1169,train,cub:2228
1170,train,cub:2232
1171,train,cub:2233
1172,train,cub:2235
1173,train,cub:2237
1174,train,cub:2238
1175,train,cub:2240
1176,train,cub:2241
1177,train,cub:2243
1178,train,cub:2245
1179,train,cub:2246
1180,train,cub:2247
1182,train,cub:2251
1184,train,cub:2254
1185,train,cub:2255
1186,train,cub:2259
1187,train,cub:2261
1189,train,cub:2263
1190,train,cub:2266
1191,train,cub:2267
1192,train,cub:2270
1194,train,cub:2272
1195,train,cub:2275
1197,train,cub:2279
1199,train,cub:2289
1200,train,cub:2291
1201,train,cub:2296
1203,train,cub:2301
1204,train,cub:2304
1206,train,cub:2311
1207,train,cub:2313
1209,train,cub:2317
1211,train,cub:2323
1212,train,cub:2324
1213,train,cub:2325
1214,train,cub:2326
1215,train,cub:2332
1217,train,cub:2334
1218,train,cub:2335
1219,train,cub:2337
1220,train,cub:2339
1221,train,cub:2340
1222,train,cub:2342
1223,train,cub:2343
1224,train,cub:2344
1225,train,cub:2345
1226,train,cub:2346
1228,train,cub:2349
1229,train,cub:2350
1230,train,cub:2352
1231,train,cub:2353
1232,train,cub:2354
1233,train,cub:2356
1234,train,cub:2359
1235,train,cub:2364
1237,train,cub:2372
1238,train,cub:2373
1239,train,cub:2375
1240,train,cub:2378
1241,train,cub:2383
1243,train,cub:2385
1245,train,cub:2387
1246,train,cub:2388
1248,train,cub:2392
1250,train,cub:2396
1252,train,cub:2398
1253,train,cub:2401
1254,train,cub:2402
1255,train,cub:2403
1256,train,cub:2405
1257,train,cub:2406
1258,train,cub:2407
1259,train,cub:2408
1260,train,cub:2414
1261,train,cub:2416
1262,train,cub:2417
1263,train,cub:2419
1264,train,cub:2420
1265,train,cub:2422
1266,train,cub:2424
1267,train,cub:2425
1268,train,cub:2426
1269,train,cub:2428
1270,train,cub:2429
1272,train,cub:2433
1274,train,cub:2440
1276,train,cub:2443
1277,train,cub:2446
1278,train,cub:2447
1279,train,cub:2448
1280,train,cub:2449
1281,train,cub:2451
1282,train,cub:2455
1285,train,cub:2461
1286,train,cub:2462
1287,train,cub:2465
1288,train,cub:2467
1291,train,cub:2477
1292,train,cub:2478
1294,train,cub:2480
1295,train,cub:2484
1296,train,cub:2486
1297,train,cub:2487
1298,train,cub:2490
1300,train,cub:2502
1301,train,cub:2504
1302,train,cub:2506
1303,train,cub:2509
1306,train,cub:2513
1307,train,cub:2515
1308,train,cub:2516
1309,train,cub:2517
1310,train,cub:2518
1311,train,cub:2519
1312,train,cub:2521
1314,train,cub:2523
1315,train,cub:2524
1316,train,cub:2526
1317,train,cub:2527
1318,train,cub:2528
1319,train,cub:2529
1321,train,cub:2533
1322,train,cub:2534
1323,train,cub:2535
1324,train,cub:2536
1326,train,cub:2539
1327,train,cub:2542
1329,train,cub:2544
1330,train,cub:2545
1331,train,cub:2546
1332,train,cub:2550
1333,train,cub:2554
1334,train,cub:2555
1335,train,cub:2558
1336,train,cub:2560
1337,train,cub:2562
1338,train,cub:2563
1339,train,cub:2564
1342,train,cub:2567
1343,train,cub:2568
1344,train,cub:2573
1345,train,cub:2576
1347,train,cub:2585
1348,train,cub:2586
1349,train,cub:2587
1350,train,cub:2591
1352,train,cub:2595
1353,train,cub:2597
1354,train,cub:2598
1355,train,cub:2601
1356,train,cub:2602
1357,train,cub:2605
1358,train,cub:2608
1359,train,cub:2612
1360,train,cub:2615
1362,train,cub:2620
1363,train,cub:2621
1364,train,cub:2623
1365,train,cub:2625
1366,train,cub:2626
1367,train,cub:2629
1370,train,cub:2637
1371,train,cub:2638
1372,train,cub:2639
1373,train,cub:2641
1374,train,cub:2642
1375,train,cub:2643
1378,train,cub:2646
1379,train,cub:2647
1380,train,cub:2651
1381,train,cub:2654
1382,train,cub:2656
1383,train,cub:2659
1384,train,cub:2661
1385,train,cub:2663
1386,train,cub:2664
1387,train,cub:2665
1388,train,cub:2666
1389,train,cub:2667
1390,train,cub:2668
1392,train,cub:2679
1393,train,cub:2682
1394,train,cub:2683
1395,train,cub:2684
1396,train,cub:2686
1398,train,cub:2688
1399,train,cub:2690
1400,train,cub:2692
1401,train,cub:2697
1404,train,cub:2700
1405,train,cub:2701
1406,train,cub:2702
1408,train,cub:2706
1410,train,cub:2714
1412,train,cub:2719
1414,train,cub:2721
1415,train,cub:2722
1416,train,cub:2723
1417,train,cub:2724
1420,train,cub:2729
1421,train,cub:2732
1422,train,cub:2734
1423,train,cub:2739
1424,train,cub:2741
1425,train,cub:2742
1427,train,cub:2745
1428,train,cub:2747
1429,train,cub:2748
1430,train,cub:2749
1431,train,cub:2750
1433,train,cub:2755
1434,train,cub:2756
1435,train,cub:2757
1436,train,cub:2758
1437,train,cub:2759
1438,train,cub:2762
1439,train,cub:2768
1441,train,cub:2772
1442,train,cub:2775
1443,train,cub:2777
1444,train,cub:2779
1445,train,cub:2781
1446,train,cub:2786
1448,train,cub:2788
1449,train,cub:2791
1451,train,cub:2794
1452,train,cub:2795
1453,train,cub:2797
1454,train,cub:2798
1455,train,cub:2800
1456,train,cub:2808
1458,train,cub:2811
1459,train,cub:2814
1460,train,cub:2815
1461,train,cub:2816
1462,train,cub:2817
1463,train,cub:2819
1464,train,cub:2820
1465,train,cub:2821
1467,train,cub:2825
1469,train,cub:2828
1470,train,cub:2832
1471,train,cub:2833
1472,train,cub:2838
1473,train,cub:2840
1474,train,cub:2841
1475,train,cub:2842
1476,train,cub:2843
1477,train,cub:2844
1478,train,cub:2849
1480,train,cub:2854
1481,train,cub:2855
1482,train,cub:2856
1483,train,cub:2857
1487,train,cub:2864
1488,train,cub:2865
1489,train,cub:2870
1490,train,cub:2871
1491,train,cub:2872
1492,train,cub:2876
1493,train,cub:2877
1494,train,cub:2881
1495,train,cub:2882
1497,train,cub:2886
1498,train,cub:2888
1500,train,cub:2890
1501,train,cub:2891
1502,train,cub:2894
1506,train,cub:2903
1507,train,cub:2905
1509,train,cub:2910
1510,train,cub:2911
1511,train,cub:2912
1512,train,cub:2914
1513,train,cub:2916
1514,train,cub:2922
1515,train,cub:2925
1517,train,cub:2928
1518,train,cub:2930
1519,train,cub:2931
1520,train,cub:2932
1521,train,cub:2933
1522,train,cub:2937
1523,train,cub:2939
1525,train,cub:2944
1526,train,cub:2945
1527,train,cub:2946
1528,train,cub:2947
1529,train,cub:2948
1530,train,cub:2950
1531,train,cub:2953
1532,train,cub:2954
1535,train,cub:2958
1536,train,cub:2962
1537,train,cub:2964
1538,train,cub:2966
1539,train,cub:2969
1540,train,cub:2970
1541,train,cub:2972
1542,train,cub:2973
1544,train,cub:2978
1545,train,cub:2980
1546,train,cub:2985
1547,train,cub:2986
1548,train,cub:2987
1549,train,cub:2989
1550,train,cub:2990
1551,train,cub:2994
1552,train,cub:2996
1553,train,cub:2998
1554,train,cub:2999
1556,train,cub:3002
1557,train,cub:3003
1560,train,cub:3010
1564,train,cub:3020
1565,train,cub:3023
1566,train,cub:3024
1567,train,cub:3026
1568,train,cub:3027
1570,train,cub:3030
1571,train,cub:3031
1572,train,cub:3033
1574,train,cub:3036
1576,train,cub:3040
1577,train,cub:3041
1578,train,cub:3042
1579,train,cub:3043
1580,train,cub:3044
1581,train,cub:3046
1582,train,cub:3047
1583,train,cub:3048
1584,train,cub:3049
1585,train,cub:3052
1586,train,cub:3054
1587,train,cub:3065
1588,train,cub:3068
1589,train,cub:3069
1590,train,cub:3070
1591,train,cub:3073
1592,train,cub:3077
1593,train,cub:3079
1594,train,cub:3082
1595,train,cub:3085
1596,train,cub:3086
1597,train,cub:3088
1598,train,cub:3089
1599,train,cub:3092
1601,train,cub:3094
1602,train,cub:3095
1603,train,cub:3096
1605,train,cub:3103
1607,train,cub:3106
1608,train,cub:3109
1609,train,cub:3113
1610,train,cub:3114
1611,train,cub:3115
1612,train,cub:3117
1614,train,cub:3120
1616,train,cub:3122
1617,train,cub:3123
1619,train,cub:3126
1620,train,cub:3132
1621,train,cub:3134
1622,train,cub:3139
1623,train,cub:3141
1625,train,cub:3143
1627,train,cub:3147
1628,train,cub:3149
1629,train,cub:3152
1633,train,cub:3160
1634,train,cub:3161
1635,train,cub:3163
1636,train,cub:3164
1637,train,cub:3165
1638,train,cub:3167
1639,train,cub:3173
1640,train,cub:3174
1641,train,cub:3175
1642,train,cub:3177
1643,train,cub:3178
1644,train,cub:3180
1645,train,cub:3181
1647,train,cub:3187
1648,train,cub:3188
1649,train,cub:3189
1650,train,cub:3194
1651,train,cub:3196
1652,train,cub:3197
1653,train,cub:3199
1655,train,cub:3202
1656,train,cub:3203
1657,train,cub:3205
1658,train,cub:3207
1660,train,cub:3209
1661,train,cub:3210
1662,train,cub:3212
1664,train,cub:3214
1665,train,cub:3215
1666,train,cub:3217
1667,train,cub:3221
1668,train,cub:3224
1670,train,cub:3232
1671,train,cub:3234
1672,train,cub:3235
1673,train,cub:3236
1674,train,cub:3237
1675,train,cub:3238
1677,train,cub:3241
1678,train,cub:3245
1680,train,cub:3250
1681,train,cub:3255
1682,train,cub:3256
1683,train,cub:3260
1684,train,cub:3262
1685,train,cub:3263
1686,train,cub:3265
1687,train,cub:3266
1688,train,cub:3268
1690,train,cub:3271
1691,train,cub:3272
1693,train,cub:3275
1694,train,cub:3277
1695,train,cub:3278
1696,train,cub:3279
1700,train,cub:3288
1701,train,cub:3289
1703,train,cub:3297
1704,train,cub:3300
1705,train,cub:3303
1706,train,cub:3304
1707,train,cub:3306
1708,train,cub:3308
1709,train,cub:3309
1710,train,cub:3310
1711,train,cub:3311
1712,train,cub:3314
1713,train,cub:3316
1715,train,cub:3324
1716,train,cub:3325
1717,train,cub:3332
1718,train,cub:3333
1719,train,cub:3334
1720,train,cub:3335
1721,train,cub:3336
1722,train,cub:3337
1723,train,cub:3338
1724,train,cub:3339
1725,train,cub:3340
1726,train,cub:3341
1729,train,cub:3346
1731,train,cub:3348
1732,train,cub:3349
1733,train,cub:3352
1734,train,cub:3355
1736,train,cub:3362
1738,train,cub:3365
1739,train,cub:3366
1740,train,cub:3369
1741,train,cub:3371
1743,train,cub:3374
1744,train,cub:3375
1745,train,cub:3380
1746,train,cub:3381
1747,train,cub:3382
1748,train,cub:3385
1750,train,cub:3388
1751,train,cub:3389
1753,train,cub:3394
1754,train,cub:3395
1755,train,cub:3396
1756,train,cub:3397
1757,train,cub:3398
1758,train,cub:3401
1759,train,cub:3402
1760,train,cub:3405
1761,train,cub:3407
1763,train,cub:3415
1765,train,cub:3423
1766,train,cub:3424
1768,train,cub:3426
1769,train,cub:3427
1770,train,cub:3429
1771,train,cub:3430
1772,train,cub:3431
1773,train,cub:3435
1774,train,cub:3437
1776,train,cub:3439
1777,train,cub:3440
1778,train,cub:3441
1779,train,cub:3443
1781,train,cub:3451
1782,train,cub:3456
1783,train,cub:3458
1784,train,cub:3459
1786,train,cub:3462
1789,train,cub:3466
1790,train,cub:3467
1791,train,cub:3468
1792,train,cub:3471
1793,train,cub:3473
1794,train,cub:3476
1796,train,cub:3481
1797,train,cub:3482
1798,train,cub:3484
1799,train,cub:3486
1801,train,cub:3493
1802,train,cub:3497
1803,train,cub:3498
1804,train,cub:3501
1806,train,cub:3503
1807,train,cub:3504
1809,train,cub:3507
1810,train,cub:3508
1811,train,cub:3509
1812,train,cub:3510
1813,train,cub:3512
1814,train,cub:3516
1816,train,cub:3518
1818,train,cub:3523
1819,train,cub:3524
1820,train,cub:3532
1821,train,cub:3533
1822,train,cub:3534
1823,train,cub:3535
1824,train,cub:3539
1825,train,cub:3540
1827,train,cub:3544
1828,train,cub:3545
1829,train,cub:3546
1830,train,cub:3551
1831,train,cub:3553
1834,train,cub:3559
1835,train,cub:3560
1836,train,cub:3561
1837,train,cub:3563
1839,train,cub:3565
1840,train,cub:3567
1841,train,cub:3569
1842,train,cub:3571
1844,train,cub:3574
1846,train,cub:3578
1847,train,cub:3583
1848,train,cub:3586
1849,train,cub:3587
1850,train,cub:3588
1851,train,cub:3589
1853,train,cub:3591
1854,train,cub:3595
1855,train,cub:3597
1856,train,cub:3599
1857,train,cub:3602
1858,train,cub:3605
1859,train,cub:3606
1860,train,cub:3608
1861,train,cub:3609
1862,train,cub:3610
1863,train,cub:3611
1864,train,cub:3612
1865,train,cub:3614
1866,train,cub:3616
1867,train,cub:3617
1869,train,cub:3620
1871,train,cub:3625
1872,train,cub:3628
1873,train,cub:3629
1875,train,cub:3634
1876,train,cub:3635
1877,train,cub:3637
1878,train,cub:3640
1879,train,cub:3645
1880,train,cub:3647
1881,train,cub:3650
1882,train,cub:3653
1883,train,cub:3655
1885,train,cub:3658
1887,train,cub:3661
1888,train,cub:3663
1890,train,cub:3670
1891,train,cub:3671
1892,train,cub:3672
1894,train,cub:3675
1895,train,cub:3676
1896,train,cub:3678
1897,train,cub:3681
1898,train,cub:3687
1899,train,cub:3689
1900,train,cub:3690
1901,train,cub:3692
1902,train,cub:3693
1903,train,cub:3694
1904,train,cub:3695
1905,train,cub:3697
1906,train,cub:3700
1907,train,cub:3701
1908,train,cub:3702
1909,train,cub:3703
1910,train,cub:3706
1911,train,cub:3709
1913,train,cub:3712
1915,train,cub:3718
1917,train,cub:3721
1920,train,cub:3728
1921,train,cub:3730
1922,train,cub:3731
1923,train,cub:3734
1925,train,cub:3737
1926,train,cub:3738
1928,train,cub:3740
1930,train,cub:3743
1931,train,cub:3746
1932,train,cub:3747
1933,train,cub:3748
1935,train,cub:3754
1937,train,cub:3757
1938,train,cub:3759
1939,train,cub:3761
1940,train,cub:3762
1941,train,cub:3764
1942,train,cub:3765
1943,train,cub:3769
1945,train,cub:3772
1946,train,cub:3773
1947,train,cub:3774
1948,train,cub:3775
1949,train,cub:3776
1950,train,cub:3780
1953,train,cub:3784
1954,train,cub:3785
1955,train,cub:3786
1957,train,cub:3790
1958,train,cub:3792
1959,train,cub:3794
1961,train,cub:3799
1962,train,cub:3801
1963,train,cub:3802
1964,train,cub:3803
1965,train,cub:3805
1966,train,cub:3807
1967,train,cub:3810
1968,train,cub:3811
1969,train,cub:3812
1970,train,cub:3815
1971,train,cub:3816
1973,train,cub:3818
1974,train,cub:3819
1976,train,cub:3824
1977,train,cub:3832
1978,train,cub:3833
1979,train,cub:3835
1981,train,cub:3841
1983,train,cub:3845
1984,train,cub:3848
1985,train,cub:3849
1986,train,cub:3850
1987,train,cub:3853
1988,train,cub:3854
1990,train,cub:3860
1991,train,cub:3861
1992,train,cub:3862
1993,train,cub:3864
1994,train,cub:3865
1995,train,cub:3866
1996,train,cub:3867
1997,train,cub:3868
1998,train,cub:3869
1999,train,cub:3872
2000,train,cub:3873
2003,train,cub:3888
2004,train,cub:3889
2005,train,cub:3890
2006,train,cub:3891
2008,train,cub:3893
2009,train,cub:3894
2010,train,cub:3897
2011,train,cub:3901
2013,train,cub:3904
2015,train,cub:3906
2016,train,cub:3910
2017,train,cub:3912
2018,train,cub:3913
2019,train,cub:3915
2020,train,cub:3916
2021,train,cub:3919
2022,train,cub:3920
2023,train,cub:3922
2025,train,cub:3930
2026,train,cub:3931
2027,train,cub:3932
2028,train,cub:3933
2032,train,cub:3946
2033,train,cub:3948
2034,train,cub:3949
2035,train,cub:3950
2036,train,cub:3952
2037,train,cub:3954
2038,train,cub:3955
2039,train,cub:3956
2040,train,cub:3957
2041,train,cub:3959
2043,train,cub:3962
2044,train,cub:3964
2045,train,cub:3966
2046,train,cub:3967
2048,train,cub:3970
2049,train,cub:3972
2050,train,cub:3975
2051,train,cub:3979
2053,train,cub:3984
2054,train,cub:3988
2055,train,cub:3990
2056,train,cub:3995
2057,train,cub:3996
2059,train,cub:3998
2061,train,cub:4003
2062,train,cub:4005
2063,train,cub:4006
2065,train,cub:4008
2066,train,cub:4011
2067,train,cub:4012
2068,train,cub:4015
2069,train,cub:4016
2070,train,cub:4017
2071,train,cub:4018
2072,train,cub:4019
2073,train,cub:4022
2075,train,cub:4024
2076,train,cub:4027
2078,train,cub:4029
2079,train,cub:4030
2080,train,cub:4031
2081,train,cub:4032
2083,train,cub:4039
2084,train,cub:4041
2086,train,cub:4049
2087,train,cub:4055
2088,train,cub:4057
2089,train,cub:4060
2090,train,cub:4061
2092,train,cub:4067
2094,train,cub:4069
2095,train,cub:4071
2096,train,cub:4072
2097,train,cub:4074
2098,train,cub:4075
2099,train,cub:4076
2100,train,cub:4078
2101,train,cub:4079
2102,train,cub:4082
2103,train,cub:4090
2104,train,cub:4091
2105,train,cub:4092
2108,train,cub:4096
2109,train,cub:4097
2110,train,cub:4100
2111,train,cub:4103
2112,train,cub:4105
2113,train,cub:4107
2114,train,cub:4111
2115,train,cub:4112
2116,train,cub:4113
2117,train,cub:4114
2118,train,cub:4116
2120,train,cub:4122
2123,train,cub:4127
2124,train,cub:4129
2125,train,cub:4130
2126,train,cub:4131
2127,train,cub:4133
2128,train,cub:4134
2131,train,cub:4142
2133,train,cub:4146
2134,train,cub:4147
2135,train,cub:4149
2136,train,cub:4154
2137,train,cub:4155
2138,train,cub:4156
2139,train,cub:4157
2140,train,cub:4158
2141,train,cub:4159
2142,train,cub:4160
2143,train,cub:4162
2144,train,cub:4164
2145,train,cub:4165
2146,train,cub:4166
2147,train,cub:4167
2149,train,cub:4171
2150,train,cub:4173
2151,train,cub:4174
2152,train,cub:4178
2154,train,cub:4184
2155,train,cub:4188
2156,train,cub:4190
2158,train,cub:4193
2160,train,cub:4197
2161,train,cub:4199
2162,train,cub:4201
2165,train,cub:4209
2166,train,cub:4211
2167,train,cub:4214
2168,train,cub:4216
2169,train,cub:4218
2170,train,cub:4219
2173,train,cub:4229
2174,train,cub:4230
2175,train,cub:4232
2177,train,cub:4234
2178,train,cub:4236
2179,train,cub:4238
2180,train,cub:4239
2181,train,cub:4240
2182,train,cub:4241
2183,train,cub:4242
2184,train,cub:4243
2185,train,cub:4244
2187,train,cub:4251
2188,train,cub:4254
2189,train,cub:4256
2190,train,cub:4257
2192,train,cub:4260
2193,train,cub:4263
2194,train,cub:4266
2195,train,cub:4267
2198,train,cub:4271
2199,train,cub:4272
2200,train,cub:4273
2201,train,cub:4275
2202,train,cub:4276
2203,train,cub:4278
2204,train,cub:4279
2205,train,cub:4282
2207,train,cub:4286
2208,train,cub:4289
2209,train,cub:4290
2210,train,cub:4291
2211,train,cub:4296
2212,train,cub:4297
2213,train,cub:4299
2214,train,cub:4301
2216,train,cub:4303
2217,train,cub:4306
2218,train,cub:4309
2220,train,cub:4320
2221,train,cub:4321
2222,train,cub:4324
2225,train,cub:4328
2226,train,cub:4329
2227,train,cub:4331
2228,train,cub:4332
2229,train,cub:4334
2230,train,cub:4341
2231,train,cub:4342
2232,train,cub:4343
2233,train,cub:4345
2234,train,cub:4346
2235,train,cub:4347
2236,train,cub:4348
2238,train,cub:4350
2239,train,cub:4352
2242,train,cub:4356
2243,train,cub:4358
2245,train,cub:4361
2246,train,cub:4362
2247,train,cub:4363
2248,train,cub:4369
2249,train,cub:4370
2250,train,cub:4374
2251,train,cub:4380
2253,train,cub:4385
2254,train,cub:4387
2255,train,cub:4390
2256,train,cub:4391
2257,train,cub:4392
2258,train,cub:4394
2259,train,cub:4398
2260,train,cub:4401
2261,train,cub:4405
2262,train,cub:4406
2263,train,cub:4407
2264,train,cub:4410
2265,train,cub:4412
2266,train,cub:4414
2268,train,cub:4416
2270,train,cub:4420
2272,train,cub:4423
2273,train,cub:4424
2274,train,cub:4426
2275,train,cub:4427
2276,train,cub:4428
2277,train,cub:4429
2280,train,cub:4434
2281,train,cub:4435
2282,train,cub:4437
2283,train,cub:4439
2284,train,cub:4440
2287,train,cub:4448
2288,train,cub:4449
2289,train,cub:4450
2290,train,cub:4452
2291,train,cub:4453
2292,train,cub:4454
2295,train,cub:4459
2296,train,cub:4465
2297,train,cub:4471
2298,train,cub:4473
2299,train,cub:4475
2300,train,cub:4476
2302,train,cub:4478
2303,train,cub:4482
2304,train,cub:4483
2305,train,cub:4484
2306,train,cub:4485
2307,train,cub:4489
2308,train,cub:4490
2310,train,cub:4494
2311,train,cub:4495
2312,train,cub:4498
2314,train,cub:4509
2315,train,cub:4510
2316,train,cub:4511
2317,train,cub:4513
2318,train,cub:4518
2319,train,cub:4519
2320,train,cub:4520
2321,train,cub:4521
2323,train,cub:4524
2324,train,cub:4526
2325,train,cub:4528
2327,train,cub:4530
2329,train,cub:4534
2330,train,cub:4539
2331,train,cub:4540
2332,train,cub:4541
2334,train,cub:4544
2335,train,cub:4546
2337,train,cub:4549
2338,train,cub:4550
2339,train,cub:4551
2340,train,cub:4553
2341,train,cub:4554
2342,train,cub:4556
2343,train,cub:4557
2345,train,cub:4559
2346,train,cub:4561
2348,train,cub:4563
2349,train,cub:4564
2351,train,cub:4567
2352,train,cub:4568
2354,train,cub:4570
2355,train,cub:4572
2356,train,cub:4573
2358,train,cub:4575
2359,train,cub:4578
2360,train,cub:4580
2361,train,cub:4581
2362,train,cub:4582
2364,train,cub:4599
2365,train,cub:4604
2366,train,cub:4607
2367,train,cub:4608
2368,train,cub:4609
2369,train,cub:4612
2371,train,cub:4616
2373,train,cub:4619
2374,train,cub:4620
2375,train,cub:4621
2377,train,cub:4627
2378,train,cub:4628
2379,train,cub:4629
2380,train,cub:4631
2381,train,cub:4632
2382,train,cub:4634
2383,train,cub:4635
2386,train,cub:4646
2387,train,cub:4647
2389,train,cub:4654
2390,train,cub:4655
2391,train,cub:4656
2392,train,cub:4657
2393,train,cub:4658
2394,train,cub:4659
2395,train,cub:4660
2396,train,cub:4661
2397,train,cub:4665
2398,train,cub:4669
2399,train,cub:4672
2400,train,cub:4674
2402,train,cub:4678
2403,train,cub:4680
2404,train,cub:4683
2405,train,cub:4686
2406,train,cub:4688
2407,train,cub:4691
2408,train,cub:4692
2410,train,cub:4695
2411,train,cub:4699
2414,train,cub:4702
2415,train,cub:4703
2416,train,cub:4706
2417,train,cub:4708
2418,train,cub:4712
2421,train,cub:4716
2422,train,cub:4717
2423,train,cub:4718
2424,train,cub:4719
2425,train,cub:4723
2426,train,cub:4724
2427,train,cub:4726
2428,train,cub:4727
2429,train,cub:4729
2433,train,cub:4743
2434,train,cub:4744
2435,train,cub:4745
2436,train,cub:4747
2437,train,cub:4748
2438,train,cub:4749
2439,train,cub:4756
2440,train,cub:4757
2442,train,cub:4762
2443,train,cub:4764
2444,train,cub:4765
2445,train,cub:4767
2446,train,cub:4768
2447,train,cub:4769
2448,train,cub:4770
2449,train,cub:4772
2450,train,cub:4776
2451,train,cub:4777
2453,train,cub:4780
2455,train,cub:4784
2456,train,cub:4786
2457,train,cub:4788
2458,train,cub:4790
2459,train,cub:4792
2460,train,cub:4794
2461,train,cub:4799
2463,train,cub:4803
2464,train,cub:4804
2465,train,cub:4806
2466,train,cub:4807
2467,train,cub:4809
2468,train,cub:4810
2469,train,cub:4812
2470,train,cub:4813
2471,train,cub:4814
2472,train,cub:4820
2474,train,cub:4822
2477,train,cub:4835
2478,train,cub:4838
2479,train,cub:4839
2480,train,cub:4840
2481,train,cub:4841
2482,train,cub:4842
2485,train,cub:4848
2486,train,cub:4849
2487,train,cub:4850
2488,train,cub:4851
2489,train,cub:4852
2490,train,cub:4853
2491,train,cub:4855
2492,train,cub:4857
2493,train,cub:4858
2494,train,cub:4859
2495,train,cub:4860
2496,train,cub:4861
2497,train,cub:4867
2498,train,cub:4868
2500,train,cub:4871
2501,train,cub:4873
2502,train,cub:4876
2504,train,cub:4878
2505,train,cub:4880
2506,train,cub:4881
2508,train,cub:4886
2509,train,cub:4887
2510,train,cub:4892
2512,train,cub:4894
2513,train,cub:4895
2515,train,cub:4897
2516,train,cub:4898
2517,train,cub:4899
2518,train,cub:4900
2520,train,cub:4906
2521,train,cub:4907
2523,train,cub:4912
2525,train,cub:4920
2529,train,cub:4930
2530,train,cub:4933
2531,train,cub:4935
2532,train,cub:4937
2533,train,cub:4938
2534,train,cub:4941
2535,train,cub:4945
2537,train,cub:4947
2538,train,cub:4948
2539,train,cub:4950
2540,train,cub:4951
2541,train,cub:4952
2542,train,cub:4953
2543,train,cub:4954
2544,train,cub:4955
2545,train,cub:4956
2546,train,cub:4957
2547,train,cub:4959
2548,train,cub:4961
2549,train,cub:4964
2550,train,cub:4968
2551,train,cub:4969
2552,train,cub:4970
2553,train,cub:4972
2554,train,cub:4974
2555,train,cub:4975
2556,train,cub:4977
2558,train,cub:4988
2560,train,cub:4993
2561,train,cub:4994
2562,train,cub:4997
2563,train,cub:5000
2564,train,cub:5001
2565,train,cub:5003
2567,train,cub:5006
2569,train,cub:5008
2570,train,cub:5011
2571,train,cub:5014
2572,train,cub:5016
2574,train,cub:5018
2575,train,cub:5019
2576,train,cub:5020
2577,train,cub:5022
2579,train,cub:5024
2580,train,cub:5030
2581,train,cub:5032
2582,train,cub:5033
2583,train,cub:5035
2584,train,cub:5037
2585,train,cub:5038
2586,train,cub:5039
2587,train,cub:5040
2588,train,cub:5042
2589,train,cub:5043
2590,train,cub:5044
2592,train,cub:5048
2593,train,cub:5050
2595,train,cub:5053
2596,train,cub:5054
2597,train,cub:5058
2599,train,cub:5064
2600,train,cub:5065
2601,train,cub:5067
2604,train,cub:5073
2605,train,cub:5075
2607,train,cub:5079
2608,train,cub:5080
2609,train,cub:5083
2610,train,cub:5086
2611,train,cub:5087
2612,train,cub:5088
2613,train,cub:5089
2614,train,cub:5091
2616,train,cub:5093
2617,train,cub:5096
2618,train,cub:5099
2619,train,cub:5109
2620,train,cub:5111
2621,train,cub:5112
2622,train,cub:5114
2623,train,cub:5116
2625,train,cub:5121
2626,train,cub:5123
2627,train,cub:5126
2630,train,cub:5129
2631,train,cub:5130
2632,train,cub:5131
2633,train,cub:5135
2634,train,cub:5138
2635,train,cub:5139
2637,train,cub:5143
2638,train,cub:5144
2640,train,cub:5147
2641,train,cub:5148
2642,train,cub:5149
2643,train,cub:5151
2644,train,cub:5152
2645,train,cub:5153
2647,train,cub:5157
2648,train,cub:5158
2649,train,cub:5159
2650,train,cub:5162
2651,train,cub:5163
2652,train,cub:5164
2653,train,cub:5168
2654,train,cub:5170
2658,train,cub:5174
2660,train,cub:5176
2661,train,cub:5180
2662,train,cub:5181
2663,train,cub:5184
2664,train,cub:5185
2665,train,cub:5187
2666,train,cub:5194
2667,train,cub:5196
2668,train,cub:5200
2670,train,cub:5206
2671,train,cub:5208
2672,train,cub:5210
2674,train,cub:5212
2675,train,cub:5215
2676,train,cub:5217
2677,train,cub:5221
2679,train,cub:5230
2681,train,cub:5233
2682,train,cub:5235
2683,train,cub:5236
2684,train,cub:5237
2685,train,cub:5239
2686,train,cub:5241
2688,train,cub:5244
2689,train,cub:5246
2690,train,cub:5248
2691,train,cub:5249
2694,train,cub:5255
2695,train,cub:5256
2696,train,cub:5260
2697,train,cub:5261
2698,train,cub:5262
2699,train,cub:5264
2700,train,cub:5267
2701,train,cub:5268
2703,train,cub:5270
2705,train,cub:5278
2706,train,cub:5279
2707,train,cub:5280
2708,train,cub:5281
2709,train,cub:5285
2710,train,cub:5286
2711,train,cub:5287
2712,train,cub:5288
2713,train,cub:5289
2715,train,cub:5294
2716,train,cub:5295
2717,train,cub:5297
2718,train,cub:5300
2720,train,cub:5303
2722,train,cub:5305
2723,train,cub:5308
2724,train,cub:5310
2726,train,cub:5314
2727,train,cub:5315
2728,train,cub:5322
2729,train,cub:5323
2730,train,cub:5327
2731,train,cub:5333
2732,train,cub:5338
2733,train,cub:5339
2734,train,cub:5340
2735,train,cub:5341
2736,train,cub:5342
2737,train,cub:5345
2739,train,cub:5350
2741,train,cub:5354
2743,train,cub:5356
2744,train,cub:5357
2745,train,cub:5358
2746,train,cub:5359
2748,train,cub:5362
2749,train,cub:5366
2750,train,cub:5367
2751,train,cub:5368
2754,train,cub:5374
2755,train,cub:5375
2756,train,cub:5378
2757,train,cub:5381
2758,train,cub:5382
2759,train,cub:5385
2760,train,cub:5392
2761,train,cub:5393
2764,train,cub:5397
2765,train,cub:5398
2766,train,cub:5400
2767,train,cub:5401
2768,train,cub:5404
2769,train,cub:5405
2772,train,cub:5415
2773,train,cub:5416
2774,train,cub:5417
2775,train,cub:5418
2776,train,cub:5419
2777,train,cub:5420
2778,train,cub:5424
2779,train,cub:5425
2780,train,cub:5429
2782,train,cub:5432
2783,train,cub:5433
2784,train,cub:5436
2785,train,cub:5439
2786,train,cub:5441
2788,train,cub:5443
2789,train,cub:5444
2790,train,cub:5450
2791,train,cub:5452
2792,train,cub:5454
2793,train,cub:5458
2795,train,cub:5460
2796,train,cub:5461
2797,train,cub:5462
2799,train,cub:5465
2800,train,cub:5466
2801,train,cub:5467
2803,train,cub:5472
2804,train,cub:5473
2805,train,cub:5475
2806,train,cub:5477
2807,train,cub:5481
2808,train,cub:5482
2809,train,cub:5484
2811,train,cub:5490
2812,train,cub:5492
2813,train,cub:5493
2814,train,cub:5495
2816,train,cub:5500
2817,train,cub:5501
2819,train,cub:5504
2820,train,cub:5507
2821,train,cub:5511
2823,train,cub:5513
2824,train,cub:5514
2825,train,cub:5516
2826,train,cub:5517
2827,train,cub:5518
2829,train,cub:5523
2830,train,cub:5526
2831,train,cub:5528
2832,train,cub:5534
2834,train,cub:5540
2837,train,cub:5549
2838,train,cub:5553
2839,train,cub:5554
2840,train,cub:5556
2841,train,cub:5557
2842,train,cub:5558
2843,train,cub:5559
2844,train,cub:5560
2845,train,cub:5561
2846,train,cub:5562
2847,train,cub:5563
2849,train,cub:5565
2850,train,cub:5566
2851,train,cub:5573
2852,train,cub:5577
2853,train,cub:5579
2854,train,cub:5581
2856,train,cub:5583
2858,train,cub:5586
2859,train,cub:5587
2860,train,cub:5590
2863,train,cub:5594
2864,train,cub:5595
2866,train,cub:5599
2868,train,cub:5601
2869,train,cub:5603
2870,train,cub:5604
2871,train,cub:5606
2872,train,cub:5607
2873,train,cub:5609
2874,train,cub:5611
2875,train,cub:5612
2876,train,cub:5618
2877,train,cub:5619
2878,train,cub:5620
2879,train,cub:5621
2880,train,cub:5628
2881,train,cub:5629
2882,train,cub:5630
2883,train,cub:5631
2885,train,cub:5636
2886,train,cub:5637
2887,train,cub:5641
2888,train,cub:5642
2890,train,cub:5646
2892,train,cub:5651
2894,train,cub:5657
2896,train,cub:5661
2897,train,cub:5662
2898,train,cub:5663
2899,train,cub:5666
2900,train,cub:5670
2901,train,cub:5671
2902,train,cub:5673
2903,train,cub:5674
2905,train,cub:5676
2906,train,cub:5678
2907,train,cub:5680
2908,train,cub:5681
2909,train,cub:5684
2911,train,cub:5689
2912,train,cub:5690
2913,train,cub:5691
2914,train,cub:5695
2915,train,cub:5696
2916,train,cub:5698
2917,train,cub:5699
2918,train,cub:5701
2919,train,cub:5702
2920,train,cub:5704
2921,train,cub:5705
2922,train,cub:5708
2924,train,cub:5710
2925,train,cub:5713
2926,train,cub:5716
2928,train,cub:5720
2930,train,cub:5723
2931,train,cub:5724
2933,train,cub:5727
2934,train,cub:5729
2935,train,cub:5732
2936,train,cub:5733
2937,train,cub:5737
2938,train,cub:5743
2940,train,cub:5745
2941,train,cub:5747
2943,train,cub:5754
2944,train,cub:5756
2945,train,cub:5758
2946,train,cub:5761
2947,train,cub:5762
2948,train,cub:5764
2949,train,cub:5765
2950,train,cub:5770
2951,train,cub:5771
2952,train,cub:5772
2955,train,cub:5778
2957,train,cub:5780
2958,train,cub:5781
2960,train,cub:5783
2961,train,cub:5790
2962,train,cub:5792
2963,train,cub:5793
2964,train,cub:5794
2965,train,cub:5796
2966,train,cub:5800
2967,train,cub:5802
2969,train,cub:5804
2970,train,cub:5811
2972,train,cub:5819
2973,train,cub:5821
2974,train,cub:5822
2975,train,cub:5824
2976,train,cub:5825
2978,train,cub:5827
2979,train,cub:5828
2980,train,cub:5830
2981,train,cub:5831
2982,train,cub:5832
2983,train,cub:5833
2985,train,cub:5835
2987,train,cub:5839
2988,train,cub:5840
2989,train,cub:5841
2990,train,cub:5842
2991,train,cub:5844
2992,train,cub:5845
2994,train,cub:5850
2996,train,cub:5852
2997,train,cub:5857
2998,train,cub:5860
2999,train,cub:5864
3000,train,cub:5866
3001,train,cub:5869
3003,train,cub:5874
3004,train,cub:5875
3005,train,cub:5876
3006,train,cub:5878
3008,train,cub:5880
3009,train,cub:5881
3010,train,cub:5882
3011,train,cub:5883
3012,train,cub:5887
3015,train,cub:5891
3016,train,cub:5892
3017,train,cub:5894
3018,train,cub:5895
3019,train,cub:5896
3020,train,cub:5899
3022,train,cub:5902
3024,train,cub:5906
3025,train,cub:5908
3026,train,cub:5910
3027,train,cub:5912
3028,train,cub:5913
3029,train,cub:5914
3030,train,cub:5916
3032,train,cub:5922
3033,train,cub:5930
3034,train,cub:5931
3035,train,cub:5932
3037,train,cub:5935
3038,train,cub:5937
3039,train,cub:5939
3040,train,cub:5943
3041,train,cub:5945
3042,train,cub:5946
3043,train,cub:5947
3045,train,cub:5950
3046,train,cub:5951
3048,train,cub:5956
3049,train,cub:5957
3050,train,cub:5958
3052,train,cub:5961
3053,train,cub:5962
3054,train,cub:5963
3055,train,cub:5964
3056,train,cub:5966
3057,train,cub:5967
3059,train,cub:5970
3060,train,cub:5977
3061,train,cub:5979
3062,train,cub:5980
3064,train,cub:5982
3065,train,cub:5988
3066,train,cub:5990
3067,train,cub:5992
3068,train,cub:5994
3069,train,cub:5995
3070,train,cub:5997
3071,train,cub:6000
3072,train,cub:6003
3073,train,cub:6004
3074,train,cub:6006
3075,train,cub:6007
3078,train,cub:6018
3079,train,cub:6020
3080,train,cub:6021
3081,train,cub:6022
3084,train,cub:6025
3085,train,cub:6026
3086,train,cub:6027
3087,train,cub:6028
3088,train,cub:6031
3090,train,cub:6035
3091,train,cub:6037
3092,train,cub:6039
3093,train,cub:6040
3095,train,cub:6042
3096,train,cub:6043
3098,train,cub:6046
3100,train,cub:6053
3101,train,cub:6058
3102,train,cub:6059
3104,train,cub:6061
3105,train,cub:6063
3106,train,cub:6064
3108,train,cub:6068
3109,train,cub:6070
3110,train,cub:6074
3111,train,cub:6075
3112,train,cub:6079
3113,train,cub:6080
3114,train,cub:6081
3115,train,cub:6082
3117,train,cub:6085
3118,train,cub:6088
3119,train,cub:6094
3120,train,cub:6095
3121,train,cub:6096
3123,train,cub:6099
3125,train,cub:6103
3127,train,cub:6109
3128,train,cub:6110
3129,train,cub:6111
3130,train,cub:6117
3132,train,cub:6120
3134,train,cub:6122
3135,train,cub:6124
3137,train,cub:6127
3138,train,cub:6128
3139,train,cub:6130
3140,train,cub:6131
3141,train,cub:6132
3142,train,cub:6133
3143,train,cub:6134
3144,train,cub:6135
3145,train,cub:6137
3146,train,cub:6139
3147,train,cub:6140
3148,train,cub:6142
3149,train,cub:6143
3150,train,cub:6144
3152,train,cub:6149
3153,train,cub:6151
3154,train,cub:6154
3156,train,cub:6166
3157,train,cub:6167
3158,train,cub:6168
3159,train,cub:6169
3160,train,cub:6171
3161,train,cub:6172
3162,train,cub:6175
3163,train,cub:6177
3165,train,cub:6179
3166,train,cub:6180
3167,train,cub:6181
3169,train,cub:6183
3170,train,cub:6184
3171,train,cub:6185
3172,train,cub:6186
3174,train,cub:6189
3175,train,cub:6190
3177,train,cub:6194
3178,train,cub:6196
3179,train,cub:6203
3180,train,cub:6208
3181,train,cub:6213
3182,train,cub:6214
3183,train,cub:6216
3184,train,cub:6218
3185,train,cub:6219
3186,train,cub:6220
3187,train,cub:6223
3188,train,cub:6224
3189,train,cub:6228
3192,train,cub:6235
3194,train,cub:6238
3196,train,cub:6240
3198,train,cub:6243
3199,train,cub:6246
3200,train,cub:6247
3201,train,cub:6248
3202,train,cub:6249
3203,train,cub:6250
3204,train,cub:6251
3205,train,cub:6256
3206,train,cub:6257
3208,train,cub:6261
3209,train,cub:6264
3210,train,cub:6265
3211,train,cub:6267
3212,train,cub:6271
3213,train,cub:6273
3214,train,cub:6275
3215,train,cub:6277
3216,train,cub:6280
3218,train,cub:6285
3219,train,cub:6287
3220,train,cub:6288
3221,train,cub:6290
3222,train,cub:6291
3224,train,cub:6294
3226,train,cub:6296
3227,train,cub:6301
3229,train,cub:6303
3230,train,cub:6305
3233,train,cub:6311
3234,train,cub:6312
3235,train,cub:6316
3236,train,cub:6318
3237,train,cub:6319
3238,train,cub:6320
3239,train,cub:6325
3240,train,cub:6326
3241,train,cub:6328
3242,train,cub:6330
3243,train,cub:6335
3246,train,cub:6338
3247,train,cub:6339
3248,train,cub:6345
3249,train,cub:6347
3250,train,cub:6348
3251,train,cub:6349
3253,train,cub:6351
3255,train,cub:6353
3257,train,cub:6358
3258,train,cub:6360
3259,train,cub:6361
3260,train,cub:6362
3261,train,cub:6363
3262,train,cub:6365
3263,train,cub:6366
3264,train,cub:6370
3265,train,cub:6372
3266,train,cub:6373
3267,train,cub:6377
3269,train,cub:6383
3270,train,cub:6386
3271,train,cub:6387
3272,train,cub:6388
3274,train,cub:6391
3275,train,cub:6392
3276,train,cub:6393
3277,train,cub:6394
3279,train,cub:6399
3280,train,cub:6402
3281,train,cub:6403
3282,train,cub:6404
3283,train,cub:6407
3285,train,cub:6414
3286,train,cub:6416
3287,train,cub:6417
3288,train,cub:6418
3289,train,cub:6421
3290,train,cub:6423
3291,train,cub:6427
3292,train,cub:6429
3296,train,cub:6439
3297,train,cub:6440
3298,train,cub:6441
3299,train,cub:6443
3300,train,cub:6444
3301,train,cub:6446
3302,train,cub:6447
3303,train,cub:6448
3304,train,cub:6452
3305,train,cub:6455
3306,train,cub:6457
3307,train,cub:6458
3308,train,cub:6460
3309,train,cub:6461
3310,train,cub:6462
3311,train,cub:6464
3312,train,cub:6465
3313,train,cub:6470
3314,train,cub:6471
3315,train,cub:6475
3316,train,cub:6477
3318,train,cub:6479
3319,train,cub:6480
3320,train,cub:6481
3323,train,cub:6489
3324,train,cub:6490
3328,train,cub:6502
3329,train,cub:6503
3330,train,cub:6506
3331,train,cub:6507
3332,train,cub:6508
3333,train,cub:6510
3334,train,cub:6513
3335,train,cub:6514
3337,train,cub:6518
3338,train,cub:6520
3339,train,cub:6523
3341,train,cub:6531
3343,train,cub:6533
3344,train,cub:6534
3345,train,cub:6535
3346,train,cub:6536
3347,train,cub:6538
3348,train,cub:6539
3350,train,cub:6543
3352,train,cub:6546
3354,train,cub:6552
3355,train,cub:6555
3356,train,cub:6558
3357,train,cub:6560
3358,train,cub:6562
3359,train,cub:6563
3360,train,cub:6564
3361,train,cub:6565
3362,train,cub:6566
3363,train,cub:6567
3366,train,cub:6572
3367,train,cub:6573
3368,train,cub:6574
3369,train,cub:6580
3370,train,cub:6585
3371,train,cub:6586
3372,train,cub:6587
3373,train,cub:6588
3374,train,cub:6590
3375,train,cub:6591
3376,train,cub:6592
3377,train,cub:6597
3378,train,cub:6598
3379,train,cub:6599
3382,train,cub:6604
3383,train,cub:6605
3384,train,cub:6606
3386,train,cub:6610
3387,train,cub:6611
3389,train,cub:6614
3392,train,cub:6623
3393,train,cub:6627
3394,train,cub:6629
3395,train,cub:6631
3396,train,cub:6632
3397,train,cub:6633
3398,train,cub:6634
3399,train,cub:6635
3400,train,cub:6636
3401,train,cub:6638
3402,train,cub:6639
3403,train,cub:6641
3404,train,cub:6644
3405,train,cub:6647
3406,train,cub:6649
3408,train,cub:6654
3410,train,cub:6659
3412,train,cub:6662
3413,train,cub:6663
3415,train,cub:6666
3416,train,cub:6667
3417,train,cub:6668
3418,train,cub:6669
3419,train,cub:6674
3421,train,cub:6676
3422,train,cub:6678
3423,train,cub:6680
3424,train,cub:6681
3425,train,cub:6682
3428,train,cub:6686
3429,train,cub:6687
3430,train,cub:6690
3431,train,cub:6694
3432,train,cub:6697
3433,train,cub:6698
3435,train,cub:6700
3438,train,cub:6706
3439,train,cub:6710
3440,train,cub:6714
3441,train,cub:6715
3442,train,cub:6721
3443,train,cub:6725
3444,train,cub:6726
3445,train,cub:6727
3446,train,cub:6728
3447,train,cub:6729
3448,train,cub:6730
3449,train,cub:6732
3450,train,cub:6734
3451,train,cub:6736
3453,train,cub:6741
3455,train,cub:6749
3456,train,cub:6751
3457,train,cub:6752
3459,train,cub:6754
3460,train,cub:6756
3462,train,cub:6758
3463,train,cub:6763
3464,train,cub:6764
3465,train,cub:6768
3467,train,cub:6771
3468,train,cub:6772
3469,train,cub:6773
3470,train,cub:6774
3471,train,cub:6775
3472,train,cub:6776
3473,train,cub:6777
3474,train,cub:6779
3475,train,cub:6781
3477,train,cub:6786
3478,train,cub:6787
3479,train,cub:6792
3480,train,cub:6794
3481,train,cub:6795
3482,train,cub:6798
3483,train,cub:6803
3484,train,cub:6804
3485,train,cub:6805
3487,train,cub:6810
3489,train,cub:6815
3490,train,cub:6817
3491,train,cub:6818
3492,train,cub:6819
3493,train,cub:6820
3494,train,cub:6821
3495,train,cub:6822
3496,train,cub:6823
3497,train,cub:6825
3498,train,cub:6828
3499,train,cub:6829
3500,train,cub:6832
3501,train,cub:6834
3503,train,cub:6838
3505,train,cub:6845
3508,train,cub:6849
3509,train,cub:6854
3510,train,cub:6857
3511,train,cub:6858
3512,train,cub:6861
3513,train,cub:6863
3514,train,cub:6864
3515,train,cub:6865
3517,train,cub:6871
3518,train,cub:6873
3519,train,cub:6874
3520,train,cub:6876
3521,train,cub:6877
3523,train,cub:6879
3524,train,cub:6880
3526,train,cub:6885
3527,train,cub:6886
3529,train,cub:6889
3530,train,cub:6890
3532,train,cub:6892
3533,train,cub:6896
3534,train,cub:6899
3535,train,cub:6900
3536,train,cub:6905
3537,train,cub:6907
3539,train,cub:6914
3540,train,cub:6915
3541,train,cub:6916
3542,train,cub:6918
3544,train,cub:6922
3545,train,cub:6925
3547,train,cub:6927
3548,train,cub:6929
3550,train,cub:6933
3551,train,cub:6934
3552,train,cub:6935
3553,train,cub:6937
3554,train,cub:6938
3556,train,cub:6944
3557,train,cub:6945
3558,train,cub:6946
3559,train,cub:6950
3560,train,cub:6952
3561,train,cub:6955
3562,train,cub:6956
3564,train,cub:6959
3565,train,cub:6961
3566,train,cub:6962
3568,train,cub:6969
3569,train,cub:6971
3571,train,cub:6979
3574,train,cub:6984
3575,train,cub:6985
3576,train,cub:6986
3577,train,cub:6987
3578,train,cub:6988
3579,train,cub:6989
3581,train,cub:6993
3582,train,cub:6994
3584,train,cub:6998
3585,train,cub:7001
3586,train,cub:7002
3587,train,cub:7003
3588,train,cub:7004
3589,train,cub:7006
3590,train,cub:7008
3591,train,cub:7014
3592,train,cub:7016
3593,train,cub:7021
3594,train,cub:7022
3596,train,cub:7024
3597,train,cub:7028
3598,train,cub:7029
3599,train,cub:7031
3601,train,cub:7038
3602,train,cub:7039
3603,train,cub:7042
3604,train,cub:7044
3605,train,cub:7045
3606,train,cub:7046
3607,train,cub:7049
3609,train,cub:7052
3610,train,cub:7053
3611,train,cub:7055
3612,train,cub:7057
3613,train,cub:7059
3616,train,cub:7070
3617,train,cub:7071
3618,train,cub:7074
3619,train,cub:7075
3620,train,cub:7076
3621,train,cub:7077
3622,train,cub:7079
3624,train,cub:7082
3625,train,cub:7084
3626,train,cub:7086
3627,train,cub:7088
3629,train,cub:7090
3630,train,cub:7093
3631,train,cub:7097
3632,train,cub:7098
3634,train,cub:7101
3635,train,cub:7103
3636,train,cub:7106
3637,train,cub:7107
3638,train,cub:7108
3640,train,cub:7111
3644,train,cub:7120
3645,train,cub:7123
3646,train,cub:7124
3647,train,cub:7127
3648,train,cub:7129
3649,train,cub:7132
3650,train,cub:7136
3651,train,cub:7139
3652,train,cub:7141
3653,train,cub:7142
3654,train,cub:7143
3655,train,cub:7144
3657,train,cub:7146
3658,train,cub:7147
3659,train,cub:7151
3660,train,cub:7152
3661,train,cub:7154
3662,train,cub:7156
3663,train,cub:7157
3664,train,cub:7158
3665,train,cub:7161
3666,train,cub:7163
3667,train,cub:7164
3669,train,cub:7168
3670,train,cub:7171
3671,train,cub:7178
3672,train,cub:7179
3673,train,cub:7180
3674,train,cub:7185
3675,train,cub:7186
3677,train,cub:7188
3678,train,cub:7191
3680,train,cub:7195
3681,train,cub:7197
3683,train,cub:7201
3684,train,cub:7202
3685,train,cub:7203
3687,train,cub:7207
3689,train,cub:7211
3690,train,cub:7214
3691,train,cub:7215
3692,train,cub:7216
3694,train,cub:7218
3695,train,cub:7220
3696,train,cub:7221
3697,train,cub:7227
3698,train,cub:7229
3699,train,cub:7230
3701,train,cub:7232
3702,train,cub:7234
3703,train,cub:7235
3704,train,cub:7238
3705,train,cub:7243
3706,train,cub:7245
3707,train,cub:7248
3710,train,cub:7256
3713,train,cub:7260
3714,train,cub:7262
3715,train,cub:7264
3716,train,cub:7265
3717,train,cub:7267
3718,train,cub:7268
3719,train,cub:7270
3720,train,cub:7272
3721,train,cub:7274
3722,train,cub:7275
3723,train,cub:7276
3724,train,cub:7278
3725,train,cub:7285
3726,train,cub:7286
3727,train,cub:7287
3728,train,cub:7288
3729,train,cub:7290
3731,train,cub:7295
3732,train,cub:7296
3733,train,cub:7298
3734,train,cub:7300
3735,train,cub:7301
3736,train,cub:7304
3737,train,cub:7305
3738,train,cub:7307
3742,train,cub:7318
3743,train,cub:7320
3744,train,cub:7322
3745,train,cub:7323
3747,train,cub:7325
3749,train,cub:7328
3750,train,cub:7332
3752,train,cub:7334
3753,train,cub:7336
3754,train,cub:7337
3755,train,cub:7339
3756,train,cub:7343
3757,train,cub:7345
3758,train,cub:7348
3759,train,cub:7353
3760,train,cub:7359
3761,train,cub:7360
3762,train,cub:7362
3763,train,cub:7363
3765,train,cub:7366
3766,train,cub:7367
3770,train,cub:7373
3771,train,cub:7375
3772,train,cub:7376
3774,train,cub:7378
3775,train,cub:7380
3776,train,cub:7381
3777,train,cub:7382
3778,train,cub:7390
3779,train,cub:7392
3781,train,cub:7397
3783,train,cub:7401
3784,train,cub:7402
3785,train,cub:7406
3786,train,cub:7407
3787,train,cub:7410
3788,train,cub:7411
3790,train,cub:7414
3792,train,cub:7417
3793,train,cub:7419
3794,train,cub:7420
3795,train,cub:7423
3796,train,cub:7426
3797,train,cub:7427
3798,train,cub:7429
3799,train,cub:7430
3801,train,cub:7433
3803,train,cub:7437
3804,train,cub:7438
3805,train,cub:7439
3806,train,cub:7444
3807,train,cub:7445
3808,train,cub:7448
3809,train,cub:7453
3810,train,cub:7455
3812,train,cub:7459
3813,train,cub:7460
3814,train,cub:7461
3815,train,cub:7462
3816,train,cub:7464
3817,train,cub:7465
3818,train,cub:7467
3820,train,cub:7469
3821,train,cub:7471
3825,train,cub:7482
3826,train,cub:7484
3827,train,cub:7485
3828,train,cub:7489
3829,train,cub:7490
3830,train,cub:7491
3832,train,cub:7495
3833,train,cub:7496
3834,train,cub:7499
3835,train,cub:7501
3836,train,cub:7503
3837,train,cub:7504
3838,train,cub:7508
3839,train,cub:7513
3840,train,cub:7514
3841,train,cub:7515
3843,train,cub:7519
3844,train,cub:7522
3847,train,cub:7527
3848,train,cub:7528
3849,train,cub:7530
3850,train,cub:7534
3852,train,cub:7536
3853,train,cub:7541
3855,train,cub:7543
3856,train,cub:7544
3857,train,cub:7545
3858,train,cub:7547
3859,train,cub:7549
3860,train,cub:7551
3861,train,cub:7554
3863,train,cub:7556
3864,train,cub:7561
3865,train,cub:7563
3866,train,cub:7564
3867,train,cub:7566
3868,train,cub:7567
3869,train,cub:7568
3870,train,cub:7569
3871,train,cub:7570
3872,train,cub:7571
3873,train,cub:7572
3875,train,cub:7578
3876,train,cub:7579
3878,train,cub:7585
3880,train,cub:7592
3881,train,cub:7594
3882,train,cub:7595
3884,train,cub:7599
3885,train,cub:7600
3886,train,cub:7604
3887,train,cub:7605
3888,train,cub:7608
3889,train,cub:7610
3891,train,cub:7616
3892,train,cub:7617
3894,train,cub:7619
3895,train,cub:7621
3896,train,cub:7624
3897,train,cub:7626
3898,train,cub:7627
3899,train,cub:7628
3900,train,cub:7632
3902,train,cub:7634
3903,train,cub:7635
3905,train,cub:7641
3907,train,cub:7645
3908,train,cub:7648
3909,train,cub:7649
3910,train,cub:7652
3911,train,cub:7653
3913,train,cub:7656
3914,train,cub:7657
3915,train,cub:7658
3916,train,cub:7662
3917,train,cub:7664
3918,train,cub:7665
3920,train,cub:7670
3922,train,cub:7676
3923,train,cub:7677
3924,train,cub:7678
3925,train,cub:7682
3926,train,cub:7685
3927,train,cub:7686
3928,train,cub:7687
3929,train,cub:7688
3931,train,cub:7691
3932,train,cub:7694
3933,train,cub:7695
3934,train,cub:7696
3935,train,cub:7698
3936,train,cub:7699
3937,train,cub:7700
3938,train,cub:7702
3939,train,cub:7703
3940,train,cub:7704
3941,train,cub:7706
3942,train,cub:7707
3943,train,cub:7708
3944,train,cub:7711
3946,train,cub:7716
3947,train,cub:7717
3948,train,cub:7718
3949,train,cub:7726
3950,train,cub:7728
3951,train,cub:7729
3952,train,cub:7731
3957,train,cub:7744
3958,train,cub:7750
3959,train,cub:7751
3961,train,cub:7755
3962,train,cub:7758
3964,train,cub:7760
3965,train,cub:7761
3966,train,cub:7763
3967,train,cub:7764
3968,train,cub:7765
3969,train,cub:7766
3971,train,cub:7770
3972,train,cub:7773
3973,train,cub:7774
3975,train,cub:7780
3976,train,cub:7784
3977,train,cub:7788
3978,train,cub:7789
3980,train,cub:7791
3981,train,cub:7792
3982,train,cub:7795
3983,train,cub:7797
3984,train,cub:7798
3985,train,cub:7800
3986,train,cub:7803
3988,train,cub:7810
3991,train,cub:7816
3994,train,cub:7821
3995,train,cub:7823
3996,train,cub:7824
3997,train,cub:7826
3998,train,cub:7827
4000,train,cub:7831
4001,train,cub:7832
4002,train,cub:7833
4003,train,cub:7834
4004,train,cub:7835
4005,train,cub:7837
4006,train,cub:7838
4007,train,cub:7840
4008,train,cub:7843
4009,train,cub:7844
4010,train,cub:7845
4011,train,cub:7846
4012,train,cub:7847
4013,train,cub:7848
4015,train,cub:7854
4016,train,cub:7855
4017,train,cub:7861
4018,train,cub:7867
4019,train,cub:7868
4020,train,cub:7869
4021,train,cub:7870
4024,train,cub:7873
4025,train,cub:7875
4028,train,cub:7880
4029,train,cub:7881
4030,train,cub:7883
4031,train,cub:7885
4032,train,cub:7886
4033,train,cub:7890
4035,train,cub:7896
4036,train,cub:7898
4037,train,cub:7899
4038,train,cub:7900
4039,train,cub:7902
4041,train,cub:7910
4042,train,cub:7911
4043,train,cub:7912
4044,train,cub:7914
4045,train,cub:7916
4046,train,cub:7921
4048,train,cub:7930
4050,train,cub:7935
4051,train,cub:7936
4052,train,cub:7937
4053,train,cub:7938
4055,train,cub:7940
4056,train,cub:7941
4057,train,cub:7945
4058,train,cub:7946
4059,train,cub:7948
4060,train,cub:7954
4061,train,cub:7957
4062,train,cub:7958
4063,train,cub:7959
4064,train,cub:7960
4066,train,cub:7962
4068,train,cub:7966
4069,train,cub:7968
4070,train,cub:7969
4071,train,cub:7972
4073,train,cub:7977
4074,train,cub:7979
4075,train,cub:7982
4076,train,cub:7983
4077,train,cub:7988
4078,train,cub:7992
4080,train,cub:7995
4082,train,cub:8000
4084,train,cub:8002
4085,train,cub:8004
4087,train,cub:8007
4088,train,cub:8008
4089,train,cub:8010
4090,train,cub:8012
4091,train,cub:8014
4092,train,cub:8016
4093,train,cub:8018
4094,train,cub:8019
4095,train,cub:8020
4096,train,cub:8023
4098,train,cub:8026
4099,train,cub:8031
4100,train,cub:8034
4101,train,cub:8035
4102,train,cub:8038
4103,train,cub:8041
4104,train,cub:8042
4106,train,cub:8044
4107,train,cub:8046
4108,train,cub:8047
4109,train,cub:8048
4110,train,cub:8052
4111,train,cub:8053
4112,train,cub:8055
4113,train,cub:8057
4114,train,cub:8060
4115,train,cub:8062
4116,train,cub:8064
4118,train,cub:8066
4120,train,cub:8070
4122,train,cub:8075
4123,train,cub:8076
4124,train,cub:8078
4125,train,cub:8083
4126,train,cub:8085
4128,train,cub:8090
4129,train,cub:8092
4130,train,cub:8094
4131,train,cub:8096
4134,train,cub:8102
4135,train,cub:8103
4136,train,cub:8104
4137,train,cub:8107
4138,train,cub:8110
4139,train,cub:8112
4140,train,cub:8113
4141,train,cub:8114
4142,train,cub:8115
4143,train,cub:8116
4144,train,cub:8117
4146,train,cub:8121
4149,train,cub:8127
4151,train,cub:8131
4154,train,cub:8138
4155,train,cub:8141
4156,train,cub:8142
4157,train,cub:8144
4158,train,cub:8145
4159,train,cub:8146
4160,train,cub:8147
4161,train,cub:8151
4162,train,cub:8153
4163,train,cub:8158
4164,train,cub:8160
4165,train,cub:8161
4166,train,cub:8163
4167,train,cub:8167
4168,train,cub:8169
4169,train,cub:8170
4171,train,cub:8177
4172,train,cub:8178
4173,train,cub:8179
4174,train,cub:8180
4175,train,cub:8181
4176,train,cub:8183
4179,train,cub:8192
4180,train,cub:8193
4181,train,cub:8194
4182,train,cub:8198
4183,train,cub:8201
4184,train,cub:8202
4185,train,cub:8203
4186,train,cub:8205
4187,train,cub:8206
4188,train,cub:8208
4189,train,cub:8209
4193,train,cub:8217
4194,train,cub:8218
4195,train,cub:8219
4196,train,cub:8221
4198,train,cub:8229
4199,train,cub:8230
4200,train,cub:8231
4201,train,cub:8233
4205,train,cub:8240
4206,train,cub:8241
4207,train,cub:8245
4208,train,cub:8247
4210,train,cub:8251
4211,train,cub:8255
4212,train,cub:8256
4213,train,cub:8258
4214,train,cub:8259
4215,train,cub:8263
4216,train,cub:8264
4217,train,cub:8265
4219,train,cub:8269
4220,train,cub:8271
4221,train,cub:8274
4222,train,cub:8276
4223,train,cub:8279
4224,train,cub:8280
4225,train,cub:8281
4226,train,cub:8286
4227,train,cub:8287
4229,train,cub:8289
4230,train,cub:8290
4231,train,cub:8291
4232,train,cub:8292
4233,train,cub:8294
4234,train,cub:8295
4235,train,cub:8297
4236,train,cub:8299
4238,train,cub:8302
4240,train,cub:8305
4241,train,cub:8306
4242,train,cub:8309
4243,train,cub:8312
4245,train,cub:8322
4246,train,cub:8323
4248,train,cub:8329
4249,train,cub:8335
4250,train,cub:8336
4251,train,cub:8337
4252,train,cub:8339
4254,train,cub:8341
4255,train,cub:8343
4256,train,cub:8344
4257,train,cub:8350
4259,train,cub:8355
4260,train,cub:8358
4261,train,cub:8361
4263,train,cub:8366
4264,train,cub:8368
4265,train,cub:8369
4267,train,cub:8371
4268,train,cub:8373
4269,train,cub:8374
4270,train,cub:8376
4271,train,cub:8377
4273,train,cub:8379
4274,train,cub:8381
4276,train,cub:8385
4277,train,cub:8390
4278,train,cub:8391
4280,train,cub:8394
4281,train,cub:8398
4282,train,cub:8400
4283,train,cub:8401
4284,train,cub:8402
4285,train,cub:8403
4286,train,cub:8405
4287,train,cub:8406
4289,train,cub:8408
4290,train,cub:8409
4291,train,cub:8410
4292,train,cub:8411
4293,train,cub:8413
4294,train,cub:8415
4295,train,cub:8416
4296,train,cub:8419
4297,train,cub:8422
4299,train,cub:8429
4300,train,cub:8430
4301,train,cub:8431
4302,train,cub:8435
4303,train,cub:8436
4304,train,cub:8437
4305,train,cub:8441
4306,train,cub:8445
4308,train,cub:8450
4309,train,cub:8452
4310,train,cub:8453
4313,train,cub:8459
4315,train,cub:8462
4316,train,cub:8466
4317,train,cub:8470
4318,train,cub:8471
4319,train,cub:8472
4320,train,cub:8473
4321,train,cub:8479
4322,train,cub:8480
4323,train,cub:8482
4324,train,cub:8483
4327,train,cub:8491
4328,train,cub:8494
4329,train,cub:8496
4330,train,cub:8498
4331,train,cub:8499
4332,train,cub:8500
4333,train,cub:8502
4334,train,cub:8510
4335,train,cub:8512
4337,train,cub:8514
4338,train,cub:8515
4339,train,cub:8516
4342,train,cub:8520
4343,train,cub:8521
4345,train,cub:8523
4346,train,cub:8526
4347,train,cub:8527
4348,train,cub:8532
4350,train,cub:8534
4352,train,cub:8540
4354,train,cub:8544
4355,train,cub:8545
4356,train,cub:8548
4357,train,cub:8549
4358,train,cub:8550
4359,train,cub:8551
4360,train,cub:8553
4361,train,cub:8556
4362,train,cub:8557
4363,train,cub:8559
4365,train,cub:8564
4366,train,cub:8566
4367,train,cub:8567
4368,train,cub:8568
4369,train,cub:8569
4370,train,cub:8570
4371,train,cub:8572
4372,train,cub:8574
4374,train,cub:8579
4376,train,cub:8584
4377,train,cub:8585
4378,train,cub:8587
4380,train,cub:8589
4381,train,cub:8592
4382,train,cub:8597
4383,train,cub:8598
4384,train,cub:8599
4385,train,cub:8602
4386,train,cub:8603
4387,train,cub:8605
4388,train,cub:8606
4390,train,cub:8609
4391,train,cub:8612
4392,train,cub:8614
4393,train,cub:8615
4394,train,cub:8616
4396,train,cub:8625
4398,train,cub:8632
4399,train,cub:8635
4401,train,cub:8637
4402,train,cub:8638
4403,train,cub:8641
4404,train,cub:8642
4406,train,cub:8646
4407,train,cub:8647
4408,train,cub:8648
4409,train,cub:8650
4410,train,cub:8653
4411,train,cub:8656
4412,train,cub:8657
4414,train,cub:8662
4415,train,cub:8663
4416,train,cub:8666
4417,train,cub:8668
4418,train,cub:8670
4421,train,cub:8674
4422,train,cub:8676
4424,train,cub:8679
4425,train,cub:8681
4426,train,cub:8683
4427,train,cub:8685
4428,train,cub:8687
4429,train,cub:8688
4430,train,cub:8689
4431,train,cub:8698
4432,train,cub:8700
4435,train,cub:8703
4437,train,cub:8707
4438,train,cub:8708
4439,train,cub:8710
4441,train,cub:8714
4443,train,cub:8717
4444,train,cub:8718
4445,train,cub:8721
4446,train,cub:8724
4447,train,cub:8725
4449,train,cub:8730
4450,train,cub:8731
4451,train,cub:8732
4452,train,cub:8733
4453,train,cub:8734
4454,train,cub:8736
4456,train,cub:8744
4457,train,cub:8745
4459,train,cub:8750
4460,train,cub:8751
4461,train,cub:8754
4462,train,cub:8755
4463,train,cub:8756
4464,train,cub:8759
4465,train,cub:8761
4466,train,cub:8764
4467,train,cub:8765
4468,train,cub:8766
4470,train,cub:8769
4471,train,cub:8770
4472,train,cub:8772
4473,train,cub:8773
4474,train,cub:8774
4475,train,cub:8781
4476,train,cub:8782
4478,train,cub:8787
4479,train,cub:8790
4480,train,cub:8792
4481,train,cub:8794
4482,train,cub:8798
4484,train,cub:8800
4485,train,cub:8801
4486,train,cub:8804
4487,train,cub:8805
4488,train,cub:8806
4490,train,cub:8813
4491,train,cub:8814
4492,train,cub:8815
4493,train,cub:8816
4496,train,cub:8823
4499,train,cub:8829
4500,train,cub:8830
4501,train,cub:8831
4502,train,cub:8832
4503,train,cub:8833
4504,train,cub:8835
4505,train,cub:8836
4506,train,cub:8837
4507,train,cub:8838
4508,train,cub:8839
4510,train,cub:8843
4511,train,cub:8845
4512,train,cub:8847
4513,train,cub:8848
4514,train,cub:8851
4516,train,cub:8853
4517,train,cub:8855
4518,train,cub:8860
4519,train,cub:8861
4521,train,cub:8866
4523,train,cub:8869
4524,train,cub:8870
4525,train,cub:8871
4526,train,cub:8875
4527,train,cub:8877
4528,train,cub:8878
4529,train,cub:8881
4530,train,cub:8884
4531,train,cub:8885
4532,train,cub:8886
4533,train,cub:8889
4534,train,cub:8893
4535,train,cub:8894
4536,train,cub:8896
4538,train,cub:8902
4539,train,cub:8903
4543,train,cub:8912
4544,train,cub:8913
4546,train,cub:8915
4547,train,cub:8916
4548,train,cub:8917
4549,train,cub:8918
4550,train,cub:8924
4552,train,cub:8927
4553,train,cub:8928
4554,train,cub:8929
4555,train,cub:8933
4557,train,cub:8938
4558,train,cub:8941
4559,train,cub:8943
4560,train,cub:8944
4561,train,cub:8947
4562,train,cub:8948
4563,train,cub:8949
4565,train,cub:8953
4566,train,cub:8954
4568,train,cub:8957
4569,train,cub:8958
4570,train,cub:8961
4571,train,cub:8962
4572,train,cub:8963
4573,train,cub:8964
4575,train,cub:8970
4576,train,cub:8972
4578,train,cub:8975
4579,train,cub:8977
4580,train,cub:8982
4582,train,cub:8985
4583,train,cub:8987
4584,train,cub:8989
4585,train,cub:8991
4586,train,cub:8997
4587,train,cub:9000
4588,train,cub:9002
4589,train,cub:9005
4590,train,cub:9006
4591,train,cub:9012
4592,train,cub:9014
4593,train,cub:9017
4594,train,cub:9018
4595,train,cub:9019
4596,train,cub:9020
4597,train,cub:9021
4598,train,cub:9022
4599,train,cub:9023
4601,train,cub:9027
4602,train,cub:9028
4603,train,cub:9029
4604,train,cub:9030
4606,train,cub:9032
4608,train,cub:9036
4610,train,cub:9039
4612,train,cub:9041
4613,train,cub:9042
4614,train,cub:9043
4616,train,cub:9055
4617,train,cub:9058
4618,train,cub:9059
4619,train,cub:9060
4620,train,cub:9062
4621,train,cub:9063
4623,train,cub:9067
4624,train,cub:9068
4626,train,cub:9074
4627,train,cub:9076
4628,train,cub:9078
4629,train,cub:9080
4630,train,cub:9083
4631,train,cub:9086
4632,train,cub:9087
4633,train,cub:9089
4635,train,cub:9091
4636,train,cub:9092
4637,train,cub:9093
4639,train,cub:9100
4640,train,cub:9101
4641,train,cub:9104
4643,train,cub:9106
4644,train,cub:9107
4646,train,cub:9115
4647,train,cub:9116
4648,train,cub:9117
4649,train,cub:9118
4651,train,cub:9120
4652,train,cub:9122
4653,train,cub:9123
4654,train,cub:9125
4655,train,cub:9126
4656,train,cub:9129
4657,train,cub:9134
4659,train,cub:9142
4660,train,cub:9143
4661,train,cub:9144
4663,train,cub:9146
4664,train,cub:9150
4665,train,cub:9154
4666,train,cub:9156
4667,train,cub:9157
4668,train,cub:9158
4669,train,cub:9160
4670,train,cub:9161
4671,train,cub:9162
4675,train,cub:9167
4676,train,cub:9178
4677,train,cub:9184
4678,train,cub:9185
4679,train,cub:9189
4680,train,cub:9190
4681,train,cub:9191
4682,train,cub:9192
4684,train,cub:9197
4685,train,cub:9199
4686,train,cub:9200
4688,train,cub:9203
4690,train,cub:9206
4691,train,cub:9207
4692,train,cub:9209
4693,train,cub:9210
4697,train,cub:9218
4698,train,cub:9220
4699,train,cub:9221
4700,train,cub:9223
4701,train,cub:9224
4702,train,cub:9225
4703,train,cub:9226
4704,train,cub:9227
4705,train,cub:9228
4706,train,cub:9232
4708,train,cub:9235
4709,train,cub:9236
4711,train,cub:9241
4712,train,cub:9242
4713,train,cub:9244
4714,train,cub:9247
4715,train,cub:9251
4716,train,cub:9253
4717,train,cub:9255
4719,train,cub:9261
4720,train,cub:9263
4721,train,cub:9265
4723,train,cub:9271
4724,train,cub:9273
4725,train,cub:9274
4726,train,cub:9275
4727,train,cub:9277
4728,train,cub:9281
4729,train,cub:9283
4730,train,cub:9284
4732,train,cub:9287
4733,train,cub:9288
4734,train,cub:9290
4738,train,cub:9295
4739,train,cub:9299
4741,train,cub:9302
4742,train,cub:9304
4743,train,cub:9305
4744,train,cub:9307
4745,train,cub:9308
4746,train,cub:9311
4747,train,cub:9313
4748,train,cub:9314
4749,train,cub:9315
4750,train,cub:9317
4751,train,cub:9318
4752,train,cub:9322
4753,train,cub:9324
4754,train,cub:9326
4755,train,cub:9328
4756,train,cub:9331
4757,train,cub:9332
4758,train,cub:9335
4759,train,cub:9336
4761,train,cub:9340
4763,train,cub:9345
4765,train,cub:9351
4766,train,cub:9354
4767,train,cub:9357
4770,train,cub:9360
4771,train,cub:9361
4773,train,cub:9365
4774,train,cub:9367
4775,train,cub:9369
4776,train,cub:9371
4777,train,cub:9372
4778,train,cub:9373
4779,train,cub:9374
4780,train,cub:9376
4782,train,cub:9382
4783,train,cub:9386
4785,train,cub:9388
4786,train,cub:9391
4787,train,cub:9393
4788,train,cub:9394
4789,train,cub:9400
4790,train,cub:9402
4792,train,cub:9405
4793,train,cub:9406
4794,train,cub:9408
4795,train,cub:9409
4796,train,cub:9411
4797,train,cub:9414
4799,train,cub:9417
4800,train,cub:9421
4802,train,cub:9424
4803,train,cub:9425
4804,train,cub:9427
4805,train,cub:9429
4807,train,cub:9432
4808,train,cub:9434
4809,train,cub:9437
4811,train,cub:9441
4812,train,cub:9442
4814,train,cub:9445
4816,train,cub:9447
4817,train,cub:9450
4818,train,cub:9454
4819,train,cub:9458
4820,train,cub:9460
4821,train,cub:9461
4822,train,cub:9464
4823,train,cub:9465
4824,train,cub:9468
4825,train,cub:9469
4826,train,cub:9474
4827,train,cub:9477
4829,train,cub:9480
4831,train,cub:9483
4832,train,cub:9484
4833,train,cub:9485
4834,train,cub:9488
4835,train,cub:9491
4836,train,cub:9496
4837,train,cub:9497
4838,train,cub:9499
4839,train,cub:9501
4840,train,cub:9502
4841,train,cub:9503
4842,train,cub:9506
4843,train,cub:9508
4844,train,cub:9511
4845,train,cub:9512
4848,train,cub:9516
4850,train,cub:9519
4851,train,cub:9521
4852,train,cub:9522
4853,train,cub:9525
4855,train,cub:9530
4856,train,cub:9531
4858,train,cub:9536
4859,train,cub:9538
4860,train,cub:9540
4861,train,cub:9543
4863,train,cub:9545
4864,train,cub:9546
4865,train,cub:9551
4866,train,cub:9553
4867,train,cub:9557
4868,train,cub:9559
4869,train,cub:9562
4870,train,cub:9563
4871,train,cub:9565
4872,train,cub:9568
4873,train,cub:9570
4874,train,cub:9572
4876,train,cub:9575
4877,train,cub:9576
4879,train,cub:9579
4881,train,cub:9582
4882,train,cub:9583
4884,train,cub:9589
4885,train,cub:9590
4886,train,cub:9592
4887,train,cub:9594
4888,train,cub:9596
4889,train,cub:9601
4890,train,cub:9603
4891,train,cub:9605
4892,train,cub:9607
4893,train,cub:9608
4894,train,cub:9609
4895,train,cub:9612
4897,train,cub:9617
4898,train,cub:9620
4900,train,cub:9622
4901,train,cub:9624
4902,train,cub:9625
4903,train,cub:9626
4905,train,cub:9629
4906,train,cub:9630
4907,train,cub:9632
4908,train,cub:9635
4910,train,cub:9639
4911,train,cub:9642
4913,train,cub:9646
4915,train,cub:9650
4916,train,cub:9651
4917,train,cub:9653
4918,train,cub:9656
4920,train,cub:9660
4921,train,cub:9664
4922,train,cub:9665
4925,train,cub:9671
4926,train,cub:9672
4927,train,cub:9674
4929,train,cub:9677
4930,train,cub:9679
4931,train,cub:9680
4932,train,cub:9681
4933,train,cub:9682
4934,train,cub:9685
4937,train,cub:9694
4938,train,cub:9695
4939,train,cub:9700
4940,train,cub:9701
4941,train,cub:9703
4942,train,cub:9704
4943,train,cub:9707
4944,train,cub:9709
4945,train,cub:9710
4946,train,cub:9712
4947,train,cub:9713
4948,train,cub:9715
4949,train,cub:9719
4950,train,cub:9721
4951,train,cub:9723
4954,train,cub:9726
4956,train,cub:9731
4957,train,cub:9734
4958,train,cub:9735
4960,train,cub:9740
4961,train,cub:9741
4962,train,cub:9745
4963,train,cub:9746
4964,train,cub:9747
4965,train,cub:9748
4967,train,cub:9750
4968,train,cub:9751
4969,train,cub:9753
4971,train,cub:9760
4972,train,cub:9762
4973,train,cub:9764
4974,train,cub:9765
4975,train,cub:9769
4977,train,cub:9774
4978,train,cub:9779
4979,train,cub:9780
4980,train,cub:9781
4981,train,cub:9783
4983,train,cub:9786
4984,train,cub:9788
4985,train,cub:9792
4986,train,cub:9793
4987,train,cub:9794
4990,train,cub:9801
4991,train,cub:9804
4992,train,cub:9806
4993,train,cub:9808
4994,train,cub:9810
4995,train,cub:9811
4998,train,cub:9815
4999,train,cub:9822
5000,train,cub:9824
5001,train,cub:9825
5002,train,cub:9826
5003,train,cub:9827
5004,train,cub:9828
5005,train,cub:9829
5009,train,cub:9839
5010,train,cub:9840
5011,train,cub:9841
5012,train,cub:9844
5013,train,cub:9846
5014,train,cub:9850
5015,train,cub:9852
5016,train,cub:9853
5017,train,cub:9855
5018,train,cub:9857
5020,train,cub:9859
5021,train,cub:9861
5022,train,cub:9862
5023,train,cub:9864
5024,train,cub:9867
5025,train,cub:9869
5026,train,cub:9871
5027,train,cub:9874
5028,train,cub:9875
5029,train,cub:9878
5031,train,cub:9881
5033,train,cub:9884
5034,train,cub:9886
5035,train,cub:9888
5037,train,cub:9893
5039,train,cub:9896
5040,train,cub:9898
5042,train,cub:9901
5043,train,cub:9902
5044,train,cub:9906
5045,train,cub:9909
5046,train,cub:9910
5047,train,cub:9912
5048,train,cub:9916
5050,train,cub:9924
5051,train,cub:9926
5052,train,cub:9928
5053,train,cub:9929
5054,train,cub:9930
5055,train,cub:9933
5056,train,cub:9935
5058,train,cub:9937
5059,train,cub:9938
5060,train,cub:9939
5062,train,cub:9941
5063,train,cub:9944
5064,train,cub:9946
5065,train,cub:9947
5066,train,cub:9948
5067,train,cub:9950
5068,train,cub:9951
5069,train,cub:9953
5070,train,cub:9954
5071,train,cub:9955
5072,train,cub:9956
5075,train,cub:9963
5076,train,cub:9964
5077,train,cub:9965
5079,train,cub:9967
5080,train,cub:9968
5081,train,cub:9969
5082,train,cub:9970
5084,train,cub:9974
5086,train,cub:9977
5087,train,cub:9979
5088,train,cub:9988
5089,train,cub:9994
5090,train,cub:9995
5091,train,cub:10001
5092,train,cub:10002
5094,train,cub:10004
5095,train,cub:10005
5096,train,cub:10008
5098,train,cub:10012
5099,train,cub:10013
5101,train,cub:10015
5102,train,cub:10016
5103,train,cub:10018
5104,train,cub:10019
5105,train,cub:10020
5106,train,cub:10023
5107,train,cub:10025
5108,train,cub:10026
5110,train,cub:10034
5112,train,cub:10038
5113,train,cub:10040
5114,train,cub:10043
5116,train,cub:10046
5117,train,cub:10049
5118,train,cub:10050
5119,train,cub:10051
5120,train,cub:10053
5122,train,cub:10061
5123,train,cub:10063
5124,train,cub:10066
5125,train,cub:10067
5126,train,cub:10071
5127,train,cub:10072
5129,train,cub:10074
5130,train,cub:10075
5132,train,cub:10078
5133,train,cub:10083
5134,train,cub:10085
5135,train,cub:10086
5136,train,cub:10087
5137,train,cub:10097
5138,train,cub:10099
5140,train,cub:10102
5141,train,cub:10103
5142,train,cub:10104
5143,train,cub:10106
5144,train,cub:10107
5146,train,cub:10111
5147,train,cub:10113
5148,train,cub:10114
5149,train,cub:10117
5152,train,cub:10123
5153,train,cub:10124
5154,train,cub:10125
5155,train,cub:10126
5156,train,cub:10128
5157,train,cub:10129
5158,train,cub:10132
5159,train,cub:10134
5160,train,cub:10140
5163,train,cub:10146
5165,train,cub:10149
5166,train,cub:10152
5168,train,cub:10155
5170,train,cub:10157
5171,train,cub:10158
5172,train,cub:10159
5173,train,cub:10160
5174,train,cub:10162
5175,train,cub:10165
5176,train,cub:10166
5178,train,cub:10169
5179,train,cub:10170
5180,train,cub:10171
5181,train,cub:10179
5182,train,cub:10180
5183,train,cub:10183
5184,train,cub:10184
5185,train,cub:10186
5186,train,cub:10189
5187,train,cub:10190
5188,train,cub:10191
5189,train,cub:10194
5191,train,cub:10199
5192,train,cub:10200
5193,train,cub:10202
5195,train,cub:10204
5196,train,cub:10207
5197,train,cub:10208
5198,train,cub:10209
5199,train,cub:10212
5200,train,cub:10213
5201,train,cub:10214
5203,train,cub:10220
5206,train,cub:10227
5207,train,cub:10230
5208,train,cub:10236
5209,train,cub:10237
5210,train,cub:10240
5211,train,cub:10243
5212,train,cub:10244
5213,train,cub:10245
5215,train,cub:10247
5216,train,cub:10248
5217,train,cub:10249
5218,train,cub:10250
5219,train,cub:10252
5220,train,cub:10255
5221,train,cub:10260
5222,train,cub:10262
5225,train,cub:10265
5226,train,cub:10266
5228,train,cub:10269
5229,train,cub:10270
5230,train,cub:10271
5231,train,cub:10273
5233,train,cub:10277
5234,train,cub:10278
5236,train,cub:10281
5238,train,cub:10284
5239,train,cub:10287
5240,train,cub:10291
5241,train,cub:10300
5242,train,cub:10303
5243,train,cub:10304
5244,train,cub:10305
5245,train,cub:10306
5246,train,cub:10309
5247,train,cub:10311
5248,train,cub:10314
5250,train,cub:10319
5252,train,cub:10322
5253,train,cub:10324
5255,train,cub:10328
5256,train,cub:10330
5257,train,cub:10331
5258,train,cub:10333
5259,train,cub:10335
5261,train,cub:10340
5262,train,cub:10344
5263,train,cub:10345
5264,train,cub:10346
5267,train,cub:10349
5268,train,cub:10350
5269,train,cub:10353
5270,train,cub:10354
5271,train,cub:10357
5272,train,cub:10360
5273,train,cub:10362
5274,train,cub:10363
5275,train,cub:10365
5276,train,cub:10368
5277,train,cub:10370
5278,train,cub:10372
5279,train,cub:10373
5280,train,cub:10375
5281,train,cub:10376
5282,train,cub:10378
5283,train,cub:10379
5284,train,cub:10382
5288,train,cub:10397
5289,train,cub:10398
5290,train,cub:10402
5292,train,cub:10404
5294,train,cub:10406
5295,train,cub:10407
5296,train,cub:10409
5297,train,cub:10410
5298,train,cub:10411
5299,train,cub:10413
5300,train,cub:10414
5301,train,cub:10416
5302,train,cub:10418
5304,train,cub:10424
5305,train,cub:10426
5306,train,cub:10428
5307,train,cub:10429
5308,train,cub:10430
5309,train,cub:10433
5310,train,cub:10435
5311,train,cub:10436
5313,train,cub:10440
5314,train,cub:10441
5315,train,cub:10444
5316,train,cub:10446
5318,train,cub:10451
5322,train,cub:10458
5323,train,cub:10459
5324,train,cub:10460
5326,train,cub:10462
5327,train,cub:10466
5328,train,cub:10467
5329,train,cub:10469
5330,train,cub:10470
5331,train,cub:10474
5332,train,cub:10476
5333,train,cub:10479
5334,train,cub:10481
5335,train,cub:10483
5336,train,cub:10484
5337,train,cub:10486
5338,train,cub:10487
5339,train,cub:10491
5340,train,cub:10492
5341,train,cub:10495
5342,train,cub:10497
5343,train,cub:10498
5344,train,cub:10502
5345,train,cub:10503
5347,train,cub:10508
5348,train,cub:10509
5349,train,cub:10510
5352,train,cub:10513
5353,train,cub:10516
5356,train,cub:10524
5357,train,cub:10526
5358,train,cub:10527
5359,train,cub:10530
5360,train,cub:10531
5361,train,cub:10533
5363,train,cub:10540
5364,train,cub:10541
5365,train,cub:10542
5367,train,cub:10545
5368,train,cub:10550
5370,train,cub:10553
5371,train,cub:10555
5372,train,cub:10556
5373,train,cub:10558
5374,train,cub:10559
5375,train,cub:10560
5377,train,cub:10562
5380,train,cub:10571
5382,train,cub:10574
5383,train,cub:10575
5384,train,cub:10579
5385,train,cub:10580
5386,train,cub:10582
5387,train,cub:10583
5388,train,cub:10586
5389,train,cub:10589
5390,train,cub:10590
5391,train,cub:10593
5392,train,cub:10595
5393,train,cub:10598
5394,train,cub:10599
5395,train,cub:10602
5396,train,cub:10603
5398,train,cub:10606
5399,train,cub:10607
5400,train,cub:10609
5401,train,cub:10612
5402,train,cub:10613
5403,train,cub:10614
5404,train,cub:10617
5405,train,cub:10620
5407,train,cub:10624
5410,train,cub:10630
5411,train,cub:10632
5413,train,cub:10634
5414,train,cub:10636
5415,train,cub:10638
5416,train,cub:10640
5418,train,cub:10645
5419,train,cub:10648
5420,train,cub:10651
5421,train,cub:10656
5422,train,cub:10657
5423,train,cub:10658
5424,train,cub:10659
5425,train,cub:10660
5426,train,cub:10663
5427,train,cub:10665
5428,train,cub:10670
5429,train,cub:10674
5430,train,cub:10676
5431,train,cub:10677
5432,train,cub:10681
5433,train,cub:10682
5435,train,cub:10686
5437,train,cub:10690
5438,train,cub:10691
5439,train,cub:10692
5440,train,cub:10693
5441,train,cub:10694
5442,train,cub:10696
5443,train,cub:10698
5444,train,cub:10700
5447,train,cub:10704
5448,train,cub:10708
5449,train,cub:10709
5451,train,cub:10711
5452,train,cub:10715
5454,train,cub:10717
5455,train,cub:10718
5457,train,cub:10724
5458,train,cub:10727
5459,train,cub:10728
5460,train,cub:10731
5463,train,cub:10738
5465,train,cub:10741
5466,train,cub:10743
5468,train,cub:10750
5469,train,cub:10753
5470,train,cub:10756
5471,train,cub:10757
5472,train,cub:10758
5473,train,cub:10760
5474,train,cub:10761
5475,train,cub:10763
5476,train,cub:10764
5477,train,cub:10765
5478,train,cub:10766
5479,train,cub:10767
5480,train,cub:10771
5481,train,cub:10772
5482,train,cub:10774
5483,train,cub:10776
5485,train,cub:10781
5486,train,cub:10783
5488,train,cub:10788
5489,train,cub:10789
5490,train,cub:10790
5491,train,cub:10791
5492,train,cub:10792
5493,train,cub:10794
5494,train,cub:10795
5495,train,cub:10796
5496,train,cub:10799
5497,train,cub:10800
5499,train,cub:10802
5501,train,cub:10805
5502,train,cub:10808
5503,train,cub:10813
5505,train,cub:10817
5506,train,cub:10818
5507,train,cub:10820
5508,train,cub:10821
5510,train,cub:10823
5511,train,cub:10830
5512,train,cub:10832
5514,train,cub:10836
5515,train,cub:10841
5516,train,cub:10842
5517,train,cub:10843
5518,train,cub:10849
5519,train,cub:10850
5520,train,cub:10851
5521,train,cub:10852
5522,train,cub:10853
5523,train,cub:10854
5527,train,cub:10867
5528,train,cub:10870
5529,train,cub:10871
5530,train,cub:10873
5531,train,cub:10874
5532,train,cub:10877
5533,train,cub:10878
5534,train,cub:10880
5535,train,cub:10884
5536,train,cub:10885
5538,train,cub:10890
5539,train,cub:10893
5540,train,cub:10894
5542,train,cub:10896
5543,train,cub:10897
5544,train,cub:10899
5546,train,cub:10904
5547,train,cub:10905
5549,train,cub:10909
5550,train,cub:10913
5551,train,cub:10914
5554,train,cub:10924
5556,train,cub:10931
5557,train,cub:10932
5558,train,cub:10933
5559,train,cub:10934
5560,train,cub:10939
5561,train,cub:10940
5562,train,cub:10941
5564,train,cub:10944
5565,train,cub:10946
5566,train,cub:10948
5567,train,cub:10950
5568,train,cub:10953
5569,train,cub:10954
5570,train,cub:10956
5571,train,cub:10957
5572,train,cub:10958
5573,train,cub:10959
5575,train,cub:10961
5576,train,cub:10964
5578,train,cub:10966
5579,train,cub:10967
5580,train,cub:10968
5581,train,cub:10969
5582,train,cub:10972
5585,train,cub:10978
5587,train,cub:10980
5588,train,cub:10982
5589,train,cub:10983
5591,train,cub:10989
5592,train,cub:10991
5593,train,cub:10992
5594,train,cub:10994
5595,train,cub:10995
5596,train,cub:10996
5597,train,cub:10997
5598,train,cub:10999
5599,train,cub:11000
5601,train,cub:11003
5602,train,cub:11006
5603,train,cub:11007
5604,train,cub:11008
5605,train,cub:11009
5607,train,cub:11014
5608,train,cub:11015
5609,train,cub:11018
5610,train,cub:11019
5613,train,cub:11022
5614,train,cub:11023
5615,train,cub:11024
5616,train,cub:11025
5617,train,cub:11030
5618,train,cub:11034
5619,train,cub:11036
5620,train,cub:11037
5621,train,cub:11038
5622,train,cub:11044
5624,train,cub:11047
5626,train,cub:11054
5627,train,cub:11056
5628,train,cub:11057
5629,train,cub:11059
5630,train,cub:11060
5631,train,cub:11061
5632,train,cub:11065
5634,train,cub:11069
5635,train,cub:11071
5636,train,cub:11072
5638,train,cub:11074
5640,train,cub:11076
5641,train,cub:11082
5642,train,cub:11083
5643,train,cub:11084
5644,train,cub:11086
5645,train,cub:11087
5646,train,cub:11088
5647,train,cub:11089
5648,train,cub:11090
5649,train,cub:11092
5651,train,cub:11095
5652,train,cub:11096
5654,train,cub:11101
5655,train,cub:11106
5657,train,cub:11108
5658,train,cub:11109
5659,train,cub:11112
5661,train,cub:11116
5662,train,cub:11120
5663,train,cub:11121
5664,train,cub:11127
5665,train,cub:11129
5666,train,cub:11132
5667,train,cub:11134
5668,train,cub:11135
5669,train,cub:11139
5671,train,cub:11146
5672,train,cub:11147
5673,train,cub:11148
5674,train,cub:11149
5676,train,cub:11153
5677,train,cub:11154
5678,train,cub:11155
5679,train,cub:11156
5680,train,cub:11157
5681,train,cub:11158
5682,train,cub:11159
5684,train,cub:11166
5686,train,cub:11174
5688,train,cub:11178
5689,train,cub:11179
5690,train,cub:11181
5691,train,cub:11183
5692,train,cub:11185
5693,train,cub:11188
5694,train,cub:11189
5695,train,cub:11193
5696,train,cub:11195
5698,train,cub:11198
5699,train,cub:11199
5702,train,cub:11211
5703,train,cub:11214
5704,train,cub:11215
5705,train,cub:11216
5706,train,cub:11218
5707,train,cub:11219
5708,train,cub:11220
5709,train,cub:11221
5712,train,cub:11228
5713,train,cub:11229
5714,train,cub:11232
5715,train,cub:11233
5716,train,cub:11235
5717,train,cub:11236
5718,train,cub:11237
5719,train,cub:11238
5720,train,cub:11240
5722,train,cub:11243
5723,train,cub:11244
5724,train,cub:11248
5725,train,cub:11251
5727,train,cub:11254
5728,train,cub:11256
5730,train,cub:11264
5731,train,cub:11265
5733,train,cub:11269
5734,train,cub:11271
5736,train,cub:11276
5737,train,cub:11277
5738,train,cub:11279
5739,train,cub:11280
5740,train,cub:11283
5741,train,cub:11286
5742,train,cub:11289
5743,train,cub:11291
5744,train,cub:11292
5745,train,cub:11293
5748,train,cub:11299
5749,train,cub:11300
5750,train,cub:11302
5751,train,cub:11303
5752,train,cub:11304
5753,train,cub:11306
5754,train,cub:11309
5755,train,cub:11313
5757,train,cub:11317
5758,train,cub:11319
5759,train,cub:11322
5760,train,cub:11323
5761,train,cub:11324
5762,train,cub:11326
5763,train,cub:11328
5764,train,cub:11330
5765,train,cub:11332
5767,train,cub:11339
5768,train,cub:11341
5769,train,cub:11342
5771,train,cub:11347
5772,train,cub:11350
5775,train,cub:11355
5776,train,cub:11356
5777,train,cub:11358
5778,train,cub:11359
5779,train,cub:11360
5780,train,cub:11363
5781,train,cub:11364
5782,train,cub:11366
5784,train,cub:11369
5786,train,cub:11376
5789,train,cub:11385
5791,train,cub:11387
5792,train,cub:11390
5793,train,cub:11391
5794,train,cub:11392
5795,train,cub:11394
5796,train,cub:11396
5797,train,cub:11397
5798,train,cub:11401
5800,train,cub:11405
5801,train,cub:11406
5802,train,cub:11407
5803,train,cub:11408
5804,train,cub:11411
5805,train,cub:11412
5806,train,cub:11414
5807,train,cub:11416
5808,train,cub:11421
5809,train,cub:11423
5810,train,cub:11424
5812,train,cub:11426
5813,train,cub:11428
5814,train,cub:11429
5815,train,cub:11431
5816,train,cub:11433
5818,train,cub:11436
5819,train,cub:11439
5820,train,cub:11440
5822,train,cub:11443
5824,train,cub:11447
5825,train,cub:11448
5826,train,cub:11451
5827,train,cub:11452
5829,train,cub:11456
5830,train,cub:11460
5831,train,cub:11464
5832,train,cub:11465
5833,train,cub:11466
5834,train,cub:11468
5835,train,cub:11471
5836,train,cub:11473
5837,train,cub:11474
5838,train,cub:11475
5839,train,cub:11479
5840,train,cub:11480
5841,train,cub:11484
5844,train,cub:11489
5846,train,cub:11491
5848,train,cub:11493
5850,train,cub:11500
5851,train,cub:11506
5852,train,cub:11507
5853,train,cub:11508
5854,train,cub:11509
5855,train,cub:11510
5856,train,cub:11511
5857,train,cub:11512
5858,train,cub:11516
5859,train,cub:11517
5861,train,cub:11522
5862,train,cub:11524
5863,train,cub:11529
5864,train,cub:11530
5865,train,cub:11532
5868,train,cub:11536
5869,train,cub:11540
5870,train,cub:11542
5871,train,cub:11545
5872,train,cub:11546
5873,train,cub:11548
5874,train,cub:11552
5875,train,cub:11553
5876,train,cub:11554
5877,train,cub:11555
5878,train,cub:11556
5879,train,cub:11557
5880,train,cub:11558
5881,train,cub:11560
5882,train,cub:11561
5883,train,cub:11565
5886,train,cub:11573
5887,train,cub:11579
5888,train,cub:11580
5889,train,cub:11582
5890,train,cub:11584
5891,train,cub:11585
5892,train,cub:11589
5894,train,cub:11591
5895,train,cub:11594
5899,train,cub:11601
5900,train,cub:11604
5901,train,cub:11605
5902,train,cub:11606
5903,train,cub:11607
5904,train,cub:11610
5905,train,cub:11612
5907,train,cub:11614
5908,train,cub:11616
5909,train,cub:11617
5910,train,cub:11619
5911,train,cub:11621
5912,train,cub:11622
5913,train,cub:11623
5915,train,cub:11626
5917,train,cub:11633
5918,train,cub:11634
5919,train,cub:11635
5920,train,cub:11636
5922,train,cub:11642
5923,train,cub:11643
5924,train,cub:11647
5925,train,cub:11652
5926,train,cub:11655
5927,train,cub:11657
5928,train,cub:11660
5929,train,cub:11663
5931,train,cub:11666
5932,train,cub:11667
5935,train,cub:11671
5936,train,cub:11677
5938,train,cub:11682
5940,train,cub:11686
5941,train,cub:11688
5943,train,cub:11691
5944,train,cub:11694
5945,train,cub:11696
5946,train,cub:11697
5947,train,cub:11698
5948,train,cub:11702
5949,train,cub:11703
5950,train,cub:11705
5951,train,cub:11706
5952,train,cub:11708
5953,train,cub:11710
5954,train,cub:11715
5955,train,cub:11716
5956,train,cub:11717
5957,train,cub:11718
5958,train,cub:11719
5959,train,cub:11721
5960,train,cub:11722
5963,train,cub:11728
5964,train,cub:11731
5966,train,cub:11734
5967,train,cub:11736
5968,train,cub:11738
5969,train,cub:11739
5970,train,cub:11743
5972,train,cub:11748
5973,train,cub:11750
5974,train,cub:11752
5975,train,cub:11753
5976,train,cub:11754
5977,train,cub:11755
5978,train,cub:11758
5979,train,cub:11759
5980,train,cub:11760
5981,train,cub:11762
5982,train,cub:11763
5983,train,cub:11765
5985,train,cub:11770
5986,train,cub:11772
5987,train,cub:11774
5990,train,cub:11781
5991,train,cub:11782
5992,train,cub:11784
9,heldout,cub:20
10,heldout,cub:21
12,heldout,cub:30
16,heldout,cub:36
17,heldout,cub:37
19,heldout,cub:41
30,heldout,cub:62
31,heldout,cub:64
43,heldout,cub:84
44,heldout,cub:86
49,heldout,cub:102
50,heldout,cub:104
60,heldout,cub:121
63,heldout,cub:124
77,heldout,cub:151
78,heldout,cub:152
82,heldout,cub:160
85,heldout,cub:168
90,heldout,cub:181
91,heldout,cub:182
92,heldout,cub:184
93,heldout,cub:187
99,heldout,cub:197
108,heldout,cub:218
121,heldout,cub:242
135,heldout,cub:263
138,heldout,cub:267
139,heldout,cub:268
141,heldout,cub:270
142,heldout,cub:272
154,heldout,cub:288
158,heldout,cub:293
159,heldout,cub:294
160,heldout,cub:295
170,heldout,cub:310
171,heldout,cub:313
181,heldout,cub:326
183,heldout,cub:328
191,heldout,cub:339
195,heldout,cub:347
197,heldout,cub:353
202,heldout,cub:362
216,heldout,cub:390
221,heldout,cub:397
224,heldout,cub:400
231,heldout,cub:411
233,heldout,cub:414
234,heldout,cub:415
250,heldout,cub:444
251,heldout,cub:446
257,heldout,cub:465
263,heldout,cub:474
265,heldout,cub:477
267,heldout,cub:479
274,heldout,cub:490
279,heldout,cub:500
281,heldout,cub:504
284,heldout,cub:511
289,heldout,cub:524
298,heldout,cub:541
304,heldout,cub:552
309,heldout,cub:561
317,heldout,cub:576
318,heldout,cub:577
323,heldout,cub:593
328,heldout,cub:600
334,heldout,cub:612
337,heldout,cub:617
338,heldout,cub:619
344,heldout,cub:629
351,heldout,cub:641
359,heldout,cub:657
362,heldout,cub:663
373,heldout,cub:682
376,heldout,cub:691
379,heldout,cub:699
384,heldout,cub:712
385,heldout,cub:713
394,heldout,cub:729
395,heldout,cub:730
402,heldout,cub:741
405,heldout,cub:747
410,heldout,cub:756
416,heldout,cub:770
422,heldout,cub:782
430,heldout,cub:794
433,heldout,cub:806
438,heldout,cub:814
446,heldout,cub:833
449,heldout,cub:836
453,heldout,cub:853
456,heldout,cub:857
459,heldout,cub:861
466,heldout,cub:871
475,heldout,cub:888
479,heldout,cub:895
480,heldout,cub:898
482,heldout,cub:902
492,heldout,cub:923
503,heldout,cub:941
506,heldout,cub:947
509,heldout,cub:952
514,heldout,cub:959
519,heldout,cub:966
532,heldout,cub:987
536,heldout,cub:991
537,heldout,cub:992
538,heldout,cub:994
540,heldout,cub:1000
545,heldout,cub:1010
547,heldout,cub:1017
558,heldout,cub:1037
561,heldout,cub:1042
569,heldout,cub:1056
573,heldout,cub:1065
584,heldout,cub:1088
585,heldout,cub:1091
590,heldout,cub:1101
592,heldout,cub:1106
598,heldout,cub:1114
601,heldout,cub:1121
602,heldout,cub:1122
605,heldout,cub:1125
609,heldout,cub:1134
611,heldout,cub:1139
621,heldout,cub:1156
631,heldout,cub:1184
638,heldout,cub:1194
639,heldout,cub:1196
645,heldout,cub:1204
648,heldout,cub:1208
649,heldout,cub:1210
671,heldout,cub:1251
675,heldout,cub:1259
680,heldout,cub:1276
685,heldout,cub:1282
687,heldout,cub:1287
688,heldout,cub:1288
693,heldout,cub:1298
698,heldout,cub:1307
702,heldout,cub:1311
708,heldout,cub:1324
712,heldout,cub:1329
713,heldout,cub:1331
727,heldout,cub:1357
728,heldout,cub:1358
731,heldout,cub:1362
735,heldout,cub:1368
742,heldout,cub:1380
746,heldout,cub:1389
763,heldout,cub:1429
765,heldout,cub:1438
766,heldout,cub:1439
767,heldout,cub:1440
774,heldout,cub:1455
779,heldout,cub:1461
780,heldout,cub:1464
793,heldout,cub:1489
795,heldout,cub:1493
797,heldout,cub:1500
799,heldout,cub:1504
800,heldout,cub:1505
810,heldout,cub:1523
815,heldout,cub:1533
817,heldout,cub:1537
824,heldout,cub:1549
829,heldout,cub:1564
833,heldout,cub:1571
844,heldout,cub:1587
845,heldout,cub:1588
848,heldout,cub:1591
855,heldout,cub:1604
858,heldout,cub:1619
868,heldout,cub:1639
872,heldout,cub:1647
879,heldout,cub:1668
885,heldout,cub:1675
886,heldout,cub:1676
892,heldout,cub:1686
893,heldout,cub:1687
901,heldout,cub:1704
912,heldout,cub:1726
918,heldout,cub:1740
919,heldout,cub:1741
922,heldout,cub:1747
929,heldout,cub:1759
934,heldout,cub:1766
938,heldout,cub:1772
948,heldout,cub:1792
954,heldout,cub:1806
957,heldout,cub:1810
958,heldout,cub:1812
963,heldout,cub:1820
968,heldout,cub:1827
972,heldout,cub:1834
975,heldout,cub:1839
978,heldout,cub:1849
980,heldout,cub:1852
998,heldout,cub:1889
1006,heldout,cub:1905
1012,heldout,cub:1920
1013,heldout,cub:1921
1014,heldout,cub:1922
1018,heldout,cub:1930
1024,heldout,cub:1941
1030,heldout,cub:1954
1033,heldout,cub:1961
1043,heldout,cub:1979
1045,heldout,cub:1982
1049,heldout,cub:1992
1061,heldout,cub:2018
1069,heldout,cub:2034
1072,heldout,cub:2041
1074,heldout,cub:2044
1075,heldout,cub:2045
1078,heldout,cub:2050
1086,heldout,cub:2065
1093,heldout,cub:2080
1097,heldout,cub:2087
1103,heldout,cub:2097
1105,heldout,cub:2102
1107,heldout,cub:2105
1114,heldout,cub:2117
1115,heldout,cub:2118
1121,heldout,cub:2133
1122,heldout,cub:2136
1124,heldout,cub:2138
1135,heldout,cub:2161
1144,heldout,cub:2176
1151,heldout,cub:2191
1156,heldout,cub:2199
1158,heldout,cub:2205
1166,heldout,cub:2224
1168,heldout,cub:2227
1181,heldout,cub:2248
1183,heldout,cub:2253
1188,heldout,cub:2262
1193,heldout,cub:2271
1196,heldout,cub:2277
1198,heldout,cub:2286
1202,heldout,cub:2299
1205,heldout,cub:2309
1208,heldout,cub:2314
1210,heldout,cub:2320
1216,heldout,cub:2333
1227,heldout,cub:2347
1236,heldout,cub:2369
1242,heldout,cub:2384
1244,heldout,cub:2386
1247,heldout,cub:2391
1249,heldout,cub:2395
1251,heldout,cub:2397
1271,heldout,cub:2432
1273,heldout,cub:2439
1275,heldout,cub:2441
1283,heldout,cub:2458
1284,heldout,cub:2460
1289,heldout,cub:2469
1290,heldout,cub:2471
1293,heldout,cub:2479
1299,heldout,cub:2501
1304,heldout,cub:2510
1305,heldout,cub:2512
1313,heldout,cub:2522
1320,heldout,cub:2530
1325,heldout,cub:2537
1328,heldout,cub:2543
1340,heldout,cub:2565
1341,heldout,cub:2566
1346,heldout,cub:2584
1351,heldout,cub:2593
1361,heldout,cub:2616
1368,heldout,cub:2634
1369,heldout,cub:2635
1376,heldout,cub:2644
1377,heldout,cub:2645
1391,heldout,cub:2672
1397,heldout,cub:2687
1402,heldout,cub:2698
1403,heldout,cub:2699
1407,heldout,cub:2704
1409,heldout,cub:2708
1411,heldout,cub:2718
1413,heldout,cub:2720
1418,heldout,cub:2726
1419,heldout,cub:2728
1426,heldout,cub:2743
1432,heldout,cub:2754
1440,heldout,cub:2771
1447,heldout,cub:2787
1450,heldout,cub:2793
1457,heldout,cub:2809
1466,heldout,cub:2823
1468,heldout,cub:2827
1479,heldout,cub:2850
1484,heldout,cub:2859
1485,heldout,cub:2860
1486,heldout,cub:2861
1496,heldout,cub:2884
1499,heldout,cub:2889
1503,heldout,cub:2895
1504,heldout,cub:2896
1505,heldout,cub:2899
1508,heldout,cub:2907
1516,heldout,cub:2927
1524,heldout,cub:2943
1533,heldout,cub:2955
1534,heldout,cub:2956
1543,heldout,cub:2976
1555,heldout,cub:3000
1558,heldout,cub:3008
1559,heldout,cub:3009
1561,heldout,cub:3014
1562,heldout,cub:3016
1563,heldout,cub:3017
1569,heldout,cub:3028
1573,heldout,cub:3035
1575,heldout,cub:3038
1600,heldout,cub:3093
1604,heldout,cub:3102
1606,heldout,cub:3104
1613,heldout,cub:3119
1615,heldout,cub:3121
1618,heldout,cub:3125
1624,heldout,cub:3142
1626,heldout,cub:3145
1630,heldout,cub:3157
1631,heldout,cub:3158
1632,heldout,cub:3159
1646,heldout,cub:3183
1654,heldout,cub:3200
1659,heldout,cub:3208
1663,heldout,cub:3213
1669,heldout,cub:3229
1676,heldout,cub:3240
1679,heldout,cub:3248
1689,heldout,cub:3270
1692,heldout,cub:3274
1697,heldout,cub:3281
1698,heldout,cub:3283
1699,heldout,cub:3286
1702,heldout,cub:3293
1714,heldout,cub:3320
1727,heldout,cub:3343
1728,heldout,cub:3345
1730,heldout,cub:3347
1735,heldout,cub:3360
1737,heldout,cub:3363
1742,heldout,cub:3373
1749,heldout,cub:3387
1752,heldout,cub:3392
1762,heldout,cub:3412
1764,heldout,cub:3422
1767,heldout,cub:3425
1775,heldout,cub:3438
1780,heldout,cub:3447
1785,heldout,cub:3460
1787,heldout,cub:3463
1788,heldout,cub:3464
1795,heldout,cub:3479
1800,heldout,cub:3488
1805,heldout,cub:3502
1808,heldout,cub:3506
1815,heldout,cub:3517
1817,heldout,cub:3520
1826,heldout,cub:3542
1832,heldout,cub:3555
1833,heldout,cub:3558
1838,heldout,cub:3564
1843,heldout,cub:3572
1845,heldout,cub:3575
1852,heldout,cub:3590
1868,heldout,cub:3618
1870,heldout,cub:3621
1874,heldout,cub:3630
1884,heldout,cub:3657
1886,heldout,cub:3660
1889,heldout,cub:3665
1893,heldout,cub:3674
1912,heldout,cub:3710
1914,heldout,cub:3715
1916,heldout,cub:3720
1918,heldout,cub:3724
1919,heldout,cub:3725
1924,heldout,cub:3736
1927,heldout,cub:3739
1929,heldout,cub:3741
1934,heldout,cub:3752
1936,heldout,cub:3756
1944,heldout,cub:3770
1951,heldout,cub:3781
1952,heldout,cub:3783
1956,heldout,cub:3787
1960,heldout,cub:3795
1972,heldout,cub:3817
1975,heldout,cub:3822
1980,heldout,cub:3839
1982,heldout,cub:3843
1989,heldout,cub:3858
2001,heldout,cub:3874
2002,heldout,cub:3887
2007,heldout,cub:3892
2012,heldout,cub:3902
2014,heldout,cub:3905
2024,heldout,cub:3928
2029,heldout,cub:3936
2030,heldout,cub:3941
2031,heldout,cub:3942
2042,heldout,cub:3961
2047,heldout,cub:3969
2052,heldout,cub:3981
2058,heldout,cub:3997
2060,heldout,cub:4000
2064,heldout,cub:4007
2074,heldout,cub:4023
2077,heldout,cub:4028
2082,heldout,cub:4035
2085,heldout,cub:4044
2091,heldout,cub:4066
2093,heldout,cub:4068
2106,heldout,cub:4093
2107,heldout,cub:4095
2119,heldout,cub:4117
2121,heldout,cub:4124
2122,heldout,cub:4126
2129,heldout,cub:4136
2130,heldout,cub:4137
2132,heldout,cub:4143
2148,heldout,cub:4170
2153,heldout,cub:4183
2157,heldout,cub:4191
2159,heldout,cub:4194
2163,heldout,cub:4203
2164,heldout,cub:4208
2171,heldout,cub:4221
2172,heldout,cub:4223
2176,heldout,cub:4233
2186,heldout,cub:4248
2191,heldout,cub:4259
2196,heldout,cub:4268
2197,heldout,cub:4269
2206,heldout,cub:4283
2215,heldout,cub:4302
2219,heldout,cub:4316
2223,heldout,cub:4325
2224,heldout,cub:4326
2237,heldout,cub:4349
2240,heldout,cub:4354
2241,heldout,cub:4355
2244,heldout,cub:4360
2252,heldout,cub:4383
2267,heldout,cub:4415
2269,heldout,cub:4417
2271,heldout,cub:4422
2278,heldout,cub:4432
2279,heldout,cub:4433
2285,heldout,cub:4443
2286,heldout,cub:4445
2293,heldout,cub:4456
2294,heldout,cub:4458
2301,heldout,cub:4477
2309,heldout,cub:4491
2313,heldout,cub:4508
2322,heldout,cub:4523
2326,heldout,cub:4529
2328,heldout,cub:4531
2333,heldout,cub:4542
2336,heldout,cub:4548
2344,heldout,cub:4558
2347,heldout,cub:4562
2350,heldout,cub:4565
2353,heldout,cub:4569
2357,heldout,cub:4574
2363,heldout,cub:4590
2370,heldout,cub:4614
2372,heldout,cub:4617
2376,heldout,cub:4625
2384,heldout,cub:4639
2385,heldout,cub:4645
2388,heldout,cub:4653
2401,heldout,cub:4677
2409,heldout,cub:4694
2412,heldout,cub:4700
2413,heldout,cub:4701
2419,heldout,cub:4713
2420,heldout,cub:4714
2430,heldout,cub:4734
2431,heldout,cub:4737
2432,heldout,cub:4738
2441,heldout,cub:4760
2452,heldout,cub:4779
2454,heldout,cub:4782
2462,heldout,cub:4801
2473,heldout,cub:4821
2475,heldout,cub:4826
2476,heldout,cub:4828
2483,heldout,cub:4844
2484,heldout,cub:4845
2499,heldout,cub:4869
2503,heldout,cub:4877
2507,heldout,cub:4882
2511,heldout,cub:4893
2514,heldout,cub:4896
2519,heldout,cub:4904
2522,heldout,cub:4910
2524,heldout,cub:4916
2526,heldout,cub:4922
2527,heldout,cub:4923
2528,heldout,cub:4929
2536,heldout,cub:4946
2557,heldout,cub:4985
2559,heldout,cub:4992
2566,heldout,cub:5004
2568,heldout,cub:5007
2573,heldout,cub:5017
2578,heldout,cub:5023
2591,heldout,cub:5047
2594,heldout,cub:5052
2598,heldout,cub:5063
2602,heldout,cub:5068
2603,heldout,cub:5069
2606,heldout,cub:5076
2615,heldout,cub:5092
2624,heldout,cub:5117
2628,heldout,cub:5127
2629,heldout,cub:5128
2636,heldout,cub:5142
2639,heldout,cub:5145
2646,heldout,cub:5155
2655,heldout,cub:5171
2656,heldout,cub:5172
2657,heldout,cub:5173
2659,heldout,cub:5175
2669,heldout,cub:5204
2673,heldout,cub:5211
2678,heldout,cub:5222
2680,heldout,cub:5231
2687,heldout,cub:5242
2692,heldout,cub:5251
2693,heldout,cub:5252
2702,heldout,cub:5269
2704,heldout,cub:5271
2714,heldout,cub:5292
2719,heldout,cub:5302
2721,heldout,cub:5304
2725,heldout,cub:5313
2738,heldout,cub:5348
2740,heldout,cub:5351
2742,heldout,cub:5355
2747,heldout,cub:5360
2752,heldout,cub:5370
2753,heldout,cub:5371
2762,heldout,cub:5394
2763,heldout,cub:5396
2770,heldout,cub:5408
2771,heldout,cub:5414
2781,heldout,cub:5430
2787,heldout,cub:5442
2794,heldout,cub:5459
2798,heldout,cub:5463
2802,heldout,cub:5469
2810,heldout,cub:5486
2815,heldout,cub:5498
2818,heldout,cub:5503
2822,heldout,cub:5512
2828,heldout,cub:5522
2833,heldout,cub:5535
2835,heldout,cub:5543
2836,heldout,cub:5545
2848,heldout,cub:5564
2855,heldout,cub:5582
2857,heldout,cub:5584
2861,heldout,cub:5592
2862,heldout,cub:5593
2865,heldout,cub:5596
2867,heldout,cub:5600
2884,heldout,cub:5635
2889,heldout,cub:5643
2891,heldout,cub:5648
2893,heldout,cub:5655
2895,heldout,cub:5658
2904,heldout,cub:5675
2910,heldout,cub:5688
2923,heldout,cub:5709
2927,heldout,cub:5718
2929,heldout,cub:5721
2932,heldout,cub:5726
2939,heldout,cub:5744
2942,heldout,cub:5750
2953,heldout,cub:5773
2954,heldout,cub:5776
2956,heldout,cub:5779
2959,heldout,cub:5782
2968,heldout,cub:5803
2971,heldout,cub:5812
2977,heldout,cub:5826
2984,heldout,cub:5834
2986,heldout,cub:5836
2993,heldout,cub:5849
2995,heldout,cub:5851
3002,heldout,cub:5872
3007,heldout,cub:5879
3013,heldout,cub:5888
3014,heldout,cub:5890
3021,heldout,cub:5900
3023,heldout,cub:5904
3031,heldout,cub:5919
3036,heldout,cub:5934
3044,heldout,cub:5948
3047,heldout,cub:5953
3051,heldout,cub:5960
3058,heldout,cub:5968
3063,heldout,cub:5981
3076,heldout,cub:6008
3077,heldout,cub:6017
3082,heldout,cub:6023
3083,heldout,cub:6024
3089,heldout,cub:6034
3094,heldout,cub:6041
3097,heldout,cub:6044
3099,heldout,cub:6052
3103,heldout,cub:6060
3107,heldout,cub:6066
3116,heldout,cub:6083
3122,heldout,cub:6097
3124,heldout,cub:6102
3126,heldout,cub:6108
3131,heldout,cub:6118
3133,heldout,cub:6121
3136,heldout,cub:6126
3151,heldout,cub:6146
3155,heldout,cub:6156
3164,heldout,cub:6178
3168,heldout,cub:6182
3173,heldout,cub:6188
3176,heldout,cub:6191
3190,heldout,cub:6230
3191,heldout,cub:6233
3193,heldout,cub:6237
3195,heldout,cub:6239
3197,heldout,cub:6242
3207,heldout,cub:6258
3217,heldout,cub:6283
3223,heldout,cub:6292
3225,heldout,cub:6295
3228,heldout,cub:6302
3231,heldout,cub:6306
3232,heldout,cub:6309
3244,heldout,cub:6336
3245,heldout,cub:6337
3252,heldout,cub:6350
3254,heldout,cub:6352
3256,heldout,cub:6357
3268,heldout,cub:6381
3273,heldout,cub:6390
3278,heldout,cub:6395
3284,heldout,cub:6411
3293,heldout,cub:6433
3294,heldout,cub:6435
3295,heldout,cub:6436
3317,heldout,cub:6478
3321,heldout,cub:6483
3322,heldout,cub:6488
3325,heldout,cub:6491
3326,heldout,cub:6496
3327,heldout,cub:6500
3336,heldout,cub:6515
3340,heldout,cub:6529
3342,heldout,cub:6532
3349,heldout,cub:6540
3351,heldout,cub:6544
3353,heldout,cub:6547
3364,heldout,cub:6568
3365,heldout,cub:6570
3380,heldout,cub:6600
3381,heldout,cub:6603
3385,heldout,cub:6607
3388,heldout,cub:6612
3390,heldout,cub:6617
3391,heldout,cub:6622
3407,heldout,cub:6651
3409,heldout,cub:6655
3411,heldout,cub:6661
3414,heldout,cub:6664
3420,heldout,cub:6675
3426,heldout,cub:6683
3427,heldout,cub:6685
3434,heldout,cub:6699
3436,heldout,cub:6702
3437,heldout,cub:6705
3452,heldout,cub:6739
3454,heldout,cub:6743
3458,heldout,cub:6753
3461,heldout,cub:6757
3466,heldout,cub:6770
3476,heldout,cub:6782
3486,heldout,cub:6809
3488,heldout,cub:6811
3502,heldout,cub:6835
3504,heldout,cub:6840
3506,heldout,cub:6847
3507,heldout,cub:6848
3516,heldout,cub:6869
3522,heldout,cub:6878
3525,heldout,cub:6882
3528,heldout,cub:6887
3531,heldout,cub:6891
3538,heldout,cub:6909
3543,heldout,cub:6919
3546,heldout,cub:6926
3549,heldout,cub:6930
3555,heldout,cub:6943
3563,heldout,cub:6958
3567,heldout,cub:6968
3570,heldout,cub:6974
3572,heldout,cub:6980
3573,heldout,cub:6983
3580,heldout,cub:6990
3583,heldout,cub:6995
3595,heldout,cub:7023
3600,heldout,cub:7035
3608,heldout,cub:7050
3614,heldout,cub:7063
3615,heldout,cub:7066
3623,heldout,cub:7080
3628,heldout,cub:7089
3633,heldout,cub:7099
3639,heldout,cub:7109
3641,heldout,cub:7113
3642,heldout,cub:7116
3643,heldout,cub:7117
3656,heldout,cub:7145
3668,heldout,cub:7166
3676,heldout,cub:7187
3679,heldout,cub:7194
3682,heldout,cub:7200
3686,heldout,cub:7205
3688,heldout,cub:7208
3693,heldout,cub:7217
3700,heldout,cub:7231
3708,heldout,cub:7250
3709,heldout,cub:7254
3711,heldout,cub:7258
3712,heldout,cub:7259
3730,heldout,cub:7294
3739,heldout,cub:7308
3740,heldout,cub:7312
3741,heldout,cub:7316
3746,heldout,cub:7324
3748,heldout,cub:7327
3751,heldout,cub:7333
3764,heldout,cub:7364
3767,heldout,cub:7368
3768,heldout,cub:7370
3769,heldout,cub:7371
3773,heldout,cub:7377
3780,heldout,cub:7393
3782,heldout,cub:7399
3789,heldout,cub:7412
3791,heldout,cub:7416
3800,heldout,cub:7432
3802,heldout,cub:7435
3811,heldout,cub:7456
3819,heldout,cub:7468
3822,heldout,cub:7472
3823,heldout,cub:7474
3824,heldout,cub:7480
3831,heldout,cub:7493
3842,heldout,cub:7517
3845,heldout,cub:7524
3846,heldout,cub:7525
3851,heldout,cub:7535
3854,heldout,cub:7542
3862,heldout,cub:7555
3874,heldout,cub:7575
3877,heldout,cub:7584
3879,heldout,cub:7590
3883,heldout,cub:7598
3890,heldout,cub:7612
3893,heldout,cub:7618
3901,heldout,cub:7633
3904,heldout,cub:7639
3906,heldout,cub:7643
3912,heldout,cub:7654
3919,heldout,cub:7666
3921,heldout,cub:7673
3930,heldout,cub:7690
3945,heldout,cub:7713
3953,heldout,cub:7732
3954,heldout,cub:7740
3955,heldout,cub:7741
3956,heldout,cub:7742
3960,heldout,cub:7752
3963,heldout,cub:7759
3970,heldout,cub:7767
3974,heldout,cub:7779
3979,heldout,cub:7790
3987,heldout,cub:7804
3989,heldout,cub:7811
3990,heldout,cub:7814
3992,heldout,cub:7817
3993,heldout,cub:7818
3999,heldout,cub:7828
4014,heldout,cub:7850
4022,heldout,cub:7871
4023,heldout,cub:7872
4026,heldout,cub:7876
4027,heldout,cub:7878
4034,heldout,cub:7892
4040,heldout,cub:7905
4047,heldout,cub:7929
4049,heldout,cub:7934
4054,heldout,cub:7939
4065,heldout,cub:7961
4067,heldout,cub:7964
4072,heldout,cub:7976
4079,heldout,cub:7993
4081,heldout,cub:7997
4083,heldout,cub:8001
4086,heldout,cub:8006
4097,heldout,cub:8024
4105,heldout,cub:8043
4117,heldout,cub:8065
4119,heldout,cub:8067
4121,heldout,cub:8074
4127,heldout,cub:8089
4132,heldout,cub:8099
4133,heldout,cub:8101
4145,heldout,cub:8120
4147,heldout,cub:8123
4148,heldout,cub:8125
4150,heldout,cub:8129
4152,heldout,cub:8132
4153,heldout,cub:8133
4170,heldout,cub:8172
4177,heldout,cub:8187
4178,heldout,cub:8191
4190,heldout,cub:8211
4191,heldout,cub:8212
4192,heldout,cub:8214
4197,heldout,cub:8226
4202,heldout,cub:8236
4203,heldout,cub:8237
4204,heldout,cub:8239
4209,heldout,cub:8250
4218,heldout,cub:8267
4228,heldout,cub:8288
4237,heldout,cub:8301
4239,heldout,cub:8303
4244,heldout,cub:8321
4247,heldout,cub:8324
4253,heldout,cub:8340
4258,heldout,cub:8354
4262,heldout,cub:8363
4266,heldout,cub:8370
4272,heldout,cub:8378
4275,heldout,cub:8384
4279,heldout,cub:8392
4288,heldout,cub:8407
4298,heldout,cub:8427
4307,heldout,cub:8449
4311,heldout,cub:8456
4312,heldout,cub:8458
4314,heldout,cub:8460
4325,heldout,cub:8484
4326,heldout,cub:8486
4336,heldout,cub:8513
4340,heldout,cub:8517
4341,heldout,cub:8518
4344,heldout,cub:8522
4349,heldout,cub:8533
4351,heldout,cub:8536
4353,heldout,cub:8543
4364,heldout,cub:8562
4373,heldout,cub:8576
4375,heldout,cub:8583
4379,heldout,cub:8588
4389,heldout,cub:8607
4395,heldout,cub:8621
4397,heldout,cub:8626
4400,heldout,cub:8636
4405,heldout,cub:8643
4413,heldout,cub:8661
4419,heldout,cub:8671
4420,heldout,cub:8673
4423,heldout,cub:8677
4433,heldout,cub:8701
4434,heldout,cub:8702
4436,heldout,cub:8704
4440,heldout,cub:8711
4442,heldout,cub:8716
4448,heldout,cub:8728
4455,heldout,cub:8738
4458,heldout,cub:8746
4469,heldout,cub:8767
4477,heldout,cub:8786
4483,heldout,cub:8799
4489,heldout,cub:8810
4494,heldout,cub:8819
4495,heldout,cub:8820
4497,heldout,cub:8824
4498,heldout,cub:8828
4509,heldout,cub:8842
4515,heldout,cub:8852
4520,heldout,cub:8863
4522,heldout,cub:8868
4537,heldout,cub:8901
4540,heldout,cub:8907
4541,heldout,cub:8908
4542,heldout,cub:8911
4545,heldout,cub:8914
4551,heldout,cub:8925
4556,heldout,cub:8935
4564,heldout,cub:8951
4567,heldout,cub:8955
4574,heldout,cub:8966
4577,heldout,cub:8974
4581,heldout,cub:8983
4600,heldout,cub:9024
4605,heldout,cub:9031
4607,heldout,cub:9035
4609,heldout,cub:9037
4611,heldout,cub:9040
4615,heldout,cub:9051
4622,heldout,cub:9065
4625,heldout,cub:9070
4634,heldout,cub:9090
4638,heldout,cub:9094
4642,heldout,cub:9105
4645,heldout,cub:9112
4650,heldout,cub:9119
4658,heldout,cub:9138
4662,heldout,cub:9145
4672,heldout,cub:9163
4673,heldout,cub:9164
4674,heldout,cub:9166
4683,heldout,cub:9193
4687,heldout,cub:9202
4689,heldout,cub:9204
4694,heldout,cub:9211
4695,heldout,cub:9212
4696,heldout,cub:9214
4707,heldout,cub:9234
4710,heldout,cub:9237
4718,heldout,cub:9256
4722,heldout,cub:9269
4731,heldout,cub:9286
4735,heldout,cub:9291
4736,heldout,cub:9292
4737,heldout,cub:9293
4740,heldout,cub:9300
4760,heldout,cub:9337
4762,heldout,cub:9342
4764,heldout,cub:9350
4768,heldout,cub:9358
4769,heldout,cub:9359
4772,heldout,cub:9364
4781,heldout,cub:9381
4784,heldout,cub:9387
4791,heldout,cub:9404
4798,heldout,cub:9415
4801,heldout,cub:9423
4806,heldout,cub:9430
4810,heldout,cub:9438
4813,heldout,cub:9444
4815,heldout,cub:9446
4828,heldout,cub:9478
4830,heldout,cub:9481
4846,heldout,cub:9513
4847,heldout,cub:9515
4849,heldout,cub:9517
4854,heldout,cub:9526
4857,heldout,cub:9532
4862,heldout,cub:9544
4875,heldout,cub:9574
4878,heldout,cub:9578
4880,heldout,cub:9581
4883,heldout,cub:9585
4896,heldout,cub:9616
4899,heldout,cub:9621
4904,heldout,cub:9627
4909,heldout,cub:9638
4912,heldout,cub:9644
4914,heldout,cub:9647
4919,heldout,cub:9657
4923,heldout,cub:9666
4924,heldout,cub:9670
4928,heldout,cub:9675
4935,heldout,cub:9691
4936,heldout,cub:9693
4952,heldout,cub:9724
4953,heldout,cub:9725
4955,heldout,cub:9729
4959,heldout,cub:9736
4966,heldout,cub:9749
4970,heldout,cub:9757
4976,heldout,cub:9770
4982,heldout,cub:9784
4988,heldout,cub:9797
4989,heldout,cub:9799
4996,heldout,cub:9812
4997,heldout,cub:9814
5006,heldout,cub:9831
5007,heldout,cub:9833
5008,heldout,cub:9834
5019,heldout,cub:9858
5030,heldout,cub:9880
5032,heldout,cub:9882
5036,heldout,cub:9890
5038,heldout,cub:9895
5041,heldout,cub:9899
5049,heldout,cub:9923
5057,heldout,cub:9936
5061,heldout,cub:9940
5073,heldout,cub:9960
5074,heldout,cub:9962
5078,heldout,cub:9966
5083,heldout,cub:9973
5085,heldout,cub:9975
5093,heldout,cub:10003
5097,heldout,cub:10009
5100,heldout,cub:10014
5109,heldout,cub:10027
5111,heldout,cub:10036
5115,heldout,cub:10045
5121,heldout,cub:10060
5128,heldout,cub:10073
5131,heldout,cub:10076
5139,heldout,cub:10101
5145,heldout,cub:10108
5150,heldout,cub:10119
5151,heldout,cub:10120
5161,heldout,cub:10143
5162,heldout,cub:10144
5164,heldout,cub:10148
5167,heldout,cub:10153
5169,heldout,cub:10156
5177,heldout,cub:10168
5190,heldout,cub:10197
5194,heldout,cub:10203
5202,heldout,cub:10215
5204,heldout,cub:10223
5205,heldout,cub:10225
5214,heldout,cub:10246
5223,heldout,cub:10263
5224,heldout,cub:10264
5227,heldout,cub:10267
5232,heldout,cub:10275
5235,heldout,cub:10280
5237,heldout,cub:10283
5249,heldout,cub:10315
5251,heldout,cub:10321
5254,heldout,cub:10326
5260,heldout,cub:10336
5265,heldout,cub:10347
5266,heldout,cub:10348
5285,heldout,cub:10388
5286,heldout,cub:10394
5287,heldout,cub:10395
5291,heldout,cub:10403
5293,heldout,cub:10405
5303,heldout,cub:10420
5312,heldout,cub:10437
5317,heldout,cub:10448
5319,heldout,cub:10452
5320,heldout,cub:10455
5321,heldout,cub:10457
5325,heldout,cub:10461
5346,heldout,cub:10507
5350,heldout,cub:10511
5351,heldout,cub:10512
5354,heldout,cub:10518
5355,heldout,cub:10523
5362,heldout,cub:10539
5366,heldout,cub:10544
5369,heldout,cub:10552
5376,heldout,cub:10561
5378,heldout,cub:10564
5379,heldout,cub:10566
5381,heldout,cub:10573
5397,heldout,cub:10605
5406,heldout,cub:10622
5408,heldout,cub:10626
5409,heldout,cub:10628
5412,heldout,cub:10633
5417,heldout,cub:10643
5434,heldout,cub:10683
5436,heldout,cub:10687
5445,heldout,cub:10701
5446,heldout,cub:10702
5450,heldout,cub:10710
5453,heldout,cub:10716
5456,heldout,cub:10723
5461,heldout,cub:10734
5462,heldout,cub:10735
5464,heldout,cub:10739
5467,heldout,cub:10747
5484,heldout,cub:10777
5487,heldout,cub:10785
5498,heldout,cub:10801
5500,heldout,cub:10803
5504,heldout,cub:10814
5509,heldout,cub:10822
5513,heldout,cub:10834
5524,heldout,cub:10855
5525,heldout,cub:10859
5526,heldout,cub:10863
5537,heldout,cub:10888
5541,heldout,cub:10895
5545,heldout,cub:10901
5548,heldout,cub:10907
5552,heldout,cub:10918
5553,heldout,cub:10920
5555,heldout,cub:10926
5563,heldout,cub:10943
5574,heldout,cub:10960
5577,heldout,cub:10965
5583,heldout,cub:10975
5584,heldout,cub:10977
5586,heldout,cub:10979
5590,heldout,cub:10988
5600,heldout,cub:11001
5606,heldout,cub:11013
5611,heldout,cub:11020
5612,heldout,cub:11021
5623,heldout,cub:11045
5625,heldout,cub:11050
5633,heldout,cub:11067
5637,heldout,cub:11073
5639,heldout,cub:11075
5650,heldout,cub:11093
5653,heldout,cub:11099
5656,heldout,cub:11107
5660,heldout,cub:11113
5670,heldout,cub:11143
5675,heldout,cub:11151
5683,heldout,cub:11162
5685,heldout,cub:11173
5687,heldout,cub:11177
5697,heldout,cub:11196
5700,heldout,cub:11206
5701,heldout,cub:11210
5710,heldout,cub:11224
5711,heldout,cub:11226
5721,heldout,cub:11242
5726,heldout,cub:11252
5729,heldout,cub:11261
5732,heldout,cub:11268
5735,heldout,cub:11272
5746,heldout,cub:11294
5747,heldout,cub:11295
5756,heldout,cub:11316
5766,heldout,cub:11333
5770,heldout,cub:11345
5773,heldout,cub:11351
5774,heldout,cub:11354
5783,heldout,cub:11367
5785,heldout,cub:11375
5787,heldout,cub:11382
5788,heldout,cub:11383
5790,heldout,cub:11386
5799,heldout,cub:11403
5811,heldout,cub:11425
5817,heldout,cub:11435
5821,heldout,cub:11441
5823,heldout,cub:11446
5828,heldout,cub:11455
5842,heldout,cub:11485
5843,heldout,cub:11487
5845,heldout,cub:11490
5847,heldout,cub:11492
5849,heldout,cub:11498
5860,heldout,cub:11518
5866,heldout,cub:11533
5867,heldout,cub:11535
5884,heldout,cub:11569
5885,heldout,cub:11572
5893,heldout,cub:11590
5896,heldout,cub:11596
5897,heldout,cub:11598
5898,heldout,cub:11599
5906,heldout,cub:11613
5914,heldout,cub:11624
5916,heldout,cub:11627
5921,heldout,cub:11640
5930,heldout,cub:11664
5933,heldout,cub:11668
5934,heldout,cub:11669
5937,heldout,cub:11681
5939,heldout,cub:11685
5942,heldout,cub:11690
5961,heldout,cub:11724
5962,heldout,cub:11726
5965,heldout,cub:11732
5971,heldout,cub:11746
5984,heldout,cub:11767
5988,heldout,cub:11776
5989,heldout,cub:11778
5993,heldout,cub:11787
