dataset_index,partition,sample_id
1,train,cub:4
2,train,cub:5
3,train,cub:7
4,train,cub:8
5,train,cub:9
8,train,cub:18
9,train,cub:20
10,train,cub:21
11,train,cub:23
12,train,cub:30
13,train,cub:31
14,train,cub:32
15,train,cub:35
16,train,cub:36
17,train,cub:37
19,train,cub:41
20,train,cub:42
22,train,cub:46
24,train,cub:51
25,train,cub:53
26,train,cub:55
27,train,cub:56
28,train,cub:58
29,train,cub:60
30,train,cub:62
31,train,cub:64
32,train,cub:66
34,train,cub:69
35,train,cub:72
36,train,cub:73
37,train,cub:74
38,train,cub:75
41,train,cub:80
42,train,cub:81
43,train,cub:84
44,train,cub:86
45,train,cub:89
46,train,cub:96
47,train,cub:97
48,train,cub:99
49,train,cub:102
50,train,cub:104
51,train,cub:105
52,train,cub:109
53,train,cub:110
55,train,cub:113
56,train,cub:115
59,train,cub:120
60,train,cub:121
62,train,cub:123
63,train,cub:124
64,train,cub:125
65,train,cub:127
68,train,cub:136
71,train,cub:140
72,train,cub:141
73,train,cub:142
74,train,cub:143
75,train,cub:145
76,train,cub:148
77,train,cub:151
78,train,cub:152
79,train,cub:153
81,train,cub:159
82,train,cub:160
83,train,cub:164
84,train,cub:166
85,train,cub:168
86,train,cub:172
87,train,cub:174
88,train,cub:176
89,train,cub:177
90,train,cub:181
91,train,cub:182
92,train,cub:184
93,train,cub:187
94,train,cub:188
96,train,cub:194
97,train,cub:195
99,train,cub:197
100,train,cub:202
101,train,cub:203
103,train,cub:206
104,train,cub:209
105,train,cub:213
106,train,cub:215
107,train,cub:216
108,train,cub:218
109,train,cub:220
111,train,cub:222
113,train,cub:225
115,train,cub:228
116,train,cub:230
117,train,cub:232
118,train,cub:235
119,train,cub:238
121,train,cub:242
122,train,cub:243
124,train,cub:247
125,train,cub:248
126,train,cub:249
127,train,cub:250
128,train,cub:253
129,train,cub:254
130,train,cub:256
131,train,cub:257
132,train,cub:258
133,train,cub:261
134,train,cub:262
135,train,cub:263
137,train,cub:266
138,train,cub:267
139,train,cub:268
140,train,cub:269
141,train,cub:270
142,train,cub:272
143,train,cub:273
144,train,cub:274
147,train,cub:278
149,train,cub:281
150,train,cub:283
151,train,cub:284
152,train,cub:285
153,train,cub:287
154,train,cub:288
156,train,cub:290
157,train,cub:291
158,train,cub:293
159,train,cub:294
160,train,cub:295
161,train,cub:296
162,train,cub:297
163,train,cub:299
164,train,cub:301
166,train,cub:303
167,train,cub:305
170,train,cub:310
171,train,cub:313
172,train,cub:316
173,train,cub:317
174,train,cub:318
175,train,cub:319
176,train,cub:320
178,train,cub:322
180,train,cub:324
181,train,cub:326
183,train,cub:328
184,train,cub:331
185,train,cub:332
186,train,cub:333
187,train,cub:334
188,train,cub:335
189,train,cub:336
190,train,cub:338
191,train,cub:339
192,train,cub:341
194,train,cub:345
195,train,cub:347
196,train,cub:349
197,train,cub:353
198,train,cub:355
199,train,cub:358
202,train,cub:362
203,train,cub:364
204,train,cub:366
205,train,cub:367
206,train,cub:368
208,train,cub:375
210,train,cub:377
211,train,cub:378
212,train,cub:379
213,train,cub:380
214,train,cub:385
215,train,cub:388
216,train,cub:390
217,train,cub:392
218,train,cub:393
219,train,cub:395
220,train,cub:396
221,train,cub:397
222,train,cub:398
224,train,cub:400
226,train,cub:402
229,train,cub:406
230,train,cub:409
231,train,cub:411
233,train,cub:414
234,train,cub:415
235,train,cub:416
236,train,cub:417
237,train,cub:418
239,train,cub:423
240,train,cub:426
241,train,cub:427
242,train,cub:428
244,train,cub:431
245,train,cub:432
248,train,cub:437
249,train,cub:441
250,train,cub:444
251,train,cub:446
252,train,cub:452
253,train,cub:456
254,train,cub:460
255,train,cub:461
256,train,cub:464
257,train,cub:465
259,train,cub:467
260,train,cub:469
261,train,cub:470
263,train,cub:474
264,train,cub:476
265,train,cub:477
266,train,cub:478
267,train,cub:479
268,train,cub:481
270,train,cub:484
271,train,cub:485
272,train,cub:486
273,train,cub:489
274,train,cub:490
275,train,cub:491
276,train,cub:495
278,train,cub:497
279,train,cub:500
280,train,cub:502
281,train,cub:504
282,train,cub:505
283,train,cub:507
284,train,cub:511
286,train,cub:518
287,train,cub:520
289,train,cub:524
290,train,cub:527
292,train,cub:530
295,train,cub:535
296,train,cub:537
297,train,cub:539
298,train,cub:541
299,train,cub:542
300,train,cub:544
301,train,cub:545
304,train,cub:552
305,train,cub:554
306,train,cub:555
308,train,cub:559
309,train,cub:561
310,train,cub:562
311,train,cub:564
312,train,cub:566
314,train,cub:570
315,train,cub:574
316,train,cub:575
317,train,cub:576
318,train,cub:577
319,train,cub:581
320,train,cub:587
321,train,cub:588
323,train,cub:593
325,train,cub:596
326,train,cub:598
327,train,cub:599
328,train,cub:600
329,train,cub:601
330,train,cub:605
331,train,cub:606
332,train,cub:607
333,train,cub:611
334,train,cub:612
336,train,cub:614
337,train,cub:617
338,train,cub:619
340,train,cub:621
341,train,cub:625
342,train,cub:626
343,train,cub:628
344,train,cub:629
347,train,cub:633
350,train,cub:639
351,train,cub:641
352,train,cub:642
353,train,cub:645
354,train,cub:647
355,train,cub:648
356,train,cub:652
357,train,cub:653
358,train,cub:655
359,train,cub:657
360,train,cub:660
361,train,cub:662
362,train,cub:663
363,train,cub:666
364,train,cub:667
365,train,cub:668
366,train,cub:669
368,train,cub:671
370,train,cub:677
372,train,cub:680
373,train,cub:682
374,train,cub:685
375,train,cub:690
376,train,cub:691
377,train,cub:693
379,train,cub:699
380,train,cub:701
381,train,cub:702
382,train,cub:706
383,train,cub:710
384,train,cub:712
385,train,cub:713
386,train,cub:715
387,train,cub:716
390,train,cub:720
393,train,cub:727
394,train,cub:729
395,train,cub:730
396,train,cub:732
397,train,cub:733
399,train,cub:735
400,train,cub:736
401,train,cub:740
402,train,cub:741
403,train,cub:744
404,train,cub:746
405,train,cub:747
407,train,cub:751
408,train,cub:754
410,train,cub:756
411,train,cub:758
412,train,cub:760
413,train,cub:762
414,train,cub:768
415,train,cub:769
416,train,cub:770
418,train,cub:776
419,train,cub:778
420,train,cub:780
421,train,cub:781
422,train,cub:782
425,train,cub:789
426,train,cub:790
427,train,cub:791
430,train,cub:794
431,train,cub:798
432,train,cub:801
433,train,cub:806
434,train,cub:807
436,train,cub:812
437,train,cub:813
438,train,cub:814
439,train,cub:816
440,train,cub:818
441,train,cub:819
443,train,cub:823
444,train,cub:828
445,train,cub:829
446,train,cub:833
447,train,cub:834
448,train,cub:835
449,train,cub:836
450,train,cub:841
452,train,cub:845
453,train,cub:853
454,train,cub:855
456,train,cub:857
457,train,cub:859
458,train,cub:860
459,train,cub:861
461,train,cub:863
462,train,cub:864
463,train,cub:865
465,train,cub:870
466,train,cub:871
467,train,cub:872
468,train,cub:873
469,train,cub:874
471,train,cub:877
473,train,cub:881
474,train,cub:884
475,train,cub:888
476,train,cub:889
477,train,cub:891
478,train,cub:894
479,train,cub:895
480,train,cub:898
481,train,cub:900
482,train,cub:902
483,train,cub:906
484,train,cub:907
486,train,cub:912
489,train,cub:918
490,train,cub:920
491,train,cub:922
492,train,cub:923
493,train,cub:925
494,train,cub:926
496,train,cub:928
497,train,cub:929
498,train,cub:931
500,train,cub:935
502,train,cub:939
503,train,cub:941
504,train,cub:943
505,train,cub:946
506,train,cub:947
507,train,cub:950
508,train,cub:951
509,train,cub:952
510,train,cub:954
511,train,cub:955
512,train,cub:956
513,train,cub:957
514,train,cub:959
517,train,cub:964
518,train,cub:965
519,train,cub:966
520,train,cub:967
521,train,cub:970
523,train,cub:974
524,train,cub:975
525,train,cub:979
527,train,cub:981
528,train,cub:982
530,train,cub:985
532,train,cub:987
533,train,cub:988
534,train,cub:989
535,train,cub:990
536,train,cub:991
537,train,cub:992
538,train,cub:994
539,train,cub:995
540,train,cub:1000
541,train,cub:1002
544,train,cub:1008
545,train,cub:1010
546,train,cub:1015
547,train,cub:1017
548,train,cub:1019
549,train,cub:1020
550,train,cub:1022
551,train,cub:1023
552,train,cub:1024
553,train,cub:1026
557,train,cub:1034
558,train,cub:1037
559,train,cub:1039
560,train,cub:1040
561,train,cub:1042
562,train,cub:1045
564,train,cub:1049
565,train,cub:1051
566,train,cub:1052
567,train,cub:1053
568,train,cub:1055
569,train,cub:1056
570,train,cub:1058
571,train,cub:1059
572,train,cub:1060
573,train,cub:1065
574,train,cub:1067
576,train,cub:1073
577,train,cub:1074
578,train,cub:1078
579,train,cub:1079
580,train,cub:1080
581,train,cub:1083
582,train,cub:1085
583,train,cub:1087
584,train,cub:1088
585,train,cub:1091
587,train,cub:1094
589,train,cub:1100
590,train,cub:1101
591,train,cub:1103
592,train,cub:1106
593,train,cub:1107
596,train,cub:1112
598,train,cub:1114
599,train,cub:1115
600,train,cub:1120
601,train,cub:1121
602,train,cub:1122
603,train,cub:1123
605,train,cub:1125
607,train,cub:1129
608,train,cub:1130
609,train,cub:1134
610,train,cub:1135
611,train,cub:1139
613,train,cub:1141
614,train,cub:1145
615,train,cub:1146
617,train,cub:1149
618,train,cub:1151
619,train,cub:1152
620,train,cub:1155
621,train,cub:1156
623,train,cub:1163
624,train,cub:1165
625,train,cub:1166
627,train,cub:1171
628,train,cub:1173
629,train,cub:1175
630,train,cub:1181
631,train,cub:1184
632,train,cub:1185
633,train,cub:1186
635,train,cub:1188
637,train,cub:1191
638,train,cub:1194
639,train,cub:1196
640,train,cub:1197
642,train,cub:1201
643,train,cub:1202
644,train,cub:1203
645,train,cub:1204
646,train,cub:1205
647,train,cub:1207
648,train,cub:1208
649,train,cub:1210
650,train,cub:1213
652,train,cub:1219
654,train,cub:1222
655,train,cub:1224
657,train,cub:1228
658,train,cub:1229
659,train,cub:1231
660,train,cub:1232
661,train,cub:1233
663,train,cub:1238
665,train,cub:1241
666,train,cub:1242
667,train,cub:1245
669,train,cub:1248
670,train,cub:1250
671,train,cub:1251
672,train,cub:1252
674,train,cub:1256
675,train,cub:1259
676,train,cub:1260
677,train,cub:1263
678,train,cub:1270
679,train,cub:1274
680,train,cub:1276
681,train,cub:1277
682,train,cub:1278
683,train,cub:1279
684,train,cub:1280
685,train,cub:1282
687,train,cub:1287
688,train,cub:1288
690,train,cub:1291
691,train,cub:1294
693,train,cub:1298
697,train,cub:1303
698,train,cub:1307
699,train,cub:1308
700,train,cub:1309
701,train,cub:1310
702,train,cub:1311
703,train,cub:1312
704,train,cub:1314
705,train,cub:1318
706,train,cub:1320
707,train,cub:1322
708,train,cub:1324
709,train,cub:1326
710,train,cub:1327
711,train,cub:1328
712,train,cub:1329
713,train,cub:1331
714,train,cub:1332
715,train,cub:1334
716,train,cub:1336
717,train,cub:1337
720,train,cub:1343
721,train,cub:1344
723,train,cub:1349
724,train,cub:1353
725,train,cub:1354
727,train,cub:1357
728,train,cub:1358
729,train,cub:1360
731,train,cub:1362
734,train,cub:1366
735,train,cub:1368
736,train,cub:1369
737,train,cub:1370
738,train,cub:1374
739,train,cub:1375
740,train,cub:1377
741,train,cub:1378
742,train,cub:1380
744,train,cub:1383
745,train,cub:1384
746,train,cub:1389
747,train,cub:1398
748,train,cub:1401
749,train,cub:1402
750,train,cub:1403
753,train,cub:1406
755,train,cub:1408
756,train,cub:1414
757,train,cub:1415
758,train,cub:1417
759,train,cub:1418
760,train,cub:1420
761,train,cub:1426
763,train,cub:1429
764,train,cub:1436
765,train,cub:1438
766,train,cub:1439
767,train,cub:1440
768,train,cub:1441
770,train,cub:1445
771,train,cub:1447
772,train,cub:1452
773,train,cub:1453
774,train,cub:1455
775,train,cub:1456
776,train,cub:1458
777,train,cub:1459
779,train,cub:1461
780,train,cub:1464
781,train,cub:1465
782,train,cub:1466
783,train,cub:1468
784,train,cub:1469
786,train,cub:1472
787,train,cub:1474
788,train,cub:1475
790,train,cub:1484
791,train,cub:1486
792,train,cub:1488
793,train,cub:1489
794,train,cub:1491
795,train,cub:1493
797,train,cub:1500
798,train,cub:1501
799,train,cub:1504
800,train,cub:1505
801,train,cub:1508
803,train,cub:1510
806,train,cub:1514
807,train,cub:1515
808,train,cub:1516
809,train,cub:1519
810,train,cub:1523
811,train,cub:1527
812,train,cub:1528
815,train,cub:1533
817,train,cub:1537
818,train,cub:1540
819,train,cub:1541
820,train,cub:1543
821,train,cub:1544
822,train,cub:1547
823,train,cub:1548
824,train,cub:1549
825,train,cub:1552
826,train,cub:1554
828,train,cub:1562
829,train,cub:1564
830,train,cub:1565
831,train,cub:1567
833,train,cub:1571
835,train,cub:1573
836,train,cub:1574
837,train,cub:1578
838,train,cub:1579
839,train,cub:1581
840,train,cub:1582
841,train,cub:1584
842,train,cub:1585
843,train,cub:1586
844,train,cub:1587
845,train,cub:1588
846,train,cub:1589
848,train,cub:1591
849,train,cub:1592
850,train,cub:1595
851,train,cub:1598
853,train,cub:1601
855,train,cub:1604
856,train,cub:1608
857,train,cub:1617
858,train,cub:1619
859,train,cub:1620
861,train,cub:1622
862,train,cub:1623
863,train,cub:1624
864,train,cub:1632
865,train,cub:1635
868,train,cub:1639
869,train,cub:1641
870,train,cub:1642
871,train,cub:1645
872,train,cub:1647
875,train,cub:1654
876,train,cub:1657
877,train,cub:1658
878,train,cub:1663
879,train,cub:1668
880,train,cub:1669
881,train,cub:1670
882,train,cub:1671
884,train,cub:1674
885,train,cub:1675
886,train,cub:1676
887,train,cub:1677
888,train,cub:1680
889,train,cub:1681
892,train,cub:1686
893,train,cub:1687
894,train,cub:1688
895,train,cub:1689
896,train,cub:1690
897,train,cub:1691
899,train,cub:1701
900,train,cub:1703
901,train,cub:1704
902,train,cub:1706
903,train,cub:1707
905,train,cub:1711
906,train,cub:1714
907,train,cub:1716
908,train,cub:1717
909,train,cub:1720
910,train,cub:1721
912,train,cub:1726
913,train,cub:1727
914,train,cub:1731
915,train,cub:1732
916,train,cub:1734
917,train,cub:1735
918,train,cub:1740
919,train,cub:1741
920,train,cub:1742
922,train,cub:1747
923,train,cub:1749
925,train,cub:1752
927,train,cub:1757
929,train,cub:1759
930,train,cub:1762
931,train,cub:1763
932,train,cub:1764
934,train,cub:1766
936,train,cub:1769
937,train,cub:1770
938,train,cub:1772
939,train,cub:1773
940,train,cub:1774
942,train,cub:1778
945,train,cub:1787
946,train,cub:1789
947,train,cub:1790
948,train,cub:1792
949,train,cub:1794
950,train,cub:1795
951,train,cub:1801
952,train,cub:1802
953,train,cub:1803
954,train,cub:1806
955,train,cub:1808
956,train,cub:1809
957,train,cub:1810
958,train,cub:1812
962,train,cub:1818
963,train,cub:1820
964,train,cub:1821
966,train,cub:1824
967,train,cub:1825
968,train,cub:1827
969,train,cub:1830
970,train,cub:1831
971,train,cub:1833
972,train,cub:1834
973,train,cub:1835
974,train,cub:1837
975,train,cub:1839
976,train,cub:1841
977,train,cub:1842
978,train,cub:1849
979,train,cub:1850
980,train,cub:1852
981,train,cub:1854
982,train,cub:1855
984,train,cub:1860
986,train,cub:1864
987,train,cub:1868
988,train,cub:1870
990,train,cub:1875
993,train,cub:1879
994,train,cub:1880
996,train,cub:1883
997,train,cub:1886
998,train,cub:1889
999,train,cub:1892
1000,train,cub:1895
1001,train,cub:1897
1002,train,cub:1898
1003,train,cub:1899
1004,train,cub:1903
1005,train,cub:1904
1006,train,cub:1905
1007,train,cub:1907
1008,train,cub:1911
1010,train,cub:1914
1011,train,cub:1918
1012,train,cub:1920
1013,train,cub:1921
1014,train,cub:1922
1015,train,cub:1923
1016,train,cub:1928
1018,train,cub:1930
1020,train,cub:1933
1022,train,cub:1936
1023,train,cub:1938
1024,train,cub:1941
1025,train,cub:1945
1026,train,cub:1949
1028,train,cub:1952
1029,train,cub:1953
1030,train,cub:1954
1031,train,cub:1955
1032,train,cub:1957
1033,train,cub:1961
1034,train,cub:1963
1035,train,cub:1970
1039,train,cub:1974
1040,train,cub:1975
1041,train,cub:1977
1042,train,cub:1978
1043,train,cub:1979
1044,train,cub:1981
1045,train,cub:1982
1046,train,cub:1988
1048,train,cub:1991
1049,train,cub:1992
1051,train,cub:1998
1052,train,cub:2001
1053,train,cub:2002
1054,train,cub:2003
1055,train,cub:2007
1057,train,cub:2011
1058,train,cub:2012
1059,train,cub:2013
1060,train,cub:2017
1061,train,cub:2018
1062,train,cub:2019
1063,train,cub:2022
1064,train,cub:2023
1066,train,cub:2026
1069,train,cub:2034
1070,train,cub:2036
1071,train,cub:2038
1072,train,cub:2041
1073,train,cub:2042
1074,train,cub:2044
1075,train,cub:2045
1076,train,cub:2046
1078,train,cub:2050
1079,train,cub:2052
1080,train,cub:2053
1081,train,cub:2054
1082,train,cub:2055
1083,train,cub:2056
1085,train,cub:2061
1086,train,cub:2065
1089,train,cub:2069
1090,train,cub:2071
1092,train,cub:2079
1093,train,cub:2080
1094,train,cub:2082
1097,train,cub:2087
1098,train,cub:2088
1099,train,cub:2089
1100,train,cub:2090
1101,train,cub:2094
1102,train,cub:2095
1103,train,cub:2097
1104,train,cub:2099
1105,train,cub:2102
1106,train,cub:2103
1107,train,cub:2105
1108,train,cub:2106
1109,train,cub:2110
1110,train,cub:2113
1111,train,cub:2114
1112,train,cub:2115
1114,train,cub:2117
1115,train,cub:2118
1116,train,cub:2121
1117,train,cub:2122
1118,train,cub:2124
1119,train,cub:2125
1121,train,cub:2133
1122,train,cub:2136
1123,train,cub:2137
1124,train,cub:2138
1125,train,cub:2140
1127,train,cub:2147
1128,train,cub:2149
1129,train,cub:2151
1130,train,cub:2152
1131,train,cub:2154
1132,train,cub:2155
1133,train,cub:2157
1135,train,cub:2161
1137,train,cub:2166
1139,train,cub:2169
1140,train,cub:2172
1142,train,cub:2174
1143,train,cub:2175
1144,train,cub:2176
1145,train,cub:2177
1146,train,cub:2178
1147,train,cub:2181
1148,train,cub:2182
1149,train,cub:2185
1150,train,cub:2187
1151,train,cub:2191
1153,train,cub:2196
1155,train,cub:2198
1156,train,cub:2199
1158,train,cub:2205
1159,train,cub:2208
1160,train,cub:2210
1161,train,cub:2214
1162,train,cub:2215
1163,train,cub:2217
1165,train,cub:2221
1166,train,cub:2224
1168,train,cub:2227
1169,train,cub:2228
1173,train,cub:2237
1174,train,cub:2238
1175,train,cub:2240
1176,train,cub:2241
1177,train,cub:2243
1179,train,cub:2246
1180,train,cub:2247
1181,train,cub:2248
1182,train,cub:2251
1183,train,cub:2253
1184,train,cub:2254
1185,train,cub:2255
1186,train,cub:2259
1187,train,cub:2261
1188,train,cub:2262
1189,train,cub:2263
1191,train,cub:2267
1193,train,cub:2271
1194,train,cub:2272
1195,train,cub:2275
1196,train,cub:2277
1197,train,cub:2279
1198,train,cub:2286
1199,train,cub:2289
1200,train,cub:2291
1202,train,cub:2299
1204,train,cub:2304
1205,train,cub:2309
1206,train,cub:2311
1207,train,cub:2313
1208,train,cub:2314
1209,train,cub:2317
1210,train,cub:2320
1212,train,cub:2324
1213,train,cub:2325
1214,train,cub:2326
1215,train,cub:2332
1216,train,cub:2333
1217,train,cub:2334
1219,train,cub:2337
1220,train,cub:2339
1221,train,cub:2340
1222,train,cub:2342
1223,train,cub:2343
1224,train,cub:2344
1227,train,cub:2347
1228,train,cub:2349
1229,train,cub:2350
1230,train,cub:2352
1231,train,cub:2353
1233,train,cub:2356
1234,train,cub:2359
1235,train,cub:2364
1236,train,cub:2369
1237,train,cub:2372
1238,train,cub:2373
1240,train,cub:2378
1242,train,cub:2384
1243,train,cub:2385
1244,train,cub:2386
1245,train,cub:2387
1246,train,cub:2388
1247,train,cub:2391
1248,train,cub:2392
1249,train,cub:2395
1251,train,cub:2397
1252,train,cub:2398
1255,train,cub:2403
1256,train,cub:2405
1257,train,cub:2406
1258,train,cub:2407
1259,train,cub:2408
1261,train,cub:2416
1262,train,cub:2417
1263,train,cub:2419
1264,train,cub:2420
1266,train,cub:2424
1267,train,cub:2425
1268,train,cub:2426
1269,train,cub:2428
1270,train,cub:2429
1271,train,cub:2432
1272,train,cub:2433
1273,train,cub:2439
1275,train,cub:2441
1276,train,cub:2443
1277,train,cub:2446
1279,train,cub:2448
1280,train,cub:2449
1281,train,cub:2451
1282,train,cub:2455
1283,train,cub:2458
1284,train,cub:2460
1285,train,cub:2461
1288,train,cub:2467
1289,train,cub:2469
1290,train,cub:2471
1291,train,cub:2477
1292,train,cub:2478
1293,train,cub:2479
1294,train,cub:2480
1296,train,cub:2486
1297,train,cub:2487
1298,train,cub:2490
1299,train,cub:2501
1300,train,cub:2502
1301,train,cub:2504
1302,train,cub:2506
1303,train,cub:2509
1304,train,cub:2510
1305,train,cub:2512
1307,train,cub:2515
1308,train,cub:2516
1311,train,cub:2519
1312,train,cub:2521
1313,train,cub:2522
1314,train,cub:2523
1315,train,cub:2524
1316,train,cub:2526
1319,train,cub:2529
1320,train,cub:2530
1321,train,cub:2533
1323,train,cub:2535
1325,train,cub:2537
1326,train,cub:2539
1327,train,cub:2542
1328,train,cub:2543
1329,train,cub:2544
1330,train,cub:2545
1331,train,cub:2546
1332,train,cub:2550
1334,train,cub:2555
1335,train,cub:2558
1336,train,cub:2560
1337,train,cub:2562
1339,train,cub:2564
1340,train,cub:2565
1341,train,cub:2566
1342,train,cub:2567
1343,train,cub:2568
1345,train,cub:2576
1346,train,cub:2584
1347,train,cub:2585
1348,train,cub:2586
1350,train,cub:2591
1351,train,cub:2593
1352,train,cub:2595
1353,train,cub:2597
1354,train,cub:2598
1355,train,cub:2601
1356,train,cub:2602
1359,train,cub:2612
1360,train,cub:2615
1361,train,cub:2616
1363,train,cub:2621
1364,train,cub:2623
1366,train,cub:2626
1367,train,cub:2629
1368,train,cub:2634
1369,train,cub:2635
1370,train,cub:2637
1371,train,cub:2638
1374,train,cub:2642
1375,train,cub:2643
1376,train,cub:2644
1377,train,cub:2645
1378,train,cub:2646
1379,train,cub:2647
1380,train,cub:2651
1381,train,cub:2654
1383,train,cub:2659
1384,train,cub:2661
1386,train,cub:2664
1388,train,cub:2666
1389,train,cub:2667
1391,train,cub:2672
1392,train,cub:2679
1393,train,cub:2682
1394,train,cub:2683
1395,train,cub:2684
1396,train,cub:2686
1397,train,cub:2687
1398,train,cub:2688
1401,train,cub:2697
1402,train,cub:2698
1403,train,cub:2699
1404,train,cub:2700
1405,train,cub:2701
1406,train,cub:2702
1407,train,cub:2704
1408,train,cub:2706
1409,train,cub:2708
1411,train,cub:2718
1412,train,cub:2719
1413,train,cub:2720
1415,train,cub:2722
1416,train,cub:2723
1417,train,cub:2724
1418,train,cub:2726
1419,train,cub:2728
1420,train,cub:2729
1421,train,cub:2732
1423,train,cub:2739
1424,train,cub:2741
1425,train,cub:2742
1426,train,cub:2743
1428,train,cub:2747
1430,train,cub:2749
1431,train,cub:2750
1432,train,cub:2754
1433,train,cub:2755
1434,train,cub:2756
1435,train,cub:2757
1437,train,cub:2759
1438,train,cub:2762
1439,train,cub:2768
1440,train,cub:2771
1441,train,cub:2772
1442,train,cub:2775
1443,train,cub:2777
1444,train,cub:2779
1445,train,cub:2781
1446,train,cub:2786
1447,train,cub:2787
1448,train,cub:2788
1450,train,cub:2793
1451,train,cub:2794
1452,train,cub:2795
1454,train,cub:2798
1455,train,cub:2800
1457,train,cub:2809
1458,train,cub:2811
1460,train,cub:2815
1461,train,cub:2816
1462,train,cub:2817
1463,train,cub:2819
1464,train,cub:2820
1466,train,cub:2823
1468,train,cub:2827
1469,train,cub:2828
1470,train,cub:2832
1471,train,cub:2833
1472,train,cub:2838
1473,train,cub:2840
1474,train,cub:2841
1476,train,cub:2843
1478,train,cub:2849
1479,train,cub:2850
1480,train,cub:2854
1481,train,cub:2855
1482,train,cub:2856
1484,train,cub:2859
1485,train,cub:2860
1486,train,cub:2861
1487,train,cub:2864
1488,train,cub:2865
1489,train,cub:2870
1491,train,cub:2872
1492,train,cub:2876
1493,train,cub:2877
1496,train,cub:2884
1497,train,cub:2886
1498,train,cub:2888
1499,train,cub:2889
1500,train,cub:2890
1501,train,cub:2891
1502,train,cub:2894
1503,train,cub:2895
1504,train,cub:2896
1505,train,cub:2899
1506,train,cub:2903
1507,train,cub:2905
1508,train,cub:2907
1509,train,cub:2910
1510,train,cub:2911
1511,train,cub:2912
1512,train,cub:2914
1515,train,cub:2925
1516,train,cub:2927
1518,train,cub:2930
1519,train,cub:2931
1520,train,cub:2932
1521,train,cub:2933
1523,train,cub:2939
1524,train,cub:2943
1526,train,cub:2945
1528,train,cub:2947
1529,train,cub:2948
1530,train,cub:2950
1531,train,cub:2953
1533,train,cub:2955
1534,train,cub:2956
1535,train,cub:2958
1537,train,cub:2964
1538,train,cub:2966
1539,train,cub:2969
1541,train,cub:2972
1542,train,cub:2973
1543,train,cub:2976
1545,train,cub:2980
1546,train,cub:2985
1547,train,cub:2986
1549,train,cub:2989
1550,train,cub:2990
1551,train,cub:2994
1552,train,cub:2996
1553,train,cub:2998
1555,train,cub:3000
1556,train,cub:3002
1557,train,cub:3003
1558,train,cub:3008
1559,train,cub:3009
1561,train,cub:3014
1562,train,cub:3016
1563,train,cub:3017
1564,train,cub:3020
1565,train,cub:3023
1568,train,cub:3027
1569,train,cub:3028
1570,train,cub:3030
1571,train,cub:3031
1572,train,cub:3033
1573,train,cub:3035
1574,train,cub:3036
1575,train,cub:3038
1577,train,cub:3041
1579,train,cub:3043
1580,train,cub:3044
1581,train,cub:3046
1582,train,cub:3047
1583,train,cub:3048
1584,train,cub:3049
1585,train,cub:3052
1586,train,cub:3054
1588,train,cub:3068
1589,train,cub:3069
1590,train,cub:3070
1591,train,cub:3073
1592,train,cub:3077
1594,train,cub:3082
1595,train,cub:3085
1597,train,cub:3088
1598,train,cub:3089
1599,train,cub:3092
1600,train,cub:3093
1602,train,cub:3095
1603,train,cub:3096
1604,train,cub:3102
1606,train,cub:3104
1607,train,cub:3106
1608,train,cub:3109
1609,train,cub:3113
1611,train,cub:3115
1612,train,cub:3117
1613,train,cub:3119
1615,train,cub:3121
1616,train,cub:3122
1617,train,cub:3123
1618,train,cub:3125
1619,train,cub:3126
1620,train,cub:3132
1622,train,cub:3139
1624,train,cub:3142
1625,train,cub:3143
1626,train,cub:3145
1627,train,cub:3147
1629,train,cub:3152
1630,train,cub:3157
1631,train,cub:3158
1632,train,cub:3159
1634,train,cub:3161
1636,train,cub:3164
1637,train,cub:3165
1638,train,cub:3167
1639,train,cub:3173
1640,train,cub:3174
1641,train,cub:3175
1642,train,cub:3177
1643,train,cub:3178
1644,train,cub:3180
1645,train,cub:3181
1646,train,cub:3183
1647,train,cub:3187
1649,train,cub:3189
1650,train,cub:3194
1654,train,cub:3200
1656,train,cub:3203
1657,train,cub:3205
1658,train,cub:3207
1659,train,cub:3208
1660,train,cub:3209
1661,train,cub:3210
1662,train,cub:3212
1663,train,cub:3213
1664,train,cub:3214
1665,train,cub:3215
1666,train,cub:3217
1668,train,cub:3224
1669,train,cub:3229
1670,train,cub:3232
1671,train,cub:3234
1672,train,cub:3235
1673,train,cub:3236
1674,train,cub:3237
1675,train,cub:3238
1676,train,cub:3240
1677,train,cub:3241
1679,train,cub:3248
1680,train,cub:3250
1681,train,cub:3255
1683,train,cub:3260
1685,train,cub:3263
1686,train,cub:3265
1689,train,cub:3270
1690,train,cub:3271
1692,train,cub:3274
1693,train,cub:3275
1694,train,cub:3277
1696,train,cub:3279
1697,train,cub:3281
1698,train,cub:3283
1699,train,cub:3286
1700,train,cub:3288
1701,train,cub:3289
1702,train,cub:3293
1703,train,cub:3297
1704,train,cub:3300
1705,train,cub:3303
1706,train,cub:3304
1707,train,cub:3306
1708,train,cub:3308
1709,train,cub:3309
1711,train,cub:3311
1712,train,cub:3314
1713,train,cub:3316
1714,train,cub:3320
1715,train,cub:3324
1716,train,cub:3325
1717,train,cub:3332
1719,train,cub:3334
1720,train,cub:3335
1721,train,cub:3336
1724,train,cub:3339
1725,train,cub:3340
1726,train,cub:3341
1727,train,cub:3343
1728,train,cub:3345
1729,train,cub:3346
1730,train,cub:3347
1731,train,cub:3348
1732,train,cub:3349
1734,train,cub:3355
1735,train,cub:3360
1737,train,cub:3363
1738,train,cub:3365
1739,train,cub:3366
1740,train,cub:3369
1741,train,cub:3371
1742,train,cub:3373
1743,train,cub:3374
1745,train,cub:3380
1746,train,cub:3381
1748,train,cub:3385
1749,train,cub:3387
1752,train,cub:3392
1753,train,cub:3394
1754,train,cub:3395
1755,train,cub:3396
1756,train,cub:3397
1757,train,cub:3398
1758,train,cub:3401
1760,train,cub:3405
1761,train,cub:3407
1762,train,cub:3412
1763,train,cub:3415
1764,train,cub:3422
1765,train,cub:3423
1766,train,cub:3424
1767,train,cub:3425
1769,train,cub:3427
1770,train,cub:3429
1772,train,cub:3431
1775,train,cub:3438
1776,train,cub:3439
1777,train,cub:3440
1779,train,cub:3443
1780,train,cub:3447
1782,train,cub:3456
1783,train,cub:3458
1784,train,cub:3459
1785,train,cub:3460
1786,train,cub:3462
1787,train,cub:3463
1788,train,cub:3464
1789,train,cub:3466
1790,train,cub:3467
1791,train,cub:3468
1792,train,cub:3471
1793,train,cub:3473
1795,train,cub:3479
1796,train,cub:3481
1797,train,cub:3482
1798,train,cub:3484
1799,train,cub:3486
1800,train,cub:3488
1801,train,cub:3493
1803,train,cub:3498
1804,train,cub:3501
1805,train,cub:3502
1806,train,cub:3503
1807,train,cub:3504
1808,train,cub:3506
1809,train,cub:3507
1810,train,cub:3508
1811,train,cub:3509
1814,train,cub:3516
1815,train,cub:3517
1816,train,cub:3518
1817,train,cub:3520
1820,train,cub:3532
1821,train,cub:3533
1822,train,cub:3534
1823,train,cub:3535
1824,train,cub:3539
1825,train,cub:3540
1826,train,cub:3542
1827,train,cub:3544
1828,train,cub:3545
1831,train,cub:3553
1832,train,cub:3555
1833,train,cub:3558
1834,train,cub:3559
1835,train,cub:3560
1836,train,cub:3561
1837,train,cub:3563
1838,train,cub:3564
1839,train,cub:3565
1840,train,cub:3567
1842,train,cub:3571
1843,train,cub:3572
1844,train,cub:3574
1845,train,cub:3575
1847,train,cub:3583
1848,train,cub:3586
1849,train,cub:3587
1850,train,cub:3588
1851,train,cub:3589
1852,train,cub:3590
1854,train,cub:3595
1856,train,cub:3599
1857,train,cub:3602
1858,train,cub:3605
1860,train,cub:3608
1861,train,cub:3609
1862,train,cub:3610
1863,train,cub:3611
1864,train,cub:3612
1865,train,cub:3614
1866,train,cub:3616
1867,train,cub:3617
1868,train,cub:3618
1869,train,cub:3620
1870,train,cub:3621
1873,train,cub:3629
1874,train,cub:3630
1877,train,cub:3637
1879,train,cub:3645
1880,train,cub:3647
1881,train,cub:3650
1882,train,cub:3653
1883,train,cub:3655
1884,train,cub:3657
1885,train,cub:3658
1886,train,cub:3660
1888,train,cub:3663
1889,train,cub:3665
1890,train,cub:3670
1891,train,cub:3671
1892,train,cub:3672
1893,train,cub:3674
1894,train,cub:3675
1896,train,cub:3678
1897,train,cub:3681
1898,train,cub:3687
1901,train,cub:3692
1902,train,cub:3693
1903,train,cub:3694
1904,train,cub:3695
1905,train,cub:3697
1906,train,cub:3700
1907,train,cub:3701
1908,train,cub:3702
1909,train,cub:3703
1910,train,cub:3706
1912,train,cub:3710
1913,train,cub:3712
1914,train,cub:3715
1916,train,cub:3720
1918,train,cub:3724
1919,train,cub:3725
1921,train,cub:3730
1922,train,cub:3731
1923,train,cub:3734
1924,train,cub:3736
1927,train,cub:3739
1928,train,cub:3740
1929,train,cub:3741
1930,train,cub:3743
1931,train,cub:3746
1932,train,cub:3747
1933,train,cub:3748
1934,train,cub:3752
1935,train,cub:3754
1936,train,cub:3756
1938,train,cub:3759
1939,train,cub:3761
1940,train,cub:3762
1941,train,cub:3764
1942,train,cub:3765
1943,train,cub:3769
1944,train,cub:3770
1946,train,cub:3773
1947,train,cub:3774
1948,train,cub:3775
1950,train,cub:3780
1951,train,cub:3781
1952,train,cub:3783
1953,train,cub:3784
1954,train,cub:3785
1955,train,cub:3786
1956,train,cub:3787
1958,train,cub:3792
1959,train,cub:3794
1960,train,cub:3795
1961,train,cub:3799
1962,train,cub:3801
1965,train,cub:3805
1966,train,cub:3807
1967,train,cub:3810
1969,train,cub:3812
1970,train,cub:3815
1972,train,cub:3817
1973,train,cub:3818
1974,train,cub:3819
1975,train,cub:3822
1976,train,cub:3824
1977,train,cub:3832
1978,train,cub:3833
1980,train,cub:3839
1981,train,cub:3841
1982,train,cub:3843
1983,train,cub:3845
1984,train,cub:3848
1989,train,cub:3858
1990,train,cub:3860
1991,train,cub:3861
1993,train,cub:3864
1994,train,cub:3865
1995,train,cub:3866
1996,train,cub:3867
1997,train,cub:3868
1998,train,cub:3869
1999,train,cub:3872
2000,train,cub:3873
2001,train,cub:3874
2002,train,cub:3887
2003,train,cub:3888
2004,train,cub:3889
2005,train,cub:3890
2007,train,cub:3892
2008,train,cub:3893
2009,train,cub:3894
2011,train,cub:3901
2012,train,cub:3902
2013,train,cub:3904
2014,train,cub:3905
2015,train,cub:3906
2016,train,cub:3910
2017,train,cub:3912
2018,train,cub:3913
2019,train,cub:3915
2020,train,cub:3916
2022,train,cub:3920
2023,train,cub:3922
2024,train,cub:3928
2026,train,cub:3931
2027,train,cub:3932
2028,train,cub:3933
2029,train,cub:3936
2030,train,cub:3941
2031,train,cub:3942
2032,train,cub:3946
2034,train,cub:3949
2035,train,cub:3950
2037,train,cub:3954
2038,train,cub:3955
2040,train,cub:3957
2041,train,cub:3959
2042,train,cub:3961
2044,train,cub:3964
2045,train,cub:3966
2046,train,cub:3967
2047,train,cub:3969
2048,train,cub:3970
2050,train,cub:3975
2051,train,cub:3979
2052,train,cub:3981
2054,train,cub:3988
2055,train,cub:3990
2057,train,cub:3996
2058,train,cub:3997
2059,train,cub:3998
2060,train,cub:4000
2061,train,cub:4003
2064,train,cub:4007
2065,train,cub:4008
2066,train,cub:4011
2067,train,cub:4012
2068,train,cub:4015
2069,train,cub:4016
2070,train,cub:4017
2074,train,cub:4023
2075,train,cub:4024
2077,train,cub:4028
2078,train,cub:4029
2079,train,cub:4030
2080,train,cub:4031
2081,train,cub:4032
2082,train,cub:4035
2083,train,cub:4039
2084,train,cub:4041
2085,train,cub:4044
2086,train,cub:4049
2087,train,cub:4055
2088,train,cub:4057
2089,train,cub:4060
2091,train,cub:4066
2092,train,cub:4067
2093,train,cub:4068
2094,train,cub:4069
2095,train,cub:4071
2096,train,cub:4072
2097,train,cub:4074
2098,train,cub:4075
2101,train,cub:4079
2102,train,cub:4082
2104,train,cub:4091
2105,train,cub:4092
2106,train,cub:4093
2107,train,cub:4095
2108,train,cub:4096
2112,train,cub:4105
2113,train,cub:4107
2114,train,cub:4111
2115,train,cub:4112
2116,train,cub:4113
2117,train,cub:4114
2118,train,cub:4116
2119,train,cub:4117
2120,train,cub:4122
2121,train,cub:4124
2122,train,cub:4126
2124,train,cub:4129
2125,train,cub:4130
2126,train,cub:4131
2127,train,cub:4133
2128,train,cub:4134
2129,train,cub:4136
2130,train,cub:4137
2131,train,cub:4142
2132,train,cub:4143
2133,train,cub:4146
2134,train,cub:4147
2135,train,cub:4149
2136,train,cub:4154
2141,train,cub:4159
2143,train,cub:4162
2144,train,cub:4164
2145,train,cub:4165
2146,train,cub:4166
2147,train,cub:4167
2148,train,cub:4170
2149,train,cub:4171
2150,train,cub:4173
2151,train,cub:4174
2152,train,cub:4178
2153,train,cub:4183
2154,train,cub:4184
2155,train,cub:4188
2156,train,cub:4190
2157,train,cub:4191
2159,train,cub:4194
2160,train,cub:4197
2161,train,cub:4199
2162,train,cub:4201
2163,train,cub:4203
2164,train,cub:4208
2165,train,cub:4209
2166,train,cub:4211
2167,train,cub:4214
2168,train,cub:4216
2169,train,cub:4218
2170,train,cub:4219
2171,train,cub:4221
2172,train,cub:4223
2173,train,cub:4229
2175,train,cub:4232
2176,train,cub:4233
2177,train,cub:4234
2179,train,cub:4238
2180,train,cub:4239
2181,train,cub:4240
2183,train,cub:4242
2185,train,cub:4244
2186,train,cub:4248
2187,train,cub:4251
2191,train,cub:4259
2193,train,cub:4263
2195,train,cub:4267
2196,train,cub:4268
2197,train,cub:4269
2198,train,cub:4271
2199,train,cub:4272
2200,train,cub:4273
2201,train,cub:4275
2202,train,cub:4276
2203,train,cub:4278
2205,train,cub:4282
2206,train,cub:4283
2207,train,cub:4286
2208,train,cub:4289
2209,train,cub:4290
2210,train,cub:4291
2211,train,cub:4296
2212,train,cub:4297
2213,train,cub:4299
2214,train,cub:4301
2215,train,cub:4302
2218,train,cub:4309
2219,train,cub:4316
2221,train,cub:4321
2222,train,cub:4324
2223,train,cub:4325
2224,train,cub:4326
2225,train,cub:4328
2226,train,cub:4329
2227,train,cub:4331
2228,train,cub:4332
2229,train,cub:4334
2231,train,cub:4342
2232,train,cub:4343
2233,train,cub:4345
2234,train,cub:4346
2235,train,cub:4347
2237,train,cub:4349
2238,train,cub:4350
2239,train,cub:4352
2240,train,cub:4354
2241,train,cub:4355
2244,train,cub:4360
2245,train,cub:4361
2246,train,cub:4362
2247,train,cub:4363
2248,train,cub:4369
2250,train,cub:4374
2251,train,cub:4380
2252,train,cub:4383
2253,train,cub:4385
2254,train,cub:4387
2256,train,cub:4391
2257,train,cub:4392
2259,train,cub:4398
2260,train,cub:4401
2262,train,cub:4406
2263,train,cub:4407
2264,train,cub:4410
2266,train,cub:4414
2267,train,cub:4415
2268,train,cub:4416
2269,train,cub:4417
2270,train,cub:4420
2271,train,cub:4422
2273,train,cub:4424
2274,train,cub:4426
2275,train,cub:4427
2276,train,cub:4428
2278,train,cub:4432
2279,train,cub:4433
2280,train,cub:4434
2281,train,cub:4435
2282,train,cub:4437
2283,train,cub:4439
2285,train,cub:4443
2286,train,cub:4445
2287,train,cub:4448
2288,train,cub:4449
2293,train,cub:4456
2294,train,cub:4458
2295,train,cub:4459
2296,train,cub:4465
2297,train,cub:4471
2298,train,cub:4473
2299,train,cub:4475
2300,train,cub:4476
2301,train,cub:4477
2302,train,cub:4478
2304,train,cub:4483
2305,train,cub:4484
2306,train,cub:4485
2307,train,cub:4489
2308,train,cub:4490
2309,train,cub:4491
2311,train,cub:4495
2313,train,cub:4508
2314,train,cub:4509
2316,train,cub:4511
2317,train,cub:4513
2318,train,cub:4518
2319,train,cub:4519
2320,train,cub:4520
2321,train,cub:4521
2322,train,cub:4523
2323,train,cub:4524
2324,train,cub:4526
2325,train,cub:4528
2326,train,cub:4529
2327,train,cub:4530
2328,train,cub:4531
2330,train,cub:4539
2331,train,cub:4540
2332,train,cub:4541
2333,train,cub:4542
2334,train,cub:4544
2336,train,cub:4548
2337,train,cub:4549
2339,train,cub:4551
2340,train,cub:4553
2341,train,cub:4554
2342,train,cub:4556
2343,train,cub:4557
2344,train,cub:4558
2345,train,cub:4559
2346,train,cub:4561
2347,train,cub:4562
2349,train,cub:4564
2350,train,cub:4565
2353,train,cub:4569
2354,train,cub:4570
2355,train,cub:4572
2356,train,cub:4573
2357,train,cub:4574
2358,train,cub:4575
2359,train,cub:4578
2361,train,cub:4581
2362,train,cub:4582
2363,train,cub:4590
2366,train,cub:4607
2367,train,cub:4608
2368,train,cub:4609
2369,train,cub:4612
2370,train,cub:4614
2371,train,cub:4616
2372,train,cub:4617
2373,train,cub:4619
2374,train,cub:4620
2375,train,cub:4621
2376,train,cub:4625
2377,train,cub:4627
2378,train,cub:4628
2379,train,cub:4629
2381,train,cub:4632
2382,train,cub:4634
2384,train,cub:4639
2385,train,cub:4645
2386,train,cub:4646
2387,train,cub:4647
2388,train,cub:4653
2389,train,cub:4654
2391,train,cub:4656
2393,train,cub:4658
2395,train,cub:4660
2396,train,cub:4661
2397,train,cub:4665
2398,train,cub:4669
2401,train,cub:4677
2403,train,cub:4680
2404,train,cub:4683
2405,train,cub:4686
2406,train,cub:4688
2407,train,cub:4691
2408,train,cub:4692
2409,train,cub:4694
2410,train,cub:4695
2411,train,cub:4699
2412,train,cub:4700
2413,train,cub:4701
2414,train,cub:4702
2416,train,cub:4706
2417,train,cub:4708
2418,train,cub:4712
2419,train,cub:4713
2420,train,cub:4714
2421,train,cub:4716
2422,train,cub:4717
2423,train,cub:4718
2427,train,cub:4726
2428,train,cub:4727
2429,train,cub:4729
2430,train,cub:4734
2431,train,cub:4737
2432,train,cub:4738
2433,train,cub:4743
2435,train,cub:4745
2437,train,cub:4748
2441,train,cub:4760
2442,train,cub:4762
2443,train,cub:4764
2444,train,cub:4765
2446,train,cub:4768
2447,train,cub:4769
2448,train,cub:4770
2449,train,cub:4772
2450,train,cub:4776
2451,train,cub:4777
2452,train,cub:4779
2453,train,cub:4780
2454,train,cub:4782
2455,train,cub:4784
2456,train,cub:4786
2457,train,cub:4788
2458,train,cub:4790
2459,train,cub:4792
2460,train,cub:4794
2461,train,cub:4799
2462,train,cub:4801
2463,train,cub:4803
2465,train,cub:4806
2466,train,cub:4807
2467,train,cub:4809
2468,train,cub:4810
2470,train,cub:4813
2471,train,cub:4814
2472,train,cub:4820
2473,train,cub:4821
2475,train,cub:4826
2476,train,cub:4828
2477,train,cub:4835
2480,train,cub:4840
2482,train,cub:4842
2483,train,cub:4844
2484,train,cub:4845
2485,train,cub:4848
2486,train,cub:4849
2487,train,cub:4850
2488,train,cub:4851
2489,train,cub:4852
2490,train,cub:4853
2491,train,cub:4855
2493,train,cub:4858
2494,train,cub:4859
2495,train,cub:4860
2496,train,cub:4861
2497,train,cub:4867
2498,train,cub:4868
2499,train,cub:4869
2500,train,cub:4871
2501,train,cub:4873
2502,train,cub:4876
2503,train,cub:4877
2504,train,cub:4878
2505,train,cub:4880
2507,train,cub:4882
2509,train,cub:4887
2511,train,cub:4893
2512,train,cub:4894
2514,train,cub:4896
2515,train,cub:4897
2516,train,cub:4898
2518,train,cub:4900
2519,train,cub:4904
2520,train,cub:4906
2521,train,cub:4907
2522,train,cub:4910
2524,train,cub:4916
2526,train,cub:4922
2527,train,cub:4923
2528,train,cub:4929
2529,train,cub:4930
2530,train,cub:4933
2531,train,cub:4935
2532,train,cub:4937
2533,train,cub:4938
2534,train,cub:4941
2535,train,cub:4945
2536,train,cub:4946
2537,train,cub:4947
2538,train,cub:4948
2539,train,cub:4950
2540,train,cub:4951
2541,train,cub:4952
2545,train,cub:4956
2546,train,cub:4957
2547,train,cub:4959
2549,train,cub:4964
2550,train,cub:4968
2551,train,cub:4969
2552,train,cub:4970
2555,train,cub:4975
2557,train,cub:4985
2558,train,cub:4988
2559,train,cub:4992
2560,train,cub:4993
2562,train,cub:4997
2563,train,cub:5000
2565,train,cub:5003
2566,train,cub:5004
2567,train,cub:5006
2568,train,cub:5007
2570,train,cub:5011
2571,train,cub:5014
2572,train,cub:5016
2573,train,cub:5017
2574,train,cub:5018
2575,train,cub:5019
2576,train,cub:5020
2577,train,cub:5022
2578,train,cub:5023
2579,train,cub:5024
2580,train,cub:5030
2581,train,cub:5032
2582,train,cub:5033
2583,train,cub:5035
2584,train,cub:5037
2586,train,cub:5039
2587,train,cub:5040
2588,train,cub:5042
2589,train,cub:5043
2591,train,cub:5047
2592,train,cub:5048
2594,train,cub:5052
2595,train,cub:5053
2596,train,cub:5054
2597,train,cub:5058
2598,train,cub:5063
2599,train,cub:5064
2600,train,cub:5065
2601,train,cub:5067
2602,train,cub:5068
2603,train,cub:5069
2605,train,cub:5075
2606,train,cub:5076
2608,train,cub:5080
2610,train,cub:5086
2611,train,cub:5087
2612,train,cub:5088
2613,train,cub:5089
2614,train,cub:5091
2615,train,cub:5092
2616,train,cub:5093
2617,train,cub:5096
2618,train,cub:5099
2619,train,cub:5109
2621,train,cub:5112
2622,train,cub:5114
2623,train,cub:5116
2624,train,cub:5117
2625,train,cub:5121
2626,train,cub:5123
2628,train,cub:5127
2629,train,cub:5128
2631,train,cub:5130
2633,train,cub:5135
2634,train,cub:5138
2635,train,cub:5139
2636,train,cub:5142
2639,train,cub:5145
2640,train,cub:5147
2642,train,cub:5149
2643,train,cub:5151
2644,train,cub:5152
2645,train,cub:5153
2646,train,cub:5155
2647,train,cub:5157
2648,train,cub:5158
2650,train,cub:5162
2652,train,cub:5164
2653,train,cub:5168
2654,train,cub:5170
2655,train,cub:5171
2656,train,cub:5172
2657,train,cub:5173
2658,train,cub:5174
2659,train,cub:5175
2660,train,cub:5176
2661,train,cub:5180
2662,train,cub:5181
2664,train,cub:5185
2665,train,cub:5187
2667,train,cub:5196
2669,train,cub:5204
2670,train,cub:5206
2671,train,cub:5208
2672,train,cub:5210
2673,train,cub:5211
2674,train,cub:5212
2676,train,cub:5217
2677,train,cub:5221
2678,train,cub:5222
2680,train,cub:5231
2682,train,cub:5235
2683,train,cub:5236
2684,train,cub:5237
2685,train,cub:5239
2686,train,cub:5241
2687,train,cub:5242
2688,train,cub:5244
2689,train,cub:5246
2691,train,cub:5249
2692,train,cub:5251
2693,train,cub:5252
2695,train,cub:5256
2696,train,cub:5260
2697,train,cub:5261
2698,train,cub:5262
2700,train,cub:5267
2701,train,cub:5268
2702,train,cub:5269
2703,train,cub:5270
2704,train,cub:5271
2705,train,cub:5278
2706,train,cub:5279
2707,train,cub:5280
2708,train,cub:5281
2711,train,cub:5287
2712,train,cub:5288
2713,train,cub:5289
2714,train,cub:5292
2715,train,cub:5294
2717,train,cub:5297
2718,train,cub:5300
2719,train,cub:5302
2720,train,cub:5303
2721,train,cub:5304
2722,train,cub:5305
2725,train,cub:5313
2726,train,cub:5314
2727,train,cub:5315
2728,train,cub:5322
2730,train,cub:5327
2731,train,cub:5333
2734,train,cub:5340
2735,train,cub:5341
2736,train,cub:5342
2737,train,cub:5345
2738,train,cub:5348
2739,train,cub:5350
2740,train,cub:5351
2741,train,cub:5354
2742,train,cub:5355
2744,train,cub:5357
2745,train,cub:5358
2746,train,cub:5359
2747,train,cub:5360
2748,train,cub:5362
2749,train,cub:5366
2750,train,cub:5367
2752,train,cub:5370
2753,train,cub:5371
2755,train,cub:5375
2756,train,cub:5378
2757,train,cub:5381
2758,train,cub:5382
2760,train,cub:5392
2761,train,cub:5393
2762,train,cub:5394
2763,train,cub:5396
2766,train,cub:5400
2767,train,cub:5401
2770,train,cub:5408
2771,train,cub:5414
2772,train,cub:5415
2773,train,cub:5416
2774,train,cub:5417
2775,train,cub:5418
2776,train,cub:5419
2777,train,cub:5420
2778,train,cub:5424
2779,train,cub:5425
2781,train,cub:5430
2782,train,cub:5432
2783,train,cub:5433
2784,train,cub:5436
2785,train,cub:5439
2786,train,cub:5441
2787,train,cub:5442
2789,train,cub:5444
2792,train,cub:5454
2794,train,cub:5459
2795,train,cub:5460
2796,train,cub:5461
2797,train,cub:5462
2798,train,cub:5463
2799,train,cub:5465
2800,train,cub:5466
2801,train,cub:5467
2802,train,cub:5469
2803,train,cub:5472
2805,train,cub:5475
2807,train,cub:5481
2808,train,cub:5482
2809,train,cub:5484
2810,train,cub:5486
2811,train,cub:5490
2812,train,cub:5492
2813,train,cub:5493
2814,train,cub:5495
2815,train,cub:5498
2816,train,cub:5500
2818,train,cub:5503
2819,train,cub:5504
2821,train,cub:5511
2822,train,cub:5512
2823,train,cub:5513
2824,train,cub:5514
2826,train,cub:5517
2827,train,cub:5518
2828,train,cub:5522
2829,train,cub:5523
2830,train,cub:5526
2832,train,cub:5534
2833,train,cub:5535
2834,train,cub:5540
2835,train,cub:5543
2836,train,cub:5545
2837,train,cub:5549
2838,train,cub:5553
2840,train,cub:5556
2841,train,cub:5557
2842,train,cub:5558
2843,train,cub:5559
2845,train,cub:5561
2846,train,cub:5562
2848,train,cub:5564
2849,train,cub:5565
2850,train,cub:5566
2851,train,cub:5573
2852,train,cub:5577
2853,train,cub:5579
2855,train,cub:5582
2856,train,cub:5583
2857,train,cub:5584
2858,train,cub:5586
2859,train,cub:5587
2860,train,cub:5590
2861,train,cub:5592
2862,train,cub:5593
2863,train,cub:5594
2865,train,cub:5596
2866,train,cub:5599
2867,train,cub:5600
2868,train,cub:5601
2869,train,cub:5603
2870,train,cub:5604
2871,train,cub:5606
2872,train,cub:5607
2874,train,cub:5611
2875,train,cub:5612
2876,train,cub:5618
2880,train,cub:5628
2882,train,cub:5630
2884,train,cub:5635
2885,train,cub:5636
2886,train,cub:5637
2887,train,cub:5641
2888,train,cub:5642
2889,train,cub:5643
2890,train,cub:5646
2891,train,cub:5648
2892,train,cub:5651
2893,train,cub:5655
2895,train,cub:5658
2897,train,cub:5662
2898,train,cub:5663
2899,train,cub:5666
2901,train,cub:5671
2902,train,cub:5673
2903,train,cub:5674
2904,train,cub:5675
2905,train,cub:5676
2906,train,cub:5678
2907,train,cub:5680
2909,train,cub:5684
2910,train,cub:5688
2911,train,cub:5689
2912,train,cub:5690
2913,train,cub:5691
2914,train,cub:5695
2915,train,cub:5696
2916,train,cub:5698
2918,train,cub:5701
2919,train,cub:5702
2921,train,cub:5705
2922,train,cub:5708
2923,train,cub:5709
2925,train,cub:5713
2926,train,cub:5716
2927,train,cub:5718
2928,train,cub:5720
2929,train,cub:5721
2931,train,cub:5724
2932,train,cub:5726
2934,train,cub:5729
2936,train,cub:5733
2937,train,cub:5737
2938,train,cub:5743
2939,train,cub:5744
2940,train,cub:5745
2941,train,cub:5747
2942,train,cub:5750
2943,train,cub:5754
2944,train,cub:5756
2946,train,cub:5761
2947,train,cub:5762
2948,train,cub:5764
2949,train,cub:5765
2950,train,cub:5770
2953,train,cub:5773
2954,train,cub:5776
2955,train,cub:5778
2956,train,cub:5779
2957,train,cub:5780
2958,train,cub:5781
2959,train,cub:5782
2961,train,cub:5790
2962,train,cub:5792
2963,train,cub:5793
2966,train,cub:5800
2967,train,cub:5802
2968,train,cub:5803
2969,train,cub:5804
2970,train,cub:5811
2971,train,cub:5812
2972,train,cub:5819
2973,train,cub:5821
2975,train,cub:5824
2977,train,cub:5826
2978,train,cub:5827
2979,train,cub:5828
2980,train,cub:5830
2981,train,cub:5831
2982,train,cub:5832
2984,train,cub:5834
2986,train,cub:5836
2988,train,cub:5840
2990,train,cub:5842
2991,train,cub:5844
2992,train,cub:5845
2993,train,cub:5849
2994,train,cub:5850
2995,train,cub:5851
2996,train,cub:5852
2997,train,cub:5857
2998,train,cub:5860
2999,train,cub:5864
3001,train,cub:5869
3002,train,cub:5872
3003,train,cub:5874
3004,train,cub:5875
3005,train,cub:5876
3007,train,cub:5879
3009,train,cub:5881
3010,train,cub:5882
3011,train,cub:5883
3012,train,cub:5887
3013,train,cub:5888
3014,train,cub:5890
3015,train,cub:5891
3016,train,cub:5892
3019,train,cub:5896
3021,train,cub:5900
3022,train,cub:5902
3023,train,cub:5904
3024,train,cub:5906
3025,train,cub:5908
3026,train,cub:5910
3027,train,cub:5912
3028,train,cub:5913
3029,train,cub:5914
3030,train,cub:5916
3031,train,cub:5919
3032,train,cub:5922
3033,train,cub:5930
3035,train,cub:5932
3036,train,cub:5934
3037,train,cub:5935
3038,train,cub:5937
3039,train,cub:5939
3041,train,cub:5945
3044,train,cub:5948
3046,train,cub:5951
3047,train,cub:5953
3048,train,cub:5956
3049,train,cub:5957
3050,train,cub:5958
3051,train,cub:5960
3052,train,cub:5961
3053,train,cub:5962
3054,train,cub:5963
3055,train,cub:5964
3056,train,cub:5966
3058,train,cub:5968
3059,train,cub:5970
3061,train,cub:5979
3062,train,cub:5980
3063,train,cub:5981
3067,train,cub:5992
3068,train,cub:5994
3069,train,cub:5995
3070,train,cub:5997
3071,train,cub:6000
3072,train,cub:6003
3073,train,cub:6004
3074,train,cub:6006
3075,train,cub:6007
3076,train,cub:6008
3077,train,cub:6017
3078,train,cub:6018
3080,train,cub:6021
3081,train,cub:6022
3082,train,cub:6023
3083,train,cub:6024
3085,train,cub:6026
3086,train,cub:6027
3087,train,cub:6028
3088,train,cub:6031
3089,train,cub:6034
3090,train,cub:6035
3091,train,cub:6037
3094,train,cub:6041
3095,train,cub:6042
3096,train,cub:6043
3097,train,cub:6044
3098,train,cub:6046
3099,train,cub:6052
3101,train,cub:6058
3102,train,cub:6059
3103,train,cub:6060
3104,train,cub:6061
3105,train,cub:6063
3106,train,cub:6064
3107,train,cub:6066
3108,train,cub:6068
3111,train,cub:6075
3112,train,cub:6079
3113,train,cub:6080
3114,train,cub:6081
3115,train,cub:6082
3116,train,cub:6083
3117,train,cub:6085
3119,train,cub:6094
3120,train,cub:6095
3122,train,cub:6097
3124,train,cub:6102
3125,train,cub:6103
3126,train,cub:6108
3127,train,cub:6109
3128,train,cub:6110
3129,train,cub:6111
3130,train,cub:6117
3131,train,cub:6118
3133,train,cub:6121
3134,train,cub:6122
3136,train,cub:6126
3137,train,cub:6127
3138,train,cub:6128
3139,train,cub:6130
3140,train,cub:6131
3141,train,cub:6132
3142,train,cub:6133
3145,train,cub:6137
3146,train,cub:6139
3147,train,cub:6140
3148,train,cub:6142
3149,train,cub:6143
3150,train,cub:6144
3151,train,cub:6146
3152,train,cub:6149
3153,train,cub:6151
3154,train,cub:6154
3155,train,cub:6156
3156,train,cub:6166
3157,train,cub:6167
3160,train,cub:6171
3161,train,cub:6172
3162,train,cub:6175
3164,train,cub:6178
3165,train,cub:6179
3167,train,cub:6181
3168,train,cub:6182
3169,train,cub:6183
3171,train,cub:6185
3172,train,cub:6186
3173,train,cub:6188
3174,train,cub:6189
3175,train,cub:6190
3176,train,cub:6191
3177,train,cub:6194
3179,train,cub:6203
3180,train,cub:6208
3181,train,cub:6213
3183,train,cub:6216
3184,train,cub:6218
3185,train,cub:6219
3186,train,cub:6220
3187,train,cub:6223
3188,train,cub:6224
3189,train,cub:6228
3190,train,cub:6230
3191,train,cub:6233
3192,train,cub:6235
3193,train,cub:6237
3194,train,cub:6238
3195,train,cub:6239
3197,train,cub:6242
3198,train,cub:6243
3199,train,cub:6246
3200,train,cub:6247
3201,train,cub:6248
3202,train,cub:6249
3204,train,cub:6251
3206,train,cub:6257
3207,train,cub:6258
3210,train,cub:6265
3211,train,cub:6267
3213,train,cub:6273
3214,train,cub:6275
3215,train,cub:6277
3216,train,cub:6280
3217,train,cub:6283
3218,train,cub:6285
3219,train,cub:6287
3220,train,cub:6288
3222,train,cub:6291
3223,train,cub:6292
3224,train,cub:6294
3225,train,cub:6295
3226,train,cub:6296
3227,train,cub:6301
3228,train,cub:6302
3229,train,cub:6303
3231,train,cub:6306
3232,train,cub:6309
3233,train,cub:6311
3234,train,cub:6312
3235,train,cub:6316
3237,train,cub:6319
3240,train,cub:6326
3242,train,cub:6330
3243,train,cub:6335
3244,train,cub:6336
3245,train,cub:6337
3246,train,cub:6338
3249,train,cub:6347
3250,train,cub:6348
3251,train,cub:6349
3252,train,cub:6350
3253,train,cub:6351
3254,train,cub:6352
3255,train,cub:6353
3256,train,cub:6357
3257,train,cub:6358
3258,train,cub:6360
3260,train,cub:6362
3261,train,cub:6363
3263,train,cub:6366
3264,train,cub:6370
3265,train,cub:6372
3266,train,cub:6373
3267,train,cub:6377
3268,train,cub:6381
3269,train,cub:6383
3270,train,cub:6386
3271,train,cub:6387
3272,train,cub:6388
3273,train,cub:6390
3274,train,cub:6391
3276,train,cub:6393
3278,train,cub:6395
3279,train,cub:6399
3281,train,cub:6403
3282,train,cub:6404
3283,train,cub:6407
3284,train,cub:6411
3286,train,cub:6416
3288,train,cub:6418
3289,train,cub:6421
3290,train,cub:6423
3291,train,cub:6427
3292,train,cub:6429
3293,train,cub:6433
3294,train,cub:6435
3295,train,cub:6436
3296,train,cub:6439
3297,train,cub:6440
3300,train,cub:6444
3301,train,cub:6446
3303,train,cub:6448
3304,train,cub:6452
3305,train,cub:6455
3306,train,cub:6457
3307,train,cub:6458
3308,train,cub:6460
3309,train,cub:6461
3310,train,cub:6462
3311,train,cub:6464
3312,train,cub:6465
3313,train,cub:6470
3314,train,cub:6471
3315,train,cub:6475
3316,train,cub:6477
3317,train,cub:6478
3319,train,cub:6480
3321,train,cub:6483
3322,train,cub:6488
3323,train,cub:6489
3325,train,cub:6491
3326,train,cub:6496
3327,train,cub:6500
3329,train,cub:6503
3331,train,cub:6507
3332,train,cub:6508
3333,train,cub:6510
3335,train,cub:6514
3336,train,cub:6515
3337,train,cub:6518
3338,train,cub:6520
3339,train,cub:6523
3340,train,cub:6529
3342,train,cub:6532
3343,train,cub:6533
3344,train,cub:6534
3345,train,cub:6535
3346,train,cub:6536
3347,train,cub:6538
3348,train,cub:6539
3349,train,cub:6540
3350,train,cub:6543
3351,train,cub:6544
3353,train,cub:6547
3355,train,cub:6555
3357,train,cub:6560
3358,train,cub:6562
3359,train,cub:6563
3362,train,cub:6566
3363,train,cub:6567
3364,train,cub:6568
3365,train,cub:6570
3366,train,cub:6572
3367,train,cub:6573
3369,train,cub:6580
3371,train,cub:6586
3372,train,cub:6587
3373,train,cub:6588
3374,train,cub:6590
3375,train,cub:6591
3376,train,cub:6592
3377,train,cub:6597
3379,train,cub:6599
3380,train,cub:6600
3381,train,cub:6603
3383,train,cub:6605
3384,train,cub:6606
3385,train,cub:6607
3386,train,cub:6610
3387,train,cub:6611
3388,train,cub:6612
3389,train,cub:6614
3390,train,cub:6617
3391,train,cub:6622
3393,train,cub:6627
3394,train,cub:6629
3395,train,cub:6631
3396,train,cub:6632
3397,train,cub:6633
3398,train,cub:6634
3399,train,cub:6635
3401,train,cub:6638
3402,train,cub:6639
3403,train,cub:6641
3404,train,cub:6644
3405,train,cub:6647
3406,train,cub:6649
3407,train,cub:6651
3408,train,cub:6654
3409,train,cub:6655
3411,train,cub:6661
3412,train,cub:6662
3413,train,cub:6663
3414,train,cub:6664
3417,train,cub:6668
3419,train,cub:6674
3420,train,cub:6675
3421,train,cub:6676
3422,train,cub:6678
3424,train,cub:6681
3426,train,cub:6683
3427,train,cub:6685
3428,train,cub:6686
3429,train,cub:6687
3430,train,cub:6690
3431,train,cub:6694
3433,train,cub:6698
3434,train,cub:6699
3435,train,cub:6700
3436,train,cub:6702
3437,train,cub:6705
3440,train,cub:6714
3441,train,cub:6715
3442,train,cub:6721
3443,train,cub:6725
3444,train,cub:6726
3445,train,cub:6727
3446,train,cub:6728
3447,train,cub:6729
3449,train,cub:6732
3451,train,cub:6736
3452,train,cub:6739
3453,train,cub:6741
3454,train,cub:6743
3455,train,cub:6749
3456,train,cub:6751
3457,train,cub:6752
3458,train,cub:6753
3459,train,cub:6754
3460,train,cub:6756
3461,train,cub:6757
3464,train,cub:6764
3465,train,cub:6768
3466,train,cub:6770
3467,train,cub:6771
3469,train,cub:6773
3470,train,cub:6774
3471,train,cub:6775
3473,train,cub:6777
3474,train,cub:6779
3475,train,cub:6781
3476,train,cub:6782
3477,train,cub:6786
3480,train,cub:6794
3483,train,cub:6803
3484,train,cub:6804
3485,train,cub:6805
3486,train,cub:6809
3487,train,cub:6810
3488,train,cub:6811
3490,train,cub:6817
3493,train,cub:6820
3494,train,cub:6821
3495,train,cub:6822
3496,train,cub:6823
3497,train,cub:6825
3498,train,cub:6828
3499,train,cub:6829
3500,train,cub:6832
3501,train,cub:6834
3502,train,cub:6835
3503,train,cub:6838
3504,train,cub:6840
3505,train,cub:6845
3506,train,cub:6847
3507,train,cub:6848
3508,train,cub:6849
3509,train,cub:6854
3510,train,cub:6857
3511,train,cub:6858
3513,train,cub:6863
3514,train,cub:6864
3516,train,cub:6869
3517,train,cub:6871
3518,train,cub:6873
3519,train,cub:6874
3520,train,cub:6876
3521,train,cub:6877
3522,train,cub:6878
3524,train,cub:6880
3525,train,cub:6882
3526,train,cub:6885
3527,train,cub:6886
3528,train,cub:6887
3531,train,cub:6891
3532,train,cub:6892
3533,train,cub:6896
3534,train,cub:6899
3536,train,cub:6905
3537,train,cub:6907
3538,train,cub:6909
3539,train,cub:6914
3540,train,cub:6915
3541,train,cub:6916
3542,train,cub:6918
3543,train,cub:6919
3545,train,cub:6925
3546,train,cub:6926
3547,train,cub:6927
3548,train,cub:6929
3549,train,cub:6930
3550,train,cub:6933
3551,train,cub:6934
3552,train,cub:6935
3553,train,cub:6937
3555,train,cub:6943
3556,train,cub:6944
3559,train,cub:6950
3561,train,cub:6955
3562,train,cub:6956
3563,train,cub:6958
3564,train,cub:6959
3565,train,cub:6961
3567,train,cub:6968
3568,train,cub:6969
3569,train,cub:6971
3570,train,cub:6974
3571,train,cub:6979
3572,train,cub:6980
3573,train,cub:6983
3574,train,cub:6984
3576,train,cub:6986
3577,train,cub:6987
3578,train,cub:6988
3579,train,cub:6989
3580,train,cub:6990
3581,train,cub:6993
3583,train,cub:6995
3584,train,cub:6998
3585,train,cub:7001
3586,train,cub:7002
3587,train,cub:7003
3589,train,cub:7006
3590,train,cub:7008
3591,train,cub:7014
3594,train,cub:7022
3595,train,cub:7023
3596,train,cub:7024
3598,train,cub:7029
3599,train,cub:7031
3600,train,cub:7035
3601,train,cub:7038
3602,train,cub:7039
3603,train,cub:7042
3605,train,cub:7045
3606,train,cub:7046
3607,train,cub:7049
3608,train,cub:7050
3610,train,cub:7053
3611,train,cub:7055
3613,train,cub:7059
3614,train,cub:7063
3615,train,cub:7066
3616,train,cub:7070
3617,train,cub:7071
3618,train,cub:7074
3619,train,cub:7075
3621,train,cub:7077
3622,train,cub:7079
3623,train,cub:7080
3625,train,cub:7084
3627,train,cub:7088
3628,train,cub:7089
3629,train,cub:7090
3630,train,cub:7093
3631,train,cub:7097
3632,train,cub:7098
3633,train,cub:7099
3634,train,cub:7101
3635,train,cub:7103
3636,train,cub:7106
3637,train,cub:7107
3639,train,cub:7109
3640,train,cub:7111
3641,train,cub:7113
3642,train,cub:7116
3643,train,cub:7117
3644,train,cub:7120
3647,train,cub:7127
3648,train,cub:7129
3650,train,cub:7136
3651,train,cub:7139
3652,train,cub:7141
3654,train,cub:7143
3656,train,cub:7145
3657,train,cub:7146
3658,train,cub:7147
3659,train,cub:7151
3660,train,cub:7152
3661,train,cub:7154
3662,train,cub:7156
3665,train,cub:7161
3666,train,cub:7163
3667,train,cub:7164
3668,train,cub:7166
3669,train,cub:7168
3671,train,cub:7178
3672,train,cub:7179
3673,train,cub:7180
3676,train,cub:7187
3677,train,cub:7188
3679,train,cub:7194
3680,train,cub:7195
3681,train,cub:7197
3682,train,cub:7200
3683,train,cub:7201
3684,train,cub:7202
3685,train,cub:7203
3686,train,cub:7205
3687,train,cub:7207
3688,train,cub:7208
3689,train,cub:7211
3691,train,cub:7215
3692,train,cub:7216
3693,train,cub:7217
3695,train,cub:7220
3696,train,cub:7221
3697,train,cub:7227
3698,train,cub:7229
3699,train,cub:7230
3700,train,cub:7231
3701,train,cub:7232
3702,train,cub:7234
3703,train,cub:7235
3704,train,cub:7238
3705,train,cub:7243
3706,train,cub:7245
3708,train,cub:7250
3709,train,cub:7254
3710,train,cub:7256
3711,train,cub:7258
3712,train,cub:7259
3713,train,cub:7260
3717,train,cub:7267
3718,train,cub:7268
3720,train,cub:7272
3721,train,cub:7274
3722,train,cub:7275
3723,train,cub:7276
3727,train,cub:7287
3728,train,cub:7288
3729,train,cub:7290
3730,train,cub:7294
3731,train,cub:7295
3732,train,cub:7296
3734,train,cub:7300
3736,train,cub:7304
3737,train,cub:7305
3738,train,cub:7307
3739,train,cub:7308
3740,train,cub:7312
3741,train,cub:7316
3742,train,cub:7318
3743,train,cub:7320
3744,train,cub:7322
3745,train,cub:7323
3746,train,cub:7324
3747,train,cub:7325
3748,train,cub:7327
3750,train,cub:7332
3751,train,cub:7333
3752,train,cub:7334
3753,train,cub:7336
3754,train,cub:7337
3755,train,cub:7339
3756,train,cub:7343
3757,train,cub:7345
3758,train,cub:7348
3759,train,cub:7353
3760,train,cub:7359
3761,train,cub:7360
3763,train,cub:7363
3764,train,cub:7364
3765,train,cub:7366
3766,train,cub:7367
3767,train,cub:7368
3768,train,cub:7370
3769,train,cub:7371
3773,train,cub:7377
3774,train,cub:7378
3775,train,cub:7380
3776,train,cub:7381
3778,train,cub:7390
3779,train,cub:7392
3780,train,cub:7393
3781,train,cub:7397
3782,train,cub:7399
3783,train,cub:7401
3785,train,cub:7406
3788,train,cub:7411
3789,train,cub:7412
3791,train,cub:7416
3792,train,cub:7417
3793,train,cub:7419
3794,train,cub:7420
3795,train,cub:7423
3796,train,cub:7426
3797,train,cub:7427
3799,train,cub:7430
3800,train,cub:7432
3801,train,cub:7433
3802,train,cub:7435
3803,train,cub:7437
3804,train,cub:7438
3806,train,cub:7444
3807,train,cub:7445
3808,train,cub:7448
3809,train,cub:7453
3811,train,cub:7456
3813,train,cub:7460
3814,train,cub:7461
3815,train,cub:7462
3816,train,cub:7464
3817,train,cub:7465
3818,train,cub:7467
3819,train,cub:7468
3821,train,cub:7471
3822,train,cub:7472
3823,train,cub:7474
3824,train,cub:7480
3825,train,cub:7482
3826,train,cub:7484
3829,train,cub:7490
3830,train,cub:7491
3831,train,cub:7493
3832,train,cub:7495
3833,train,cub:7496
3835,train,cub:7501
3836,train,cub:7503
3837,train,cub:7504
3838,train,cub:7508
3839,train,cub:7513
3840,train,cub:7514
3841,train,cub:7515
3842,train,cub:7517
3843,train,cub:7519
3845,train,cub:7524
3846,train,cub:7525
3848,train,cub:7528
3849,train,cub:7530
3850,train,cub:7534
3851,train,cub:7535
3852,train,cub:7536
3853,train,cub:7541
3854,train,cub:7542
3858,train,cub:7547
3859,train,cub:7549
3860,train,cub:7551
3861,train,cub:7554
3862,train,cub:7555
3863,train,cub:7556
3865,train,cub:7563
3866,train,cub:7564
3867,train,cub:7566
3870,train,cub:7569
3871,train,cub:7570
3872,train,cub:7571
3873,train,cub:7572
3874,train,cub:7575
3875,train,cub:7578
3877,train,cub:7584
3879,train,cub:7590
3880,train,cub:7592
3881,train,cub:7594
3882,train,cub:7595
3883,train,cub:7598
3884,train,cub:7599
3885,train,cub:7600
3886,train,cub:7604
3887,train,cub:7605
3888,train,cub:7608
3889,train,cub:7610
3890,train,cub:7612
3891,train,cub:7616
3892,train,cub:7617
3893,train,cub:7618
3895,train,cub:7621
3896,train,cub:7624
3898,train,cub:7627
3899,train,cub:7628
3900,train,cub:7632
3901,train,cub:7633
3903,train,cub:7635
3904,train,cub:7639
3906,train,cub:7643
3908,train,cub:7648
3909,train,cub:7649
3910,train,cub:7652
3911,train,cub:7653
3912,train,cub:7654
3914,train,cub:7657
3915,train,cub:7658
3916,train,cub:7662
3918,train,cub:7665
3919,train,cub:7666
3920,train,cub:7670
3921,train,cub:7673
3922,train,cub:7676
3923,train,cub:7677
3924,train,cub:7678
3926,train,cub:7685
3927,train,cub:7686
3928,train,cub:7687
3929,train,cub:7688
3930,train,cub:7690
3931,train,cub:7691
3932,train,cub:7694
3933,train,cub:7695
3935,train,cub:7698
3936,train,cub:7699
3937,train,cub:7700
3938,train,cub:7702
3939,train,cub:7703
3940,train,cub:7704
3941,train,cub:7706
3944,train,cub:7711
3945,train,cub:7713
3947,train,cub:7717
3948,train,cub:7718
3951,train,cub:7729
3952,train,cub:7731
3953,train,cub:7732
3954,train,cub:7740
3955,train,cub:7741
3956,train,cub:7742
3957,train,cub:7744
3958,train,cub:7750
3960,train,cub:7752
3962,train,cub:7758
3963,train,cub:7759
3964,train,cub:7760
3965,train,cub:7761
3966,train,cub:7763
3967,train,cub:7764
3968,train,cub:7765
3970,train,cub:7767
3971,train,cub:7770
3972,train,cub:7773
3973,train,cub:7774
3974,train,cub:7779
3975,train,cub:7780
3976,train,cub:7784
3977,train,cub:7788
3978,train,cub:7789
3979,train,cub:7790
3980,train,cub:7791
3982,train,cub:7795
3983,train,cub:7797
3984,train,cub:7798
3987,train,cub:7804
3988,train,cub:7810
3989,train,cub:7811
3990,train,cub:7814
3991,train,cub:7816
3992,train,cub:7817
3993,train,cub:7818
3994,train,cub:7821
3995,train,cub:7823
3997,train,cub:7826
3998,train,cub:7827
3999,train,cub:7828
4001,train,cub:7832
4002,train,cub:7833
4003,train,cub:7834
4005,train,cub:7837
4006,train,cub:7838
4008,train,cub:7843
4009,train,cub:7844
4010,train,cub:7845
4011,train,cub:7846
4012,train,cub:7847
4013,train,cub:7848
4014,train,cub:7850
4016,train,cub:7855
4018,train,cub:7867
4019,train,cub:7868
4020,train,cub:7869
4022,train,cub:7871
4023,train,cub:7872
4024,train,cub:7873
4025,train,cub:7875
4026,train,cub:7876
4027,train,cub:7878
4028,train,cub:7880
4029,train,cub:7881
4030,train,cub:7883
4031,train,cub:7885
4032,train,cub:7886
4033,train,cub:7890
4034,train,cub:7892
4035,train,cub:7896
4036,train,cub:7898
4037,train,cub:7899
4040,train,cub:7905
4041,train,cub:7910
4042,train,cub:7911
4045,train,cub:7916
4047,train,cub:7929
4048,train,cub:7930
4049,train,cub:7934
4050,train,cub:7935
4052,train,cub:7937
4054,train,cub:7939
4056,train,cub:7941
4057,train,cub:7945
4058,train,cub:7946
4059,train,cub:7948
4060,train,cub:7954
4061,train,cub:7957
4062,train,cub:7958
4063,train,cub:7959
4064,train,cub:7960
4065,train,cub:7961
4067,train,cub:7964
4069,train,cub:7968
4070,train,cub:7969
4071,train,cub:7972
4072,train,cub:7976
4073,train,cub:7977
4075,train,cub:7982
4076,train,cub:7983
4077,train,cub:7988
4078,train,cub:7992
4079,train,cub:7993
4080,train,cub:7995
4081,train,cub:7997
4083,train,cub:8001
4084,train,cub:8002
4086,train,cub:8006
4088,train,cub:8008
4089,train,cub:8010
4092,train,cub:8016
4093,train,cub:8018
4094,train,cub:8019
4095,train,cub:8020
4096,train,cub:8023
4097,train,cub:8024
4098,train,cub:8026
4099,train,cub:8031
4100,train,cub:8034
4101,train,cub:8035
4103,train,cub:8041
4104,train,cub:8042
4105,train,cub:8043
4106,train,cub:8044
4107,train,cub:8046
4108,train,cub:8047
4109,train,cub:8048
4110,train,cub:8052
4111,train,cub:8053
4112,train,cub:8055
4114,train,cub:8060
4116,train,cub:8064
4117,train,cub:8065
4118,train,cub:8066
4119,train,cub:8067
4120,train,cub:8070
4121,train,cub:8074
4122,train,cub:8075
4124,train,cub:8078
4125,train,cub:8083
4126,train,cub:8085
4127,train,cub:8089
4130,train,cub:8094
4131,train,cub:8096
4132,train,cub:8099
4133,train,cub:8101
4135,train,cub:8103
4136,train,cub:8104
4138,train,cub:8110
4139,train,cub:8112
4140,train,cub:8113
4142,train,cub:8115
4143,train,cub:8116
4144,train,cub:8117
4145,train,cub:8120
4146,train,cub:8121
4147,train,cub:8123
4148,train,cub:8125
4149,train,cub:8127
4150,train,cub:8129
4151,train,cub:8131
4152,train,cub:8132
4153,train,cub:8133
4155,train,cub:8141
4157,train,cub:8144
4158,train,cub:8145
4159,train,cub:8146
4160,train,cub:8147
4161,train,cub:8151
4163,train,cub:8158
4164,train,cub:8160
4166,train,cub:8163
4168,train,cub:8169
4169,train,cub:8170
4170,train,cub:8172
4171,train,cub:8177
4173,train,cub:8179
4174,train,cub:8180
4175,train,cub:8181
4177,train,cub:8187
4178,train,cub:8191
4179,train,cub:8192
4180,train,cub:8193
4181,train,cub:8194
4183,train,cub:8201
4184,train,cub:8202
4185,train,cub:8203
4186,train,cub:8205
4187,train,cub:8206
4188,train,cub:8208
4189,train,cub:8209
4190,train,cub:8211
4191,train,cub:8212
4192,train,cub:8214
4194,train,cub:8218
4196,train,cub:8221
4197,train,cub:8226
4198,train,cub:8229
4200,train,cub:8231
4201,train,cub:8233
4202,train,cub:8236
4203,train,cub:8237
4204,train,cub:8239
4205,train,cub:8240
4206,train,cub:8241
4207,train,cub:8245
4209,train,cub:8250
4210,train,cub:8251
4213,train,cub:8258
4214,train,cub:8259
4215,train,cub:8263
4216,train,cub:8264
4217,train,cub:8265
4218,train,cub:8267
4219,train,cub:8269
4220,train,cub:8271
4222,train,cub:8276
4223,train,cub:8279
4225,train,cub:8281
4226,train,cub:8286
4227,train,cub:8287
4228,train,cub:8288
4229,train,cub:8289
4231,train,cub:8291
4232,train,cub:8292
4234,train,cub:8295
4235,train,cub:8297
4236,train,cub:8299
4237,train,cub:8301
4238,train,cub:8302
4239,train,cub:8303
4240,train,cub:8305
4242,train,cub:8309
4243,train,cub:8312
4244,train,cub:8321
4246,train,cub:8323
4247,train,cub:8324
4248,train,cub:8329
4249,train,cub:8335
4250,train,cub:8336
4251,train,cub:8337
4253,train,cub:8340
4255,train,cub:8343
4256,train,cub:8344
4257,train,cub:8350
4258,train,cub:8354
4259,train,cub:8355
4260,train,cub:8358
4261,train,cub:8361
4262,train,cub:8363
4264,train,cub:8368
4265,train,cub:8369
4266,train,cub:8370
4268,train,cub:8373
4269,train,cub:8374
4272,train,cub:8378
4273,train,cub:8379
4274,train,cub:8381
4275,train,cub:8384
4276,train,cub:8385
4278,train,cub:8391
4279,train,cub:8392
4281,train,cub:8398
4282,train,cub:8400
4283,train,cub:8401
4284,train,cub:8402
4285,train,cub:8403
4286,train,cub:8405
4287,train,cub:8406
4288,train,cub:8407
4289,train,cub:8408
4293,train,cub:8413
4294,train,cub:8415
4296,train,cub:8419
4297,train,cub:8422
4298,train,cub:8427
4299,train,cub:8429
4300,train,cub:8430
4301,train,cub:8431
4302,train,cub:8435
4303,train,cub:8436
4305,train,cub:8441
4307,train,cub:8449
4308,train,cub:8450
4309,train,cub:8452
4310,train,cub:8453
4311,train,cub:8456
4312,train,cub:8458
4313,train,cub:8459
4314,train,cub:8460
4315,train,cub:8462
4316,train,cub:8466
4317,train,cub:8470
4318,train,cub:8471
4319,train,cub:8472
4321,train,cub:8479
4322,train,cub:8480
4323,train,cub:8482
4324,train,cub:8483
4325,train,cub:8484
4326,train,cub:8486
4327,train,cub:8491
4328,train,cub:8494
4330,train,cub:8498
4332,train,cub:8500
4334,train,cub:8510
4335,train,cub:8512
4336,train,cub:8513
4337,train,cub:8514
4340,train,cub:8517
4341,train,cub:8518
4342,train,cub:8520
4343,train,cub:8521
4344,train,cub:8522
4345,train,cub:8523
4346,train,cub:8526
4349,train,cub:8533
4350,train,cub:8534
4351,train,cub:8536
4353,train,cub:8543
4354,train,cub:8544
4355,train,cub:8545
4356,train,cub:8548
4358,train,cub:8550
4360,train,cub:8553
4361,train,cub:8556
4363,train,cub:8559
4364,train,cub:8562
4365,train,cub:8564
4366,train,cub:8566
4367,train,cub:8567
4368,train,cub:8568
4369,train,cub:8569
4370,train,cub:8570
4371,train,cub:8572
4372,train,cub:8574
4373,train,cub:8576
4374,train,cub:8579
4375,train,cub:8583
4376,train,cub:8584
4378,train,cub:8587
4379,train,cub:8588
4381,train,cub:8592
4382,train,cub:8597
4383,train,cub:8598
4384,train,cub:8599
4385,train,cub:8602
4386,train,cub:8603
4388,train,cub:8606
4389,train,cub:8607
4390,train,cub:8609
4393,train,cub:8615
4394,train,cub:8616
4395,train,cub:8621
4396,train,cub:8625
4397,train,cub:8626
4398,train,cub:8632
4399,train,cub:8635
4400,train,cub:8636
4401,train,cub:8637
4403,train,cub:8641
4404,train,cub:8642
4405,train,cub:8643
4406,train,cub:8646
4407,train,cub:8647
4408,train,cub:8648
4409,train,cub:8650
4410,train,cub:8653
4411,train,cub:8656
4412,train,cub:8657
4413,train,cub:8661
4417,train,cub:8668
4418,train,cub:8670
4419,train,cub:8671
4420,train,cub:8673
4421,train,cub:8674
4423,train,cub:8677
4424,train,cub:8679
4425,train,cub:8681
4426,train,cub:8683
4427,train,cub:8685
4428,train,cub:8687
4429,train,cub:8688
4430,train,cub:8689
4433,train,cub:8701
4434,train,cub:8702
4435,train,cub:8703
4436,train,cub:8704
4437,train,cub:8707
4438,train,cub:8708
4439,train,cub:8710
4440,train,cub:8711
4441,train,cub:8714
4442,train,cub:8716
4444,train,cub:8718
4445,train,cub:8721
4446,train,cub:8724
4448,train,cub:8728
4449,train,cub:8730
4450,train,cub:8731
4451,train,cub:8732
4454,train,cub:8736
4455,train,cub:8738
4456,train,cub:8744
4457,train,cub:8745
4458,train,cub:8746
4459,train,cub:8750
4461,train,cub:8754
4462,train,cub:8755
4463,train,cub:8756
4465,train,cub:8761
4467,train,cub:8765
4469,train,cub:8767
4471,train,cub:8770
4472,train,cub:8772
4473,train,cub:8773
4474,train,cub:8774
4475,train,cub:8781
4476,train,cub:8782
4477,train,cub:8786
4478,train,cub:8787
4479,train,cub:8790
4480,train,cub:8792
4481,train,cub:8794
4482,train,cub:8798
4483,train,cub:8799
4484,train,cub:8800
4485,train,cub:8801
4486,train,cub:8804
4487,train,cub:8805
4489,train,cub:8810
4491,train,cub:8814
4493,train,cub:8816
4494,train,cub:8819
4495,train,cub:8820
4496,train,cub:8823
4497,train,cub:8824
4498,train,cub:8828
4499,train,cub:8829
4500,train,cub:8830
4501,train,cub:8831
4503,train,cub:8833
4504,train,cub:8835
4505,train,cub:8836
4508,train,cub:8839
4509,train,cub:8842
4510,train,cub:8843
4511,train,cub:8845
4512,train,cub:8847
4513,train,cub:8848
4514,train,cub:8851
4515,train,cub:8852
4516,train,cub:8853
4520,train,cub:8863
4521,train,cub:8866
4522,train,cub:8868
4523,train,cub:8869
4524,train,cub:8870
4525,train,cub:8871
4526,train,cub:8875
4527,train,cub:8877
4529,train,cub:8881
4530,train,cub:8884
4531,train,cub:8885
4533,train,cub:8889
4534,train,cub:8893
4535,train,cub:8894
4536,train,cub:8896
4537,train,cub:8901
4539,train,cub:8903
4540,train,cub:8907
4541,train,cub:8908
4542,train,cub:8911
4543,train,cub:8912
4544,train,cub:8913
4545,train,cub:8914
4546,train,cub:8915
4548,train,cub:8917
4549,train,cub:8918
4550,train,cub:8924
4551,train,cub:8925
4553,train,cub:8928
4554,train,cub:8929
4556,train,cub:8935
4557,train,cub:8938
4558,train,cub:8941
4559,train,cub:8943
4560,train,cub:8944
4562,train,cub:8948
4563,train,cub:8949
4564,train,cub:8951
4565,train,cub:8953
4566,train,cub:8954
4567,train,cub:8955
4569,train,cub:8958
4570,train,cub:8961
4571,train,cub:8962
4572,train,cub:8963
4574,train,cub:8966
4575,train,cub:8970
4576,train,cub:8972
4577,train,cub:8974
4578,train,cub:8975
4580,train,cub:8982
4581,train,cub:8983
4582,train,cub:8985
4585,train,cub:8991
4586,train,cub:8997
4587,train,cub:9000
4589,train,cub:9005
4590,train,cub:9006
4591,train,cub:9012
4592,train,cub:9014
4593,train,cub:9017
4594,train,cub:9018
4595,train,cub:9019
4596,train,cub:9020
4597,train,cub:9021
4598,train,cub:9022
4599,train,cub:9023
4600,train,cub:9024
4603,train,cub:9029
4605,train,cub:9031
4606,train,cub:9032
4607,train,cub:9035
4608,train,cub:9036
4609,train,cub:9037
4611,train,cub:9040
4613,train,cub:9042
4614,train,cub:9043
4615,train,cub:9051
4616,train,cub:9055
4617,train,cub:9058
4618,train,cub:9059
4619,train,cub:9060
4620,train,cub:9062
4622,train,cub:9065
4624,train,cub:9068
4625,train,cub:9070
4629,train,cub:9080
4631,train,cub:9086
4632,train,cub:9087
4633,train,cub:9089
4634,train,cub:9090
4635,train,cub:9091
4636,train,cub:9092
4637,train,cub:9093
4638,train,cub:9094
4639,train,cub:9100
4640,train,cub:9101
4641,train,cub:9104
4642,train,cub:9105
4643,train,cub:9106
4644,train,cub:9107
4645,train,cub:9112
4646,train,cub:9115
4647,train,cub:9116
4649,train,cub:9118
4650,train,cub:9119
4651,train,cub:9120
4652,train,cub:9122
4653,train,cub:9123
4654,train,cub:9125
4656,train,cub:9129
4657,train,cub:9134
4658,train,cub:9138
4659,train,cub:9142
4660,train,cub:9143
4662,train,cub:9145
4663,train,cub:9146
4664,train,cub:9150
4665,train,cub:9154
4666,train,cub:9156
4668,train,cub:9158
4670,train,cub:9161
4672,train,cub:9163
4673,train,cub:9164
4674,train,cub:9166
4675,train,cub:9167
4676,train,cub:9178
4677,train,cub:9184
4678,train,cub:9185
4679,train,cub:9189
4681,train,cub:9191
4683,train,cub:9193
4684,train,cub:9197
4685,train,cub:9199
4686,train,cub:9200
4687,train,cub:9202
4689,train,cub:9204
4690,train,cub:9206
4691,train,cub:9207
4692,train,cub:9209
4694,train,cub:9211
4695,train,cub:9212
4696,train,cub:9214
4697,train,cub:9218
4699,train,cub:9221
4700,train,cub:9223
4701,train,cub:9224
4702,train,cub:9225
4704,train,cub:9227
4705,train,cub:9228
4706,train,cub:9232
4707,train,cub:9234
4708,train,cub:9235
4709,train,cub:9236
4710,train,cub:9237
4711,train,cub:9241
4715,train,cub:9251
4716,train,cub:9253
4717,train,cub:9255
4718,train,cub:9256
4719,train,cub:9261
4721,train,cub:9265
4722,train,cub:9269
4723,train,cub:9271
4724,train,cub:9273
4726,train,cub:9275
4727,train,cub:9277
4728,train,cub:9281
4729,train,cub:9283
4730,train,cub:9284
4731,train,cub:9286
4732,train,cub:9287
4733,train,cub:9288
4735,train,cub:9291
4736,train,cub:9292
4737,train,cub:9293
4738,train,cub:9295
4739,train,cub:9299
4740,train,cub:9300
4741,train,cub:9302
4742,train,cub:9304
4743,train,cub:9305
4744,train,cub:9307
4745,train,cub:9308
4746,train,cub:9311
4748,train,cub:9314
4749,train,cub:9315
4750,train,cub:9317
4751,train,cub:9318
4754,train,cub:9326
4755,train,cub:9328
4756,train,cub:9331
4757,train,cub:9332
4758,train,cub:9335
4759,train,cub:9336
4760,train,cub:9337
4762,train,cub:9342
4764,train,cub:9350
4766,train,cub:9354
4767,train,cub:9357
4768,train,cub:9358
4769,train,cub:9359
4770,train,cub:9360
4771,train,cub:9361
4772,train,cub:9364
4774,train,cub:9367
4775,train,cub:9369
4776,train,cub:9371
4779,train,cub:9374
4781,train,cub:9381
4782,train,cub:9382
4783,train,cub:9386
4784,train,cub:9387
4785,train,cub:9388
4786,train,cub:9391
4788,train,cub:9394
4790,train,cub:9402
4791,train,cub:9404
4792,train,cub:9405
4793,train,cub:9406
4794,train,cub:9408
4795,train,cub:9409
4796,train,cub:9411
4797,train,cub:9414
4798,train,cub:9415
4799,train,cub:9417
4801,train,cub:9423
4802,train,cub:9424
4804,train,cub:9427
4805,train,cub:9429
4806,train,cub:9430
4810,train,cub:9438
4811,train,cub:9441
4812,train,cub:9442
4813,train,cub:9444
4814,train,cub:9445
4815,train,cub:9446
4816,train,cub:9447
4818,train,cub:9454
4819,train,cub:9458
4820,train,cub:9460
4821,train,cub:9461
4822,train,cub:9464
4823,train,cub:9465
4824,train,cub:9468
4825,train,cub:9469
4826,train,cub:9474
4828,train,cub:9478
4829,train,cub:9480
4830,train,cub:9481
4831,train,cub:9483
4834,train,cub:9488
4835,train,cub:9491
4836,train,cub:9496
4837,train,cub:9497
4838,train,cub:9499
4840,train,cub:9502
4841,train,cub:9503
4842,train,cub:9506
4843,train,cub:9508
4844,train,cub:9511
4846,train,cub:9513
4847,train,cub:9515
4848,train,cub:9516
4849,train,cub:9517
4850,train,cub:9519
4851,train,cub:9521
4852,train,cub:9522
4854,train,cub:9526
4855,train,cub:9530
4856,train,cub:9531
4857,train,cub:9532
4858,train,cub:9536
4859,train,cub:9538
4860,train,cub:9540
4861,train,cub:9543
4862,train,cub:9544
4863,train,cub:9545
4864,train,cub:9546
4865,train,cub:9551
4866,train,cub:9553
4867,train,cub:9557
4868,train,cub:9559
4871,train,cub:9565
4873,train,cub:9570
4874,train,cub:9572
4875,train,cub:9574
4877,train,cub:9576
4878,train,cub:9578
4879,train,cub:9579
4880,train,cub:9581
4881,train,cub:9582
4883,train,cub:9585
4884,train,cub:9589
4886,train,cub:9592
4888,train,cub:9596
4889,train,cub:9601
4890,train,cub:9603
4891,train,cub:9605
4892,train,cub:9607
4893,train,cub:9608
4895,train,cub:9612
4896,train,cub:9616
4898,train,cub:9620
4899,train,cub:9621
4900,train,cub:9622
4901,train,cub:9624
4902,train,cub:9625
4903,train,cub:9626
4904,train,cub:9627
4905,train,cub:9629
4906,train,cub:9630
4909,train,cub:9638
4911,train,cub:9642
4912,train,cub:9644
4913,train,cub:9646
4914,train,cub:9647
4915,train,cub:9650
4916,train,cub:9651
4918,train,cub:9656
4919,train,cub:9657
4920,train,cub:9660
4921,train,cub:9664
4922,train,cub:9665
4923,train,cub:9666
4924,train,cub:9670
4925,train,cub:9671
4928,train,cub:9675
4929,train,cub:9677
4930,train,cub:9679
4931,train,cub:9680
4932,train,cub:9681
4934,train,cub:9685
4935,train,cub:9691
4936,train,cub:9693
4937,train,cub:9694
4938,train,cub:9695
4939,train,cub:9700
4940,train,cub:9701
4942,train,cub:9704
4944,train,cub:9709
4945,train,cub:9710
4947,train,cub:9713
4950,train,cub:9721
4951,train,cub:9723
4952,train,cub:9724
4953,train,cub:9725
4954,train,cub:9726
4955,train,cub:9729
4956,train,cub:9731
4957,train,cub:9734
4959,train,cub:9736
4960,train,cub:9740
4961,train,cub:9741
4963,train,cub:9746
4964,train,cub:9747
4965,train,cub:9748
4966,train,cub:9749
4967,train,cub:9750
4968,train,cub:9751
4969,train,cub:9753
4970,train,cub:9757
4971,train,cub:9760
4973,train,cub:9764
4974,train,cub:9765
4975,train,cub:9769
4976,train,cub:9770
4977,train,cub:9774
4978,train,cub:9779
4979,train,cub:9780
4980,train,cub:9781
4981,train,cub:9783
4982,train,cub:9784
4983,train,cub:9786
4984,train,cub:9788
4985,train,cub:9792
4986,train,cub:9793
4987,train,cub:9794
4988,train,cub:9797
4989,train,cub:9799
4990,train,cub:9801
4991,train,cub:9804
4995,train,cub:9811
4996,train,cub:9812
4997,train,cub:9814
4999,train,cub:9822
5002,train,cub:9826
5003,train,cub:9827
5004,train,cub:9828
5005,train,cub:9829
5006,train,cub:9831
5007,train,cub:9833
5008,train,cub:9834
5009,train,cub:9839
5010,train,cub:9840
5011,train,cub:9841
5012,train,cub:9844
5013,train,cub:9846
5017,train,cub:9855
5018,train,cub:9857
5019,train,cub:9858
5020,train,cub:9859
5021,train,cub:9861
5022,train,cub:9862
5024,train,cub:9867
5027,train,cub:9874
5028,train,cub:9875
5029,train,cub:9878
5030,train,cub:9880
5031,train,cub:9881
5032,train,cub:9882
5033,train,cub:9884
5034,train,cub:9886
5035,train,cub:9888
5036,train,cub:9890
5037,train,cub:9893
5038,train,cub:9895
5039,train,cub:9896
5040,train,cub:9898
5041,train,cub:9899
5042,train,cub:9901
5044,train,cub:9906
5045,train,cub:9909
5046,train,cub:9910
5047,train,cub:9912
5049,train,cub:9923
5050,train,cub:9924
5051,train,cub:9926
5053,train,cub:9929
5054,train,cub:9930
5055,train,cub:9933
5056,train,cub:9935
5057,train,cub:9936
5058,train,cub:9937
5061,train,cub:9940
5062,train,cub:9941
5063,train,cub:9944
5064,train,cub:9946
5068,train,cub:9951
5069,train,cub:9953
5071,train,cub:9955
5072,train,cub:9956
5073,train,cub:9960
5074,train,cub:9962
5077,train,cub:9965
5078,train,cub:9966
5079,train,cub:9967
5080,train,cub:9968
5082,train,cub:9970
5083,train,cub:9973
5084,train,cub:9974
5085,train,cub:9975
5086,train,cub:9977
5087,train,cub:9979
5088,train,cub:9988
5089,train,cub:9994
5090,train,cub:9995
5091,train,cub:10001
5092,train,cub:10002
5093,train,cub:10003
5094,train,cub:10004
5095,train,cub:10005
5096,train,cub:10008
5097,train,cub:10009
5099,train,cub:10013
5100,train,cub:10014
5101,train,cub:10015
5102,train,cub:10016
5104,train,cub:10019
5105,train,cub:10020
5106,train,cub:10023
5107,train,cub:10025
5108,train,cub:10026
5109,train,cub:10027
5110,train,cub:10034
5111,train,cub:10036
5112,train,cub:10038
5114,train,cub:10043
5115,train,cub:10045
5116,train,cub:10046
5117,train,cub:10049
5118,train,cub:10050
5120,train,cub:10053
5121,train,cub:10060
5122,train,cub:10061
5125,train,cub:10067
5126,train,cub:10071
5127,train,cub:10072
5128,train,cub:10073
5129,train,cub:10074
5130,train,cub:10075
5131,train,cub:10076
5132,train,cub:10078
5133,train,cub:10083
5134,train,cub:10085
5136,train,cub:10087
5137,train,cub:10097
5138,train,cub:10099
5139,train,cub:10101
5140,train,cub:10102
5143,train,cub:10106
5145,train,cub:10108
5146,train,cub:10111
5148,train,cub:10114
5149,train,cub:10117
5150,train,cub:10119
5151,train,cub:10120
5152,train,cub:10123
5153,train,cub:10124
5155,train,cub:10126
5157,train,cub:10129
5158,train,cub:10132
5159,train,cub:10134
5160,train,cub:10140
5161,train,cub:10143
5162,train,cub:10144
5164,train,cub:10148
5165,train,cub:10149
5167,train,cub:10153
5168,train,cub:10155
5169,train,cub:10156
5170,train,cub:10157
5171,train,cub:10158
5172,train,cub:10159
5173,train,cub:10160
5174,train,cub:10162
5176,train,cub:10166
5177,train,cub:10168
5178,train,cub:10169
5179,train,cub:10170
5180,train,cub:10171
5181,train,cub:10179
5183,train,cub:10183
5184,train,cub:10184
5186,train,cub:10189
5187,train,cub:10190
5189,train,cub:10194
5190,train,cub:10197
5191,train,cub:10199
5194,train,cub:10203
5195,train,cub:10204
5196,train,cub:10207
5197,train,cub:10208
5198,train,cub:10209
5199,train,cub:10212
5200,train,cub:10213
5201,train,cub:10214
5202,train,cub:10215
5203,train,cub:10220
5204,train,cub:10223
5205,train,cub:10225
5207,train,cub:10230
5208,train,cub:10236
5209,train,cub:10237
5211,train,cub:10243
5212,train,cub:10244
5213,train,cub:10245
5214,train,cub:10246
5216,train,cub:10248
5218,train,cub:10250
5219,train,cub:10252
5220,train,cub:10255
5222,train,cub:10262
5223,train,cub:10263
5224,train,cub:10264
5225,train,cub:10265
5226,train,cub:10266
5227,train,cub:10267
5228,train,cub:10269
5229,train,cub:10270
5230,train,cub:10271
5231,train,cub:10273
5232,train,cub:10275
5233,train,cub:10277
5235,train,cub:10280
5236,train,cub:10281
5237,train,cub:10283
5238,train,cub:10284
5240,train,cub:10291
5241,train,cub:10300
5244,train,cub:10305
5245,train,cub:10306
5248,train,cub:10314
5249,train,cub:10315
5250,train,cub:10319
5251,train,cub:10321
5252,train,cub:10322
5253,train,cub:10324
5254,train,cub:10326
5255,train,cub:10328
5257,train,cub:10331
5258,train,cub:10333
5259,train,cub:10335
5260,train,cub:10336
5261,train,cub:10340
5262,train,cub:10344
5263,train,cub:10345
5264,train,cub:10346
5265,train,cub:10347
5266,train,cub:10348
5268,train,cub:10350
5270,train,cub:10354
5271,train,cub:10357
5272,train,cub:10360
5274,train,cub:10363
5275,train,cub:10365
5276,train,cub:10368
5277,train,cub:10370
5278,train,cub:10372
5279,train,cub:10373
5280,train,cub:10375
5281,train,cub:10376
5283,train,cub:10379
5284,train,cub:10382
5285,train,cub:10388
5286,train,cub:10394
5287,train,cub:10395
5288,train,cub:10397
5289,train,cub:10398
5290,train,cub:10402
5291,train,cub:10403
5292,train,cub:10404
5293,train,cub:10405
5295,train,cub:10407
5298,train,cub:10411
5299,train,cub:10413
5302,train,cub:10418
5303,train,cub:10420
5304,train,cub:10424
5305,train,cub:10426
5306,train,cub:10428
5307,train,cub:10429
5309,train,cub:10433
5310,train,cub:10435
5312,train,cub:10437
5314,train,cub:10441
5315,train,cub:10444
5316,train,cub:10446
5317,train,cub:10448
5318,train,cub:10451
5319,train,cub:10452
5320,train,cub:10455
5321,train,cub:10457
5322,train,cub:10458
5323,train,cub:10459
5324,train,cub:10460
5325,train,cub:10461
5326,train,cub:10462
5327,train,cub:10466
5328,train,cub:10467
5330,train,cub:10470
5332,train,cub:10476
5333,train,cub:10479
5335,train,cub:10483
5336,train,cub:10484
5338,train,cub:10487
5339,train,cub:10491
5340,train,cub:10492
5341,train,cub:10495
5342,train,cub:10497
5344,train,cub:10502
5345,train,cub:10503
5346,train,cub:10507
5348,train,cub:10509
5350,train,cub:10511
5351,train,cub:10512
5353,train,cub:10516
5354,train,cub:10518
5355,train,cub:10523
5357,train,cub:10526
5358,train,cub:10527
5359,train,cub:10530
5360,train,cub:10531
5361,train,cub:10533
5362,train,cub:10539
5363,train,cub:10540
5364,train,cub:10541
5365,train,cub:10542
5366,train,cub:10544
5368,train,cub:10550
5369,train,cub:10552
5370,train,cub:10553
5372,train,cub:10556
5373,train,cub:10558
5375,train,cub:10560
5376,train,cub:10561
5377,train,cub:10562
5378,train,cub:10564
5379,train,cub:10566
5380,train,cub:10571
5381,train,cub:10573
5382,train,cub:10574
5383,train,cub:10575
5384,train,cub:10579
5385,train,cub:10580
5387,train,cub:10583
5388,train,cub:10586
5389,train,cub:10589
5390,train,cub:10590
5391,train,cub:10593
5393,train,cub:10598
5394,train,cub:10599
5397,train,cub:10605
5398,train,cub:10606
5399,train,cub:10607
5400,train,cub:10609
5403,train,cub:10614
5404,train,cub:10617
5405,train,cub:10620
5406,train,cub:10622
5407,train,cub:10624
5408,train,cub:10626
5409,train,cub:10628
5411,train,cub:10632
5412,train,cub:10633
5413,train,cub:10634
5415,train,cub:10638
5416,train,cub:10640
5417,train,cub:10643
5418,train,cub:10645
5419,train,cub:10648
5420,train,cub:10651
5421,train,cub:10656
5423,train,cub:10658
5424,train,cub:10659
5425,train,cub:10660
5426,train,cub:10663
5428,train,cub:10670
5429,train,cub:10674
5430,train,cub:10676
5431,train,cub:10677
5432,train,cub:10681
5433,train,cub:10682
5434,train,cub:10683
5435,train,cub:10686
5436,train,cub:10687
5438,train,cub:10691
5439,train,cub:10692
5440,train,cub:10693
5441,train,cub:10694
5443,train,cub:10698
5444,train,cub:10700
5445,train,cub:10701
5446,train,cub:10702
5447,train,cub:10704
5449,train,cub:10709
5450,train,cub:10710
5452,train,cub:10715
5453,train,cub:10716
5454,train,cub:10717
5456,train,cub:10723
5458,train,cub:10727
5459,train,cub:10728
5461,train,cub:10734
5462,train,cub:10735
5464,train,cub:10739
5465,train,cub:10741
5467,train,cub:10747
5468,train,cub:10750
5469,train,cub:10753
5471,train,cub:10757
5472,train,cub:10758
5473,train,cub:10760
5474,train,cub:10761
5475,train,cub:10763
5476,train,cub:10764
5477,train,cub:10765
5478,train,cub:10766
5479,train,cub:10767
5481,train,cub:10772
5482,train,cub:10774
5483,train,cub:10776
5484,train,cub:10777
5485,train,cub:10781
5486,train,cub:10783
5487,train,cub:10785
5488,train,cub:10788
5489,train,cub:10789
5490,train,cub:10790
5491,train,cub:10791
5492,train,cub:10792
5495,train,cub:10796
5496,train,cub:10799
5498,train,cub:10801
5499,train,cub:10802
5500,train,cub:10803
5501,train,cub:10805
5502,train,cub:10808
5503,train,cub:10813
5504,train,cub:10814
5506,train,cub:10818
5507,train,cub:10820
5508,train,cub:10821
5509,train,cub:10822
5511,train,cub:10830
5512,train,cub:10832
5513,train,cub:10834
5515,train,cub:10841
5516,train,cub:10842
5517,train,cub:10843
5519,train,cub:10850
5521,train,cub:10852
5522,train,cub:10853
5523,train,cub:10854
5524,train,cub:10855
5525,train,cub:10859
5526,train,cub:10863
5527,train,cub:10867
5528,train,cub:10870
5529,train,cub:10871
5531,train,cub:10874
5532,train,cub:10877
5533,train,cub:10878
5534,train,cub:10880
5536,train,cub:10885
5537,train,cub:10888
5538,train,cub:10890
5539,train,cub:10893
5541,train,cub:10895
5542,train,cub:10896
5544,train,cub:10899
5545,train,cub:10901
5546,train,cub:10904
5547,train,cub:10905
5548,train,cub:10907
5549,train,cub:10909
5550,train,cub:10913
5551,train,cub:10914
5552,train,cub:10918
5553,train,cub:10920
5554,train,cub:10924
5555,train,cub:10926
5556,train,cub:10931
5558,train,cub:10933
5560,train,cub:10939
5561,train,cub:10940
5563,train,cub:10943
5565,train,cub:10946
5567,train,cub:10950
5568,train,cub:10953
5569,train,cub:10954
5570,train,cub:10956
5571,train,cub:10957
5573,train,cub:10959
5574,train,cub:10960
5575,train,cub:10961
5576,train,cub:10964
5577,train,cub:10965
5578,train,cub:10966
5580,train,cub:10968
5582,train,cub:10972
5583,train,cub:10975
5584,train,cub:10977
5585,train,cub:10978
5586,train,cub:10979
5587,train,cub:10980
5588,train,cub:10982
5589,train,cub:10983
5590,train,cub:10988
5591,train,cub:10989
5592,train,cub:10991
5593,train,cub:10992
5595,train,cub:10995
5596,train,cub:10996
5598,train,cub:10999
5599,train,cub:11000
5600,train,cub:11001
5601,train,cub:11003
5602,train,cub:11006
5605,train,cub:11009
5606,train,cub:11013
5607,train,cub:11014
5608,train,cub:11015
5609,train,cub:11018
5610,train,cub:11019
5611,train,cub:11020
5612,train,cub:11021
5614,train,cub:11023
5615,train,cub:11024
5616,train,cub:11025
5617,train,cub:11030
5618,train,cub:11034
5619,train,cub:11036
5622,train,cub:11044
5623,train,cub:11045
5624,train,cub:11047
5625,train,cub:11050
5626,train,cub:11054
5628,train,cub:11057
5629,train,cub:11059
5630,train,cub:11060
5633,train,cub:11067
5634,train,cub:11069
5635,train,cub:11071
5637,train,cub:11073
5638,train,cub:11074
5639,train,cub:11075
5641,train,cub:11082
5643,train,cub:11084
5644,train,cub:11086
5645,train,cub:11087
5647,train,cub:11089
5648,train,cub:11090
5650,train,cub:11093
5651,train,cub:11095
5652,train,cub:11096
5653,train,cub:11099
5654,train,cub:11101
5655,train,cub:11106
5656,train,cub:11107
5657,train,cub:11108
5658,train,cub:11109
5659,train,cub:11112
5660,train,cub:11113
5661,train,cub:11116
5663,train,cub:11121
5664,train,cub:11127
5665,train,cub:11129
5666,train,cub:11132
5667,train,cub:11134
5668,train,cub:11135
5669,train,cub:11139
5670,train,cub:11143
5671,train,cub:11146
5673,train,cub:11148
5674,train,cub:11149
5675,train,cub:11151
5676,train,cub:11153
5677,train,cub:11154
5678,train,cub:11155
5679,train,cub:11156
5680,train,cub:11157
5681,train,cub:11158
5683,train,cub:11162
5685,train,cub:11173
5686,train,cub:11174
5687,train,cub:11177
5690,train,cub:11181
5691,train,cub:11183
5693,train,cub:11188
5694,train,cub:11189
5695,train,cub:11193
5696,train,cub:11195
5697,train,cub:11196
5698,train,cub:11198
5699,train,cub:11199
5700,train,cub:11206
5701,train,cub:11210
5703,train,cub:11214
5704,train,cub:11215
5705,train,cub:11216
5706,train,cub:11218
5707,train,cub:11219
5708,train,cub:11220
5709,train,cub:11221
5710,train,cub:11224
5711,train,cub:11226
5714,train,cub:11232
5715,train,cub:11233
5718,train,cub:11237
5719,train,cub:11238
5720,train,cub:11240
5721,train,cub:11242
5723,train,cub:11244
5724,train,cub:11248
5725,train,cub:11251
5726,train,cub:11252
5727,train,cub:11254
5728,train,cub:11256
5729,train,cub:11261
5730,train,cub:11264
5732,train,cub:11268
5733,train,cub:11269
5734,train,cub:11271
5735,train,cub:11272
5738,train,cub:11279
5740,train,cub:11283
5741,train,cub:11286
5742,train,cub:11289
5743,train,cub:11291
5744,train,cub:11292
5745,train,cub:11293
5746,train,cub:11294
5747,train,cub:11295
5748,train,cub:11299
5750,train,cub:11302
5751,train,cub:11303
5753,train,cub:11306
5754,train,cub:11309
5755,train,cub:11313
5756,train,cub:11316
5757,train,cub:11317
5758,train,cub:11319
5759,train,cub:11322
5761,train,cub:11324
5762,train,cub:11326
5763,train,cub:11328
5764,train,cub:11330
5765,train,cub:11332
5766,train,cub:11333
5767,train,cub:11339
5768,train,cub:11341
5769,train,cub:11342
5770,train,cub:11345
5771,train,cub:11347
5772,train,cub:11350
5773,train,cub:11351
5774,train,cub:11354
5776,train,cub:11356
5778,train,cub:11359
5779,train,cub:11360
5781,train,cub:11364
5783,train,cub:11367
5785,train,cub:11375
5786,train,cub:11376
5787,train,cub:11382
5788,train,cub:11383
5789,train,cub:11385
5790,train,cub:11386
5791,train,cub:11387
5792,train,cub:11390
5794,train,cub:11392
5795,train,cub:11394
5796,train,cub:11396
5797,train,cub:11397
5798,train,cub:11401
5799,train,cub:11403
5800,train,cub:11405
5801,train,cub:11406
5803,train,cub:11408
5804,train,cub:11411
5808,train,cub:11421
5809,train,cub:11423
5810,train,cub:11424
5811,train,cub:11425
5812,train,cub:11426
5813,train,cub:11428
5815,train,cub:11431
5817,train,cub:11435
5818,train,cub:11436
5819,train,cub:11439
5821,train,cub:11441
5822,train,cub:11443
5823,train,cub:11446
5824,train,cub:11447
5826,train,cub:11451
5828,train,cub:11455
5829,train,cub:11456
5831,train,cub:11464
5832,train,cub:11465
5833,train,cub:11466
5835,train,cub:11471
5836,train,cub:11473
5837,train,cub:11474
5838,train,cub:11475
5839,train,cub:11479
5840,train,cub:11480
5841,train,cub:11484
5842,train,cub:11485
5843,train,cub:11487
5844,train,cub:11489
5845,train,cub:11490
5846,train,cub:11491
5847,train,cub:11492
5848,train,cub:11493
5849,train,cub:11498
5850,train,cub:11500
5851,train,cub:11506
5852,train,cub:11507
5853,train,cub:11508
5854,train,cub:11509
5855,train,cub:11510
5856,train,cub:11511
5859,train,cub:11517
5860,train,cub:11518
5863,train,cub:11529
5864,train,cub:11530
5865,train,cub:11532
5866,train,cub:11533
5867,train,cub:11535
5869,train,cub:11540
5870,train,cub:11542
5871,train,cub:11545
5872,train,cub:11546
5873,train,cub:11548
5875,train,cub:11553
5876,train,cub:11554
5877,train,cub:11555
5878,train,cub:11556
5880,train,cub:11558
5881,train,cub:11560
5882,train,cub:11561
5883,train,cub:11565
5884,train,cub:11569
5885,train,cub:11572
5886,train,cub:11573
5887,train,cub:11579
5888,train,cub:11580
5891,train,cub:11585
5892,train,cub:11589
5893,train,cub:11590
5895,train,cub:11594
5896,train,cub:11596
5897,train,cub:11598
5898,train,cub:11599
5899,train,cub:11601
5900,train,cub:11604
5901,train,cub:11605
5902,train,cub:11606
5905,train,cub:11612
5906,train,cub:11613
5908,train,cub:11616
5909,train,cub:11617
5910,train,cub:11619
5911,train,cub:11621
5912,train,cub:11622
5913,train,cub:11623
5914,train,cub:11624
5915,train,cub:11626
5916,train,cub:11627
5917,train,cub:11633
5921,train,cub:11640
5922,train,cub:11642
5923,train,cub:11643
5924,train,cub:11647
5925,train,cub:11652
5926,train,cub:11655
5927,train,cub:11657
5928,train,cub:11660
5930,train,cub:11664
5931,train,cub:11666
5932,train,cub:11667
5933,train,cub:11668
5934,train,cub:11669
5935,train,cub:11671
5937,train,cub:11681
5938,train,cub:11682
5939,train,cub:11685
5940,train,cub:11686
5941,train,cub:11688
5942,train,cub:11690
5943,train,cub:11691
5945,train,cub:11696
5946,train,cub:11697
5948,train,cub:11702
5949,train,cub:11703
5950,train,cub:11705
5954,train,cub:11715
5955,train,cub:11716
5956,train,cub:11717
5957,train,cub:11718
5958,train,cub:11719
5959,train,cub:11721
5960,train,cub:11722
5961,train,cub:11724
5962,train,cub:11726
5963,train,cub:11728
5965,train,cub:11732
5967,train,cub:11736
5970,train,cub:11743
5971,train,cub:11746
5972,train,cub:11748
5973,train,cub:11750
5974,train,cub:11752
5975,train,cub:11753
5977,train,cub:11755
5978,train,cub:11758
5979,train,cub:11759
5980,train,cub:11760
5981,train,cub:11762
5982,train,cub:11763
5984,train,cub:11767
5985,train,cub:11770
5986,train,cub:11772
5987,train,cub:11774
5988,train,cub:11776
5989,train,cub:11778
5990,train,cub:11781
5991,train,cub:11782
5992,train,cub:11784
5993,train,cub:11787
0,heldout,cub:2
6,heldout,cub:11
7,heldout,cub:15
18,heldout,cub:40
21,heldout,cub:43
23,heldout,cub:49
33,heldout,cub:67
39,heldout,cub:77
40,heldout,cub:78
54,heldout,cub:111
57,heldout,cub:116
58,heldout,cub:117
61,heldout,cub:122
66,heldout,cub:128
67,heldout,cub:131
69,heldout,cub:137
70,heldout,cub:138
80,heldout,cub:158
95,heldout,cub:189
98,heldout,cub:196
102,heldout,cub:204
110,heldout,cub:221
112,heldout,cub:224
114,heldout,cub:227
120,heldout,cub:241
123,heldout,cub:245
136,heldout,cub:264
145,heldout,cub:275
146,heldout,cub:276
148,heldout,cub:280
155,heldout,cub:289
165,heldout,cub:302
168,heldout,cub:306
169,heldout,cub:307
177,heldout,cub:321
179,heldout,cub:323
182,heldout,cub:327
193,heldout,cub:342
200,heldout,cub:359
201,heldout,cub:361
207,heldout,cub:374
209,heldout,cub:376
223,heldout,cub:399
225,heldout,cub:401
227,heldout,cub:403
228,heldout,cub:404
232,heldout,cub:413
238,heldout,cub:421
243,heldout,cub:429
246,heldout,cub:433
247,heldout,cub:436
258,heldout,cub:466
262,heldout,cub:471
269,heldout,cub:482
277,heldout,cub:496
285,heldout,cub:515
288,heldout,cub:523
291,heldout,cub:529
293,heldout,cub:531
294,heldout,cub:533
302,heldout,cub:547
303,heldout,cub:549
307,heldout,cub:557
313,heldout,cub:568
322,heldout,cub:591
324,heldout,cub:595
335,heldout,cub:613
339,heldout,cub:620
345,heldout,cub:630
346,heldout,cub:631
348,heldout,cub:635
349,heldout,cub:636
367,heldout,cub:670
369,heldout,cub:672
371,heldout,cub:678
378,heldout,cub:694
388,heldout,cub:717
389,heldout,cub:719
391,heldout,cub:722
392,heldout,cub:725
398,heldout,cub:734
406,heldout,cub:748
409,heldout,cub:755
417,heldout,cub:775
423,heldout,cub:784
424,heldout,cub:788
428,heldout,cub:792
429,heldout,cub:793
435,heldout,cub:810
442,heldout,cub:822
451,heldout,cub:843
455,heldout,cub:856
460,heldout,cub:862
464,heldout,cub:867
470,heldout,cub:875
472,heldout,cub:879
485,heldout,cub:910
487,heldout,cub:916
488,heldout,cub:917
495,heldout,cub:927
499,heldout,cub:934
501,heldout,cub:937
515,heldout,cub:960
516,heldout,cub:963
522,heldout,cub:972
526,heldout,cub:980
529,heldout,cub:984
531,heldout,cub:986
542,heldout,cub:1004
543,heldout,cub:1007
554,heldout,cub:1027
555,heldout,cub:1029
556,heldout,cub:1032
563,heldout,cub:1048
575,heldout,cub:1069
586,heldout,cub:1093
588,heldout,cub:1098
594,heldout,cub:1110
595,heldout,cub:1111
597,heldout,cub:1113
604,heldout,cub:1124
606,heldout,cub:1126
612,heldout,cub:1140
616,heldout,cub:1147
622,heldout,cub:1157
626,heldout,cub:1167
634,heldout,cub:1187
636,heldout,cub:1189
641,heldout,cub:1198
651,heldout,cub:1214
653,heldout,cub:1221
656,heldout,cub:1227
662,heldout,cub:1236
664,heldout,cub:1239
668,heldout,cub:1246
673,heldout,cub:1253
686,heldout,cub:1286
689,heldout,cub:1290
692,heldout,cub:1296
694,heldout,cub:1299
695,heldout,cub:1300
696,heldout,cub:1302
718,heldout,cub:1338
719,heldout,cub:1340
722,heldout,cub:1346
726,heldout,cub:1355
730,heldout,cub:1361
732,heldout,cub:1363
733,heldout,cub:1365
743,heldout,cub:1381
751,heldout,cub:1404
752,heldout,cub:1405
754,heldout,cub:1407
762,heldout,cub:1428
769,heldout,cub:1444
778,heldout,cub:1460
785,heldout,cub:1470
789,heldout,cub:1476
796,heldout,cub:1499
802,heldout,cub:1509
804,heldout,cub:1511
805,heldout,cub:1512
813,heldout,cub:1530
814,heldout,cub:1532
816,heldout,cub:1535
827,heldout,cub:1557
832,heldout,cub:1569
834,heldout,cub:1572
847,heldout,cub:1590
852,heldout,cub:1599
854,heldout,cub:1603
860,heldout,cub:1621
866,heldout,cub:1637
867,heldout,cub:1638
873,heldout,cub:1650
874,heldout,cub:1653
883,heldout,cub:1672
890,heldout,cub:1684
891,heldout,cub:1685
898,heldout,cub:1699
904,heldout,cub:1709
911,heldout,cub:1724
921,heldout,cub:1744
924,heldout,cub:1751
926,heldout,cub:1754
928,heldout,cub:1758
933,heldout,cub:1765
935,heldout,cub:1767
941,heldout,cub:1775
943,heldout,cub:1779
944,heldout,cub:1781
959,heldout,cub:1813
960,heldout,cub:1815
961,heldout,cub:1817
965,heldout,cub:1823
983,heldout,cub:1858
985,heldout,cub:1863
989,heldout,cub:1872
991,heldout,cub:1877
992,heldout,cub:1878
995,heldout,cub:1881
1009,heldout,cub:1912
1017,heldout,cub:1929
1019,heldout,cub:1932
1021,heldout,cub:1934
1027,heldout,cub:1951
1036,heldout,cub:1971
1037,heldout,cub:1972
1038,heldout,cub:1973
1047,heldout,cub:1990
1050,heldout,cub:1994
1056,heldout,cub:2009
1065,heldout,cub:2025
1067,heldout,cub:2028
1068,heldout,cub:2033
1077,heldout,cub:2047
1084,heldout,cub:2058
1087,heldout,cub:2066
1088,heldout,cub:2068
1091,heldout,cub:2078
1095,heldout,cub:2083
1096,heldout,cub:2085
1113,heldout,cub:2116
1120,heldout,cub:2130
1126,heldout,cub:2144
1134,heldout,cub:2159
1136,heldout,cub:2165
1138,heldout,cub:2167
1141,heldout,cub:2173
1152,heldout,cub:2192
1154,heldout,cub:2197
1157,heldout,cub:2202
1164,heldout,cub:2220
1167,heldout,cub:2225
1170,heldout,cub:2232
1171,heldout,cub:2233
1172,heldout,cub:2235
1178,heldout,cub:2245
1190,heldout,cub:2266
1192,heldout,cub:2270
1201,heldout,cub:2296
1203,heldout,cub:2301
1211,heldout,cub:2323
1218,heldout,cub:2335
1225,heldout,cub:2345
1226,heldout,cub:2346
1232,heldout,cub:2354
1239,heldout,cub:2375
1241,heldout,cub:2383
1250,heldout,cub:2396
1253,heldout,cub:2401
1254,heldout,cub:2402
1260,heldout,cub:2414
1265,heldout,cub:2422
1274,heldout,cub:2440
1278,heldout,cub:2447
1286,heldout,cub:2462
1287,heldout,cub:2465
1295,heldout,cub:2484
1306,heldout,cub:2513
1309,heldout,cub:2517
1310,heldout,cub:2518
1317,heldout,cub:2527
1318,heldout,cub:2528
1322,heldout,cub:2534
1324,heldout,cub:2536
1333,heldout,cub:2554
1338,heldout,cub:2563
1344,heldout,cub:2573
1349,heldout,cub:2587
1357,heldout,cub:2605
1358,heldout,cub:2608
1362,heldout,cub:2620
1365,heldout,cub:2625
1372,heldout,cub:2639
1373,heldout,cub:2641
1382,heldout,cub:2656
1385,heldout,cub:2663
1387,heldout,cub:2665
1390,heldout,cub:2668
1399,heldout,cub:2690
1400,heldout,cub:2692
1410,heldout,cub:2714
1414,heldout,cub:2721
1422,heldout,cub:2734
1427,heldout,cub:2745
1429,heldout,cub:2748
1436,heldout,cub:2758
1449,heldout,cub:2791
1453,heldout,cub:2797
1456,heldout,cub:2808
1459,heldout,cub:2814
1465,heldout,cub:2821
1467,heldout,cub:2825
1475,heldout,cub:2842
1477,heldout,cub:2844
1483,heldout,cub:2857
1490,heldout,cub:2871
1494,heldout,cub:2881
1495,heldout,cub:2882
1513,heldout,cub:2916
1514,heldout,cub:2922
1517,heldout,cub:2928
1522,heldout,cub:2937
1525,heldout,cub:2944
1527,heldout,cub:2946
1532,heldout,cub:2954
1536,heldout,cub:2962
1540,heldout,cub:2970
1544,heldout,cub:2978
1548,heldout,cub:2987
1554,heldout,cub:2999
1560,heldout,cub:3010
1566,heldout,cub:3024
1567,heldout,cub:3026
1576,heldout,cub:3040
1578,heldout,cub:3042
1587,heldout,cub:3065
1593,heldout,cub:3079
1596,heldout,cub:3086
1601,heldout,cub:3094
1605,heldout,cub:3103
1610,heldout,cub:3114
1614,heldout,cub:3120
1621,heldout,cub:3134
1623,heldout,cub:3141
1628,heldout,cub:3149
1633,heldout,cub:3160
1635,heldout,cub:3163
1648,heldout,cub:3188
1651,heldout,cub:3196
1652,heldout,cub:3197
1653,heldout,cub:3199
1655,heldout,cub:3202
1667,heldout,cub:3221
1678,heldout,cub:3245
1682,heldout,cub:3256
1684,heldout,cub:3262
1687,heldout,cub:3266
1688,heldout,cub:3268
1691,heldout,cub:3272
1695,heldout,cub:3278
1710,heldout,cub:3310
1718,heldout,cub:3333
1722,heldout,cub:3337
1723,heldout,cub:3338
1733,heldout,cub:3352
1736,heldout,cub:3362
1744,heldout,cub:3375
1747,heldout,cub:3382
1750,heldout,cub:3388
1751,heldout,cub:3389
1759,heldout,cub:3402
1768,heldout,cub:3426
1771,heldout,cub:3430
1773,heldout,cub:3435
1774,heldout,cub:3437
1778,heldout,cub:3441
1781,heldout,cub:3451
1794,heldout,cub:3476
1802,heldout,cub:3497
1812,heldout,cub:3510
1813,heldout,cub:3512
1818,heldout,cub:3523
1819,heldout,cub:3524
1829,heldout,cub:3546
1830,heldout,cub:3551
1841,heldout,cub:3569
1846,heldout,cub:3578
1853,heldout,cub:3591
1855,heldout,cub:3597
1859,heldout,cub:3606
1871,heldout,cub:3625
1872,heldout,cub:3628
1875,heldout,cub:3634
1876,heldout,cub:3635
1878,heldout,cub:3640
1887,heldout,cub:3661
1895,heldout,cub:3676
1899,heldout,cub:3689
1900,heldout,cub:3690
1911,heldout,cub:3709
1915,heldout,cub:3718
1917,heldout,cub:3721
1920,heldout,cub:3728
1925,heldout,cub:3737
1926,heldout,cub:3738
1937,heldout,cub:3757
1945,heldout,cub:3772
1949,heldout,cub:3776
1957,heldout,cub:3790
1963,heldout,cub:3802
1964,heldout,cub:3803
1968,heldout,cub:3811
1971,heldout,cub:3816
1979,heldout,cub:3835
1985,heldout,cub:3849
1986,heldout,cub:3850
1987,heldout,cub:3853
1988,heldout,cub:3854
1992,heldout,cub:3862
2006,heldout,cub:3891
2010,heldout,cub:3897
2021,heldout,cub:3919
2025,heldout,cub:3930
2033,heldout,cub:3948
2036,heldout,cub:3952
2039,heldout,cub:3956
2043,heldout,cub:3962
2049,heldout,cub:3972
2053,heldout,cub:3984
2056,heldout,cub:3995
2062,heldout,cub:4005
2063,heldout,cub:4006
2071,heldout,cub:4018
2072,heldout,cub:4019
2073,heldout,cub:4022
2076,heldout,cub:4027
2090,heldout,cub:4061
2099,heldout,cub:4076
2100,heldout,cub:4078
2103,heldout,cub:4090
2109,heldout,cub:4097
2110,heldout,cub:4100
2111,heldout,cub:4103
2123,heldout,cub:4127
2137,heldout,cub:4155
2138,heldout,cub:4156
2139,heldout,cub:4157
2140,heldout,cub:4158
2142,heldout,cub:4160
2158,heldout,cub:4193
2174,heldout,cub:4230
2178,heldout,cub:4236
2182,heldout,cub:4241
2184,heldout,cub:4243
2188,heldout,cub:4254
2189,heldout,cub:4256
2190,heldout,cub:4257
2192,heldout,cub:4260
2194,heldout,cub:4266
2204,heldout,cub:4279
2216,heldout,cub:4303
2217,heldout,cub:4306
2220,heldout,cub:4320
2230,heldout,cub:4341
2236,heldout,cub:4348
2242,heldout,cub:4356
2243,heldout,cub:4358
2249,heldout,cub:4370
2255,heldout,cub:4390
2258,heldout,cub:4394
2261,heldout,cub:4405
2265,heldout,cub:4412
2272,heldout,cub:4423
2277,heldout,cub:4429
2284,heldout,cub:4440
2289,heldout,cub:4450
2290,heldout,cub:4452
2291,heldout,cub:4453
2292,heldout,cub:4454
2303,heldout,cub:4482
2310,heldout,cub:4494
2312,heldout,cub:4498
2315,heldout,cub:4510
2329,heldout,cub:4534
2335,heldout,cub:4546
2338,heldout,cub:4550
2348,heldout,cub:4563
2351,heldout,cub:4567
2352,heldout,cub:4568
2360,heldout,cub:4580
2364,heldout,cub:4599
2365,heldout,cub:4604
2380,heldout,cub:4631
2383,heldout,cub:4635
2390,heldout,cub:4655
2392,heldout,cub:4657
2394,heldout,cub:4659
2399,heldout,cub:4672
2400,heldout,cub:4674
2402,heldout,cub:4678
2415,heldout,cub:4703
2424,heldout,cub:4719
2425,heldout,cub:4723
2426,heldout,cub:4724
2434,heldout,cub:4744
2436,heldout,cub:4747
2438,heldout,cub:4749
2439,heldout,cub:4756
2440,heldout,cub:4757
2445,heldout,cub:4767
2464,heldout,cub:4804
2469,heldout,cub:4812
2474,heldout,cub:4822
2478,heldout,cub:4838
2479,heldout,cub:4839
2481,heldout,cub:4841
2492,heldout,cub:4857
2506,heldout,cub:4881
2508,heldout,cub:4886
2510,heldout,cub:4892
2513,heldout,cub:4895
2517,heldout,cub:4899
2523,heldout,cub:4912
2525,heldout,cub:4920
2542,heldout,cub:4953
2543,heldout,cub:4954
2544,heldout,cub:4955
2548,heldout,cub:4961
2553,heldout,cub:4972
2554,heldout,cub:4974
2556,heldout,cub:4977
2561,heldout,cub:4994
2564,heldout,cub:5001
2569,heldout,cub:5008
2585,heldout,cub:5038
2590,heldout,cub:5044
2593,heldout,cub:5050
2604,heldout,cub:5073
2607,heldout,cub:5079
2609,heldout,cub:5083
2620,heldout,cub:5111
2627,heldout,cub:5126
2630,heldout,cub:5129
2632,heldout,cub:5131
2637,heldout,cub:5143
2638,heldout,cub:5144
2641,heldout,cub:5148
2649,heldout,cub:5159
2651,heldout,cub:5163
2663,heldout,cub:5184
2666,heldout,cub:5194
2668,heldout,cub:5200
2675,heldout,cub:5215
2679,heldout,cub:5230
2681,heldout,cub:5233
2690,heldout,cub:5248
2694,heldout,cub:5255
2699,heldout,cub:5264
2709,heldout,cub:5285
2710,heldout,cub:5286
2716,heldout,cub:5295
2723,heldout,cub:5308
2724,heldout,cub:5310
2729,heldout,cub:5323
2732,heldout,cub:5338
2733,heldout,cub:5339
2743,heldout,cub:5356
2751,heldout,cub:5368
2754,heldout,cub:5374
2759,heldout,cub:5385
2764,heldout,cub:5397
2765,heldout,cub:5398
2768,heldout,cub:5404
2769,heldout,cub:5405
2780,heldout,cub:5429
2788,heldout,cub:5443
2790,heldout,cub:5450
2791,heldout,cub:5452
2793,heldout,cub:5458
2804,heldout,cub:5473
2806,heldout,cub:5477
2817,heldout,cub:5501
2820,heldout,cub:5507
2825,heldout,cub:5516
2831,heldout,cub:5528
2839,heldout,cub:5554
2844,heldout,cub:5560
2847,heldout,cub:5563
2854,heldout,cub:5581
2864,heldout,cub:5595
2873,heldout,cub:5609
2877,heldout,cub:5619
2878,heldout,cub:5620
2879,heldout,cub:5621
2881,heldout,cub:5629
2883,heldout,cub:5631
2894,heldout,cub:5657
2896,heldout,cub:5661
2900,heldout,cub:5670
2908,heldout,cub:5681
2917,heldout,cub:5699
2920,heldout,cub:5704
2924,heldout,cub:5710
2930,heldout,cub:5723
2933,heldout,cub:5727
2935,heldout,cub:5732
2945,heldout,cub:5758
2951,heldout,cub:5771
2952,heldout,cub:5772
2960,heldout,cub:5783
2964,heldout,cub:5794
2965,heldout,cub:5796
2974,heldout,cub:5822
2976,heldout,cub:5825
2983,heldout,cub:5833
2985,heldout,cub:5835
2987,heldout,cub:5839
2989,heldout,cub:5841
3000,heldout,cub:5866
3006,heldout,cub:5878
3008,heldout,cub:5880
3017,heldout,cub:5894
3018,heldout,cub:5895
3020,heldout,cub:5899
3034,heldout,cub:5931
3040,heldout,cub:5943
3042,heldout,cub:5946
3043,heldout,cub:5947
3045,heldout,cub:5950
3057,heldout,cub:5967
3060,heldout,cub:5977
3064,heldout,cub:5982
3065,heldout,cub:5988
3066,heldout,cub:5990
3079,heldout,cub:6020
3084,heldout,cub:6025
3092,heldout,cub:6039
3093,heldout,cub:6040
3100,heldout,cub:6053
3109,heldout,cub:6070
3110,heldout,cub:6074
3118,heldout,cub:6088
3121,heldout,cub:6096
3123,heldout,cub:6099
3132,heldout,cub:6120
3135,heldout,cub:6124
3143,heldout,cub:6134
3144,heldout,cub:6135
3158,heldout,cub:6168
3159,heldout,cub:6169
3163,heldout,cub:6177
3166,heldout,cub:6180
3170,heldout,cub:6184
3178,heldout,cub:6196
3182,heldout,cub:6214
3196,heldout,cub:6240
3203,heldout,cub:6250
3205,heldout,cub:6256
3208,heldout,cub:6261
3209,heldout,cub:6264
3212,heldout,cub:6271
3221,heldout,cub:6290
3230,heldout,cub:6305
3236,heldout,cub:6318
3238,heldout,cub:6320
3239,heldout,cub:6325
3241,heldout,cub:6328
3247,heldout,cub:6339
3248,heldout,cub:6345
3259,heldout,cub:6361
3262,heldout,cub:6365
3275,heldout,cub:6392
3277,heldout,cub:6394
3280,heldout,cub:6402
3285,heldout,cub:6414
3287,heldout,cub:6417
3298,heldout,cub:6441
3299,heldout,cub:6443
3302,heldout,cub:6447
3318,heldout,cub:6479
3320,heldout,cub:6481
3324,heldout,cub:6490
3328,heldout,cub:6502
3330,heldout,cub:6506
3334,heldout,cub:6513
3341,heldout,cub:6531
3352,heldout,cub:6546
3354,heldout,cub:6552
3356,heldout,cub:6558
3360,heldout,cub:6564
3361,heldout,cub:6565
3368,heldout,cub:6574
3370,heldout,cub:6585
3378,heldout,cub:6598
3382,heldout,cub:6604
3392,heldout,cub:6623
3400,heldout,cub:6636
3410,heldout,cub:6659
3415,heldout,cub:6666
3416,heldout,cub:6667
3418,heldout,cub:6669
3423,heldout,cub:6680
3425,heldout,cub:6682
3432,heldout,cub:6697
3438,heldout,cub:6706
3439,heldout,cub:6710
3448,heldout,cub:6730
3450,heldout,cub:6734
3462,heldout,cub:6758
3463,heldout,cub:6763
3468,heldout,cub:6772
3472,heldout,cub:6776
3478,heldout,cub:6787
3479,heldout,cub:6792
3481,heldout,cub:6795
3482,heldout,cub:6798
3489,heldout,cub:6815
3491,heldout,cub:6818
3492,heldout,cub:6819
3512,heldout,cub:6861
3515,heldout,cub:6865
3523,heldout,cub:6879
3529,heldout,cub:6889
3530,heldout,cub:6890
3535,heldout,cub:6900
3544,heldout,cub:6922
3554,heldout,cub:6938
3557,heldout,cub:6945
3558,heldout,cub:6946
3560,heldout,cub:6952
3566,heldout,cub:6962
3575,heldout,cub:6985
3582,heldout,cub:6994
3588,heldout,cub:7004
3592,heldout,cub:7016
3593,heldout,cub:7021
3597,heldout,cub:7028
3604,heldout,cub:7044
3609,heldout,cub:7052
3612,heldout,cub:7057
3620,heldout,cub:7076
3624,heldout,cub:7082
3626,heldout,cub:7086
3638,heldout,cub:7108
3645,heldout,cub:7123
3646,heldout,cub:7124
3649,heldout,cub:7132
3653,heldout,cub:7142
3655,heldout,cub:7144
3663,heldout,cub:7157
3664,heldout,cub:7158
3670,heldout,cub:7171
3674,heldout,cub:7185
3675,heldout,cub:7186
3678,heldout,cub:7191
3690,heldout,cub:7214
3694,heldout,cub:7218
3707,heldout,cub:7248
3714,heldout,cub:7262
3715,heldout,cub:7264
3716,heldout,cub:7265
3719,heldout,cub:7270
3724,heldout,cub:7278
3725,heldout,cub:7285
3726,heldout,cub:7286
3733,heldout,cub:7298
3735,heldout,cub:7301
3749,heldout,cub:7328
3762,heldout,cub:7362
3770,heldout,cub:7373
3771,heldout,cub:7375
3772,heldout,cub:7376
3777,heldout,cub:7382
3784,heldout,cub:7402
3786,heldout,cub:7407
3787,heldout,cub:7410
3790,heldout,cub:7414
3798,heldout,cub:7429
3805,heldout,cub:7439
3810,heldout,cub:7455
3812,heldout,cub:7459
3820,heldout,cub:7469
3827,heldout,cub:7485
3828,heldout,cub:7489
3834,heldout,cub:7499
3844,heldout,cub:7522
3847,heldout,cub:7527
3855,heldout,cub:7543
3856,heldout,cub:7544
3857,heldout,cub:7545
3864,heldout,cub:7561
3868,heldout,cub:7567
3869,heldout,cub:7568
3876,heldout,cub:7579
3878,heldout,cub:7585
3894,heldout,cub:7619
3897,heldout,cub:7626
3902,heldout,cub:7634
3905,heldout,cub:7641
3907,heldout,cub:7645
3913,heldout,cub:7656
3917,heldout,cub:7664
3925,heldout,cub:7682
3934,heldout,cub:7696
3942,heldout,cub:7707
3943,heldout,cub:7708
3946,heldout,cub:7716
3949,heldout,cub:7726
3950,heldout,cub:7728
3959,heldout,cub:7751
3961,heldout,cub:7755
3969,heldout,cub:7766
3981,heldout,cub:7792
3985,heldout,cub:7800
3986,heldout,cub:7803
3996,heldout,cub:7824
4000,heldout,cub:7831
4004,heldout,cub:7835
4007,heldout,cub:7840
4015,heldout,cub:7854
4017,heldout,cub:7861
4021,heldout,cub:7870
4038,heldout,cub:7900
4039,heldout,cub:7902
4043,heldout,cub:7912
4044,heldout,cub:7914
4046,heldout,cub:7921
4051,heldout,cub:7936
4053,heldout,cub:7938
4055,heldout,cub:7940
4066,heldout,cub:7962
4068,heldout,cub:7966
4074,heldout,cub:7979
4082,heldout,cub:8000
4085,heldout,cub:8004
4087,heldout,cub:8007
4090,heldout,cub:8012
4091,heldout,cub:8014
4102,heldout,cub:8038
4113,heldout,cub:8057
4115,heldout,cub:8062
4123,heldout,cub:8076
4128,heldout,cub:8090
4129,heldout,cub:8092
4134,heldout,cub:8102
4137,heldout,cub:8107
4141,heldout,cub:8114
4154,heldout,cub:8138
4156,heldout,cub:8142
4162,heldout,cub:8153
4165,heldout,cub:8161
4167,heldout,cub:8167
4172,heldout,cub:8178
4176,heldout,cub:8183
4182,heldout,cub:8198
4193,heldout,cub:8217
4195,heldout,cub:8219
4199,heldout,cub:8230
4208,heldout,cub:8247
4211,heldout,cub:8255
4212,heldout,cub:8256
4221,heldout,cub:8274
4224,heldout,cub:8280
4230,heldout,cub:8290
4233,heldout,cub:8294
4241,heldout,cub:8306
4245,heldout,cub:8322
4252,heldout,cub:8339
4254,heldout,cub:8341
4263,heldout,cub:8366
4267,heldout,cub:8371
4270,heldout,cub:8376
4271,heldout,cub:8377
4277,heldout,cub:8390
4280,heldout,cub:8394
4290,heldout,cub:8409
4291,heldout,cub:8410
4292,heldout,cub:8411
4295,heldout,cub:8416
4304,heldout,cub:8437
4306,heldout,cub:8445
4320,heldout,cub:8473
4329,heldout,cub:8496
4331,heldout,cub:8499
4333,heldout,cub:8502
4338,heldout,cub:8515
4339,heldout,cub:8516
4347,heldout,cub:8527
4348,heldout,cub:8532
4352,heldout,cub:8540
4357,heldout,cub:8549
4359,heldout,cub:8551
4362,heldout,cub:8557
4377,heldout,cub:8585
4380,heldout,cub:8589
4387,heldout,cub:8605
4391,heldout,cub:8612
4392,heldout,cub:8614
4402,heldout,cub:8638
4414,heldout,cub:8662
4415,heldout,cub:8663
4416,heldout,cub:8666
4422,heldout,cub:8676
4431,heldout,cub:8698
4432,heldout,cub:8700
4443,heldout,cub:8717
4447,heldout,cub:8725
4452,heldout,cub:8733
4453,heldout,cub:8734
4460,heldout,cub:8751
4464,heldout,cub:8759
4466,heldout,cub:8764
4468,heldout,cub:8766
4470,heldout,cub:8769
4488,heldout,cub:8806
4490,heldout,cub:8813
4492,heldout,cub:8815
4502,heldout,cub:8832
4506,heldout,cub:8837
4507,heldout,cub:8838
4517,heldout,cub:8855
4518,heldout,cub:8860
4519,heldout,cub:8861
4528,heldout,cub:8878
4532,heldout,cub:8886
4538,heldout,cub:8902
4547,heldout,cub:8916
4552,heldout,cub:8927
4555,heldout,cub:8933
4561,heldout,cub:8947
4568,heldout,cub:8957
4573,heldout,cub:8964
4579,heldout,cub:8977
4583,heldout,cub:8987
4584,heldout,cub:8989
4588,heldout,cub:9002
4601,heldout,cub:9027
4602,heldout,cub:9028
4604,heldout,cub:9030
4610,heldout,cub:9039
4612,heldout,cub:9041
4621,heldout,cub:9063
4623,heldout,cub:9067
4626,heldout,cub:9074
4627,heldout,cub:9076
4628,heldout,cub:9078
4630,heldout,cub:9083
4648,heldout,cub:9117
4655,heldout,cub:9126
4661,heldout,cub:9144
4667,heldout,cub:9157
4669,heldout,cub:9160
4671,heldout,cub:9162
4680,heldout,cub:9190
4682,heldout,cub:9192
4688,heldout,cub:9203
4693,heldout,cub:9210
4698,heldout,cub:9220
4703,heldout,cub:9226
4712,heldout,cub:9242
4713,heldout,cub:9244
4714,heldout,cub:9247
4720,heldout,cub:9263
4725,heldout,cub:9274
4734,heldout,cub:9290
4747,heldout,cub:9313
4752,heldout,cub:9322
4753,heldout,cub:9324
4761,heldout,cub:9340
4763,heldout,cub:9345
4765,heldout,cub:9351
4773,heldout,cub:9365
4777,heldout,cub:9372
4778,heldout,cub:9373
4780,heldout,cub:9376
4787,heldout,cub:9393
4789,heldout,cub:9400
4800,heldout,cub:9421
4803,heldout,cub:9425
4807,heldout,cub:9432
4808,heldout,cub:9434
4809,heldout,cub:9437
4817,heldout,cub:9450
4827,heldout,cub:9477
4832,heldout,cub:9484
4833,heldout,cub:9485
4839,heldout,cub:9501
4845,heldout,cub:9512
4853,heldout,cub:9525
4869,heldout,cub:9562
4870,heldout,cub:9563
4872,heldout,cub:9568
4876,heldout,cub:9575
4882,heldout,cub:9583
4885,heldout,cub:9590
4887,heldout,cub:9594
4894,heldout,cub:9609
4897,heldout,cub:9617
4907,heldout,cub:9632
4908,heldout,cub:9635
4910,heldout,cub:9639
4917,heldout,cub:9653
4926,heldout,cub:9672
4927,heldout,cub:9674
4933,heldout,cub:9682
4941,heldout,cub:9703
4943,heldout,cub:9707
4946,heldout,cub:9712
4948,heldout,cub:9715
4949,heldout,cub:9719
4958,heldout,cub:9735
4962,heldout,cub:9745
4972,heldout,cub:9762
4992,heldout,cub:9806
4993,heldout,cub:9808
4994,heldout,cub:9810
4998,heldout,cub:9815
5000,heldout,cub:9824
5001,heldout,cub:9825
5014,heldout,cub:9850
5015,heldout,cub:9852
5016,heldout,cub:9853
5023,heldout,cub:9864
5025,heldout,cub:9869
5026,heldout,cub:9871
5043,heldout,cub:9902
5048,heldout,cub:9916
5052,heldout,cub:9928
5059,heldout,cub:9938
5060,heldout,cub:9939
5065,heldout,cub:9947
5066,heldout,cub:9948
5067,heldout,cub:9950
5070,heldout,cub:9954
5075,heldout,cub:9963
5076,heldout,cub:9964
5081,heldout,cub:9969
5098,heldout,cub:10012
5103,heldout,cub:10018
5113,heldout,cub:10040
5119,heldout,cub:10051
5123,heldout,cub:10063
5124,heldout,cub:10066
5135,heldout,cub:10086
5141,heldout,cub:10103
5142,heldout,cub:10104
5144,heldout,cub:10107
5147,heldout,cub:10113
5154,heldout,cub:10125
5156,heldout,cub:10128
5163,heldout,cub:10146
5166,heldout,cub:10152
5175,heldout,cub:10165
5182,heldout,cub:10180
5185,heldout,cub:10186
5188,heldout,cub:10191
5192,heldout,cub:10200
5193,heldout,cub:10202
5206,heldout,cub:10227
5210,heldout,cub:10240
5215,heldout,cub:10247
5217,heldout,cub:10249
5221,heldout,cub:10260
5234,heldout,cub:10278
5239,heldout,cub:10287
5242,heldout,cub:10303
5243,heldout,cub:10304
5246,heldout,cub:10309
5247,heldout,cub:10311
5256,heldout,cub:10330
5267,heldout,cub:10349
5269,heldout,cub:10353
5273,heldout,cub:10362
5282,heldout,cub:10378
5294,heldout,cub:10406
5296,heldout,cub:10409
5297,heldout,cub:10410
5300,heldout,cub:10414
5301,heldout,cub:10416
5308,heldout,cub:10430
5311,heldout,cub:10436
5313,heldout,cub:10440
5329,heldout,cub:10469
5331,heldout,cub:10474
5334,heldout,cub:10481
5337,heldout,cub:10486
5343,heldout,cub:10498
5347,heldout,cub:10508
5349,heldout,cub:10510
5352,heldout,cub:10513
5356,heldout,cub:10524
5367,heldout,cub:10545
5371,heldout,cub:10555
5374,heldout,cub:10559
5386,heldout,cub:10582
5392,heldout,cub:10595
5395,heldout,cub:10602
5396,heldout,cub:10603
5401,heldout,cub:10612
5402,heldout,cub:10613
5410,heldout,cub:10630
5414,heldout,cub:10636
5422,heldout,cub:10657
5427,heldout,cub:10665
5437,heldout,cub:10690
5442,heldout,cub:10696
5448,heldout,cub:10708
5451,heldout,cub:10711
5455,heldout,cub:10718
5457,heldout,cub:10724
5460,heldout,cub:10731
5463,heldout,cub:10738
5466,heldout,cub:10743
5470,heldout,cub:10756
5480,heldout,cub:10771
5493,heldout,cub:10794
5494,heldout,cub:10795
5497,heldout,cub:10800
5505,heldout,cub:10817
5510,heldout,cub:10823
5514,heldout,cub:10836
5518,heldout,cub:10849
5520,heldout,cub:10851
5530,heldout,cub:10873
5535,heldout,cub:10884
5540,heldout,cub:10894
5543,heldout,cub:10897
5557,heldout,cub:10932
5559,heldout,cub:10934
5562,heldout,cub:10941
5564,heldout,cub:10944
5566,heldout,cub:10948
5572,heldout,cub:10958
5579,heldout,cub:10967
5581,heldout,cub:10969
5594,heldout,cub:10994
5597,heldout,cub:10997
5603,heldout,cub:11007
5604,heldout,cub:11008
5613,heldout,cub:11022
5620,heldout,cub:11037
5621,heldout,cub:11038
5627,heldout,cub:11056
5631,heldout,cub:11061
5632,heldout,cub:11065
5636,heldout,cub:11072
5640,heldout,cub:11076
5642,heldout,cub:11083
5646,heldout,cub:11088
5649,heldout,cub:11092
5662,heldout,cub:11120
5672,heldout,cub:11147
5682,heldout,cub:11159
5684,heldout,cub:11166
5688,heldout,cub:11178
5689,heldout,cub:11179
5692,heldout,cub:11185
5702,heldout,cub:11211
5712,heldout,cub:11228
5713,heldout,cub:11229
5716,heldout,cub:11235
5717,heldout,cub:11236
5722,heldout,cub:11243
5731,heldout,cub:11265
5736,heldout,cub:11276
5737,heldout,cub:11277
5739,heldout,cub:11280
5749,heldout,cub:11300
5752,heldout,cub:11304
5760,heldout,cub:11323
5775,heldout,cub:11355
5777,heldout,cub:11358
5780,heldout,cub:11363
5782,heldout,cub:11366
5784,heldout,cub:11369
5793,heldout,cub:11391
5802,heldout,cub:11407
5805,heldout,cub:11412
5806,heldout,cub:11414
5807,heldout,cub:11416
5814,heldout,cub:11429
5816,heldout,cub:11433
5820,heldout,cub:11440
5825,heldout,cub:11448
5827,heldout,cub:11452
5830,heldout,cub:11460
5834,heldout,cub:11468
5857,heldout,cub:11512
5858,heldout,cub:11516
5861,heldout,cub:11522
5862,heldout,cub:11524
5868,heldout,cub:11536
5874,heldout,cub:11552
5879,heldout,cub:11557
5889,heldout,cub:11582
5890,heldout,cub:11584
5894,heldout,cub:11591
5903,heldout,cub:11607
5904,heldout,cub:11610
5907,heldout,cub:11614
5918,heldout,cub:11634
5919,heldout,cub:11635
5920,heldout,cub:11636
5929,heldout,cub:11663
5936,heldout,cub:11677
5944,heldout,cub:11694
5947,heldout,cub:11698
5951,heldout,cub:11706
5952,heldout,cub:11708
5953,heldout,cub:11710
5964,heldout,cub:11731
5966,heldout,cub:11734
5968,heldout,cub:11738
5969,heldout,cub:11739
5976,heldout,cub:11754
5983,heldout,cub:11765
