sample_id,fold,y_true,y_pred
0,3,0,0
1,0,0,0
2,2,0,0
3,2,0,0
4,0,0,0
5,2,0,0
6,4,1,1
7,3,2,2
8,0,0,0
9,4,2,2
10,0,0,0
11,3,3,63
12,1,0,0
13,4,3,3
14,1,2,2
15,2,0,0
16,1,0,0
17,3,2,2
18,1,0,0
19,1,1,1
20,1,0,0
21,2,0,0
22,1,3,63
23,1,2,2
24,1,0,0
25,3,2,2
26,3,1,1
27,4,3,3
28,2,0,0
29,1,1,1
30,2,3,3
31,4,4,4
32,4,2,2
33,1,0,0
34,0,5,5
35,4,0,0
36,1,0,0
37,2,4,4
38,3,0,0
39,1,4,4
40,4,1,1
41,2,0,0
42,1,4,4
43,1,4,4
44,3,5,5
45,0,4,4
46,2,2,2
47,4,3,3
48,3,3,3
49,3,2,2
50,1,3,63
51,4,3,3
52,4,2,2
53,1,4,4
54,1,3,3
55,1,2,2
56,3,0,0
57,4,0,0
58,0,2,2
59,2,1,1
60,3,4,4
61,0,5,5
62,0,2,2
63,2,3,70
64,4,6,6
65,0,0,0
66,3,3,3
67,2,0,0
68,2,4,4
69,2,4,4
70,2,4,4
71,2,5,5
72,1,2,2
73,3,7,7
74,3,1,1
75,4,4,4
76,2,6,6
77,3,6,6
78,0,3,70
79,4,4,4
80,4,5,5
81,0,5,5
82,0,5,5
83,3,1,1
84,4,7,7
85,1,0,0
86,2,5,5
87,1,0,0
88,3,1,1
89,1,7,7
90,2,5,5
91,0,3,63
92,1,8,8
93,1,1,1
94,3,3,3
95,1,8,8
96,1,5,5
97,0,9,9
98,2,8,8
99,1,9,9
100,4,0,0
101,3,7,7
102,0,9,9
103,0,2,2
104,1,10,10
105,4,9,9
106,0,0,0
107,1,0,0
108,3,4,4
109,2,6,6
110,1,3,70
111,0,7,7
112,0,3,3
113,1,4,4
114,2,10,10
115,4,1,1
116,4,9,9
117,0,8,8
118,1,6,6
119,3,2,2
120,3,7,7
121,3,3,3
122,0,2,2
123,3,5,5
124,4,11,11
125,0,7,7
126,2,1,1
127,2,11,11
128,3,2,2
129,1,0,0
130,3,12,12
131,0,0,0
132,1,11,11
133,3,5,5
134,0,6,6
135,1,1,1
136,4,0,0
137,0,13,13
138,0,4,4
139,2,14,14
140,1,0,0
141,4,13,13
142,0,2,2
143,1,13,13
144,4,3,3
145,1,6,6
146,2,7,7
147,0,14,14
148,0,2,2
149,0,9,9
150,3,4,4
151,2,2,2
152,3,9,9
153,3,15,15
154,1,12,12
155,3,4,4
156,3,12,12
157,1,11,24
158,1,11,11
159,4,15,15
160,3,13,13
161,1,9,9
162,2,3,3
163,2,1,1
164,1,0,0
165,3,5,5
166,1,16,16
167,2,17,17
168,4,4,4
169,1,6,6
170,0,1,1
171,3,7,7
172,2,4,4
173,3,15,15
174,2,6,6
175,0,7,7
176,2,2,2
177,0,1,1
178,0,0,0
179,0,0,0
180,3,1,1
181,4,8,68
182,4,12,12
183,4,1,1
184,2,3,3
185,3,17,17
186,3,9,9
187,3,10,10
188,1,7,7
189,1,16,16
190,1,14,14
191,0,13,13
192,1,2,2
193,3,3,3
194,1,14,14
195,4,3,70
196,3,3,3
197,2,14,14
198,2,10,10
199,2,18,18
200,1,14,14
201,1,3,70
202,2,15,15
203,4,12,12
204,4,19,19
205,1,4,4
206,2,11,11
207,0,14,14
208,4,2,2
209,1,14,14
210,2,20,20
211,4,11,11
212,1,12,12
213,4,8,8
214,4,8,8
215,3,20,20
216,2,21,21
217,0,11,24
218,3,2,2
219,4,12,12
220,1,7,7
221,2,3,70
222,2,20,20
223,4,10,10
224,2,0,0
225,2,14,14
226,1,3,3
227,2,22,22
228,0,2,2
229,3,15,15
230,4,19,19
231,1,14,14
232,0,10,10
233,2,10,10
234,3,3,3
235,2,23,23
236,1,24,24
237,1,11,11
238,0,12,12
239,1,20,20
240,2,12,12
241,3,12,12
242,0,10,10
243,1,2,2
244,1,20,20
245,3,23,23
246,2,12,12
247,0,3,3
248,4,2,2
249,3,4,4
250,0,1,1
251,0,13,13
252,4,4,4
253,4,19,19
254,1,13,13
255,3,22,22
256,1,0,0
257,4,24,24
258,0,10,10
259,3,25,25
260,4,5,5
261,2,17,17
262,1,26,26
263,2,17,17
264,0,20,20
265,3,10,10
266,4,22,22
267,2,18,18
268,0,12,12
269,3,10,10
270,2,23,23
271,3,13,13
272,3,19,19
273,4,26,26
274,3,18,18
275,2,17,17
276,2,8,8
277,0,11,11
278,2,13,13
279,1,23,23
280,3,2,2
281,3,20,20
282,4,21,21
283,2,21,21
284,4,23,23
285,4,4,4
286,1,22,22
287,1,8,8
288,2,0,0
289,3,8,8
290,1,19,19
291,1,26,26
292,1,2,2
293,1,20,20
294,0,12,12
295,0,17,17
296,4,2,2
297,2,19,19
298,2,27,27
299,1,16,16
300,2,7,7
301,3,8,8
302,2,0,0
303,1,3,3
304,2,27,27
305,2,1,1
306,0,0,0
307,0,5,5
308,3,13,13
309,2,11,24
310,2,4,4
311,3,28,28
312,0,29,29
313,1,2,2
314,0,17,17
315,1,25,25
316,3,25,25
317,3,2,2
318,3,14,14
319,2,10,10
320,3,14,14
321,1,13,13
322,0,8,8
323,1,15,15
324,4,30,30
325,4,10,10
326,0,30,30
327,2,18,18
328,3,19,19
329,2,5,5
330,3,15,15
331,2,21,21
332,0,1,1
333,0,31,31
334,4,9,9
335,2,5,5
336,3,2,2
337,3,32,32
338,3,10,10
339,1,30,30
340,1,4,4
341,0,19,19
342,2,20,20
343,0,3,70
344,1,33,33
345,4,0,0
346,0,1,1
347,0,13,13
348,2,13,13
349,0,14,14
350,1,11,11
351,2,34,34
352,2,27,27
353,4,9,9
354,2,8,8
355,4,0,0
356,0,17,17
357,2,17,17
358,4,18,18
359,0,1,1
360,0,1,1
361,2,13,13
362,4,22,22
363,2,35,35
364,3,13,13
365,0,36,36
366,3,23,23
367,4,5,5
368,1,3,63
369,0,14,14
370,1,36,36
371,0,2,2
372,3,10,10
373,1,6,6
374,2,13,13
375,1,10,10
376,3,9,9
377,2,4,4
378,0,18,18
379,3,22,22
380,1,24,24
381,1,21,21
382,3,19,19
383,1,15,15
384,0,19,19
385,4,37,37
386,1,0,0
387,3,13,13
388,1,8,104
389,4,20,20
390,2,14,14
391,0,24,24
392,2,12,12
393,4,38,38
394,4,39,39
395,1,9,9
396,4,19,19
397,4,40,40
398,0,7,7
399,4,12,12
400,1,20,20
401,0,41,41
402,3,25,25
403,3,4,4
404,4,1,1
405,4,0,0
406,0,26,26
407,0,0,0
408,0,42,42
409,3,43,43
410,0,26,26
411,2,24,11
412,0,30,30
413,1,34,34
414,1,25,25
415,4,11,24
416,1,19,19
417,0,31,31
418,4,40,40
419,2,17,17
420,1,17,17
421,0,24,24
422,0,2,2
423,1,37,37
424,3,25,25
425,1,4,4
426,3,23,23
427,4,31,31
428,4,27,27
429,1,33,33
430,4,16,16
431,0,3,3
432,3,43,43
433,4,22,22
434,4,6,6
435,2,5,5
436,2,6,6
437,4,39,39
438,2,28,28
439,2,6,6
440,0,32,32
441,0,14,14
442,0,24,11
443,4,21,21
444,1,10,10
445,2,19,19
446,4,9,9
447,3,29,29
448,0,0,0
449,3,8,8
450,0,10,10
451,4,22,22
452,3,39,39
453,2,17,17
454,0,24,24
455,3,15,15
456,0,4,4
457,2,15,15
458,2,10,10
459,4,14,14
460,0,0,0
461,0,5,5
462,4,32,32
463,1,20,20
464,4,44,44
465,2,2,2
466,1,40,40
467,4,17,17
468,1,11,11
469,0,24,24
470,3,3,70
471,0,39,39
472,0,8,8
473,2,11,24
474,4,31,31
475,4,24,24
476,3,36,36
477,2,7,7
478,1,26,26
479,2,13,13
480,3,37,37
481,4,5,5
482,0,37,37
483,0,45,45
484,1,6,6
485,2,46,46
486,2,12,12
487,2,9,9
488,3,6,6
489,4,8,8
490,3,37,37
491,2,16,150
492,4,9,9
493,0,43,43
494,2,47,47
495,0,13,13
496,4,4,4
497,1,1,1
498,4,31,31
499,1,24,24
500,2,3,3
501,1,1,1
502,0,34,34
503,4,6,6
504,2,47,47
505,3,48,48
506,4,7,7
507,4,6,6
508,0,46,46
509,1,33,33
510,0,9,9
511,1,40,40
512,3,39,39
513,2,45,45
514,0,44,44
515,2,4,4
516,0,33,33
517,3,42,42
518,4,22,22
519,4,25,25
520,3,0,0
521,0,9,9
522,1,49,49
523,2,42,42
524,3,0,0
525,4,18,18
526,3,18,18
527,0,12,12
528,4,10,10
529,3,26,26
530,3,27,27
531,4,50,50
532,4,13,13
533,4,29,29
534,3,1,1
535,3,36,36
536,1,45,45
537,3,51,51
538,1,3,3
539,0,52,52
540,0,50,50
541,1,24,24
542,0,2,2
543,2,24,11
544,4,1,1
545,3,15,15
546,3,53,53
547,1,9,9
548,0,17,17
549,3,0,0
550,1,30,30
551,4,13,13
552,2,7,7
553,2,39,39
554,4,38,38
555,4,22,22
556,4,3,3
557,4,1,1
558,1,3,70
559,3,6,6
560,3,1,1
561,0,54,54
562,1,12,12
563,4,35,35
564,1,29,29
565,4,13,13
566,3,1,1
567,4,20,20
568,0,43,43
569,3,0,0
570,1,19,19
571,3,3,63
572,2,26,26
573,4,55,55
574,4,20,20
575,4,11,11
576,3,23,23
577,3,24,11
578,2,14,14
579,2,5,5
580,0,50,50
581,2,38,38
582,2,5,5
583,2,4,4
584,4,12,12
585,3,56,56
586,2,15,15
587,2,40,40
588,2,13,13
589,3,48,48
590,0,23,23
591,2,2,2
592,1,0,0
593,4,26,26
594,4,24,24
595,0,50,50
596,0,51,51
597,1,27,27
598,3,29,29
599,0,13,13
600,2,10,10
601,4,2,2
602,4,26,26
603,3,1,1
604,0,12,12
605,4,10,10
606,4,52,52
607,0,14,14
608,2,44,44
609,3,35,35
610,1,5,5
611,1,57,57
612,2,35,35
613,4,0,0
614,1,18,18
615,4,8,8
616,1,12,12
617,3,2,2
618,1,26,26
619,2,58,58
620,4,59,59
621,2,25,25
622,0,60,60
623,0,51,51
624,3,19,19
625,1,9,9
626,1,1,1
627,4,44,44
628,2,42,42
629,2,0,0
630,0,0,0
631,0,47,47
632,2,29,29
633,4,15,15
634,2,5,5
635,4,20,20
636,1,37,37
637,4,41,41
638,3,19,19
639,3,2,2
640,3,5,5
641,3,56,56
642,4,10,10
643,2,14,14
644,3,41,41
645,1,7,7
646,2,9,9
647,4,45,45
648,1,0,0
649,0,20,20
650,3,46,46
651,3,25,25
652,4,28,28
653,2,18,18
654,4,61,61
655,3,2,2
656,4,32,32
657,4,34,34
658,1,26,26
659,2,62,62
660,2,47,47
661,2,16,16
662,1,32,32
663,3,2,2
664,1,35,141
665,2,21,21
666,2,19,19
667,3,45,45
668,4,44,44
669,0,23,23
670,1,13,13
671,1,33,33
672,3,7,7
673,4,16,44
674,0,24,24
675,1,40,40
676,4,33,33
677,1,38,38
678,1,37,37
679,2,8,8
680,4,46,46
681,1,15,15
682,1,49,49
683,1,47,47
684,4,34,34
685,2,4,4
686,3,39,39
687,4,51,51
688,4,32,32
689,0,26,26
690,1,0,0
691,2,10,10
692,0,25,25
693,4,0,0
694,0,51,51
695,1,20,20
696,0,5,5
697,1,20,20
698,1,44,44
699,3,27,27
700,1,34,34
701,1,23,23
702,1,27,27
703,3,58,58
704,1,35,35
705,3,3,3
706,2,9,9
707,1,25,25
708,1,24,24
709,0,36,36
710,0,54,54
711,3,27,27
712,3,55,55
713,4,63,3
714,0,50,50
715,3,40,40
716,1,35,35
717,1,50,50
718,1,7,7
719,0,19,19
720,2,64,64
721,3,40,40
722,0,0,0
723,0,27,27
724,4,29,29
725,0,31,31
726,3,16,16
727,3,23,23
728,4,63,63
729,2,14,14
730,1,21,21
731,4,53,53
732,3,26,26
733,2,37,37
734,3,20,20
735,2,63,3
736,4,1,1
737,4,13,13
738,2,55,55
739,3,39,39
740,4,2,2
741,0,65,65
742,4,23,23
743,4,14,14
744,4,35,35
745,4,17,17
746,3,54,54
747,3,45,45
748,1,34,34
749,4,61,61
750,3,19,19
751,0,2,2
752,4,4,4
753,2,48,48
754,3,6,6
755,0,59,59
756,1,4,4
757,4,11,24
758,0,21,21
759,2,31,31
760,0,11,11
761,4,28,28
762,0,13,13
763,1,18,18
764,3,53,53
765,2,3,3
766,2,33,33
767,1,44,44
768,1,32,32
769,0,22,22
770,2,22,22
771,3,6,6
772,4,47,47
773,4,10,10
774,1,3,3
775,1,47,47
776,0,46,46
777,0,29,29
778,4,10,10
779,4,46,46
780,1,49,49
781,3,34,34
782,2,66,66
783,2,51,51
784,0,58,58
785,3,65,65
786,4,30,30
787,4,27,27
788,0,0,0
789,3,0,0
790,0,27,27
791,0,67,67
792,2,24,24
793,2,46,46
794,2,29,29
795,0,44,44
796,1,55,55
797,2,43,43
798,4,68,68
799,3,59,59
800,3,61,61
801,3,58,58
802,1,0,0
803,2,16,16
804,4,67,67
805,3,39,39
806,3,17,17
807,3,38,38
808,2,42,42
809,0,49,49
810,1,0,0
811,2,38,38
812,4,34,34
813,3,22,162
814,0,30,30
815,3,21,21
816,1,65,65
817,3,69,69
818,1,59,59
819,1,21,21
820,3,14,14
821,1,19,19
822,3,70,70
823,0,47,47
824,1,11,11
825,4,0,0
826,4,61,61
827,4,64,64
828,4,62,62
829,1,58,58
830,3,39,39
831,2,53,53
832,4,34,34
833,1,38,38
834,0,8,8
835,3,19,19
836,2,44,44
837,0,41,41
838,0,53,53
839,1,30,21
840,2,39,39
841,4,17,17
842,0,4,4
843,1,10,10
844,3,25,25
845,4,46,46
846,0,27,27
847,3,49,49
848,4,20,20
849,3,54,54
850,3,27,27
851,4,13,13
852,1,12,12
853,0,37,37
854,2,52,52
855,1,67,67
856,4,30,30
857,4,59,59
858,4,21,21
859,1,37,37
860,1,42,42
861,4,18,18
862,0,50,50
863,4,44,44
864,2,29,29
865,4,16,16
866,2,4,4
867,0,48,48
868,3,47,47
869,3,22,22
870,1,30,30
871,4,52,52
872,4,1,1
873,0,4,4
874,0,7,7
875,2,9,9
876,0,60,60
877,4,62,62
878,3,32,32
879,2,23,23
880,1,46,46
881,4,71,71
882,2,70,3
883,3,65,65
884,0,67,67
885,2,52,52
886,1,5,5
887,2,38,38
888,4,1,1
889,0,30,30
890,3,30,30
891,1,21,21
892,3,0,0
893,1,66,66
894,4,52,52
895,2,43,43
896,3,72,72
897,4,10,10
898,2,2,2
899,0,69,69
900,0,63,63
901,3,24,11
902,4,61,61
903,3,73,73
904,2,24,24
905,4,17,17
906,4,57,57
907,0,57,57
908,4,11,11
909,0,59,59
910,4,16,16
911,3,14,14
912,2,8,8
913,0,48,48
914,2,52,52
915,1,48,48
916,4,1,1
917,3,74,74
918,2,55,55
919,2,74,74
920,1,7,7
921,2,75,75
922,4,64,64
923,1,12,12
924,1,65,65
925,1,64,64
926,4,3,3
927,1,59,59
928,3,1,1
929,3,65,65
930,4,47,47
931,3,8,8
932,4,47,47
933,3,27,27
934,2,27,27
935,2,71,71
936,1,28,28
937,2,58,58
938,4,56,56
939,3,64,64
940,3,64,64
941,3,3,3
942,4,76,76
943,3,73,73
944,2,54,54
945,3,77,77
946,0,60,60
947,0,66,66
948,2,71,71
949,0,39,39
950,0,42,42
951,1,11,11
952,2,0,0
953,4,50,50
954,3,78,78
955,0,79,79
956,4,14,14
957,0,6,6
958,1,35,35
959,2,21,21
960,0,20,20
961,3,7,7
962,0,65,65
963,0,54,54
964,0,37,37
965,3,80,80
966,0,49,49
967,4,2,2
968,0,9,9
969,1,76,76
970,0,50,50
971,4,59,59
972,2,0,0
973,1,19,19
974,4,29,29
975,4,23,23
976,1,43,43
977,4,64,64
978,2,76,76
979,2,39,39
980,4,71,71
981,2,64,64
982,2,50,50
983,0,50,50
984,4,7,7
985,1,72,72
986,2,7,7
987,4,24,11
988,0,64,64
989,4,1,1
990,1,14,14
991,1,76,76
992,3,79,79
993,1,53,53
994,1,59,59
995,2,54,54
996,0,3,3
997,4,56,56
998,3,66,66
999,1,51,51
1000,3,66,66
1001,3,16,16
1002,3,16,16
1003,3,8,8
1004,4,81,81
1005,0,34,34
1006,1,45,45
1007,1,47,47
1008,0,19,19
1009,4,7,7
1010,0,60,60
1011,0,3,3
1012,1,53,53
1013,2,33,33
1014,3,9,9
1015,1,20,20
1016,4,66,66
1017,3,13,13
1018,4,17,17
1019,2,28,28
1020,1,43,43
1021,4,34,34
1022,0,26,26
1023,3,40,40
1024,2,17,17
1025,1,55,55
1026,3,4,4
1027,4,41,41
1028,2,5,5
1029,0,69,69
1030,4,26,26
1031,3,54,54
1032,0,2,2
1033,0,24,24
1034,3,29,29
1035,2,55,55
1036,1,15,15
1037,3,68,68
1038,4,61,61
1039,3,31,31
1040,0,12,12
1041,2,19,19
1042,3,20,20
1043,3,25,25
1044,0,81,81
1045,0,49,49
1046,1,77,77
1047,0,4,4
1048,0,82,82
1049,0,53,53
1050,2,48,48
1051,3,77,77
1052,0,65,65
1053,4,72,72
1054,1,23,23
1055,1,8,8
1056,4,0,0
1057,4,26,26
1058,1,56,56
1059,2,80,80
1060,4,46,46
1061,0,66,66
1062,0,16,16
1063,0,62,62
1064,3,78,78
1065,1,42,42
1066,4,37,37
1067,1,13,13
1068,1,14,14
1069,2,4,4
1070,2,74,74
1071,4,27,27
1072,2,49,49
1073,2,4,4
1074,2,47,47
1075,0,49,49
1076,4,13,13
1077,1,7,7
1078,2,75,75
1079,1,18,18
1080,2,82,82
1081,3,75,75
1082,0,1,1
1083,1,30,30
1084,0,46,46
1085,1,12,12
1086,2,59,59
1087,0,1,1
1088,1,53,53
1089,3,20,20
1090,1,82,82
1091,3,41,41
1092,3,13,13
1093,4,63,3
1094,2,0,0
1095,3,64,64
1096,4,55,55
1097,0,83,83
1098,2,49,49
1099,0,84,84
1100,0,66,66
1101,1,3,22
1102,1,42,42
1103,2,78,78
1104,3,61,61
1105,3,44,44
1106,1,59,59
1107,2,53,53
1108,4,43,43
1109,4,19,19
1110,4,64,64
1111,2,3,3
1112,3,4,4
1113,1,25,25
1114,4,75,75
1115,1,69,69
1116,3,2,2
1117,2,56,56
1118,3,58,58
1119,4,14,14
1120,2,60,91
1121,4,60,60
1122,1,0,0
1123,2,31,31
1124,4,55,55
1125,3,63,63
1126,3,64,64
1127,2,43,43
1128,3,39,39
1129,3,7,7
1130,3,4,4
1131,0,57,57
1132,3,38,38
1133,0,39,39
1134,4,59,59
1135,2,0,0
1136,3,31,31
1137,4,79,79
1138,4,15,15
1139,4,0,0
1140,2,0,0
1141,0,11,11
1142,2,82,82
1143,1,24,11
1144,0,23,23
1145,0,82,82
1146,1,0,0
1147,4,0,0
1148,0,1,1
1149,1,13,13
1150,1,47,47
1151,3,67,67
1152,2,85,85
1153,4,74,74
1154,4,11,24
1155,2,12,12
1156,2,1,1
1157,1,22,22
1158,3,48,48
1159,2,11,11
1160,2,47,47
1161,4,84,84
1162,3,76,76
1163,3,29,29
1164,2,54,54
1165,1,81,81
1166,3,27,27
1167,3,86,86
1168,3,52,52
1169,1,42,42
1170,1,68,68
1171,2,76,76
1172,2,41,41
1173,4,75,75
1174,3,50,50
1175,2,5,5
1176,0,46,46
1177,3,26,26
1178,0,1,1
1179,2,54,54
1180,1,37,37
1181,4,86,86
1182,4,83,83
1183,2,27,27
1184,0,78,78
1185,0,38,38
1186,3,52,52
1187,2,75,75
1188,0,81,81
1189,2,17,17
1190,2,7,7
1191,0,6,6
1192,4,68,68
1193,0,34,34
1194,4,27,27
1195,0,55,55
1196,3,3,63
1197,1,14,14
1198,1,67,67
1199,0,71,71
1200,2,1,1
1201,2,56,56
1202,1,34,34
1203,3,7,7
1204,3,87,87
1205,0,9,9
1206,0,0,0
1207,3,25,25
1208,1,51,51
1209,2,2,2
1210,1,34,34
1211,3,1,1
1212,3,36,36
1213,2,63,63
1214,0,46,46
1215,2,29,29
1216,1,42,42
1217,4,19,19
1218,3,56,56
1219,0,79,79
1220,1,88,88
1221,0,15,15
1222,3,12,12
1223,4,54,54
1224,3,74,74
1225,1,15,15
1226,4,54,54
1227,4,77,77
1228,0,89,89
1229,3,34,34
1230,0,52,52
1231,0,0,0
1232,1,46,46
1233,2,0,0
1234,1,15,15
1235,3,75,75
1236,1,45,45
1237,1,63,63
1238,3,63,63
1239,2,15,15
1240,3,90,90
1241,1,73,73
1242,4,87,87
1243,3,85,85
1244,0,24,24
1245,4,90,90
1246,3,44,44
1247,2,71,71
1248,1,10,10
1249,4,39,39
1250,1,3,70
1251,2,43,43
1252,0,36,36
1253,0,91,91
1254,2,7,7
1255,2,37,37
1256,4,3,3
1257,2,50,50
1258,2,50,50
1259,1,15,15
1260,3,23,23
1261,1,86,86
1262,4,80,80
1263,1,48,48
1264,1,44,44
1265,2,61,61
1266,3,29,29
1267,4,51,51
1268,2,42,42
1269,2,11,11
1270,4,50,50
1271,1,81,81
1272,0,43,43
1273,3,56,56
1274,0,0,0
1275,2,24,24
1276,4,74,74
1277,0,58,58
1278,1,37,37
1279,2,79,79
1280,4,67,67
1281,4,50,50
1282,1,78,78
1283,3,14,14
1284,4,92,92
1285,1,47,47
1286,1,92,92
1287,1,14,14
1288,4,88,88
1289,4,22,22
1290,0,4,4
1291,4,79,79
1292,1,58,58
1293,2,89,89
1294,1,84,84
1295,2,88,88
1296,3,93,93
1297,3,7,7
1298,2,8,8
1299,1,54,54
1300,0,54,54
1301,3,7,7
1302,4,13,13
1303,2,1,1
1304,3,45,45
1305,3,10,10
1306,2,2,2
1307,0,61,61
1308,1,58,58
1309,0,43,43
1310,0,36,36
1311,1,0,0
1312,2,44,44
1313,1,69,69
1314,4,81,81
1315,3,81,81
1316,3,94,94
1317,3,42,42
1318,2,80,80
1319,2,30,30
1320,2,1,1
1321,0,37,37
1322,2,33,33
1323,4,49,49
1324,0,19,19
1325,3,32,32
1326,3,64,64
1327,0,71,71
1328,2,5,5
1329,0,64,64
1330,3,27,27
1331,0,6,6
1332,0,21,21
1333,1,16,16
1334,2,50,50
1335,0,67,67
1336,1,92,92
1337,4,89,89
1338,3,23,23
1339,4,4,4
1340,1,53,53
1341,1,37,37
1342,3,12,12
1343,2,26,26
1344,0,29,29
1345,2,73,73
1346,0,33,33
1347,1,0,0
1348,2,36,36
1349,1,11,11
1350,1,5,5
1351,2,74,74
1352,4,43,43
1353,2,53,53
1354,1,14,14
1355,0,4,4
1356,1,10,10
1357,4,18,18
1358,0,6,6
1359,3,62,62
1360,4,8,8
1361,0,20,20
1362,4,5,5
1363,4,0,0
1364,1,82,82
1365,0,46,46
1366,3,30,30
1367,3,73,73
1368,0,48,48
1369,1,44,44
1370,1,91,91
1371,1,59,59
1372,3,93,93
1373,2,31,31
1374,0,58,58
1375,2,30,30
1376,0,95,95
1377,0,25,25
1378,0,14,14
1379,4,67,67
1380,1,56,56
1381,0,56,56
1382,2,71,71
1383,0,71,71
1384,4,12,12
1385,3,34,34
1386,4,24,11
1387,4,43,43
1388,1,67,67
1389,4,79,79
1390,4,6,6
1391,1,26,26
1392,1,96,96
1393,2,42,42
1394,3,61,61
1395,3,49,49
1396,2,75,75
1397,4,35,35
1398,4,27,27
1399,4,0,0
1400,4,79,79
1401,2,67,67
1402,3,55,55
1403,0,24,24
1404,4,0,0
1405,0,2,2
1406,0,34,34
1407,4,60,60
1408,2,8,8
1409,1,44,44
1410,0,90,90
1411,4,92,92
1412,2,61,61
1413,1,8,8
1414,1,73,73
1415,0,21,21
1416,2,75,75
1417,4,94,94
1418,4,23,23
1419,4,20,20
1420,3,60,60
1421,0,16,16
1422,1,43,43
1423,0,41,41
1424,1,67,67
1425,2,30,30
1426,0,17,17
1427,0,73,73
1428,3,40,40
1429,4,49,49
1430,1,48,48
1431,3,88,88
1432,4,6,6
1433,0,30,30
1434,4,13,13
1435,2,41,41
1436,3,91,91
1437,0,27,27
1438,4,53,53
1439,4,59,59
1440,4,44,44
1441,0,97,97
1442,0,96,96
1443,3,35,35
1444,3,62,62
1445,4,22,22
1446,2,88,88
1447,1,50,50
1448,0,51,51
1449,2,27,27
1450,4,16,16
1451,4,0,0
1452,4,70,70
1453,1,85,85
1454,1,70,3
1455,3,76,76
1456,2,69,69
1457,2,90,90
1458,1,38,38
1459,4,3,3
1460,4,66,66
1461,4,41,41
1462,0,57,57
1463,0,71,71
1464,4,58,58
1465,4,24,24
1466,1,31,31
1467,4,0,0
1468,2,59,59
1469,4,0,0
1470,0,29,29
1471,1,86,86
1472,0,62,62
1473,4,57,57
1474,2,20,20
1475,0,26,26
1476,4,30,30
1477,4,75,75
1478,0,30,30
1479,3,3,3
1480,2,46,46
1481,3,47,47
1482,0,77,77
1483,1,15,15
1484,1,86,86
1485,2,46,46
1486,3,35,35
1487,1,54,54
1488,0,50,50
1489,3,61,61
1490,2,39,39
1491,3,88,88
1492,0,0,0
1493,2,12,12
1494,3,27,27
1495,4,69,69
1496,3,4,4
1497,2,8,8
1498,0,39,39
1499,4,87,87
1500,4,55,55
1501,2,98,98
1502,2,86,86
1503,1,55,55
1504,4,45,45
1505,4,50,50
1506,1,16,16
1507,2,4,4
1508,0,17,17
1509,1,61,61
1510,3,0,0
1511,3,78,78
1512,4,5,5
1513,4,98,91
1514,4,33,33
1515,4,51,51
1516,0,34,34
1517,1,74,74
1518,3,10,10
1519,1,99,99
1520,4,2,2
1521,0,36,36
1522,1,50,50
1523,2,83,83
1524,1,79,104
1525,1,3,3
1526,2,19,19
1527,2,59,59
1528,1,30,30
1529,2,22,22
1530,2,33,33
1531,3,5,5
1532,1,61,61
1533,0,26,26
1534,1,1,1
1535,2,100,100
1536,4,48,48
1537,2,101,101
1538,1,98,98
1539,3,37,37
1540,2,51,51
1541,0,24,24
1542,1,88,88
1543,0,66,66
1544,4,24,11
1545,1,24,24
1546,3,64,64
1547,4,24,24
1548,4,93,93
1549,1,61,61
1550,0,43,43
1551,1,24,24
1552,3,0,0
1553,2,3,63
1554,2,13,13
1555,2,58,58
1556,0,24,24
1557,1,49,49
1558,4,51,51
1559,3,49,49
1560,3,3,3
1561,1,99,99
1562,2,9,9
1563,3,70,70
1564,1,28,28
1565,2,72,72
1566,4,63,3
1567,0,67,67
1568,4,24,11
1569,4,2,2
1570,1,28,28
1571,2,58,58
1572,4,102,102
1573,4,37,37
1574,0,45,45
1575,1,68,68
1576,3,0,0
1577,3,7,7
1578,1,61,61
1579,0,13,13
1580,4,48,48
1581,1,45,45
1582,2,93,93
1583,0,26,26
1584,3,47,47
1585,0,73,73
1586,4,79,104
1587,0,13,13
1588,0,19,19
1589,1,97,97
1590,4,19,19
1591,4,82,82
1592,3,103,103
1593,2,101,101
1594,0,101,101
1595,4,36,36
1596,3,7,7
1597,0,99,99
1598,0,77,77
1599,4,44,44
1600,2,11,24
1601,4,82,82
1602,1,1,1
1603,3,104,104
1604,0,35,35
1605,4,74,74
1606,2,12,12
1607,1,79,79
1608,2,98,98
1609,0,81,81
1610,0,62,62
1611,3,100,100
1612,3,105,105
1613,1,12,12
1614,4,94,94
1615,1,87,87
1616,2,36,36
1617,0,21,21
1618,1,15,15
1619,3,103,103
1620,2,66,66
1621,2,18,18
1622,4,12,12
1623,1,63,63
1624,0,7,7
1625,0,96,96
1626,0,22,22
1627,2,6,6
1628,4,106,106
1629,1,16,16
1630,1,87,87
1631,2,23,23
1632,4,66,66
1633,3,1,1
1634,2,64,64
1635,4,65,65
1636,3,0,0
1637,1,45,45
1638,4,47,47
1639,1,46,46
1640,3,99,99
1641,3,99,99
1642,3,93,93
1643,4,31,31
1644,0,85,85
1645,3,84,84
1646,2,45,45
1647,0,76,76
1648,2,36,36
1649,2,68,68
1650,1,95,95
1651,1,25,25
1652,0,36,36
1653,4,34,34
1654,4,50,50
1655,4,7,7
1656,2,90,90
1657,3,42,42
1658,1,51,51
1659,4,53,53
1660,4,66,66
1661,1,107,107
1662,0,4,4
1663,0,82,82
1664,4,36,36
1665,1,108,108
1666,0,87,87
1667,1,42,42
1668,4,16,16
1669,4,58,58
1670,1,2,2
1671,4,47,47
1672,4,35,35
1673,0,22,22
1674,4,25,25
1675,2,96,96
1676,1,62,62
1677,1,101,101
1678,1,109,109
1679,2,28,28
1680,1,109,109
1681,0,32,32
1682,2,31,31
1683,0,69,69
1684,1,104,104
1685,1,8,8
1686,4,2,2
1687,1,36,36
1688,0,70,70
1689,0,56,56
1690,1,3,63
1691,3,99,99
1692,2,43,43
1693,2,34,34
1694,3,7,7
1695,3,0,0
1696,2,1,1
1697,0,41,41
1698,0,110,110
1699,4,6,6
1700,0,91,91
1701,0,89,89
1702,4,107,107
1703,4,98,98
1704,4,45,45
1705,2,15,15
1706,2,3,3
1707,4,111,111
1708,2,99,99
1709,2,111,111
1710,4,64,64
1711,4,6,6
1712,0,74,74
1713,0,8,8
1714,3,109,109
1715,3,29,29
1716,4,54,116
1717,3,4,4
1718,1,35,35
1719,3,50,50
1720,4,33,33
1721,0,0,0
1722,2,112,112
1723,3,65,65
1724,4,65,65
1725,0,21,21
1726,4,90,134
1727,4,7,7
1728,3,9,9
1729,2,83,83
1730,2,65,65
1731,2,0,0
1732,1,85,85
1733,3,105,105
1734,2,86,86
1735,3,42,42
1736,2,8,8
1737,3,37,37
1738,3,113,113
1739,3,98,98
1740,1,63,63
1741,0,41,41
1742,4,64,64
1743,4,48,48
1744,1,12,12
1745,2,110,110
1746,2,77,77
1747,1,13,13
1748,3,25,25
1749,4,96,96
1750,3,114,114
1751,1,83,83
1752,0,6,6
1753,2,60,60
1754,0,63,63
1755,4,87,87
1756,4,111,111
1757,1,115,115
1758,4,93,93
1759,3,54,54
1760,4,48,48
1761,4,75,75
1762,2,57,57
1763,3,112,112
1764,1,13,13
1765,4,105,105
1766,0,17,17
1767,1,101,101
1768,4,99,99
1769,2,94,94
1770,0,5,5
1771,3,72,72
1772,0,14,14
1773,2,23,23
1774,2,104,104
1775,0,75,75
1776,2,41,41
1777,1,26,26
1778,1,75,75
1779,1,70,70
1780,0,17,17
1781,3,51,51
1782,3,30,30
1783,1,86,86
1784,2,70,70
1785,2,56,56
1786,1,71,71
1787,1,86,86
1788,1,57,57
1789,3,32,32
1790,3,82,82
1791,2,6,6
1792,3,98,98
1793,0,46,46
1794,2,93,93
1795,2,14,14
1796,0,79,104
1797,1,116,116
1798,2,6,6
1799,0,75,75
1800,4,30,30
1801,3,117,117
1802,2,59,59
1803,1,2,2
1804,1,27,27
1805,3,32,32
1806,0,81,81
1807,4,45,45
1808,0,85,85
1809,1,110,110
1810,2,19,19
1811,3,10,10
1812,0,59,59
1813,0,0,0
1814,2,30,30
1815,3,45,45
1816,0,11,11
1817,0,86,86
1818,3,77,77
1819,2,62,62
1820,3,56,56
1821,3,92,92
1822,4,5,5
1823,4,2,2
1824,0,68,68
1825,4,22,22
1826,2,118,118
1827,2,48,48
1828,3,86,86
1829,0,27,27
1830,1,66,66
1831,1,13,13
1832,3,63,63
1833,1,44,44
1834,1,39,39
1835,0,119,119
1836,3,13,13
1837,1,74,74
1838,0,97,97
1839,2,79,79
1840,0,13,13
1841,2,50,50
1842,4,88,88
1843,3,80,80
1844,3,65,65
1845,0,106,106
1846,3,4,4
1847,4,15,15
1848,2,93,103
1849,3,32,32
1850,1,100,100
1851,4,3,3
1852,3,42,42
1853,3,74,74
1854,1,17,17
1855,3,20,20
1856,0,38,38
1857,0,60,60
1858,2,85,85
1859,4,83,83
1860,2,30,30
1861,0,93,93
1862,1,56,56
1863,4,17,17
1864,2,95,95
1865,1,42,42
1866,2,21,21
1867,4,14,14
1868,4,113,113
1869,4,2,2
1870,4,41,41
1871,2,24,11
1872,4,18,18
1873,1,4,4
1874,1,100,100
1875,1,120,120
1876,1,48,48
1877,0,44,44
1878,0,62,62
1879,1,24,24
1880,0,63,63
1881,4,51,51
1882,3,62,62
1883,1,29,29
1884,2,111,111
1885,1,60,60
1886,3,52,52
1887,0,44,44
1888,0,101,101
1889,2,78,78
1890,1,74,74
1891,1,19,19
1892,4,89,89
1893,4,39,39
1894,1,40,40
1895,4,11,11
1896,3,49,49
1897,0,60,60
1898,1,10,10
1899,0,32,32
1900,4,0,0
1901,4,47,47
1902,1,112,112
1903,3,121,121
1904,2,107,107
1905,4,42,42
1906,1,44,44
1907,3,69,69
1908,1,81,81
1909,3,42,42
1910,2,2,2
1911,2,104,104
1912,4,37,37
1913,4,1,1
1914,1,91,91
1915,4,26,26
1916,2,122,122
1917,0,31,31
1918,0,16,16
1919,2,19,19
1920,2,115,115
1921,1,0,0
1922,2,123,123
1923,2,21,21
1924,2,0,0
1925,4,35,35
1926,1,30,30
1927,1,124,124
1928,4,44,44
1929,0,71,71
1930,3,82,82
1931,3,107,107
1932,1,20,20
1933,4,72,72
1934,1,110,110
1935,0,45,45
1936,3,107,107
1937,4,5,5
1938,0,118,118
1939,0,6,6
1940,4,33,33
1941,0,18,18
1942,3,47,47
1943,2,70,3
1944,2,11,24
1945,2,103,103
1946,3,51,51
1947,4,125,125
1948,1,93,93
1949,2,87,87
1950,2,0,0
1951,0,125,125
1952,3,11,11
1953,0,3,3
1954,2,116,116
1955,4,21,21
1956,2,82,82
1957,4,102,102
1958,4,84,84
1959,3,94,94
1960,3,43,43
1961,3,15,15
1962,4,14,14
1963,2,67,67
1964,2,102,102
1965,2,52,52
1966,0,88,88
1967,0,68,68
1968,4,126,126
1969,0,27,27
1970,2,24,11
1971,2,43,43
1972,3,15,15
1973,4,101,101
1974,2,127,127
1975,0,20,20
1976,3,43,43
1977,2,64,64
1978,3,92,92
1979,4,10,10
1980,2,120,120
1981,3,0,0
1982,3,57,57
1983,0,10,10
1984,0,122,122
1985,0,78,78
1986,0,29,29
1987,4,4,4
1988,1,43,43
1989,1,51,51
1990,1,66,66
1991,4,22,22
1992,4,52,52
1993,2,28,28
1994,3,84,84
1995,3,120,120
1996,0,21,21
1997,0,70,3
1998,0,92,92
1999,2,19,19
2000,0,8,8
2001,4,13,13
2002,3,19,19
2003,2,41,41
2004,0,105,105
2005,2,87,87
2006,3,83,83
2007,4,73,73
2008,3,105,105
2009,1,64,56
2010,0,64,64
2011,3,75,75
2012,1,125,125
2013,3,95,95
2014,2,97,97
2015,1,6,6
2016,0,82,82
2017,4,24,11
2018,2,32,32
2019,1,47,47
2020,4,18,18
2021,1,68,68
2022,1,113,113
2023,3,104,104
2024,2,52,52
2025,3,1,1
2026,3,17,17
2027,0,69,69
2028,0,80,80
2029,2,58,58
2030,1,13,13
2031,1,114,114
2032,0,64,64
2033,3,22,22
2034,4,65,65
2035,3,78,78
2036,4,77,77
2037,0,52,52
2038,4,32,32
2039,0,33,33
2040,2,101,101
2041,3,63,63
2042,4,38,38
2043,1,14,14
2044,4,98,98
2045,2,74,74
2046,1,19,19
2047,4,93,93
2048,3,35,35
2049,0,14,14
2050,3,54,54
2051,1,21,21
2052,3,44,44
2053,3,106,106
2054,0,8,8
2055,3,55,55
2056,3,14,14
2057,4,56,56
2058,2,89,89
2059,2,60,60
2060,0,110,110
2061,3,121,121
2062,3,43,43
2063,3,1,1
2064,4,11,24
2065,4,69,69
2066,2,88,88
2067,1,98,98
2068,1,4,4
2069,4,0,0
2070,1,4,4
2071,2,121,121
2072,1,9,9
2073,1,113,113
2074,0,26,26
2075,1,101,101
2076,3,109,109
2077,1,94,94
2078,4,1,1
2079,3,0,0
2080,1,76,60
2081,0,128,128
2082,4,45,45
2083,3,12,12
2084,1,94,94
2085,3,77,77
2086,0,6,6
2087,3,18,18
2088,3,110,110
2089,1,24,24
2090,0,61,61
2091,2,25,25
2092,1,64,64
2093,4,6,6
2094,0,31,31
2095,2,93,93
2096,4,109,109
2097,3,119,119
2098,1,0,0
2099,3,36,36
2100,1,71,71
2101,3,1,1
2102,2,41,41
2103,0,84,84
2104,2,121,121
2105,1,64,64
2106,4,111,111
2107,0,49,49
2108,1,77,77
2109,0,44,44
2110,3,58,58
2111,2,34,34
2112,2,59,59
2113,2,129,129
2114,1,61,61
2115,4,37,37
2116,4,88,88
2117,0,119,119
2118,3,66,66
2119,2,35,35
2120,2,17,17
2121,3,57,57
2122,4,99,99
2123,1,105,105
2124,1,5,5
2125,3,70,70
2126,0,121,121
2127,4,62,62
2128,0,38,38
2129,2,86,86
2130,3,21,21
2131,3,10,10
2132,1,120,120
2133,3,0,0
2134,1,19,19
2135,1,96,96
2136,3,45,45
2137,2,116,116
2138,2,115,115
2139,3,29,29
2140,4,62,62
2141,4,80,80
2142,2,17,17
2143,0,127,127
2144,0,69,69
2145,0,126,126
2146,4,44,44
2147,4,52,52
2148,2,21,21
2149,2,98,98
2150,1,33,33
2151,0,81,81
2152,0,10,10
2153,4,81,81
2154,2,104,104
2155,2,7,7
2156,1,12,12
2157,3,88,88
2158,1,41,41
2159,1,54,54
2160,2,0,0
2161,4,96,96
2162,0,129,129
2163,0,113,113
2164,3,8,8
2165,0,62,62
2166,0,20,20
2167,4,57,57
2168,4,35,35
2169,4,98,98
2170,2,12,12
2171,3,90,90
2172,3,130,130
2173,4,76,76
2174,2,0,0
2175,0,58,58
2176,1,74,74
2177,0,0,0
2178,0,9,9
2179,3,16,16
2180,1,123,123
2181,4,131,131
2182,0,1,1
2183,1,30,30
2184,0,112,112
2185,2,89,89
2186,3,46,46
2187,3,16,16
2188,2,6,6
2189,3,56,56
2190,3,34,34
2191,1,16,16
2192,4,117,117
2193,3,50,50
2194,1,51,51
2195,0,68,68
2196,4,44,44
2197,1,89,89
2198,4,50,50
2199,4,71,71
2200,3,52,52
2201,2,2,2
2202,0,85,85
2203,4,112,112
2204,0,127,127
2205,3,64,64
2206,2,91,91
2207,4,104,79
2208,0,132,132
2209,0,39,39
2210,4,130,130
2211,1,59,59
2212,2,100,100
2213,1,107,107
2214,0,86,86
2215,2,72,72
2216,2,28,28
2217,1,28,28
2218,3,57,57
2219,3,42,42
2220,3,2,2
2221,0,47,47
2222,4,46,46
2223,3,3,70
2224,4,40,40
2225,2,35,35
2226,0,4,4
2227,2,29,29
2228,0,119,119
2229,3,45,45
2230,3,26,26
2231,2,29,29
2232,0,69,69
2233,4,94,94
2234,3,55,55
2235,1,21,21
2236,2,78,78
2237,4,87,87
2238,1,133,133
2239,3,88,88
2240,3,95,95
2241,2,102,102
2242,2,109,109
2243,0,103,103
2244,1,13,13
2245,2,134,134
2246,0,20,20
2247,3,0,0
2248,4,127,127
2249,2,50,50
2250,3,111,111
2251,2,128,128
2252,0,47,47
2253,0,115,115
2254,1,8,8
2255,0,64,64
2256,4,46,46
2257,2,18,18
2258,0,35,35
2259,1,98,98
2260,4,91,91
2261,1,11,11
2262,0,10,10
2263,0,70,70
2264,0,131,131
2265,2,16,16
2266,0,27,27
2267,3,100,100
2268,1,99,99
2269,1,50,50
2270,4,82,82
2271,1,88,88
2272,3,14,14
2273,2,133,133
2274,1,41,41
2275,3,17,17
2276,1,45,45
2277,2,85,85
2278,3,106,33
2279,1,105,84
2280,0,30,30
2281,2,11,11
2282,3,58,58
2283,0,114,114
2284,0,86,86
2285,4,37,37
2286,1,70,70
2287,1,112,112
2288,0,120,120
2289,2,44,44
2290,1,104,104
2291,2,97,97
2292,0,100,100
2293,1,11,11
2294,1,55,55
2295,2,96,96
2296,0,4,4
2297,4,96,96
2298,4,23,23
2299,0,42,42
2300,3,22,22
2301,2,114,114
2302,2,135,135
2303,0,63,63
2304,1,127,127
2305,4,62,62
2306,0,1,1
2307,3,8,8
2308,1,108,108
2309,1,8,8
2310,0,130,130
2311,1,19,19
2312,3,75,75
2313,2,99,99
2314,0,111,111
2315,0,19,19
2316,1,136,136
2317,1,0,0
2318,0,31,31
2319,3,62,62
2320,0,11,11
2321,2,115,115
2322,0,61,61
2323,3,29,29
2324,2,98,98
2325,3,11,11
2326,0,50,50
2327,2,37,37
2328,3,11,24
2329,2,43,43
2330,3,127,127
2331,3,86,86
2332,1,32,32
2333,3,6,6
2334,0,38,38
2335,2,98,98
2336,3,90,90
2337,1,34,34
2338,3,17,17
2339,4,52,52
2340,4,19,19
2341,1,72,72
2342,3,17,17
2343,1,105,105
2344,4,24,24
2345,0,15,15
2346,0,124,124
2347,0,58,58
2348,2,33,33
2349,2,17,17
2350,0,1,1
2351,3,99,99
2352,4,69,69
2353,4,52,52
2354,2,57,57
2355,1,52,52
2356,4,8,8
2357,2,21,21
2358,2,14,14
2359,4,137,137
2360,0,119,119
2361,0,78,78
2362,1,35,35
2363,1,24,24
2364,3,7,7
2365,1,75,75
2366,1,55,55
2367,0,138,138
2368,1,82,82
2369,0,108,108
2370,0,66,66
2371,1,53,53
2372,2,139,139
2373,2,21,21
2374,2,55,55
2375,3,1,1
2376,0,140,140
2377,1,4,4
2378,2,97,97
2379,2,43,43
2380,4,138,138
2381,0,58,58
2382,3,45,45
2383,0,1,1
2384,2,35,35
2385,0,141,141
2386,3,32,32
2387,3,62,62
2388,2,124,124
2389,1,115,115
2390,4,27,27
2391,4,93,93
2392,2,82,82
2393,2,20,20
2394,3,51,51
2395,2,79,79
2396,0,12,12
2397,1,6,6
2398,2,87,87
2399,2,87,87
2400,3,40,40
2401,4,5,5
2402,4,136,136
2403,2,37,37
2404,2,36,36
2405,3,47,47
2406,2,91,91
2407,1,97,97
2408,2,72,72
2409,2,142,142
2410,2,120,120
2411,4,95,95
2412,2,124,124
2413,4,17,17
2414,3,78,78
2415,4,99,99
2416,3,60,60
2417,2,31,31
2418,4,19,19
2419,4,15,15
2420,0,11,11
2421,3,143,143
2422,0,22,22
2423,2,2,2
2424,1,4,4
2425,3,72,72
2426,1,2,2
2427,2,10,10
2428,1,3,3
2429,2,24,24
2430,1,135,135
2431,4,99,99
2432,2,14,14
2433,3,58,58
2434,1,113,113
2435,4,9,9
2436,4,6,6
2437,2,62,62
2438,1,72,72
2439,4,112,112
2440,2,31,31
2441,4,139,139
2442,1,35,35
2443,1,48,48
2444,2,91,91
2445,1,144,144
2446,4,2,2
2447,3,111,111
2448,4,25,25
2449,2,111,111
2450,4,1,1
2451,0,74,74
2452,4,5,5
2453,3,119,119
2454,2,142,142
2455,0,14,14
2456,0,131,131
2457,4,82,82
2458,0,21,21
2459,3,21,21
2460,0,80,80
2461,2,72,72
2462,3,138,138
2463,0,75,75
2464,0,27,27
2465,1,34,34
2466,4,6,6
2467,4,23,23
2468,3,82,82
2469,3,27,27
2470,2,19,19
2471,1,64,64
2472,4,74,74
2473,0,29,29
2474,4,103,103
2475,1,140,140
2476,1,124,124
2477,4,121,121
2478,4,86,86
2479,2,81,81
2480,2,111,111
2481,3,66,66
2482,4,102,102
2483,3,24,11
2484,4,42,42
2485,4,115,115
2486,2,30,30
2487,3,141,141
2488,3,114,114
2489,1,78,78
2490,1,117,117
2491,0,128,128
2492,4,84,84
2493,3,129,129
2494,2,66,66
2495,2,145,145
2496,4,75,75
2497,2,123,123
2498,0,117,117
2499,2,118,118
2500,3,122,122
2501,2,117,117
2502,0,48,48
2503,3,131,131
2504,0,108,108
2505,1,54,54
2506,0,59,59
2507,2,1,1
2508,1,145,145
2509,3,128,128
2510,2,7,7
2511,2,66,66
2512,1,6,6
2513,0,38,38
2514,4,91,124
2515,2,108,108
2516,0,59,59
2517,3,72,72
2518,1,2,2
2519,0,3,70
2520,1,78,78
2521,2,146,146
2522,0,75,75
2523,2,44,44
2524,4,0,0
2525,1,117,117
2526,1,47,47
2527,2,85,85
2528,2,4,4
2529,2,138,138
2530,0,46,46
2531,0,56,56
2532,2,2,2
2533,0,147,147
2534,2,15,15
2535,2,37,37
2536,2,139,139
2537,1,133,133
2538,4,2,2
2539,2,113,113
2540,0,137,137
2541,1,22,22
2542,3,83,83
2543,2,105,105
2544,4,114,60
2545,3,1,1
2546,0,40,40
2547,2,50,50
2548,0,31,31
2549,3,146,146
2550,0,23,23
2551,3,87,87
2552,3,23,23
2553,3,119,119
2554,4,104,104
2555,0,74,74
2556,1,148,148
2557,3,14,14
2558,4,30,30
2559,0,45,45
2560,2,47,47
2561,1,8,8
2562,2,112,112
2563,4,50,50
2564,0,96,96
2565,3,80,80
2566,0,21,21
2567,2,22,22
2568,0,146,146
2569,0,149,149
2570,2,48,48
2571,3,75,75
2572,0,58,58
2573,0,52,52
2574,4,25,25
2575,0,43,43
2576,1,147,147
2577,4,15,15
2578,0,19,19
2579,0,139,139
2580,2,88,88
2581,0,91,91
2582,3,60,60
2583,0,30,30
2584,2,119,119
2585,3,78,78
2586,1,32,32
2587,3,105,105
2588,4,71,71
2589,2,2,2
2590,3,118,118
2591,4,67,67
2592,3,24,24
2593,2,83,83
2594,0,40,40
2595,4,7,7
2596,1,148,148
2597,1,130,130
2598,4,149,149
2599,1,49,49
2600,3,117,117
2601,3,30,30
2602,1,34,65
2603,2,94,94
2604,4,104,104
2605,3,60,60
2606,0,37,37
2607,2,83,83
2608,1,22,22
2609,1,27,27
2610,4,111,111
2611,3,105,105
2612,0,141,141
2613,1,14,14
2614,3,50,50
2615,3,55,55
2616,1,31,31
2617,2,1,1
2618,0,23,23
2619,2,87,87
2620,1,131,131
2621,1,96,96
2622,4,124,124
2623,4,115,115
2624,2,119,119
2625,1,69,69
2626,2,14,14
2627,0,82,82
2628,4,78,78
2629,2,113,113
2630,0,138,138
2631,3,99,99
2632,3,14,14
2633,1,104,104
2634,3,115,115
2635,0,55,55
2636,4,128,128
2637,3,64,64
2638,1,108,108
2639,0,96,96
2640,1,133,133
2641,3,33,33
2642,0,62,62
2643,0,0,0
2644,3,108,108
2645,4,9,9
2646,3,72,72
2647,0,71,71
2648,1,29,29
2649,2,15,15
2650,4,60,60
2651,1,76,76
2652,1,9,9
2653,4,24,11
2654,2,78,78
2655,0,137,137
2656,0,85,85
2657,3,34,34
2658,1,8,8
2659,1,32,32
2660,4,89,89
2661,0,28,28
2662,3,14,14
2663,0,11,11
2664,3,62,62
2665,4,59,59
2666,4,129,129
2667,3,53,53
2668,4,116,116
2669,1,149,149
2670,3,131,131
2671,3,85,85
2672,4,55,55
2673,3,29,29
2674,2,143,143
2675,1,134,134
2676,4,20,20
2677,1,23,23
2678,2,8,8
2679,4,110,110
2680,3,74,74
2681,2,143,143
2682,4,108,108
2683,3,43,43
2684,1,135,135
2685,4,86,86
2686,4,68,68
2687,2,18,18
2688,1,23,23
2689,2,9,9
2690,2,109,109
2691,0,135,135
2692,0,78,78
2693,0,105,105
2694,3,33,33
2695,3,136,136
2696,3,0,0
2697,3,126,126
2698,3,141,141
2699,3,120,120
2700,3,106,106
2701,2,130,130
2702,4,46,46
2703,0,44,44
2704,0,11,24
2705,3,112,112
2706,3,64,64
2707,1,115,115
2708,3,87,87
2709,2,17,17
2710,1,0,0
2711,3,89,89
2712,2,42,42
2713,1,34,34
2714,4,30,30
2715,4,51,51
2716,0,142,142
2717,3,138,138
2718,2,76,76
2719,0,8,8
2720,1,33,33
2721,3,119,119
2722,0,63,63
2723,1,85,85
2724,1,23,23
2725,1,72,72
2726,3,39,39
2727,1,44,44
2728,0,112,112
2729,3,71,71
2730,2,4,4
2731,2,86,86
2732,0,1,1
2733,4,141,141
2734,2,28,28
2735,0,13,13
2736,1,114,114
2737,1,9,9
2738,1,92,92
2739,2,19,19
2740,3,112,112
2741,0,23,23
2742,4,63,63
2743,3,133,133
2744,1,135,135
2745,1,82,82
2746,3,1,1
2747,0,128,128
2748,3,10,10
2749,3,105,105
2750,3,95,95
2751,0,100,100
2752,0,85,85
2753,1,68,68
2754,3,105,64
2755,0,24,11
2756,3,145,145
2757,0,88,88
2758,1,149,149
2759,4,102,102
2760,0,127,127
2761,1,146,146
2762,1,115,115
2763,1,137,137
2764,1,150,150
2765,3,10,10
2766,3,100,100
2767,0,29,29
2768,4,23,23
2769,0,43,43
2770,4,121,121
2771,2,77,77
2772,4,104,104
2773,0,108,108
2774,2,45,45
2775,1,14,14
2776,4,128,128
2777,0,34,34
2778,2,16,16
2779,2,113,113
2780,1,67,67
2781,1,51,51
2782,4,142,142
2783,3,26,26
2784,3,139,139
2785,3,6,6
2786,4,140,140
2787,4,77,77
2788,3,5,5
2789,0,95,95
2790,3,25,25
2791,4,93,93
2792,3,113,113
2793,3,38,38
2794,0,11,24
2795,3,30,30
2796,3,13,13
2797,2,127,127
2798,2,75,75
2799,0,35,35
2800,3,3,70
2801,0,14,14
2802,1,68,68
2803,1,143,143
2804,0,138,138
2805,1,84,84
2806,0,29,29
2807,3,27,27
2808,3,83,83
2809,2,118,118
2810,3,21,21
2811,3,93,93
2812,3,10,10
2813,0,148,148
2814,2,1,1
2815,2,48,48
2816,4,35,35
2817,4,25,25
2818,0,96,96
2819,1,52,52
2820,3,27,27
2821,1,38,38
2822,2,2,2
2823,0,142,142
2824,2,55,55
2825,4,17,17
2826,4,13,13
2827,0,107,107
2828,3,122,122
2829,1,50,50
2830,2,145,145
2831,0,149,149
2832,3,111,111
2833,1,60,60
2834,0,33,33
2835,0,37,37
2836,0,143,143
2837,3,20,20
2838,2,148,148
2839,2,30,30
2840,4,150,150
2841,4,0,0
2842,2,117,117
2843,0,125,125
2844,0,51,51
2845,1,36,36
2846,0,119,119
2847,4,53,53
2848,2,103,103
2849,0,48,48
2850,0,18,18
2851,1,96,96
2852,2,16,16
2853,0,4,4
2854,4,82,82
2855,4,78,78
2856,1,95,95
2857,0,4,4
2858,0,117,117
2859,2,19,19
2860,1,136,136
2861,0,18,18
2862,1,102,102
2863,2,90,90
2864,4,115,115
2865,2,88,88
2866,2,19,19
2867,3,114,114
2868,4,112,112
2869,2,138,138
2870,2,111,111
2871,1,1,1
2872,1,104,104
2873,4,97,97
2874,3,20,20
2875,4,83,83
2876,0,0,0
2877,2,80,80
2878,3,151,151
2879,0,37,37
2880,2,23,23
2881,2,8,8
2882,3,22,22
2883,4,7,7
2884,0,30,30
2885,3,152,152
2886,4,26,26
2887,4,2,2
2888,4,60,95
2889,1,94,94
2890,1,147,147
2891,3,65,65
2892,1,63,63
2893,2,70,70
2894,2,62,62
2895,1,124,124
2896,2,63,63
2897,4,38,38
2898,1,39,39
2899,2,129,129
2900,4,19,19
2901,0,150,150
2902,0,131,131
2903,1,71,71
2904,1,37,37
2905,3,6,6
2906,2,95,95
2907,3,57,57
2908,0,103,103
2909,4,113,113
2910,4,28,28
2911,1,26,26
2912,2,103,103
2913,2,50,50
2914,1,146,146
2915,0,120,120
2916,4,83,83
2917,1,27,27
2918,1,149,149
2919,3,134,134
2920,0,23,23
2921,0,0,0
2922,2,139,139
2923,1,13,13
2924,0,30,30
2925,3,130,130
2926,4,153,153
2927,0,55,55
2928,2,78,78
2929,2,20,20
2930,4,25,25
2931,0,57,57
2932,1,40,40
2933,3,24,11
2934,0,34,34
2935,0,19,19
2936,0,36,36
2937,3,15,15
2938,0,143,143
2939,3,132,132
2940,2,50,50
2941,4,85,85
2942,4,74,74
2943,3,16,16
2944,4,70,70
2945,4,82,82
2946,4,154,154
2947,0,14,14
2948,0,140,140
2949,4,37,37
2950,0,65,65
2951,0,39,39
2952,3,93,93
2953,2,144,144
2954,3,28,28
2955,1,72,72
2956,0,89,89
2957,0,70,70
2958,1,66,66
2959,1,9,9
2960,1,126,126
2961,0,113,113
2962,3,94,94
2963,3,118,118
2964,1,62,62
2965,0,149,149
2966,4,146,146
2967,3,155,155
2968,4,36,36
2969,3,82,82
2970,2,27,27
2971,4,78,78
2972,1,44,44
2973,1,69,69
2974,0,46,46
2975,0,120,120
2976,3,6,6
2977,2,17,17
2978,3,88,88
2979,2,90,90
2980,1,137,137
2981,1,99,99
2982,1,94,94
2983,2,145,145
2984,2,40,40
2985,2,23,23
2986,4,123,123
2987,3,46,46
2988,3,17,17
2989,4,30,30
2990,3,117,117
2991,0,23,23
2992,2,8,8
2993,4,30,30
2994,4,91,91
2995,0,3,70
2996,2,9,9
2997,2,125,125
2998,3,30,30
2999,1,64,64
3000,4,153,153
3001,0,27,27
3002,2,59,59
3003,3,156,156
3004,3,17,17
3005,1,151,151
3006,4,103,103
3007,3,122,122
3008,4,141,141
3009,0,150,150
3010,4,57,57
3011,0,79,79
3012,3,13,13
3013,3,151,151
3014,3,17,17
3015,1,35,35
3016,0,95,95
3017,0,98,98
3018,2,0,0
3019,2,4,4
3020,3,4,4
3021,3,0,0
3022,3,9,9
3023,2,100,100
3024,3,70,70
3025,4,10,10
3026,3,77,77
3027,1,3,70
3028,2,3,3
3029,4,75,75
3030,3,144,144
3031,1,8,8
3032,2,43,43
3033,4,0,0
3034,0,37,37
3035,2,133,133
3036,0,58,58
3037,3,88,88
3038,3,38,38
3039,4,61,61
3040,2,85,85
3041,4,29,29
3042,1,58,58
3043,1,65,65
3044,3,101,101
3045,1,70,70
3046,0,104,104
3047,1,59,59
3048,1,4,4
3049,3,100,100
3050,3,59,59
3051,0,133,133
3052,1,4,4
3053,2,40,40
3054,1,68,68
3055,1,27,27
3056,1,116,116
3057,4,120,120
3058,1,29,29
3059,3,127,127
3060,0,119,119
3061,1,61,61
3062,1,30,30
3063,1,102,102
3064,3,104,79
3065,1,107,107
3066,4,61,61
3067,4,92,92
3068,0,118,118
3069,1,55,55
3070,3,87,87
3071,3,0,0
3072,2,127,127
3073,2,11,11
3074,2,0,0
3075,1,94,94
3076,2,100,100
3077,1,1,1
3078,1,17,17
3079,3,56,56
3080,2,100,100
3081,1,12,12
3082,0,44,44
3083,1,10,10
3084,3,26,26
3085,2,68,68
3086,4,143,143
3087,0,90,90
3088,3,32,32
3089,4,136,136
3090,4,10,10
3091,4,148,148
3092,1,107,107
3093,4,1,1
3094,2,38,38
3095,0,22,22
3096,1,74,74
3097,3,5,5
3098,1,96,96
3099,1,2,2
3100,3,133,133
3101,2,126,126
3102,4,145,145
3103,0,101,101
3104,0,10,10
3105,2,22,22
3106,3,149,149
3107,4,41,41
3108,3,22,22
3109,1,152,152
3110,4,96,96
3111,4,78,78
3112,3,75,75
3113,2,11,24
3114,0,50,50
3115,2,10,10
3116,1,108,108
3117,0,133,133
3118,3,123,123
3119,4,76,76
3120,3,67,67
3121,1,133,133
3122,2,71,71
3123,3,45,45
3124,2,3,63
3125,4,63,3
3126,0,22,22
3127,2,112,112
3128,0,85,85
3129,4,90,90
3130,1,68,68
3131,4,157,157
3132,4,137,137
3133,3,117,117
3134,1,69,69
3135,2,65,65
3136,4,99,99
3137,3,33,33
3138,0,14,14
3139,3,86,86
3140,2,123,123
3141,2,107,107
3142,2,40,40
3143,2,3,3
3144,2,126,126
3145,0,108,108
3146,1,110,110
3147,2,89,89
3148,4,101,101
3149,3,85,85
3150,4,130,130
3151,0,128,128
3152,0,85,85
3153,4,17,17
3154,1,84,84
3155,2,48,48
3156,4,8,8
3157,0,106,106
3158,0,52,52
3159,0,16,16
3160,2,52,52
3161,4,44,44
3162,3,69,69
3163,3,155,155
3164,4,74,74
3165,4,157,157
3166,0,8,8
3167,4,50,50
3168,1,1,1
3169,1,17,17
3170,0,158,158
3171,4,10,10
3172,2,37,37
3173,0,36,36
3174,0,98,98
3175,2,14,14
3176,3,108,108
3177,3,159,159
3178,4,15,15
3179,1,90,90
3180,4,114,114
3181,4,158,158
3182,0,155,155
3183,4,0,0
3184,2,17,17
3185,1,109,109
3186,4,61,61
3187,0,119,119
3188,3,151,151
3189,3,89,89
3190,2,72,72
3191,4,1,1
3192,0,0,0
3193,2,42,42
3194,4,85,85
3195,4,151,151
3196,1,5,5
3197,1,56,56
3198,0,16,16
3199,2,48,48
3200,4,57,57
3201,3,115,115
3202,3,49,49
3203,4,14,14
3204,4,6,6
3205,2,133,133
3206,2,62,62
3207,1,71,71
3208,4,84,84
3209,1,82,82
3210,2,112,112
3211,1,93,93
3212,2,80,80
3213,0,135,135
3214,1,126,126
3215,1,152,152
3216,3,124,124
3217,1,39,39
3218,3,100,100
3219,2,62,62
3220,0,50,50
3221,3,36,36
3222,0,45,45
3223,0,87,87
3224,2,12,12
3225,0,3,3
3226,1,79,79
3227,2,77,77
3228,1,115,115
3229,4,137,137
3230,4,72,72
3231,0,2,2
3232,3,133,133
3233,3,140,140
3234,4,33,33
3235,1,10,10
3236,4,108,108
3237,1,52,52
3238,0,32,32
3239,2,42,42
3240,4,22,22
3241,1,63,63
3242,2,74,74
3243,3,93,93
3244,3,78,78
3245,4,86,86
3246,3,72,72
3247,3,17,17
3248,4,19,19
3249,4,110,110
3250,2,106,106
3251,3,8,8
3252,1,48,48
3253,0,94,94
3254,0,4,4
3255,4,28,28
3256,0,37,37
3257,1,72,72
3258,2,38,38
3259,2,13,13
3260,0,37,37
3261,1,55,55
3262,1,1,1
3263,3,41,41
3264,2,64,64
3265,1,10,10
3266,1,41,41
3267,1,158,158
3268,2,34,34
3269,3,0,0
3270,1,74,74
3271,1,142,142
3272,2,148,148
3273,4,95,95
3274,3,0,0
3275,0,69,69
3276,4,151,151
3277,4,65,65
3278,0,89,89
3279,1,146,146
3280,1,152,152
3281,4,4,4
3282,1,98,91
3283,3,31,31
3284,1,119,119
3285,2,1,1
3286,3,128,128
3287,1,58,58
3288,2,13,13
3289,3,31,31
3290,0,49,49
3291,4,12,12
3292,2,158,158
3293,1,119,119
3294,2,34,34
3295,0,98,98
3296,3,1,1
3297,2,88,88
3298,3,144,144
3299,4,56,56
3300,1,125,125
3301,0,35,35
3302,2,91,91
3303,1,5,5
3304,3,155,155
3305,3,21,21
3306,1,19,19
3307,3,44,44
3308,0,157,157
3309,1,0,0
3310,1,111,111
3311,0,11,24
3312,1,78,78
3313,0,2,2
3314,2,155,155
3315,0,24,24
3316,4,48,48
3317,1,160,160
3318,0,11,11
3319,2,112,112
3320,2,48,48
3321,2,33,33
3322,2,26,26
3323,3,12,12
3324,4,45,45
3325,2,17,17
3326,0,29,29
3327,2,19,19
3328,2,62,62
3329,1,34,34
3330,2,48,48
3331,0,146,146
3332,3,153,153
3333,2,139,139
3334,1,57,57
3335,0,139,139
3336,1,18,18
3337,3,38,38
3338,1,60,60
3339,0,50,50
3340,1,76,60
3341,4,99,99
3342,2,26,26
3343,4,104,104
3344,1,4,4
3345,4,39,39
3346,3,12,12
3347,0,154,154
3348,3,14,14
3349,2,20,20
3350,2,88,88
3351,0,11,24
3352,2,50,50
3353,1,33,33
3354,4,2,2
3355,3,52,52
3356,2,129,129
3357,2,59,59
3358,4,155,155
3359,3,133,133
3360,2,102,102
3361,2,99,99
3362,0,120,120
3363,3,102,102
3364,4,52,52
3365,0,70,3
3366,3,17,17
3367,0,25,25
3368,3,133,133
3369,4,141,141
3370,4,95,95
3371,0,145,145
3372,0,3,63
3373,4,37,37
3374,1,75,75
3375,1,109,109
3376,3,70,70
3377,1,29,29
3378,4,132,132
3379,1,2,2
3380,1,158,158
3381,2,69,69
3382,3,65,65
3383,1,43,43
3384,3,106,106
3385,3,27,27
3386,2,132,132
3387,3,147,147
3388,3,75,75
3389,3,11,24
3390,1,104,104
3391,1,33,33
3392,2,42,42
3393,4,84,84
3394,4,97,97
3395,1,42,42
3396,1,50,50
3397,3,104,79
3398,4,124,124
3399,4,105,105
3400,1,75,75
3401,0,120,120
3402,4,142,142
3403,4,144,144
3404,2,32,32
3405,0,143,143
3406,3,18,18
3407,2,59,59
3408,3,138,138
3409,3,102,102
3410,1,5,5
3411,2,155,155
3412,3,139,139
3413,1,20,20
3414,2,47,47
3415,3,10,10
3416,4,97,97
3417,4,67,67
3418,3,44,44
3419,0,140,140
3420,0,91,91
3421,4,64,64
3422,3,103,103
3423,2,123,123
3424,3,55,55
3425,2,158,158
3426,0,92,92
3427,3,3,3
3428,2,107,107
3429,2,3,63
3430,4,3,3
3431,4,98,98
3432,1,50,50
3433,3,141,141
3434,1,159,159
3435,2,73,73
3436,3,158,158
3437,0,83,83
3438,3,53,53
3439,0,45,45
3440,1,20,20
3441,1,157,157
3442,4,47,47
3443,4,8,8
3444,2,103,103
3445,2,24,24
3446,1,90,90
3447,3,11,11
3448,1,74,74
3449,1,92,92
3450,0,96,96
3451,2,48,48
3452,2,85,85
3453,4,144,144
3454,4,19,19
3455,2,87,87
3456,3,122,122
3457,1,5,5
3458,4,0,0
3459,1,90,90
3460,4,61,61
3461,1,95,95
3462,2,95,95
3463,0,146,146
3464,2,137,137
3465,1,4,4
3466,4,123,123
3467,4,81,81
3468,2,132,132
3469,1,135,135
3470,1,127,127
3471,3,47,47
3472,2,72,72
3473,0,144,144
3474,4,100,100
3475,3,100,100
3476,1,33,33
3477,0,33,33
3478,0,84,84
3479,2,82,82
3480,2,45,45
3481,1,20,20
3482,1,48,48
3483,3,110,110
3484,0,22,22
3485,0,65,65
3486,0,25,25
3487,3,75,75
3488,3,41,41
3489,3,40,40
3490,1,22,22
3491,4,23,23
3492,2,68,68
3493,1,13,13
3494,1,41,41
3495,2,118,118
3496,3,123,123
3497,1,130,130
3498,3,29,29
3499,1,84,84
3500,0,0,0
3501,2,99,99
3502,1,132,132
3503,4,67,67
3504,1,137,137
3505,3,74,74
3506,3,128,128
3507,1,111,111
3508,4,70,70
3509,4,146,146
3510,0,18,18
3511,2,50,50
3512,1,17,17
3513,2,48,48
3514,0,8,8
3515,0,33,33
3516,3,61,61
3517,0,53,53
3518,4,13,13
3519,3,7,7
3520,2,111,111
3521,0,4,4
3522,4,40,40
3523,4,7,7
3524,4,62,62
3525,4,10,10
3526,3,29,29
3527,0,44,44
3528,0,122,122
3529,0,17,17
3530,3,114,114
3531,4,23,23
3532,0,145,145
3533,4,3,3
3534,4,77,77
3535,0,161,161
3536,1,27,27
3537,2,58,58
3538,4,111,111
3539,2,115,115
3540,2,159,159
3541,2,124,124
3542,1,93,93
3543,1,47,47
3544,4,54,116
3545,1,5,5
3546,3,10,10
3547,3,125,125
3548,0,41,41
3549,2,13,13
3550,0,89,89
3551,1,8,8
3552,2,148,148
3553,1,6,6
3554,4,135,135
3555,0,99,99
3556,0,84,84
3557,3,94,94
3558,0,47,47
3559,1,143,143
3560,2,13,13
3561,2,10,10
3562,4,12,12
3563,3,81,81
3564,2,20,20
3565,2,58,58
3566,2,5,5
3567,1,74,74
3568,4,136,136
3569,0,8,8
3570,3,36,36
3571,4,131,131
3572,1,136,136
3573,4,107,107
3574,2,122,122
3575,2,83,83
3576,4,87,87
3577,0,101,101
3578,0,123,123
3579,1,101,101
3580,1,27,27
3581,4,68,68
3582,4,109,109
3583,4,90,90
3584,3,156,156
3585,0,115,115
3586,1,131,131
3587,2,89,89
3588,4,91,91
3589,2,104,104
3590,0,65,65
3591,1,133,133
3592,2,117,117
3593,1,118,118
3594,3,76,76
3595,0,87,87
3596,3,25,25
3597,0,129,129
3598,0,93,93
3599,2,130,130
3600,1,135,135
3601,1,13,13
3602,1,86,86
3603,4,79,79
3604,3,103,103
3605,2,35,35
3606,2,121,121
3607,4,82,82
3608,1,65,65
3609,4,152,152
3610,0,61,61
3611,4,68,68
3612,1,139,139
3613,1,9,9
3614,3,90,90
3615,0,96,96
3616,1,25,25
3617,0,15,15
3618,0,118,118
3619,1,115,104
3620,4,49,49
3621,2,131,131
3622,4,10,10
3623,0,93,93
3624,3,52,52
3625,4,86,86
3626,1,68,68
3627,3,145,145
3628,3,90,90
3629,2,162,162
3630,2,96,96
3631,1,23,23
3632,3,79,79
3633,2,38,38
3634,1,7,7
3635,3,152,152
3636,3,47,47
3637,0,91,91
3638,2,46,46
3639,1,142,142
3640,2,154,154
3641,3,125,125
3642,1,45,45
3643,0,22,22
3644,4,5,5
3645,4,3,3
3646,1,88,88
3647,2,117,117
3648,4,87,87
3649,1,156,156
3650,2,13,13
3651,2,49,49
3652,4,104,104
3653,3,141,141
3654,4,20,20
3655,4,30,30
3656,4,40,40
3657,2,4,4
3658,4,8,8
3659,3,89,89
3660,3,48,48
3661,3,73,73
3662,3,99,99
3663,3,0,0
3664,1,97,97
3665,1,152,152
3666,4,17,17
3667,3,6,6
3668,3,8,8
3669,3,9,9
3670,1,158,158
3671,4,76,76
3672,3,8,8
3673,4,61,61
3674,3,143,143
3675,2,30,30
3676,1,91,91
3677,1,116,116
3678,2,120,120
3679,1,87,87
3680,0,141,141
3681,1,162,162
3682,1,88,88
3683,0,92,110
3684,0,74,74
3685,1,49,49
3686,0,134,134
3687,0,68,68
3688,2,75,75
3689,1,50,50
3690,2,49,49
3691,0,160,160
3692,1,163,163
3693,4,90,90
3694,0,30,30
3695,4,30,30
3696,1,58,58
3697,3,12,12
3698,1,29,29
3699,0,129,129
3700,3,93,93
3701,2,23,23
3702,4,72,72
3703,0,161,161
3704,4,37,37
3705,0,80,80
3706,1,86,86
3707,3,48,48
3708,1,31,31
3709,3,12,12
3710,1,152,152
3711,1,142,142
3712,3,30,30
3713,2,149,149
3714,0,58,58
3715,3,146,146
3716,0,81,81
3717,1,83,83
3718,2,125,125
3719,2,152,152
3720,0,5,5
3721,0,70,70
3722,4,11,11
3723,0,57,57
3724,1,10,10
3725,3,63,63
3726,1,12,12
3727,3,97,97
3728,1,143,143
3729,4,24,24
3730,0,10,10
3731,0,95,95
3732,3,30,30
3733,4,70,70
3734,3,105,105
3735,1,111,111
3736,2,122,122
3737,3,24,24
3738,4,91,91
3739,0,30,30
3740,0,123,123
3741,4,158,158
3742,1,158,158
3743,1,82,82
3744,1,103,103
3745,3,14,14
3746,1,164,164
3747,3,26,26
3748,4,43,43
3749,3,130,130
3750,0,34,34
3751,2,152,152
3752,3,150,150
3753,4,76,76
3754,4,45,45
3755,3,130,130
3756,4,165,165
3757,0,150,150
3758,3,152,152
3759,2,20,20
3760,4,27,27
3761,1,70,70
3762,4,3,3
3763,3,99,99
3764,0,161,161
3765,3,24,24
3766,1,136,136
3767,3,56,56
3768,3,98,98
3769,0,162,162
3770,4,94,94
3771,0,80,80
3772,2,137,137
3773,3,18,18
3774,0,101,101
3775,3,36,36
3776,1,34,34
3777,3,99,99
3778,4,34,34
3779,1,29,29
3780,4,52,52
3781,0,152,152
3782,3,76,76
3783,3,146,146
3784,3,89,89
3785,1,21,21
3786,3,94,94
3787,4,59,59
3788,4,93,93
3789,4,120,120
3790,1,99,99
3791,4,82,82
3792,0,72,72
3793,4,151,151
3794,1,120,120
3795,0,134,134
3796,2,73,73
3797,1,77,77
3798,0,7,7
3799,0,135,135
3800,2,92,92
3801,3,66,66
3802,4,108,108
3803,3,145,145
3804,4,29,29
3805,4,47,47
3806,3,166,166
3807,4,132,132
3808,0,4,4
3809,4,70,70
3810,2,89,89
3811,3,137,137
3812,4,36,36
3813,3,40,40
3814,2,79,79
3815,1,148,148
3816,4,14,14
3817,2,74,74
3818,0,92,92
3819,4,104,104
3820,0,63,63
3821,2,144,144
3822,3,118,118
3823,2,15,15
3824,4,15,15
3825,3,96,58
3826,1,16,16
3827,3,31,31
3828,4,75,75
3829,3,97,58
3830,3,30,30
3831,1,67,67
3832,2,27,27
3833,0,121,121
3834,0,103,103
3835,0,55,55
3836,4,137,137
3837,3,84,84
3838,4,29,29
3839,2,29,29
3840,3,8,8
3841,2,126,126
3842,4,130,130
3843,0,111,111
3844,4,167,167
3845,0,47,47
3846,1,20,20
3847,3,6,6
3848,2,135,135
3849,2,160,160
3850,4,11,24
3851,0,84,84
3852,3,100,100
3853,1,151,151
3854,3,30,30
3855,2,63,63
3856,2,153,153
3857,1,157,157
3858,4,36,36
3859,4,17,17
3860,4,33,33
3861,1,53,53
3862,3,15,15
3863,0,78,78
3864,0,114,114
3865,4,43,43
3866,4,57,57
3867,1,113,113
3868,0,26,26
3869,4,21,21
3870,3,31,31
3871,4,107,107
3872,4,157,157
3873,4,161,161
3874,4,58,58
3875,3,51,51
3876,2,80,80
3877,3,61,61
3878,2,13,13
3879,3,105,105
3880,0,31,31
3881,3,68,68
3882,0,3,3
3883,4,79,79
3884,3,97,97
3885,0,80,80
3886,0,24,24
3887,2,114,114
3888,3,61,61
3889,2,72,72
3890,2,85,85
3891,3,55,55
3892,2,151,151
3893,0,152,152
3894,1,146,146
3895,4,77,77
3896,0,109,109
3897,0,41,41
3898,1,135,135
3899,4,98,98
3900,2,101,101
3901,0,125,125
3902,3,78,78
3903,2,9,9
3904,3,65,65
3905,2,61,61
3906,3,116,116
3907,3,71,71
3908,0,24,24
3909,0,165,165
3910,3,88,88
3911,2,49,49
3912,0,34,34
3913,2,87,87
3914,1,109,109
3915,0,1,1
3916,2,93,93
3917,1,129,129
3918,4,61,61
3919,0,130,130
3920,2,102,102
3921,4,17,17
3922,0,136,136
3923,3,93,93
3924,0,165,165
3925,3,136,136
3926,4,28,28
3927,2,12,12
3928,2,82,82
3929,2,93,93
3930,1,22,22
3931,0,3,3
3932,3,0,0
3933,1,87,87
3934,3,13,13
3935,2,109,109
3936,2,68,68
3937,2,101,101
3938,2,151,151
3939,0,117,117
3940,1,66,66
3941,0,7,7
3942,0,0,0
3943,2,14,14
3944,3,6,6
3945,0,100,100
3946,2,102,102
3947,0,43,43
3948,4,93,93
3949,3,91,91
3950,1,21,21
3951,3,11,24
3952,0,34,34
3953,0,163,163
3954,4,14,14
3955,4,135,135
3956,2,152,152
3957,3,122,122
3958,4,143,143
3959,4,112,112
3960,0,151,151
3961,2,123,123
3962,3,92,92
3963,1,11,11
3964,3,140,140
3965,4,91,91
3966,0,24,11
3967,1,63,63
3968,3,131,131
3969,0,93,93
3970,0,100,100
3971,3,152,152
3972,1,65,65
3973,2,42,42
3974,2,12,12
3975,4,42,42
3976,4,26,26
3977,0,37,37
3978,4,48,48
3979,1,158,158
3980,1,86,86
3981,3,77,77
3982,2,50,50
3983,1,9,9
3984,4,66,66
3985,2,144,144
3986,2,25,25
3987,1,146,146
3988,4,167,167
3989,3,91,91
3990,3,37,37
3991,3,44,44
3992,2,16,16
3993,4,107,107
3994,1,115,115
3995,4,18,18
3996,2,16,16
3997,0,83,83
3998,2,46,46
3999,1,28,28
4000,0,138,138
4001,0,124,124
4002,2,43,43
4003,3,4,4
4004,1,75,75
4005,2,13,13
4006,4,14,14
4007,4,121,121
4008,3,74,74
4009,4,19,19
4010,0,24,24
4011,1,50,50
4012,2,158,151
4013,3,76,76
4014,3,15,15
4015,4,39,39
4016,1,75,75
4017,0,33,33
4018,4,116,116
4019,4,126,126
4020,3,102,102
4021,4,127,127
4022,0,2,2
4023,4,0,0
4024,4,40,40
4025,2,76,76
4026,3,0,0
4027,2,70,70
4028,1,40,40
4029,4,12,12
4030,2,43,43
4031,1,116,116
4032,4,15,15
4033,3,11,11
4034,1,162,162
4035,4,45,45
4036,4,93,93
4037,1,64,64
4038,1,163,163
4039,4,111,111
4040,0,137,137
4041,3,10,10
4042,0,168,168
4043,1,123,123
4044,4,1,1
4045,0,32,32
4046,4,168,168
4047,4,3,3
4048,2,107,164
4049,4,34,8
4050,3,160,160
4051,4,162,162
4052,2,141,141
4053,1,168,168
4054,1,3,3
4055,3,130,130
4056,0,34,34
4057,2,15,15
4058,4,35,35
4059,4,24,11
4060,0,146,146
4061,0,76,76
4062,2,89,89
4063,4,62,62
4064,1,40,40
4065,2,67,67
4066,0,120,120
4067,3,135,135
4068,1,6,6
4069,4,57,57
4070,2,3,3
4071,1,17,17
4072,1,89,89
4073,1,59,59
4074,1,54,54
4075,0,77,77
4076,3,57,57
4077,2,86,86
4078,0,103,103
4079,3,81,81
4080,0,145,145
4081,0,129,129
4082,0,146,146
4083,3,4,4
4084,0,49,49
4085,4,2,2
4086,1,18,18
4087,2,116,116
4088,0,167,167
4089,0,22,22
4090,3,21,21
4091,3,5,5
4092,0,86,115
4093,0,30,30
4094,3,5,5
4095,3,169,169
4096,3,135,135
4097,0,161,161
4098,2,155,155
4099,1,136,136
4100,3,73,73
4101,2,24,24
4102,1,0,0
4103,2,45,45
4104,2,29,29
4105,2,13,13
4106,3,116,116
4107,4,54,54
4108,2,130,130
4109,4,2,2
4110,4,106,106
4111,3,69,69
4112,0,7,7
4113,1,27,27
4114,4,140,140
4115,2,147,147
4116,4,125,125
4117,2,91,91
4118,0,105,105
4119,0,100,100
4120,0,135,135
4121,3,85,85
4122,1,54,54
4123,4,134,134
4124,1,98,98
4125,1,2,2
4126,3,68,68
4127,0,31,31
4128,2,113,113
4129,0,47,47
4130,4,21,21
4131,0,166,166
4132,1,94,94
4133,3,18,18
4134,4,66,66
4135,3,125,125
4136,3,159,159
4137,4,90,90
4138,0,148,148
4139,0,49,49
4140,3,110,110
4141,2,95,95
4142,2,56,56
4143,1,92,92
4144,0,8,8
4145,0,139,139
4146,3,94,94
4147,0,69,69
4148,1,107,107
4149,4,9,9
4150,4,99,99
4151,0,108,108
4152,1,59,59
4153,3,134,134
4154,1,45,45
4155,3,117,117
4156,2,49,49
4157,4,156,156
4158,3,162,162
4159,2,17,17
4160,3,9,9
4161,0,118,118
4162,0,108,108
4163,0,70,3
4164,2,34,34
4165,1,96,96
4166,4,100,100
4167,4,128,128
4168,3,84,84
4169,4,17,17
4170,0,23,23
4171,0,93,93
4172,0,122,122
4173,0,64,64
4174,3,68,68
4175,2,93,93
4176,1,166,166
4177,3,158,158
4178,3,24,11
4179,1,96,96
4180,0,20,20
4181,3,119,119
4182,4,66,66
4183,1,21,21
4184,4,169,169
4185,2,22,22
4186,2,169,169
4187,0,102,102
4188,4,56,56
4189,3,45,45
4190,0,128,128
4191,3,18,18
4192,3,5,5
4193,3,152,152
4194,3,146,146
4195,0,103,103
4196,2,121,121
4197,3,11,11
4198,0,38,38
4199,1,29,29
4200,4,3,63
4201,1,4,4
4202,2,135,135
4203,3,21,21
4204,0,124,124
4205,0,19,19
4206,3,98,98
4207,2,74,74
4208,2,37,37
4209,4,1,35
4210,2,0,0
4211,1,138,138
4212,0,150,150
4213,2,99,99
4214,1,7,7
4215,4,73,73
4216,3,46,46
4217,3,128,128
4218,0,165,165
4219,4,133,133
4220,1,85,85
4221,2,69,69
4222,0,35,35
4223,2,142,142
4224,2,6,6
4225,4,15,15
4226,1,132,132
4227,3,39,39
4228,3,24,11
4229,4,114,114
4230,4,159,159
4231,3,57,57
4232,0,44,44
4233,2,61,61
4234,1,1,1
4235,1,41,41
4236,4,94,94
4237,2,162,162
4238,4,4,4
4239,3,120,120
4240,1,114,114
4241,3,10,10
4242,4,22,22
4243,0,71,71
4244,3,167,167
4245,3,125,125
4246,2,26,26
4247,2,53,53
4248,1,87,87
4249,1,130,130
4250,1,74,166
4251,1,115,115
4252,1,116,116
4253,0,6,6
4254,2,151,151
4255,1,133,133
4256,0,7,7
4257,3,84,84
4258,4,41,41
4259,3,69,69
4260,3,10,10
4261,2,56,56
4262,3,117,117
4263,2,0,0
4264,1,4,4
4265,2,122,122
4266,2,40,40
4267,2,4,4
4268,4,38,38
4269,0,121,121
4270,1,68,68
4271,1,50,50
4272,4,163,163
4273,4,151,151
4274,4,54,54
4275,3,46,46
4276,4,27,27
4277,4,67,67
4278,3,3,3
4279,1,81,81
4280,1,156,156
4281,0,126,126
4282,1,110,110
4283,1,145,145
4284,3,34,34
4285,1,98,98
4286,2,126,126
4287,3,127,127
4288,1,155,155
4289,4,118,118
4290,4,71,71
4291,4,124,124
4292,0,76,76
4293,1,110,110
4294,1,20,20
4295,0,68,68
4296,1,4,4
4297,4,136,136
4298,3,82,82
4299,2,72,72
4300,1,85,85
4301,3,63,63
4302,3,1,1
4303,3,102,102
4304,4,3,3
4305,4,159,159
4306,4,92,92
4307,3,92,92
4308,1,155,155
4309,3,89,89
4310,4,29,29
4311,3,20,20
4312,2,12,12
4313,1,31,31
4314,0,40,40
4315,4,20,20
4316,0,66,66
4317,1,84,84
4318,4,5,5
4319,3,15,15
4320,1,29,29
4321,1,29,29
4322,0,73,73
4323,0,36,36
4324,0,155,155
4325,0,31,31
4326,0,77,77
4327,2,160,160
4328,1,8,8
4329,4,7,7
4330,0,6,6
4331,2,4,4
4332,0,142,142
4333,1,115,115
4334,2,9,9
4335,2,0,0
4336,1,80,80
4337,2,103,103
4338,2,147,147
4339,3,140,140
4340,0,14,14
4341,4,80,80
4342,4,8,8
4343,0,102,102
4344,2,33,33
4345,4,26,26
4346,0,70,3
4347,2,66,66
4348,4,151,151
4349,1,103,103
4350,4,44,44
4351,0,104,104
4352,2,62,62
4353,1,16,16
4354,3,76,76
4355,1,162,162
4356,3,136,136
4357,0,162,162
4358,3,14,14
4359,0,38,38
4360,0,62,62
4361,3,48,48
4362,2,77,77
4363,4,86,86
4364,0,27,27
4365,1,124,124
4366,0,56,56
4367,1,145,145
4368,2,3,3
4369,4,127,127
4370,1,84,84
4371,3,163,163
4372,2,99,99
4373,0,130,130
4374,3,2,2
4375,1,80,80
4376,1,77,77
4377,4,161,161
4378,2,151,151
4379,2,160,160
4380,2,93,93
4381,0,82,82
4382,1,138,138
4383,0,50,50
4384,2,152,152
4385,2,121,121
4386,1,62,62
4387,3,96,96
4388,4,123,123
4389,1,50,50
4390,3,137,137
4391,1,169,169
4392,1,39,39
4393,2,68,68
4394,0,156,156
4395,1,141,141
4396,0,37,37
4397,4,136,136
4398,1,114,114
4399,0,166,166
4400,1,1,1
4401,4,168,168
4402,2,106,106
4403,3,96,96
4404,0,59,59
4405,4,23,23
4406,4,112,112
4407,3,24,24
4408,2,40,40
4409,1,2,2
4410,2,112,112
4411,1,12,12
4412,1,134,134
4413,2,42,42
4414,0,36,36
4415,0,4,4
4416,1,144,144
4417,3,24,11
4418,1,149,149
4419,1,7,7
4420,2,155,155
4421,2,153,153
4422,4,118,118
4423,1,53,53
4424,2,101,101
4425,3,100,100
4426,2,60,60
4427,4,14,14
4428,0,74,74
4429,0,18,18
4430,4,60,60
4431,3,138,138
4432,3,164,164
4433,1,91,91
4434,4,101,101
4435,3,108,108
4436,0,132,132
4437,4,24,24
4438,0,33,33
4439,0,163,163
4440,1,44,44
4441,0,81,81
4442,1,170,170
4443,0,126,126
4444,4,91,91
4445,0,161,161
4446,1,72,72
4447,2,26,26
4448,1,135,135
4449,4,67,67
4450,0,9,9
4451,1,56,56
4452,4,106,106
4453,3,63,63
4454,1,7,7
4455,4,130,130
4456,4,147,147
4457,0,165,165
4458,0,103,103
4459,4,169,169
4460,3,137,137
4461,0,51,51
4462,0,30,30
4463,0,1,1
4464,4,24,11
4465,3,7,7
4466,4,166,166
4467,2,157,157
4468,2,1,1
4469,4,30,30
4470,1,78,78
4471,3,31,31
4472,3,48,48
4473,0,119,119
4474,3,122,122
4475,2,126,126
4476,0,137,137
4477,3,70,70
4478,2,151,151
4479,3,164,164
4480,2,7,7
4481,1,2,2
4482,1,132,132
4483,4,89,89
4484,2,109,109
4485,0,160,160
4486,1,122,122
4487,4,62,62
4488,4,72,72
4489,3,116,116
4490,4,97,97
4491,1,110,110
4492,0,27,27
4493,4,32,32
4494,2,79,79
4495,3,121,121
4496,1,112,112
4497,1,101,101
4498,0,40,40
4499,3,157,157
4500,2,51,51
4501,4,7,7
4502,3,55,55
4503,4,30,30
4504,1,58,58
4505,3,138,138
4506,1,96,96
4507,4,15,15
4508,1,126,126
4509,0,38,38
4510,0,104,104
4511,1,109,109
4512,0,66,66
4513,2,125,125
4514,0,72,72
4515,0,27,27
4516,2,68,68
4517,3,71,71
4518,0,44,44
4519,3,167,167
4520,2,15,15
4521,1,19,19
4522,2,168,168
4523,2,108,108
4524,1,94,94
4525,2,22,22
4526,3,111,111
4527,0,58,58
4528,0,157,157
4529,0,70,3
4530,4,36,36
4531,4,129,129
4532,3,170,170
4533,0,154,154
4534,1,67,67
4535,1,111,111
4536,4,3,3
4537,1,84,84
4538,0,55,55
4539,2,137,137
4540,2,144,144
4541,0,87,87
4542,2,90,90
4543,4,142,142
4544,3,108,108
4545,0,18,18
4546,2,75,75
4547,2,90,90
4548,0,2,2
4549,1,99,99
4550,2,111,111
4551,4,15,15
4552,2,94,94
4553,0,79,79
4554,4,80,80
4555,0,19,19
4556,1,144,144
4557,1,136,136
4558,4,2,2
4559,0,84,84
4560,0,24,11
4561,0,154,154
4562,4,110,110
4563,3,26,26
4564,4,83,83
4565,1,106,106
4566,3,99,99
4567,3,36,36
4568,4,154,154
4569,2,54,54
4570,4,24,24
4571,1,99,99
4572,1,69,69
4573,0,166,166
4574,1,140,140
4575,2,74,151
4576,3,17,17
4577,0,137,137
4578,2,84,84
4579,4,120,120
4580,2,162,162
4581,0,130,130
4582,1,100,100
4583,2,160,160
4584,0,40,40
4585,3,127,127
4586,2,60,60
4587,4,82,82
4588,1,72,72
4589,0,90,90
4590,3,9,9
4591,4,111,111
4592,0,167,167
4593,3,148,148
4594,4,165,165
4595,2,61,61
4596,4,121,121
4597,3,19,19
4598,2,2,2
4599,1,155,155
4600,1,52,52
4601,2,71,71
4602,2,36,36
4603,4,39,39
4604,2,18,18
4605,4,157,157
4606,3,57,57
4607,2,40,40
4608,4,25,25
4609,4,162,162
4610,0,78,78
4611,4,2,2
4612,2,148,148
4613,3,151,35
4614,0,26,26
4615,2,24,24
4616,0,8,8
4617,4,106,106
4618,4,108,108
4619,2,128,128
4620,4,56,95
4621,1,126,126
4622,0,116,116
4623,1,10,10
4624,1,107,107
4625,1,10,10
4626,3,47,47
4627,3,4,4
4628,3,159,159
4629,2,21,21
4630,0,34,34
4631,1,113,113
4632,4,150,150
4633,3,137,137
4634,1,90,90
4635,3,3,3
4636,4,155,155
4637,3,80,80
4638,4,67,67
4639,2,63,63
4640,4,139,139
4641,2,91,91
4642,0,82,82
4643,2,30,30
4644,2,97,97
4645,4,7,7
4646,3,147,147
4647,1,79,104
4648,4,149,149
4649,4,29,29
4650,0,36,36
4651,2,118,118
4652,2,61,61
4653,0,89,89
4654,4,132,132
4655,3,21,21
4656,1,121,121
4657,1,57,57
4658,2,29,29
4659,0,76,76
4660,1,125,125
4661,4,82,82
4662,2,121,121
4663,2,115,115
4664,2,120,120
4665,4,57,57
4666,2,166,166
4667,3,49,49
4668,0,121,121
4669,2,114,114
4670,2,137,137
4671,0,79,79
4672,4,100,100
4673,4,149,149
4674,2,131,131
4675,1,36,36
4676,4,37,37
4677,2,69,69
4678,3,45,45
4679,4,151,151
4680,0,14,14
4681,1,75,75
4682,1,76,76
4683,4,98,91
4684,1,107,107
4685,4,25,25
4686,1,158,158
4687,4,147,147
4688,2,1,1
4689,4,33,33
4690,4,68,68
4691,2,151,151
4692,3,11,11
4693,1,112,112
4694,1,41,41
4695,2,108,108
4696,1,56,56
4697,1,93,93
4698,4,77,77
4699,0,108,108
4700,2,63,63
4701,0,144,144
4702,1,117,117
4703,3,96,96
4704,0,110,110
4705,4,71,71
4706,4,144,144
4707,4,12,12
4708,3,103,103
4709,1,144,144
4710,4,165,165
4711,2,74,74
4712,4,3,63
4713,4,102,102
4714,2,41,41
4715,0,163,163
4716,2,135,135
4717,1,135,135
4718,4,61,61
4719,3,130,130
4720,4,131,131
4721,0,159,159
4722,0,50,50
4723,2,130,130
4724,0,13,13
4725,2,125,125
4726,2,48,48
4727,3,16,16
4728,3,9,9
4729,4,138,138
4730,0,156,156
4731,1,12,12
4732,3,137,137
4733,2,22,22
4734,4,29,29
4735,2,149,149
4736,4,127,127
4737,2,115,115
4738,4,29,29
4739,4,161,161
4740,4,63,63
4741,3,91,91
4742,2,170,170
4743,0,29,29
4744,3,34,34
4745,4,99,99
4746,3,0,0
4747,4,154,154
4748,0,19,19
4749,0,153,153
4750,2,28,28
4751,2,12,12
4752,3,37,37
4753,4,122,122
4754,1,150,150
4755,2,19,19
4756,2,83,83
4757,4,41,41
4758,2,75,75
4759,4,137,137
4760,1,17,17
4761,2,125,125
4762,2,45,45
4763,4,121,121
4764,0,86,8
4765,2,158,158
4766,2,3,3
4767,2,58,58
4768,1,161,161
4769,1,12,12
4770,4,0,0
4771,4,54,54
4772,1,39,39
4773,3,124,124
4774,0,77,77
4775,4,25,25
4776,3,12,12
4777,4,78,78
4778,3,154,154
4779,1,7,7
4780,0,22,22
4781,2,171,171
4782,0,103,103
4783,2,56,56
4784,1,82,82
4785,3,59,59
4786,2,3,3
4787,4,10,10
4788,1,73,73
4789,1,139,139
4790,0,42,42
4791,1,167,167
4792,0,163,163
4793,1,113,113
4794,2,150,150
4795,2,166,166
4796,1,85,85
4797,4,0,0
4798,4,18,18
4799,0,102,102
4800,4,101,101
4801,4,43,43
4802,0,83,83
4803,0,56,56
4804,2,16,16
4805,3,87,87
4806,1,14,14
4807,1,162,162
4808,2,142,142
4809,1,154,154
4810,2,11,24
4811,3,22,22
4812,3,165,165
4813,0,76,76
4814,4,29,29
4815,4,71,71
4816,1,92,92
4817,4,150,150
4818,3,14,14
4819,2,106,106
4820,0,40,40
4821,0,147,147
4822,3,148,148
4823,2,51,51
4824,2,116,116
4825,3,44,44
4826,2,81,81
4827,3,120,120
4828,1,28,28
4829,2,24,24
4830,3,148,148
4831,1,92,92
4832,0,168,168
4833,0,67,67
4834,3,8,8
4835,0,1,1
4836,3,131,131
4837,0,152,152
4838,3,76,76
4839,4,135,135
4840,1,91,98
4841,3,21,21
4842,2,135,135
4843,2,61,61
4844,1,123,123
4845,4,43,43
4846,2,136,136
4847,4,147,147
4848,1,122,122
4849,0,11,11
4850,3,54,54
4851,0,118,118
4852,2,66,66
4853,1,32,32
4854,1,159,159
4855,2,8,8
4856,4,41,41
4857,0,121,121
4858,4,68,68
4859,2,144,144
4860,2,47,47
4861,3,110,110
4862,2,128,128
4863,1,112,112
4864,4,127,127
4865,0,138,138
4866,3,134,134
4867,0,26,26
4868,0,38,38
4869,0,147,147
4870,1,91,91
4871,3,129,129
4872,3,133,133
4873,4,88,88
4874,1,3,70
4875,2,102,102
4876,0,44,44
4877,2,137,137
4878,3,150,150
4879,4,8,8
4880,1,93,93
4881,3,24,24
4882,4,148,148
4883,2,170,170
4884,4,37,37
4885,4,104,104
4886,0,129,129
4887,3,14,14
4888,3,38,38
4889,1,10,10
4890,4,24,11
4891,0,99,99
4892,2,115,115
4893,0,119,119
4894,3,99,99
4895,3,142,142
4896,0,130,130
4897,2,144,144
4898,1,130,130
4899,4,146,146
4900,2,84,84
4901,1,97,97
4902,4,150,150
4903,2,3,3
4904,2,138,138
4905,1,28,28
4906,1,99,99
4907,1,91,91
4908,3,79,79
4909,0,37,37
4910,1,103,103
4911,0,16,16
4912,2,144,144
4913,3,21,21
4914,0,14,14
4915,3,55,55
4916,4,10,10
4917,3,164,164
4918,1,18,18
4919,0,13,13
4920,1,102,102
4921,1,11,11
4922,1,45,45
4923,3,75,75
4924,4,1,1
4925,2,170,170
4926,3,17,17
4927,4,141,141
4928,2,19,19
4929,3,49,49
4930,3,172,172
4931,4,50,50
4932,1,116,116
4933,3,108,108
4934,1,46,46
4935,1,160,160
4936,0,100,100
4937,3,5,5
4938,0,33,33
4939,2,151,151
4940,0,127,127
4941,4,72,72
4942,0,32,32
4943,2,32,32
4944,1,11,11
4945,4,69,69
4946,0,169,169
4947,4,29,29
4948,4,3,70
4949,2,138,138
4950,4,33,33
4951,3,22,22
4952,4,119,119
4953,1,0,0
4954,1,161,161
4955,4,115,115
4956,0,80,80
4957,0,151,151
4958,1,127,127
4959,0,45,45
4960,4,115,115
4961,2,115,115
4962,3,86,86
4963,4,69,69
4964,2,84,84
4965,4,80,80
4966,2,34,34
4967,3,69,69
4968,3,67,67
4969,2,91,91
4970,4,61,61
4971,3,68,68
4972,2,124,124
4973,1,128,128
4974,3,51,51
4975,2,147,147
4976,4,76,76
4977,0,2,2
4978,2,39,39
4979,3,4,4
4980,4,112,112
4981,2,74,74
4982,2,130,130
4983,4,60,60
4984,0,43,43
4985,2,57,57
4986,2,85,85
4987,1,31,31
4988,4,14,14
4989,4,10,10
4990,2,86,86
4991,4,54,54
4992,1,5,5
4993,2,59,59
4994,3,22,22
4995,0,17,17
4996,2,78,78
4997,3,43,43
4998,4,150,150
4999,3,132,132
5000,2,9,9
5001,4,96,96
5002,0,98,98
5003,2,54,54
5004,2,109,109
5005,4,138,138
5006,1,100,100
5007,2,142,142
5008,1,135,135
5009,0,19,19
5010,2,59,59
5011,3,22,22
5012,1,7,7
5013,1,55,55
5014,0,27,27
5015,0,118,118
5016,3,28,28
5017,1,1,1
5018,0,67,67
5019,2,105,105
5020,2,144,144
5021,4,160,160
5022,0,41,41
5023,4,16,16
5024,1,11,24
5025,4,42,42
5026,4,61,61
5027,3,10,10
5028,2,101,101
5029,4,102,102
5030,1,167,167
5031,3,95,95
5032,0,0,22
5033,3,20,20
5034,0,127,127
5035,3,32,32
5036,4,65,65
5037,2,31,31
5038,4,32,32
5039,3,153,153
5040,0,172,172
5041,0,123,123
5042,3,84,84
5043,4,99,99
5044,0,93,93
5045,0,50,50
5046,2,117,117
5047,3,18,18
5048,0,96,96
5049,0,44,44
5050,0,102,102
5051,2,11,11
5052,0,129,129
5053,4,71,71
5054,1,32,32
5055,1,30,30
5056,3,50,50
5057,2,137,137
5058,3,59,59
5059,3,62,62
5060,3,57,57
5061,4,67,67
5062,1,109,109
5063,2,102,102
5064,3,63,63
5065,2,27,27
5066,1,34,34
5067,4,86,86
5068,1,41,41
5069,1,71,71
5070,2,30,30
5071,4,138,138
5072,1,17,17
5073,0,87,87
5074,2,113,113
5075,4,35,35
5076,0,88,88
5077,1,127,127
5078,3,19,19
5079,1,39,39
5080,0,70,70
5081,0,49,49
5082,2,9,9
5083,2,11,11
5084,0,40,40
5085,0,93,93
5086,4,70,70
5087,4,82,82
5088,4,104,104
5089,1,68,68
5090,1,136,136
5091,3,136,136
5092,2,66,66
5093,2,137,137
5094,1,1,1
5095,2,90,90
5096,4,21,21
5097,0,6,6
5098,1,156,156
5099,1,35,35
5100,1,69,69
5101,1,4,4
5102,4,40,40
5103,2,68,68
5104,0,16,16
5105,3,79,79
5106,1,51,51
5107,0,154,154
5108,0,52,52
5109,4,87,87
5110,0,137,137
5111,4,7,7
5112,4,116,116
5113,0,150,150
5114,4,48,48
5115,2,21,21
5116,0,14,14
5117,4,26,26
5118,0,62,62
5119,2,147,147
5120,2,110,110
5121,0,9,9
5122,0,7,7
5123,0,121,121
5124,3,141,141
5125,2,13,13
5126,2,25,25
5127,1,156,156
5128,4,40,40
5129,1,148,148
5130,1,117,117
5131,3,126,126
5132,3,142,142
5133,2,21,21
5134,0,25,25
5135,3,157,157
5136,0,44,44
5137,1,165,165
5138,2,84,84
5139,0,7,7
5140,2,92,92
5141,3,134,134
5142,1,31,31
5143,4,79,79
5144,1,34,34
5145,2,126,126
5146,4,70,70
5147,1,121,121
5148,2,8,8
5149,0,109,109
5150,1,129,129
5151,1,68,68
5152,0,88,88
5153,3,123,123
5154,3,50,50
5155,2,62,62
5156,1,100,100
5157,4,96,96
5158,0,27,27
5159,0,145,145
5160,0,7,7
5161,2,78,78
5162,2,125,125
5163,3,155,155
5164,0,167,167
5165,1,46,46
5166,2,93,93
5167,3,162,162
5168,1,26,26
5169,4,46,46
5170,2,94,94
5171,2,140,140
5172,2,1,1
5173,2,169,169
5174,4,22,22
5175,3,33,33
5176,4,53,53
5177,3,1,1
5178,2,156,156
5179,1,84,84
5180,4,119,119
5181,2,55,55
5182,0,59,59
5183,2,147,147
5184,0,1,1
5185,2,2,2
5186,1,10,156
5187,4,7,7
5188,2,159,159
5189,2,124,124
5190,1,28,28
5191,2,150,150
5192,0,84,84
5193,0,10,10
5194,2,95,95
5195,3,4,4
5196,0,83,83
5197,1,122,122
5198,3,117,117
5199,3,157,157
5200,3,74,74
5201,4,57,57
5202,4,131,131
5203,0,53,53
5204,2,134,134
5205,2,73,73
5206,0,150,150
5207,4,112,112
5208,0,127,127
5209,3,69,69
5210,2,124,124
5211,4,110,110
5212,1,48,48
5213,0,139,139
5214,4,103,103
5215,2,138,138
5216,3,124,124
5217,3,145,145
5218,4,119,119
5219,1,11,11
5220,0,12,12
5221,0,57,57
5222,0,172,172
5223,1,119,119
5224,2,35,35
5225,2,159,159
5226,4,60,60
5227,0,102,102
5228,4,144,144
5229,1,11,11
5230,1,149,149
5231,0,66,66
5232,1,87,87
5233,3,33,33
5234,0,102,102
5235,0,143,143
5236,4,3,3
5237,3,155,155
5238,2,110,110
5239,0,2,2
5240,3,95,95
5241,3,135,135
5242,3,22,22
5243,0,8,8
5244,4,39,39
5245,0,94,94
5246,3,92,92
5247,4,27,27
5248,3,126,126
5249,0,135,135
5250,0,87,87
5251,2,34,34
5252,0,106,106
5253,4,142,142
5254,3,86,86
5255,2,65,65
5256,3,42,42
5257,2,140,140
5258,2,59,59
5259,3,29,29
5260,2,3,3
5261,3,0,0
5262,2,102,102
5263,2,24,11
5264,0,64,64
5265,2,121,121
5266,3,27,27
5267,0,102,102
5268,1,79,79
5269,4,75,75
5270,2,138,138
5271,2,36,36
5272,0,127,127
5273,4,52,52
5274,1,91,91
5275,0,162,162
5276,3,104,104
5277,0,26,26
5278,1,56,56
5279,1,41,41
5280,3,33,33
5281,1,52,52
5282,2,142,142
5283,2,133,133
5284,3,59,59
5285,4,121,121
5286,4,13,13
5287,3,151,151
5288,1,0,0
5289,2,21,21
5290,1,139,139
5291,2,162,162
5292,2,133,133
5293,3,79,79
5294,2,12,12
5295,2,1,1
5296,0,8,8
5297,2,115,115
5298,4,89,87
5299,0,22,22
5300,3,144,144
5301,2,135,135
5302,3,24,24
5303,2,158,158
5304,1,107,107
5305,3,121,121
5306,0,108,108
5307,4,41,41
5308,3,130,130
5309,3,134,134
5310,4,136,136
5311,0,28,28
5312,3,17,17
5313,0,59,59
5314,2,53,53
5315,1,171,171
5316,3,20,20
5317,3,63,63
5318,3,15,15
5319,0,64,64
5320,3,160,160
5321,2,0,0
5322,4,12,12
5323,4,1,1
5324,2,167,167
5325,2,50,50
5326,3,1,1
5327,4,24,24
5328,1,131,131
5329,0,4,4
5330,0,41,41
5331,2,71,71
5332,2,84,84
5333,1,114,114
5334,0,171,171
5335,1,108,108
5336,3,149,149
5337,2,13,13
5338,4,51,51
5339,1,49,49
5340,4,43,43
5341,3,65,65
5342,4,158,158
5343,3,96,96
5344,2,15,15
5345,3,93,93
5346,2,14,14
5347,4,9,9
5348,1,31,31
5349,0,151,151
5350,4,0,0
5351,0,27,27
5352,0,12,12
5353,3,39,39
5354,4,27,27
5355,2,110,110
5356,2,27,27
5357,2,97,97
5358,2,76,76
5359,4,158,158
5360,3,146,146
5361,4,132,132
5362,0,124,124
5363,0,52,52
5364,2,91,91
5365,2,45,45
5366,3,133,133
5367,2,173,173
5368,3,162,162
5369,2,76,76
5370,0,29,29
5371,1,154,154
5372,1,174,174
5373,4,147,147
5374,3,1,1
5375,0,114,114
5376,1,130,130
5377,3,36,36
5378,0,67,67
5379,3,118,118
5380,3,104,104
5381,3,38,38
5382,0,10,10
5383,1,2,2
5384,3,145,145
5385,2,12,12
5386,2,14,14
5387,2,30,30
5388,1,17,17
5389,0,71,71
5390,3,83,83
5391,0,32,32
5392,0,5,5
5393,3,44,44
5394,3,13,13
5395,4,167,167
5396,4,60,60
5397,0,164,164
5398,4,32,32
5399,3,11,11
5400,2,131,131
5401,3,162,162
5402,0,1,1
5403,0,15,15
5404,3,94,94
5405,3,67,67
5406,0,59,59
5407,1,58,58
5408,1,169,169
5409,4,86,86
5410,4,172,172
5411,3,153,153
5412,4,106,106
5413,0,33,33
5414,4,19,19
5415,0,152,152
5416,2,97,97
5417,4,40,40
5418,0,22,22
5419,1,128,128
5420,0,170,170
5421,3,139,139
5422,4,36,36
5423,1,0,0
5424,3,51,51
5425,0,4,4
5426,4,64,64
5427,4,48,48
5428,3,65,65
5429,4,10,10
5430,2,44,44
5431,2,87,87
5432,0,10,10
5433,1,12,12
5434,4,146,146
5435,0,93,93
5436,2,83,83
5437,1,145,145
5438,3,15,15
5439,3,62,62
5440,2,107,107
5441,2,152,152
5442,1,164,164
5443,3,70,70
5444,3,31,31
5445,0,110,110
5446,1,152,152
5447,4,100,100
5448,2,6,6
5449,3,60,60
5450,2,79,79
5451,4,38,38
5452,3,56,56
5453,0,28,28
5454,1,37,37
5455,4,114,114
5456,3,169,169
5457,4,0,0
5458,0,71,71
5459,3,84,84
5460,2,9,9
5461,0,77,77
5462,1,23,23
5463,0,115,115
5464,4,78,78
5465,0,81,81
5466,1,116,116
5467,4,47,47
5468,3,169,169
5469,1,96,96
5470,0,68,68
5471,0,120,120
5472,2,163,163
5473,2,65,65
5474,0,20,20
5475,3,9,9
5476,3,2,2
5477,0,77,77
5478,4,17,17
5479,2,50,50
5480,2,137,137
5481,2,70,3
5482,4,1,1
5483,4,100,100
5484,0,75,75
5485,2,108,108
5486,1,116,116
5487,0,174,174
5488,2,13,13
5489,1,70,70
5490,0,92,92
5491,1,157,157
5492,2,161,161
5493,1,107,107
5494,0,48,48
5495,2,34,34
5496,4,97,97
5497,4,41,41
5498,2,4,4
5499,4,100,100
5500,2,162,162
5501,2,56,56
5502,2,86,86
5503,2,135,135
5504,2,60,60
5505,4,142,142
5506,4,86,86
5507,1,1,1
5508,4,92,92
5509,4,59,59
5510,1,21,21
5511,2,63,3
5512,1,4,4
5513,3,16,16
5514,2,169,169
5515,1,156,156
5516,0,108,108
5517,1,72,72
5518,2,24,24
5519,1,27,27
5520,2,7,7
5521,3,69,69
5522,3,12,12
5523,4,102,102
5524,1,68,68
5525,2,28,28
5526,0,4,4
5527,2,18,18
5528,0,28,28
5529,0,40,40
5530,3,13,13
5531,4,18,18
5532,1,88,88
5533,4,16,16
5534,3,87,87
5535,3,29,29
5536,4,18,18
5537,2,161,161
5538,2,88,88
5539,1,15,15
5540,3,66,66
5541,3,110,110
5542,2,2,2
5543,4,70,70
5544,0,0,0
5545,3,139,139
5546,2,29,29
5547,2,104,104
5548,2,142,142
5549,1,121,121
5550,1,13,13
5551,2,36,36
5552,1,44,44
5553,2,73,73
5554,3,14,14
5555,0,119,119
5556,4,69,69
5557,0,148,148
5558,3,167,167
5559,3,11,11
5560,2,85,85
5561,3,169,169
5562,0,50,50
5563,0,33,33
5564,1,110,110
5565,0,43,43
5566,4,59,59
5567,4,34,34
5568,4,69,69
5569,3,153,153
5570,4,101,101
5571,3,88,88
5572,4,103,103
5573,4,63,63
5574,3,91,91
5575,2,156,156
5576,1,143,143
5577,1,160,160
5578,1,8,8
5579,4,7,7
5580,1,135,135
5581,2,16,16
5582,4,144,144
5583,0,86,86
5584,1,116,116
5585,1,85,85
5586,3,174,174
5587,0,142,142
5588,3,84,84
5589,2,165,165
5590,1,76,76
5591,3,39,39
5592,1,42,42
5593,2,76,76
5594,4,34,34
5595,3,43,43
5596,1,68,68
5597,4,9,9
5598,2,31,31
5599,1,23,23
5600,2,92,92
5601,4,89,89
5602,3,127,127
5603,2,14,14
5604,4,157,157
5605,4,39,39
5606,0,57,57
5607,1,157,157
5608,1,61,61
5609,1,26,26
5610,0,0,0
5611,1,54,54
5612,0,37,37
5613,0,167,167
5614,3,118,118
5615,0,23,23
5616,4,132,132
5617,0,165,165
5618,3,113,113
5619,2,147,147
5620,2,30,30
5621,1,82,82
5622,0,85,85
5623,3,43,43
5624,1,113,113
5625,2,93,93
5626,1,47,47
5627,4,143,143
5628,2,60,60
5629,3,169,169
5630,4,43,43
5631,2,26,26
5632,3,168,168
5633,1,136,136
5634,3,112,112
5635,1,45,45
5636,3,25,25
5637,0,96,96
5638,1,8,8
5639,4,119,119
5640,2,68,68
5641,1,37,37
5642,2,125,125
5643,3,85,85
5644,1,164,164
5645,3,112,112
5646,4,160,160
5647,3,137,137
5648,4,158,158
5649,3,125,125
5650,0,35,35
5651,1,104,104
5652,3,22,22
5653,2,58,58
5654,4,156,156
5655,4,131,131
5656,4,61,61
5657,0,94,94
5658,2,72,72
5659,2,22,22
5660,3,154,154
5661,4,118,118
5662,0,50,50
5663,4,8,8
5664,3,39,39
5665,1,32,32
5666,2,154,154
5667,1,147,147
5668,3,60,60
5669,1,56,56
5670,1,21,21
5671,4,107,107
5672,0,83,83
5673,2,24,24
5674,1,113,113
5675,0,67,76
5676,4,65,65
5677,3,13,13
5678,3,66,66
5679,0,98,98
5680,2,140,140
5681,2,107,107
5682,4,174,174
5683,0,22,22
5684,3,45,45
5685,1,81,81
5686,3,112,112
5687,1,86,86
5688,4,62,62
5689,1,173,173
5690,3,16,16
5691,2,100,100
5692,4,161,161
5693,2,69,69
5694,4,152,152
5695,4,57,57
5696,4,157,157
5697,0,24,11
5698,3,54,54
5699,2,54,54
5700,3,163,163
5701,2,163,163
5702,2,165,165
5703,4,109,109
5704,2,35,35
5705,0,64,64
5706,0,135,135
5707,4,14,14
5708,1,143,143
5709,2,25,25
5710,1,27,27
5711,2,160,160
5712,3,49,49
5713,0,36,36
5714,3,62,62
5715,1,135,135
5716,1,127,127
5717,1,60,60
5718,2,32,32
5719,3,90,90
5720,0,0,0
5721,1,14,14
5722,4,106,106
5723,1,43,43
5724,1,15,15
5725,3,107,107
5726,3,107,107
5727,4,153,153
5728,2,35,35
5729,0,58,58
5730,1,74,74
5731,0,129,129
5732,4,169,169
5733,2,129,129
5734,1,36,36
5735,2,39,39
5736,4,72,72
5737,1,22,22
5738,3,131,131
5739,2,121,121
5740,4,128,128
5741,4,112,112
5742,3,32,32
5743,1,32,32
5744,4,110,110
5745,2,0,0
5746,0,39,39
5747,0,10,10
5748,2,108,108
5749,3,61,61
5750,4,113,113
5751,2,26,26
5752,1,13,13
5753,1,168,168
5754,0,152,152
5755,3,58,58
5756,4,159,159
5757,2,97,97
5758,1,91,91
5759,2,33,33
5760,4,74,74
5761,3,50,50
5762,2,83,83
5763,1,133,133
5764,0,107,107
5765,2,34,34
5766,2,90,90
5767,3,110,110
5768,0,168,168
5769,0,30,30
5770,0,55,55
5771,1,5,5
5772,1,117,117
5773,1,100,100
5774,4,119,119
5775,2,140,140
5776,1,0,0
5777,2,138,138
5778,0,86,86
5779,1,30,30
5780,4,17,17
5781,4,151,151
5782,4,61,61
5783,4,55,55
5784,4,83,83
5785,0,66,66
5786,3,11,24
5787,4,25,25
5788,2,156,156
5789,4,24,24
5790,1,169,169
5791,0,92,92
5792,4,85,85
5793,0,0,0
5794,2,64,64
5795,1,98,98
5796,4,6,6
5797,4,125,125
5798,2,161,161
5799,4,42,42
5800,0,19,19
5801,3,71,71
5802,1,143,143
5803,0,74,74
5804,0,41,41
5805,4,137,137
5806,1,163,163
5807,0,133,133
5808,3,102,102
5809,3,40,40
5810,4,161,161
5811,2,131,131
5812,1,90,90
5813,1,77,77
5814,2,6,6
5815,1,84,84
5816,1,3,63
5817,3,15,15
5818,0,172,172
5819,3,81,81
5820,1,144,144
5821,1,29,29
5822,2,82,82
5823,4,143,143
5824,4,6,6
5825,1,2,2
5826,3,77,77
5827,0,20,20
5828,4,97,97
5829,0,99,99
5830,2,163,163
5831,3,8,8
5832,2,39,39
5833,0,98,98
5834,0,166,166
5835,1,37,37
5836,0,172,172
5837,3,42,42
5838,1,46,46
5839,0,35,35
5840,2,3,3
5841,4,129,129
5842,4,102,102
5843,2,129,129
5844,4,22,22
5845,3,0,0
5846,2,37,37
5847,2,97,97
5848,0,22,22
5849,4,44,44
5850,1,24,11
5851,2,51,51
5852,2,115,115
5853,1,50,50
5854,3,61,61
5855,3,107,107
5856,3,83,83
5857,2,79,79
5858,2,21,21
5859,4,68,68
5860,2,127,127
5861,0,107,107
5862,0,4,4
5863,0,128,128
5864,4,56,56
5865,0,84,84
5866,1,53,53
5867,3,23,23
5868,1,19,19
5869,1,52,52
5870,2,89,89
5871,3,80,80
5872,3,96,96
5873,0,60,60
5874,1,80,80
5875,4,168,168
5876,2,136,136
5877,0,133,133
5878,3,67,67
5879,4,4,4
5880,2,104,104
5881,0,111,111
5882,3,135,135
5883,3,53,53
5884,0,76,76
5885,3,85,85
5886,1,134,134
5887,4,18,18
5888,2,14,14
5889,3,30,30
5890,0,76,76
5891,1,61,61
5892,3,116,116
5893,4,97,97
5894,3,58,58
5895,4,72,72
5896,1,19,19
5897,4,72,72
5898,3,32,32
5899,3,51,51
5900,1,118,118
5901,1,130,130
5902,1,160,160
5903,4,102,102
5904,1,96,96
5905,0,170,170
5906,2,99,99
5907,1,113,113
5908,4,42,42
5909,4,13,13
5910,3,153,153
5911,0,43,43
5912,2,6,6
5913,2,139,139
5914,1,123,123
5915,0,42,42
5916,3,154,154
5917,3,59,59
5918,0,114,114
5919,2,34,34
5920,0,111,111
5921,1,83,83
5922,4,137,137
5923,4,105,105
5924,2,0,0
5925,1,123,123
5926,1,130,130
5927,4,31,31
5928,4,6,6
5929,2,30,30
5930,2,65,65
5931,0,147,147
5932,1,133,133
5933,3,29,29
5934,0,171,171
5935,1,65,65
5936,2,3,3
5937,4,90,90
5938,3,51,51
5939,0,38,38
5940,4,3,3
5941,1,117,117
5942,4,80,80
5943,3,94,94
5944,4,135,135
5945,3,119,119
5946,4,78,78
5947,0,10,10
5948,1,160,160
5949,3,152,152
5950,3,89,89
5951,3,20,20
5952,4,11,24
5953,4,59,59
5954,1,164,164
5955,0,32,32
5956,3,9,9
5957,3,86,86
5958,2,11,11
5959,3,41,41
5960,1,117,117
5961,4,44,44
5962,1,36,36
5963,2,7,7
5964,3,127,127
5965,0,131,131
5966,0,127,127
5967,4,102,102
5968,0,101,101
5969,2,10,10
5970,4,51,51
5971,3,172,172
5972,2,35,35
5973,3,62,62
5974,3,8,8
5975,4,24,24
5976,1,72,72
5977,0,153,153
5978,3,134,134
5979,4,63,3
5980,0,65,65
5981,0,121,121
5982,3,135,135
5983,3,17,17
5984,1,52,52
5985,3,71,71
5986,3,130,130
5987,3,11,24
5988,0,151,74
5989,2,153,153
5990,4,171,171
5991,3,162,162
5992,0,115,115
5993,4,143,143
5994,0,115,115
5995,4,153,153
5996,3,66,66
5997,4,85,85
5998,0,24,24
5999,4,26,26
6000,2,158,158
6001,1,12,12
6002,3,162,162
6003,2,99,99
6004,1,21,21
6005,2,99,99
6006,2,29,29
6007,4,110,110
6008,0,52,52
6009,1,157,157
6010,2,37,37
6011,0,47,47
6012,0,51,51
6013,4,13,13
6014,2,110,110
6015,1,99,99
6016,0,73,73
6017,0,163,163
6018,1,127,127
6019,4,26,26
6020,1,6,6
6021,0,91,91
6022,0,11,11
6023,3,145,145
6024,1,3,63
6025,3,44,44
6026,0,156,156
6027,0,82,82
6028,4,160,160
6029,2,19,19
6030,0,75,75
6031,3,12,12
6032,3,63,63
6033,0,24,24
6034,0,1,1
6035,4,158,158
6036,1,52,52
6037,1,169,169
6038,4,118,118
6039,0,173,173
6040,3,14,14
6041,2,172,172
6042,4,150,150
6043,2,19,19
6044,3,32,32
6045,0,122,122
6046,4,118,118
6047,0,16,16
6048,1,9,9
6049,4,20,20
6050,2,105,105
6051,1,128,128
6052,2,30,30
6053,4,100,100
6054,4,94,94
6055,0,30,30
6056,3,146,146
6057,3,75,75
6058,3,68,68
6059,4,136,136
6060,0,134,134
6061,3,53,53
6062,2,1,1
6063,3,133,133
6064,2,59,59
6065,1,145,145
6066,1,25,25
6067,3,39,39
6068,3,74,74
6069,3,52,52
6070,3,20,20
6071,2,105,105
6072,1,6,6
6073,4,9,9
6074,1,82,82
6075,2,106,106
6076,4,22,22
6077,0,24,24
6078,1,39,39
6079,1,158,158
6080,2,155,155
6081,2,37,37
6082,4,118,118
6083,1,37,37
6084,0,95,95
6085,1,155,155
6086,3,164,164
6087,0,122,122
6088,3,154,154
6089,3,8,8
6090,1,5,5
6091,3,27,27
6092,0,36,36
6093,0,25,25
6094,4,47,47
6095,1,79,79
6096,2,81,81
6097,4,129,129
6098,1,15,15
6099,1,141,141
6100,0,25,25
6101,2,24,24
6102,4,58,58
6103,2,157,157
6104,0,135,135
6105,2,51,51
6106,0,100,100
6107,0,20,20
6108,1,66,66
6109,1,13,13
6110,0,100,100
6111,3,91,91
6112,2,143,143
6113,4,94,94
6114,0,50,50
6115,3,161,161
6116,0,15,15
6117,4,31,31
6118,1,173,173
6119,2,160,160
6120,1,123,123
6121,3,150,150
6122,4,30,30
6123,0,163,163
6124,3,82,82
6125,4,108,108
6126,3,107,107
6127,3,66,66
6128,3,66,66
6129,0,112,112
6130,4,73,73
6131,0,54,54
6132,0,35,35
6133,1,147,147
6134,4,160,160
6135,2,119,119
6136,3,100,100
6137,3,29,29
6138,2,11,11
6139,4,71,71
6140,1,112,112
6141,4,50,50
6142,2,85,85
6143,3,137,137
6144,3,43,43
6145,3,56,56
6146,2,134,134
6147,1,36,36
6148,2,8,8
6149,3,87,87
6150,1,45,45
6151,3,171,171
6152,0,39,39
6153,4,13,13
6154,0,86,86
6155,4,109,109
6156,0,119,119
6157,3,125,125
6158,3,104,104
6159,2,30,30
6160,3,167,68
6161,0,53,53
6162,4,44,44
6163,2,88,88
6164,0,81,81
6165,1,15,15
6166,1,59,59
6167,2,84,84
6168,2,74,74
6169,4,69,69
6170,3,138,138
6171,2,90,90
6172,0,21,21
6173,4,6,22
6174,2,6,6
6175,2,116,116
6176,4,9,9
6177,1,46,46
6178,2,134,134
6179,2,62,62
6180,3,32,32
6181,2,29,29
6182,1,108,108
6183,2,71,71
6184,1,174,174
6185,2,76,76
6186,0,66,66
6187,1,0,0
6188,3,102,102
6189,1,2,2
6190,4,114,60
6191,4,26,26
6192,3,55,55
6193,3,74,74
6194,4,160,160
6195,2,29,29
6196,2,6,6
6197,2,136,136
6198,2,52,52
6199,2,87,87
6200,3,78,78
6201,2,0,0
6202,1,57,57
6203,0,161,161
6204,0,96,96
6205,2,67,67
6206,1,140,140
6207,4,1,1
6208,1,35,35
6209,0,108,108
6210,4,66,66
6211,3,98,98
6212,1,132,132
6213,2,123,123
6214,0,46,46
6215,0,79,104
6216,4,33,33
6217,4,6,6
6218,4,60,60
6219,1,46,46
6220,3,71,71
6221,2,108,108
6222,2,95,95
6223,2,35,35
6224,1,4,4
6225,4,160,160
6226,1,17,17
6227,4,35,35
6228,1,160,160
6229,4,69,69
6230,2,39,39
6231,2,84,84
6232,1,56,56
6233,4,24,24
6234,0,10,10
6235,2,122,122
6236,1,107,107
6237,3,121,121
6238,3,14,14
6239,1,43,43
6240,0,114,114
6241,3,160,160
6242,0,62,62
6243,2,145,145
6244,2,69,69
6245,4,154,154
6246,3,28,28
6247,1,170,170
6248,0,70,70
6249,3,9,9
6250,0,64,64
6251,4,15,15
6252,1,121,121
6253,2,19,19
6254,1,44,44
6255,3,132,132
6256,1,115,115
6257,2,17,17
6258,3,7,7
6259,4,51,51
6260,2,98,98
6261,0,76,76
6262,0,132,132
6263,3,68,68
6264,1,132,132
6265,0,127,127
6266,3,34,34
6267,1,141,141
6268,4,12,12
6269,3,24,24
6270,2,140,140
6271,4,106,106
6272,1,32,32
6273,1,114,114
6274,2,90,90
6275,2,166,166
6276,1,93,93
6277,3,2,2
6278,4,19,19
6279,1,172,172
6280,2,68,68
6281,0,166,166
6282,4,44,44
6283,3,98,98
6284,3,25,25
6285,2,76,76
6286,4,99,99
6287,3,39,39
6288,0,48,48
6289,3,140,140
6290,0,29,29
6291,3,8,8
6292,1,70,3
6293,4,27,27
6294,4,37,37
6295,3,30,30
6296,1,148,148
6297,3,9,9
6298,3,72,72
6299,3,165,165
6300,0,105,105
6301,1,6,6
6302,0,73,73
6303,3,25,25
6304,3,44,44
6305,1,6,6
6306,1,54,54
6307,3,30,30
6308,0,148,148
6309,2,73,73
6310,1,83,83
6311,3,104,104
6312,1,16,16
6313,3,66,66
6314,2,172,172
6315,1,34,34
6316,3,20,20
6317,4,124,124
6318,0,45,45
6319,2,71,71
6320,0,99,99
6321,2,100,100
6322,0,10,10
6323,1,34,34
6324,2,109,109
6325,0,97,97
6326,2,148,148
6327,1,53,53
6328,3,10,10
6329,3,96,96
6330,0,18,18
6331,2,27,27
6332,0,165,165
6333,3,138,138
6334,0,25,25
6335,2,0,0
6336,3,53,53
6337,4,15,15
6338,0,19,19
6339,0,107,107
6340,0,93,93
6341,3,158,158
6342,2,37,37
6343,4,110,110
6344,1,1,1
6345,4,142,142
6346,4,90,90
6347,2,158,158
6348,2,24,11
6349,2,45,45
6350,0,171,171
6351,2,105,84
6352,4,157,157
6353,3,115,115
6354,1,3,3
6355,2,72,72
6356,4,13,13
6357,4,81,81
6358,1,15,15
6359,0,14,14
6360,1,90,90
6361,3,143,143
6362,4,103,103
6363,3,149,149
6364,4,131,131
6365,0,27,27
6366,0,69,69
6367,3,114,114
6368,0,16,16
6369,1,0,0
6370,3,165,165
6371,0,163,163
6372,1,146,146
6373,2,44,44
6374,2,106,106
6375,4,65,65
6376,0,117,117
6377,3,50,50
6378,1,16,16
6379,4,30,30
6380,3,148,148
6381,1,24,11
6382,2,163,163
6383,1,95,95
6384,3,47,47
6385,0,2,2
6386,3,89,89
6387,0,54,54
6388,1,105,105
6389,2,34,34
6390,3,88,88
6391,3,24,24
6392,3,41,41
6393,1,161,161
6394,3,173,173
6395,2,22,22
6396,1,7,7
6397,4,118,118
6398,3,108,108
6399,2,156,156
6400,4,28,28
6401,4,1,1
6402,2,32,32
6403,0,162,162
6404,1,15,15
6405,3,51,51
6406,1,88,88
6407,0,146,146
6408,2,16,16
6409,2,14,14
6410,3,12,12
6411,0,7,7
6412,3,3,70
6413,2,98,98
6414,4,138,138
6415,0,31,31
6416,0,111,111
6417,1,42,42
6418,0,69,69
6419,1,82,82
6420,0,65,65
6421,0,72,72
6422,2,152,152
6423,3,35,35
6424,3,98,98
6425,4,125,125
6426,0,18,18
6427,0,93,103
6428,2,5,5
6429,1,112,112
6430,0,130,130
6431,1,51,51
6432,3,1,1
6433,0,113,113
6434,3,119,119
6435,1,79,104
6436,4,63,63
6437,2,52,52
6438,4,41,41
6439,0,85,85
6440,3,38,38
6441,2,26,26
6442,4,0,0
6443,3,81,81
6444,0,149,149
6445,4,167,167
6446,2,104,104
6447,3,61,61
6448,0,103,103
6449,1,24,24
6450,2,92,92
6451,0,144,144
6452,4,63,63
6453,0,32,32
6454,2,0,0
6455,3,36,36
6456,4,72,72
6457,4,133,105
6458,4,0,0
6459,2,43,43
6460,2,92,92
6461,2,122,122
6462,3,144,144
6463,2,30,30
6464,4,51,51
6465,1,114,114
6466,3,92,92
6467,0,55,55
6468,0,91,91
6469,4,50,50
6470,0,1,1
6471,4,83,83
6472,3,95,95
6473,0,160,160
6474,0,141,141
6475,3,138,138
6476,4,155,155
6477,1,50,50
6478,2,3,3
6479,4,103,103
6480,0,68,68
6481,4,9,9
6482,1,28,28
6483,1,65,65
6484,1,38,38
6485,0,76,76
6486,4,55,55
6487,3,3,63
6488,2,111,111
6489,1,140,140
6490,2,126,126
6491,3,119,119
6492,3,146,146
6493,4,78,78
6494,2,12,12
6495,4,123,123
6496,0,17,17
6497,3,167,167
6498,0,155,155
6499,2,135,135
6500,4,4,4
6501,0,115,115
6502,4,72,72
6503,4,91,91
6504,4,121,121
6505,2,55,55
6506,1,128,128
6507,0,61,61
6508,2,144,144
6509,3,21,21
6510,2,0,0
6511,1,81,81
6512,0,98,98
6513,0,152,152
6514,2,130,130
6515,3,72,72
6516,4,170,170
6517,1,162,162
6518,2,77,77
6519,4,50,50
6520,1,156,156
6521,2,94,94
6522,0,70,168
6523,4,3,3
6524,4,98,98
6525,3,116,116
6526,0,135,135
6527,3,139,139
6528,4,94,94
6529,3,110,110
6530,3,59,59
6531,3,3,3
6532,1,17,17
6533,1,22,22
6534,3,52,52
6535,3,149,149
6536,3,122,122
6537,2,47,47
6538,2,22,22
6539,1,78,78
6540,0,115,115
6541,4,66,66
6542,3,12,12
6543,3,116,116
6544,2,96,96
6545,1,13,13
6546,2,57,57
6547,3,76,76
6548,3,16,16
6549,2,60,60
6550,0,109,109
6551,3,66,66
6552,4,11,24
6553,1,27,27
6554,4,90,90
6555,2,128,128
6556,0,62,62
6557,2,31,31
6558,0,141,141
6559,1,26,26
6560,4,62,62
6561,4,144,144
6562,0,173,173
6563,1,17,17
6564,2,150,150
6565,3,74,74
6566,2,74,74
6567,3,133,133
6568,2,135,135
6569,0,155,155
6570,1,103,103
6571,3,17,17
6572,4,105,105
6573,1,160,160
6574,0,143,143
6575,2,123,123
6576,1,43,43
6577,3,145,145
6578,1,154,154
6579,1,45,45
6580,2,112,112
6581,3,11,11
6582,4,1,1
6583,3,43,43
6584,1,65,65
6585,2,27,27
6586,3,0,0
6587,0,35,35
6588,3,55,55
6589,0,169,169
6590,1,131,131
6591,0,4,4
6592,1,84,84
6593,2,121,121
6594,0,43,43
6595,3,46,46
6596,3,73,73
6597,1,104,104
6598,2,44,44
6599,2,134,134
6600,1,35,35
6601,4,139,139
6602,1,129,129
6603,4,96,96
6604,0,41,41
6605,2,38,38
6606,4,154,154
6607,0,50,50
6608,3,137,137
6609,0,138,138
6610,1,164,164
6611,3,72,72
6612,1,154,154
6613,0,87,87
6614,4,24,11
6615,4,106,106
6616,2,136,136
6617,2,124,124
6618,2,89,89
6619,0,151,151
6620,0,25,25
6621,2,159,159
6622,0,110,110
6623,0,124,124
6624,0,138,138
6625,3,10,10
6626,1,7,7
6627,4,75,75
6628,2,4,4
6629,4,45,45
6630,1,155,155
6631,3,17,17
6632,1,1,1
6633,2,27,27
6634,0,95,95
6635,3,95,173
6636,3,83,83
6637,2,128,128
6638,1,2,2
6639,2,109,109
6640,1,171,171
6641,2,111,111
6642,4,28,28
6643,0,2,2
6644,4,85,85
6645,2,140,140
6646,3,41,41
6647,3,22,22
6648,0,124,124
6649,4,61,61
6650,1,162,162
6651,2,28,28
6652,0,23,23
6653,3,135,135
6654,4,99,99
6655,2,170,170
6656,0,34,34
6657,0,139,139
6658,0,90,90
6659,2,7,7
6660,3,22,22
6661,4,58,58
6662,1,64,64
6663,3,2,2
6664,3,154,154
6665,3,128,128
6666,2,166,166
6667,1,37,37
6668,0,60,60
6669,4,30,30
6670,1,55,55
6671,1,140,140
6672,1,142,142
6673,1,22,22
6674,0,134,134
6675,1,85,85
6676,0,156,156
6677,2,146,146
6678,0,28,28
6679,3,146,146
6680,4,9,9
6681,1,50,50
6682,1,48,48
6683,0,141,141
6684,1,48,48
6685,2,104,104
6686,0,68,68
6687,3,98,98
6688,2,93,93
6689,1,133,133
6690,2,1,1
6691,3,61,61
6692,3,0,0
6693,0,44,44
6694,0,133,133
6695,4,157,157
6696,4,5,5
6697,2,35,35
6698,1,35,35
6699,1,102,102
6700,2,65,65
6701,1,62,62
6702,0,168,168
6703,0,10,10
6704,3,40,40
6705,0,14,14
6706,3,74,74
6707,3,28,28
6708,3,162,162
6709,0,50,50
6710,1,169,169
6711,4,31,31
6712,3,24,11
6713,2,28,28
6714,2,18,18
6715,2,53,53
6716,0,99,99
6717,2,129,129
6718,0,20,20
6719,0,56,56
6720,4,134,134
6721,3,56,56
6722,3,67,67
6723,1,76,76
6724,1,81,81
6725,0,10,10
6726,2,86,86
6727,2,16,16
6728,3,45,45
6729,1,84,84
6730,3,31,31
6731,4,40,40
6732,1,60,60
6733,4,103,103
6734,1,12,12
6735,2,1,1
6736,0,129,129
6737,1,73,73
6738,2,152,152
6739,0,140,140
6740,3,135,135
6741,2,131,131
6742,3,118,118
6743,4,40,40
6744,3,70,70
6745,1,158,158
6746,4,61,61
6747,0,100,100
6748,1,102,102
6749,0,20,20
6750,1,126,126
6751,4,155,155
6752,1,85,85
6753,0,151,151
6754,1,68,68
6755,1,109,109
6756,0,44,44
6757,0,101,101
6758,1,15,15
6759,2,65,65
6760,1,10,10
6761,2,161,161
6762,3,148,148
6763,1,13,13
6764,1,134,134
6765,4,156,156
6766,1,22,22
6767,3,55,55
6768,0,114,114
6769,2,114,114
6770,2,149,149
6771,4,68,68
6772,4,75,75
6773,2,2,2
6774,2,34,34
6775,3,11,24
6776,1,135,135
6777,4,102,102
6778,2,47,47
6779,2,138,138
6780,0,19,19
6781,4,88,88
6782,2,157,157
6783,0,4,4
6784,3,116,116
6785,2,39,39
6786,4,160,160
6787,3,55,55
6788,0,55,55
6789,0,158,158
6790,3,165,165
6791,2,70,70
6792,3,62,62
6793,0,17,17
6794,0,157,157
6795,1,168,168
6796,2,93,93
6797,2,164,164
6798,3,121,121
6799,0,3,3
6800,3,6,6
6801,1,129,129
6802,3,77,77
6803,0,71,71
6804,2,26,26
6805,1,83,83
6806,3,141,141
6807,0,161,161
6808,3,62,62
6809,3,155,155
6810,0,142,142
6811,4,72,72
6812,3,126,126
6813,1,46,46
6814,2,121,121
6815,1,79,104
6816,0,85,85
6817,4,32,32
6818,4,6,6
6819,0,21,21
6820,3,113,113
6821,0,18,18
6822,4,145,145
6823,2,45,45
6824,2,53,53
6825,2,42,42
6826,4,112,112
6827,4,164,164
6828,0,153,153
6829,0,93,93
6830,0,155,155
6831,2,124,124
6832,3,19,19
6833,4,116,116
6834,4,24,24
6835,0,31,31
6836,1,24,24
6837,0,33,33
6838,2,82,82
6839,3,8,8
6840,1,86,86
6841,1,5,5
6842,0,147,147
6843,2,58,58
6844,2,150,150
6845,0,3,3
6846,0,8,8
6847,4,65,65
6848,2,102,102
6849,0,163,163
6850,3,79,79
6851,4,11,11
6852,1,37,37
6853,1,66,66
6854,3,15,15
6855,4,142,142
6856,1,119,119
6857,3,18,18
6858,4,12,12
6859,4,73,73
6860,0,105,105
6861,4,50,50
6862,2,133,133
6863,4,162,162
6864,4,92,92
6865,3,15,15
6866,1,118,118
6867,4,107,107
6868,3,96,96
6869,1,60,60
6870,2,137,137
6871,0,18,18
6872,3,0,0
6873,4,46,46
6874,1,162,162
6875,3,43,43
6876,4,108,108
6877,1,62,62
6878,4,85,85
6879,4,119,119
6880,4,85,85
6881,2,31,31
6882,3,123,123
6883,2,73,73
6884,4,65,65
6885,0,95,95
6886,0,15,15
6887,1,79,79
6888,3,6,6
6889,4,49,49
6890,0,92,92
6891,2,114,114
6892,1,175,175
6893,1,8,8
6894,4,78,78
6895,0,148,148
6896,0,126,126
6897,0,135,135
6898,3,4,4
6899,2,111,111
6900,3,44,44
6901,2,68,68
6902,0,70,3
6903,3,17,17
6904,4,26,26
6905,1,98,98
6906,3,76,76
6907,2,10,10
6908,4,90,90
6909,1,66,66
6910,4,32,32
6911,1,140,140
6912,4,42,42
6913,2,61,61
6914,2,81,81
6915,2,58,58
6916,1,8,8
6917,3,170,170
6918,2,167,167
6919,3,50,50
6920,2,150,150
6921,2,19,19
6922,2,59,59
6923,4,50,50
6924,4,132,132
6925,2,143,143
6926,1,50,50
6927,4,129,129
6928,3,80,80
6929,4,19,19
6930,4,27,27
6931,3,3,70
6932,4,126,126
6933,2,83,83
6934,1,129,129
6935,4,149,149
6936,2,116,116
6937,0,35,35
6938,0,87,87
6939,2,121,121
6940,1,80,80
6941,4,49,49
6942,3,29,29
6943,3,41,41
6944,4,153,153
6945,0,22,22
6946,2,2,2
6947,0,88,88
6948,4,41,41
6949,3,43,43
6950,0,7,7
6951,4,46,46
6952,4,103,103
6953,3,25,25
6954,4,103,103
6955,4,133,133
6956,4,120,120
6957,4,139,139
6958,0,104,79
6959,4,94,94
6960,3,23,23
6961,4,169,169
6962,4,114,114
6963,4,39,39
6964,2,2,2
6965,1,165,165
6966,2,8,8
6967,2,117,117
6968,2,10,10
6969,0,131,131
6970,1,139,139
6971,0,49,49
6972,4,10,10
6973,0,130,130
6974,2,150,150
6975,3,10,10
6976,1,17,17
6977,0,126,126
6978,1,131,131
6979,3,4,4
6980,4,44,44
6981,2,84,84
6982,1,100,100
6983,4,22,22
6984,2,0,0
6985,4,4,4
6986,1,172,172
6987,2,85,85
6988,0,106,106
6989,2,12,12
6990,2,9,9
6991,1,174,174
6992,1,139,139
6993,0,85,85
6994,0,143,143
6995,1,137,137
6996,1,108,108
6997,2,26,26
6998,3,124,124
6999,0,20,20
7000,2,118,118
7001,3,48,48
7002,1,98,98
7003,3,161,161
7004,2,69,69
7005,0,55,55
7006,0,65,65
7007,2,22,22
7008,2,34,34
7009,4,117,117
7010,3,171,171
7011,3,54,54
7012,4,77,77
7013,3,17,17
7014,0,138,138
7015,4,79,79
7016,0,90,90
7017,1,64,64
7018,1,16,16
7019,0,84,84
7020,2,76,76
7021,0,37,37
7022,3,134,134
7023,0,85,85
7024,2,127,127
7025,3,0,0
7026,0,169,169
7027,2,85,85
7028,0,1,1
7029,2,169,169
7030,3,47,47
7031,2,52,52
7032,3,103,103
7033,2,130,130
7034,0,94,94
7035,3,17,17
7036,0,15,15
7037,2,83,83
7038,3,116,116
7039,2,139,139
7040,4,131,131
7041,3,37,37
7042,2,90,90
7043,3,42,42
7044,0,18,18
7045,3,71,71
7046,1,120,120
7047,2,55,55
7048,3,75,75
7049,4,53,53
7050,1,50,50
7051,0,156,156
7052,0,121,121
7053,2,35,35
7054,0,15,15
7055,3,162,162
7056,1,37,37
7057,1,123,123
7058,4,7,7
7059,1,29,29
7060,2,36,36
7061,0,77,77
7062,4,132,132
7063,4,36,36
7064,0,175,175
7065,3,171,171
7066,0,17,17
7067,0,24,24
7068,3,14,14
7069,1,100,100
7070,0,68,68
7071,2,44,44
7072,4,99,99
7073,2,144,144
7074,1,156,156
7075,3,21,21
7076,0,160,160
7077,2,49,49
7078,4,156,156
7079,4,87,87
7080,3,84,84
7081,3,63,63
7082,0,158,158
7083,1,2,2
7084,0,132,132
7085,3,175,175
7086,0,71,71
7087,0,105,105
7088,2,173,173
7089,0,57,57
7090,1,88,88
7091,1,118,118
7092,1,25,25
7093,1,18,18
7094,3,85,85
7095,4,131,131
7096,3,38,38
7097,0,124,124
7098,3,106,106
7099,2,27,27
7100,4,54,54
7101,2,76,76
7102,3,11,11
7103,4,43,43
7104,3,62,62
7105,4,163,163
7106,2,112,112
7107,3,77,77
7108,0,69,69
7109,0,41,41
7110,0,164,164
7111,0,3,3
7112,1,44,44
7113,3,29,29
7114,4,114,114
7115,3,9,9
7116,0,23,23
7117,1,73,73
7118,2,75,75
7119,4,2,2
7120,1,3,3
7121,1,41,41
7122,4,146,146
7123,2,39,39
7124,0,124,124
7125,3,59,59
7126,4,160,160
7127,2,96,96
7128,2,168,168
7129,4,133,105
7130,1,113,113
7131,1,86,86
7132,4,103,103
7133,4,21,21
7134,3,123,123
7135,3,110,110
7136,3,37,37
7137,4,140,140
7138,2,173,173
7139,4,20,20
7140,2,10,10
7141,1,107,107
7142,3,121,121
7143,2,37,37
7144,0,160,160
7145,1,59,59
7146,1,134,134
7147,4,111,111
7148,3,86,86
7149,4,18,18
7150,1,167,167
7151,0,12,12
7152,4,143,143
7153,1,75,75
7154,0,150,150
7155,2,33,33
7156,4,42,42
7157,3,63,63
7158,2,92,92
7159,4,19,19
7160,0,38,38
7161,1,31,31
7162,0,132,132
7163,0,53,53
7164,0,158,158
7165,2,20,20
7166,1,1,1
7167,0,118,118
7168,3,152,152
7169,3,19,19
7170,2,94,94
7171,1,80,80
7172,0,88,88
7173,1,24,11
7174,0,62,62
7175,4,86,86
7176,3,30,30
7177,4,10,10
7178,0,15,15
7179,2,63,63
7180,4,115,115
7181,4,88,88
7182,1,54,54
7183,4,170,170
7184,1,170,170
7185,1,4,4
7186,2,76,76
7187,2,171,171
7188,3,76,76
7189,2,52,52
7190,1,133,133
7191,0,145,145
7192,1,48,48
7193,1,124,124
7194,2,24,11
7195,4,4,4
7196,3,86,86
7197,2,129,129
7198,0,112,112
7199,2,55,55
7200,3,61,61
7201,4,28,28
7202,4,95,95
7203,1,36,36
7204,1,8,8
7205,1,75,75
7206,1,24,24
7207,1,7,7
7208,0,169,169
7209,2,19,19
7210,0,1,1
7211,1,126,126
7212,1,22,22
7213,4,7,7
7214,1,141,141
7215,2,136,136
7216,0,106,106
7217,1,163,163
7218,4,173,173
7219,1,96,96
7220,4,67,67
7221,2,106,106
7222,1,96,96
7223,1,130,130
7224,2,157,157
7225,3,101,101
7226,4,162,162
7227,0,170,170
7228,3,73,73
7229,4,1,1
7230,1,0,0
7231,1,8,8
7232,4,71,71
7233,4,25,25
7234,0,169,169
7235,0,0,0
7236,1,27,27
7237,3,94,94
7238,0,0,0
7239,3,39,39
7240,3,99,99
7241,3,41,41
7242,0,76,76
7243,1,7,104
7244,4,138,138
7245,0,109,109
7246,0,40,40
7247,4,74,74
7248,3,120,120
7249,4,22,22
7250,0,155,155
7251,0,59,59
7252,4,67,51
7253,3,111,111
7254,2,100,100
7255,1,31,31
7256,4,87,87
7257,1,103,103
7258,4,47,154
7259,2,155,155
7260,1,80,80
7261,1,58,58
7262,0,98,98
7263,2,16,16
7264,1,1,1
7265,0,61,61
7266,0,41,41
7267,4,21,21
7268,1,66,66
7269,3,97,97
7270,2,145,145
7271,4,45,45
7272,0,75,75
7273,1,87,87
7274,0,45,45
7275,1,139,139
7276,2,149,149
7277,3,142,142
7278,2,174,174
7279,4,8,8
7280,0,110,110
7281,1,118,118
7282,4,80,80
7283,3,161,161
7284,0,98,98
7285,0,51,51
7286,3,31,31
7287,2,59,59
7288,0,55,55
7289,3,40,40
7290,0,2,2
7291,2,150,150
7292,4,94,94
7293,1,39,39
7294,3,109,109
7295,2,166,166
7296,1,123,123
7297,3,49,49
7298,1,102,102
7299,0,110,110
7300,4,92,92
7301,1,142,142
7302,2,163,163
7303,1,38,38
7304,1,31,31
7305,0,111,111
7306,2,26,26
7307,1,1,1
7308,4,140,140
7309,1,141,141
7310,2,155,155
7311,1,39,39
7312,1,94,94
7313,4,154,154
7314,3,0,0
7315,1,173,173
7316,3,132,132
7317,2,6,6
7318,3,68,68
7319,3,23,23
7320,3,33,33
7321,4,143,143
7322,3,8,8
7323,0,11,24
7324,1,124,124
7325,3,71,71
7326,3,145,145
7327,4,42,42
7328,0,47,47
7329,4,15,15
7330,1,130,130
7331,0,173,173
7332,0,21,21
7333,2,143,143
7334,4,156,156
7335,1,88,88
7336,3,122,122
7337,3,52,52
7338,2,53,53
7339,0,63,63
7340,4,127,127
7341,1,137,137
7342,2,141,141
7343,2,17,17
7344,0,61,61
7345,1,20,20
7346,2,174,174
7347,0,162,162
7348,0,19,19
7349,0,69,69
7350,4,1,1
7351,4,109,109
7352,1,131,131
7353,2,14,14
7354,3,96,96
7355,0,14,14
7356,1,149,149
7357,2,156,156
7358,3,53,53
7359,3,25,25
7360,4,65,65
7361,4,1,1
7362,0,38,38
7363,2,153,153
7364,2,43,43
7365,2,51,51
7366,2,81,81
7367,2,15,15
7368,2,6,6
7369,2,62,62
7370,0,175,175
7371,1,148,148
7372,0,4,4
7373,1,139,139
7374,4,35,35
7375,3,5,5
7376,4,139,139
7377,1,27,27
7378,0,174,174
7379,3,0,0
7380,0,95,95
7381,2,111,111
7382,4,138,138
7383,1,98,98
7384,2,159,159
7385,1,44,44
7386,2,132,132
7387,4,124,124
7388,0,120,120
7389,3,102,102
7390,1,145,145
7391,3,45,45
7392,4,22,22
7393,2,170,170
7394,1,18,18
7395,1,95,95
7396,1,53,53
7397,0,97,97
7398,2,75,75
7399,2,7,7
7400,2,10,10
7401,4,47,47
7402,2,45,45
7403,1,4,4
7404,3,58,58
7405,0,87,87
7406,2,63,63
7407,1,0,0
7408,0,70,3
7409,4,83,83
7410,1,63,3
7411,1,99,99
7412,3,44,44
7413,0,136,136
7414,4,95,95
7415,1,152,152
7416,1,144,144
7417,1,93,93
7418,3,54,54
7419,4,8,8
7420,1,130,130
7421,0,15,15
7422,4,120,120
7423,3,35,35
7424,1,109,109
7425,1,163,163
7426,4,151,151
7427,4,87,87
7428,4,94,94
7429,3,139,139
7430,2,66,66
7431,4,139,139
7432,4,10,10
7433,1,78,78
7434,0,19,19
7435,1,2,2
7436,2,24,24
7437,4,124,124
7438,2,24,24
7439,0,63,63
7440,2,70,70
7441,2,9,9
7442,1,158,158
7443,1,174,174
7444,4,171,171
7445,1,57,57
7446,4,150,150
7447,3,30,30
7448,1,6,6
7449,1,48,23
7450,1,105,105
7451,0,3,63
7452,2,9,9
7453,4,33,33
7454,1,112,112
7455,3,148,148
7456,3,166,166
7457,0,24,24
7458,0,12,12
7459,0,59,59
7460,4,15,15
7461,0,67,67
7462,2,46,46
7463,4,17,17
7464,1,159,159
7465,0,174,86
7466,1,26,26
7467,2,26,26
7468,0,167,167
7469,0,7,7
7470,4,145,145
7471,1,96,96
7472,1,170,170
7473,2,88,88
7474,4,2,2
7475,3,68,68
7476,0,71,71
7477,0,108,108
7478,1,33,33
7479,2,105,105
7480,0,107,107
7481,2,133,133
7482,4,16,16
7483,4,82,82
7484,1,61,61
7485,3,27,27
7486,2,144,144
7487,4,81,81
7488,4,52,52
7489,3,152,152
7490,4,17,17
7491,0,36,36
7492,0,102,102
7493,2,21,21
7494,3,172,172
7495,0,129,129
7496,1,8,8
7497,4,80,80
7498,4,170,170
7499,1,166,166
7500,2,132,132
7501,2,1,1
7502,1,15,15
7503,1,49,49
7504,2,61,61
7505,2,28,28
7506,2,14,14
7507,3,113,113
7508,0,115,115
7509,2,88,88
7510,4,90,90
7511,4,7,7
7512,3,78,78
7513,0,13,13
7514,2,9,9
7515,1,155,155
7516,2,64,64
7517,3,22,22
7518,3,114,114
7519,2,113,113
7520,1,171,171
7521,1,137,137
7522,0,138,138
7523,2,29,29
7524,0,16,16
7525,2,66,66
7526,1,155,155
7527,3,69,69
7528,3,96,96
7529,1,108,108
7530,1,42,42
7531,4,85,85
7532,2,101,101
7533,4,101,101
7534,2,90,90
7535,2,175,175
7536,1,31,31
7537,3,167,167
7538,3,82,82
7539,4,47,47
7540,4,39,39
7541,0,11,11
7542,0,154,154
7543,1,49,49
7544,4,41,41
7545,3,42,42
7546,1,14,14
7547,3,127,127
7548,4,70,70
7549,2,2,2
7550,2,117,117
7551,0,101,101
7552,3,140,140
7553,3,125,125
7554,1,136,136
7555,0,42,42
7556,0,17,17
7557,1,159,159
7558,4,37,37
7559,1,117,117
7560,0,125,125
7561,0,65,65
7562,2,79,79
7563,4,13,13
7564,3,160,160
7565,2,69,69
7566,1,83,83
7567,2,158,158
7568,1,160,160
7569,0,14,14
7570,1,127,127
7571,0,128,128
7572,3,162,162
7573,1,122,122
7574,0,11,11
7575,2,141,141
7576,0,15,15
7577,3,116,116
7578,0,126,126
7579,2,65,65
7580,0,109,109
7581,2,36,36
7582,4,143,143
7583,1,24,24
7584,4,150,16
7585,3,74,74
7586,0,39,39
7587,2,58,58
7588,1,21,21
7589,0,88,88
7590,3,84,84
7591,4,46,46
7592,1,157,157
7593,0,112,112
7594,3,115,115
7595,4,152,152
7596,1,45,45
7597,1,59,59
7598,1,154,154
7599,4,21,21
7600,1,149,149
7601,3,70,70
7602,1,139,139
7603,1,74,74
7604,4,52,52
7605,1,9,9
7606,3,49,49
7607,4,168,168
7608,1,76,76
7609,1,20,20
7610,0,112,112
7611,4,147,147
7612,0,151,151
7613,2,13,13
7614,1,118,118
7615,0,117,117
7616,4,62,62
7617,1,91,91
7618,1,62,62
7619,4,114,114
7620,2,21,21
7621,2,162,162
7622,1,43,43
7623,1,172,172
7624,2,54,54
7625,2,7,7
7626,3,66,66
7627,1,142,142
7628,0,93,93
7629,3,174,169
7630,4,85,85
7631,4,43,43
7632,2,40,40
7633,4,157,157
7634,1,20,20
7635,0,51,51
7636,0,88,88
7637,1,43,43
7638,1,175,175
7639,1,39,39
7640,2,85,85
7641,1,154,154
7642,1,140,140
7643,0,141,141
7644,1,6,6
7645,1,116,116
7646,4,104,104
7647,4,62,62
7648,1,30,30
7649,2,66,66
7650,4,57,57
7651,0,44,44
7652,0,112,112
7653,1,40,40
7654,2,61,61
7655,3,76,76
7656,4,126,126
7657,1,2,2
7658,1,72,72
7659,4,16,16
7660,2,124,124
7661,2,170,170
7662,4,98,91
7663,4,105,105
7664,3,52,52
7665,1,128,128
7666,3,143,143
7667,0,1,1
7668,0,93,93
7669,3,106,106
7670,0,76,76
7671,2,21,21
7672,1,105,105
7673,3,94,94
7674,1,57,57
7675,1,81,81
7676,3,35,35
7677,3,82,82
7678,2,73,73
7679,4,18,18
7680,2,44,44
7681,0,69,69
7682,1,145,145
7683,3,16,16
7684,1,94,94
7685,2,89,89
7686,4,76,76
7687,4,33,33
7688,4,100,100
7689,3,107,107
7690,3,174,174
7691,1,95,95
7692,3,51,51
7693,2,153,153
7694,1,124,124
7695,3,129,129
7696,1,4,4
7697,4,161,161
7698,0,7,7
7699,3,173,173
7700,3,167,167
7701,4,63,3
7702,4,88,88
7703,1,41,41
7704,1,24,24
7705,2,10,10
7706,0,82,82
7707,1,10,10
7708,0,19,19
7709,4,52,52
7710,2,75,75
7711,3,0,0
7712,4,170,66
7713,3,11,24
7714,1,103,103
7715,3,30,30
7716,1,33,33
7717,3,38,38
7718,2,17,17
7719,2,46,46
7720,2,3,70
7721,2,67,67
7722,4,152,152
7723,3,44,44
7724,3,4,4
7725,0,52,52
7726,2,48,48
7727,1,19,19
7728,0,122,122
7729,3,105,105
7730,1,125,125
7731,1,153,153
7732,1,106,106
7733,1,23,23
7734,3,24,24
7735,4,23,23
7736,4,0,0
7737,3,55,55
7738,2,85,85
7739,3,97,97
7740,3,166,166
7741,0,38,38
7742,3,14,14
7743,3,59,59
7744,2,14,14
7745,1,84,168
7746,0,19,19
7747,2,162,162
7748,3,151,151
7749,4,9,9
7750,4,30,30
7751,4,47,47
7752,1,51,51
7753,1,36,36
7754,2,46,46
7755,4,45,45
7756,2,54,54
7757,0,60,60
7758,1,69,69
7759,1,0,0
7760,3,110,110
7761,1,119,119
7762,3,158,158
7763,1,147,147
7764,0,139,139
7765,3,24,24
7766,2,90,90
7767,4,13,13
7768,3,103,103
7769,0,149,149
7770,3,109,109
7771,3,166,166
7772,0,86,86
7773,2,1,1
7774,3,83,83
7775,1,24,11
7776,3,112,112
7777,0,39,39
7778,0,46,46
7779,0,8,8
7780,2,67,67
7781,4,38,38
7782,3,18,18
7783,4,10,10
7784,4,13,13
7785,0,140,140
7786,4,76,76
7787,1,43,43
7788,0,17,17
7789,3,104,79
7790,4,175,175
7791,3,83,83
7792,0,82,82
7793,1,124,124
7794,3,94,94
7795,0,21,21
7796,2,85,85
7797,4,159,159
7798,2,70,70
7799,2,127,127
7800,1,99,99
7801,2,29,29
7802,3,96,96
7803,1,15,15
7804,0,10,10
7805,0,131,131
7806,4,118,118
7807,0,59,59
7808,0,8,8
7809,1,33,33
7810,0,158,158
7811,2,148,148
7812,3,156,156
7813,0,131,131
7814,3,139,139
7815,4,26,26
7816,1,46,46
7817,1,60,60
7818,4,127,127
7819,4,145,145
7820,3,166,166
7821,1,139,139
7822,1,50,50
7823,2,153,153
7824,1,103,103
7825,2,33,33
7826,0,83,83
7827,0,126,126
7828,1,53,53
7829,4,14,14
7830,2,43,43
7831,4,71,71
7832,2,57,57
7833,2,85,85
7834,2,4,4
7835,2,19,19
7836,4,172,172
7837,4,145,145
7838,4,127,127
7839,1,19,19
7840,2,125,125
7841,3,10,10
7842,3,168,168
7843,4,87,87
7844,4,95,95
7845,2,38,38
7846,2,64,64
7847,2,19,19
7848,0,82,82
7849,3,161,161
7850,4,3,3
7851,0,2,2
7852,1,30,30
7853,4,164,164
7854,1,169,169
7855,3,144,144
7856,1,136,136
7857,3,143,143
7858,1,34,34
7859,1,28,28
7860,3,170,170
7861,0,86,86
7862,1,153,153
7863,4,159,159
7864,3,35,35
7865,4,137,137
7866,3,111,111
7867,0,72,72
7868,4,47,47
7869,3,122,122
7870,2,113,113
7871,2,128,128
7872,2,154,154
7873,2,3,3
7874,2,123,123
7875,0,112,112
7876,1,2,2
7877,1,31,31
7878,0,109,109
7879,3,67,67
7880,1,168,168
7881,4,6,6
7882,4,76,76
7883,0,76,76
7884,1,110,110
7885,3,6,6
7886,3,165,165
7887,4,15,15
7888,4,34,34
7889,0,58,58
7890,1,57,57
7891,2,5,5
7892,3,34,34
7893,3,175,175
7894,0,2,2
7895,1,27,27
7896,2,134,134
7897,2,44,44
7898,3,24,24
7899,2,120,120
7900,2,97,97
7901,3,42,42
7902,2,30,30
7903,3,87,87
7904,1,45,45
7905,4,7,7
7906,0,96,96
7907,4,105,105
7908,4,87,87
7909,1,1,1
7910,2,49,49
7911,4,133,133
7912,2,10,10
7913,4,29,29
7914,3,11,24
7915,1,159,159
7916,2,112,112
7917,1,13,13
7918,1,54,54
7919,3,172,172
7920,4,77,77
7921,1,29,29
7922,3,138,138
7923,4,148,148
7924,0,1,1
7925,4,0,0
7926,4,84,84
7927,0,74,74
7928,2,77,77
7929,4,53,53
7930,2,56,56
7931,2,70,70
7932,0,36,36
7933,2,16,16
7934,4,42,42
7935,0,41,41
7936,2,7,7
7937,1,54,54
7938,3,46,46
7939,4,4,4
7940,1,3,3
7941,2,145,145
7942,1,58,58
7943,4,95,95
7944,2,92,92
7945,0,9,9
7946,3,1,1
7947,4,22,22
7948,4,119,119
7949,2,155,155
7950,4,10,10
7951,1,126,126
7952,2,92,92
7953,0,1,1
7954,3,70,70
7955,1,18,18
7956,4,0,0
7957,2,36,36
7958,3,33,33
7959,1,34,34
7960,3,9,9
7961,3,128,128
7962,0,83,83
7963,3,166,166
7964,3,166,166
7965,0,78,78
7966,2,29,29
7967,3,131,131
7968,3,60,60
7969,3,58,58
7970,2,141,141
7971,3,35,35
7972,0,113,113
7973,4,175,175
7974,2,4,4
7975,3,82,82
7976,4,55,55
7977,4,37,37
7978,3,129,129
7979,4,155,155
7980,1,110,110
7981,3,50,50
7982,4,143,143
7983,4,110,110
7984,0,74,74
7985,2,59,59
7986,0,20,20
7987,0,145,145
7988,2,152,152
7989,0,115,115
7990,3,174,174
7991,1,71,71
7992,4,67,67
7993,3,139,139
7994,4,55,55
7995,2,143,143
7996,4,157,157
7997,4,124,124
7998,4,43,43
7999,1,89,89
8000,1,58,58
8001,1,124,124
8002,4,88,88
8003,1,150,150
8004,3,61,61
8005,2,145,145
8006,2,120,120
8007,2,39,39
8008,3,149,149
8009,0,77,77
8010,1,3,63
8011,2,73,73
8012,0,96,96
8013,4,39,39
8014,2,23,23
8015,3,135,135
8016,1,76,76
8017,3,125,125
8018,0,152,152
8019,2,93,93
8020,4,168,168
8021,2,42,42
8022,3,5,5
8023,1,31,31
8024,4,3,3
8025,0,9,9
8026,1,4,4
8027,4,30,30
8028,2,89,89
8029,3,37,37
8030,4,124,124
8031,0,124,124
8032,2,75,75
8033,4,75,75
8034,3,38,38
8035,3,88,88
8036,3,174,174
8037,3,121,121
8038,4,60,60
8039,3,2,2
8040,0,31,31
8041,2,145,145
8042,1,90,90
8043,3,20,20
8044,3,135,135
8045,3,0,0
8046,2,50,50
8047,1,137,137
8048,0,163,163
8049,1,62,62
8050,4,123,123
8051,2,88,88
8052,2,113,113
8053,3,109,109
8054,0,88,88
8055,0,71,71
8056,0,58,58
8057,1,60,60
8058,0,37,37
8059,0,3,70
8060,2,2,2
8061,2,47,47
8062,0,29,29
8063,0,105,105
8064,0,42,42
8065,2,162,162
8066,4,0,0
8067,0,47,47
8068,3,102,102
8069,1,7,7
8070,3,145,145
8071,0,88,88
8072,2,125,125
8073,1,129,129
8074,0,16,16
8075,4,143,143
8076,0,150,150
8077,1,40,40
8078,3,111,111
8079,4,160,160
8080,4,120,120
8081,0,109,109
8082,3,141,141
8083,2,27,27
8084,2,94,94
8085,0,31,31
8086,4,106,106
8087,2,68,68
8088,0,128,128
8089,2,8,8
8090,3,165,165
8091,0,164,164
8092,1,64,64
8093,0,148,148
8094,2,52,52
8095,2,134,134
8096,1,102,102
8097,0,175,175
8098,2,98,98
8099,3,51,51
8100,0,92,92
8101,2,149,149
8102,3,12,12
8103,0,142,142
8104,0,115,115
8105,0,67,67
8106,2,46,46
8107,2,0,0
8108,4,137,137
8109,4,125,125
8110,3,140,140
8111,2,147,147
8112,4,29,29
8113,0,37,37
8114,1,167,167
8115,4,158,158
8116,1,85,85
8117,0,20,20
8118,2,23,23
8119,2,6,6
8120,3,37,37
8121,2,139,139
8122,3,4,4
8123,2,118,118
8124,0,51,51
8125,3,138,138
8126,2,2,2
8127,2,112,112
8128,3,96,96
8129,4,44,44
8130,2,53,53
8131,0,43,43
8132,1,4,4
8133,2,23,23
8134,0,17,17
8135,4,38,38
8136,2,86,86
8137,2,44,44
8138,0,7,7
8139,4,8,8
8140,1,44,44
8141,0,33,33
8142,0,133,133
8143,3,102,102
8144,2,160,160
8145,0,103,103
8146,0,149,149
8147,4,146,146
8148,0,112,112
8149,4,154,154
8150,3,124,124
8151,3,85,85
8152,4,34,34
8153,4,1,1
8154,0,107,107
8155,0,114,114
8156,1,107,107
8157,2,173,173
8158,0,86,86
8159,1,141,141
8160,2,169,169
8161,3,22,22
8162,1,53,53
8163,4,43,43
8164,0,34,34
8165,2,117,117
8166,0,66,66
8167,2,29,29
8168,2,10,10
8169,2,58,58
8170,4,71,71
8171,1,73,73
8172,3,64,64
8173,1,14,14
8174,1,49,49
8175,4,166,166
8176,4,139,139
8177,1,19,19
8178,4,130,130
8179,3,160,160
8180,0,107,107
8181,1,6,6
8182,0,162,162
8183,4,65,65
8184,4,27,27
8185,2,0,0
8186,1,51,51
8187,0,62,62
8188,2,5,5
8189,3,10,10
8190,3,168,168
8191,0,130,130
8192,2,55,55
8193,1,81,81
8194,4,123,123
8195,0,154,154
8196,0,128,128
8197,0,16,16
8198,2,148,148
8199,3,4,4
8200,1,68,68
8201,2,3,70
8202,4,30,30
8203,1,123,123
8204,2,155,155
8205,2,92,92
8206,1,50,50
8207,0,115,115
8208,3,57,57
8209,0,94,94
8210,2,51,51
8211,2,158,158
8212,3,124,124
8213,2,106,106
8214,2,83,83
8215,3,33,33
8216,0,124,91
8217,2,18,18
8218,2,88,88
8219,1,69,69
8220,2,39,39
8221,3,127,127
8222,2,39,39
8223,3,85,85
8224,3,61,61
8225,3,41,41
8226,4,138,138
8227,2,98,98
8228,0,46,46
8229,1,81,81
8230,4,86,86
8231,2,150,150
8232,2,53,53
8233,4,161,161
8234,2,126,126
8235,4,130,130
8236,1,79,79
8237,4,89,89
8238,0,24,11
8239,2,125,125
8240,0,83,83
8241,2,52,52
8242,3,99,99
8243,3,30,30
8244,4,58,58
8245,0,134,134
8246,0,93,93
8247,4,9,9
8248,4,34,34
8249,2,75,75
8250,4,18,18
8251,4,160,160
8252,0,13,13
8253,4,83,83
8254,3,110,110
8255,3,109,109
8256,4,6,6
8257,4,113,113
8258,2,29,29
8259,0,136,136
8260,3,24,24
8261,1,55,55
8262,4,17,17
8263,4,45,45
8264,4,135,135
8265,1,81,81
8266,0,105,105
8267,2,40,40
8268,4,126,126
8269,1,131,131
8270,2,35,35
8271,1,21,21
8272,3,3,3
8273,3,0,0
8274,1,75,75
8275,1,45,45
8276,4,31,31
8277,1,102,102
8278,3,46,46
8279,1,70,3
8280,0,109,109
8281,1,159,159
8282,0,144,144
8283,1,6,6
8284,4,108,108
8285,4,70,70
8286,4,141,141
8287,4,46,46
8288,3,80,80
8289,2,1,1
8290,0,2,2
8291,4,58,58
8292,4,12,12
8293,0,88,88
8294,1,29,29
8295,1,58,58
8296,3,82,82
8297,2,172,172
8298,0,157,157
8299,2,0,0
8300,4,49,49
8301,1,89,89
8302,4,133,105
8303,1,134,134
8304,2,143,143
8305,4,26,26
8306,4,49,49
8307,2,87,87
8308,0,76,76
8309,1,138,138
8310,2,3,3
8311,0,121,121
8312,2,24,24
8313,4,83,83
8314,3,34,34
8315,2,103,103
8316,1,28,28
8317,1,5,5
8318,1,29,29
8319,3,154,154
8320,0,139,139
8321,4,37,37
8322,2,130,130
8323,1,19,19
8324,0,155,155
8325,1,91,91
8326,2,76,76
8327,3,131,131
8328,3,17,17
8329,2,70,3
8330,1,83,83
8331,0,82,82
8332,2,41,41
8333,2,81,81
8334,2,18,18
8335,0,94,94
8336,4,81,81
8337,1,121,121
8338,4,125,125
8339,3,141,141
8340,1,93,93
8341,4,49,49
8342,4,91,91
8343,2,55,55
8344,0,117,117
8345,2,18,18
8346,2,142,142
8347,1,116,116
8348,1,168,168
8349,0,172,172
8350,1,18,18
8351,0,5,5
8352,3,0,0
8353,2,59,59
8354,3,83,83
8355,4,79,79
8356,0,118,118
8357,1,43,43
8358,3,128,128
8359,2,117,117
8360,0,74,74
8361,3,50,50
8362,2,161,161
8363,4,124,124
8364,2,93,93
8365,1,107,107
8366,3,6,6
8367,0,72,72
8368,1,127,127
8369,0,109,109
8370,3,147,147
8371,2,107,107
8372,4,7,7
8373,3,75,75
8374,3,109,109
8375,0,29,29
8376,0,18,18
8377,4,37,37
8378,2,103,103
8379,0,51,51
8380,0,15,15
8381,4,147,147
8382,0,104,104
8383,0,104,104
8384,2,92,92
8385,4,144,144
8386,3,157,157
8387,1,157,157
8388,3,161,161
8389,1,39,39
8390,4,5,5
8391,1,27,27
8392,2,138,138
8393,4,113,113
8394,2,111,111
8395,0,112,112
8396,1,76,76
8397,0,7,7
8398,4,3,3
8399,1,102,102
8400,2,27,27
8401,1,131,131
8402,3,44,44
8403,2,52,52
8404,3,55,55
8405,0,113,113
8406,2,167,167
8407,3,29,29
8408,1,15,15
8409,3,68,68
8410,3,135,135
8411,1,55,55
8412,3,131,131
8413,0,137,137
8414,1,68,68
8415,2,105,105
8416,4,128,128
8417,3,131,131
8418,0,0,0
8419,3,80,80
8420,1,115,115
8421,1,62,62
8422,4,131,131
8423,3,54,54
8424,2,95,95
8425,4,2,2
8426,4,23,23
8427,2,65,65
8428,2,29,29
8429,2,107,107
8430,2,133,133
8431,1,0,0
8432,3,58,58
8433,1,4,4
8434,2,70,70
8435,0,132,132
8436,1,152,152
8437,1,91,91
8438,1,153,153
8439,1,165,165
8440,1,120,120
8441,4,45,45
8442,2,21,21
8443,2,131,131
8444,0,113,113
8445,2,110,110
8446,3,166,166
8447,4,104,87
8448,1,4,4
8449,2,139,139
8450,0,146,146
8451,2,44,44
8452,2,0,0
8453,2,86,86
8454,2,17,17
8455,2,14,14
8456,3,33,33
8457,4,138,138
8458,2,145,145
8459,4,134,134
8460,1,140,140
8461,0,41,41
8462,3,160,160
8463,1,28,28
8464,0,8,8
8465,4,98,98
8466,2,84,84
8467,1,4,4
8468,1,129,129
8469,1,137,137
8470,1,43,43
8471,0,56,56
8472,1,106,106
8473,0,69,69
8474,2,67,67
8475,3,37,37
8476,4,75,75
8477,3,48,48
8478,2,56,56
8479,3,1,1
8480,1,117,117
8481,4,116,116
8482,1,22,22
8483,2,0,0
8484,3,173,173
8485,1,51,51
8486,0,167,167
8487,3,24,11
8488,1,111,111
8489,3,89,89
8490,1,158,158
8491,3,18,18
8492,0,137,137
8493,0,7,7
8494,1,130,130
8495,4,108,108
8496,2,99,99
8497,0,45,45
8498,3,4,4
8499,2,23,23
8500,1,37,37
8501,0,17,17
8502,3,12,12
8503,1,175,175
8504,3,36,36
8505,4,102,102
8506,4,161,161
8507,4,79,79
8508,2,121,121
8509,4,14,14
8510,4,32,32
8511,1,139,139
8512,0,19,19
8513,2,4,4
8514,0,10,10
8515,2,42,42
8516,1,93,93
8517,4,149,149
8518,4,17,17
8519,1,141,141
8520,4,168,168
8521,2,72,72
8522,4,107,107
8523,1,92,92
8524,3,0,0
8525,2,153,153
8526,0,175,175
8527,2,7,7
8528,0,14,14
8529,0,69,69
8530,2,106,106
8531,1,93,93
8532,2,87,87
8533,4,114,114
8534,0,102,102
8535,4,115,115
8536,0,145,145
8537,4,43,43
8538,4,12,12
8539,4,5,5
8540,2,68,68
8541,4,97,97
8542,2,59,59
8543,4,24,24
8544,3,115,115
8545,4,70,70
8546,4,163,163
8547,4,92,92
8548,2,9,9
8549,3,89,89
8550,4,51,51
8551,0,151,151
8552,4,16,16
8553,1,0,0
8554,2,30,30
8555,1,34,34
8556,4,54,54
8557,3,174,174
8558,2,153,153
8559,3,102,102
8560,1,51,51
8561,3,101,101
8562,3,46,46
8563,2,116,116
8564,3,120,120
8565,1,69,69
8566,4,5,5
8567,1,91,91
8568,2,61,61
8569,2,171,171
8570,0,44,44
8571,4,44,44
8572,2,22,22
8573,4,33,33
8574,4,21,21
8575,3,65,65
8576,2,20,20
8577,4,72,72
8578,3,134,134
8579,3,34,34
8580,0,92,92
8581,1,55,55
8582,1,67,67
8583,3,21,21
8584,3,162,162
8585,3,145,145
8586,1,13,13
8587,0,37,37
8588,4,39,39
8589,4,110,110
8590,0,24,24
8591,0,7,7
8592,0,79,79
8593,4,39,39
8594,0,159,159
8595,2,10,10
8596,3,59,59
8597,2,61,61
8598,0,79,79
8599,3,1,1
8600,1,42,42
8601,3,29,29
8602,0,118,118
8603,0,25,25
8604,1,169,169
8605,4,9,9
8606,4,34,34
8607,3,139,139
8608,2,56,56
8609,3,57,57
8610,3,2,2
8611,2,17,17
8612,3,139,139
8613,4,119,119
8614,2,81,81
8615,0,99,99
8616,3,138,138
8617,1,93,93
8618,0,96,96
8619,2,41,41
8620,2,114,114
8621,0,97,97
8622,1,22,22
8623,1,155,155
8624,2,71,71
8625,3,141,141
8626,1,128,128
8627,3,143,143
8628,0,67,67
8629,2,9,9
8630,3,65,65
8631,1,131,131
8632,4,85,85
8633,4,43,43
8634,3,4,4
8635,0,4,4
8636,1,40,40
8637,0,139,139
8638,0,86,86
8639,3,59,59
8640,3,136,136
8641,2,8,8
8642,1,14,14
8643,2,113,113
8644,4,118,118
8645,1,143,143
8646,2,83,65
8647,0,152,152
8648,2,149,149
8649,1,71,71
8650,4,133,133
8651,3,54,54
8652,1,29,29
8653,1,109,109
8654,0,171,171
8655,0,142,142
8656,1,76,76
8657,3,144,144
8658,0,141,141
8659,2,11,24
8660,2,60,60
8661,0,52,52
8662,3,31,31
8663,3,29,29
8664,4,102,102
8665,0,68,68
8666,3,59,59
8667,4,174,174
8668,3,53,53
8669,1,15,15
8670,3,0,0
8671,4,82,82
8672,2,66,66
8673,1,133,133
8674,4,16,16
8675,4,10,10
8676,4,141,141
8677,1,92,92
8678,0,173,173
8679,2,173,173
8680,1,53,53
8681,1,170,170
8682,3,18,18
8683,0,9,9
8684,3,28,28
8685,2,114,114
8686,2,72,72
8687,1,84,84
8688,2,147,147
8689,0,105,105
8690,0,27,27
8691,4,3,3
8692,0,121,121
8693,0,111,111
8694,0,14,14
8695,1,133,133
8696,3,18,18
8697,2,8,8
8698,2,4,4
8699,0,8,8
8700,1,110,110
8701,0,40,40
8702,0,34,34
8703,1,138,138
8704,2,11,11
8705,4,146,146
8706,1,129,129
8707,2,33,33
8708,2,91,91
8709,0,159,159
8710,4,148,148
8711,0,112,112
8712,0,22,22
8713,4,40,40
8714,4,25,25
8715,4,43,43
8716,4,36,36
8717,3,140,140
8718,2,164,164
8719,3,163,163
8720,1,152,152
8721,1,84,84
8722,4,79,79
8723,1,68,68
8724,4,21,21
8725,4,117,117
8726,4,44,44
8727,0,79,79
8728,2,94,94
8729,0,7,7
8730,4,158,158
8731,0,17,17
8732,4,16,16
8733,1,14,14
8734,1,21,21
8735,3,129,129
8736,3,24,11
8737,4,135,135
8738,1,123,123
8739,0,30,30
8740,2,63,3
8741,4,66,66
8742,4,19,19
8743,4,96,96
8744,2,15,15
8745,3,10,10
8746,0,5,5
8747,1,25,25
8748,2,90,90
8749,4,101,101
8750,3,4,4
8751,3,14,14
8752,4,131,131
8753,0,87,87
8754,3,8,8
8755,1,48,48
8756,4,81,81
8757,3,24,24
8758,3,85,85
8759,3,129,129
8760,2,174,174
8761,2,134,134
8762,3,34,34
8763,3,61,61
8764,4,61,61
8765,2,72,72
8766,3,144,144
8767,1,11,24
8768,1,30,30
8769,3,132,132
8770,2,98,98
8771,1,11,11
8772,2,131,131
8773,3,156,156
8774,1,14,14
8775,0,150,150
8776,0,66,66
8777,2,57,57
8778,0,2,2
8779,3,43,43
8780,0,110,110
8781,4,114,114
8782,4,3,63
8783,3,103,103
8784,3,28,28
8785,2,60,60
8786,0,82,82
8787,3,46,46
8788,1,16,16
8789,0,11,24
8790,0,72,72
8791,2,104,104
8792,4,22,22
8793,4,140,140
8794,2,129,129
8795,1,37,37
8796,2,25,25
8797,4,172,172
8798,1,46,46
8799,4,100,100
8800,0,22,22
8801,4,57,57
8802,1,37,37
8803,1,172,172
8804,0,130,130
8805,0,56,56
8806,4,158,158
8807,1,156,156
8808,1,95,56
8809,1,3,3
8810,3,52,52
8811,2,98,98
8812,4,125,125
8813,3,12,12
8814,3,123,123
8815,0,94,94
8816,1,12,12
8817,0,149,149
8818,1,8,8
8819,0,136,136
8820,2,126,126
8821,3,100,100
8822,4,110,110
8823,2,165,165
8824,1,126,126
8825,2,143,143
8826,4,135,135
8827,2,160,160
8828,0,102,102
8829,2,74,74
8830,2,32,32
8831,0,6,6
8832,2,99,99
8833,4,173,95
8834,2,53,53
8835,2,133,133
8836,0,24,11
8837,2,10,10
8838,1,5,5
8839,0,151,151
8840,3,144,144
8841,4,6,6
8842,2,2,2
8843,3,134,134
8844,2,67,67
8845,2,90,90
8846,4,166,166
8847,3,106,106
8848,4,16,16
8849,0,77,77
8850,0,124,124
8851,4,18,18
8852,1,81,81
8853,0,116,116
8854,0,51,51
8855,0,71,71
8856,0,4,4
8857,2,47,47
8858,4,97,97
8859,2,118,118
8860,1,128,128
8861,1,71,71
8862,3,123,123
8863,3,27,27
8864,3,23,23
8865,4,66,66
8866,4,106,106
8867,2,79,79
8868,2,23,23
8869,3,38,38
8870,3,79,79
8871,3,4,4
8872,0,58,58
8873,2,64,64
8874,2,57,57
8875,4,59,59
8876,3,36,36
8877,1,63,63
8878,2,21,21
8879,0,121,121
8880,4,49,49
8881,3,47,47
8882,3,105,105
8883,1,101,101
8884,4,37,37
8885,4,134,134
8886,2,2,2
8887,4,45,45
8888,2,136,136
8889,4,93,93
8890,1,24,11
8891,3,49,49
8892,3,19,19
8893,2,32,32
8894,1,24,24
8895,3,75,75
8896,2,131,131
8897,2,143,143
8898,4,0,0
8899,4,68,68
8900,2,159,159
8901,1,78,78
8902,4,73,73
8903,2,44,44
8904,2,38,38
8905,2,100,100
8906,0,24,24
8907,2,66,66
8908,2,58,58
8909,3,92,92
8910,1,110,110
8911,1,112,112
8912,0,158,158
8913,4,0,0
8914,1,89,89
8915,4,70,70
8916,1,163,163
8917,1,46,46
8918,4,13,13
8919,3,124,98
8920,1,66,66
8921,3,153,153
8922,2,66,66
8923,3,120,120
8924,3,145,145
8925,4,85,85
8926,1,103,103
8927,3,154,154
8928,1,77,77
8929,1,123,123
8930,0,73,73
8931,3,122,122
8932,1,19,19
8933,3,65,65
8934,2,78,78
8935,0,115,115
8936,1,21,21
8937,2,78,78
8938,2,49,49
8939,3,126,126
8940,2,31,31
8941,1,63,63
8942,1,7,7
8943,2,32,32
8944,4,134,134
8945,0,49,49
8946,1,18,18
8947,1,73,73
8948,0,61,61
8949,4,166,166
8950,4,128,128
8951,0,34,34
8952,0,171,171
8953,3,121,121
8954,4,33,33
8955,2,36,36
8956,4,16,16
8957,2,14,14
8958,2,158,158
8959,2,23,23
8960,3,114,114
8961,3,58,58
8962,0,170,170
8963,1,16,16
8964,2,172,172
8965,1,150,150
8966,1,0,0
8967,2,36,36
8968,1,90,90
8969,3,18,18
8970,0,110,110
8971,3,30,30
8972,4,119,119
8973,3,28,131
8974,1,62,62
8975,4,24,24
8976,3,87,87
8977,1,43,43
8978,3,93,93
8979,1,49,49
8980,4,31,31
8981,0,125,125
8982,3,101,101
8983,3,100,100
8984,0,102,102
8985,0,15,15
8986,1,79,79
8987,1,12,12
8988,1,74,74
8989,0,52,52
8990,0,75,75
8991,3,74,74
8992,3,53,53
8993,3,14,14
8994,4,11,24
8995,4,34,34
8996,2,135,135
8997,0,40,40
8998,3,149,149
8999,3,91,91
9000,1,96,96
9001,3,19,19
9002,3,62,62
9003,0,133,133
9004,3,170,170
9005,0,75,75
9006,2,126,126
9007,3,124,124
9008,2,155,155
9009,3,7,7
9010,1,29,29
9011,0,61,61
9012,0,68,68
9013,1,26,26
9014,2,11,11
9015,0,65,65
9016,4,55,55
9017,0,171,171
9018,2,39,39
9019,4,29,29
9020,2,24,24
9021,4,72,72
9022,3,139,139
9023,0,115,115
9024,1,28,28
9025,0,21,21
9026,3,49,49
9027,3,49,49
9028,2,126,126
9029,1,69,69
9030,1,159,159
9031,1,81,81
9032,3,89,89
9033,4,50,50
9034,1,53,53
9035,1,0,0
9036,3,135,135
9037,4,0,0
9038,1,101,101
9039,1,103,103
9040,4,10,10
9041,1,55,55
9042,4,132,132
9043,4,42,42
9044,0,45,45
9045,0,139,139
9046,4,76,76
9047,2,67,67
9048,0,142,142
9049,4,81,81
9050,4,16,16
9051,3,4,4
9052,1,23,23
9053,3,52,52
9054,4,52,52
9055,1,110,110
9056,1,174,174
9057,0,56,56
9058,0,158,158
9059,0,0,0
9060,3,24,24
9061,3,113,113
9062,1,105,105
9063,4,85,85
9064,0,168,168
9065,1,18,18
9066,0,4,4
9067,1,27,27
9068,3,135,135
9069,2,168,168
9070,1,0,0
9071,2,135,135
9072,0,37,37
9073,0,160,160
9074,3,80,80
9075,1,97,97
9076,2,146,146
9077,2,32,32
9078,1,125,125
9079,0,60,60
9080,0,9,9
9081,4,0,0
9082,4,59,59
9083,4,52,52
9084,0,139,139
9085,0,55,55
9086,2,43,43
9087,3,24,11
9088,2,5,5
9089,2,12,12
9090,3,114,114
9091,3,37,37
9092,2,8,8
9093,4,83,83
9094,1,171,171
9095,3,24,24
9096,3,102,102
9097,3,34,34
9098,3,14,14
9099,0,57,57
9100,3,114,114
9101,0,149,149
9102,2,33,33
9103,4,120,120
9104,2,91,91
9105,3,98,98
9106,0,60,60
9107,0,122,122
9108,4,110,110
9109,4,57,57
9110,1,127,127
9111,4,35,35
9112,0,51,51
9113,2,109,109
9114,3,50,50
9115,4,46,46
9116,3,90,90
9117,3,88,88
9118,1,0,0
9119,3,144,144
9120,3,108,108
9121,4,115,115
9122,1,157,157
9123,4,71,71
9124,1,156,156
9125,3,41,41
9126,1,113,113
9127,0,148,148
9128,4,87,87
9129,1,142,142
9130,4,170,170
9131,2,155,155
9132,2,164,31
9133,2,102,102
9134,3,8,8
9135,3,149,149
9136,1,10,10
9137,0,3,3
9138,3,38,38
9139,3,166,166
9140,1,147,147
9141,0,2,2
9142,1,88,88
9143,3,21,21
9144,2,69,69
9145,3,105,105
9146,2,84,84
9147,3,67,67
9148,4,41,41
9149,0,8,8
9150,3,42,42
9151,3,39,39
9152,4,67,67
9153,0,104,104
9154,1,12,12
9155,2,37,37
9156,3,83,13
9157,4,139,139
9158,2,125,125
9159,1,104,104
9160,0,113,113
9161,3,129,129
9162,0,22,22
9163,3,171,171
9164,0,10,10
9165,3,122,122
9166,2,44,44
9167,2,18,18
9168,0,122,122
9169,0,47,47
9170,0,61,61
9171,3,107,107
9172,4,62,62
9173,0,13,13
9174,1,61,61
9175,4,0,0
9176,2,170,170
9177,1,89,89
9178,3,114,114
9179,2,36,36
9180,2,164,164
9181,0,12,12
9182,1,143,143
9183,4,98,98
9184,3,43,43
9185,0,133,133
9186,2,17,17
9187,2,149,149
9188,4,0,0
9189,4,75,75
9190,3,66,66
9191,2,46,46
9192,0,87,87
9193,4,3,3
9194,4,53,53
9195,1,26,26
9196,1,118,118
9197,0,161,161
9198,2,105,105
9199,0,5,5
9200,1,144,144
9201,1,100,100
9202,2,20,20
9203,1,18,18
9204,1,53,53
9205,3,13,13
9206,1,119,119
9207,2,5,5
9208,0,4,4
9209,0,36,36
9210,3,91,91
9211,1,12,12
9212,1,42,42
9213,3,83,83
9214,1,26,26
9215,1,120,120
9216,4,16,16
9217,3,157,157
9218,3,27,27
9219,2,21,21
9220,2,50,50
9221,4,52,52
9222,0,15,15
9223,4,53,53
9224,4,92,92
9225,4,41,41
9226,2,104,79
9227,0,128,128
9228,4,15,15
9229,3,112,112
9230,1,14,14
9231,2,26,26
9232,0,118,118
9233,1,26,26
9234,3,22,22
9235,3,97,97
9236,3,14,14
9237,1,135,135
9238,1,42,42
9239,2,138,138
9240,1,149,149
9241,4,117,117
9242,4,143,143
9243,2,114,114
9244,0,148,148
9245,4,125,125
9246,3,3,3
9247,4,162,162
9248,1,149,149
9249,2,44,44
9250,2,8,8
9251,3,70,70
9252,3,32,32
9253,0,21,21
9254,3,8,8
9255,4,48,48
9256,3,152,152
9257,4,2,2
9258,1,32,32
9259,3,44,44
9260,4,51,51
9261,4,142,142
9262,4,43,43
9263,2,116,116
9264,4,29,29
9265,2,71,71
9266,4,22,22
9267,3,5,5
9268,0,76,76
9269,0,160,160
9270,1,118,118
9271,1,54,54
9272,1,14,14
9273,1,169,169
9274,4,43,43
9275,0,91,91
9276,1,19,19
9277,3,15,15
9278,2,10,10
9279,1,17,17
9280,0,106,106
9281,3,38,38
9282,0,4,4
9283,3,1,1
9284,3,127,127
9285,2,82,82
9286,3,92,92
9287,2,114,114
9288,2,107,107
9289,4,66,66
9290,0,96,96
9291,1,3,3
9292,4,53,53
9293,2,82,82
9294,0,95,95
9295,4,17,17
9296,1,144,144
9297,3,5,5
9298,4,26,26
9299,2,54,54
9300,0,140,140
9301,0,162,162
9302,3,15,15
9303,1,4,4
9304,0,74,74
9305,3,68,68
9306,0,125,125
9307,4,142,142
9308,1,122,122
9309,2,118,118
9310,0,35,35
9311,0,81,81
9312,1,39,39
9313,0,162,162
9314,1,8,8
9315,3,137,137
9316,1,161,161
9317,1,88,88
9318,0,144,144
9319,4,154,154
9320,4,173,173
9321,2,159,159
9322,0,5,5
9323,1,140,140
9324,1,5,5
9325,0,42,42
9326,0,127,127
9327,0,16,16
9328,1,173,173
9329,1,76,76
9330,1,165,165
9331,3,67,67
9332,0,13,13
9333,3,69,69
9334,1,166,166
9335,3,155,155
9336,1,82,82
9337,4,78,78
9338,2,34,34
9339,1,0,0
9340,2,96,96
9341,1,17,17
9342,0,90,90
9343,3,41,41
9344,1,134,134
9345,2,123,123
9346,3,16,16
9347,3,114,114
9348,1,53,53
9349,3,30,30
9350,3,148,148
9351,0,74,74
9352,1,112,112
9353,3,130,130
9354,1,31,31
9355,3,115,115
9356,2,58,58
9357,4,152,152
9358,4,114,114
9359,2,154,154
9360,4,40,40
9361,2,85,85
9362,2,2,2
9363,2,20,20
9364,0,20,20
9365,1,10,10
9366,2,60,60
9367,1,71,71
9368,0,98,98
9369,2,18,18
9370,0,174,174
9371,1,24,11
9372,3,142,142
9373,2,20,20
9374,3,89,89
9375,1,9,9
9376,2,60,60
9377,2,32,32
9378,3,36,36
9379,4,38,38
9380,4,7,7
9381,2,27,27
9382,4,71,71
9383,2,56,56
9384,0,30,30
9385,0,51,51
9386,0,127,127
9387,4,168,168
9388,0,39,39
9389,2,139,139
9390,1,78,57
9391,4,30,30
9392,2,58,58
9393,3,96,96
9394,3,33,33
9395,4,113,113
9396,1,93,93
9397,4,148,148
9398,2,4,4
9399,3,88,88
9400,4,166,166
9401,1,30,30
9402,3,36,36
9403,0,158,158
9404,1,120,120
9405,3,36,36
9406,1,127,127
9407,0,106,106
9408,0,147,147
9409,0,4,4
9410,0,27,27
9411,0,82,82
9412,0,137,137
9413,0,95,95
9414,2,4,4
9415,4,21,21
9416,4,15,15
9417,3,106,106
9418,1,163,163
9419,0,62,62
9420,3,103,103
9421,3,54,54
9422,0,27,27
9423,0,14,14
9424,4,24,24
9425,4,160,160
9426,3,21,21
9427,2,95,95
9428,4,170,170
9429,0,90,90
9430,1,62,62
9431,4,160,160
9432,4,60,60
9433,0,44,44
9434,2,2,2
9435,4,55,55
9436,4,11,11
9437,4,31,31
9438,3,157,157
9439,4,152,152
9440,2,4,4
9441,4,22,22
9442,3,11,11
9443,4,78,78
9444,4,81,81
9445,0,23,23
9446,0,138,138
9447,2,20,20
9448,1,51,51
9449,4,58,58
9450,0,47,47
9451,2,56,56
9452,4,153,153
9453,1,63,63
9454,2,25,25
9455,2,115,115
9456,1,32,32
9457,2,76,76
9458,1,91,91
9459,4,152,152
9460,1,93,93
9461,4,66,66
9462,3,114,114
9463,0,53,53
9464,2,34,34
9465,1,3,3
9466,0,94,94
9467,2,63,63
9468,4,21,21
9469,3,67,67
9470,3,60,56
9471,1,63,3
9472,3,37,37
9473,0,140,140
9474,0,80,80
9475,0,130,130
9476,1,91,91
9477,3,142,142
9478,1,64,64
9479,0,111,111
9480,4,45,45
9481,2,31,31
9482,4,72,72
9483,2,125,125
9484,0,2,2
9485,1,165,165
9486,4,131,131
9487,1,38,38
9488,0,86,86
9489,2,86,86
9490,0,103,103
9491,0,91,91
9492,3,108,108
9493,1,30,30
9494,2,10,10
9495,4,3,3
9496,4,24,166
9497,2,88,88
9498,3,66,66
9499,0,117,117
9500,4,88,88
9501,0,26,26
9502,1,132,132
9503,1,163,163
9504,3,141,141
9505,3,170,170
9506,1,41,41
9507,3,12,12
9508,3,13,13
9509,1,30,30
9510,3,108,108
9511,4,114,114
9512,4,101,101
9513,1,76,76
9514,1,82,82
9515,4,151,151
9516,1,97,97
9517,2,0,0
9518,1,14,14
9519,2,15,15
9520,0,113,113
9521,3,24,24
9522,2,107,107
9523,3,94,94
9524,1,77,77
9525,4,129,129
9526,4,158,158
9527,4,5,5
9528,1,58,58
9529,2,121,121
9530,1,22,22
9531,2,97,97
9532,1,27,27
9533,0,83,83
9534,4,23,23
9535,1,118,118
9536,0,10,10
9537,3,158,158
9538,4,123,123
9539,4,2,2
9540,1,78,78
9541,0,170,170
9542,0,164,164
9543,3,37,37
9544,3,15,15
9545,2,66,66
9546,3,173,173
9547,1,97,97
9548,0,12,12
9549,0,61,61
9550,3,113,113
9551,0,170,170
9552,2,129,129
9553,0,170,170
9554,1,5,5
9555,0,132,132
9556,4,107,107
9557,0,136,136
9558,1,95,95
9559,2,119,119
9560,4,80,80
9561,4,51,51
9562,4,155,155
9563,3,148,148
9564,0,3,3
9565,3,49,49
9566,4,27,27
9567,1,82,82
9568,0,136,136
9569,3,129,129
9570,4,162,162
9571,0,153,153
9572,2,122,122
9573,4,167,167
9574,0,24,24
9575,4,158,158
9576,3,72,72
9577,0,7,7
9578,4,121,121
9579,1,126,126
9580,3,124,124
9581,3,128,128
9582,0,144,144
9583,1,35,35
9584,3,163,163
9585,4,51,51
9586,0,168,168
9587,4,137,61
9588,1,75,75
9589,4,50,50
9590,3,10,10
9591,2,3,3
9592,3,169,169
9593,4,142,142
9594,4,64,64
9595,3,135,135
9596,3,71,71
9597,0,173,173
9598,0,83,83
9599,1,109,109
9600,2,8,8
9601,4,102,102
9602,3,51,51
9603,0,2,2
9604,4,49,49
9605,3,112,112
9606,1,21,21
9607,3,41,41
9608,3,0,0
9609,2,1,1
9610,4,141,141
9611,0,3,3
9612,1,117,117
9613,3,11,24
9614,1,144,144
9615,3,56,56
9616,2,24,24
9617,0,109,109
9618,4,66,42
9619,1,19,19
9620,2,38,38
9621,1,3,3
9622,4,10,10
9623,2,24,24
9624,1,169,169
9625,4,8,8
9626,1,99,99
9627,0,12,12
9628,2,106,106
9629,0,165,165
9630,3,76,76
9631,4,128,128
9632,1,85,85
9633,1,98,98
9634,3,31,31
9635,1,83,83
9636,4,61,61
9637,4,83,83
9638,1,44,44
9639,1,129,129
9640,2,45,45
9641,2,167,167
9642,0,0,0
9643,0,131,131
9644,2,141,141
9645,4,101,101
9646,4,76,76
9647,2,68,68
9648,4,76,76
9649,1,145,145
9650,4,2,2
9651,0,47,47
9652,4,0,0
9653,0,68,68
9654,0,100,100
9655,2,30,30
9656,0,77,77
9657,2,81,81
9658,2,21,21
9659,0,0,0
9660,1,5,5
9661,1,102,102
9662,4,131,131
9663,4,90,90
9664,2,48,48
9665,0,21,21
9666,1,33,33
9667,3,171,171
9668,4,0,0
9669,3,36,36
9670,2,128,128
9671,3,43,43
9672,4,99,99
9673,3,104,104
9674,3,137,137
9675,1,0,0
9676,1,73,73
9677,2,0,0
9678,3,119,119
9679,2,39,39
9680,3,115,115
9681,0,0,0
9682,3,143,143
9683,4,85,85
9684,0,76,76
9685,2,0,0
9686,3,101,101
9687,1,60,60
9688,0,90,90
9689,0,10,10
9690,0,116,116
9691,2,86,86
9692,4,94,94
9693,4,57,57
9694,1,37,37
9695,4,54,54
9696,3,144,144
9697,3,53,53
9698,2,4,4
9699,0,75,75
9700,0,38,38
9701,2,29,29
9702,4,3,3
9703,3,8,8
9704,0,169,169
9705,0,0,0
9706,3,92,92
9707,2,90,90
9708,1,158,158
9709,1,44,44
9710,0,94,94
9711,4,80,80
9712,2,69,69
9713,4,141,141
9714,1,14,14
9715,0,100,100
9716,2,44,44
9717,3,77,77
9718,0,98,98
9719,0,34,34
9720,0,19,19
9721,4,16,16
9722,0,70,70
9723,2,111,111
9724,4,160,160
9725,3,135,135
9726,2,145,145
9727,2,141,141
9728,2,156,156
9729,1,89,89
9730,1,29,29
9731,1,175,175
9732,2,144,144
9733,0,30,30
9734,4,8,8
9735,3,144,144
9736,2,77,77
9737,2,68,68
9738,3,106,114
9739,2,79,150
9740,3,7,7
9741,0,15,15
9742,0,127,127
9743,0,143,143
9744,4,127,127
9745,4,107,107
9746,4,172,172
9747,3,79,79
9748,2,105,133
9749,4,57,57
9750,1,80,80
9751,3,118,118
9752,3,29,29
9753,0,86,86
9754,2,150,150
9755,3,109,109
9756,2,71,71
9757,0,133,133
9758,3,155,155
9759,3,120,120
9760,3,97,97
9761,1,4,4
9762,1,54,54
9763,1,102,102
9764,1,47,47
9765,2,129,129
9766,2,172,172
9767,0,43,43
9768,0,24,24
9769,3,117,117
9770,4,7,7
9771,3,85,85
9772,1,99,99
9773,3,26,26
9774,2,75,75
9775,0,0,0
9776,4,104,79
9777,3,84,84
9778,4,28,28
9779,4,12,12
9780,0,136,136
9781,1,19,19
9782,0,5,5
9783,0,134,134
9784,2,162,162
9785,2,140,140
9786,4,18,18
9787,2,2,2
9788,3,76,76
9789,1,155,155
9790,3,33,33
9791,3,148,148
9792,2,19,19
9793,0,163,163
9794,0,43,43
9795,4,171,171
9796,0,86,86
9797,2,75,75
9798,3,168,168
9799,4,146,146
9800,4,138,138
9801,2,63,63
9802,0,6,6
9803,3,41,41
9804,4,66,66
9805,3,130,130
9806,2,43,43
9807,2,174,174
9808,1,44,44
9809,3,64,64
9810,1,23,23
9811,3,85,85
9812,1,73,73
9813,1,51,51
9814,0,4,4
9815,2,137,137
9816,0,11,11
9817,0,118,118
9818,2,50,50
9819,0,54,54
9820,0,140,140
9821,2,4,4
9822,3,1,1
9823,0,80,80
9824,2,70,70
9825,1,49,49
9826,4,75,75
9827,1,2,2
9828,4,31,31
9829,2,167,167
9830,0,1,1
9831,1,85,85
9832,2,115,115
9833,0,69,69
9834,1,137,137
9835,1,80,80
9836,0,142,142
9837,1,76,76
9838,2,5,5
9839,1,121,121
9840,4,94,94
9841,2,67,67
9842,1,9,9
9843,4,95,95
9844,0,90,90
9845,3,93,93
9846,1,31,31
9847,1,137,137
9848,2,174,174
9849,1,111,111
9850,3,71,71
9851,3,28,28
9852,2,109,109
9853,2,22,22
9854,1,166,166
9855,3,50,50
9856,1,106,106
9857,3,137,137
9858,1,142,142
9859,3,19,19
9860,4,27,27
9861,2,153,153
9862,2,73,73
9863,4,106,106
9864,0,97,97
9865,0,10,10
9866,4,63,63
9867,0,153,153
9868,4,35,35
9869,0,14,14
9870,0,16,16
9871,4,25,25
9872,4,27,27
9873,3,58,58
9874,3,171,171
9875,3,61,61
9876,2,67,67
9877,2,149,149
9878,3,43,43
9879,3,87,87
9880,1,113,113
9881,0,122,122
9882,4,3,3
9883,2,173,173
9884,3,56,56
9885,0,174,174
9886,3,3,3
9887,4,133,133
9888,0,49,49
9889,0,83,83
9890,2,115,115
9891,2,104,79
9892,2,101,101
9893,4,29,29
9894,4,72,72
9895,1,24,11
9896,1,27,35
9897,3,23,23
9898,2,157,157
9899,1,121,121
9900,2,105,133
9901,3,26,26
9902,0,100,100
9903,1,115,115
9904,0,106,106
9905,0,79,79
9906,2,121,121
9907,1,174,174
9908,0,172,172
9909,0,22,22
9910,0,59,59
9911,4,19,19
9912,4,147,147
9913,2,118,118
9914,3,17,17
9915,2,158,158
9916,3,84,84
9917,3,48,48
9918,1,105,105
9919,4,24,24
9920,0,43,43
9921,3,59,59
9922,0,15,15
9923,3,173,173
9924,3,59,59
9925,2,64,64
9926,1,173,173
9927,4,142,142
9928,2,8,8
9929,3,31,31
9930,2,81,81
9931,2,155,155
9932,3,81,81
9933,3,103,103
9934,0,44,44
9935,2,134,134
9936,2,72,72
9937,4,174,174
9938,0,56,56
9939,2,91,91
9940,2,24,11
9941,0,0,0
9942,0,165,165
9943,0,167,167
9944,4,116,116
9945,4,53,53
9946,2,100,100
9947,4,126,126
9948,4,74,74
9949,2,49,49
9950,0,170,170
9951,3,83,83
9952,3,125,125
9953,3,4,4
9954,4,16,16
9955,0,10,10
9956,3,43,43
9957,4,73,73
9958,4,125,125
9959,1,155,155
9960,0,70,70
9961,0,60,60
9962,0,116,116
9963,1,93,93
9964,4,14,14
9965,2,50,50
9966,2,173,173
9967,3,30,30
9968,1,104,104
9969,4,140,140
9970,4,136,136
9971,3,166,166
9972,4,30,30
9973,0,29,29
9974,4,150,150
9975,0,141,141
9976,2,61,61
9977,1,34,34
9978,1,99,99
9979,4,171,171
9980,3,27,27
9981,3,19,19
9982,0,22,22
9983,3,17,17
9984,3,13,13
9985,2,158,158
9986,0,14,14
9987,3,26,26
9988,1,63,63
9989,2,21,21
9990,4,8,8
9991,2,96,96
9992,2,92,92
9993,2,171,171
9994,4,96,96
9995,2,103,103
9996,0,21,21
9997,2,76,76
9998,3,63,63
9999,1,167,167
10000,0,123,123
10001,2,34,34
10002,1,75,75
10003,3,46,46
10004,0,102,102
10005,0,128,128
10006,4,33,33
10007,4,173,173
10008,0,31,31
10009,0,138,138
10010,0,113,113
10011,1,95,95
10012,4,102,102
10013,2,126,126
10014,3,11,11
10015,1,140,140
10016,2,80,80
10017,2,76,76
10018,2,0,0
10019,0,40,40
10020,0,7,7
10021,2,56,56
10022,0,52,52
10023,0,137,137
10024,4,21,21
10025,1,87,87
10026,4,78,78
10027,4,153,153
10028,3,8,8
10029,0,11,11
10030,1,7,7
10031,0,33,33
10032,2,7,7
10033,0,171,171
10034,1,133,133
10035,2,32,32
10036,2,109,109
10037,1,7,7
10038,2,166,166
10039,1,18,18
10040,1,97,97
10041,4,30,30
10042,2,31,31
10043,3,68,68
10044,3,111,111
10045,2,25,25
10046,4,11,24
10047,1,38,38
10048,4,43,43
10049,0,162,162
10050,4,64,64
10051,1,63,63
10052,3,127,127
10053,4,53,53
10054,4,152,152
10055,2,168,168
10056,1,91,91
10057,2,148,148
10058,3,4,4
10059,3,78,78
10060,0,55,55
10061,0,125,125
10062,0,65,65
10063,4,84,84
10064,1,118,118
10065,2,41,41
10066,2,127,127
10067,4,150,150
10068,2,68,68
10069,1,129,129
10070,3,29,29
10071,1,132,132
10072,3,171,171
10073,2,169,169
10074,3,57,57
10075,1,52,52
10076,4,36,36
10077,2,16,16
10078,0,28,28
10079,2,158,158
10080,0,126,126
10081,1,162,162
10082,1,36,36
10083,0,18,18
10084,3,139,139
10085,2,4,4
10086,1,36,36
10087,0,12,12
10088,4,102,102
10089,0,6,6
10090,1,73,73
10091,4,3,3
10092,4,14,14
10093,3,114,114
10094,4,109,109
10095,0,2,2
10096,3,79,79
10097,3,156,156
10098,1,2,2
10099,2,88,88
10100,2,63,63
10101,4,29,29
10102,1,69,69
10103,2,22,22
10104,3,152,152
10105,4,1,1
10106,2,71,71
10107,4,55,55
10108,0,172,172
10109,4,1,1
10110,1,7,7
10111,0,97,97
10112,2,105,133
10113,3,23,23
10114,3,133,133
10115,0,60,60
10116,1,4,4
10117,3,4,4
10118,0,16,131
10119,1,153,153
10120,4,175,175
10121,3,152,152
10122,3,133,133
10123,2,92,92
10124,4,26,26
10125,3,141,141
10126,1,110,110
10127,4,147,147
10128,0,13,13
10129,2,12,12
10130,4,4,4
10131,0,29,29
10132,1,128,128
10133,3,72,72
10134,2,43,43
10135,1,118,118
10136,1,172,172
10137,3,60,60
10138,3,70,70
10139,3,102,102
10140,2,141,141
10141,3,118,118
10142,4,130,130
10143,4,133,133
10144,4,29,29
10145,2,155,155
10146,4,21,21
10147,0,152,152
10148,4,66,66
10149,4,58,58
10150,1,152,152
10151,0,75,75
10152,0,131,131
10153,1,31,31
10154,3,115,115
10155,0,158,158
10156,4,128,128
10157,0,53,53
10158,3,35,35
10159,3,95,95
10160,1,36,36
10161,2,152,152
10162,2,52,52
10163,3,117,117
10164,0,99,99
10165,0,16,16
10166,4,80,80
10167,3,129,129
10168,2,5,5
10169,0,67,67
10170,4,14,14
10171,3,15,15
10172,2,15,15
10173,3,63,63
10174,4,107,107
10175,1,128,128
10176,0,131,131
10177,3,19,19
10178,4,65,65
10179,1,78,78
10180,0,97,97
10181,0,64,64
10182,4,129,129
10183,0,2,2
10184,2,107,107
10185,1,140,140
10186,1,96,96
10187,2,77,77
10188,0,94,94
10189,1,102,102
10190,1,61,61
10191,3,118,118
10192,0,12,12
10193,2,44,44
10194,1,16,16
10195,3,140,140
10196,2,43,43
10197,1,167,167
10198,1,128,128
10199,0,104,104
10200,3,49,49
10201,3,39,39
10202,1,171,171
10203,4,48,48
10204,1,25,25
10205,3,132,132
10206,2,137,137
10207,3,51,51
10208,2,66,66
10209,3,83,83
10210,0,53,53
10211,3,170,170
10212,3,21,21
10213,3,166,166
10214,3,67,67
10215,3,10,10
10216,2,2,2
10217,1,164,164
10218,3,4,4
10219,1,148,148
10220,0,1,1
10221,1,160,160
10222,3,175,175
10223,2,79,79
10224,4,46,46
10225,2,43,43
10226,3,164,164
10227,3,10,10
10228,0,29,29
10229,3,141,141
10230,4,34,34
10231,4,113,113
10232,2,88,88
10233,0,68,68
10234,3,44,44
10235,2,0,0
10236,2,0,0
10237,1,60,60
10238,0,24,24
10239,3,86,86
10240,2,24,24
10241,0,19,19
10242,2,123,123
10243,3,28,28
10244,0,66,66
10245,0,147,147
10246,4,5,5
10247,2,35,35
10248,3,12,12
10249,4,4,4
10250,2,38,38
10251,0,67,67
10252,0,9,9
10253,3,17,17
10254,2,142,142
10255,3,69,69
10256,3,80,80
10257,3,0,0
10258,3,71,71
10259,4,79,79
10260,3,11,24
10261,1,170,170
10262,4,46,46
10263,1,14,14
10264,1,21,21
10265,3,45,45
10266,0,24,24
10267,2,167,167
10268,0,41,41
10269,1,115,115
10270,2,163,163
10271,4,175,175
10272,1,87,87
10273,3,97,97
10274,4,49,49
10275,4,133,168
10276,4,7,7
10277,1,162,162
10278,4,173,173
10279,3,6,6
10280,2,21,21
10281,3,47,47
10282,1,20,20
10283,1,136,136
10284,4,138,138
10285,4,167,167
10286,0,166,166
10287,3,132,132
10288,1,38,38
10289,3,67,67
10290,4,48,48
10291,3,136,136
10292,4,138,138
10293,1,30,30
10294,3,144,144
10295,2,162,162
10296,4,11,11
10297,0,61,61
10298,2,162,162
10299,0,132,132
10300,3,73,73
10301,3,36,36
10302,3,54,54
10303,0,78,78
10304,0,127,127
10305,1,132,132
10306,3,116,116
10307,1,59,59
10308,4,130,130
10309,1,90,90
10310,1,19,19
10311,1,105,105
10312,1,173,173
10313,1,37,37
10314,4,170,170
10315,4,7,7
10316,0,20,20
10317,2,61,61
10318,3,80,80
10319,1,0,0
10320,4,125,125
10321,3,4,4
10322,1,9,9
10323,3,71,71
10324,4,15,15
10325,4,142,142
10326,0,131,131
10327,3,3,3
10328,0,49,49
10329,2,1,1
10330,2,150,150
10331,4,136,136
10332,1,138,138
10333,0,133,133
10334,3,163,163
10335,0,2,2
10336,2,167,167
10337,1,121,121
10338,2,62,62
10339,0,50,50
10340,1,173,173
10341,2,4,4
10342,4,167,167
10343,2,39,39
10344,3,101,101
10345,1,147,147
10346,2,31,31
10347,4,62,62
10348,4,123,123
10349,0,88,88
10350,4,95,95
10351,1,103,103
10352,0,144,144
10353,4,78,78
10354,4,29,29
10355,2,56,56
10356,1,147,147
10357,3,20,20
10358,0,1,1
10359,2,64,64
10360,1,23,23
10361,4,14,14
10362,4,141,141
10363,2,112,112
10364,2,31,31
10365,3,82,82
10366,1,97,97
10367,4,14,14
10368,1,106,106
10369,1,107,107
10370,4,97,97
10371,3,150,150
10372,2,119,119
10373,0,156,156
10374,3,55,55
10375,4,145,145
10376,3,62,62
10377,0,72,72
10378,0,144,144
10379,1,58,58
10380,3,7,7
10381,2,52,52
10382,2,42,42
10383,2,69,69
10384,2,24,24
10385,4,132,132
10386,2,103,103
10387,3,160,160
10388,4,7,7
10389,3,106,106
10390,2,18,18
10391,2,25,25
10392,2,63,63
10393,4,35,35
10394,3,8,8
10395,4,98,98
10396,3,170,170
10397,0,12,12
10398,3,147,147
10399,1,88,88
10400,3,38,38
10401,1,26,26
10402,1,19,19
10403,4,88,88
10404,0,87,87
10405,0,109,109
10406,1,4,4
10407,3,0,0
10408,2,155,155
10409,1,7,7
10410,4,111,111
10411,0,46,46
10412,4,157,157
10413,2,140,140
10414,1,47,47
10415,0,114,114
10416,0,87,87
10417,3,158,158
10418,2,33,33
10419,4,48,48
10420,2,49,49
10421,2,17,17
10422,4,29,29
10423,2,31,31
10424,4,151,151
10425,3,6,6
10426,1,9,9
10427,4,81,81
10428,0,34,34
10429,1,118,118
10430,1,8,8
10431,1,7,7
10432,0,90,90
10433,2,126,126
10434,3,116,116
10435,2,24,11
10436,4,113,113
10437,0,159,159
10438,1,1,1
10439,2,4,4
10440,2,103,103
10441,4,103,103
10442,3,113,113
10443,2,95,95
10444,4,130,130
10445,4,22,22
10446,4,174,174
10447,2,23,23
10448,2,157,157
10449,0,31,31
10450,3,61,61
10451,4,94,94
10452,1,6,6
10453,4,58,58
10454,2,161,161
10455,2,8,8
10456,3,162,162
10457,4,164,164
10458,1,48,48
10459,4,95,95
10460,2,120,120
10461,3,80,80
10462,0,68,68
10463,1,114,114
10464,0,138,138
10465,4,13,13
10466,0,112,112
10467,2,125,125
10468,1,64,64
10469,3,111,111
10470,1,170,170
10471,2,158,158
10472,1,62,62
10473,2,117,117
10474,2,37,37
10475,1,2,2
10476,0,43,43
10477,0,154,154
10478,1,60,60
10479,1,73,73
10480,0,117,117
10481,1,112,112
10482,1,135,135
10483,4,56,56
10484,1,166,166
10485,4,20,20
10486,0,129,129
10487,1,56,56
10488,2,22,22
10489,0,0,0
10490,2,110,110
10491,0,164,164
10492,2,132,132
10493,0,145,145
10494,4,69,69
10495,2,11,11
10496,4,111,111
10497,1,135,135
10498,3,159,159
10499,2,37,37
10500,1,39,39
10501,0,15,15
10502,3,51,51
10503,0,154,154
10504,0,101,101
10505,0,33,33
10506,2,9,9
10507,1,19,19
10508,0,16,16
10509,0,134,134
10510,3,111,111
10511,3,15,15
10512,1,144,144
10513,2,27,27
10514,4,76,76
10515,1,47,47
10516,4,51,51
10517,2,144,144
10518,2,29,29
10519,1,13,13
10520,4,41,41
10521,3,10,10
10522,3,4,4
10523,0,149,149
10524,3,24,11
10525,4,25,25
10526,2,98,91
10527,2,9,9
10528,0,163,163
10529,0,4,4
10530,2,15,15
10531,4,109,109
10532,0,144,144
10533,4,123,123
10534,1,0,0
10535,3,92,92
10536,1,63,63
10537,4,21,21
10538,3,60,60
10539,4,111,111
10540,3,102,102
10541,0,113,113
10542,4,153,153
10543,1,46,46
10544,0,128,128
10545,3,91,91
10546,3,3,70
10547,4,24,24
10548,3,6,6
10549,0,62,62
10550,3,148,148
10551,3,52,52
10552,4,70,70
10553,4,9,9
10554,4,84,84
10555,4,21,21
10556,0,18,18
10557,2,103,103
10558,4,118,118
10559,4,135,135
10560,0,19,19
10561,3,81,81
10562,2,160,160
10563,2,9,9
10564,0,126,126
10565,3,3,3
10566,3,144,144
10567,2,122,122
10568,4,0,0
10569,2,0,0
10570,0,20,20
10571,2,0,0
10572,1,73,73
10573,1,83,83
10574,4,108,108
10575,1,3,3
10576,0,51,51
10577,4,62,62
10578,1,111,111
10579,4,1,1
10580,0,14,14
10581,0,10,10
10582,2,149,149
10583,0,121,121
10584,3,79,79
10585,3,78,78
10586,2,38,38
10587,2,34,34
10588,3,48,48
10589,2,122,122
10590,1,76,76
10591,3,21,21
10592,4,2,2
10593,4,147,147
10594,0,153,153
10595,3,24,24
10596,1,71,71
10597,0,147,147
10598,2,14,14
10599,4,96,96
10600,3,99,99
10601,1,57,57
10602,1,33,33
10603,2,104,104
10604,0,107,107
10605,4,88,88
10606,0,110,110
10607,1,21,21
10608,1,50,50
10609,0,141,141
10610,4,48,48
10611,0,15,15
10612,2,25,25
10613,0,59,59
10614,1,0,0
10615,0,72,72
10616,4,81,81
10617,2,36,36
10618,1,73,73
10619,1,152,152
10620,4,22,22
10621,2,40,40
10622,4,4,4
10623,0,0,0
10624,2,151,151
10625,2,103,103
10626,3,19,19
10627,1,10,10
10628,1,67,67
10629,4,170,170
10630,0,146,146
10631,4,95,95
10632,4,37,37
10633,0,37,37
10634,2,74,74
10635,4,4,4
10636,3,139,139
10637,2,57,57
10638,3,167,167
10639,0,77,77
10640,2,173,173
10641,4,143,143
10642,0,37,37
10643,1,66,66
10644,0,123,123
10645,1,106,106
10646,0,145,145
10647,4,28,28
10648,0,12,12
10649,2,22,22
10650,0,73,73
10651,2,19,19
10652,3,102,102
10653,3,126,126
10654,1,120,120
10655,4,114,114
10656,2,47,47
10657,2,115,115
10658,4,149,149
10659,4,49,49
10660,2,83,83
10661,3,81,81
10662,1,34,34
10663,4,139,139
10664,1,132,132
10665,0,33,33
10666,1,47,47
10667,3,73,73
10668,1,83,83
10669,0,21,21
10670,4,1,1
10671,0,9,9
10672,1,24,11
10673,0,24,24
10674,2,53,53
10675,0,64,64
10676,2,23,23
10677,0,84,84
10678,2,123,123
10679,4,57,57
10680,3,74,74
10681,2,33,33
10682,4,87,87
10683,4,88,88
10684,3,14,14
10685,0,30,30
10686,2,84,84
10687,4,53,53
10688,0,135,135
10689,1,22,22
10690,0,36,36
10691,0,17,17
10692,0,63,3
10693,3,147,147
10694,3,37,37
10695,3,35,35
10696,3,11,11
10697,2,71,71
10698,0,69,69
10699,1,53,53
10700,2,25,25
10701,2,143,141
10702,0,79,104
10703,0,15,15
10704,1,19,19
10705,3,153,153
10706,1,95,95
10707,0,64,64
10708,4,23,23
10709,2,14,14
10710,4,172,172
10711,4,4,4
10712,3,138,138
10713,4,25,25
10714,2,139,139
10715,0,44,44
10716,1,163,163
10717,2,87,87
10718,2,82,82
10719,2,166,166
10720,3,79,79
10721,3,3,3
10722,1,98,98
10723,2,132,132
10724,4,33,33
10725,0,135,135
10726,0,132,132
10727,3,156,156
10728,1,100,100
10729,3,155,155
10730,0,47,47
10731,1,32,32
10732,0,68,68
10733,2,48,48
10734,3,1,1
10735,3,111,111
10736,2,32,32
10737,3,7,7
10738,1,13,13
10739,1,87,87
10740,0,80,80
10741,2,26,26
10742,0,56,56
10743,3,64,64
10744,0,61,61
10745,4,42,42
10746,3,120,120
10747,1,39,39
10748,4,93,93
10749,1,6,6
10750,2,65,65
10751,1,53,53
10752,3,73,73
10753,1,52,52
10754,0,77,77
10755,4,14,14
10756,3,106,106
10757,1,69,69
10758,3,104,104
10759,0,59,59
10760,4,140,140
10761,0,140,140
10762,1,60,60
10763,0,126,126
10764,0,107,107
10765,2,17,17
10766,4,83,83
10767,0,28,28
10768,2,39,39
10769,1,10,10
10770,0,127,127
10771,3,79,79
10772,4,91,91
10773,3,62,62
10774,0,141,141
10775,4,50,50
10776,0,133,133
10777,2,32,32
10778,3,8,8
10779,3,130,130
10780,0,1,1
10781,4,80,80
10782,0,75,75
10783,4,90,90
10784,0,75,75
10785,0,88,88
10786,3,87,87
10787,1,29,29
10788,4,8,8
10789,2,17,17
10790,4,82,82
10791,1,110,110
10792,0,125,125
10793,2,163,163
10794,1,98,98
10795,4,54,54
10796,3,123,123
10797,3,111,111
10798,3,172,172
10799,3,98,98
10800,4,18,18
10801,4,104,104
10802,4,24,11
10803,1,24,11
10804,1,126,126
10805,4,97,97
10806,2,119,119
10807,2,150,150
10808,0,27,27
10809,2,127,127
10810,0,73,73
10811,4,116,116
10812,3,111,111
10813,1,111,111
10814,3,152,152
10815,4,2,2
10816,1,43,43
10817,1,40,40
10818,3,12,12
10819,3,150,150
10820,4,67,67
10821,2,125,125
10822,4,19,19
10823,0,125,125
10824,4,162,162
10825,1,9,9
10826,0,116,116
10827,4,42,42
10828,3,47,47
10829,0,106,106
10830,4,169,169
10831,3,100,100
10832,4,14,14
10833,1,116,116
10834,0,71,71
10835,1,7,7
10836,4,32,32
10837,1,0,0
10838,1,45,45
10839,0,89,89
10840,0,50,50
10841,0,157,157
10842,3,127,127
10843,1,86,86
10844,1,111,111
10845,1,36,36
10846,4,1,1
10847,4,107,107
10848,4,72,72
10849,1,66,66
10850,3,33,33
10851,2,42,42
10852,1,90,90
10853,3,21,21
10854,0,50,50
10855,4,152,152
10856,4,152,152
10857,4,62,62
10858,0,29,29
10859,4,127,127
10860,4,69,69
10861,3,161,161
10862,3,95,95
10863,1,146,146
10864,1,29,29
10865,1,23,23
10866,1,140,140
10867,2,117,117
10868,2,119,119
10869,2,41,41
10870,0,89,89
10871,1,25,25
10872,3,159,159
10873,3,141,141
10874,2,170,170
10875,3,78,78
10876,3,5,5
10877,1,153,153
10878,1,61,61
10879,4,32,32
10880,0,28,28
10881,0,76,76
10882,3,153,153
10883,2,110,110
10884,4,11,11
10885,2,82,82
10886,3,143,143
10887,0,74,74
10888,1,55,55
10889,4,95,95
10890,3,174,174
10891,4,69,69
10892,4,28,28
10893,1,112,112
10894,2,164,164
10895,4,132,132
10896,0,133,133
10897,0,13,13
10898,3,0,0
10899,4,2,2
10900,2,175,175
10901,0,99,99
10902,0,114,114
10903,3,55,55
10904,1,57,57
10905,1,6,6
10906,3,44,44
10907,1,168,168
10908,1,69,69
10909,3,108,108
10910,4,106,106
10911,0,15,15
10912,2,85,85
10913,1,162,162
10914,1,28,28
10915,0,99,99
10916,4,100,100
10917,3,102,102
10918,2,22,22
10919,4,30,30
10920,1,70,70
10921,4,141,141
10922,0,129,129
10923,3,147,147
10924,0,32,32
10925,0,24,24
10926,0,33,33
10927,1,160,160
10928,3,83,83
10929,3,74,74
10930,4,91,91
10931,4,56,56
10932,2,0,0
10933,4,4,4
10934,2,114,114
10935,1,48,48
10936,0,131,131
10937,1,138,138
10938,0,30,30
10939,2,148,148
10940,0,44,44
10941,1,57,57
10942,2,55,55
10943,3,169,169
10944,0,39,39
10945,1,77,77
10946,3,1,1
10947,2,150,150
10948,2,38,38
10949,3,37,37
10950,2,153,153
10951,3,40,40
10952,0,45,45
10953,2,121,121
10954,1,82,82
10955,0,91,91
10956,3,26,26
10957,0,29,29
10958,3,170,170
10959,1,1,1
10960,1,0,0
10961,3,25,25
10962,2,155,155
10963,1,101,101
10964,1,8,8
10965,0,126,126
10966,3,115,22
10967,1,71,71
10968,4,144,144
10969,2,57,57
10970,4,85,85
10971,1,22,22
10972,2,7,7
10973,2,16,16
10974,0,119,119
10975,2,141,141
10976,3,38,38
10977,3,55,55
10978,0,153,153
10979,1,3,70
10980,1,48,48
10981,4,42,42
10982,3,24,24
10983,1,88,88
10984,2,24,11
10985,4,105,105
10986,4,31,31
10987,0,65,65
10988,3,73,73
10989,0,52,52
10990,0,13,13
10991,3,124,124
10992,4,10,10
10993,4,89,89
10994,0,68,68
10995,0,156,156
10996,4,48,48
10997,2,143,143
10998,1,67,67
10999,2,107,107
11000,1,167,167
11001,0,125,125
11002,3,110,110
11003,2,68,68
11004,2,162,162
11005,1,160,160
11006,1,146,146
11007,2,77,77
11008,3,118,118
11009,3,30,30
11010,1,60,60
11011,2,99,99
11012,3,90,90
11013,4,56,56
11014,1,17,17
11015,2,2,2
11016,2,11,24
11017,2,62,62
11018,3,75,75
11019,0,42,42
11020,1,92,92
11021,0,45,45
11022,3,126,126
11023,2,40,40
11024,1,160,160
11025,1,6,6
11026,1,124,124
11027,1,63,63
11028,3,147,147
11029,1,56,56
11030,4,38,38
11031,2,159,159
11032,2,82,82
11033,1,164,164
11034,1,1,1
11035,3,16,16
11036,1,51,51
11037,1,170,170
11038,2,70,70
11039,3,45,45
11040,4,14,14
11041,2,89,89
11042,1,22,22
11043,4,169,169
11044,3,128,128
11045,3,3,70
11046,0,95,173
11047,0,118,118
11048,2,34,34
11049,0,3,3
11050,2,30,30
11051,4,122,122
11052,0,17,17
11053,3,81,81
11054,4,32,32
11055,2,86,86
11056,0,131,131
11057,3,3,70
11058,2,140,140
11059,0,0,0
11060,2,12,12
11061,2,67,67
11062,0,57,57
11063,0,152,152
11064,4,101,101
11065,1,129,129
11066,1,135,135
11067,3,38,38
11068,3,142,142
11069,3,18,18
11070,1,46,46
11071,4,0,0
11072,2,133,133
11073,0,121,121
11074,0,163,163
11075,0,28,28
11076,3,158,158
11077,4,132,132
11078,1,0,0
11079,2,123,123
11080,2,97,97
11081,2,45,45
11082,2,12,12
11083,0,52,52
11084,0,4,4
11085,2,7,7
11086,2,35,35
11087,2,112,112
11088,4,132,132
11089,1,161,161
11090,1,138,138
11091,2,132,132
11092,0,47,47
11093,1,52,52
11094,3,127,127
11095,4,130,130
11096,0,158,158
11097,3,47,47
11098,0,101,101
11099,2,151,151
11100,0,38,38
11101,0,40,40
11102,4,36,36
11103,3,4,4
11104,3,125,125
11105,1,47,47
11106,4,60,60
11107,2,69,69
11108,2,136,136
11109,0,29,29
11110,0,166,166
11111,0,88,88
11112,4,14,14
11113,0,3,3
11114,3,59,59
11115,4,7,7
11116,1,90,90
11117,1,158,158
11118,0,18,18
11119,4,122,122
11120,0,14,14
11121,3,56,56
11122,4,110,110
11123,1,49,49
11124,3,146,146
11125,1,98,98
11126,0,117,117
11127,4,103,103
11128,1,19,19
11129,3,61,61
11130,0,87,87
11131,2,130,130
11132,3,98,91
11133,4,19,19
11134,1,85,85
11135,1,61,61
11136,2,124,124
11137,4,76,67
11138,2,124,124
11139,2,76,76
11140,1,173,173
11141,2,129,129
11142,1,72,72
11143,4,115,115
11144,4,121,121
11145,0,3,3
11146,0,105,105
11147,0,133,133
11148,0,118,118
11149,1,29,29
11150,3,129,129
11151,4,161,161
11152,2,34,34
11153,0,65,65
11154,3,11,11
11155,2,25,25
11156,0,76,76
11157,1,110,110
11158,2,110,110
11159,2,8,8
11160,0,78,78
11161,4,45,45
11162,1,94,94
11163,3,57,57
11164,0,47,47
11165,2,46,46
11166,4,89,89
11167,1,48,48
11168,3,161,161
11169,4,76,76
11170,4,94,94
11171,1,62,62
11172,4,22,22
11173,3,26,26
11174,0,169,169
11175,3,34,34
11176,0,128,128
11177,2,51,51
11178,1,23,23
11179,0,65,65
11180,4,125,125
11181,4,88,88
11182,2,144,144
11183,2,9,9
11184,0,100,100
11185,4,31,31
11186,3,98,98
11187,4,36,36
11188,0,166,166
11189,2,7,7
11190,2,151,151
11191,0,6,6
11192,4,121,121
11193,3,85,85
11194,1,90,90
11195,0,133,133
11196,3,24,24
11197,4,50,50
11198,0,8,8
11199,4,59,59
11200,3,90,90
11201,2,171,171
11202,1,118,118
11203,0,2,2
11204,1,30,30
11205,0,162,162
11206,0,1,1
11207,2,142,142
11208,3,84,84
11209,1,71,71
11210,3,117,117
11211,3,90,90
11212,1,49,49
11213,0,76,60
11214,4,43,43
11215,4,11,11
11216,3,56,56
11217,0,143,143
11218,1,61,61
11219,0,39,39
11220,4,36,36
11221,2,3,3
11222,4,162,162
11223,1,60,60
11224,0,15,15
11225,4,135,135
11226,3,103,103
11227,0,22,22
11228,2,173,173
11229,2,66,66
11230,4,73,73
11231,2,11,11
11232,4,61,61
11233,0,113,113
11234,1,4,4
11235,1,94,94
11236,0,7,7
11237,3,61,61
11238,1,159,159
11239,4,123,123
11240,1,1,1
11241,2,91,91
11242,3,60,60
11243,1,124,124
11244,3,67,67
11245,1,22,22
11246,2,62,62
11247,0,55,55
11248,3,158,158
11249,4,39,39
11250,4,0,0
11251,1,136,136
11252,1,122,122
11253,1,151,151
11254,2,161,161
11255,0,114,114
11256,0,105,105
11257,2,113,113
11258,2,8,8
11259,2,44,44
11260,1,9,9
11261,2,63,63
11262,4,109,109
11263,0,164,146
11264,2,69,69
11265,4,126,126
11266,4,159,159
11267,1,172,172
11268,2,71,71
11269,4,120,120
11270,4,108,108
11271,3,30,30
11272,0,107,107
11273,4,55,55
11274,3,153,153
11275,3,34,34
11276,2,22,22
11277,2,39,39
11278,3,24,24
11279,0,0,0
11280,4,111,111
11281,0,145,145
11282,1,101,101
11283,3,31,31
11284,1,155,155
11285,3,17,17
11286,1,15,15
11287,3,72,72
11288,0,117,117
11289,2,169,169
11290,3,110,110
11291,3,37,37
11292,4,157,157
11293,2,25,25
11294,2,16,16
11295,0,34,34
11296,1,137,137
11297,4,152,152
11298,2,112,112
11299,4,69,69
11300,0,113,113
11301,4,47,47
11302,1,58,58
11303,1,143,143
11304,2,105,105
11305,3,156,156
11306,3,16,16
11307,0,85,85
11308,2,126,126
11309,4,5,5
11310,1,75,75
11311,0,162,162
11312,4,45,45
11313,1,45,45
11314,1,21,21
11315,0,52,52
11316,3,95,95
11317,4,34,34
11318,0,111,111
11319,1,112,112
11320,0,0,0
11321,3,89,89
11322,3,2,2
11323,0,17,17
11324,4,12,12
11325,4,88,88
11326,2,37,37
11327,3,13,13
11328,0,35,35
11329,2,128,128
11330,4,162,162
11331,4,130,130
11332,4,140,140
11333,1,104,104
11334,2,69,69
11335,3,19,19
11336,4,60,60
11337,2,138,138
11338,4,84,84
11339,1,21,21
11340,3,23,23
11341,0,105,105
11342,0,107,107
11343,0,18,18
11344,4,21,21
11345,4,82,82
11346,4,27,27
11347,1,54,54
11348,1,3,3
11349,1,14,14
11350,0,32,32
11351,4,58,58
11352,4,93,93
11353,3,17,17
11354,0,11,11
11355,4,16,16
11356,4,67,67
11357,4,29,29
11358,0,89,89
11359,1,17,17
11360,3,93,93
11361,2,134,134
11362,0,1,1
11363,2,60,60
11364,2,2,2
11365,4,119,119
11366,0,98,98
11367,3,42,42
11368,1,24,11
11369,2,137,137
11370,0,57,57
11371,2,44,44
11372,3,1,1
11373,1,54,54
11374,0,158,158
11375,2,25,25
11376,1,30,30
11377,4,168,168
11378,1,38,38
11379,0,50,50
11380,4,174,174
11381,4,92,92
11382,3,143,170
11383,2,80,80
11384,2,7,7
11385,2,165,165
11386,2,5,5
11387,0,89,89
11388,0,128,128
11389,3,98,98
11390,3,79,79
11391,4,105,105
11392,4,10,10
11393,4,86,86
11394,1,18,18
11395,0,114,114
11396,0,7,7
11397,4,35,35
11398,2,133,133
11399,0,34,34
11400,0,75,75
11401,3,95,95
11402,4,81,81
11403,4,10,10
11404,2,18,18
11405,1,12,12
11406,2,10,10
11407,1,167,167
11408,4,25,25
11409,0,113,113
11410,0,148,148
11411,3,120,120
11412,0,53,53
11413,0,121,121
11414,1,75,75
11415,4,133,133
11416,2,81,81
11417,0,157,157
11418,0,53,53
11419,0,31,31
11420,4,50,50
11421,0,73,73
11422,0,61,61
11423,1,100,100
11424,0,10,10
11425,2,121,121
11426,3,104,104
11427,4,158,158
11428,4,86,86
11429,1,121,121
11430,1,62,62
11431,1,29,29
11432,1,121,121
11433,2,48,48
11434,0,5,5
11435,2,154,154
11436,2,57,57
11437,1,133,133
11438,1,8,8
11439,0,122,122
11440,0,89,89
11441,2,59,59
11442,3,33,33
11443,1,130,130
11444,1,40,40
11445,3,104,104
11446,2,123,123
11447,4,55,55
11448,0,4,4
11449,1,47,47
11450,1,88,88
11451,0,4,4
11452,0,100,100
11453,1,146,146
11454,1,162,162
11455,0,55,55
11456,2,16,16
11457,0,91,91
11458,0,53,53
11459,3,132,132
11460,3,62,62
11461,4,82,82
11462,0,22,22
11463,1,38,38
11464,3,24,11
11465,3,37,37
11466,3,22,22
11467,0,2,2
11468,0,68,68
11469,3,14,14
11470,0,152,152
11471,0,102,102
11472,4,0,0
11473,0,49,49
11474,1,55,55
11475,3,58,58
11476,1,116,116
11477,3,140,140
11478,4,0,0
11479,0,91,91
11480,1,114,114
11481,0,24,11
11482,2,43,43
11483,2,20,20
11484,4,56,56
11485,1,119,119
11486,3,161,161
11487,4,14,14
11488,0,92,92
11489,0,56,56
11490,4,1,1
11491,3,65,65
11492,1,147,147
11493,2,118,118
11494,0,57,57
11495,0,148,148
11496,4,132,132
11497,0,35,35
11498,1,36,36
11499,4,82,82
11500,2,18,18
11501,4,119,119
11502,2,138,138
11503,1,127,127
11504,1,2,2
11505,3,36,36
11506,1,17,17
11507,4,38,38
11508,2,110,110
11509,0,2,2
11510,1,150,150
11511,3,2,2
11512,0,104,104
11513,1,171,171
11514,2,102,102
11515,4,124,124
11516,0,24,11
11517,1,32,32
11518,0,5,5
11519,1,24,11
11520,3,103,103
11521,3,68,68
11522,1,96,96
11523,2,77,77
11524,3,20,20
11525,1,141,141
11526,1,24,24
11527,0,78,78
11528,2,99,99
11529,3,159,159
11530,0,3,3
11531,2,30,30
11532,2,99,99
11533,4,31,31
11534,2,99,99
11535,3,27,27
11536,3,15,15
11537,3,80,80
11538,0,33,33
11539,0,19,19
11540,3,66,66
11541,4,30,30
11542,3,108,108
11543,3,146,146
11544,4,60,60
11545,4,22,22
11546,3,122,122
11547,4,113,113
11548,0,45,45
11549,4,167,167
11550,0,5,5
11551,0,133,133
11552,1,37,37
11553,0,4,4
11554,1,29,29
11555,0,46,46
11556,1,60,60
11557,3,38,38
11558,2,33,33
11559,2,42,42
11560,1,79,79
11561,1,133,133
11562,2,170,170
11563,1,22,22
11564,0,51,51
11565,3,80,80
11566,0,10,10
11567,1,14,14
11568,4,0,0
11569,4,45,45
11570,2,96,96
11571,3,42,42
11572,0,35,35
11573,1,6,6
11574,3,114,114
11575,1,141,141
11576,0,7,7
11577,2,107,107
11578,3,172,172
11579,2,105,105
11580,1,130,130
11581,3,105,105
11582,3,140,140
11583,0,4,4
11584,0,129,129
11585,1,66,66
11586,2,171,171
11587,4,62,62
11588,2,119,119
11589,0,116,116
11590,0,44,44
11591,1,121,121
11592,1,75,75
11593,2,41,41
11594,0,3,63
11595,2,43,43
11596,1,57,57
11597,2,122,123
11598,1,94,94
11599,3,163,163
11600,1,0,0
11601,3,84,84
11602,1,154,154
11603,0,8,8
11604,2,28,28
11605,4,104,104
11606,1,78,78
11607,1,130,130
11608,0,42,42
11609,4,21,21
11610,3,27,27
11611,0,41,41
11612,2,75,75
11613,1,10,10
11614,4,146,146
11615,3,164,164
11616,0,134,134
11617,4,149,149
11618,4,170,170
11619,2,98,98
11620,3,3,3
11621,3,44,44
11622,1,15,15
11623,1,154,154
11624,1,110,110
11625,2,114,60
11626,0,2,2
11627,1,41,41
11628,1,11,11
11629,1,68,68
11630,4,35,35
11631,3,138,138
11632,4,131,131
11633,3,33,33
11634,0,53,53
11635,4,135,135
11636,0,23,23
11637,4,20,20
11638,3,162,162
11639,3,12,12
11640,0,82,82
11641,0,26,26
11642,0,125,125
11643,4,83,83
11644,4,72,72
11645,4,134,134
11646,0,123,123
11647,4,4,4
11648,2,102,102
11649,1,74,74
11650,0,8,8
11651,4,114,114
11652,1,52,52
11653,2,118,118
11654,1,74,74
11655,3,67,67
11656,1,61,61
11657,3,101,101
11658,3,32,32
11659,2,34,34
11660,0,33,33
11661,4,118,118
11662,3,121,121
11663,1,70,70
11664,0,63,63
11665,3,26,26
11666,0,30,30
11667,2,22,22
11668,4,142,142
11669,0,102,102
11670,4,94,94
11671,1,160,160
11672,3,155,155
11673,2,144,144
11674,0,175,175
11675,1,46,46
11676,2,15,15
11677,2,57,57
11678,4,115,115
11679,1,38,38
11680,3,14,14
11681,4,154,154
11682,3,75,75
11683,2,164,164
11684,4,163,163
11685,2,4,4
11686,4,81,81
11687,1,23,23
11688,3,111,111
11689,2,59,59
11690,3,127,127
11691,3,70,3
11692,3,133,133
11693,1,43,43
11694,1,44,44
11695,2,126,45
11696,0,83,83
11697,1,80,80
11698,3,154,154
11699,2,70,70
11700,0,74,74
11701,1,135,135
11702,3,7,7
11703,2,107,107
11704,2,10,10
11705,0,107,107
11706,1,50,50
11707,2,109,109
11708,3,93,93
11709,4,113,113
11710,2,3,63
11711,0,112,112
11712,2,4,4
11713,0,3,3
11714,3,96,96
11715,3,48,48
11716,2,124,124
11717,1,1,1
11718,0,149,149
11719,4,127,127
11720,4,105,105
11721,0,30,30
11722,0,36,36
11723,4,137,137
11724,2,57,57
11725,3,21,21
11726,4,11,11
11727,0,20,20
11728,3,93,93
11729,3,121,121
11730,2,38,38
11731,0,20,20
11732,0,142,142
11733,0,159,159
11734,4,148,148
11735,1,89,89
11736,1,82,82
11737,3,3,3
11738,2,14,14
11739,3,0,0
11740,0,19,19
11741,1,58,58
11742,2,88,88
11743,0,78,78
11744,0,30,30
11745,2,50,50
11746,3,14,14
11747,2,79,79
11748,1,63,63
11749,2,65,65
11750,4,11,24
11751,2,27,27
11752,0,154,154
11753,3,48,48
11754,2,169,169
11755,1,167,167
11756,0,13,13
11757,4,27,27
11758,1,11,11
11759,0,19,19
11760,2,0,0
11761,2,113,113
11762,3,66,66
11763,3,94,94
11764,3,55,55
11765,2,67,67
11766,2,77,77
11767,3,126,126
11768,0,106,106
11769,4,60,60
11770,0,116,116
11771,1,1,1
11772,2,69,69
11773,0,133,133
11774,0,100,100
11775,1,8,8
11776,2,126,126
11777,1,12,12
11778,2,27,27
11779,1,31,31
11780,3,79,104
11781,0,143,143
11782,3,112,112
11783,0,44,44
11784,2,81,81
11785,3,128,128
11786,4,4,4
11787,0,27,27
11788,0,91,91
11789,2,5,5
11790,4,35,35
11791,4,82,82
11792,4,87,87
11793,3,88,88
11794,2,8,8
11795,3,115,115
11796,1,103,103
11797,0,5,5
11798,0,32,32
11799,2,15,15
11800,4,0,0
11801,0,148,148
11802,2,60,60
11803,4,105,105
11804,3,49,49
11805,4,19,19
11806,3,0,0
11807,4,31,31
11808,4,105,105
11809,2,22,22
11810,2,1,1
11811,2,29,29
11812,0,3,3
11813,1,174,174
11814,2,51,51
11815,4,115,115
11816,2,22,22
11817,3,9,9
11818,4,167,167
11819,0,141,141
11820,4,138,138
11821,3,68,68
11822,2,87,87
11823,2,11,11
11824,3,43,43
11825,2,31,31
11826,3,100,100
11827,3,18,18
11828,0,138,138
11829,3,48,48
11830,2,78,78
11831,1,70,98
11832,0,55,55
11833,3,100,100
11834,0,99,99
11835,0,94,94
11836,4,97,97
11837,3,35,35
11838,4,115,115
11839,4,58,58
11840,3,15,15
11841,3,72,72
11842,1,103,103
11843,3,2,2
11844,0,17,17
11845,4,108,108
11846,2,34,34
11847,2,32,32
11848,4,120,120
11849,3,8,8
11850,1,100,100
11851,2,7,7
11852,1,72,72
11853,2,41,41
11854,1,152,152
11855,0,88,88
11856,4,75,75
11857,3,0,0
11858,1,103,103
11859,1,173,173
11860,2,1,1
11861,0,98,98
11862,0,157,157
11863,1,138,138
11864,2,10,10
11865,1,107,107
11866,0,102,102
11867,0,142,142
11868,1,69,69
11869,4,138,138
11870,1,44,44
11871,1,18,18
11872,3,68,68
11873,2,56,56
11874,2,54,54
11875,3,50,50
11876,2,83,83
11877,2,113,113
11878,1,0,0
11879,2,24,24
11880,1,140,140
11881,1,71,71
11882,4,96,96
11883,2,76,76
11884,3,169,169
11885,2,156,156
11886,1,150,150
11887,2,37,37
11888,1,83,83
11889,2,4,4
11890,1,16,16
11891,4,41,41
11892,0,56,56
11893,3,13,13
11894,3,107,107
11895,3,46,46
11896,2,5,5
11897,4,20,20
11898,1,95,95
11899,2,158,158
11900,1,138,138
11901,0,29,29
11902,4,144,144
11903,3,103,103
11904,4,39,39
11905,4,120,120
11906,4,154,154
11907,3,115,115
11908,1,110,110
11909,3,37,37
11910,3,8,8
11911,0,54,54
11912,0,107,107
11913,3,37,37
11914,4,129,129
11915,2,0,0
11916,0,3,3
11917,2,73,73
11918,1,171,171
11919,1,70,70
11920,4,59,59
11921,3,150,150
11922,2,17,17
11923,3,124,124
11924,1,139,139
11925,4,16,16
11926,3,21,21
11927,1,44,44
11928,1,2,2
11929,4,113,113
11930,0,126,126
11931,0,17,17
11932,3,40,40
11933,0,50,50
11934,0,47,47
11935,1,132,132
11936,1,83,83
11937,1,35,35
11938,0,67,67
11939,0,43,43
11940,4,138,138
11941,2,61,61
11942,0,42,42
11943,2,126,126
11944,3,19,19
11945,4,107,107
11946,3,115,115
11947,1,82,82
11948,0,146,146
11949,0,54,54
11950,1,43,43
11951,2,6,6
11952,2,139,139
11953,2,18,18
11954,4,146,146
11955,3,147,147
11956,2,17,17
11957,1,74,74
11958,4,17,17
11959,4,2,2
11960,0,150,150
11961,4,68,68
11962,0,152,152
11963,4,114,114
11964,3,112,112
11965,2,131,131
11966,0,83,83
11967,2,14,14
11968,1,136,136
11969,4,173,173
11970,2,128,128
11971,3,127,127
11972,0,27,27
11973,3,27,27
11974,4,91,91
11975,0,157,157
11976,2,30,30
11977,0,10,10
11978,1,61,61
11979,2,61,61
11980,2,14,14
11981,0,88,88
11982,4,140,140
11983,4,19,19
11984,4,175,175
11985,4,3,3
11986,3,68,68
11987,1,5,5
11988,4,129,129
11989,4,136,136
11990,2,56,56
11991,1,108,108
11992,1,86,86
11993,4,52,52
11994,3,131,131
11995,4,142,142
11996,4,107,107
11997,1,77,77
11998,2,8,8
11999,0,123,123
12000,1,104,104
12001,2,68,68
12002,3,112,112
12003,2,72,72
12004,3,20,20
12005,4,84,84
12006,3,114,114
12007,4,116,116
12008,1,22,22
12009,4,10,10
12010,3,3,63
12011,0,26,26
12012,2,101,101
12013,4,52,52
12014,2,31,31
12015,4,59,59
12016,0,155,155
12017,2,56,56
12018,0,126,126
12019,4,124,124
12020,1,156,156
12021,1,108,108
12022,0,45,45
12023,2,21,21
12024,2,18,18
12025,1,98,98
12026,1,61,61
12027,0,12,31
12028,4,2,2
12029,1,87,87
12030,2,78,78
12031,3,2,2
12032,1,98,98
12033,0,58,58
12034,0,79,79
12035,0,43,43
12036,3,143,143
12037,1,87,87
12038,2,45,45
12039,0,14,14
12040,3,107,107
12041,3,50,50
12042,0,150,150
12043,2,170,170
12044,1,62,62
12045,2,60,60
12046,0,74,74
12047,2,111,111
12048,0,47,47
12049,0,6,6
12050,2,147,147
12051,0,55,55
12052,1,106,106
12053,2,70,3
12054,3,115,115
12055,2,39,39
12056,1,20,20
12057,4,44,44
12058,2,32,32
12059,3,47,47
12060,3,79,104
12061,1,170,170
12062,2,16,16
12063,4,13,13
12064,3,134,134
12065,1,93,93
12066,0,15,15
12067,1,4,4
12068,3,61,61
12069,3,124,124
12070,0,73,73
12071,1,36,36
12072,3,121,121
12073,1,69,69
12074,4,20,20
12075,0,92,92
12076,0,164,164
12077,1,166,166
12078,2,30,30
12079,0,138,138
12080,4,5,5
12081,3,22,22
12082,1,169,169
12083,1,36,36
12084,4,106,106
12085,0,10,10
12086,1,85,85
12087,2,51,51
12088,2,66,66
12089,3,157,157
12090,1,70,3
12091,3,71,71
12092,4,21,21
12093,3,117,117
12094,0,45,45
12095,0,153,153
12096,1,6,6
12097,3,107,107
12098,4,152,152
12099,0,110,110
12100,0,142,142
12101,1,55,55
12102,3,169,169
12103,3,157,157
12104,4,144,144
12105,1,173,173
12106,0,106,106
12107,3,34,34
12108,0,5,5
12109,3,8,8
12110,3,22,22
12111,0,99,99
12112,2,73,73
12113,1,131,131
12114,0,13,13
12115,3,44,44
12116,4,144,144
12117,2,91,91
12118,1,141,141
12119,2,102,102
12120,4,46,46
12121,1,86,86
12122,0,79,79
12123,2,20,20
12124,4,143,143
12125,1,31,31
12126,2,46,46
12127,3,90,90
12128,0,114,114
12129,0,134,134
12130,2,87,87
12131,0,73,73
12132,4,42,42
12133,3,85,85
12134,2,148,148
12135,3,50,50
12136,3,175,175
12137,3,110,110
12138,2,133,133
12139,4,6,6
12140,2,13,13
12141,2,34,34
12142,0,73,73
12143,0,74,74
12144,4,6,6
12145,1,71,71
12146,1,163,163
12147,0,118,118
12148,4,157,157
12149,2,79,79
12150,4,156,156
12151,3,22,22
12152,0,19,19
12153,0,17,17
12154,1,163,163
12155,3,88,88
12156,3,101,101
12157,4,122,122
12158,0,25,25
12159,1,128,128
12160,0,120,120
12161,4,171,171
12162,2,129,129
12163,4,28,28
12164,3,71,71
12165,1,150,150
12166,1,156,156
12167,1,145,145
12168,0,109,109
12169,2,56,56
12170,1,10,10
12171,4,38,38
12172,2,14,14
12173,1,122,122
12174,1,120,120
12175,2,95,95
12176,4,44,44
12177,2,7,7
12178,2,71,71
12179,4,53,53
12180,0,9,9
12181,1,172,172
12182,1,108,108
12183,2,70,70
12184,1,153,153
12185,2,8,8
12186,1,0,0
12187,1,29,29
12188,1,36,36
12189,0,133,133
12190,0,104,104
12191,2,1,1
12192,0,91,91
12193,0,2,2
12194,1,2,2
12195,2,110,110
12196,3,20,20
12197,3,146,146
12198,1,16,16
12199,0,80,80
12200,0,80,80
12201,3,48,48
12202,1,65,65
12203,4,99,99
12204,3,0,0
12205,4,11,24
12206,0,59,59
12207,2,166,166
12208,4,46,46
12209,3,126,126
12210,0,0,0
12211,0,161,161
12212,2,60,60
12213,1,113,113
12214,0,168,168
12215,4,133,133
12216,1,87,87
12217,4,122,122
12218,4,152,152
12219,1,149,149
12220,3,70,70
12221,0,164,164
12222,4,17,17
12223,1,166,166
12224,0,11,24
12225,1,18,18
12226,4,110,110
12227,2,61,61
12228,2,151,151
12229,4,156,156
12230,2,64,64
12231,0,18,18
12232,3,82,82
12233,2,20,20
12234,4,73,73
12235,4,158,158
12236,3,6,6
12237,4,8,8
12238,0,97,97
12239,4,37,37
12240,3,103,103
12241,0,67,67
12242,4,121,121
12243,3,46,46
12244,3,175,175
12245,2,48,48
12246,4,86,86
12247,4,17,17
12248,0,144,144
12249,2,121,121
12250,2,154,154
12251,2,157,157
12252,4,121,121
12253,1,79,79
12254,2,14,14
12255,3,108,108
12256,4,68,68
12257,4,147,147
12258,4,87,87
12259,2,156,156
12260,1,124,124
12261,2,141,141
12262,4,18,18
12263,3,121,121
12264,0,0,0
12265,0,6,6
12266,3,134,134
12267,0,65,65
12268,4,54,54
12269,1,42,42
12270,0,54,54
12271,4,84,84
12272,1,105,105
12273,1,30,30
12274,3,126,126
12275,4,113,113
12276,1,65,65
12277,2,154,154
12278,4,105,105
12279,3,6,6
12280,0,71,71
12281,0,45,45
12282,1,126,126
12283,0,11,24
12284,0,8,8
12285,2,82,82
12286,3,56,56
12287,4,2,2
12288,2,100,100
12289,3,104,104
12290,1,4,4
12291,0,146,146
12292,2,43,43
12293,1,84,84
12294,2,105,105
12295,2,29,29
12296,2,69,69
12297,3,94,94
12298,2,95,95
12299,4,166,166
12300,3,48,48
12301,4,16,16
12302,0,1,1
12303,4,58,58
12304,4,153,153
12305,0,156,156
12306,4,102,102
12307,0,1,1
12308,1,24,24
12309,0,63,63
12310,1,166,166
12311,1,92,92
12312,2,53,53
12313,1,26,26
12314,2,10,10
12315,3,21,21
12316,1,132,132
12317,2,77,77
12318,3,142,142
12319,4,68,68
12320,2,9,9
12321,1,161,161
12322,3,2,2
12323,0,40,40
12324,2,170,170
12325,4,90,90
12326,2,157,157
12327,0,31,31
12328,0,46,46
12329,0,61,61
12330,0,50,50
12331,3,150,150
12332,0,80,80
12333,3,5,5
12334,0,76,76
12335,3,95,95
12336,0,39,39
12337,0,108,108
12338,2,15,15
12339,3,137,137
12340,1,80,80
12341,3,163,140
12342,1,70,3
12343,0,17,17
12344,2,163,163
12345,1,153,153
12346,4,14,14
12347,4,29,29
12348,2,118,118
12349,1,72,72
12350,0,52,52
12351,0,14,14
12352,1,50,50
12353,3,153,153
12354,0,45,45
12355,4,79,79
12356,4,65,65
12357,4,11,11
12358,4,86,86
12359,0,0,0
12360,0,56,56
12361,4,76,76
12362,2,135,135
12363,4,4,4
12364,3,57,57
12365,1,25,25
12366,2,174,174
12367,4,4,4
12368,1,125,125
12369,1,144,144
12370,0,48,23
12371,4,43,43
12372,3,47,47
12373,0,124,124
12374,0,29,29
12375,1,152,152
12376,0,32,32
12377,3,21,21
12378,1,51,51
12379,4,162,162
12380,2,52,52
12381,2,0,0
12382,1,27,27
12383,1,114,114
12384,4,0,0
12385,1,33,33
12386,3,12,12
12387,1,105,105
12388,2,62,62
12389,3,140,140
12390,0,134,134
12391,1,113,113
12392,2,88,88
12393,0,90,90
12394,4,102,102
12395,4,25,25
12396,1,122,122
12397,3,5,5
12398,0,0,0
12399,1,157,157
12400,3,113,113
12401,4,105,105
12402,1,127,127
12403,0,172,172
12404,4,122,122
12405,0,2,2
12406,1,24,11
12407,3,5,5
12408,2,38,38
12409,1,175,175
12410,2,50,50
12411,1,138,138
12412,3,8,8
12413,3,0,0
12414,3,116,116
12415,3,28,28
12416,0,72,72
12417,3,85,85
12418,1,51,51
12419,0,140,140
12420,3,21,21
12421,2,48,48
12422,2,24,24
12423,1,75,75
12424,4,163,163
12425,3,47,47
12426,3,53,53
12427,4,142,142
12428,1,113,113
12429,3,46,46
12430,4,155,155
12431,2,55,55
12432,4,126,126
12433,0,146,146
12434,3,106,106
12435,1,102,102
12436,4,74,74
12437,2,108,108
12438,3,123,123
12439,3,12,12
12440,3,142,142
12441,2,80,80
12442,1,63,63
12443,0,161,161
12444,3,73,73
12445,4,94,94
12446,2,1,1
12447,3,37,37
12448,0,29,29
12449,3,161,161
12450,3,40,40
12451,4,9,9
12452,2,3,3
12453,0,3,3
12454,0,122,122
12455,2,110,110
12456,3,19,19
12457,1,31,31
12458,0,75,75
12459,4,33,33
12460,0,58,58
12461,4,21,21
12462,0,31,31
12463,3,2,2
12464,4,96,96
12465,0,82,82
12466,0,25,25
12467,0,127,127
12468,4,71,71
12469,2,168,168
12470,1,108,108
12471,2,30,30
12472,3,24,24
12473,0,42,42
12474,3,0,0
12475,4,64,64
12476,2,51,51
12477,0,3,3
12478,4,90,90
12479,0,111,111
12480,4,152,152
12481,2,80,80
12482,4,17,17
12483,3,172,137
12484,3,1,1
12485,1,43,43
12486,3,167,167
12487,2,132,132
12488,3,103,103
12489,4,148,148
12490,3,0,0
12491,0,102,102
12492,2,108,108
12493,1,17,17
12494,2,163,163
12495,3,123,123
12496,3,123,123
12497,4,83,83
12498,4,117,117
12499,3,164,164
12500,0,113,113
12501,2,3,63
12502,0,172,172
12503,3,125,125
12504,2,1,1
12505,1,107,107
12506,1,76,76
12507,2,1,1
12508,3,42,42
12509,1,40,40
12510,2,169,169
12511,1,173,173
12512,2,47,47
12513,0,118,118
12514,4,8,8
12515,2,94,94
12516,4,116,116
12517,0,97,97
12518,1,6,6
12519,0,37,37
12520,3,7,7
12521,2,1,1
12522,1,75,75
12523,4,34,34
12524,3,6,6
12525,3,143,143
12526,2,28,28
12527,4,155,155
12528,4,3,3
12529,3,104,104
12530,1,10,10
12531,3,9,9
12532,1,115,115
12533,4,56,56
12534,0,32,32
12535,2,15,15
12536,2,1,1
12537,2,30,30
12538,1,86,86
12539,4,173,173
12540,1,21,21
12541,1,162,162
12542,2,137,137
12543,1,62,62
12544,3,114,114
12545,1,131,131
12546,4,73,158
12547,4,8,8
12548,0,46,46
12549,2,34,34
12550,1,146,146
12551,2,0,0
12552,3,173,173
12553,3,33,33
12554,0,128,128
12555,3,174,174
12556,1,22,22
12557,4,4,4
12558,2,41,41
12559,0,74,74
12560,1,158,158
12561,0,71,71
12562,2,37,37
12563,4,126,126
12564,3,103,103
12565,0,156,156
12566,0,159,159
12567,3,33,33
12568,2,29,29
12569,4,63,63
12570,3,3,3
12571,2,61,61
12572,4,153,153
12573,4,110,110
12574,4,10,10
12575,4,126,126
12576,2,51,51
12577,3,124,124
12578,2,46,46
12579,2,51,51
12580,3,23,23
12581,2,32,32
12582,3,129,129
12583,4,126,126
12584,4,77,77
12585,3,30,30
12586,1,162,162
12587,0,102,102
12588,3,24,24
12589,4,97,97
12590,4,175,175
12591,3,74,74
12592,0,162,162
12593,2,37,37
12594,1,50,50
12595,3,9,9
12596,2,149,149
12597,4,159,159
12598,4,136,136
12599,2,100,100
12600,4,17,17
12601,3,158,158
12602,0,148,148
12603,2,76,76
12604,3,69,69
12605,2,51,51
12606,4,24,24
12607,1,56,56
12608,1,143,143
12609,3,129,129
12610,0,143,143
12611,0,30,30
12612,1,15,15
12613,2,91,91
12614,1,16,16
12615,1,81,81
12616,3,168,168
12617,4,0,0
12618,4,105,105
12619,0,124,124
12620,1,136,136
12621,2,42,42
12622,4,5,5
12623,4,173,173
12624,2,44,44
12625,2,38,38
12626,2,2,2
12627,1,52,52
12628,0,22,22
12629,3,82,82
12630,2,51,51
12631,4,88,88
12632,1,104,143
12633,1,15,15
12634,2,56,56
12635,1,58,58
12636,1,20,20
12637,2,16,16
12638,4,7,7
12639,0,158,158
12640,1,71,71
12641,1,17,17
12642,1,119,119
12643,1,159,159
12644,0,28,28
12645,2,132,132
12646,0,146,146
12647,3,69,69
12648,1,169,169
12649,2,67,67
12650,1,151,151
12651,2,131,131
12652,3,148,148
12653,3,64,64
12654,0,24,24
12655,2,64,64
12656,0,174,174
12657,0,79,79
12658,1,113,113
12659,4,169,169
12660,1,61,61
12661,4,163,163
12662,3,13,13
12663,2,62,62
12664,3,43,43
12665,3,112,112
12666,2,154,154
12667,0,52,52
12668,2,146,146
12669,3,109,109
12670,1,171,171
12671,0,35,35
12672,4,63,63
12673,3,7,7
12674,3,6,6
12675,3,86,86
12676,3,152,152
12677,2,37,37
12678,4,32,32
12679,0,48,48
12680,0,145,145
12681,2,160,160
12682,0,12,12
12683,2,5,5
12684,1,117,117
12685,4,34,34
12686,3,99,99
12687,3,83,83
12688,1,83,83
12689,0,112,112
12690,0,69,69
12691,4,31,31
12692,4,52,52
12693,2,8,8
12694,3,156,156
12695,2,60,60
12696,2,157,157
12697,1,0,0
12698,3,127,127
12699,4,112,112
12700,1,159,159
12701,2,17,17
12702,4,59,59
12703,2,20,20
12704,0,131,131
12705,1,34,34
12706,1,94,94
12707,4,21,21
12708,0,97,97
12709,4,101,101
12710,1,167,167
12711,4,50,50
12712,1,102,102
12713,0,1,1
12714,4,101,101
12715,3,35,35
12716,3,116,116
12717,4,120,120
12718,3,3,63
12719,2,35,35
12720,4,153,153
12721,3,8,8
12722,1,171,171
12723,4,170,170
12724,1,7,7
12725,0,85,85
12726,4,163,163
12727,2,32,32
12728,2,167,167
12729,0,0,0
12730,1,147,147
12731,3,124,124
12732,1,169,169
12733,2,31,31
12734,3,29,29
12735,2,165,165
12736,2,37,37
12737,0,146,146
12738,0,153,153
12739,0,167,167
12740,4,79,104
12741,2,47,47
12742,1,14,14
12743,0,79,79
12744,2,30,30
12745,2,95,95
12746,3,61,61
12747,4,157,157
12748,2,165,165
12749,1,112,112
12750,1,82,82
12751,4,116,116
12752,4,150,150
12753,4,32,32
12754,0,78,78
12755,2,91,91
12756,1,13,13
12757,0,84,84
12758,1,90,90
12759,4,54,54
12760,1,35,35
12761,3,103,103
12762,2,50,50
12763,4,118,118
12764,4,134,134
12765,3,35,35
12766,2,41,41
12767,1,124,124
12768,1,89,89
12769,0,95,95
12770,1,160,160
12771,2,96,96
12772,4,84,84
12773,1,133,133
12774,1,174,174
12775,1,31,31
12776,2,21,21
12777,1,37,37
12778,2,14,14
12779,2,98,98
12780,3,75,75
12781,2,141,141
12782,4,41,41
12783,4,21,21
12784,4,78,78
12785,4,81,81
12786,2,6,6
12787,4,31,31
12788,3,45,45
12789,1,10,10
12790,0,81,81
12791,1,0,0
12792,4,27,27
12793,1,5,5
12794,1,126,126
12795,1,140,140
12796,0,52,52
12797,4,54,54
12798,4,9,9
12799,0,30,30
12800,1,122,122
12801,0,21,21
12802,4,101,101
12803,3,78,78
12804,1,132,132
12805,4,7,7
12806,1,120,120
12807,1,1,1
12808,2,47,47
12809,0,81,81
12810,4,133,133
12811,4,38,38
12812,1,163,163
12813,0,110,110
12814,0,72,72
12815,4,127,127
12816,1,0,0
12817,4,53,53
12818,3,174,174
12819,4,149,149
12820,4,168,168
12821,4,155,155
12822,0,142,142
12823,4,164,164
12824,3,7,7
12825,0,106,106
12826,4,134,134
12827,4,126,126
12828,3,148,148
12829,0,21,21
12830,3,41,41
12831,0,148,148
12832,1,172,172
12833,2,14,14
12834,3,87,87
12835,2,142,142
12836,0,53,53
12837,3,150,150
12838,3,19,19
12839,0,48,48
12840,3,16,16
12841,2,57,57
12842,2,55,55
12843,1,151,151
12844,3,131,131
12845,4,155,155
12846,0,142,142
12847,2,171,171
12848,3,4,4
12849,4,19,19
12850,1,107,107
12851,3,50,50
12852,2,22,22
12853,4,135,135
12854,1,56,60
12855,3,95,95
12856,0,73,73
12857,3,132,132
12858,2,41,41
12859,1,69,69
12860,2,7,7
12861,4,10,10
12862,4,88,88
12863,2,61,61
12864,0,64,64
12865,3,6,6
12866,4,161,161
12867,1,14,14
12868,1,14,14
12869,0,151,151
12870,0,157,157
12871,1,72,72
12872,0,153,153
12873,3,13,13
12874,2,127,127
12875,1,2,2
12876,3,2,2
12877,3,44,44
12878,4,68,68
12879,0,22,22
12880,4,7,7
12881,4,137,137
12882,2,119,119
12883,2,86,86
12884,4,23,23
12885,1,144,144
12886,0,39,39
12887,1,10,10
12888,1,80,80
12889,0,44,44
12890,0,114,114
12891,3,155,155
12892,1,56,56
12893,2,139,139
12894,3,8,8
12895,3,129,129
12896,0,158,158
12897,1,154,154
12898,2,136,136
12899,4,51,51
12900,1,148,148
12901,0,104,79
12902,2,154,154
12903,1,135,135
12904,3,20,20
12905,4,156,156
12906,3,70,70
12907,3,6,6
12908,2,173,173
12909,1,21,21
12910,3,20,20
12911,3,55,55
12912,4,164,164
12913,4,50,50
12914,3,163,163
12915,4,154,154
12916,1,14,14
12917,2,90,90
12918,0,114,114
12919,3,136,136
12920,2,113,113
12921,2,43,43
12922,2,1,1
12923,2,77,77
12924,0,61,61
12925,0,85,85
12926,2,39,39
12927,1,54,54
12928,2,96,96
12929,2,24,24
12930,4,61,61
12931,1,1,1
12932,2,88,88
12933,4,147,147
12934,4,174,174
12935,3,117,117
12936,3,146,146
12937,4,155,155
12938,4,154,154
12939,0,151,151
12940,4,68,68
12941,0,40,40
12942,2,104,104
12943,3,121,121
12944,2,66,66
12945,1,105,105
12946,3,82,82
12947,1,8,8
12948,2,69,69
12949,2,106,106
12950,1,125,125
12951,4,145,145
12952,3,133,133
12953,4,4,4
12954,1,36,36
12955,1,150,150
12956,2,127,127
12957,3,86,86
12958,4,169,169
12959,1,161,161
12960,2,147,147
12961,0,113,113
12962,0,81,81
12963,2,161,161
12964,2,13,13
12965,1,16,16
12966,0,20,20
12967,4,43,43
12968,2,135,135
12969,0,104,104
12970,0,67,67
12971,2,164,164
12972,1,17,17
12973,2,32,32
12974,2,81,81
12975,2,27,27
12976,1,97,97
12977,4,6,6
12978,1,52,52
12979,1,67,67
12980,0,174,174
12981,4,66,66
12982,4,100,100
12983,3,113,113
12984,0,59,59
12985,3,131,131
12986,3,68,68
12987,3,102,102
12988,4,107,107
12989,0,21,21
12990,4,67,67
12991,1,101,101
12992,2,50,50
12993,4,1,1
12994,1,145,145
12995,4,113,113
12996,4,45,45
12997,2,129,129
12998,1,106,106
12999,2,91,91
13000,4,67,67
13001,3,88,88
13002,4,98,98
13003,4,166,166
13004,2,3,3
13005,3,31,31
13006,1,43,43
13007,1,94,94
13008,0,60,60
13009,2,3,70
13010,0,92,92
13011,4,109,109
13012,4,133,133
13013,1,74,74
13014,3,61,61
13015,2,111,111
13016,1,69,69
13017,0,107,107
13018,1,137,137
13019,0,11,24
13020,4,149,149
13021,0,25,25
13022,0,98,98
13023,2,128,128
13024,0,126,126
13025,3,30,30
13026,4,128,128
13027,4,106,106
13028,1,69,69
13029,1,2,2
13030,4,96,96
13031,2,27,27
13032,2,107,107
13033,4,30,30
13034,2,136,136
13035,1,88,88
13036,0,8,8
13037,3,14,14
13038,2,175,175
13039,0,129,129
13040,2,141,141
13041,3,132,132
13042,2,135,135
13043,0,138,138
13044,4,149,149
13045,4,167,167
13046,2,13,13
13047,1,168,168
13048,1,50,50
13049,1,114,114
13050,4,3,63
13051,4,45,45
13052,3,105,64
13053,2,112,112
13054,0,0,0
13055,1,165,165
13056,3,48,48
13057,3,169,169
13058,0,154,154
13059,0,46,46
13060,0,130,130
13061,3,45,45
13062,1,138,138
13063,4,89,89
13064,4,1,1
13065,3,65,65
13066,2,83,83
13067,4,77,77
13068,0,146,146
13069,2,133,133
13070,4,135,135
13071,3,31,31
13072,0,1,1
13073,4,89,89
13074,1,60,114
13075,0,75,75
13076,1,57,57
13077,3,76,76
13078,1,145,145
13079,0,81,81
13080,3,167,167
13081,0,41,41
13082,2,54,54
13083,4,2,2
13084,1,7,7
13085,0,164,164
13086,2,147,147
13087,4,146,146
13088,1,151,151
13089,4,1,1
13090,4,94,94
13091,3,159,159
13092,0,85,85
13093,3,121,121
13094,4,162,162
13095,1,154,154
13096,4,38,38
13097,3,71,71
13098,1,27,27
13099,3,76,76
13100,4,69,69
13101,1,40,40
13102,3,118,118
13103,4,39,39
13104,2,100,100
13105,0,59,59
13106,2,9,9
13107,1,17,17
13108,4,134,134
13109,0,135,135
13110,0,21,21
13111,2,35,35
13112,0,170,170
13113,1,155,155
13114,2,19,19
13115,4,141,141
13116,2,58,58
13117,2,17,17
13118,0,136,136
13119,3,27,27
13120,2,102,102
13121,3,110,110
13122,0,162,162
13123,2,1,1
13124,4,143,143
13125,1,47,47
13126,1,12,12
13127,4,60,60
13128,3,12,12
13129,0,157,157
13130,1,17,17
13131,2,44,44
13132,1,44,44
13133,0,105,105
13134,1,111,111
13135,2,45,45
13136,0,117,117
13137,4,99,99
13138,3,101,101
13139,1,81,81
13140,1,39,39
13141,3,68,68
13142,0,100,100
13143,2,14,14
13144,0,140,140
13145,2,124,98
13146,3,1,1
13147,4,17,17
13148,2,27,27
13149,1,85,85
13150,4,158,158
13151,1,77,77
13152,3,151,151
13153,1,11,11
13154,0,3,3
13155,1,151,151
13156,4,149,149
13157,1,103,103
13158,4,141,141
13159,4,74,74
13160,0,84,84
13161,3,73,73
13162,1,67,67
13163,3,2,2
13164,4,76,76
13165,1,33,33
13166,3,22,22
13167,3,65,65
13168,2,10,10
13169,1,117,117
13170,0,172,172
13171,4,29,29
13172,0,137,137
13173,2,49,49
13174,3,92,92
13175,2,167,167
13176,1,2,2
13177,2,81,81
13178,0,111,111
13179,4,112,112
13180,4,43,43
13181,4,162,8
13182,3,41,41
13183,2,140,140
13184,0,102,102
13185,4,34,34
13186,3,1,1
13187,0,125,125
13188,2,64,64
13189,4,5,5
13190,3,140,140
13191,2,76,76
13192,4,145,145
13193,4,148,148
13194,4,117,117
13195,1,44,44
13196,1,45,45
13197,1,23,23
13198,2,110,110
13199,3,1,1
13200,4,171,171
13201,0,93,93
13202,2,32,32
13203,0,51,51
13204,3,47,47
13205,4,4,4
13206,3,113,113
13207,2,1,1
13208,2,52,52
13209,4,116,116
13210,0,99,99
13211,3,18,18
13212,3,165,165
13213,1,142,142
13214,3,143,143
13215,2,166,166
13216,1,78,78
13217,0,84,84
13218,0,82,82
13219,1,27,27
13220,2,136,136
13221,2,4,4
13222,0,144,144
13223,1,155,155
13224,1,129,129
13225,1,45,45
13226,2,5,5
13227,3,53,53
13228,1,17,17
13229,4,2,2
13230,4,147,147
13231,0,51,51
13232,3,38,38
13233,4,121,121
13234,4,159,159
13235,3,2,2
13236,1,118,118
13237,2,46,46
13238,1,95,95
13239,4,29,29
13240,2,60,60
13241,1,94,94
13242,2,104,104
13243,1,47,47
13244,2,51,51
13245,4,48,48
13246,2,84,84
13247,4,124,124
13248,2,98,98
13249,2,149,149
13250,4,122,122
13251,0,92,92
13252,4,154,154
13253,3,173,173
13254,0,173,173
13255,2,1,1
13256,3,145,145
13257,1,150,150
13258,4,103,103
13259,3,81,81
13260,2,8,8
13261,1,74,151
13262,1,51,51
13263,3,130,130
13264,0,122,122
13265,4,163,163
13266,3,29,29
13267,4,117,117
13268,4,96,96
13269,0,84,84
13270,3,8,8
13271,4,159,159
13272,2,147,147
13273,3,86,86
13274,2,97,97
13275,3,126,126
13276,3,136,136
13277,3,29,141
13278,4,66,66
13279,0,83,83
13280,1,115,115
13281,3,101,101
13282,0,48,48
13283,1,142,142
13284,1,40,40
13285,0,59,59
13286,4,132,132
13287,4,140,140
13288,0,65,65
13289,0,3,3
13290,3,169,169
13291,1,114,114
13292,0,16,16
13293,4,166,166
13294,2,112,112
13295,0,80,80
13296,0,118,118
13297,4,92,92
13298,3,77,77
13299,2,134,134
13300,2,140,140
13301,3,30,30
13302,3,154,154
13303,4,3,70
13304,0,130,130
13305,3,16,16
13306,4,75,75
13307,0,169,169
13308,3,84,84
13309,4,148,148
13310,0,167,167
13311,0,123,123
13312,3,29,29
13313,0,8,8
13314,1,101,101
13315,3,124,124
13316,1,70,70
13317,3,144,144
13318,1,92,92
13319,3,136,136
13320,3,18,18
13321,3,68,68
13322,3,173,173
13323,3,107,107
13324,0,38,38
13325,2,20,20
13326,0,68,68
13327,2,21,21
13328,4,138,138
13329,0,5,5
13330,3,99,99
13331,2,152,152
13332,2,72,72
13333,3,149,149
13334,0,117,117
13335,4,93,93
13336,3,107,107
13337,1,97,97
13338,0,125,125
13339,0,96,96
13340,1,157,157
13341,4,40,40
13342,2,116,116
13343,1,143,143
13344,2,65,65
13345,2,33,33
13346,1,123,123
13347,0,54,54
13348,4,93,93
13349,1,96,96
13350,1,85,85
13351,2,150,150
13352,4,103,103
13353,2,65,65
13354,2,46,46
13355,2,1,1
13356,2,159,159
13357,1,65,65
13358,0,115,115
13359,4,129,129
13360,4,34,34
13361,3,138,138
13362,0,116,116
13363,0,84,84
13364,0,154,154
13365,4,148,148
13366,4,129,129
13367,4,80,80
13368,0,0,0
13369,2,70,70
13370,4,7,7
13371,3,43,43
13372,3,163,163
13373,2,61,61
13374,2,103,103
13375,4,110,110
13376,1,158,158
13377,0,0,0
13378,0,116,116
13379,3,7,7
13380,2,0,0
13381,4,58,58
13382,1,53,53
13383,1,128,128
13384,2,68,68
13385,0,66,66
13386,1,18,18
13387,0,166,166
13388,0,35,35
13389,1,155,155
13390,4,161,161
13391,3,160,160
13392,4,70,70
13393,2,37,37
13394,1,61,61
13395,0,152,152
13396,4,47,47
13397,2,60,60
13398,4,85,85
13399,3,168,168
13400,4,50,50
13401,4,150,150
13402,2,127,127
13403,0,48,48
13404,3,163,163
13405,1,148,148
13406,3,74,74
13407,4,134,134
13408,2,104,79
13409,2,29,29
13410,0,122,122
13411,3,92,92
13412,0,1,1
13413,0,21,21
13414,4,32,32
13415,0,37,37
13416,3,141,141
13417,3,48,48
13418,1,49,49
13419,4,53,53
13420,0,63,63
13421,0,98,98
13422,0,30,30
13423,1,57,57
13424,2,96,96
13425,3,130,130
13426,2,58,58
13427,4,53,53
13428,2,101,101
13429,2,82,82
13430,3,36,36
13431,1,34,34
13432,0,71,71
13433,2,132,132
13434,3,15,15
13435,1,31,31
13436,2,2,2
13437,4,24,24
13438,4,64,105
13439,0,134,134
13440,4,160,160
13441,2,7,7
13442,4,8,8
13443,0,0,0
13444,0,22,22
13445,2,93,93
13446,0,122,122
13447,2,166,166
13448,4,82,82
13449,2,140,140
13450,3,52,52
13451,0,140,140
13452,2,142,142
13453,4,163,163
13454,4,44,44
13455,3,34,34
13456,1,13,13
13457,1,120,120
13458,0,174,174
13459,3,59,59
13460,4,171,171
13461,4,121,121
13462,3,5,5
13463,1,29,29
13464,2,125,125
13465,1,85,85
13466,4,29,29
13467,4,0,0
13468,3,84,84
13469,0,72,72
13470,2,46,46
13471,1,56,56
13472,4,56,56
13473,1,97,97
13474,0,11,24
13475,3,158,158
13476,0,55,55
13477,2,3,3
13478,3,10,10
13479,2,105,105
13480,3,156,156
13481,3,63,63
13482,3,49,49
13483,3,95,173
13484,3,69,69
13485,4,24,24
13486,1,16,16
13487,3,45,45
13488,1,121,121
13489,4,48,48
13490,3,116,116
13491,1,95,95
13492,2,68,68
13493,0,114,114
13494,1,98,98
13495,1,103,103
13496,3,159,159
13497,4,99,99
13498,2,45,45
13499,3,174,174
13500,1,169,169
13501,2,64,64
13502,4,68,68
13503,1,13,13
13504,0,124,124
13505,1,71,71
13506,0,106,106
13507,0,73,73
13508,2,146,146
13509,1,88,88
13510,4,60,60
13511,1,71,71
13512,3,17,17
13513,0,48,48
13514,3,122,122
13515,4,92,92
13516,3,26,26
13517,3,39,39
13518,2,109,109
13519,1,4,4
13520,2,101,101
13521,1,20,20
13522,4,0,0
13523,0,91,91
13524,4,93,93
13525,1,21,21
13526,3,37,37
13527,4,1,1
13528,3,97,97
13529,3,83,83
13530,1,165,165
13531,2,97,97
13532,4,70,3
13533,3,159,159
13534,4,45,45
13535,1,86,86
13536,0,53,53
13537,2,113,113
13538,3,169,169
13539,0,127,127
13540,3,117,117
13541,0,111,111
13542,3,115,115
13543,0,123,123
13544,2,15,15
13545,0,103,103
13546,3,0,0
13547,2,40,40
13548,3,22,22
13549,2,48,48
13550,2,13,13
13551,4,24,24
13552,2,109,109
13553,4,95,95
13554,4,68,68
13555,0,123,74
13556,1,112,112
13557,3,63,63
13558,0,48,48
13559,0,143,143
13560,0,12,12
13561,0,63,63
13562,4,3,3
13563,2,155,155
13564,4,145,145
13565,3,153,153
13566,3,27,27
13567,3,121,121
13568,0,87,87
13569,4,124,124
13570,3,62,62
13571,2,162,162
13572,2,19,19
13573,4,47,47
13574,1,148,148
13575,0,150,150
13576,4,109,109
13577,1,159,159
13578,3,130,130
13579,0,134,134
13580,4,168,168
13581,0,135,135
13582,4,28,28
13583,4,100,100
13584,4,3,70
13585,3,90,90
13586,3,5,5
13587,4,21,21
13588,3,59,59
13589,1,13,13
13590,3,0,0
13591,3,58,58
13592,2,36,36
13593,2,9,9
13594,4,16,16
13595,1,87,87
13596,3,63,63
13597,3,135,135
13598,1,46,46
13599,0,132,132
13600,4,111,111
13601,2,66,66
13602,2,139,139
13603,1,84,84
13604,3,126,126
13605,2,84,84
13606,3,58,58
13607,1,9,9
13608,3,4,4
13609,1,59,59
13610,0,157,157
13611,1,170,170
13612,3,34,34
13613,3,120,120
13614,4,19,19
13615,1,68,68
13616,2,96,96
13617,0,55,55
13618,1,108,108
13619,1,100,100
13620,0,96,96
13621,3,81,81
13622,2,74,74
13623,2,46,46
13624,3,132,132
13625,2,61,61
13626,4,14,14
13627,1,103,103
13628,2,94,94
13629,1,45,45
13630,1,99,99
13631,3,88,88
13632,1,98,98
13633,1,89,89
13634,3,14,14
13635,1,21,21
13636,2,119,119
13637,2,171,171
13638,4,112,112
13639,0,29,29
13640,3,159,159
13641,4,12,12
13642,3,94,94
13643,4,91,91
13644,1,171,171
13645,2,3,63
13646,4,63,3
13647,2,91,91
13648,0,18,18
13649,3,30,30
13650,2,62,62
13651,3,174,174
13652,2,33,33
13653,3,73,73
13654,3,96,96
13655,4,22,22
13656,0,140,140
13657,2,133,133
13658,0,136,136
13659,2,3,3
13660,0,158,158
13661,2,138,138
13662,0,62,62
13663,0,63,63
13664,2,13,13
13665,2,19,19
13666,1,1,1
13667,2,87,87
13668,4,36,36
13669,1,106,106
13670,4,66,66
13671,0,93,93
13672,0,114,114
13673,0,22,22
13674,3,108,108
13675,0,36,36
13676,3,52,52
13677,0,43,43
13678,0,163,163
13679,4,115,115
13680,4,101,101
13681,2,135,135
13682,2,116,116
13683,0,95,95
13684,2,44,44
13685,1,153,153
13686,2,55,55
13687,4,140,140
13688,1,79,79
13689,0,102,102
13690,4,107,107
13691,4,14,14
13692,2,120,120
13693,0,41,41
13694,3,28,28
13695,4,84,84
13696,4,42,42
13697,2,6,6
13698,0,37,37
13699,1,103,103
13700,0,7,7
13701,2,24,24
13702,2,12,12
13703,1,59,59
13704,4,0,0
13705,4,113,113
13706,4,80,80
13707,3,123,123
13708,2,120,120
13709,4,70,70
13710,2,107,107
13711,2,137,137
13712,2,57,57
13713,1,7,7
13714,1,109,109
13715,4,2,2
13716,4,63,3
13717,1,25,25
13718,2,21,21
13719,2,143,143
13720,2,114,114
13721,3,21,21
13722,3,0,0
13723,3,89,89
13724,1,14,14
13725,4,174,174
13726,0,143,143
13727,1,32,32
13728,0,152,152
13729,1,124,124
13730,3,16,16
13731,2,57,57
13732,4,172,172
13733,2,144,144
13734,3,5,5
13735,2,159,159
13736,1,30,30
13737,2,37,37
13738,2,31,31
13739,4,34,34
13740,4,75,75
13741,4,17,17
13742,3,77,77
13743,0,97,97
13744,4,68,68
13745,4,166,166
13746,2,105,105
13747,2,59,59
13748,4,61,61
13749,2,88,88
13750,3,160,160
13751,2,76,76
13752,3,103,103
13753,3,143,143
13754,4,55,55
13755,1,125,125
13756,2,40,40
13757,1,61,61
13758,1,147,147
13759,4,172,172
13760,1,6,6
13761,0,6,6
13762,0,128,128
13763,4,92,92
13764,1,62,62
13765,0,148,148
13766,0,116,116
13767,2,0,0
13768,1,120,120
13769,3,1,1
13770,3,94,94
13771,3,125,125
13772,3,4,4
13773,0,29,29
13774,3,44,44
13775,1,125,125
13776,2,145,145
13777,4,49,49
13778,0,45,45
13779,3,26,26
13780,4,109,109
13781,0,150,150
13782,0,109,109
13783,0,110,110
13784,0,43,43
13785,3,140,140
13786,1,27,27
13787,1,44,44
13788,3,11,11
13789,0,39,39
13790,0,19,19
13791,4,22,22
13792,1,147,147
13793,4,19,19
13794,2,14,14
13795,3,58,58
13796,0,135,135
13797,0,123,123
13798,4,153,153
13799,2,110,110
13800,2,97,97
13801,1,31,31
13802,0,107,107
13803,4,169,169
13804,1,122,122
13805,4,20,20
13806,0,28,28
13807,0,67,67
13808,3,139,139
13809,1,1,1
13810,4,48,48
13811,4,158,158
13812,3,137,137
13813,3,40,40
13814,3,87,87
13815,4,168,168
13816,3,142,142
13817,2,142,142
13818,0,173,173
13819,2,114,114
13820,0,160,160
13821,2,24,24
13822,1,7,7
13823,3,167,167
13824,4,50,50
13825,4,79,79
13826,1,166,166
13827,1,5,5
13828,3,93,93
13829,0,32,32
13830,2,17,17
13831,4,41,41
13832,1,140,140
13833,1,10,10
13834,0,65,65
13835,2,97,97
13836,4,6,6
13837,2,0,0
13838,1,59,59
13839,4,40,40
13840,0,48,48
13841,0,12,12
13842,2,129,129
13843,0,111,111
13844,2,7,7
13845,4,29,29
13846,1,38,38
13847,3,161,161
13848,1,47,47
13849,0,152,152
13850,1,47,47
13851,4,89,89
13852,1,52,52
13853,2,10,10
13854,2,10,10
13855,1,138,138
13856,4,82,82
13857,1,29,29
13858,2,104,104
13859,4,4,4
13860,3,19,19
13861,3,69,69
13862,1,60,60
13863,1,107,107
13864,1,59,59
13865,2,13,13
13866,0,14,14
13867,4,117,117
13868,0,57,57
13869,0,37,37
13870,4,76,76
13871,1,168,168
13872,2,132,132
13873,3,87,87
13874,4,102,102
13875,0,34,34
13876,1,77,77
13877,4,19,19
13878,4,159,159
13879,2,4,4
13880,4,12,12
13881,2,110,110
13882,0,115,115
13883,4,0,0
13884,0,3,3
13885,3,161,161
13886,3,123,123
13887,1,99,99
13888,0,72,72
13889,2,13,13
13890,3,92,92
13891,1,8,8
13892,3,44,44
13893,0,147,147
13894,4,18,18
13895,0,110,110
13896,4,64,168
13897,2,141,141
13898,2,36,36
13899,1,9,132
13900,1,59,59
13901,0,43,43
13902,1,152,152
13903,0,125,125
13904,2,125,125
13905,1,72,72
13906,0,108,108
13907,2,59,59
13908,2,46,46
13909,1,88,88
13910,3,86,86
13911,1,114,114
13912,3,82,82
13913,0,17,17
13914,3,82,82
13915,1,41,41
13916,0,83,83
13917,4,21,21
13918,2,164,164
13919,4,41,41
13920,3,66,66
13921,0,58,58
13922,4,15,15
13923,2,147,147
13924,1,82,82
13925,0,16,16
13926,1,122,122
13927,3,76,76
13928,3,48,48
13929,3,166,166
13930,1,25,25
13931,2,1,1
13932,2,36,36
13933,0,72,72
13934,3,99,99
13935,4,127,127
13936,2,31,31
13937,1,118,118
13938,1,5,5
13939,0,1,1
13940,0,10,10
13941,3,16,16
13942,0,42,42
13943,1,66,66
13944,0,45,45
13945,1,165,165
13946,3,82,82
13947,2,6,6
13948,0,95,95
13949,4,175,175
13950,4,109,109
13951,1,18,18
13952,3,152,152
13953,1,46,46
13954,2,86,86
13955,3,75,75
13956,1,57,57
13957,4,121,121
13958,2,58,58
13959,2,96,96
13960,4,168,168
13961,3,47,47
13962,3,109,109
13963,4,4,4
13964,3,123,123
13965,1,50,50
13966,3,54,54
13967,1,60,60
13968,1,153,153
13969,3,57,57
13970,2,81,81
13971,3,71,71
13972,0,175,175
13973,2,60,60
13974,4,78,78
13975,2,130,130
13976,1,93,93
13977,1,38,38
13978,1,34,34
13979,1,50,50
13980,3,165,165
13981,0,61,61
13982,2,53,53
13983,2,50,50
13984,4,79,79
13985,1,57,57
13986,2,94,94
13987,0,108,108
13988,1,157,157
13989,4,172,172
13990,0,98,98
13991,0,159,159
13992,0,43,43
13993,4,14,14
13994,4,149,149
13995,3,46,46
13996,4,58,58
13997,1,24,24
13998,1,76,76
13999,0,29,29
14000,4,127,127
14001,1,134,134
14002,0,118,118
14003,4,69,69
14004,0,87,87
14005,4,8,8
14006,1,1,1
14007,2,64,64
14008,3,5,5
14009,2,117,117
14010,3,113,113
14011,0,106,106
14012,1,24,11
14013,0,73,73
14014,0,13,13
14015,1,90,90
14016,3,91,91
14017,1,85,85
14018,3,0,0
14019,2,153,153
14020,1,166,166
14021,0,108,108
14022,1,84,84
14023,0,168,168
14024,4,98,91
14025,1,145,145
14026,0,134,134
14027,2,71,71
14028,3,135,135
14029,4,74,74
14030,1,151,151
14031,3,51,51
14032,4,128,128
14033,0,12,172
14034,4,72,72
14035,3,152,152
14036,2,37,37
14037,1,126,126
14038,2,160,160
14039,4,144,144
14040,2,1,1
14041,0,152,152
14042,2,45,45
14043,4,169,169
14044,0,49,49
14045,0,34,34
14046,4,111,111
14047,2,93,93
14048,1,146,146
14049,0,19,19
14050,3,62,62
14051,1,24,11
14052,2,81,81
14053,4,77,77
14054,2,173,173
14055,0,31,31
14056,3,34,34
14057,4,3,3
14058,1,100,100
14059,2,40,40
14060,3,31,31
14061,2,22,22
14062,0,61,61
14063,0,159,159
14064,3,51,51
14065,2,23,23
14066,3,96,96
14067,4,108,108
14068,4,24,24
14069,1,126,126
14070,0,116,116
14071,4,23,23
14072,3,40,40
14073,0,61,61
14074,0,118,114
14075,3,82,82
14076,2,22,22
14077,4,88,88
14078,0,24,24
14079,0,45,45
14080,1,56,56
14081,0,112,112
14082,4,171,171
14083,3,16,16
14084,2,1,1
14085,2,122,122
14086,0,142,142
14087,0,126,126
14088,4,63,63
14089,1,12,12
14090,2,9,9
14091,4,0,0
14092,4,87,87
14093,0,3,3
14094,4,58,58
14095,0,150,150
14096,4,12,12
14097,0,75,75
14098,4,169,169
14099,3,172,172
14100,4,77,77
14101,4,0,0
14102,0,143,143
14103,0,146,146
14104,3,2,2
14105,0,6,6
14106,4,12,12
14107,1,118,118
14108,4,14,14
14109,2,29,29
14110,4,114,114
14111,0,94,94
14112,3,10,10
14113,3,81,81
14114,1,40,40
14115,1,2,2
14116,1,126,126
14117,3,78,78
14118,4,77,77
14119,2,50,50
14120,4,167,167
14121,3,67,67
14122,4,122,122
14123,0,149,149
14124,1,152,152
14125,1,24,11
14126,2,150,150
14127,0,12,12
14128,3,152,152
14129,3,75,75
14130,3,7,7
14131,4,144,144
14132,1,149,149
14133,4,174,174
14134,0,66,66
14135,4,162,162
14136,3,18,18
14137,3,32,32
14138,1,114,114
14139,1,44,44
14140,1,138,138
14141,4,145,145
14142,2,7,7
14143,0,126,126
14144,3,119,119
14145,4,40,40
14146,3,47,47
14147,1,43,43
14148,3,160,160
14149,0,159,159
14150,1,129,129
14151,3,115,115
14152,1,65,65
14153,0,1,1
14154,3,8,8
14155,2,164,164
14156,1,111,111
14157,1,56,56
14158,3,69,69
14159,3,66,66
14160,0,40,40
14161,2,131,131
14162,0,161,161
14163,2,58,58
14164,2,1,1
14165,4,61,61
14166,3,173,173
14167,0,97,97
14168,3,157,157
14169,1,43,43
14170,1,114,114
14171,0,90,90
14172,3,79,79
14173,4,76,76
14174,4,18,18
14175,3,110,45
14176,2,21,21
14177,1,123,123
14178,0,139,139
14179,4,128,128
14180,1,20,20
14181,4,131,131
14182,2,155,155
14183,1,14,14
14184,0,57,57
14185,2,19,19
14186,3,46,46
14187,1,61,61
14188,4,84,84
14189,2,10,10
14190,4,145,145
14191,0,170,170
14192,4,98,98
14193,2,86,86
14194,1,9,9
14195,0,39,39
14196,4,59,59
14197,2,40,40
14198,1,84,105
14199,3,38,38
14200,0,61,61
14201,1,25,25
14202,0,10,10
14203,3,16,16
14204,1,39,39
14205,2,124,124
14206,2,122,122
14207,1,50,50
14208,2,12,12
14209,1,31,31
14210,3,0,0
14211,4,123,123
14212,4,160,160
14213,1,142,142
14214,0,1,1
14215,3,129,129
14216,2,103,103
14217,1,112,112
14218,1,45,45
14219,3,60,60
14220,2,152,152
14221,2,65,65
14222,2,99,99
14223,0,170,170
14224,4,32,32
14225,0,6,6
14226,0,57,57
14227,3,145,145
14228,3,94,94
14229,2,145,145
14230,2,21,21
14231,4,29,29
14232,1,153,153
14233,4,68,68
14234,1,21,21
14235,3,61,61
14236,4,70,70
14237,0,96,96
14238,2,25,25
14239,2,20,20
14240,2,160,160
14241,0,20,20
14242,3,51,51
14243,0,165,165
14244,2,61,61
14245,3,88,88
14246,1,24,24
14247,3,2,2
14248,3,52,52
14249,2,131,131
14250,4,110,110
14251,2,2,2
14252,3,128,128
14253,4,53,53
14254,0,93,93
14255,1,65,65
14256,0,79,104
14257,1,90,90
14258,4,23,23
14259,1,86,86
14260,4,130,130
14261,3,14,14
14262,0,93,93
14263,0,135,135
14264,4,47,47
14265,2,0,0
14266,3,151,151
14267,4,8,8
14268,3,115,115
14269,0,68,68
14270,2,96,96
14271,4,44,44
14272,1,74,74
14273,1,15,15
14274,2,31,31
14275,3,87,87
14276,2,2,2
14277,1,139,139
14278,0,27,27
14279,1,61,61
14280,0,115,115
14281,3,2,2
14282,4,151,151
14283,1,4,4
14284,3,130,130
14285,0,162,162
14286,4,76,53
14287,1,17,17
14288,0,121,121
14289,1,118,118
14290,2,31,31
14291,0,51,51
14292,2,175,175
14293,2,45,45
14294,2,59,59
14295,0,115,115
14296,1,7,7
14297,1,66,66
14298,3,19,19
14299,2,12,12
14300,2,1,1
14301,0,28,28
14302,3,97,97
14303,2,91,91
14304,2,53,53
14305,3,155,155
14306,4,85,85
14307,2,118,118
14308,4,136,136
14309,3,46,46
14310,1,21,21
14311,2,132,132
14312,0,151,151
14313,3,165,165
14314,0,78,78
14315,4,135,135
14316,0,23,23
14317,2,96,96
14318,4,174,174
14319,3,93,93
14320,1,119,119
14321,2,0,0
14322,4,68,68
14323,3,142,142
14324,1,113,113
14325,0,31,31
14326,4,73,73
14327,1,17,17
14328,3,83,83
14329,2,85,85
14330,2,60,60
14331,4,126,126
14332,4,140,140
14333,3,28,28
14334,2,44,44
14335,1,1,1
14336,2,74,74
14337,0,43,43
14338,2,25,25
14339,3,45,45
14340,4,137,137
14341,2,49,49
14342,1,39,39
14343,4,28,28
14344,0,54,54
14345,3,20,20
14346,4,45,45
14347,1,174,174
14348,3,84,84
14349,3,146,146
14350,0,27,27
14351,2,80,80
14352,3,56,56
14353,1,26,26
14354,1,134,85
14355,0,110,110
14356,4,58,58
14357,3,49,49
14358,1,17,17
14359,3,133,133
14360,1,30,30
14361,2,99,99
14362,3,136,136
14363,3,112,112
14364,1,83,83
14365,1,49,49
14366,0,58,58
14367,0,55,55
14368,4,106,106
14369,0,5,5
14370,4,140,140
14371,1,152,152
14372,0,111,111
14373,1,1,1
14374,0,0,0
14375,3,121,121
14376,1,57,57
14377,1,122,122
14378,3,140,140
14379,3,76,76
14380,4,19,19
14381,2,86,86
14382,4,11,11
14383,2,53,53
14384,1,41,41
14385,1,11,11
14386,2,36,36
14387,4,34,34
14388,4,99,99
14389,4,69,69
14390,0,130,130
14391,0,39,39
14392,4,65,65
14393,0,58,58
14394,1,122,122
14395,3,98,98
14396,3,79,79
14397,3,52,52
14398,0,51,51
14399,1,153,153
14400,2,64,64
14401,0,34,34
14402,4,92,92
14403,3,102,102
14404,3,126,126
14405,2,4,4
14406,0,141,141
14407,0,30,30
14408,0,171,171
14409,1,18,18
14410,1,175,175
14411,2,19,19
14412,4,20,20
14413,1,11,11
14414,4,3,3
14415,3,66,66
14416,3,171,171
14417,2,145,145
14418,1,92,92
14419,3,13,13
14420,0,168,168
14421,3,26,26
14422,4,17,17
14423,0,38,38
14424,2,86,86
14425,1,169,169
14426,2,21,21
14427,4,42,42
14428,3,12,12
14429,3,16,16
14430,2,51,51
14431,3,33,33
14432,1,75,75
14433,1,36,36
14434,3,134,134
14435,2,88,88
14436,3,133,133
14437,0,21,21
14438,0,164,164
14439,0,148,148
14440,0,64,64
14441,0,117,117
14442,3,0,0
14443,0,104,104
14444,1,143,143
14445,2,72,72
14446,3,70,3
14447,2,22,22
14448,4,57,57
14449,4,125,125
14450,0,54,54
14451,0,63,63
14452,1,126,126
14453,3,69,69
14454,3,31,31
14455,0,79,79
14456,2,161,161
14457,1,142,142
14458,1,153,153
14459,0,120,120
14460,1,153,153
14461,4,89,89
14462,0,169,169
14463,0,49,49
14464,0,24,24
14465,1,42,42
14466,4,34,34
14467,4,110,110
14468,4,55,55
14469,3,5,5
14470,3,7,7
14471,0,68,68
14472,4,79,79
14473,3,162,162
14474,4,1,1
14475,0,137,137
14476,4,71,71
14477,2,75,75
14478,2,41,41
14479,0,14,14
14480,3,131,131
14481,1,24,24
14482,2,89,89
14483,0,145,145
14484,2,110,110
14485,1,82,82
14486,2,154,154
14487,4,134,134
14488,3,7,7
14489,4,13,13
14490,1,15,15
14491,1,56,56
14492,4,118,118
14493,3,169,169
14494,1,157,157
14495,2,113,113
14496,2,62,62
14497,0,159,159
14498,0,47,47
14499,4,8,8
14500,0,100,100
14501,1,19,19
14502,0,4,4
14503,0,138,138
14504,0,131,131
14505,3,88,88
14506,0,72,72
14507,2,112,112
14508,1,102,102
14509,3,151,151
14510,0,11,24
14511,4,75,75
14512,2,0,0
14513,0,19,19
14514,2,51,51
14515,3,163,163
14516,2,167,167
14517,0,56,56
14518,3,147,147
14519,0,67,67
14520,0,103,103
14521,4,149,149
14522,4,10,10
14523,4,110,110
14524,1,100,100
14525,0,23,23
14526,3,175,175
14527,1,46,46
14528,1,23,23
14529,0,17,17
14530,4,139,139
14531,3,171,171
14532,2,53,53
14533,1,43,43
14534,1,127,127
14535,1,60,114
14536,1,104,104
14537,0,23,23
14538,1,121,121
14539,1,30,30
14540,1,108,108
14541,4,112,112
14542,4,103,103
14543,4,83,119
14544,4,22,22
14545,4,137,137
14546,0,7,7
14547,0,54,54
14548,0,2,2
14549,0,155,155
14550,3,90,90
14551,3,90,90
14552,4,143,143
14553,0,26,26
14554,0,94,94
14555,2,108,108
14556,0,40,40
14557,2,157,157
14558,1,138,138
14559,1,78,78
14560,3,171,171
14561,3,33,33
14562,1,68,68
14563,3,150,150
14564,3,157,157
14565,0,57,57
14566,4,96,96
14567,1,3,63
14568,2,148,148
14569,4,15,15
14570,3,35,35
14571,2,73,73
14572,2,132,132
14573,1,5,5
14574,3,39,39
14575,3,6,6
14576,3,46,46
14577,3,19,19
14578,2,71,71
14579,4,112,112
14580,2,75,75
14581,4,8,8
14582,2,29,29
14583,4,118,118
14584,1,121,121
14585,2,18,18
14586,3,13,13
14587,4,73,73
14588,2,61,61
14589,2,124,124
14590,0,17,17
14591,2,78,78
14592,0,123,123
14593,3,117,117
14594,2,32,32
14595,2,153,153
14596,0,135,135
14597,4,108,108
14598,4,111,111
14599,0,91,91
14600,3,134,134
14601,3,24,11
14602,0,104,104
14603,4,49,49
14604,4,8,8
14605,2,145,145
14606,1,111,111
14607,3,0,0
14608,1,100,100
14609,4,128,128
14610,3,10,10
14611,1,129,129
14612,4,112,112
14613,2,132,132
14614,1,30,30
14615,2,67,67
14616,4,169,169
14617,2,28,28
14618,0,15,15
14619,2,16,16
14620,3,159,159
14621,0,168,168
14622,3,53,53
14623,0,90,90
14624,1,0,0
14625,3,121,121
14626,0,29,29
14627,3,64,168
14628,0,9,9
14629,3,57,57
14630,1,16,16
14631,2,16,16
14632,0,169,169
14633,1,24,11
14634,2,79,79
14635,2,70,70
14636,4,107,107
14637,2,19,19
14638,1,124,124
14639,0,17,17
14640,0,144,144
14641,1,167,167
14642,0,77,77
14643,2,88,88
14644,2,110,110
14645,0,0,0
14646,2,116,116
14647,1,8,8
14648,2,131,131
14649,1,101,101
14650,4,21,21
14651,0,144,144
14652,2,172,172
14653,3,6,6
14654,2,73,73
14655,4,95,95
14656,0,66,66
14657,4,144,144
14658,1,53,53
14659,1,132,132
14660,2,173,173
14661,0,115,115
14662,1,98,98
14663,3,18,18
14664,2,1,1
14665,0,90,90
14666,0,4,4
14667,4,139,139
14668,4,171,171
14669,0,122,122
14670,2,146,146
14671,0,121,121
14672,2,10,10
14673,0,75,75
14674,1,150,150
14675,4,82,82
14676,1,146,146
14677,3,9,9
14678,4,37,37
14679,4,33,33
14680,1,150,150
14681,4,2,2
14682,2,57,57
14683,0,158,158
14684,4,36,36
14685,1,25,25
14686,2,54,54
14687,0,35,35
14688,4,148,148
14689,0,166,166
14690,0,113,113
14691,1,170,170
14692,4,126,126
14693,3,142,142
14694,2,80,80
14695,4,11,24
14696,4,35,35
14697,2,13,13
14698,3,152,152
14699,3,167,68
14700,0,101,101
14701,0,21,21
14702,4,32,32
14703,0,137,137
14704,0,7,7
14705,4,3,3
14706,0,44,44
14707,0,96,96
14708,2,167,167
14709,1,19,19
14710,0,123,123
14711,1,57,57
14712,2,53,53
14713,2,94,94
14714,3,28,28
14715,0,78,78
14716,0,168,168
14717,0,83,83
14718,0,60,60
14719,3,93,93
14720,4,136,136
14721,3,111,111
14722,4,36,36
14723,2,86,86
14724,1,171,171
14725,3,145,145
14726,3,128,128
14727,2,35,35
14728,1,4,4
14729,0,9,9
14730,1,126,126
14731,1,127,127
14732,2,153,153
14733,1,82,82
14734,1,37,37
14735,3,48,48
14736,0,12,12
14737,0,107,107
14738,4,46,46
14739,4,139,139
14740,0,68,68
14741,1,40,40
14742,4,113,113
14743,1,52,52
14744,4,35,35
14745,0,151,151
14746,3,58,58
14747,1,161,161
14748,3,87,87
14749,0,158,158
14750,4,8,8
14751,1,7,7
14752,2,2,2
14753,3,72,72
14754,0,175,175
14755,4,15,15
14756,0,0,0
14757,1,114,114
14758,0,123,123
14759,3,21,21
14760,4,163,163
14761,4,71,71
14762,3,113,113
14763,0,149,149
14764,1,147,147
14765,3,85,85
14766,3,126,126
14767,2,22,22
14768,2,152,152
14769,4,40,40
14770,3,105,105
14771,3,23,23
14772,2,155,155
14773,0,72,72
14774,1,60,60
14775,4,103,103
14776,1,109,109
14777,2,36,36
14778,2,134,134
14779,1,66,66
14780,2,26,26
14781,2,113,113
14782,1,38,38
14783,3,107,107
14784,4,6,6
14785,3,142,142
14786,3,17,17
14787,0,61,61
14788,1,95,95
14789,2,157,157
14790,2,165,165
14791,3,58,58
14792,2,174,174
14793,2,78,78
14794,1,3,3
14795,4,59,59
14796,4,44,44
14797,0,94,94
14798,4,30,30
14799,4,172,172
14800,2,128,128
14801,1,131,131
14802,0,116,116
14803,3,158,158
14804,2,133,133
14805,3,68,68
14806,3,10,10
14807,2,44,44
14808,1,156,156
14809,3,27,27
14810,3,98,98
14811,3,167,167
14812,3,1,1
14813,4,73,73
14814,1,82,82
14815,2,152,152
14816,2,8,8
14817,0,66,66
14818,0,113,113
14819,2,28,28
14820,1,151,151
14821,1,143,143
14822,4,20,20
14823,1,34,34
14824,1,162,162
14825,1,4,4
14826,0,166,166
14827,3,70,70
14828,1,61,61
14829,1,128,128
14830,4,44,44
14831,1,81,81
14832,4,48,48
14833,4,23,23
14834,3,11,11
14835,2,2,2
14836,4,70,70
14837,4,133,133
14838,3,91,91
14839,1,115,115
14840,0,12,12
14841,3,70,70
14842,1,58,58
14843,2,156,156
14844,0,121,121
14845,4,28,28
14846,4,135,135
14847,2,12,12
14848,0,127,127
14849,4,123,123
14850,3,103,103
14851,3,154,154
14852,4,174,174
14853,1,41,41
14854,4,129,129
14855,4,88,88
14856,4,111,111
14857,0,61,61
14858,4,20,20
14859,1,9,9
14860,0,118,118
14861,3,156,156
14862,1,64,64
14863,1,125,125
14864,3,151,151
14865,2,84,84
14866,3,60,60
14867,2,162,162
14868,3,133,133
14869,3,40,40
14870,3,123,123
14871,4,55,55
14872,2,30,30
14873,0,126,126
14874,1,118,118
14875,0,119,119
14876,3,70,70
14877,1,12,12
14878,2,119,119
14879,4,117,117
14880,2,37,37
14881,2,10,10
14882,1,1,1
14883,0,160,160
14884,0,18,18
14885,0,7,7
14886,0,97,97
14887,3,50,50
14888,4,19,19
14889,4,101,101
14890,2,7,7
14891,1,144,144
14892,4,21,21
14893,1,2,2
14894,3,118,118
14895,4,84,84
14896,0,130,130
14897,4,157,157
14898,0,71,71
14899,3,50,50
14900,3,135,135
14901,4,165,165
14902,2,115,115
14903,3,158,158
14904,0,0,0
14905,2,138,138
14906,4,65,65
14907,2,169,169
14908,3,147,147
14909,1,5,5
14910,2,62,62
14911,3,55,55
14912,4,58,58
14913,0,8,8
14914,1,122,122
14915,4,36,36
14916,0,90,90
14917,0,6,6
14918,0,16,16
14919,1,99,99
14920,1,110,110
14921,4,100,100
14922,3,2,2
14923,3,97,97
14924,0,116,116
14925,2,122,122
14926,4,47,47
14927,2,54,54
14928,3,131,131
14929,1,94,94
14930,2,146,146
14931,1,3,63
14932,0,41,41
14933,1,66,66
14934,1,64,64
14935,0,99,99
14936,1,65,65
14937,3,111,111
14938,1,8,8
14939,2,3,3
14940,1,57,57
14941,1,101,101
14942,4,126,126
14943,1,2,2
14944,2,77,77
14945,2,110,110
14946,4,14,14
14947,0,1,1
14948,1,0,0
14949,1,9,9
14950,4,121,121
14951,4,114,114
14952,1,28,28
14953,3,25,25
14954,0,78,78
14955,2,99,99
14956,1,17,17
14957,1,147,147
14958,3,153,153
14959,1,59,59
14960,0,152,152
14961,2,127,127
14962,3,148,148
14963,1,166,166
14964,2,163,163
14965,2,92,92
14966,1,18,18
14967,1,36,36
14968,2,0,0
14969,2,108,108
14970,1,159,159
14971,0,137,137
14972,2,41,41
14973,0,60,60
14974,3,34,34
14975,0,35,35
14976,0,161,161
14977,1,70,70
14978,0,23,23
14979,0,103,103
14980,1,105,105
14981,0,107,107
14982,4,148,148
14983,1,68,68
14984,4,96,96
14985,4,105,105
14986,4,50,50
14987,4,2,2
14988,3,31,31
14989,2,19,19
14990,2,158,158
14991,4,64,64
14992,2,141,141
14993,2,173,173
14994,2,30,30
14995,2,127,127
14996,4,49,49
14997,3,168,168
14998,3,53,53
14999,3,124,124
15000,1,10,10
15001,1,27,27
15002,0,28,28
15003,2,130,130
15004,3,69,69
15005,4,4,4
15006,4,158,158
15007,3,95,95
15008,1,83,83
15009,4,73,73
15010,3,30,30
15011,1,56,56
15012,2,112,112
15013,4,141,141
15014,0,56,56
15015,2,10,10
15016,0,161,161
15017,2,154,154
15018,3,125,125
15019,1,111,155
15020,4,142,142
15021,1,31,31
15022,4,4,4
15023,3,117,117
15024,1,168,168
15025,4,58,58
15026,3,144,144
15027,3,143,143
15028,2,106,106
15029,0,125,125
15030,4,130,130
15031,4,20,20
15032,4,74,74
15033,1,102,102
15034,2,8,8
15035,3,162,162
15036,3,170,170
15037,3,108,108
15038,2,63,63
15039,3,150,150
15040,1,39,39
15041,4,155,155
15042,4,152,152
15043,4,159,159
15044,4,71,71
15045,0,83,83
15046,1,91,91
15047,2,151,151
15048,0,48,48
15049,1,90,90
15050,4,125,125
15051,2,143,143
15052,1,86,86
15053,1,144,144
15054,4,48,48
15055,3,66,66
15056,0,86,86
15057,1,19,19
15058,1,38,38
15059,0,80,80
15060,1,49,49
15061,2,130,130
15062,3,168,168
15063,4,45,45
15064,3,78,78
15065,0,56,56
15066,2,49,49
15067,3,58,58
15068,2,3,3
15069,0,37,37
15070,3,119,119
15071,0,77,77
15072,1,148,148
15073,0,159,159
15074,4,93,93
15075,3,157,157
15076,0,40,40
15077,1,16,16
15078,0,133,133
15079,0,169,169
15080,4,65,65
15081,0,171,171
15082,2,88,88
15083,4,91,91
15084,2,124,124
15085,0,26,26
15086,2,82,82
15087,3,107,107
15088,3,13,13
15089,0,143,143
15090,3,150,150
15091,3,19,19
15092,4,164,164
15093,0,81,81
15094,3,116,116
15095,4,62,62
15096,4,129,129
15097,3,44,44
15098,2,16,16
15099,2,81,81
15100,1,1,1
15101,2,29,29
15102,1,37,37
15103,3,21,21
15104,1,137,137
15105,4,38,38
15106,4,52,52
15107,3,35,35
15108,0,155,155
15109,1,56,56
15110,3,144,144
15111,2,48,48
15112,1,170,170
15113,3,175,175
15114,2,85,85
15115,2,164,164
15116,3,155,155
15117,3,147,147
15118,4,89,89
15119,4,121,121
15120,3,77,77
15121,2,82,82
15122,4,172,172
15123,3,68,68
15124,1,105,105
15125,4,51,51
15126,1,165,165
15127,3,91,91
15128,2,95,95
15129,3,49,49
15130,3,129,129
15131,0,32,32
15132,4,18,18
15133,3,136,136
15134,3,18,18
15135,4,165,165
15136,3,150,150
15137,0,17,17
15138,3,2,2
15139,0,161,161
15140,0,124,124
15141,2,57,57
15142,0,99,99
15143,4,15,15
15144,4,171,171
15145,1,101,101
15146,0,157,157
15147,0,146,146
15148,2,94,94
15149,2,174,174
15150,2,133,133
15151,2,134,134
15152,3,30,30
15153,0,153,153
15154,0,171,26
15155,0,102,102
15156,2,67,67
15157,1,85,85
15158,3,99,99
15159,0,6,6
15160,3,77,77
15161,0,5,5
15162,1,87,87
15163,1,152,152
15164,0,105,105
15165,0,25,25
15166,0,167,167
15167,4,36,36
15168,3,17,17
15169,4,37,37
15170,3,7,7
15171,0,66,66
15172,1,68,68
15173,1,78,78
15174,1,27,27
15175,2,116,116
15176,3,118,118
15177,2,15,15
15178,4,116,116
15179,1,144,144
15180,3,94,94
15181,1,41,41
15182,0,0,0
15183,4,42,42
15184,3,71,71
15185,2,166,166
15186,3,0,0
15187,2,27,27
15188,0,112,112
15189,4,134,134
15190,4,144,144
15191,2,146,146
15192,2,152,152
15193,0,98,98
15194,4,4,4
15195,0,115,115
15196,2,101,101
15197,4,10,10
15198,4,26,26
15199,3,1,1
15200,1,133,133
15201,3,143,143
15202,1,33,33
15203,2,106,106
15204,3,26,26
15205,4,18,18
15206,1,36,36
15207,2,117,117
15208,4,122,122
15209,4,32,32
15210,1,0,0
15211,4,17,17
15212,2,168,168
15213,3,144,144
15214,3,18,18
15215,3,1,1
15216,1,1,1
15217,1,171,171
15218,4,85,85
15219,4,101,101
15220,2,34,34
15221,0,169,169
15222,3,77,77
15223,4,2,2
15224,1,38,38
15225,3,140,140
15226,0,159,159
15227,1,94,94
15228,1,133,133
15229,4,36,36
15230,2,113,113
15231,4,8,8
15232,1,95,95
15233,2,2,2
15234,4,104,104
15235,4,73,73
15236,3,27,27
15237,4,1,1
15238,4,97,97
15239,1,55,55
15240,0,87,87
15241,4,63,3
15242,3,21,21
15243,4,120,120
15244,1,35,35
15245,2,40,40
15246,2,108,108
15247,3,114,114
15248,0,103,103
15249,4,74,74
15250,2,15,15
15251,4,172,172
15252,0,58,58
15253,4,81,81
15254,3,162,162
15255,1,22,22
15256,0,82,82
15257,1,59,59
15258,2,79,79
15259,0,61,61
15260,0,47,47
15261,3,107,107
15262,3,85,85
15263,1,134,35
15264,1,14,14
15265,1,36,36
15266,0,78,78
15267,0,159,159
15268,4,19,19
15269,4,56,56
15270,1,52,52
15271,0,133,133
15272,2,99,99
15273,2,157,157
15274,0,7,7
15275,0,49,49
15276,0,88,88
15277,4,128,128
15278,4,32,32
15279,3,149,149
15280,4,37,37
15281,1,38,38
15282,4,114,114
15283,0,160,160
15284,1,95,95
15285,4,98,98
15286,2,134,134
15287,3,114,114
15288,2,44,44
15289,3,81,81
15290,2,161,161
15291,0,141,141
15292,0,0,0
15293,0,78,78
15294,2,4,4
15295,2,65,65
15296,4,146,146
15297,4,41,41
15298,4,159,159
15299,1,21,21
15300,1,80,80
15301,2,100,100
15302,0,92,92
15303,4,7,7
15304,3,21,21
15305,3,13,13
15306,4,24,24
15307,4,107,107
15308,2,6,6
15309,2,172,172
15310,2,17,17
15311,2,93,93
15312,3,133,133
15313,0,57,57
15314,1,33,33
15315,1,72,72
15316,1,158,158
15317,3,16,16
15318,2,161,161
15319,2,142,142
15320,1,101,101
15321,1,25,25
15322,1,107,107
15323,2,98,98
15324,0,92,92
15325,0,44,44
15326,1,37,37
15327,4,51,51
15328,1,136,136
15329,0,92,92
15330,1,134,134
15331,0,112,112
15332,3,26,26
15333,0,132,132
15334,4,131,131
15335,3,101,101
15336,4,38,38
15337,3,15,15
15338,0,42,42
15339,4,37,37
15340,2,87,87
15341,3,9,9
15342,1,123,123
15343,0,10,10
15344,3,80,80
15345,3,92,92
15346,4,164,164
15347,0,157,157
15348,1,127,127
15349,0,90,90
15350,3,160,160
15351,4,124,124
15352,1,34,34
15353,3,9,9
15354,3,58,58
15355,3,175,175
15356,4,87,87
15357,4,79,79
15358,4,27,27
15359,3,98,98
15360,1,11,11
15361,0,136,136
15362,3,113,113
15363,4,146,146
15364,4,109,109
15365,1,3,3
15366,1,99,99
15367,4,167,167
15368,1,93,93
15369,3,72,72
15370,3,96,96
15371,2,118,118
15372,4,140,140
15373,4,9,9
15374,3,32,32
15375,1,162,162
15376,0,12,12
15377,4,122,122
15378,4,120,120
15379,3,121,121
15380,4,125,125
15381,2,78,78
15382,4,31,31
15383,4,1,1
15384,3,17,17
15385,1,21,21
15386,3,17,17
15387,3,98,98
15388,1,8,8
15389,4,92,92
15390,2,87,87
15391,3,0,0
15392,2,168,168
15393,3,0,0
15394,3,37,37
15395,2,168,168
15396,4,165,165
15397,1,63,63
15398,0,6,6
15399,2,8,8
15400,0,36,36
15401,1,122,122
15402,4,65,65
15403,2,95,95
15404,3,50,50
15405,4,92,92
15406,4,96,96
15407,2,49,49
15408,1,59,59
15409,0,84,84
15410,4,44,44
15411,0,156,156
15412,3,45,45
15413,2,104,104
15414,0,138,138
15415,2,50,50
15416,0,138,138
15417,1,161,161
15418,4,60,60
15419,4,158,158
15420,0,165,165
15421,3,93,103
15422,2,3,3
15423,3,12,12
15424,3,12,12
15425,4,173,173
15426,3,19,19
15427,0,70,3
15428,2,49,49
15429,1,166,166
15430,4,47,47
15431,1,125,125
15432,3,58,58
15433,4,153,153
15434,3,142,142
15435,2,118,118
15436,2,106,106
15437,1,154,154
15438,3,77,77
15439,3,76,76
15440,0,149,149
15441,1,114,114
15442,2,25,25
15443,2,26,26
15444,1,67,67
15445,0,88,88
15446,4,31,31
15447,4,20,20
15448,3,59,59
15449,2,37,37
15450,4,50,50
15451,1,128,128
15452,4,4,4
15453,3,109,109
15454,3,115,115
15455,0,0,0
15456,3,151,151
15457,4,86,86
15458,4,61,61
15459,1,131,131
15460,4,108,108
15461,1,104,104
15462,4,74,74
15463,2,37,37
15464,2,77,77
15465,3,151,151
15466,4,117,117
15467,0,6,6
15468,1,27,27
15469,1,167,167
15470,4,10,10
15471,4,20,20
15472,3,53,53
15473,1,141,141
15474,1,41,41
15475,4,10,10
15476,3,147,147
15477,1,161,161
15478,1,144,144
15479,1,142,142
15480,0,21,21
15481,1,153,153
15482,2,130,130
15483,2,17,17
15484,4,112,112
15485,0,32,32
15486,2,112,112
15487,1,66,66
15488,2,27,27
15489,1,22,22
15490,2,161,161
15491,0,104,104
15492,1,144,144
15493,1,143,143
15494,3,170,170
15495,4,129,129
15496,2,106,106
15497,3,31,31
15498,4,46,46
15499,1,77,77
15500,3,156,156
15501,1,92,92
15502,4,78,78
15503,3,57,57
15504,4,128,128
15505,1,38,38
15506,2,120,120
15507,0,25,25
15508,4,129,129
15509,0,92,92
15510,1,7,7
15511,3,24,24
15512,2,7,7
15513,1,0,0
15514,1,114,114
15515,3,82,82
15516,3,156,156
15517,0,89,89
15518,2,81,81
15519,3,0,0
15520,4,13,13
15521,2,96,96
15522,3,133,133
15523,1,115,115
15524,3,45,45
15525,2,0,0
15526,0,43,43
15527,2,158,158
15528,0,15,15
15529,3,32,32
15530,2,11,11
15531,3,21,21
15532,4,166,166
15533,4,61,61
15534,3,67,73
15535,0,113,113
15536,4,118,118
15537,3,79,79
15538,3,72,72
15539,3,160,160
15540,1,133,133
15541,2,148,148
15542,0,129,129
15543,1,166,166
15544,3,129,129
15545,4,166,166
15546,1,22,22
15547,2,77,77
15548,0,62,62
15549,0,136,136
15550,1,166,166
15551,3,67,67
15552,2,29,29
15553,4,94,94
15554,1,30,30
15555,1,47,47
15556,0,96,96
15557,0,14,14
15558,0,14,14
15559,4,67,67
15560,0,57,57
15561,0,36,36
15562,4,123,123
15563,3,14,14
15564,1,57,57
15565,4,146,146
15566,1,100,100
15567,4,131,131
15568,3,41,41
15569,4,100,100
15570,4,77,77
15571,2,54,54
15572,0,4,4
15573,0,158,158
15574,4,133,133
15575,1,110,110
15576,1,126,126
15577,0,78,78
15578,2,130,130
15579,0,98,98
15580,4,141,141
15581,0,129,129
15582,4,87,87
15583,0,120,120
15584,3,34,34
15585,4,34,34
15586,2,27,27
15587,0,81,81
15588,1,138,138
15589,0,89,89
15590,3,87,87
15591,3,44,44
15592,4,71,71
15593,0,90,90
15594,1,10,10
15595,1,6,6
15596,0,123,123
15597,3,165,165
15598,4,145,145
15599,2,135,135
15600,0,140,140
15601,3,64,64
15602,4,4,4
15603,1,21,21
15604,1,40,40
15605,2,62,62
15606,4,25,25
15607,1,106,106
15608,0,162,162
15609,2,116,116
15610,4,77,77
15611,2,42,42
15612,1,44,44
15613,3,88,88
15614,2,140,140
15615,0,95,95
15616,3,41,41
15617,1,92,92
15618,3,122,122
15619,0,68,68
15620,4,164,164
15621,2,126,126
15622,4,0,0
15623,1,156,156
15624,2,157,157
15625,1,71,71
15626,2,68,68
15627,3,170,170
15628,0,120,120
15629,1,134,134
15630,0,2,2
15631,1,171,171
15632,0,94,94
15633,3,158,158
15634,0,91,91
15635,1,148,148
15636,1,38,38
15637,2,95,95
15638,0,158,158
15639,3,85,85
15640,3,172,43
15641,1,115,115
15642,3,113,113
15643,3,73,73
15644,3,81,81
15645,1,160,160
15646,0,8,8
15647,4,12,12
15648,2,34,34
15649,3,133,133
15650,3,73,73
15651,1,93,93
15652,3,4,4
15653,1,40,40
15654,3,80,80
15655,3,11,11
15656,2,78,78
15657,1,142,142
15658,3,157,157
15659,3,42,42
15660,0,88,88
15661,1,102,102
15662,4,2,2
15663,1,10,10
15664,3,122,122
15665,0,5,5
15666,3,47,47
15667,2,110,110
15668,4,121,121
15669,0,18,18
15670,1,90,90
15671,2,146,146
15672,3,91,91
15673,1,19,19
15674,1,100,100
15675,3,110,110
15676,0,71,71
15677,0,28,28
15678,2,103,103
15679,3,158,158
15680,1,94,94
15681,1,175,175
15682,4,8,8
15683,1,131,131
15684,4,44,44
15685,4,140,140
15686,1,86,86
15687,4,21,21
15688,0,15,15
15689,1,1,1
15690,4,11,11
15691,4,20,20
15692,3,119,119
15693,0,63,63
15694,0,7,7
15695,1,3,3
15696,1,73,73
15697,0,149,149
15698,1,70,70
15699,1,105,105
15700,2,11,11
15701,4,58,58
15702,3,118,118
15703,0,160,160
15704,3,130,130
15705,0,52,52
15706,2,56,56
15707,2,47,47
15708,2,107,107
15709,1,131,131
15710,1,71,71
15711,1,60,60
15712,1,23,23
15713,0,22,22
15714,1,119,119
15715,1,150,150
15716,2,52,52
15717,3,29,29
15718,1,141,141
15719,4,51,51
15720,3,118,118
15721,2,83,83
15722,1,167,167
15723,4,47,47
15724,2,108,108
15725,2,168,168
15726,2,167,167
15727,1,73,73
15728,2,10,10
15729,2,115,115
15730,2,55,55
15731,2,99,99
15732,3,157,157
15733,3,83,83
15734,4,51,51
15735,2,29,29
15736,0,5,5
15737,0,17,17
15738,3,175,175
15739,2,14,14
15740,0,8,8
15741,2,128,128
15742,3,22,22
15743,3,1,1
15744,2,133,133
15745,2,1,1
15746,2,73,73
15747,4,82,82
15748,1,88,88
15749,0,155,155
15750,0,168,168
15751,4,11,11
15752,1,0,0
15753,0,3,3
15754,1,36,36
15755,4,23,23
15756,0,173,173
15757,1,65,65
15758,3,47,47
15759,3,59,59
15760,4,126,126
15761,3,128,128
15762,3,78,78
15763,2,72,72
15764,2,146,146
15765,0,124,124
15766,0,17,17
15767,1,117,117
15768,4,119,119
15769,3,138,138
15770,3,119,119
15771,0,65,65
15772,2,124,124
15773,0,37,37
15774,2,168,168
15775,3,137,137
15776,4,1,1
15777,1,94,94
15778,3,63,63
15779,3,71,71
15780,1,137,137
15781,3,63,63
15782,3,60,60
15783,0,134,134
15784,1,165,165
15785,1,1,1
15786,4,146,146
15787,2,156,156
15788,2,67,67
15789,0,27,27
15790,3,54,54
15791,2,94,94
15792,0,95,95
15793,0,147,147
15794,4,126,126
15795,0,166,166
15796,4,148,148
15797,1,35,35
15798,3,112,112
15799,0,16,16
15800,0,60,60
15801,2,159,159
15802,3,62,62
15803,4,153,153
15804,3,113,113
15805,2,2,2
15806,2,171,171
15807,0,18,18
15808,3,98,98
15809,4,5,5
15810,1,138,138
15811,2,79,79
15812,1,40,40
15813,2,120,120
15814,0,120,120
15815,3,165,165
15816,2,103,103
15817,1,141,141
15818,4,24,24
15819,1,24,24
15820,3,95,95
15821,2,167,167
15822,4,93,93
15823,4,113,113
15824,3,40,40
15825,3,31,31
15826,1,70,70
15827,1,89,89
15828,3,92,92
15829,2,44,44
15830,2,172,172
15831,3,163,140
15832,1,160,160
15833,2,102,102
15834,4,77,77
15835,1,39,39
15836,0,125,125
15837,3,24,24
15838,0,115,115
15839,3,1,1
15840,2,26,26
15841,3,128,128
15842,1,119,142
15843,0,82,82
15844,1,58,58
15845,3,60,60
15846,1,52,52
15847,2,109,109
15848,4,0,0
15849,4,24,24
15850,1,12,12
15851,3,34,34
15852,2,154,154
15853,1,40,40
15854,1,145,145
15855,2,95,95
15856,3,37,37
15857,0,155,155
15858,4,171,171
15859,2,112,112
15860,1,22,22
15861,1,102,102
15862,1,64,64
15863,4,56,56
15864,2,164,164
15865,3,168,168
15866,0,155,155
15867,2,106,106
15868,4,80,80
15869,2,73,73
15870,2,7,7
15871,3,92,92
15872,3,71,71
15873,2,40,40
15874,4,134,134
15875,0,15,15
15876,4,88,88
15877,0,175,175
15878,3,158,158
15879,0,103,103
15880,3,167,167
15881,3,15,15
15882,2,10,10
15883,0,170,170
15884,2,84,84
15885,1,21,21
15886,3,99,99
15887,1,21,21
15888,2,24,24
15889,1,25,25
15890,3,59,59
15891,4,69,69
15892,2,161,161
15893,4,103,103
15894,3,27,27
15895,3,159,159
15896,0,94,94
15897,3,13,13
15898,3,142,142
15899,3,94,94
15900,2,43,43
15901,1,48,48
15902,1,6,6
15903,1,43,43
15904,0,139,139
15905,4,14,14
15906,3,51,51
15907,3,59,59
15908,4,0,0
15909,2,41,41
15910,1,16,16
15911,0,8,8
15912,2,27,27
15913,2,19,19
15914,0,74,74
15915,3,1,1
15916,0,12,12
15917,2,65,65
15918,1,143,143
15919,0,34,34
15920,4,30,30
15921,3,31,31
15922,0,63,3
15923,1,1,1
15924,1,3,3
15925,2,111,111
15926,2,83,83
15927,4,174,174
15928,0,124,124
15929,3,40,40
15930,3,4,4
15931,3,3,3
15932,3,101,101
15933,3,11,11
15934,3,0,0
15935,4,40,40
15936,0,174,174
15937,4,117,117
15938,4,16,16
15939,4,23,23
15940,2,126,126
15941,1,174,174
15942,0,28,28
15943,3,34,34
15944,4,29,29
15945,4,149,149
15946,1,17,17
15947,0,155,155
15948,2,33,33
15949,0,174,174
15950,1,87,87
15951,2,23,23
15952,1,158,158
15953,3,50,50
15954,2,38,38
15955,4,165,165
15956,2,2,2
15957,1,11,11
15958,1,3,63
15959,0,26,26
15960,1,158,158
15961,4,133,133
15962,2,141,141
15963,1,68,68
15964,0,115,115
15965,3,24,24
15966,3,50,50
15967,1,149,149
15968,2,128,128
15969,0,42,42
15970,3,62,62
15971,4,38,38
15972,1,103,103
15973,2,128,128
15974,2,161,161
15975,0,144,144
15976,0,6,6
15977,0,0,0
15978,0,171,171
15979,0,109,109
15980,2,93,93
15981,0,49,49
15982,1,124,124
15983,0,4,4
15984,1,76,76
15985,3,59,59
15986,0,36,36
15987,1,82,82
15988,2,172,172
15989,2,66,66
15990,3,108,108
15991,0,120,120
15992,1,17,17
15993,3,5,5
15994,4,68,68
15995,3,53,53
15996,0,20,20
15997,3,126,126
15998,1,3,3
15999,2,25,25
16000,2,138,138
16001,3,11,24
16002,1,27,27
16003,2,35,35
16004,2,34,34
16005,0,86,86
16006,1,130,130
16007,4,171,171
16008,1,11,11
16009,3,60,60
16010,1,39,39
16011,2,146,146
16012,2,103,103
16013,3,81,81
16014,3,122,122
16015,0,42,42
16016,3,141,141
16017,0,22,22
16018,4,123,123
16019,1,13,13
16020,2,7,7
16021,3,159,159
16022,0,0,0
16023,2,17,17
16024,4,55,55
16025,4,122,122
16026,1,45,45
16027,3,109,109
16028,2,170,170
16029,1,10,10
16030,0,96,96
16031,0,130,130
16032,0,98,98
16033,0,144,144
16034,1,172,172
16035,3,90,90
16036,0,160,160
16037,4,7,7
16038,1,48,48
16039,4,156,156
16040,4,50,50
16041,3,3,3
16042,1,34,34
16043,3,102,102
16044,2,116,116
16045,3,42,42
16046,1,85,85
16047,2,12,12
16048,4,156,156
16049,2,136,136
16050,4,42,42
16051,2,98,98
16052,1,7,7
16053,1,157,157
16054,1,20,20
16055,0,122,122
16056,1,45,45
16057,0,160,160
16058,2,20,20
16059,2,71,71
16060,3,161,161
16061,2,138,138
16062,2,166,166
16063,4,124,124
16064,3,26,26
16065,3,23,23
16066,4,146,146
16067,2,12,12
16068,3,34,34
16069,2,84,84
16070,0,93,93
16071,3,25,25
16072,4,117,117
16073,4,93,93
16074,4,91,91
16075,2,142,142
16076,2,139,139
16077,4,74,74
16078,1,122,122
16079,4,117,117
16080,2,122,122
16081,3,136,136
16082,0,48,48
16083,1,123,123
16084,1,89,89
16085,4,139,139
16086,0,121,121
16087,4,83,83
16088,2,123,123
16089,4,93,93
16090,1,52,52
16091,0,32,32
16092,2,13,13
16093,0,26,26
16094,4,25,25
16095,4,19,19
16096,1,17,17
16097,3,36,36
16098,4,64,64
16099,0,175,175
16100,2,148,148
16101,0,147,147
16102,1,146,146
16103,4,60,60
16104,3,149,149
16105,4,124,124
16106,1,106,106
16107,1,115,115
16108,4,151,151
16109,3,42,42
16110,3,134,134
16111,4,38,38
16112,3,172,172
16113,3,81,81
16114,2,55,55
16115,1,88,88
16116,0,89,89
16117,2,175,175
16118,0,82,82
16119,4,117,117
16120,2,30,30
16121,2,146,146
16122,4,164,164
16123,1,95,95
16124,4,39,39
16125,2,72,72
16126,3,63,63
16127,2,114,114
16128,3,127,127
16129,4,52,52
16130,0,81,81
16131,1,51,51
16132,3,35,35
16133,3,2,2
16134,1,87,87
16135,0,25,25
16136,1,1,1
16137,2,7,7
16138,0,14,14
16139,4,132,132
16140,4,11,24
16141,0,8,8
16142,1,66,66
16143,4,132,132
16144,0,37,37
16145,0,24,11
16146,4,88,88
16147,4,24,11
16148,0,99,99
16149,3,155,155
16150,0,16,16
16151,1,138,138
16152,4,69,69
16153,0,85,85
16154,0,155,155
16155,4,64,168
16156,3,37,37
16157,3,72,72
16158,2,100,100
16159,3,120,120
16160,1,144,144
16161,0,111,111
16162,4,2,2
16163,3,100,100
16164,3,126,126
16165,1,164,164
16166,0,13,13
16167,3,9,9
16168,1,89,89
16169,0,58,58
16170,1,77,77
16171,3,125,125
16172,1,81,81
16173,2,157,157
16174,3,164,164
16175,0,62,62
16176,0,144,144
16177,0,104,104
16178,0,3,3
16179,4,31,31
16180,1,173,173
16181,1,172,172
16182,2,113,113
16183,2,173,173
16184,4,38,38
16185,0,154,154
16186,1,22,22
16187,1,61,61
16188,4,1,1
16189,3,24,24
16190,4,167,167
16191,3,86,86
16192,0,107,107
16193,0,162,162
16194,3,14,14
16195,3,175,175
16196,1,55,55
16197,1,137,137
16198,4,21,21
16199,2,128,128
16200,3,89,89
16201,0,64,64
16202,1,62,62
16203,2,57,57
16204,4,73,73
16205,0,174,174
16206,1,151,151
16207,4,170,170
16208,4,130,130
16209,2,175,175
16210,1,128,128
16211,0,76,76
16212,2,36,36
16213,4,84,84
16214,3,132,132
16215,3,141,141
16216,2,67,67
16217,3,52,52
16218,4,1,1
16219,4,66,66
16220,3,102,102
16221,0,40,40
16222,3,172,172
16223,1,76,76
16224,3,41,41
16225,2,79,79
16226,4,17,17
16227,2,43,43
16228,2,175,175
16229,2,167,167
16230,0,151,151
16231,1,72,72
16232,2,17,17
16233,0,14,14
16234,1,172,172
16235,3,146,146
16236,3,18,18
16237,2,7,7
16238,1,129,129
16239,0,102,102
16240,0,71,71
16241,2,61,61
16242,1,3,3
16243,0,55,55
16244,4,155,155
16245,4,163,163
16246,0,1,1
16247,2,0,0
16248,3,154,22
16249,0,122,122
16250,2,149,149
16251,4,19,19
16252,0,46,46
16253,3,14,14
16254,4,14,14
16255,0,39,39
16256,3,113,113
16257,3,50,50
16258,2,40,40
16259,4,169,169
16260,0,47,47
16261,2,107,107
16262,0,114,114
16263,3,37,37
16264,2,79,79
16265,4,152,152
16266,4,12,12
16267,0,131,131
16268,3,76,95
16269,2,0,0
16270,3,83,83
16271,1,166,166
16272,3,18,18
16273,1,145,145
16274,3,126,126
16275,0,38,38
16276,2,34,34
16277,4,104,104
16278,2,21,21
16279,1,34,34
16280,3,31,31
16281,2,165,165
16282,3,127,127
16283,1,67,67
16284,1,88,88
16285,3,7,7
16286,0,56,56
16287,1,141,141
16288,0,63,63
16289,2,15,15
16290,0,58,58
16291,0,38,38
16292,3,156,156
16293,2,88,88
16294,2,15,15
16295,3,35,35
16296,0,60,60
16297,2,68,68
16298,3,150,150
16299,0,163,163
16300,4,170,170
16301,0,33,33
16302,3,112,112
16303,1,37,37
16304,2,114,114
16305,3,16,16
16306,3,16,16
16307,0,98,98
16308,1,132,132
16309,4,14,14
16310,3,81,81
16311,3,4,4
16312,3,22,22
16313,0,130,130
16314,4,0,0
16315,2,49,49
16316,4,155,155
16317,2,159,159
16318,0,25,25
16319,1,71,71
16320,1,154,154
16321,1,32,32
16322,3,26,26
16323,0,42,42
16324,2,3,3
16325,1,30,30
16326,3,158,158
16327,2,0,0
16328,1,95,95
16329,3,138,138
16330,2,117,117
16331,4,127,127
16332,1,1,1
16333,0,35,35
16334,1,125,125
16335,2,82,82
16336,4,27,27
16337,2,26,26
16338,1,159,159
16339,2,37,37
16340,0,95,95
16341,0,137,137
16342,1,64,64
16343,0,65,65
16344,1,106,106
16345,0,120,120
16346,1,29,29
16347,3,143,143
16348,0,61,61
16349,1,63,63
16350,3,151,151
16351,0,160,160
16352,0,35,35
16353,4,122,122
16354,2,18,18
16355,1,127,127
16356,4,40,40
16357,1,144,144
16358,2,4,4
16359,3,150,150
16360,2,0,0
16361,3,33,33
16362,4,37,37
16363,4,92,92
16364,1,29,29
16365,0,27,27
16366,3,161,161
16367,3,29,29
16368,3,91,91
16369,0,39,39
16370,4,144,144
16371,3,170,170
16372,3,137,137
16373,0,59,59
16374,2,148,148
16375,0,169,169
16376,3,52,52
16377,2,175,175
16378,2,163,163
16379,4,36,36
16380,0,156,156
16381,3,163,163
16382,3,144,144
16383,3,109,109
16384,2,95,95
16385,0,44,44
16386,0,90,90
16387,1,124,124
16388,2,24,24
16389,4,54,54
16390,0,21,21
16391,1,111,111
16392,2,159,159
16393,1,58,58
16394,2,18,18
16395,2,108,108
16396,1,110,110
16397,1,112,112
16398,3,144,144
16399,1,148,148
16400,4,118,118
16401,1,133,133
16402,4,60,67
16403,1,126,126
16404,3,118,118
16405,0,143,143
16406,3,138,138
16407,1,67,67
16408,3,76,76
16409,2,2,2
16410,0,53,53
16411,0,119,119
16412,0,0,0
16413,1,50,50
16414,0,94,94
16415,4,34,34
16416,2,69,69
16417,2,23,23
16418,4,144,144
16419,1,150,150
16420,3,11,11
16421,0,103,103
16422,3,53,53
16423,3,90,90
16424,3,152,152
16425,4,30,30
16426,1,19,19
16427,0,155,155
16428,1,83,83
16429,2,153,153
16430,4,37,37
16431,2,101,101
16432,0,84,84
16433,0,0,0
16434,1,19,19
16435,4,80,80
16436,2,98,98
16437,0,99,99
16438,3,14,14
16439,1,73,73
16440,2,169,169
16441,4,124,124
16442,1,113,113
16443,1,35,35
16444,2,14,14
16445,2,62,62
16446,0,154,22
16447,1,51,51
16448,3,34,34
16449,2,62,62
16450,2,114,114
16451,0,146,146
16452,4,69,69
16453,3,172,172
16454,0,60,60
16455,2,120,120
16456,3,53,53
16457,2,118,118
16458,0,144,144
16459,0,159,159
16460,3,144,144
16461,1,35,35
16462,0,43,43
16463,0,76,60
16464,4,173,173
16465,1,79,79
16466,4,123,123
16467,4,169,169
16468,4,113,113
16469,1,66,66
16470,3,32,32
16471,1,125,125
16472,2,41,41
16473,2,69,69
16474,1,134,134
16475,2,16,16
16476,0,29,29
16477,4,88,88
16478,4,22,22
16479,1,97,97
16480,0,50,50
16481,2,166,166
16482,2,26,26
16483,4,27,27
16484,2,38,38
16485,4,124,124
16486,2,5,5
16487,4,165,165
16488,2,102,102
16489,2,36,36
16490,1,79,79
16491,4,107,107
16492,2,162,162
16493,3,113,113
16494,3,92,92
16495,0,3,3
16496,2,89,89
16497,3,168,168
16498,4,37,37
16499,1,109,109
16500,4,29,29
16501,0,117,117
16502,3,115,115
16503,0,154,154
16504,4,144,144
16505,0,139,139
16506,2,22,22
16507,1,69,69
16508,3,78,78
16509,4,86,86
16510,3,111,111
16511,4,15,15
16512,2,80,80
16513,0,125,125
16514,2,50,50
16515,4,5,5
16516,3,6,6
16517,4,92,92
16518,2,92,92
16519,3,13,13
16520,3,81,81
16521,0,48,48
16522,0,112,112
16523,0,101,101
16524,3,158,158
16525,2,11,11
16526,4,165,165
16527,0,85,85
16528,1,31,31
16529,0,20,20
16530,2,93,93
16531,1,47,47
16532,2,171,171
16533,0,110,110
16534,3,171,171
16535,0,156,156
16536,1,17,17
16537,2,45,45
16538,0,103,103
16539,1,55,55
16540,2,21,21
16541,4,39,39
16542,3,120,120
16543,3,106,106
16544,4,77,77
16545,3,61,61
16546,2,40,92
16547,1,142,142
16548,3,67,67
16549,4,127,127
16550,2,41,41
16551,2,110,110
16552,1,67,67
16553,3,84,84
16554,3,14,14
16555,3,58,58
16556,4,5,5
16557,2,172,172
16558,3,7,7
16559,3,28,28
16560,3,0,0
16561,4,98,98
16562,0,173,173
16563,2,81,81
16564,4,156,156
16565,4,56,56
16566,1,19,19
16567,1,128,128
16568,1,39,39
16569,1,80,80
16570,1,104,104
16571,4,38,38
16572,0,157,157
16573,0,72,72
16574,4,62,62
16575,4,2,2
16576,4,152,152
16577,1,163,163
16578,4,56,56
16579,1,144,144
16580,2,1,1
16581,2,138,138
16582,3,35,35
16583,2,6,6
16584,4,128,128
16585,2,160,160
16586,2,98,98
16587,3,75,75
16588,2,3,3
16589,4,31,31
16590,3,147,147
16591,1,112,112
16592,3,31,31
16593,0,7,7
16594,3,64,64
16595,3,146,146
16596,3,170,170
16597,3,86,86
16598,3,13,13
16599,0,9,9
16600,1,121,121
16601,3,0,0
16602,0,4,4
16603,1,117,117
16604,4,6,6
16605,4,75,75
16606,0,70,70
16607,1,1,1
16608,0,21,21
16609,0,88,88
16610,4,122,122
16611,4,130,130
16612,3,61,61
16613,3,89,89
16614,4,95,95
16615,3,125,125
16616,3,131,131
16617,3,57,57
16618,4,25,25
16619,3,6,6
16620,0,132,132
16621,0,19,19
16622,4,161,161
16623,1,83,83
16624,1,42,42
16625,1,43,43
16626,4,135,135
16627,1,77,77
16628,1,175,175
16629,4,16,16
16630,0,2,2
16631,3,1,1
16632,4,17,17
16633,4,175,175
16634,0,69,69
16635,4,28,28
16636,4,150,150
16637,2,119,119
16638,3,18,18
16639,0,21,21
16640,3,105,105
16641,0,6,6
16642,0,16,16
16643,2,165,165
16644,3,44,44
16645,0,134,134
16646,4,119,119
16647,4,113,113
16648,1,111,111
16649,3,119,119
16650,3,34,34
16651,0,170,170
16652,0,89,89
16653,4,120,120
16654,3,122,122
16655,3,60,60
16656,0,28,28
16657,4,120,120
16658,1,65,65
16659,2,150,150
16660,1,58,58
16661,1,158,158
16662,4,17,17
16663,1,102,102
16664,0,173,173
16665,4,44,44
16666,4,98,98
16667,3,173,173
16668,2,29,29
16669,4,15,15
16670,1,157,157
16671,4,163,163
16672,3,52,52
16673,0,21,21
16674,0,170,170
16675,2,35,35
16676,3,168,168
16677,4,151,151
16678,2,101,101
16679,1,17,17
16680,0,62,62
16681,3,2,2
16682,3,71,71
16683,2,49,49
16684,3,19,19
16685,0,22,22
16686,2,137,137
16687,2,171,171
16688,0,105,105
16689,1,30,30
16690,3,5,5
16691,0,24,24
16692,4,139,139
16693,3,43,43
16694,0,46,46
16695,4,115,115
16696,0,17,17
16697,3,98,98
16698,3,39,39
16699,4,144,144
16700,2,130,130
16701,2,47,47
16702,4,161,161
16703,3,37,37
16704,1,78,78
16705,0,84,84
16706,4,33,33
16707,2,100,100
16708,1,10,10
16709,4,151,151
16710,1,16,16
16711,2,89,89
16712,0,121,121
16713,4,173,173
16714,4,125,125
16715,1,97,97
16716,2,63,63
16717,3,99,99
16718,1,125,125
16719,0,89,89
16720,1,84,84
16721,2,41,41
16722,0,17,17
16723,2,78,78
16724,4,65,65
16725,2,24,24
16726,4,108,108
16727,4,19,19
16728,2,45,45
16729,0,11,11
16730,0,3,3
16731,1,81,81
16732,3,148,148
16733,4,70,3
16734,0,72,72
16735,1,2,2
16736,0,5,5
16737,1,102,102
16738,0,42,42
16739,4,111,111
16740,0,23,23
16741,1,9,9
16742,1,11,11
16743,2,138,138
16744,1,52,52
16745,4,95,95
16746,1,10,10
16747,2,87,87
16748,0,15,15
16749,4,44,44
16750,1,151,151
16751,4,13,13
16752,3,56,56
16753,3,62,62
16754,0,132,132
16755,3,40,40
16756,0,166,166
16757,4,77,77
16758,1,154,154
16759,1,124,124
16760,3,91,91
16761,2,142,142
16762,3,97,97
16763,4,154,154
16764,4,131,131
16765,1,97,97
16766,2,114,114
16767,4,95,95
16768,3,10,10
16769,0,26,26
16770,3,156,156
16771,2,139,139
16772,4,4,4
16773,0,131,131
16774,0,37,37
16775,1,5,5
16776,1,16,16
16777,0,10,10
16778,0,2,2
16779,4,56,56
16780,3,37,37
16781,3,10,10
16782,3,27,27
16783,2,76,76
16784,0,66,66
16785,4,24,24
16786,1,134,134
16787,0,59,59
16788,2,14,14
16789,0,70,70
16790,0,126,126
16791,3,22,22
16792,0,101,101
16793,1,143,143
16794,0,8,8
16795,4,75,75
16796,0,116,116
16797,0,11,11
16798,1,59,59
16799,1,8,8
16800,4,57,57
16801,2,140,140
16802,3,161,161
16803,1,55,55
16804,1,75,75
16805,4,7,7
16806,4,145,145
16807,4,43,43
16808,1,25,25
16809,2,172,172
16810,2,144,144
16811,4,35,35
16812,0,28,28
16813,3,137,137
16814,1,65,65
16815,4,17,17
16816,4,83,83
16817,0,110,110
16818,0,10,10
16819,1,14,14
16820,0,50,50
16821,2,92,92
16822,4,162,162
16823,4,98,98
16824,3,60,56
16825,2,36,36
16826,2,136,136
16827,1,151,151
16828,2,116,116
16829,0,173,173
16830,4,18,18
16831,0,7,7
16832,0,37,37
16833,4,79,79
16834,4,51,51
16835,0,22,22
16836,0,45,45
16837,3,2,2
16838,3,34,34
16839,2,158,158
16840,3,52,52
16841,1,32,32
16842,3,126,126
16843,1,44,44
16844,1,78,78
16845,3,21,21
16846,1,133,133
16847,3,149,149
16848,0,31,31
16849,2,108,108
16850,4,15,15
16851,2,175,175
16852,2,146,146
16853,1,121,121
16854,4,145,145
16855,2,27,27
16856,4,148,148
16857,1,76,76
16858,2,131,131
16859,4,30,30
16860,1,49,49
16861,2,94,94
16862,1,128,128
16863,4,125,125
16864,1,15,15
16865,1,14,14
16866,3,53,53
16867,4,150,150
16868,3,40,40
16869,3,110,110
16870,3,38,38
16871,2,58,58
16872,2,79,79
16873,1,3,3
16874,1,62,62
16875,4,29,29
16876,0,62,62
16877,3,129,129
16878,2,63,63
16879,0,31,31
16880,1,97,97
16881,1,159,159
16882,3,60,60
16883,4,8,8
16884,0,0,0
16885,3,14,14
16886,2,31,31
16887,3,157,157
16888,0,51,51
16889,3,37,37
16890,0,87,87
16891,3,3,3
16892,0,143,143
16893,3,32,32
16894,0,3,3
16895,1,63,63
16896,0,38,38
16897,0,145,145
16898,2,167,167
16899,4,37,37
16900,0,139,139
16901,3,82,82
16902,0,13,13
16903,1,17,17
16904,2,39,39
16905,1,125,125
16906,0,53,53
16907,1,62,62
16908,2,127,127
16909,4,0,0
16910,2,34,34
16911,0,113,113
16912,1,120,120
16913,3,72,72
16914,2,51,51
16915,2,0,0
16916,0,44,44
16917,2,147,147
16918,4,59,59
16919,1,162,162
16920,1,37,37
16921,1,93,93
16922,4,11,11
16923,1,32,32
16924,1,14,14
16925,4,63,63
16926,2,65,65
16927,0,82,82
16928,3,72,72
16929,0,78,78
16930,0,141,141
16931,3,29,29
16932,1,175,175
16933,1,99,99
16934,2,136,136
16935,4,90,90
16936,4,73,73
16937,2,57,57
16938,4,160,160
16939,4,17,17
16940,1,152,152
16941,3,124,124
16942,1,29,29
16943,4,159,159
16944,2,29,29
16945,0,105,105
16946,2,98,98
16947,0,14,14
16948,4,62,62
16949,1,163,163
16950,3,91,91
16951,3,107,107
16952,3,128,128
16953,2,143,143
16954,1,146,146
16955,4,91,91
16956,4,136,136
16957,2,33,33
16958,1,41,41
16959,2,120,120
16960,1,157,157
16961,1,22,22
16962,2,175,175
16963,4,14,14
16964,4,5,5
16965,4,8,8
16966,2,91,91
16967,1,37,37
16968,4,3,3
16969,0,26,26
16970,1,18,18
16971,4,27,27
16972,4,28,28
16973,0,59,59
16974,0,29,29
16975,2,30,30
16976,4,86,86
16977,3,85,85
16978,0,73,73
16979,1,72,72
16980,1,41,41
16981,1,104,104
16982,1,77,77
16983,1,2,2
16984,3,132,132
16985,1,165,165
16986,3,131,131
16987,3,49,49
16988,0,10,10
16989,0,4,4
16990,1,29,29
16991,3,3,3
16992,3,0,0
16993,1,32,32
16994,4,113,113
16995,2,0,0
16996,4,12,12
16997,4,165,165
16998,3,159,159
16999,3,72,72
17000,2,55,55
17001,4,148,148
17002,3,110,110
17003,0,30,30
17004,3,31,31
17005,4,49,49
17006,3,43,43
17007,4,90,90
17008,3,139,139
17009,2,170,170
17010,1,23,23
17011,3,43,43
17012,1,121,121
17013,4,29,29
17014,4,6,6
17015,2,102,102
17016,3,113,113
17017,2,121,121
17018,4,126,126
17019,1,164,164
17020,1,13,13
17021,4,121,121
17022,4,144,144
17023,1,35,35
17024,4,48,48
17025,1,120,120
17026,1,33,33
17027,3,19,19
17028,2,67,67
17029,3,59,59
17030,3,79,79
17031,4,93,93
17032,3,88,88
17033,3,112,112
17034,2,96,96
17035,2,152,152
17036,2,136,136
17037,4,122,122
17038,4,74,74
17039,0,25,25
17040,0,105,105
17041,2,96,96
17042,0,128,128
17043,1,103,103
17044,0,167,167
17045,4,7,7
17046,0,34,34
17047,2,98,98
17048,3,128,128
17049,0,91,91
17050,1,79,104
17051,0,40,40
17052,3,96,96
17053,4,14,14
17054,1,22,22
17055,1,19,19
17056,2,63,63
17057,4,55,55
17058,4,1,1
17059,1,10,10
17060,2,26,26
17061,2,58,58
17062,3,22,22
17063,0,5,5
17064,0,29,29
17065,2,166,166
17066,0,54,54
17067,1,175,175
17068,0,48,48
17069,3,64,64
17070,1,121,121
17071,0,21,21
17072,2,65,65
17073,2,148,148
17074,4,141,141
17075,0,37,37
17076,2,59,59
17077,1,80,80
17078,2,78,78
17079,0,29,29
17080,4,35,35
17081,0,121,121
17082,0,86,86
17083,2,69,69
17084,3,51,51
17085,1,104,104
17086,3,35,35
17087,3,60,60
17088,2,10,10
17089,0,81,81
17090,2,131,131
17091,1,67,67
17092,3,173,173
17093,4,162,162
17094,4,175,175
17095,0,66,66
17096,1,103,103
17097,4,76,76
17098,3,150,150
17099,4,58,58
17100,0,88,88
17101,4,100,100
17102,1,10,10
17103,3,115,115
17104,3,150,150
17105,1,10,10
17106,2,132,132
17107,1,44,44
17108,0,56,60
17109,2,149,149
17110,3,135,135
17111,4,137,137
17112,0,123,123
17113,0,153,153
17114,4,150,150
17115,4,49,49
17116,4,171,171
17117,2,146,146
17118,3,162,162
17119,4,12,12
17120,3,155,155
17121,0,12,12
17122,0,166,166
17123,4,26,26
17124,1,88,88
17125,1,146,146
17126,1,34,34
17127,2,131,131
17128,3,11,11
17129,4,0,0
17130,3,23,23
17131,2,82,82
17132,4,94,94
17133,3,39,39
17134,0,15,15
17135,1,105,95
17136,2,3,70
17137,4,98,98
17138,4,68,68
17139,3,164,164
17140,0,150,150
17141,1,37,37
17142,1,30,30
17143,1,121,121
17144,0,13,13
17145,2,84,126
17146,3,110,110
17147,0,52,52
17148,0,160,160
17149,0,26,26
17150,4,152,152
17151,0,101,101
17152,0,76,95
17153,2,128,128
17154,3,152,152
17155,0,34,34
17156,4,59,59
17157,2,159,159
17158,4,98,98
17159,0,34,34
17160,1,37,37
17161,4,89,89
17162,3,94,94
17163,3,106,106
17164,0,136,136
17165,0,41,41
17166,3,137,137
17167,3,141,141
17168,2,127,127
17169,2,78,78
17170,0,132,132
17171,4,120,120
17172,1,71,71
17173,3,93,93
17174,1,29,29
17175,2,45,45
17176,0,120,120
17177,2,119,119
17178,1,78,78
17179,1,33,33
17180,4,141,141
17181,0,144,144
17182,1,67,67
17183,3,56,56
17184,0,117,117
17185,2,92,92
17186,4,99,99
17187,3,9,9
17188,4,36,36
17189,4,26,26
17190,3,9,9
17191,0,145,145
17192,0,140,140
17193,4,81,81
17194,4,63,3
17195,0,164,164
17196,3,88,88
17197,4,3,70
17198,4,68,68
17199,3,126,126
17200,3,67,67
17201,2,144,144
17202,2,127,127
17203,4,146,146
17204,3,160,160
17205,1,155,155
17206,2,107,107
17207,4,129,129
17208,4,115,115
17209,4,170,170
17210,3,147,147
17211,1,170,170
17212,3,26,26
17213,0,58,58
17214,3,17,17
17215,0,3,3
17216,2,5,5
17217,3,0,0
17218,1,83,83
17219,1,5,5
17220,3,36,36
17221,3,29,29
17222,1,149,149
17223,1,88,88
17224,1,139,139
17225,4,86,86
17226,4,68,68
17227,3,89,89
17228,4,126,126
17229,0,40,40
17230,4,30,30
17231,2,68,68
17232,2,119,119
17233,2,67,67
17234,0,44,44
17235,2,146,146
17236,1,123,123
17237,1,7,7
17238,4,110,110
17239,0,47,47
17240,2,160,160
17241,2,10,10
17242,1,37,37
17243,0,126,126
17244,2,154,154
17245,0,41,41
17246,0,3,3
17247,4,12,12
17248,2,38,38
17249,4,12,12
17250,3,46,46
17251,2,47,47
17252,2,29,29
17253,0,80,80
17254,0,147,147
17255,3,155,155
17256,1,137,137
17257,2,24,24
17258,3,15,15
17259,3,95,95
17260,0,45,45
17261,1,11,11
17262,0,137,137
17263,4,13,13
17264,4,156,156
17265,2,18,18
17266,2,83,83
17267,1,150,150
17268,3,90,90
17269,2,49,49
17270,4,148,148
17271,2,1,1
17272,0,23,23
17273,3,104,104
17274,0,110,110
17275,3,146,146
17276,0,68,68
17277,4,166,166
17278,3,142,142
17279,3,45,45
17280,2,121,121
17281,2,40,40
17282,4,55,55
17283,2,174,174
17284,3,166,166
17285,4,112,112
17286,2,163,163
17287,1,98,98
17288,0,109,109
17289,2,19,19
17290,4,34,34
17291,1,119,119
17292,2,41,41
17293,0,32,32
17294,3,65,65
17295,1,5,5
17296,0,172,172
17297,0,136,136
17298,4,68,68
17299,2,169,169
17300,2,47,47
17301,4,88,88
17302,0,66,66
17303,4,45,45
17304,4,37,37
17305,4,163,163
17306,0,50,50
17307,4,14,14
17308,1,70,70
17309,1,79,79
17310,1,161,161
17311,1,132,132
17312,0,62,62
17313,3,132,132
17314,3,30,30
17315,3,101,101
17316,1,31,31
17317,2,112,112
17318,0,86,86
17319,0,101,101
17320,3,41,41
17321,1,95,56
17322,3,91,91
17323,0,34,34
17324,3,173,173
17325,3,88,88
17326,3,14,14
17327,3,21,21
17328,1,112,112
17329,1,96,96
17330,1,91,91
17331,3,3,3
17332,0,111,111
17333,3,43,43
17334,1,122,122
17335,1,49,49
17336,3,102,102
17337,1,3,3
17338,1,79,79
17339,0,19,19
17340,0,114,114
17341,4,92,92
17342,3,148,148
17343,0,91,91
17344,3,153,153
17345,3,88,88
17346,1,116,116
17347,2,45,45
17348,2,111,111
17349,3,98,98
17350,4,27,27
17351,4,0,0
17352,0,14,14
17353,3,19,19
17354,3,100,100
17355,0,74,74
17356,4,105,105
17357,4,27,27
17358,2,80,80
17359,1,120,120
17360,0,112,112
17361,4,123,123
17362,3,36,36
17363,0,97,97
17364,1,34,34
17365,4,35,151
17366,2,117,117
17367,4,5,5
17368,4,17,17
17369,4,73,73
17370,3,110,110
17371,4,165,165
17372,0,110,110
17373,4,1,1
17374,4,78,78
17375,0,139,139
17376,3,110,110
17377,1,10,10
17378,0,136,136
17379,3,1,1
17380,2,23,23
17381,0,52,52
17382,4,163,163
17383,0,110,110
17384,2,43,43
17385,2,156,156
17386,0,153,153
17387,2,47,47
17388,2,11,24
17389,0,8,8
17390,1,62,62
17391,0,68,68
17392,4,13,13
17393,1,150,150
17394,4,159,159
17395,4,134,134
17396,2,44,44
17397,1,170,170
17398,1,174,174
17399,4,103,103
17400,1,2,2
17401,3,2,2
17402,2,133,133
17403,3,120,120
17404,4,15,15
17405,2,96,96
17406,2,72,72
17407,2,169,169
17408,4,105,105
17409,0,94,94
17410,4,127,127
17411,2,144,144
17412,2,114,114
17413,3,86,86
17414,4,134,134
17415,1,57,57
17416,3,1,1
17417,3,5,5
17418,2,131,131
17419,0,75,75
17420,4,57,57
17421,4,122,122
17422,4,8,8
17423,0,147,147
17424,3,76,76
17425,3,156,156
17426,4,58,58
17427,2,152,152
17428,4,12,12
17429,3,34,34
17430,1,26,26
17431,3,56,56
17432,2,37,37
17433,2,71,71
17434,1,96,96
17435,1,122,122
17436,2,154,154
17437,1,27,27
17438,1,154,154
17439,2,111,111
17440,0,18,18
17441,1,30,30
17442,2,118,118
17443,2,37,37
17444,4,139,139
17445,4,56,56
17446,4,114,114
17447,4,58,58
17448,4,172,172
17449,2,92,92
17450,4,36,36
17451,3,134,134
17452,1,48,48
17453,0,88,88
17454,3,65,65
17455,3,107,107
17456,0,9,9
17457,4,173,173
17458,0,19,19
17459,2,127,127
17460,2,102,102
17461,3,101,101
17462,2,94,94
17463,4,110,110
17464,4,31,31
17465,0,27,27
17466,2,75,75
17467,2,136,136
17468,4,129,129
17469,1,26,26
17470,1,127,127
17471,0,171,171
17472,0,77,77
17473,2,15,15
17474,0,70,70
17475,1,111,111
17476,3,168,168
17477,3,31,31
17478,0,21,21
17479,0,114,114
17480,1,64,64
17481,4,144,144
17482,4,127,127
17483,2,45,45
17484,4,49,49
17485,4,21,21
17486,4,112,112
17487,3,159,159
17488,1,79,79
17489,0,17,17
17490,0,152,152
17491,0,30,30
17492,1,61,61
17493,3,138,138
17494,2,133,133
17495,2,78,78
17496,4,32,32
17497,4,112,112
17498,4,4,4
17499,2,80,80
17500,4,100,100
17501,0,59,59
17502,4,109,109
17503,1,109,109
17504,3,154,154
17505,1,164,164
17506,0,29,29
17507,1,42,42
17508,0,165,165
17509,0,77,90
17510,4,115,115
17511,2,145,145
17512,1,59,59
17513,1,61,61
17514,4,72,72
17515,0,63,63
17516,4,106,106
17517,1,22,22
17518,3,24,24
17519,2,72,72
17520,4,158,158
17521,3,79,104
17522,2,102,102
17523,2,38,38
17524,4,68,68
17525,0,132,132
17526,2,156,156
17527,1,72,72
17528,2,114,114
17529,1,2,2
17530,2,163,163
17531,3,126,126
17532,0,1,1
17533,4,52,52
17534,1,139,139
17535,2,129,129
17536,0,14,14
17537,4,135,135
17538,1,43,43
17539,2,143,143
17540,0,172,172
17541,3,28,28
17542,2,0,0
17543,0,155,155
17544,4,69,69
17545,3,133,133
17546,3,136,136
17547,4,139,139
17548,2,174,174
17549,3,142,142
17550,1,138,138
17551,4,164,164
17552,1,129,129
17553,4,113,113
17554,2,89,89
17555,2,25,25
17556,4,84,84
17557,1,130,130
17558,3,123,123
17559,2,69,69
17560,3,43,43
17561,3,104,79
17562,3,86,86
17563,1,22,22
17564,0,72,72
17565,1,32,32
17566,1,87,87
17567,1,58,58
17568,0,93,93
17569,4,37,37
17570,2,131,131
17571,1,146,146
17572,3,70,70
17573,3,10,10
17574,2,136,136
17575,4,90,90
17576,3,51,51
17577,2,105,105
17578,4,38,38
17579,4,37,37
17580,0,27,27
17581,4,115,115
17582,1,12,12
17583,3,19,19
17584,0,101,101
17585,0,106,106
17586,1,87,87
17587,3,13,13
17588,2,55,55
17589,0,107,107
17590,0,61,61
17591,1,144,144
17592,1,105,133
17593,2,103,103
17594,2,128,128
17595,0,68,68
17596,1,139,139
17597,3,97,97
17598,3,132,132
17599,1,2,2
17600,4,20,20
17601,3,171,171
17602,4,153,153
17603,0,60,60
17604,2,44,44
17605,2,2,2
17606,4,85,85
17607,3,41,41
17608,0,144,144
17609,2,123,123
17610,0,157,157
17611,3,35,35
17612,2,122,122
17613,1,125,125
17614,0,136,136
17615,2,156,156
17616,4,124,124
17617,4,138,138
17618,1,69,69
17619,2,23,23
17620,1,108,108
17621,4,102,102
17622,1,31,31
17623,3,125,125
17624,3,132,132
17625,0,9,9
17626,1,76,76
17627,0,156,48
17628,2,7,7
17629,1,55,55
17630,4,133,133
17631,3,106,106
17632,0,129,129
17633,4,11,11
17634,4,84,84
17635,1,30,30
17636,4,117,117
17637,0,34,34
17638,4,137,137
17639,1,47,47
17640,4,85,85
17641,3,101,101
17642,3,36,36
17643,2,77,77
17644,0,85,85
17645,3,118,118
17646,0,129,129
17647,1,30,30
17648,2,22,22
17649,0,99,99
17650,3,149,149
17651,0,64,64
17652,3,50,50
17653,4,27,27
17654,3,88,88
17655,4,87,87
17656,4,97,97
17657,0,31,31
17658,2,80,80
17659,0,25,25
17660,0,144,144
17661,3,22,22
17662,0,72,72
17663,0,21,21
17664,3,57,57
17665,2,122,122
17666,2,148,148
17667,2,61,61
17668,0,35,35
17669,0,29,29
17670,1,131,131
17671,3,20,20
17672,4,27,27
17673,1,0,0
17674,2,138,138
17675,4,59,59
17676,2,135,135
17677,1,155,155
17678,1,78,78
17679,3,96,96
17680,4,78,78
17681,2,11,11
17682,4,166,166
17683,4,4,4
17684,0,173,173
17685,0,88,88
17686,0,23,23
17687,2,19,19
17688,3,25,25
17689,4,108,108
17690,0,111,111
17691,4,136,136
17692,2,165,165
17693,3,44,44
17694,3,112,112
17695,2,33,33
17696,3,74,74
17697,0,16,16
17698,4,59,59
17699,0,173,173
17700,1,42,42
17701,0,56,56
17702,2,137,137
17703,1,65,65
17704,0,55,55
17705,1,28,28
17706,3,50,1
17707,3,32,32
17708,1,167,167
17709,4,156,156
17710,0,10,10
17711,3,56,56
17712,1,18,18
17713,1,155,155
17714,1,77,77
17715,3,87,87
17716,3,140,140
17717,1,26,26
17718,2,115,115
17719,2,6,6
17720,3,17,17
17721,4,89,89
17722,2,134,134
17723,4,163,163
17724,0,99,99
17725,3,124,124
17726,2,95,95
17727,4,133,133
17728,2,94,94
17729,2,82,82
17730,3,164,164
17731,4,118,118
17732,4,110,110
17733,4,7,7
17734,4,43,43
17735,3,165,165
17736,3,30,30
17737,3,8,8
17738,4,70,70
17739,1,92,92
17740,1,130,130
17741,4,36,36
17742,1,117,117
17743,2,87,87
17744,4,102,102
17745,0,57,57
17746,3,50,50
17747,1,88,88
17748,0,47,47
17749,1,62,62
17750,3,7,7
17751,3,10,10
17752,2,103,103
17753,0,141,141
17754,3,87,87
17755,2,160,160
17756,1,113,113
17757,4,125,125
17758,0,142,142
17759,3,120,120
17760,2,22,22
17761,0,79,79
17762,2,0,0
17763,4,29,29
17764,2,150,150
17765,0,104,104
17766,1,9,9
17767,1,115,115
17768,2,113,113
17769,3,71,71
17770,1,168,168
17771,1,1,1
17772,1,0,0
17773,2,5,5
17774,4,107,107
17775,3,23,23
17776,1,126,126
17777,2,30,30
17778,3,157,157
17779,0,110,110
17780,2,141,141
17781,0,82,82
17782,1,45,45
17783,2,55,55
17784,3,35,35
17785,2,120,120
17786,0,135,135
17787,3,4,4
17788,3,34,34
17789,1,173,173
17790,3,77,77
17791,4,31,31
17792,3,10,10
17793,3,102,102
17794,3,77,77
17795,2,100,100
17796,2,3,3
17797,2,42,42
17798,1,24,24
17799,0,75,75
17800,4,43,43
17801,1,150,150
17802,2,71,71
17803,4,55,55
17804,4,31,31
17805,4,166,166
17806,3,95,95
17807,2,29,29
17808,0,69,69
17809,1,93,93
17810,1,138,165
17811,1,70,70
17812,0,36,36
17813,3,169,169
17814,2,20,20
17815,1,35,35
17816,4,91,91
17817,3,2,2
17818,0,39,39
17819,2,92,92
17820,4,26,26
17821,2,15,15
17822,2,118,118
17823,0,9,9
17824,4,65,65
17825,3,29,29
17826,1,151,151
17827,1,8,8
17828,1,46,46
17829,0,1,1
17830,4,53,53
17831,4,33,33
17832,1,51,51
17833,3,17,17
17834,1,0,0
17835,1,4,4
17836,3,101,101
17837,4,175,175
17838,3,69,69
17839,2,68,68
17840,2,26,26
17841,4,71,71
17842,0,24,24
17843,4,20,20
17844,2,65,65
17845,1,161,161
17846,1,148,148
17847,2,141,141
17848,4,21,21
17849,2,12,12
17850,2,94,94
17851,0,38,38
17852,1,173,173
17853,4,138,138
17854,2,156,156
17855,1,119,119
17856,0,11,24
17857,4,85,85
17858,1,161,161
17859,4,49,49
17860,1,18,18
17861,1,3,70
17862,0,167,167
17863,4,9,9
17864,4,115,115
17865,3,23,23
17866,3,68,68
17867,4,23,23
17868,4,155,155
17869,1,75,75
17870,2,66,66
17871,3,111,111
17872,0,56,56
17873,0,19,19
17874,4,47,47
17875,0,18,18
17876,1,20,20
17877,1,164,164
17878,0,54,54
17879,0,124,124
17880,4,99,99
17881,0,165,165
17882,1,23,23
17883,4,83,83
17884,0,148,148
17885,3,136,136
17886,1,7,7
17887,3,104,104
17888,4,103,103
17889,1,68,68
17890,4,135,135
17891,4,71,71
17892,2,19,19
17893,4,0,0
17894,4,155,155
17895,3,20,20
17896,2,53,53
17897,2,32,32
17898,1,161,161
17899,0,153,153
17900,4,130,130
17901,1,2,2
17902,0,57,57
17903,2,76,76
17904,4,10,10
17905,2,49,49
17906,3,125,125
17907,3,31,31
17908,0,6,6
17909,1,41,41
17910,3,12,12
17911,3,92,92
17912,3,44,44
17913,2,58,58
17914,4,5,5
17915,2,162,162
17916,1,24,24
17917,1,20,20
17918,3,30,30
17919,4,24,24
17920,2,13,13
17921,2,95,95
17922,3,38,38
17923,2,175,175
17924,0,30,30
17925,4,38,38
17926,1,50,50
17927,3,21,21
17928,2,143,143
17929,4,74,74
17930,0,13,13
17931,4,118,118
17932,1,118,118
17933,3,41,41
17934,1,11,11
17935,0,9,9
17936,0,125,125
17937,3,173,173
17938,2,47,47
17939,2,133,133
17940,1,88,88
17941,2,28,28
17942,3,78,78
17943,3,149,149
17944,1,106,106
17945,3,1,1
17946,3,86,86
17947,1,116,116
17948,4,160,160
17949,2,117,117
17950,3,4,4
17951,0,167,167
17952,3,119,119
17953,2,101,101
17954,1,15,15
17955,2,123,123
17956,1,131,131
17957,4,18,18
17958,4,162,162
17959,2,6,6
17960,4,156,156
17961,3,124,124
17962,1,41,41
17963,2,6,6
17964,2,115,115
17965,0,58,58
17966,2,55,55
17967,4,56,56
17968,0,92,92
17969,3,2,2
17970,0,116,116
17971,3,0,0
17972,2,115,115
17973,2,65,65
17974,4,96,96
17975,3,139,139
17976,2,6,6
17977,0,32,32
17978,0,9,9
17979,1,125,125
17980,2,53,53
17981,1,14,14
17982,3,98,98
17983,3,97,97
17984,3,22,22
17985,4,41,41
17986,4,173,173
17987,4,29,29
17988,4,4,4
17989,2,38,38
17990,1,67,67
17991,2,108,108
17992,2,87,87
17993,3,160,160
17994,1,44,44
17995,2,63,63
17996,4,91,91
17997,3,57,57
17998,0,175,175
17999,1,142,142
18000,1,24,11
18001,4,34,34
18002,0,112,112
18003,2,140,140
18004,2,52,52
18005,3,166,166
18006,2,82,82
18007,2,5,5
18008,3,105,105
18009,0,1,1
18010,4,135,135
18011,0,135,135
18012,3,60,60
18013,3,50,50
18014,1,141,141
18015,1,50,50
18016,0,139,139
18017,3,29,29
18018,2,129,129
18019,3,2,2
18020,3,37,37
18021,3,19,19
18022,2,115,115
18023,1,155,155
18024,1,0,0
18025,3,44,44
18026,0,99,99
18027,2,31,31
18028,1,89,89
18029,0,144,144
18030,0,156,156
18031,2,157,157
18032,1,91,91
18033,3,3,70
18034,4,86,86
18035,0,72,72
18036,3,113,113
18037,3,17,17
18038,3,65,65
18039,2,120,120
18040,3,42,42
18041,0,62,62
18042,0,49,49
18043,4,95,95
18044,3,109,109
18045,0,79,79
18046,0,31,31
18047,1,29,29
18048,3,163,163
18049,2,141,141
18050,4,31,31
18051,4,140,140
18052,2,50,35
18053,4,40,40
18054,0,83,83
18055,0,94,94
18056,3,100,100
18057,2,170,170
18058,2,94,94
18059,0,154,154
18060,3,15,15
18061,4,58,58
18062,1,120,120
18063,0,88,88
18064,3,35,35
18065,2,169,169
18066,4,155,155
18067,2,52,52
18068,0,132,132
18069,1,19,19
18070,3,115,115
18071,3,155,155
18072,2,163,163
18073,2,102,102
18074,0,138,138
18075,1,148,148
18076,2,11,11
18077,3,95,95
18078,1,161,161
18079,1,89,89
18080,0,53,53
18081,2,82,82
18082,4,161,161
18083,4,13,13
18084,2,25,25
18085,3,91,91
18086,4,39,39
18087,2,121,121
18088,1,148,148
18089,0,160,160
18090,2,171,171
18091,1,58,58
18092,1,107,107
18093,2,17,17
18094,4,0,0
18095,0,95,95
18096,0,31,31
18097,0,103,103
18098,2,125,125
18099,3,160,160
18100,4,10,10
18101,0,86,86
18102,4,128,128
18103,2,94,94
18104,3,73,73
18105,0,67,67
18106,3,108,108
18107,0,11,24
18108,4,31,31
18109,0,141,141
18110,1,134,134
18111,1,117,117
18112,0,22,22
18113,2,11,11
18114,2,12,12
18115,2,24,24
18116,4,95,95
18117,0,0,0
18118,0,167,167
18119,4,62,62
18120,0,32,32
18121,4,167,167
18122,2,161,161
18123,0,52,52
18124,3,112,112
18125,2,122,122
18126,2,45,45
18127,3,29,29
18128,2,33,33
18129,2,92,92
18130,1,66,66
18131,3,28,28
18132,4,99,99
18133,4,165,165
18134,3,3,3
18135,3,51,51
18136,2,152,152
18137,0,49,49
18138,4,30,30
18139,3,161,161
18140,1,151,151
18141,4,116,116
18142,3,45,45
18143,4,59,59
18144,1,139,139
18145,2,110,110
18146,3,50,50
18147,2,35,35
18148,2,130,130
18149,3,170,170
18150,2,31,31
18151,2,79,79
18152,0,73,73
18153,2,68,68
18154,2,38,38
18155,2,24,11
18156,3,87,87
18157,3,45,45
18158,4,119,119
18159,3,20,20
18160,2,104,104
18161,2,0,0
18162,4,4,4
18163,0,94,94
18164,4,34,34
18165,4,96,96
18166,3,86,86
18167,2,140,140
18168,3,149,149
18169,4,9,9
18170,2,151,151
18171,1,0,0
18172,4,138,138
18173,1,29,29
18174,4,39,39
18175,1,156,156
18176,3,10,10
18177,3,29,29
18178,1,101,101
18179,4,104,104
18180,3,154,154
18181,4,49,49
18182,3,44,44
18183,2,126,126
18184,3,121,121
18185,0,8,8
18186,4,18,18
18187,4,91,91
18188,4,122,122
18189,1,64,64
18190,2,124,124
18191,3,131,131
18192,0,5,5
18193,4,116,116
18194,0,6,6
18195,3,67,67
18196,4,115,115
18197,2,31,31
18198,3,92,92
18199,4,100,100
18200,2,57,57
18201,3,69,69
18202,0,35,35
18203,1,168,168
18204,0,85,85
18205,2,84,84
18206,4,78,78
18207,2,68,68
18208,3,8,8
18209,0,2,2
18210,1,111,111
18211,3,97,97
18212,0,160,160
18213,4,76,76
18214,1,32,32
18215,2,52,52
18216,2,15,15
18217,3,118,118
18218,3,65,65
18219,0,31,31
18220,1,92,92
18221,2,84,84
18222,4,111,111
18223,1,14,14
18224,1,68,68
18225,2,14,14
18226,0,79,79
18227,2,51,51
18228,2,56,56
18229,0,68,68
18230,1,65,65
18231,3,68,68
18232,0,4,4
18233,2,107,107
18234,2,20,20
18235,1,106,106
18236,2,160,160
18237,1,0,0
18238,3,7,7
18239,2,45,45
18240,1,119,119
18241,2,11,24
18242,4,122,122
18243,2,165,165
18244,1,35,35
18245,3,146,146
18246,3,114,114
18247,4,115,115
18248,1,17,17
18249,1,38,38
18250,2,73,73
18251,2,50,50
18252,4,9,9
18253,4,64,64
18254,3,84,84
18255,0,133,133
18256,3,19,19
18257,0,16,16
18258,4,147,147
18259,1,29,29
18260,3,68,68
18261,4,50,50
18262,4,118,118
18263,3,107,107
18264,3,117,117
18265,2,58,58
18266,1,89,89
18267,1,52,52
18268,1,141,141
18269,3,153,153
18270,0,100,100
18271,2,168,168
18272,1,106,106
18273,1,43,43
18274,3,99,99
18275,1,80,80
18276,1,112,112
18277,3,0,0
18278,3,57,57
18279,0,103,103
18280,2,22,22
18281,0,61,61
18282,1,87,87
18283,0,45,45
18284,3,82,82
18285,4,0,0
18286,4,56,95
18287,1,0,0
18288,1,67,67
18289,1,10,10
18290,4,4,4
18291,4,33,33
18292,0,64,64
18293,0,13,13
18294,0,87,87
18295,1,141,141
18296,2,124,124
18297,1,42,42
18298,2,74,74
18299,0,42,42
18300,2,152,152
18301,0,53,53
18302,3,154,154
18303,0,171,171
18304,2,80,80
18305,1,92,92
18306,0,63,63
18307,3,24,11
18308,3,136,136
18309,1,22,22
18310,2,134,134
18311,4,65,65
18312,2,24,24
18313,3,91,91
18314,4,31,31
18315,2,50,50
18316,1,99,99
18317,1,77,77
18318,4,88,88
18319,0,10,10
18320,4,116,116
18321,4,57,57
18322,2,36,36
18323,0,29,29
18324,1,90,90
18325,3,76,76
18326,4,22,22
18327,3,58,58
18328,3,68,68
18329,4,142,142
18330,2,4,4
18331,4,121,121
18332,4,37,37
18333,2,146,146
18334,4,66,66
18335,2,102,102
18336,1,80,80
18337,2,171,171
18338,1,114,114
18339,3,160,160
18340,2,144,144
18341,1,110,110
18342,1,49,49
18343,2,3,3
18344,2,152,152
18345,2,14,14
18346,3,19,19
18347,4,14,14
18348,0,107,107
18349,3,75,75
18350,4,133,133
18351,1,73,73
18352,4,19,19
