sample_id,fold,y_true,y_pred
1,0,0,0
4,0,0,0
8,0,0,0
10,0,0,0
34,0,5,5
45,0,4,4
58,0,2,2
61,0,5,5
62,0,2,2
65,0,0,0
78,0,3,70
81,0,5,5
82,0,5,5
91,0,3,63
97,0,9,9
102,0,9,9
103,0,2,2
106,0,0,0
111,0,7,7
112,0,3,3
117,0,8,8
122,0,2,2
125,0,7,7
131,0,0,0
134,0,6,6
137,0,13,13
138,0,4,4
142,0,2,2
147,0,14,14
148,0,2,2
149,0,9,9
170,0,1,1
175,0,7,7
177,0,1,1
178,0,0,0
179,0,0,0
191,0,13,13
207,0,14,14
217,0,11,11
228,0,2,2
232,0,10,10
238,0,12,12
242,0,10,10
247,0,3,3
250,0,1,1
251,0,13,13
258,0,10,10
264,0,20,20
268,0,12,12
277,0,11,11
294,0,12,12
295,0,17,17
306,0,0,0
307,0,5,5
312,0,29,29
314,0,17,17
322,0,8,8
326,0,30,30
332,0,1,1
333,0,31,31
341,0,19,19
343,0,3,70
346,0,1,1
347,0,13,13
349,0,14,14
356,0,17,17
359,0,1,1
360,0,1,1
365,0,36,36
369,0,14,14
371,0,2,2
378,0,18,18
384,0,19,19
391,0,24,24
398,0,7,7
401,0,41,41
406,0,26,26
407,0,0,0
408,0,42,42
410,0,26,26
412,0,30,30
417,0,31,31
421,0,24,24
422,0,2,2
431,0,3,3
440,0,32,32
441,0,14,14
442,0,24,11
448,0,0,0
450,0,10,10
454,0,24,24
456,0,4,4
460,0,0,0
461,0,5,5
469,0,24,24
471,0,39,39
472,0,8,8
482,0,37,37
483,0,45,45
493,0,43,43
495,0,13,13
502,0,34,34
508,0,46,46
510,0,9,9
514,0,44,44
516,0,33,33
521,0,9,9
527,0,12,12
539,0,52,52
540,0,50,50
542,0,2,2
548,0,17,17
561,0,54,54
568,0,43,43
580,0,50,50
590,0,23,23
595,0,50,50
596,0,51,51
599,0,13,13
604,0,12,12
607,0,14,14
622,0,60,60
623,0,51,51
630,0,0,0
631,0,47,47
649,0,20,20
669,0,23,23
674,0,24,24
689,0,26,26
692,0,25,25
694,0,51,51
696,0,5,5
709,0,36,36
710,0,54,54
714,0,50,50
719,0,19,19
722,0,0,0
723,0,27,27
725,0,31,31
741,0,65,65
751,0,2,2
755,0,59,59
758,0,21,21
760,0,11,11
762,0,13,13
769,0,22,22
776,0,46,46
777,0,29,29
784,0,58,58
788,0,0,0
790,0,27,27
791,0,67,67
795,0,44,44
809,0,49,49
814,0,30,30
823,0,47,47
834,0,8,8
837,0,41,41
838,0,53,53
842,0,4,4
846,0,27,27
853,0,37,37
862,0,50,50
867,0,48,48
873,0,4,4
874,0,7,7
876,0,60,60
884,0,67,67
889,0,30,30
899,0,69,69
900,0,63,63
907,0,57,57
909,0,59,59
913,0,48,48
946,0,60,60
947,0,66,66
949,0,39,39
950,0,42,42
955,0,79,79
957,0,6,6
960,0,20,20
962,0,65,65
963,0,54,54
964,0,37,37
966,0,49,49
968,0,9,9
970,0,50,50
983,0,50,50
988,0,64,64
996,0,3,3
1005,0,34,34
1008,0,19,19
1010,0,60,60
1011,0,3,3
1022,0,26,26
1029,0,69,69
1032,0,2,2
1033,0,24,24
1040,0,12,12
1044,0,81,81
1045,0,49,49
1047,0,4,4
1048,0,82,82
1049,0,53,53
1052,0,65,65
1061,0,66,66
1062,0,16,16
1063,0,62,62
1075,0,49,49
1082,0,1,1
1084,0,46,46
1087,0,1,1
1097,0,83,83
1099,0,84,84
1100,0,66,66
1131,0,57,57
1133,0,39,39
1141,0,11,11
1144,0,23,23
1145,0,82,82
1148,0,1,1
1176,0,46,46
1178,0,1,1
1184,0,78,78
1185,0,38,38
1188,0,81,81
1191,0,6,6
1193,0,34,34
1195,0,55,55
1199,0,71,71
1205,0,9,9
1206,0,0,0
1214,0,46,46
1219,0,79,79
1221,0,15,15
1228,0,89,89
1230,0,52,52
1231,0,0,0
1244,0,24,24
1252,0,36,36
1253,0,91,91
1272,0,43,43
1274,0,0,0
1277,0,58,58
1290,0,4,4
1300,0,54,54
1307,0,61,61
1309,0,43,43
1310,0,36,36
1321,0,37,37
1324,0,19,19
1327,0,71,71
1329,0,64,64
1331,0,6,6
1332,0,21,21
1335,0,67,67
1344,0,29,29
1346,0,33,33
1355,0,4,4
1358,0,6,6
1361,0,20,20
1365,0,46,46
1368,0,48,48
1374,0,58,58
1376,0,95,95
1377,0,25,25
1378,0,14,14
1381,0,56,56
1383,0,71,71
1403,0,24,24
1405,0,2,2
1406,0,34,34
1410,0,90,90
1415,0,21,21
1421,0,16,16
1423,0,41,41
1426,0,17,17
1427,0,73,73
1433,0,30,30
1437,0,27,27
1441,0,97,97
1442,0,96,96
1448,0,51,51
1462,0,57,57
1463,0,71,71
1470,0,29,29
1472,0,62,62
1475,0,26,26
1478,0,30,30
1482,0,77,77
1488,0,50,50
1492,0,0,0
1498,0,39,39
1508,0,17,17
1516,0,34,34
1521,0,36,36
1533,0,26,26
1541,0,24,24
1543,0,66,66
1550,0,43,43
1556,0,24,24
1567,0,67,67
1574,0,45,45
1579,0,13,13
1583,0,26,26
1585,0,73,73
1587,0,13,13
1588,0,19,19
1594,0,101,101
1597,0,99,99
1598,0,77,77
1604,0,35,35
1609,0,81,81
1610,0,62,62
1617,0,21,21
1624,0,7,7
1625,0,96,96
1626,0,22,22
1644,0,85,85
1647,0,76,76
1652,0,36,36
1662,0,4,4
1663,0,82,82
1666,0,87,87
1673,0,22,22
1681,0,32,32
1683,0,69,69
1688,0,70,70
1689,0,56,56
1697,0,41,41
1698,0,110,110
1700,0,91,91
1701,0,89,89
1712,0,74,74
1713,0,8,8
1721,0,0,0
1725,0,21,21
1741,0,41,41
1752,0,6,6
1754,0,63,63
1766,0,17,17
1770,0,5,5
1772,0,14,14
1775,0,75,75
1780,0,17,17
1793,0,46,46
1796,0,79,104
1799,0,75,75
1806,0,81,81
1808,0,85,85
1812,0,59,59
1813,0,0,0
1816,0,11,11
1817,0,86,86
1824,0,68,68
1829,0,27,27
1835,0,119,119
1838,0,97,97
1840,0,13,13
1845,0,106,106
1856,0,38,38
1857,0,60,60
1861,0,93,93
1877,0,44,44
1878,0,62,62
1880,0,63,63
1887,0,44,44
1888,0,101,101
1897,0,60,60
1899,0,32,32
1917,0,31,31
1918,0,16,16
1929,0,71,71
1935,0,45,45
1938,0,118,118
1939,0,6,6
1941,0,18,18
1951,0,125,125
1953,0,3,3
1966,0,88,88
1967,0,68,68
1969,0,27,27
1975,0,20,20
1983,0,10,10
1984,0,122,122
1985,0,78,78
1986,0,29,29
1996,0,21,21
1997,0,70,3
1998,0,92,92
2000,0,8,8
2004,0,105,105
2010,0,64,64
2016,0,82,82
2027,0,69,69
2028,0,80,80
2032,0,64,64
2037,0,52,52
2039,0,33,33
2049,0,14,14
2054,0,8,8
2060,0,110,110
2074,0,26,26
2081,0,128,128
2086,0,6,6
2090,0,61,61
2094,0,31,31
2103,0,84,84
2107,0,49,49
2109,0,44,44
2117,0,119,119
2126,0,121,121
2128,0,38,38
2143,0,127,127
2144,0,69,69
2145,0,126,126
2151,0,81,81
2152,0,10,10
2162,0,129,129
2163,0,113,113
2165,0,62,62
2166,0,20,20
2175,0,58,58
2177,0,0,0
2178,0,9,9
2182,0,1,1
2184,0,112,112
2195,0,68,68
2202,0,85,85
2204,0,127,127
2208,0,132,132
2209,0,39,39
2214,0,86,86
2221,0,47,47
2226,0,4,4
2228,0,119,119
2232,0,69,69
2243,0,103,103
2246,0,20,20
2252,0,47,47
2253,0,115,115
2255,0,64,64
2258,0,35,35
2262,0,10,10
2263,0,70,70
2264,0,131,131
2266,0,27,27
2280,0,30,30
2283,0,114,114
2284,0,86,86
2288,0,120,120
2292,0,100,100
2296,0,4,4
2299,0,42,42
2303,0,63,63
2306,0,1,1
2310,0,130,130
2314,0,111,111
2315,0,19,19
2318,0,31,31
2320,0,11,11
2322,0,61,61
2326,0,50,50
2334,0,38,38
2345,0,15,15
2346,0,124,124
2347,0,58,58
2350,0,1,1
2360,0,119,119
2361,0,78,78
2367,0,138,138
2369,0,108,108
2370,0,66,66
2376,0,140,140
2381,0,58,58
2383,0,1,1
2385,0,141,141
2396,0,12,12
2420,0,11,11
2422,0,22,22
2451,0,74,74
2455,0,14,14
2456,0,131,131
2458,0,21,21
2460,0,80,80
2463,0,75,75
2464,0,27,27
2473,0,29,29
2491,0,128,128
2498,0,117,117
2502,0,48,48
2504,0,108,108
2506,0,59,59
2513,0,38,38
2516,0,59,59
2519,0,3,70
2522,0,75,75
2530,0,46,46
2531,0,56,56
2533,0,147,147
2540,0,137,137
2546,0,40,40
2548,0,31,31
2550,0,23,23
2555,0,74,74
2559,0,45,45
2564,0,96,96
2566,0,21,21
2568,0,146,146
2569,0,149,149
2572,0,58,58
2573,0,52,52
2575,0,43,43
2578,0,19,19
2579,0,139,139
2581,0,91,91
2583,0,30,30
2594,0,40,40
2606,0,37,37
2612,0,141,141
2618,0,23,23
2627,0,82,82
2630,0,138,138
2635,0,55,55
2639,0,96,96
2642,0,62,62
2643,0,0,0
2647,0,71,71
2655,0,137,137
2656,0,85,85
2661,0,28,28
2663,0,11,11
2691,0,135,135
2692,0,78,78
2693,0,105,105
2703,0,44,44
2704,0,11,24
2716,0,142,142
2719,0,8,8
2722,0,63,63
2728,0,112,112
2732,0,1,1
2735,0,13,13
2741,0,23,23
2747,0,128,128
2751,0,100,100
2752,0,85,85
2755,0,24,11
2757,0,88,88
2760,0,127,127
2767,0,29,29
2769,0,43,43
2773,0,108,108
2777,0,34,34
2789,0,95,95
2794,0,11,24
2799,0,35,35
2801,0,14,14
2804,0,138,138
2806,0,29,29
2813,0,148,148
2818,0,96,96
2823,0,142,142
2827,0,107,107
2831,0,149,149
2834,0,33,33
2835,0,37,37
2836,0,143,143
2843,0,125,125
2844,0,51,51
2846,0,119,83
2849,0,48,48
2850,0,18,18
2853,0,4,4
2857,0,4,4
2858,0,117,117
2861,0,18,18
2876,0,0,0
2879,0,37,37
2884,0,30,30
2901,0,150,150
2902,0,131,131
2908,0,103,103
2915,0,120,120
2920,0,23,23
2921,0,0,0
2924,0,30,30
2927,0,55,55
2931,0,57,57
2934,0,34,34
2935,0,19,19
2936,0,36,36
2938,0,143,143
2947,0,14,14
2948,0,140,140
2950,0,65,65
2951,0,39,39
2956,0,89,89
2957,0,70,70
2961,0,113,113
2965,0,149,149
2974,0,46,46
2975,0,120,120
2991,0,23,23
2995,0,3,70
3001,0,27,27
3009,0,150,150
3011,0,79,79
3016,0,95,95
3017,0,98,98
3034,0,37,37
3036,0,58,58
3046,0,104,104
3051,0,133,133
3060,0,119,119
3068,0,118,118
3082,0,44,44
3087,0,90,90
3095,0,22,22
3103,0,101,101
3104,0,10,10
3114,0,50,50
3117,0,133,133
3126,0,22,22
3128,0,85,85
3138,0,14,14
3145,0,108,108
3151,0,128,128
3152,0,85,85
3157,0,106,106
3158,0,52,52
3159,0,16,16
3166,0,8,8
3170,0,158,158
3173,0,36,36
3174,0,98,98
3182,0,155,155
3187,0,119,119
3192,0,0,0
3198,0,16,16
3213,0,135,135
3220,0,50,50
3222,0,45,45
3223,0,87,87
3225,0,3,3
3231,0,2,2
3238,0,32,32
3253,0,94,94
3254,0,4,4
3256,0,37,37
3260,0,37,37
3275,0,69,69
3278,0,89,89
3290,0,49,49
3295,0,98,98
3301,0,35,35
3308,0,157,157
3311,0,11,24
3313,0,2,2
3315,0,24,24
3318,0,11,11
3326,0,29,29
3331,0,146,146
3335,0,139,139
3339,0,50,50
3347,0,154,154
3351,0,11,11
3362,0,120,120
3365,0,70,3
3367,0,25,25
3371,0,145,145
3372,0,3,63
3401,0,120,120
3405,0,143,143
3419,0,140,140
3420,0,91,91
3426,0,92,92
3437,0,83,83
3439,0,45,45
3450,0,96,96
3463,0,146,146
3473,0,144,144
3477,0,33,33
3478,0,84,84
3484,0,22,22
3485,0,65,65
3486,0,25,25
3500,0,0,0
3510,0,18,18
3514,0,8,8
3515,0,33,33
3517,0,53,53
3521,0,4,4
3527,0,44,44
3528,0,122,122
3529,0,17,17
3532,0,145,145
3535,0,161,161
3548,0,41,41
3550,0,89,89
3555,0,99,99
3556,0,84,84
3558,0,47,47
3569,0,8,8
3577,0,101,101
3578,0,123,123
3585,0,115,115
3590,0,65,65
3595,0,87,87
3597,0,129,129
3598,0,93,93
3610,0,61,61
3615,0,96,96
3617,0,15,15
3618,0,118,118
3623,0,93,93
3637,0,91,91
3643,0,22,22
3680,0,141,141
3683,0,92,110
3684,0,74,74
3686,0,134,134
3687,0,68,68
3691,0,160,160
3694,0,30,30
3699,0,129,129
3703,0,161,161
3705,0,80,80
3714,0,58,58
3716,0,81,81
3720,0,5,5
3721,0,70,70
3723,0,57,57
3730,0,10,10
3731,0,95,95
3739,0,30,30
3740,0,123,123
3750,0,34,34
3757,0,150,150
3764,0,161,161
3769,0,162,162
3771,0,80,80
3774,0,101,101
3781,0,152,152
3792,0,72,72
3795,0,134,134
3798,0,7,7
3799,0,135,135
3808,0,4,4
3818,0,92,92
3820,0,63,63
3833,0,121,121
3834,0,103,103
3835,0,55,55
3843,0,111,111
3845,0,47,47
3851,0,84,84
3863,0,78,78
3864,0,114,114
3868,0,26,26
3880,0,31,31
3882,0,3,3
3885,0,80,80
3886,0,24,24
3893,0,152,152
3896,0,109,109
3897,0,41,41
3901,0,125,125
3908,0,24,24
3909,0,165,165
3912,0,34,34
3915,0,1,1
3919,0,130,130
3922,0,136,136
3924,0,165,165
3931,0,3,3
3939,0,117,117
3941,0,7,7
3942,0,0,0
3945,0,100,100
3947,0,43,43
3952,0,34,34
3953,0,163,163
3960,0,151,151
3966,0,24,11
3969,0,93,93
3970,0,100,100
3977,0,37,37
3997,0,83,83
4000,0,138,138
4001,0,124,124
4010,0,24,24
4017,0,33,33
4022,0,2,2
4040,0,137,137
4042,0,168,168
4045,0,32,32
4056,0,34,34
4060,0,146,146
4061,0,76,76
4066,0,120,120
4075,0,77,77
4078,0,103,103
4080,0,145,145
4081,0,129,129
4082,0,146,146
4084,0,49,49
4088,0,167,167
4089,0,22,22
4092,0,86,115
4093,0,30,30
4097,0,161,161
4112,0,7,7
4118,0,105,105
4119,0,100,100
4120,0,135,135
4127,0,31,31
4129,0,47,47
4131,0,166,166
4138,0,148,148
4139,0,49,49
4144,0,8,8
4145,0,139,139
4147,0,69,69
4151,0,108,108
4161,0,118,118
4162,0,108,108
4163,0,70,3
4170,0,23,23
4171,0,93,93
4172,0,122,122
4173,0,64,64
4180,0,20,20
4187,0,102,102
4190,0,128,128
4195,0,103,103
4198,0,38,38
4204,0,124,124
4205,0,19,19
4212,0,150,150
4218,0,165,165
4222,0,35,35
4232,0,44,44
4243,0,71,71
4253,0,6,6
4256,0,7,7
4269,0,121,121
4281,0,126,126
4292,0,76,76
4295,0,68,68
4314,0,40,40
4316,0,66,66
4322,0,73,73
4323,0,36,36
4324,0,155,155
4325,0,31,31
4326,0,77,77
4330,0,6,6
4332,0,142,142
4340,0,14,14
4343,0,102,102
4346,0,70,3
4351,0,104,104
4357,0,162,162
4359,0,38,38
4360,0,62,62
4364,0,27,27
4366,0,56,56
4373,0,130,130
4381,0,82,82
4383,0,50,50
4394,0,156,156
4396,0,37,37
4399,0,166,166
4404,0,59,59
4414,0,36,36
4415,0,4,4
4428,0,74,74
4429,0,18,18
4436,0,132,132
4438,0,33,33
4439,0,163,163
4441,0,81,81
4443,0,126,126
4445,0,161,161
4450,0,9,9
4457,0,165,165
4458,0,103,103
4461,0,51,51
4462,0,30,30
4463,0,1,1
4473,0,119,119
4476,0,137,137
4485,0,160,160
4492,0,27,27
4498,0,40,40
4509,0,38,38
4510,0,104,104
4512,0,66,66
4514,0,72,72
4515,0,27,27
4518,0,44,44
4527,0,58,58
4528,0,157,157
4529,0,70,3
4533,0,154,154
4538,0,55,55
4541,0,87,87
4545,0,18,18
4548,0,2,2
4553,0,79,79
4555,0,19,19
4559,0,84,84
4560,0,24,11
4561,0,154,154
4573,0,166,166
4577,0,137,137
4581,0,130,130
4584,0,40,40
4589,0,90,90
4592,0,167,167
4610,0,78,78
4614,0,26,26
4616,0,8,8
4622,0,116,116
4630,0,34,34
4642,0,82,82
4650,0,36,36
4653,0,89,89
4659,0,76,76
4668,0,121,121
4671,0,79,79
4680,0,14,14
4699,0,108,108
4701,0,144,144
4704,0,110,110
4715,0,163,163
4721,0,159,159
4722,0,50,50
4724,0,13,13
4730,0,156,156
4743,0,29,29
4748,0,19,19
4749,0,153,153
4764,0,86,22
4774,0,77,77
4780,0,22,22
4782,0,103,103
4790,0,42,42
4792,0,163,163
4799,0,102,102
4802,0,83,83
4803,0,56,56
4813,0,76,76
4820,0,40,40
4821,0,147,147
4832,0,168,168
4833,0,67,67
4835,0,1,1
4837,0,152,152
4849,0,11,11
4851,0,118,118
4857,0,121,121
4865,0,138,138
4867,0,26,26
4868,0,38,38
4869,0,147,143
4876,0,44,44
4886,0,129,129
4891,0,99,99
4893,0,119,119
4896,0,130,130
4909,0,37,37
4911,0,16,16
4914,0,14,14
4919,0,13,13
4936,0,100,100
4938,0,33,33
4940,0,127,127
4942,0,32,32
4946,0,169,169
4956,0,80,80
4957,0,151,151
4959,0,45,45
4977,0,2,2
4984,0,43,43
4995,0,17,17
5002,0,98,98
5009,0,19,19
5014,0,27,27
5015,0,118,118
5018,0,67,67
5022,0,41,41
5032,0,0,22
5034,0,127,127
5040,0,172,172
5041,0,123,123
5044,0,93,93
5045,0,50,50
5048,0,96,96
5049,0,44,44
5050,0,102,102
5052,0,129,129
5073,0,87,87
5076,0,88,88
5080,0,70,70
5081,0,49,49
5084,0,40,40
5085,0,93,93
5097,0,6,6
5104,0,16,16
5107,0,154,154
5108,0,52,52
5110,0,137,137
5113,0,150,150
5116,0,14,14
5118,0,62,62
5121,0,9,9
5122,0,7,7
5123,0,121,121
5134,0,25,25
5136,0,44,44
5139,0,7,7
5149,0,109,109
5152,0,88,88
5158,0,27,27
5159,0,145,145
5160,0,7,7
5164,0,167,167
5182,0,59,59
5184,0,1,1
5192,0,84,84
5193,0,10,10
5196,0,83,83
5203,0,53,53
5206,0,150,150
5208,0,127,127
5213,0,139,139
5220,0,12,12
5221,0,57,57
5222,0,172,172
5227,0,102,102
5231,0,66,66
5234,0,102,102
5235,0,143,143
5239,0,2,2
5243,0,8,8
5245,0,94,94
5249,0,135,135
5250,0,87,87
5252,0,106,106
5264,0,64,64
5267,0,102,102
5272,0,127,127
5275,0,162,162
5277,0,26,26
5296,0,8,8
5299,0,22,22
5306,0,108,108
5311,0,28,28
5313,0,59,59
5319,0,64,64
5329,0,4,4
5330,0,41,41
5334,0,171,171
5349,0,151,151
5351,0,27,27
5352,0,12,12
5362,0,124,124
5363,0,52,52
5370,0,29,29
5375,0,114,114
5378,0,67,67
5382,0,10,10
5389,0,71,71
5391,0,32,32
5392,0,5,5
5397,0,164,164
5402,0,1,1
5403,0,15,15
5406,0,59,59
5413,0,33,33
5415,0,152,152
5418,0,22,22
5420,0,170,170
5425,0,4,4
5432,0,10,10
5435,0,93,93
5445,0,110,110
5453,0,28,28
5458,0,71,71
5461,0,77,77
5463,0,115,115
5465,0,81,81
5470,0,68,68
5471,0,120,120
5474,0,20,20
5477,0,77,77
5484,0,75,75
5487,0,174,174
5490,0,92,92
5494,0,48,48
5516,0,108,108
5526,0,4,4
5528,0,28,28
5529,0,40,40
5544,0,0,0
5555,0,119,119
5557,0,148,148
5562,0,50,50
5563,0,33,33
5565,0,43,43
5583,0,86,86
5587,0,142,142
5606,0,57,57
5610,0,0,0
5612,0,37,37
5613,0,167,167
5615,0,23,23
5617,0,165,165
5622,0,85,85
5637,0,96,96
5650,0,35,35
5657,0,94,94
5662,0,50,50
5672,0,83,83
5675,0,67,67
5679,0,98,98
5683,0,22,22
5697,0,24,11
5705,0,64,64
5706,0,135,135
5713,0,36,36
5720,0,0,0
5729,0,58,58
5731,0,129,129
5746,0,39,39
5747,0,10,10
5754,0,152,152
5764,0,107,107
5768,0,168,168
5769,0,30,30
5770,0,55,55
5778,0,86,86
5785,0,66,66
5791,0,92,92
5793,0,0,0
5800,0,19,19
5803,0,74,74
5804,0,41,41
5807,0,133,133
5818,0,172,172
5827,0,20,20
5829,0,99,99
5833,0,98,98
5834,0,166,166
5836,0,172,172
5839,0,35,35
5848,0,22,22
5861,0,107,107
5862,0,4,4
5863,0,128,128
5865,0,84,84
5873,0,60,60
5877,0,133,133
5881,0,111,111
5884,0,76,76
5890,0,76,76
5905,0,170,170
5911,0,43,43
5915,0,42,42
5918,0,114,114
5920,0,111,111
5931,0,147,147
5934,0,171,171
5939,0,38,38
5947,0,10,10
5955,0,32,32
5965,0,131,131
5966,0,127,127
5968,0,101,101
5977,0,153,153
5980,0,65,65
5981,0,121,121
5988,0,151,74
5992,0,115,115
5994,0,115,115
5998,0,24,24
6008,0,52,52
6011,0,47,47
6012,0,51,51
6016,0,73,73
6017,0,163,163
6021,0,91,91
6022,0,11,11
6026,0,156,156
6027,0,82,82
6030,0,75,75
6033,0,24,24
6034,0,1,1
6039,0,173,173
6045,0,122,122
6047,0,16,16
6055,0,30,30
6060,0,134,134
6077,0,24,24
6084,0,95,95
6087,0,122,122
6092,0,36,36
6093,0,25,25
6100,0,25,25
6104,0,135,135
6106,0,100,100
6107,0,20,20
6110,0,100,100
6114,0,50,50
6116,0,15,15
6123,0,163,163
6129,0,112,112
6131,0,54,54
6132,0,35,35
6152,0,39,39
6154,0,86,86
6156,0,119,119
6161,0,53,53
6164,0,81,81
6172,0,21,21
6186,0,66,66
6203,0,161,161
6204,0,96,96
6209,0,108,108
6214,0,46,46
6215,0,79,104
6234,0,10,10
6240,0,114,114
6242,0,62,62
6248,0,70,70
6250,0,64,64
6261,0,76,76
6262,0,132,132
6265,0,127,127
6281,0,166,166
6288,0,48,48
6290,0,29,29
6300,0,105,105
6302,0,73,73
6308,0,148,148
6318,0,45,45
6320,0,99,99
6322,0,10,10
6325,0,97,97
6330,0,18,18
6332,0,165,165
6334,0,25,25
6338,0,19,19
6339,0,107,37
6340,0,93,93
6350,0,171,171
6359,0,14,14
6365,0,27,27
6366,0,69,69
6368,0,16,16
6371,0,163,163
6376,0,117,117
6385,0,2,2
6387,0,54,54
6403,0,162,162
6407,0,146,146
6411,0,7,7
6415,0,31,31
6416,0,111,111
6418,0,69,69
6420,0,65,65
6421,0,72,72
6426,0,18,18
6427,0,93,103
6430,0,130,130
6433,0,113,113
6439,0,85,85
6444,0,149,149
6448,0,103,103
6451,0,144,144
6453,0,32,32
6467,0,55,55
6468,0,91,91
6470,0,1,1
6473,0,160,160
6474,0,141,141
6480,0,68,68
6485,0,76,76
6496,0,17,17
6498,0,155,155
6501,0,115,115
6507,0,61,61
6512,0,98,98
6513,0,152,152
6522,0,70,168
6526,0,135,135
6540,0,115,115
6550,0,109,109
6556,0,62,62
6558,0,141,143
6562,0,173,173
6569,0,155,155
6574,0,143,143
6587,0,35,35
6589,0,169,169
6591,0,4,4
6594,0,43,43
6604,0,41,41
6607,0,50,50
6609,0,138,138
6613,0,87,87
6619,0,151,151
6620,0,25,25
6622,0,110,110
6623,0,124,124
6624,0,138,138
6634,0,95,56
6643,0,2,2
6648,0,124,124
6652,0,23,23
6656,0,34,34
6657,0,139,139
6658,0,90,90
6668,0,60,60
6674,0,134,134
6676,0,156,156
6678,0,28,28
6683,0,141,141
6686,0,68,68
6693,0,44,44
6694,0,133,133
6702,0,168,168
6703,0,10,10
6705,0,14,14
6709,0,50,50
6716,0,99,99
6718,0,20,20
6719,0,56,56
6725,0,10,10
6736,0,129,129
6739,0,140,140
6747,0,100,100
6749,0,20,20
6753,0,151,151
6756,0,44,44
6757,0,101,101
6768,0,114,114
6780,0,19,19
6783,0,4,4
6788,0,55,55
6789,0,158,158
6793,0,17,17
6794,0,157,157
6799,0,3,3
6803,0,71,71
6807,0,161,161
6810,0,142,142
6816,0,85,85
6819,0,21,21
6821,0,18,18
6828,0,153,153
6829,0,93,93
6830,0,155,155
6835,0,31,31
6837,0,33,33
6842,0,147,147
6845,0,3,3
6846,0,8,8
6849,0,163,163
6860,0,105,105
6871,0,18,18
6885,0,95,95
6886,0,15,15
6890,0,92,92
6895,0,148,148
6896,0,126,126
6897,0,135,135
6902,0,70,70
6937,0,35,35
6938,0,87,87
6945,0,22,22
6947,0,88,88
6950,0,7,7
6958,0,104,79
6969,0,131,131
6971,0,49,49
6973,0,130,130
6977,0,126,126
6988,0,106,106
6993,0,85,85
6994,0,143,143
6999,0,20,20
7005,0,55,55
7006,0,65,65
7014,0,138,138
7016,0,90,90
7019,0,84,84
7021,0,37,37
7023,0,85,85
7026,0,169,169
7028,0,1,1
7034,0,94,94
7036,0,15,15
7044,0,18,18
7051,0,156,156
7052,0,121,121
7054,0,15,15
7061,0,77,77
7064,0,175,175
7066,0,17,17
7067,0,24,24
7070,0,68,68
7076,0,160,160
7082,0,158,158
7084,0,132,132
7086,0,71,71
7087,0,105,105
7089,0,57,57
7097,0,124,98
7108,0,69,69
7109,0,41,41
7110,0,164,164
7111,0,3,3
7116,0,23,23
7124,0,124,124
7144,0,160,160
7151,0,12,12
7154,0,150,150
7160,0,38,38
7162,0,132,132
7163,0,53,53
7164,0,158,158
7167,0,118,118
7172,0,88,88
7174,0,62,62
7178,0,15,15
7191,0,145,145
7198,0,112,112
7208,0,169,169
7210,0,1,1
7216,0,106,106
7227,0,170,170
7234,0,169,169
7235,0,0,0
7238,0,0,0
7242,0,76,76
7245,0,109,109
7246,0,40,40
7250,0,155,155
7251,0,59,59
7262,0,98,98
7265,0,61,61
7266,0,41,41
7272,0,75,75
7274,0,45,45
7280,0,110,110
7284,0,98,98
7285,0,51,51
7288,0,55,55
7290,0,2,2
7299,0,110,110
7305,0,111,111
7323,0,11,24
7328,0,47,47
7331,0,173,173
7332,0,21,21
7339,0,63,63
7344,0,61,61
7347,0,162,162
7348,0,19,19
7349,0,69,69
7355,0,14,14
7362,0,38,38
7370,0,175,175
7372,0,4,4
7378,0,174,174
7380,0,95,95
7388,0,120,120
7397,0,97,97
7405,0,87,87
7408,0,70,3
7413,0,136,136
7421,0,15,15
7434,0,19,19
7439,0,63,63
7451,0,3,63
7457,0,24,24
7458,0,12,12
7459,0,59,59
7461,0,67,67
7465,0,174,174
7468,0,167,167
7469,0,7,7
7476,0,71,71
7477,0,108,108
7480,0,107,107
7491,0,36,36
7492,0,102,102
7495,0,129,129
7508,0,115,115
7513,0,13,13
7522,0,138,138
7524,0,16,16
7541,0,11,11
7542,0,154,154
7551,0,101,101
7555,0,42,42
7556,0,17,17
7560,0,125,125
7561,0,65,65
7569,0,14,14
7571,0,128,128
7574,0,11,11
7576,0,15,15
7578,0,126,126
7580,0,109,109
7586,0,39,39
7589,0,88,88
7593,0,112,112
7610,0,112,112
7612,0,151,151
7615,0,117,117
7628,0,93,93
7635,0,51,51
7636,0,88,88
7643,0,141,141
7651,0,44,44
7652,0,112,112
7667,0,1,1
7668,0,93,93
7670,0,76,76
7681,0,69,69
7698,0,7,7
7706,0,82,82
7708,0,19,19
7725,0,52,52
7728,0,122,122
7741,0,38,38
7746,0,19,19
7757,0,60,60
7764,0,139,139
7769,0,149,149
7772,0,86,86
7777,0,39,39
7778,0,46,46
7779,0,8,8
7785,0,140,140
7788,0,17,17
7792,0,82,82
7795,0,21,21
7804,0,10,10
7805,0,131,131
7807,0,59,59
7808,0,8,8
7810,0,158,158
7813,0,131,131
7826,0,83,83
7827,0,126,126
7848,0,82,82
7851,0,2,2
7861,0,86,86
7867,0,72,72
7875,0,112,112
7878,0,109,109
7883,0,76,76
7889,0,58,58
7894,0,2,2
7906,0,96,96
7924,0,1,1
7927,0,74,74
7932,0,36,36
7935,0,41,41
7945,0,9,9
7953,0,1,1
7962,0,83,83
7965,0,78,78
7972,0,113,113
7984,0,74,74
7986,0,20,20
7987,0,145,145
7989,0,115,115
8009,0,77,77
8012,0,96,96
8018,0,152,152
8025,0,9,9
8031,0,124,124
8040,0,31,31
8048,0,163,163
8054,0,88,88
8055,0,71,71
8056,0,58,58
8058,0,37,37
8059,0,3,70
8062,0,29,29
8063,0,105,105
8064,0,42,42
8067,0,47,47
8071,0,88,88
8074,0,16,16
8076,0,150,150
8081,0,109,109
8085,0,31,31
8088,0,128,128
8091,0,164,164
8093,0,148,148
8097,0,175,175
8100,0,92,92
8103,0,142,142
8104,0,115,115
8105,0,67,67
8113,0,37,37
8117,0,20,20
8124,0,51,51
8131,0,43,43
8134,0,17,17
8138,0,7,7
8141,0,33,33
8142,0,133,133
8145,0,103,103
8146,0,149,149
8148,0,112,112
8154,0,107,107
8155,0,114,114
8158,0,86,86
8164,0,34,34
8166,0,66,66
8180,0,107,107
8182,0,162,162
8187,0,62,62
8191,0,130,130
8195,0,154,154
8196,0,128,128
8197,0,16,16
8207,0,115,115
8209,0,94,94
8216,0,124,124
8228,0,46,46
8238,0,24,11
8240,0,83,83
8245,0,134,134
8246,0,93,93
8252,0,13,13
8259,0,136,136
8266,0,105,105
8280,0,109,109
8282,0,144,144
8290,0,2,2
8293,0,88,88
8298,0,157,157
8308,0,76,76
8311,0,121,121
8320,0,139,139
8324,0,155,155
8331,0,82,82
8335,0,94,94
8344,0,117,117
8349,0,172,172
8351,0,5,5
8356,0,118,118
8360,0,74,74
8367,0,72,72
8369,0,109,109
8375,0,29,29
8376,0,18,18
8379,0,51,51
8380,0,15,15
8382,0,104,104
8383,0,104,104
8395,0,112,112
8397,0,7,7
8405,0,113,113
8413,0,137,137
8418,0,0,0
8435,0,132,132
8444,0,113,113
8450,0,146,146
8461,0,41,41
8464,0,8,8
8471,0,56,56
8473,0,69,69
8486,0,167,167
8492,0,137,137
8493,0,7,7
8497,0,45,45
8501,0,17,17
8512,0,19,19
8514,0,10,10
8526,0,175,175
8528,0,14,14
8529,0,69,69
8534,0,102,102
8536,0,145,145
8551,0,151,151
8570,0,44,44
8580,0,92,92
8587,0,37,37
8590,0,24,24
8591,0,7,7
8592,0,79,79
8594,0,159,159
8598,0,79,79
8602,0,118,118
8603,0,25,25
8615,0,99,99
8618,0,96,96
8621,0,97,97
8628,0,67,67
8635,0,4,4
8637,0,139,139
8638,0,86,86
8647,0,152,152
8654,0,171,171
8655,0,142,142
8658,0,141,141
8661,0,52,52
8665,0,68,68
8678,0,173,173
8683,0,9,9
8689,0,105,105
8690,0,27,27
8692,0,121,121
8693,0,111,111
8694,0,14,14
8699,0,8,8
8701,0,40,40
8702,0,34,34
8709,0,159,159
8711,0,112,112
8712,0,22,22
8727,0,79,79
8729,0,7,7
8731,0,17,17
8739,0,30,30
8746,0,5,5
8753,0,87,87
8775,0,150,150
8776,0,66,66
8778,0,2,2
8780,0,110,110
8786,0,82,82
8789,0,11,11
8790,0,72,72
8800,0,22,22
8804,0,130,130
8805,0,56,56
8815,0,94,94
8817,0,149,149
8819,0,136,136
8828,0,102,102
8831,0,6,6
8836,0,24,11
8839,0,151,151
8849,0,77,77
8850,0,124,124
8853,0,116,116
8854,0,51,51
8855,0,71,71
8856,0,4,4
8872,0,58,58
8879,0,121,121
8906,0,24,24
8912,0,158,158
8930,0,73,73
8935,0,115,115
8945,0,49,49
8948,0,61,61
8951,0,34,34
8952,0,171,171
8962,0,170,143
8970,0,110,110
8981,0,125,125
8984,0,102,102
8985,0,15,15
8989,0,52,52
8990,0,75,75
8997,0,40,40
9003,0,133,133
9005,0,75,75
9011,0,61,61
9012,0,68,68
9015,0,65,65
9017,0,171,171
9023,0,115,115
9025,0,21,21
9044,0,45,45
9045,0,139,139
9048,0,142,142
9057,0,56,56
9058,0,158,158
9059,0,0,0
9064,0,168,168
9066,0,4,4
9072,0,37,37
9073,0,160,160
9079,0,60,60
9080,0,9,9
9084,0,139,139
9085,0,55,55
9099,0,57,57
9101,0,149,149
9106,0,60,60
9107,0,122,122
9112,0,51,51
9127,0,148,148
9137,0,3,3
9141,0,2,2
9149,0,8,8
9153,0,104,104
9160,0,113,113
9162,0,22,22
9164,0,10,10
9168,0,122,122
9169,0,47,47
9170,0,61,61
9173,0,13,13
9181,0,12,12
9185,0,133,133
9192,0,87,87
9197,0,161,161
9199,0,5,5
9208,0,4,4
9209,0,36,36
9222,0,15,15
9227,0,128,128
9232,0,118,118
9244,0,148,148
9253,0,21,21
9268,0,76,76
9269,0,160,160
9275,0,91,91
9280,0,106,106
9282,0,4,4
9290,0,96,96
9294,0,95,95
9300,0,140,140
9301,0,162,162
9304,0,74,74
9306,0,125,125
9310,0,35,35
9311,0,81,81
9313,0,162,162
9318,0,144,144
9322,0,5,5
9325,0,42,42
9326,0,127,127
9327,0,16,16
9332,0,13,13
9342,0,90,90
9351,0,74,74
9364,0,20,20
9368,0,98,98
9370,0,174,174
9384,0,30,30
9385,0,51,51
9386,0,127,127
9388,0,39,39
9403,0,158,158
9407,0,106,106
9408,0,147,147
9409,0,4,4
9410,0,27,27
9411,0,82,82
9412,0,137,137
9413,0,95,95
9419,0,62,62
9422,0,27,27
9423,0,14,14
9429,0,90,90
9433,0,44,44
9445,0,23,23
9446,0,138,138
9450,0,47,47
9463,0,53,53
9466,0,94,94
9473,0,140,140
9474,0,80,80
9475,0,130,130
9479,0,111,111
9484,0,2,2
9488,0,86,86
9490,0,103,103
9491,0,91,91
9499,0,117,117
9501,0,26,26
9520,0,113,113
9533,0,83,83
9536,0,10,10
9541,0,170,170
9542,0,164,164
9548,0,12,12
9549,0,61,61
9551,0,170,170
9553,0,170,170
9555,0,132,132
9557,0,136,136
9564,0,3,3
9568,0,136,136
9571,0,153,153
9574,0,24,24
9577,0,7,7
9582,0,144,144
9586,0,168,168
9597,0,173,173
9598,0,83,83
9603,0,2,2
9611,0,3,3
9617,0,109,109
9627,0,12,12
9629,0,165,165
9642,0,0,0
9643,0,131,131
9651,0,47,47
9653,0,68,68
9654,0,100,100
9656,0,77,77
9659,0,0,0
9665,0,21,21
9681,0,0,0
9684,0,76,76
9688,0,90,90
9689,0,10,10
9690,0,116,116
9699,0,75,75
9700,0,38,38
9704,0,169,169
9705,0,0,0
9710,0,94,94
9715,0,100,100
9718,0,98,98
9719,0,34,34
9720,0,19,19
9722,0,70,70
9733,0,30,30
9741,0,15,15
9742,0,127,127
9743,0,143,143
9753,0,86,86
9757,0,133,133
9767,0,43,43
9768,0,24,24
9775,0,0,0
9780,0,136,136
9782,0,5,5
9783,0,134,134
9793,0,163,163
9794,0,43,43
9796,0,86,26
9802,0,6,6
9814,0,4,4
9816,0,11,11
9817,0,118,118
9819,0,54,54
9820,0,140,140
9823,0,80,80
9830,0,1,1
9833,0,69,69
9836,0,142,142
9844,0,90,90
9864,0,97,97
9865,0,10,10
9867,0,153,153
9869,0,14,14
9870,0,16,16
9881,0,122,122
9885,0,174,174
9888,0,49,49
9889,0,83,83
9902,0,100,100
9904,0,106,106
9905,0,79,79
9908,0,172,172
9909,0,22,22
9910,0,59,59
9920,0,43,43
9922,0,15,15
9934,0,44,44
9938,0,56,56
9941,0,0,0
9942,0,165,165
9943,0,167,167
9950,0,170,170
9955,0,10,10
9960,0,70,70
9961,0,60,60
9962,0,116,116
9973,0,29,29
9975,0,141,141
9982,0,22,22
9986,0,14,14
9996,0,21,21
10000,0,123,123
10004,0,102,102
10005,0,128,128
10008,0,31,31
10009,0,138,138
10010,0,113,113
10019,0,40,40
10020,0,7,7
10022,0,52,52
10023,0,137,137
10029,0,11,11
10031,0,33,33
10033,0,171,171
10049,0,162,162
10060,0,55,55
10061,0,125,125
10062,0,65,65
10078,0,28,28
10080,0,126,126
10083,0,18,18
10087,0,12,12
10089,0,6,6
10095,0,2,2
10108,0,172,172
10111,0,97,97
10115,0,60,60
10118,0,16,16
10128,0,13,13
10131,0,29,29
10147,0,152,152
10151,0,75,75
10152,0,131,131
10155,0,158,158
10157,0,53,53
10164,0,99,99
10165,0,16,16
10169,0,67,67
10176,0,131,131
10180,0,97,97
10181,0,64,64
10183,0,2,2
10188,0,94,94
10192,0,12,12
10199,0,104,104
10210,0,53,53
10220,0,1,1
10228,0,29,29
10233,0,68,68
10238,0,24,24
10241,0,19,19
10244,0,66,66
10245,0,147,147
10251,0,67,67
10252,0,9,9
10266,0,24,24
10268,0,41,41
10286,0,166,166
10297,0,61,61
10299,0,132,132
10303,0,78,78
10304,0,127,127
10316,0,20,20
10326,0,131,131
10328,0,49,49
10333,0,133,133
10335,0,2,2
10339,0,50,50
10349,0,88,88
10352,0,144,144
10358,0,1,1
10373,0,156,156
10377,0,72,72
10378,0,144,144
10397,0,12,12
10404,0,87,87
10405,0,109,109
10411,0,46,46
10415,0,114,114
10416,0,87,87
10428,0,34,34
10432,0,90,90
10437,0,159,159
10449,0,31,31
10462,0,68,68
10464,0,138,138
10466,0,112,112
10476,0,43,43
10477,0,154,154
10480,0,117,117
10486,0,129,129
10489,0,0,0
10491,0,164,164
10493,0,145,145
10501,0,15,15
10503,0,154,154
10504,0,101,101
10505,0,33,33
10508,0,16,16
10509,0,134,134
10523,0,149,149
10528,0,163,163
10529,0,4,4
10532,0,144,144
10541,0,113,113
10544,0,128,128
10549,0,62,62
10556,0,18,52
10560,0,19,19
10564,0,126,126
10570,0,20,20
10576,0,51,51
10580,0,14,14
10581,0,10,10
10583,0,121,121
10594,0,153,153
10597,0,147,147
10604,0,107,107
10606,0,110,110
10609,0,141,141
10611,0,15,15
10613,0,59,59
10615,0,72,72
10623,0,0,0
10630,0,146,146
10633,0,37,37
10639,0,77,77
10642,0,37,37
10644,0,123,123
10646,0,145,145
10648,0,12,12
10650,0,73,73
10665,0,33,33
10669,0,21,21
10671,0,9,9
10673,0,24,24
10675,0,64,64
10677,0,84,84
10685,0,30,30
10688,0,135,135
10690,0,36,36
10691,0,17,17
10692,0,63,3
10698,0,69,69
10702,0,79,104
10703,0,15,15
10707,0,64,64
10715,0,44,44
10725,0,135,135
10726,0,132,132
10730,0,47,47
10732,0,68,68
10740,0,80,80
10742,0,56,56
10744,0,61,61
10754,0,77,77
10759,0,59,59
10761,0,140,140
10763,0,126,126
10764,0,107,107
10767,0,28,28
10770,0,127,127
10774,0,141,141
10776,0,133,133
10780,0,1,1
10782,0,75,75
10784,0,75,75
10785,0,88,88
10792,0,125,125
10808,0,27,27
10810,0,73,73
10823,0,125,125
10826,0,116,116
10829,0,106,106
10834,0,71,71
10839,0,89,89
10840,0,50,50
10841,0,157,157
10854,0,50,50
10858,0,29,29
10870,0,89,89
10880,0,28,28
10881,0,76,76
10887,0,74,74
10896,0,133,133
10897,0,13,13
10901,0,99,99
10902,0,114,114
10911,0,15,15
10915,0,99,99
10922,0,129,129
10924,0,32,32
10925,0,24,24
10926,0,33,33
10936,0,131,131
10938,0,30,30
10940,0,44,44
10944,0,39,39
10952,0,45,45
10955,0,91,98
10957,0,29,29
10965,0,126,126
10974,0,119,119
10978,0,153,153
10987,0,65,65
10989,0,52,52
10990,0,13,13
10994,0,68,68
10995,0,156,156
11001,0,125,125
11019,0,42,42
11021,0,45,45
11046,0,95,173
11047,0,118,118
11049,0,3,3
11052,0,17,17
11056,0,131,131
11059,0,0,0
11062,0,57,57
11063,0,152,152
11073,0,121,121
11074,0,163,163
11075,0,28,28
11083,0,52,25
11084,0,4,4
11092,0,47,47
11096,0,158,158
11098,0,101,101
11100,0,38,38
11101,0,40,40
11109,0,29,29
11110,0,166,166
11111,0,88,88
11113,0,3,3
11118,0,18,18
11120,0,14,14
11126,0,117,117
11130,0,87,87
11145,0,3,3
11146,0,105,105
11147,0,133,133
11148,0,118,118
11153,0,65,65
11156,0,76,76
11160,0,78,78
11164,0,47,47
11174,0,169,169
11176,0,128,128
11179,0,65,65
11184,0,100,100
11188,0,166,166
11191,0,6,6
11195,0,133,133
11198,0,8,8
11203,0,2,2
11205,0,162,162
11206,0,1,1
11213,0,76,76
11217,0,143,143
11219,0,39,39
11224,0,15,15
11227,0,22,22
11233,0,113,113
11236,0,7,7
11247,0,55,55
11255,0,114,114
11256,0,105,105
11263,0,164,164
11272,0,107,107
11279,0,0,0
11281,0,145,145
11288,0,117,117
11295,0,34,34
11300,0,113,113
11307,0,85,85
11311,0,162,162
11315,0,52,52
11318,0,111,111
11320,0,0,0
11323,0,17,17
11328,0,35,35
11341,0,105,105
11342,0,107,107
11343,0,18,18
11350,0,32,32
11354,0,11,11
11358,0,89,89
11362,0,1,1
11366,0,98,98
11370,0,57,57
11374,0,158,158
11379,0,50,50
11387,0,89,89
11388,0,128,128
11395,0,114,114
11396,0,7,7
11399,0,34,34
11400,0,75,75
11409,0,113,113
11410,0,148,148
11412,0,53,53
11413,0,121,121
11417,0,157,157
11418,0,53,53
11419,0,31,31
11421,0,73,73
11422,0,61,61
11424,0,10,10
11434,0,5,5
11439,0,122,122
11440,0,89,89
11448,0,4,4
11451,0,4,4
11452,0,100,100
11455,0,55,55
11457,0,91,91
11458,0,53,53
11462,0,22,22
11467,0,2,2
11468,0,68,68
11470,0,152,152
11471,0,102,102
11473,0,49,49
11479,0,91,91
11481,0,24,11
11488,0,92,92
11489,0,56,56
11494,0,57,57
11495,0,148,148
11497,0,35,35
11509,0,2,2
11512,0,104,104
11516,0,24,11
11518,0,5,5
11527,0,78,78
11530,0,3,3
11538,0,33,33
11539,0,19,19
11548,0,45,45
11550,0,5,5
11551,0,133,133
11553,0,4,4
11555,0,46,46
11564,0,51,51
11566,0,10,10
11572,0,35,35
11576,0,7,7
11583,0,4,4
11584,0,129,129
11589,0,116,116
11590,0,44,44
11594,0,3,63
11603,0,8,8
11608,0,42,42
11611,0,41,41
11616,0,134,134
11626,0,2,2
11634,0,53,53
11636,0,23,23
11640,0,82,82
11641,0,26,26
11642,0,125,125
11646,0,123,123
11650,0,8,8
11660,0,33,33
11664,0,63,63
11666,0,30,30
11669,0,102,102
11674,0,175,175
11696,0,83,83
11700,0,74,74
11705,0,107,107
11711,0,112,112
11713,0,3,3
11718,0,149,149
11721,0,30,30
11722,0,36,36
11727,0,20,20
11731,0,20,20
11732,0,142,142
11733,0,159,159
11740,0,19,19
11743,0,78,78
11744,0,30,30
11752,0,154,154
11756,0,13,13
11759,0,19,19
11768,0,106,106
11770,0,116,116
11773,0,133,133
11774,0,100,100
11781,0,143,143
11783,0,44,44
11787,0,27,27
11788,0,91,91
11797,0,5,5
11798,0,32,32
11801,0,148,148
11812,0,3,3
11819,0,141,141
11828,0,138,138
11832,0,55,55
11834,0,99,99
11835,0,94,94
11844,0,17,17
11855,0,88,88
11861,0,98,98
11862,0,157,157
11866,0,102,102
11867,0,142,142
11892,0,56,56
11901,0,29,29
11911,0,54,54
11912,0,107,107
11916,0,3,3
11930,0,126,126
11931,0,17,17
11933,0,50,50
11934,0,47,47
11938,0,67,67
11939,0,43,43
11942,0,42,42
11948,0,146,146
11949,0,54,54
11960,0,150,150
11962,0,152,152
11966,0,83,83
11972,0,27,27
11975,0,157,157
11977,0,10,10
11981,0,88,88
11999,0,123,123
12011,0,26,26
12016,0,155,155
12018,0,126,126
12022,0,45,45
12027,0,12,12
12033,0,58,58
12034,0,79,79
12035,0,43,43
12039,0,14,14
12042,0,150,150
12046,0,74,74
12048,0,47,47
12049,0,6,6
12051,0,55,55
12066,0,15,15
12070,0,73,73
12075,0,92,92
12076,0,164,164
12079,0,138,138
12085,0,10,10
12094,0,45,45
12095,0,153,153
12099,0,110,110
12100,0,142,142
12106,0,106,106
12108,0,5,5
12111,0,99,99
12114,0,13,13
12122,0,79,79
12128,0,114,114
12129,0,134,134
12131,0,73,73
12142,0,73,73
12143,0,74,74
12147,0,118,118
12152,0,19,19
12153,0,17,17
12158,0,25,25
12160,0,120,120
12168,0,109,109
12180,0,9,9
12189,0,133,133
12190,0,104,104
12192,0,91,91
12193,0,2,2
12199,0,80,80
12200,0,80,80
12206,0,59,59
12210,0,0,0
12211,0,161,161
12214,0,168,168
12221,0,164,164
12224,0,11,24
12231,0,18,18
12238,0,97,97
12241,0,67,67
12248,0,144,144
12264,0,0,0
12265,0,6,6
12267,0,65,65
12270,0,54,54
12280,0,71,71
12281,0,45,45
12283,0,11,24
12284,0,8,8
12291,0,146,146
12302,0,1,1
12305,0,156,156
12307,0,1,1
12309,0,63,63
12323,0,40,40
12327,0,31,31
12328,0,46,46
12329,0,61,61
12330,0,50,50
12332,0,80,80
12334,0,76,76
12336,0,39,39
12337,0,108,108
12343,0,17,17
12350,0,52,52
12351,0,14,14
12354,0,45,45
12359,0,0,0
12360,0,56,56
12370,0,48,48
12373,0,124,124
12374,0,29,29
12376,0,32,32
12390,0,134,134
12393,0,90,90
12398,0,0,0
12403,0,172,172
12405,0,2,2
12416,0,72,72
12419,0,140,140
12433,0,146,146
12443,0,161,161
12448,0,29,29
12453,0,3,3
12454,0,122,122
12458,0,75,75
12460,0,58,58
12462,0,31,31
12465,0,82,82
12466,0,25,25
12467,0,127,127
12473,0,42,42
12477,0,3,3
12479,0,111,111
12491,0,102,102
12500,0,113,113
12502,0,172,172
12513,0,118,118
12517,0,97,97
12519,0,37,37
12534,0,32,32
12548,0,46,46
12554,0,128,128
12559,0,74,74
12561,0,71,71
12565,0,156,156
12566,0,159,159
12587,0,102,102
12592,0,162,162
12602,0,148,148
12610,0,143,143
12611,0,30,30
12619,0,124,124
12628,0,22,22
12639,0,158,158
12644,0,28,28
12646,0,146,146
12654,0,24,24
12656,0,174,174
12657,0,79,79
12667,0,52,52
12671,0,35,35
12679,0,48,48
12680,0,145,145
12682,0,12,12
12689,0,112,112
12690,0,69,69
12704,0,131,131
12708,0,97,97
12713,0,1,1
12725,0,85,85
12729,0,0,0
12737,0,146,146
12738,0,153,153
12739,0,167,167
12743,0,79,79
12754,0,78,78
12757,0,84,84
12769,0,95,95
12790,0,81,81
12796,0,52,52
12799,0,30,30
12801,0,21,21
12809,0,81,81
12813,0,110,110
12814,0,72,72
12822,0,142,142
12825,0,106,106
12829,0,21,21
12831,0,148,148
12836,0,53,53
12839,0,48,48
12846,0,142,142
12856,0,73,73
12864,0,64,64
12869,0,151,151
12870,0,157,157
12872,0,153,153
12879,0,22,22
12886,0,39,39
12889,0,44,44
12890,0,114,114
12896,0,158,158
12901,0,104,79
12918,0,114,114
12924,0,61,61
12925,0,85,85
12939,0,151,151
12941,0,40,40
12961,0,113,113
12962,0,81,81
12966,0,20,20
12969,0,104,104
12970,0,67,67
12980,0,174,174
12984,0,59,59
12989,0,21,21
13008,0,60,60
13010,0,92,92
13017,0,107,107
13019,0,11,24
13021,0,25,25
13022,0,98,98
13024,0,126,126
13036,0,8,8
13039,0,129,129
13043,0,138,138
13054,0,0,0
13058,0,154,154
13059,0,46,46
13060,0,130,130
13068,0,146,146
13072,0,1,1
13075,0,75,75
13079,0,81,81
13081,0,41,41
13085,0,164,164
13092,0,85,85
13105,0,59,59
13109,0,135,135
13110,0,21,21
13112,0,170,170
13118,0,136,136
13122,0,162,162
13129,0,157,157
13133,0,105,105
13136,0,117,117
13142,0,100,100
13144,0,140,140
13154,0,3,3
13160,0,84,105
13170,0,172,172
13172,0,137,137
13178,0,111,111
13184,0,102,102
13187,0,125,125
13201,0,93,93
13203,0,51,51
13210,0,99,99
13217,0,84,84
13218,0,82,82
13222,0,144,144
13231,0,51,51
13251,0,92,92
13254,0,173,173
13264,0,122,122
13269,0,84,84
13279,0,83,83
13282,0,48,48
13285,0,59,59
13288,0,65,65
13289,0,3,3
13292,0,16,16
13295,0,80,80
13296,0,118,118
13304,0,130,130
13307,0,169,169
13310,0,167,167
13311,0,123,123
13313,0,8,8
13324,0,38,38
13326,0,68,68
13329,0,5,5
13334,0,117,117
13338,0,125,125
13339,0,96,96
13347,0,54,54
13358,0,115,115
13362,0,116,116
13363,0,84,84
13364,0,154,154
13368,0,0,0
13377,0,0,0
13378,0,116,116
13385,0,66,66
13387,0,166,166
13388,0,35,35
13395,0,152,152
13403,0,48,48
13410,0,122,122
13412,0,1,1
13413,0,21,21
13415,0,37,37
13420,0,63,63
13421,0,98,98
13422,0,30,30
13432,0,71,71
13439,0,134,134
13443,0,0,0
13444,0,22,22
13446,0,122,122
13451,0,140,140
13458,0,174,174
13469,0,72,72
13474,0,11,24
13476,0,55,55
13493,0,114,114
13504,0,124,124
13506,0,106,106
13507,0,73,73
13513,0,48,48
13523,0,91,91
13536,0,53,53
13539,0,127,127
13541,0,111,111
13543,0,123,123
13545,0,103,103
13555,0,123,131
13558,0,48,48
13559,0,143,143
13560,0,12,12
13561,0,63,63
13568,0,87,87
13575,0,150,150
13579,0,134,134
13581,0,135,135
13599,0,132,132
13610,0,157,157
13617,0,55,55
13620,0,96,96
13639,0,29,29
13648,0,18,18
13656,0,140,140
13658,0,136,136
13660,0,158,158
13662,0,62,62
13663,0,63,63
13671,0,93,93
13672,0,114,114
13673,0,22,22
13675,0,36,36
13677,0,43,43
13678,0,163,163
13683,0,95,95
13689,0,102,102
13693,0,41,41
13698,0,37,37
13700,0,7,7
13726,0,143,143
13728,0,152,152
13743,0,97,97
13761,0,6,6
13762,0,128,128
13765,0,148,148
13766,0,116,116
13773,0,29,29
13778,0,45,45
13781,0,150,150
13782,0,109,109
13783,0,110,110
13784,0,43,43
13789,0,39,39
13790,0,19,19
13796,0,135,135
13797,0,123,123
13802,0,107,107
13806,0,28,28
13807,0,67,67
13818,0,173,95
13820,0,160,160
13829,0,32,32
13834,0,65,65
13840,0,48,48
13841,0,12,31
13843,0,111,111
13849,0,152,152
13866,0,14,14
13868,0,57,57
13869,0,37,37
13875,0,34,34
13882,0,115,115
13884,0,3,3
13888,0,72,72
13893,0,147,147
13895,0,110,110
13901,0,43,43
13903,0,125,125
13906,0,108,108
13913,0,17,17
13916,0,83,83
13921,0,58,58
13925,0,16,16
13933,0,72,72
13939,0,1,1
13940,0,10,10
13942,0,42,42
13944,0,45,45
13948,0,95,95
13972,0,175,175
13981,0,61,61
13987,0,108,108
13990,0,98,98
13991,0,159,159
13992,0,43,43
13999,0,29,29
14002,0,118,118
14004,0,87,87
14011,0,106,106
14013,0,73,73
14014,0,13,13
14021,0,108,108
14023,0,168,168
14026,0,134,134
14033,0,12,12
14041,0,152,152
14044,0,49,49
14045,0,34,34
14049,0,19,19
14055,0,31,31
14062,0,61,61
14063,0,159,159
14070,0,116,116
14073,0,61,61
14074,0,118,118
14078,0,24,24
14079,0,45,45
14081,0,112,112
14086,0,142,142
14087,0,126,126
14093,0,3,3
14095,0,150,150
14097,0,75,75
14102,0,143,143
14103,0,146,146
14105,0,6,6
14111,0,94,94
14123,0,149,149
14127,0,12,12
14134,0,66,66
14143,0,126,126
14149,0,159,159
14153,0,1,1
14160,0,40,40
14162,0,161,161
14167,0,97,97
14171,0,90,90
14178,0,139,139
14184,0,57,57
14191,0,170,170
14195,0,39,39
14200,0,61,61
14202,0,10,10
14214,0,1,1
14223,0,170,170
14225,0,6,6
14226,0,57,57
14237,0,96,96
14241,0,20,20
14243,0,165,165
14254,0,93,93
14256,0,79,104
14262,0,93,93
14263,0,135,135
14269,0,68,68
14278,0,27,27
14280,0,115,115
14285,0,162,162
14288,0,121,121
14291,0,51,51
14295,0,115,115
14301,0,28,28
14312,0,151,151
14314,0,78,78
14316,0,23,23
14325,0,31,31
14337,0,43,43
14344,0,54,54
14350,0,27,27
14355,0,110,110
14366,0,58,58
14367,0,55,55
14369,0,5,5
14372,0,111,111
14374,0,0,0
14390,0,130,130
14391,0,39,39
14393,0,58,58
14398,0,51,51
14401,0,34,34
14406,0,141,141
14407,0,30,30
14408,0,171,171
14420,0,168,168
14423,0,38,38
14437,0,21,21
14438,0,164,164
14439,0,148,148
14440,0,64,64
14441,0,117,117
14443,0,104,104
14450,0,54,54
14451,0,63,63
14455,0,79,79
14459,0,120,120
14462,0,169,169
14463,0,49,49
14464,0,24,24
14471,0,68,68
14475,0,137,137
14479,0,14,14
14483,0,145,145
14497,0,159,159
14498,0,47,47
14500,0,100,100
14502,0,4,4
14503,0,138,138
14504,0,131,131
14506,0,72,72
14510,0,11,24
14513,0,19,19
14517,0,56,56
14519,0,67,67
14520,0,103,103
14525,0,23,23
14529,0,17,17
14537,0,23,23
14546,0,7,7
14547,0,54,54
14548,0,2,2
14549,0,155,155
14553,0,26,26
14554,0,94,94
14556,0,40,40
14565,0,57,57
14590,0,17,17
14592,0,123,123
14596,0,135,135
14599,0,91,91
14602,0,104,104
14618,0,15,15
14621,0,168,168
14623,0,90,90
14626,0,29,29
14628,0,9,9
14632,0,169,169
14639,0,17,17
14640,0,144,144
14642,0,77,77
14645,0,0,0
14651,0,144,144
14656,0,66,66
14661,0,115,115
14665,0,90,90
14666,0,4,4
14669,0,122,122
14671,0,121,121
14673,0,75,75
14683,0,158,158
14687,0,35,35
14689,0,166,166
14690,0,113,113
14700,0,101,101
14701,0,21,21
14703,0,137,137
14704,0,7,7
14706,0,44,44
14707,0,96,96
14710,0,123,123
14715,0,78,78
14716,0,168,168
14717,0,83,83
14718,0,60,60
14729,0,9,9
14736,0,12,12
14737,0,107,107
14740,0,68,68
14745,0,151,151
14749,0,158,158
14754,0,175,175
14756,0,0,0
14758,0,123,123
14763,0,149,149
14773,0,72,72
14787,0,61,61
14797,0,94,94
14802,0,116,116
14817,0,66,66
14818,0,113,113
14826,0,166,166
14840,0,12,12
14844,0,121,121
14848,0,127,127
14857,0,61,61
14860,0,118,118
14873,0,126,126
14875,0,119,119
14883,0,160,160
14884,0,18,18
14885,0,7,7
14886,0,97,97
14896,0,130,130
14898,0,71,71
14904,0,0,0
14913,0,8,8
14916,0,90,90
14917,0,6,6
14918,0,16,16
14924,0,116,116
14932,0,41,41
14935,0,99,99
14947,0,1,1
14954,0,78,78
14960,0,152,152
14971,0,137,137
14973,0,60,60
14975,0,35,35
14976,0,161,161
14978,0,23,23
14979,0,103,103
14981,0,107,107
15002,0,28,28
15014,0,56,56
15016,0,161,161
15029,0,125,125
15045,0,83,83
15048,0,48,48
15056,0,86,86
15059,0,80,80
15065,0,56,56
15069,0,37,37
15071,0,77,77
15073,0,159,159
15076,0,40,40
15078,0,133,133
15079,0,169,169
15081,0,171,171
15085,0,26,26
15089,0,143,143
15093,0,81,81
15108,0,155,155
15131,0,32,32
15137,0,17,17
15139,0,161,161
15140,0,124,124
15142,0,99,99
15146,0,157,157
15147,0,146,146
15153,0,153,153
15154,0,171,171
15155,0,102,102
15159,0,6,6
15161,0,5,5
15164,0,105,105
15165,0,25,25
15166,0,167,167
15171,0,66,66
15182,0,0,0
15188,0,112,112
15193,0,98,98
15195,0,115,115
15221,0,169,169
15226,0,159,159
15240,0,87,87
15248,0,103,103
15252,0,58,58
15256,0,82,82
15259,0,61,61
15260,0,47,47
15266,0,78,78
15267,0,159,159
15271,0,133,133
15274,0,7,7
15275,0,49,49
15276,0,88,88
15283,0,160,160
15291,0,141,141
15292,0,0,0
15293,0,78,78
15302,0,92,92
15313,0,57,57
15324,0,92,92
15325,0,44,44
15329,0,92,92
15331,0,112,112
15333,0,132,132
15338,0,42,42
15343,0,10,10
15347,0,157,157
15349,0,90,90
15361,0,136,136
15376,0,12,12
15398,0,6,6
15400,0,36,36
15409,0,84,84
15411,0,156,156
15414,0,138,138
15416,0,138,138
15420,0,165,165
15427,0,70,3
15440,0,149,149
15445,0,88,88
15455,0,0,0
15467,0,6,6
15480,0,21,21
15485,0,32,32
15491,0,104,104
15507,0,25,25
15509,0,92,92
15517,0,89,89
15526,0,43,43
15528,0,15,15
15535,0,113,113
15542,0,129,129
15548,0,62,62
15549,0,136,136
15556,0,96,96
15557,0,14,14
15558,0,14,14
15560,0,57,57
15561,0,36,36
15572,0,4,4
15573,0,158,158
15577,0,78,78
15579,0,98,98
15581,0,129,129
15583,0,120,120
15587,0,81,81
15589,0,89,89
15593,0,90,90
15596,0,123,123
15600,0,140,140
15608,0,162,162
15615,0,95,95
15619,0,68,68
15628,0,120,120
15630,0,2,2
15632,0,94,94
15634,0,91,103
15638,0,158,158
15646,0,8,8
15660,0,88,88
15665,0,5,5
15669,0,18,18
15676,0,71,71
15677,0,28,28
15688,0,15,15
15693,0,63,63
15694,0,7,7
15697,0,149,149
15703,0,160,160
15705,0,52,52
15713,0,22,22
15736,0,5,5
15737,0,17,17
15740,0,8,8
15749,0,155,155
15750,0,168,168
15753,0,3,3
15756,0,173,173
15765,0,124,124
15766,0,17,17
15771,0,65,65
15773,0,37,37
15783,0,134,134
15789,0,27,27
15792,0,95,95
15793,0,147,147
15795,0,166,166
15799,0,16,16
15800,0,60,60
15807,0,18,18
15814,0,120,120
15836,0,125,125
15838,0,115,115
15843,0,82,82
15857,0,155,155
15866,0,155,155
15875,0,15,15
15877,0,175,175
15879,0,103,103
15883,0,170,170
15896,0,94,94
15904,0,139,139
15911,0,8,8
15914,0,74,74
15916,0,12,12
15919,0,34,34
15922,0,63,3
15928,0,124,124
15936,0,174,174
15942,0,28,28
15947,0,155,155
15949,0,174,174
15959,0,26,26
15964,0,115,115
15969,0,42,42
15975,0,144,144
15976,0,6,6
15977,0,0,0
15978,0,171,171
15979,0,109,109
15981,0,49,49
15983,0,4,4
15986,0,36,36
15991,0,120,120
15996,0,20,20
16005,0,86,86
16015,0,42,42
16017,0,22,22
16022,0,0,0
16030,0,96,96
16031,0,130,130
16032,0,98,98
16033,0,144,144
16036,0,160,160
16055,0,122,122
16057,0,160,160
16070,0,93,93
16082,0,48,48
16086,0,121,121
16091,0,32,32
16093,0,26,26
16099,0,175,175
16101,0,147,147
16116,0,89,89
16118,0,82,82
16130,0,81,81
16135,0,25,25
16138,0,14,14
16141,0,8,8
16144,0,37,37
16145,0,24,11
16148,0,99,99
16150,0,16,16
16153,0,85,85
16154,0,155,155
16161,0,111,111
16166,0,13,13
16169,0,58,58
16175,0,62,62
16176,0,144,144
16177,0,104,104
16178,0,3,3
16185,0,154,154
16192,0,107,107
16193,0,162,162
16201,0,64,64
16205,0,174,174
16211,0,76,76
16221,0,40,40
16230,0,151,151
16233,0,14,14
16239,0,102,102
16240,0,71,71
16243,0,55,55
16246,0,1,1
16249,0,122,122
16252,0,46,46
16255,0,39,39
16260,0,47,47
16262,0,114,114
16267,0,131,131
16275,0,38,38
16286,0,56,56
16288,0,63,63
16290,0,58,58
16291,0,38,38
16296,0,60,60
16299,0,163,163
16301,0,33,33
16307,0,98,98
16313,0,130,130
16318,0,25,25
16323,0,42,42
16333,0,35,35
16340,0,95,95
16341,0,137,137
16343,0,65,65
16345,0,120,120
16348,0,61,61
16351,0,160,160
16352,0,35,35
16365,0,27,27
16369,0,39,39
16373,0,59,59
16375,0,169,169
16380,0,156,156
16385,0,44,44
16386,0,90,90
16390,0,21,21
16405,0,143,143
16410,0,53,53
16411,0,119,119
16412,0,0,0
16414,0,94,94
16421,0,103,103
16427,0,155,155
16432,0,84,84
16433,0,0,0
16437,0,99,99
16446,0,154,154
16451,0,146,146
16454,0,60,60
16458,0,144,144
16459,0,159,159
16462,0,43,43
16463,0,76,60
16476,0,29,29
16480,0,50,50
16495,0,3,3
16501,0,117,117
16503,0,154,154
16505,0,139,139
16513,0,125,125
16521,0,48,48
16522,0,112,112
16523,0,101,101
16527,0,85,85
16529,0,20,20
16533,0,110,110
16535,0,156,156
16538,0,103,103
16562,0,173,173
16572,0,157,157
16573,0,72,72
16593,0,7,7
16599,0,9,9
16602,0,4,4
16606,0,70,70
16608,0,21,21
16609,0,88,88
16620,0,132,132
16621,0,19,19
16630,0,2,2
16634,0,69,69
16639,0,21,21
16641,0,6,6
16642,0,16,16
16645,0,134,134
16651,0,170,170
16652,0,89,89
16656,0,28,28
16664,0,173,173
16673,0,21,21
16674,0,170,170
16680,0,62,62
16685,0,22,22
16688,0,105,105
16691,0,24,24
16694,0,46,46
16696,0,17,17
16705,0,84,84
16712,0,121,121
16719,0,89,89
16722,0,17,17
16729,0,11,11
16730,0,3,3
16734,0,72,72
16736,0,5,5
16738,0,42,42
16740,0,23,23
16748,0,15,15
16754,0,132,132
16756,0,166,166
16769,0,26,26
16773,0,131,131
16774,0,37,37
16777,0,10,10
16778,0,2,2
16784,0,66,66
16787,0,59,59
16789,0,70,70
16790,0,126,126
16792,0,101,101
16794,0,8,8
16796,0,116,116
16797,0,11,11
16812,0,28,28
16817,0,110,110
16818,0,10,10
16820,0,50,1
16829,0,173,173
16831,0,7,7
16832,0,37,37
16835,0,22,22
16836,0,45,45
16848,0,31,31
16876,0,62,62
16879,0,31,31
16884,0,0,0
16888,0,51,51
16890,0,87,87
16892,0,143,143
16894,0,3,70
16896,0,38,38
16897,0,145,145
16900,0,139,139
16902,0,13,13
16906,0,53,53
16911,0,113,113
16916,0,44,44
16927,0,82,82
16929,0,78,78
16930,0,141,141
16945,0,105,105
16947,0,14,14
16969,0,26,26
16973,0,59,59
16974,0,29,29
16978,0,73,73
16988,0,10,10
16989,0,4,4
17003,0,30,30
17039,0,25,25
17040,0,105,105
17042,0,128,128
17044,0,167,167
17046,0,34,34
17049,0,91,91
17051,0,40,40
17063,0,5,5
17064,0,29,29
17066,0,54,54
17068,0,48,48
17071,0,21,21
17075,0,37,37
17079,0,29,29
17081,0,121,121
17082,0,86,86
17089,0,81,81
17095,0,66,66
17100,0,88,88
17108,0,56,56
17112,0,123,123
17113,0,153,153
17121,0,12,12
17122,0,166,166
17134,0,15,15
17140,0,150,150
17144,0,13,13
17147,0,52,52
17148,0,160,160
17149,0,26,26
17151,0,101,101
17152,0,76,60
17155,0,34,34
17159,0,34,34
17164,0,136,136
17165,0,41,41
17170,0,132,132
17176,0,120,120
17181,0,144,144
17184,0,117,117
17191,0,145,145
17192,0,140,140
17195,0,164,164
17213,0,58,58
17215,0,3,3
17229,0,40,40
17234,0,44,44
17239,0,47,47
17243,0,126,126
17245,0,41,41
17246,0,3,3
17253,0,80,80
17254,0,147,147
17260,0,45,45
17262,0,137,137
17272,0,23,23
17274,0,110,110
17276,0,68,68
17288,0,109,109
17293,0,32,32
17296,0,172,172
17297,0,136,136
17302,0,66,66
17306,0,50,50
17312,0,62,62
17318,0,86,86
17319,0,101,101
17323,0,34,34
17332,0,111,111
17339,0,19,19
17340,0,114,114
17343,0,91,91
17352,0,14,14
17355,0,74,74
17360,0,112,112
17363,0,97,97
17372,0,110,110
17375,0,139,139
17378,0,136,136
17381,0,52,52
17383,0,110,110
17386,0,153,153
17389,0,8,8
17391,0,68,68
17409,0,94,94
17419,0,75,75
17423,0,147,147
17440,0,18,18
17453,0,88,88
17456,0,9,9
17458,0,19,19
17465,0,27,27
17471,0,171,171
17472,0,77,77
17474,0,70,70
17478,0,21,21
17479,0,114,114
17489,0,17,17
17490,0,152,152
17491,0,30,30
17501,0,59,59
17506,0,29,29
17508,0,165,165
17509,0,77,22
17515,0,63,63
17525,0,132,132
17532,0,1,1
17536,0,14,14
17540,0,172,172
17543,0,155,155
17564,0,72,72
17568,0,93,93
17580,0,27,27
17584,0,101,101
17585,0,106,106
17589,0,107,107
17590,0,61,61
17595,0,68,68
17603,0,60,60
17608,0,144,144
17610,0,157,157
17614,0,136,136
17625,0,9,9
17627,0,156,156
17632,0,129,129
17637,0,34,34
17644,0,85,85
17646,0,129,129
17649,0,99,99
17651,0,64,64
17657,0,31,31
17659,0,25,25
17660,0,144,144
17662,0,72,72
17663,0,21,21
17668,0,35,35
17669,0,29,29
17684,0,173,173
17685,0,88,88
17686,0,23,23
17690,0,111,111
17697,0,16,16
17699,0,173,173
17701,0,56,56
17704,0,55,55
17710,0,10,10
17724,0,99,99
17745,0,57,57
17748,0,47,47
17753,0,141,141
17758,0,142,142
17761,0,79,79
17765,0,104,104
17779,0,110,110
17781,0,82,82
17786,0,135,135
17799,0,75,75
17808,0,69,69
17812,0,36,36
17818,0,39,39
17823,0,9,9
17829,0,1,1
17842,0,24,24
17851,0,38,38
17856,0,11,24
17862,0,167,167
17872,0,56,56
17873,0,19,19
17875,0,18,18
17878,0,54,54
17879,0,124,124
17881,0,165,165
17884,0,148,148
17899,0,153,153
17902,0,57,57
17908,0,6,6
17924,0,30,30
17930,0,13,13
17935,0,9,9
17936,0,125,125
17951,0,167,167
17965,0,58,58
17968,0,92,92
17970,0,116,116
17977,0,32,32
17978,0,9,9
17998,0,175,175
18002,0,112,112
18009,0,1,1
18011,0,135,135
18016,0,139,139
18026,0,99,99
18029,0,144,144
18030,0,156,156
18035,0,72,72
18041,0,62,62
18042,0,49,49
18045,0,79,79
18046,0,31,31
18054,0,83,83
18055,0,94,94
18059,0,154,154
18063,0,88,88
18068,0,132,132
18074,0,138,138
18080,0,53,53
18089,0,160,160
18095,0,95,51
18096,0,31,31
18097,0,103,103
18101,0,86,86
18105,0,67,67
18107,0,11,24
18109,0,141,141
18112,0,22,22
18117,0,0,0
18118,0,167,167
18120,0,32,32
18123,0,52,52
18137,0,49,49
18152,0,73,73
18163,0,94,94
18185,0,8,8
18192,0,5,5
18194,0,6,6
18202,0,35,35
18204,0,85,85
18209,0,2,2
18212,0,160,160
18219,0,31,31
18226,0,79,79
18229,0,68,68
18232,0,4,4
18255,0,133,133
18257,0,16,16
18270,0,100,100
18279,0,103,103
18281,0,61,61
18283,0,45,45
18292,0,64,64
18293,0,13,13
18294,0,87,87
18299,0,42,42
18301,0,53,53
18303,0,171,171
18306,0,63,63
18319,0,10,10
18323,0,29,29
18348,0,107,107
12,1,0,0
14,1,2,2
16,1,0,0
18,1,0,0
19,1,1,1
20,1,0,0
22,1,3,3
23,1,2,2
24,1,0,0
29,1,1,1
33,1,0,0
36,1,0,0
39,1,4,4
42,1,4,4
43,1,4,4
50,1,3,63
53,1,4,4
54,1,3,3
55,1,2,2
72,1,2,2
85,1,0,0
87,1,0,0
89,1,7,7
92,1,8,8
93,1,1,1
95,1,8,8
96,1,5,5
99,1,9,9
104,1,10,10
107,1,0,0
110,1,3,70
113,1,4,4
118,1,6,6
129,1,0,0
132,1,11,11
135,1,1,1
140,1,0,0
143,1,13,13
145,1,6,6
154,1,12,12
157,1,11,24
158,1,11,11
161,1,9,9
164,1,0,0
166,1,16,16
169,1,6,6
188,1,7,7
189,1,16,16
190,1,14,14
192,1,2,2
194,1,14,14
200,1,14,14
201,1,3,70
205,1,4,4
209,1,14,14
212,1,12,12
220,1,7,7
226,1,3,3
231,1,14,14
236,1,24,24
237,1,11,11
239,1,20,20
243,1,2,2
244,1,20,20
254,1,13,13
256,1,0,0
262,1,26,26
279,1,23,23
286,1,22,22
287,1,8,8
290,1,19,19
291,1,26,26
292,1,2,2
293,1,20,20
299,1,16,16
303,1,3,3
313,1,2,2
315,1,25,25
321,1,13,13
323,1,15,15
339,1,30,30
340,1,4,4
344,1,33,33
350,1,11,24
368,1,3,63
370,1,36,36
373,1,6,6
375,1,10,10
380,1,24,24
381,1,21,21
383,1,15,15
386,1,0,0
388,1,8,86
395,1,9,9
400,1,20,20
413,1,34,34
414,1,25,25
416,1,19,19
420,1,17,17
423,1,37,37
425,1,4,4
429,1,33,33
444,1,10,10
463,1,20,20
466,1,40,40
468,1,11,11
478,1,26,26
484,1,6,6
497,1,1,1
499,1,24,24
501,1,1,1
509,1,33,33
511,1,40,40
522,1,49,49
536,1,45,45
538,1,3,3
541,1,24,24
547,1,9,9
550,1,30,30
558,1,3,70
562,1,12,12
564,1,29,29
570,1,19,19
592,1,0,0
597,1,27,27
610,1,5,5
611,1,57,57
614,1,18,18
616,1,12,12
618,1,26,26
625,1,9,9
626,1,1,1
636,1,37,37
645,1,7,7
648,1,0,0
658,1,26,26
662,1,32,32
664,1,35,35
670,1,13,13
671,1,33,33
675,1,40,40
677,1,38,38
678,1,37,37
681,1,15,15
682,1,49,49
683,1,47,47
690,1,0,0
695,1,20,20
697,1,20,20
698,1,44,44
700,1,34,34
701,1,23,23
702,1,27,27
704,1,35,35
707,1,25,25
708,1,24,24
716,1,35,35
717,1,50,50
718,1,7,7
730,1,21,21
748,1,34,34
756,1,4,4
763,1,18,18
767,1,44,44
768,1,32,32
774,1,3,3
775,1,47,47
780,1,49,49
796,1,55,55
802,1,0,0
810,1,0,0
816,1,65,65
818,1,59,59
819,1,21,21
821,1,19,19
824,1,11,11
829,1,58,58
833,1,38,38
839,1,30,30
843,1,10,10
852,1,12,12
855,1,67,67
859,1,37,37
860,1,42,42
870,1,30,30
880,1,46,46
886,1,5,5
891,1,21,21
893,1,66,66
915,1,48,48
920,1,7,7
923,1,12,12
924,1,65,65
925,1,64,64
927,1,59,59
936,1,28,28
951,1,11,11
958,1,35,35
969,1,76,76
973,1,19,19
976,1,43,43
985,1,72,72
990,1,14,14
991,1,76,76
993,1,53,53
994,1,59,59
999,1,51,51
1006,1,45,45
1007,1,47,47
1012,1,53,53
1015,1,20,20
1020,1,43,43
1025,1,55,55
1036,1,15,15
1046,1,77,77
1054,1,23,23
1055,1,8,8
1058,1,56,56
1065,1,42,42
1067,1,13,13
1068,1,14,14
1077,1,7,7
1079,1,18,18
1083,1,30,30
1085,1,12,12
1088,1,53,53
1090,1,82,82
1101,1,3,86
1102,1,42,42
1106,1,59,59
1113,1,25,25
1115,1,69,69
1122,1,0,0
1143,1,24,11
1146,1,0,0
1149,1,13,13
1150,1,47,47
1157,1,22,22
1165,1,81,81
1169,1,42,42
1170,1,68,68
1180,1,37,37
1197,1,14,14
1198,1,67,76
1202,1,34,34
1208,1,51,51
1210,1,34,34
1216,1,42,42
1220,1,88,88
1225,1,15,15
1232,1,46,46
1234,1,15,15
1236,1,45,45
1237,1,63,63
1241,1,73,73
1248,1,10,10
1250,1,3,70
1259,1,15,15
1261,1,86,86
1263,1,48,48
1264,1,44,44
1271,1,81,81
1278,1,37,37
1282,1,78,78
1285,1,47,47
1286,1,92,92
1287,1,14,14
1292,1,58,58
1294,1,84,84
1299,1,54,54
1308,1,58,58
1311,1,0,0
1313,1,69,69
1333,1,16,16
1336,1,92,92
1340,1,53,53
1341,1,37,37
1347,1,0,0
1349,1,11,24
1350,1,5,5
1354,1,14,14
1356,1,10,10
1364,1,82,82
1369,1,44,44
1370,1,91,91
1371,1,59,59
1380,1,56,56
1388,1,67,67
1391,1,26,26
1392,1,96,96
1409,1,44,44
1413,1,8,8
1414,1,73,73
1422,1,43,43
1424,1,67,67
1430,1,48,48
1447,1,50,50
1453,1,85,85
1454,1,70,3
1458,1,38,38
1466,1,31,31
1471,1,86,86
1483,1,15,15
1484,1,86,86
1487,1,54,54
1503,1,55,55
1506,1,16,16
1509,1,61,61
1517,1,74,74
1519,1,99,99
1522,1,50,50
1524,1,79,104
1525,1,3,3
1528,1,30,30
1532,1,61,61
1534,1,1,1
1538,1,98,98
1542,1,88,88
1545,1,24,24
1549,1,61,61
1551,1,24,24
1557,1,49,49
1561,1,99,99
1564,1,28,28
1570,1,28,28
1575,1,68,68
1578,1,61,61
1581,1,45,45
1589,1,97,97
1602,1,1,1
1607,1,79,79
1613,1,12,12
1615,1,87,87
1618,1,15,15
1623,1,63,63
1629,1,16,16
1630,1,87,87
1637,1,45,45
1639,1,46,46
1650,1,95,95
1651,1,25,25
1658,1,51,51
1661,1,107,107
1665,1,108,108
1667,1,42,42
1670,1,2,2
1676,1,62,62
1677,1,101,101
1678,1,109,109
1680,1,109,109
1684,1,104,104
1685,1,8,8
1687,1,36,36
1690,1,3,63
1718,1,35,35
1732,1,85,85
1740,1,63,63
1744,1,12,12
1747,1,13,13
1751,1,83,83
1757,1,115,115
1764,1,13,13
1767,1,101,101
1777,1,26,26
1778,1,75,75
1779,1,70,70
1783,1,86,86
1786,1,71,71
1787,1,86,86
1788,1,57,57
1797,1,116,116
1803,1,2,2
1804,1,27,27
1809,1,110,110
1830,1,66,66
1831,1,13,13
1833,1,44,44
1834,1,39,39
1837,1,74,74
1850,1,100,100
1854,1,17,17
1862,1,56,56
1865,1,42,42
1873,1,4,4
1874,1,100,100
1875,1,120,120
1876,1,48,48
1879,1,24,24
1883,1,29,29
1885,1,60,60
1890,1,74,74
1891,1,19,19
1894,1,40,40
1898,1,10,10
1902,1,112,112
1906,1,44,44
1908,1,81,81
1914,1,91,91
1921,1,0,0
1926,1,30,30
1927,1,124,124
1932,1,20,20
1934,1,110,110
1948,1,93,93
1988,1,43,43
1989,1,51,51
1990,1,66,66
2009,1,64,56
2012,1,125,125
2015,1,6,6
2019,1,47,47
2021,1,68,68
2022,1,113,113
2030,1,13,13
2031,1,114,114
2043,1,14,14
2046,1,19,19
2051,1,21,21
2067,1,98,98
2068,1,4,4
2070,1,4,4
2072,1,9,9
2073,1,113,113
2075,1,101,101
2077,1,94,94
2080,1,76,60
2084,1,94,94
2089,1,24,24
2092,1,64,64
2098,1,0,0
2100,1,71,71
2105,1,64,64
2108,1,77,77
2114,1,61,61
2123,1,105,105
2124,1,5,5
2132,1,120,120
2134,1,19,19
2135,1,96,96
2150,1,33,33
2156,1,12,12
2158,1,41,41
2159,1,54,54
2176,1,74,74
2180,1,123,123
2183,1,30,30
2191,1,16,16
2194,1,51,51
2197,1,89,89
2211,1,59,59
2213,1,107,107
2217,1,28,28
2235,1,21,21
2238,1,133,133
2244,1,13,13
2254,1,8,8
2259,1,98,98
2261,1,11,11
2268,1,99,99
2269,1,50,50
2271,1,88,88
2274,1,41,41
2276,1,45,45
2279,1,105,105
2286,1,70,70
2287,1,112,112
2290,1,104,104
2293,1,11,11
2294,1,55,55
2304,1,127,127
2308,1,108,108
2309,1,8,8
2311,1,19,19
2316,1,136,136
2317,1,0,0
2332,1,32,32
2337,1,34,34
2341,1,72,72
2343,1,105,105
2355,1,52,52
2362,1,35,35
2363,1,24,11
2365,1,75,75
2366,1,55,55
2368,1,82,82
2371,1,53,53
2377,1,4,4
2389,1,115,115
2397,1,6,6
2407,1,97,97
2424,1,4,4
2426,1,2,2
2428,1,3,3
2430,1,135,135
2434,1,113,113
2438,1,72,72
2442,1,35,35
2443,1,48,48
2445,1,144,144
2465,1,34,34
2471,1,64,64
2475,1,140,140
2476,1,124,124
2489,1,78,78
2490,1,117,117
2505,1,54,54
2508,1,145,145
2512,1,6,6
2518,1,2,2
2520,1,78,78
2525,1,117,117
2526,1,47,47
2537,1,133,133
2541,1,22,22
2556,1,148,148
2561,1,8,8
2576,1,147,147
2586,1,32,32
2596,1,148,148
2597,1,130,130
2599,1,49,49
2602,1,34,65
2608,1,22,22
2609,1,27,27
2613,1,14,14
2616,1,31,31
2620,1,131,131
2621,1,96,96
2625,1,69,69
2633,1,104,104
2638,1,108,108
2640,1,133,133
2648,1,29,29
2651,1,76,76
2652,1,9,9
2658,1,8,8
2659,1,32,32
2669,1,149,149
2675,1,134,134
2677,1,23,23
2684,1,135,135
2688,1,23,23
2707,1,115,115
2710,1,0,0
2713,1,34,34
2720,1,33,33
2723,1,85,85
2724,1,23,23
2725,1,72,72
2727,1,44,44
2736,1,114,114
2737,1,9,9
2738,1,92,92
2744,1,135,135
2745,1,82,82
2753,1,68,68
2758,1,149,149
2761,1,146,146
2762,1,115,115
2763,1,137,137
2764,1,150,150
2775,1,14,14
2780,1,67,67
2781,1,51,51
2802,1,68,68
2803,1,143,143
2805,1,84,84
2819,1,52,52
2821,1,38,38
2829,1,50,50
2833,1,60,60
2845,1,36,36
2851,1,96,96
2856,1,95,95
2860,1,136,136
2862,1,102,102
2871,1,1,1
2872,1,104,104
2889,1,94,94
2890,1,147,147
2892,1,63,63
2895,1,124,124
2898,1,39,39
2903,1,71,71
2904,1,37,37
2911,1,26,26
2914,1,146,146
2917,1,27,27
2918,1,149,149
2923,1,13,13
2932,1,40,40
2955,1,72,72
2958,1,66,66
2959,1,9,9
2960,1,126,126
2964,1,62,62
2972,1,44,44
2973,1,69,69
2980,1,137,137
2981,1,99,99
2982,1,94,94
2999,1,64,64
3005,1,151,151
3015,1,35,35
3027,1,3,70
3031,1,8,8
3042,1,58,58
3043,1,65,65
3045,1,70,70
3047,1,59,59
3048,1,4,4
3052,1,4,4
3054,1,68,68
3055,1,27,27
3056,1,116,116
3058,1,29,29
3061,1,61,61
3062,1,30,30
3063,1,102,102
3065,1,107,107
3069,1,55,55
3075,1,94,94
3077,1,1,1
3078,1,17,17
3081,1,12,12
3083,1,10,10
3092,1,107,107
3096,1,74,74
3098,1,96,96
3099,1,2,2
3109,1,152,152
3116,1,108,108
3121,1,133,133
3130,1,68,68
3134,1,69,69
3146,1,110,110
3154,1,84,84
3168,1,1,1
3169,1,17,17
3179,1,90,90
3185,1,109,109
3196,1,5,5
3197,1,56,56
3207,1,71,71
3209,1,82,82
3211,1,93,93
3214,1,126,126
3215,1,152,152
3217,1,39,39
3226,1,79,79
3228,1,115,115
3235,1,10,10
3237,1,52,52
3241,1,63,63
3252,1,48,48
3257,1,72,72
3261,1,55,55
3262,1,1,1
3265,1,10,10
3266,1,41,41
3267,1,158,158
3270,1,74,74
3271,1,142,142
3279,1,146,146
3280,1,152,152
3282,1,98,98
3284,1,119,119
3287,1,58,58
3293,1,119,119
3300,1,125,125
3303,1,5,5
3306,1,19,19
3309,1,0,0
3310,1,111,111
3312,1,78,78
3317,1,160,160
3329,1,34,34
3334,1,57,57
3336,1,18,18
3338,1,60,60
3340,1,76,60
3344,1,4,4
3353,1,33,33
3374,1,75,75
3375,1,109,109
3377,1,29,29
3379,1,2,2
3380,1,158,158
3383,1,43,43
3390,1,104,104
3391,1,33,33
3395,1,42,42
3396,1,50,50
3400,1,75,75
3410,1,5,5
3413,1,20,20
3432,1,50,50
3434,1,159,159
3440,1,20,20
3441,1,157,157
3446,1,90,90
3448,1,74,74
3449,1,92,92
3457,1,5,5
3459,1,90,90
3461,1,95,95
3465,1,4,4
3469,1,135,135
3470,1,127,127
3476,1,33,33
3481,1,20,20
3482,1,48,48
3490,1,22,22
3493,1,13,13
3494,1,41,41
3497,1,130,130
3499,1,84,84
3502,1,132,132
3504,1,137,137
3507,1,111,111
3512,1,17,17
3536,1,27,27
3542,1,93,93
3543,1,47,47
3545,1,5,5
3551,1,8,8
3553,1,6,6
3559,1,143,143
3567,1,74,74
3572,1,136,136
3579,1,101,101
3580,1,27,27
3586,1,131,131
3591,1,133,133
3593,1,118,118
3600,1,135,135
3601,1,13,13
3602,1,86,86
3608,1,65,65
3612,1,139,139
3613,1,9,9
3616,1,25,25
3619,1,115,115
3626,1,68,68
3631,1,23,23
3634,1,7,7
3639,1,142,142
3642,1,45,45
3646,1,88,88
3649,1,156,156
3664,1,97,97
3665,1,152,152
3670,1,158,158
3676,1,91,91
3677,1,116,116
3679,1,87,87
3681,1,162,162
3682,1,88,88
3685,1,49,49
3689,1,50,50
3692,1,163,163
3696,1,58,58
3698,1,29,29
3706,1,86,86
3708,1,31,31
3710,1,152,152
3711,1,142,142
3717,1,83,83
3724,1,10,10
3726,1,12,12
3728,1,143,143
3735,1,111,111
3742,1,158,158
3743,1,82,82
3744,1,103,103
3746,1,164,164
3761,1,70,70
3766,1,136,136
3776,1,34,34
3779,1,29,29
3785,1,21,21
3790,1,99,99
3794,1,120,120
3797,1,77,77
3815,1,148,148
3826,1,16,16
3831,1,67,67
3846,1,20,20
3853,1,151,151
3857,1,157,157
3861,1,53,53
3867,1,113,113
3894,1,146,146
3898,1,135,135
3914,1,109,109
3917,1,129,129
3930,1,22,22
3933,1,87,87
3940,1,66,66
3950,1,21,21
3963,1,11,11
3967,1,63,63
3972,1,65,65
3979,1,158,158
3980,1,86,86
3983,1,9,9
3987,1,146,146
3994,1,115,115
3999,1,28,28
4004,1,75,75
4011,1,50,50
4016,1,75,75
4028,1,40,40
4031,1,116,116
4034,1,162,162
4037,1,64,64
4038,1,163,163
4043,1,123,123
4053,1,168,168
4054,1,3,3
4064,1,40,40
4068,1,6,6
4071,1,17,17
4072,1,89,89
4073,1,59,59
4074,1,54,54
4086,1,18,18
4099,1,136,136
4102,1,0,0
4113,1,27,27
4122,1,54,54
4124,1,98,98
4125,1,2,2
4132,1,94,94
4143,1,92,92
4148,1,107,107
4152,1,59,59
4154,1,45,45
4165,1,96,96
4176,1,166,166
4179,1,96,96
4183,1,21,21
4199,1,29,29
4201,1,4,4
4211,1,138,138
4214,1,7,7
4220,1,85,85
4226,1,132,132
4234,1,1,1
4235,1,41,41
4240,1,114,114
4248,1,87,87
4249,1,130,130
4250,1,74,166
4251,1,115,115
4252,1,116,116
4255,1,133,133
4264,1,4,4
4270,1,68,68
4271,1,50,50
4279,1,81,81
4280,1,156,156
4282,1,110,110
4283,1,145,145
4285,1,98,98
4288,1,155,155
4293,1,110,110
4294,1,20,20
4296,1,4,4
4300,1,85,85
4308,1,155,155
4313,1,31,31
4317,1,84,84
4320,1,29,29
4321,1,29,29
4328,1,8,8
4333,1,115,115
4336,1,80,80
4349,1,103,103
4353,1,16,16
4355,1,162,162
4365,1,124,124
4367,1,145,145
4370,1,84,84
4375,1,80,80
4376,1,77,77
4382,1,138,138
4386,1,62,62
4389,1,50,50
4391,1,169,169
4392,1,39,39
4395,1,141,141
4398,1,114,114
4400,1,1,1
4409,1,2,2
4411,1,12,12
4412,1,134,134
4416,1,144,144
4418,1,149,149
4419,1,7,7
4423,1,53,53
4433,1,91,91
4440,1,44,44
4442,1,170,170
4446,1,72,72
4448,1,135,135
4451,1,56,56
4454,1,7,7
4470,1,78,78
4481,1,2,2
4482,1,132,132
4486,1,122,122
4491,1,110,110
4496,1,112,112
4497,1,101,101
4504,1,58,58
4506,1,96,96
4508,1,126,126
4511,1,109,109
4521,1,19,19
4524,1,94,94
4534,1,67,67
4535,1,111,111
4537,1,84,84
4549,1,99,99
4556,1,144,144
4557,1,136,136
4565,1,106,106
4571,1,99,99
4572,1,69,69
4574,1,140,140
4582,1,100,100
4588,1,72,72
4599,1,155,155
4600,1,52,52
4621,1,126,126
4623,1,10,10
4624,1,107,107
4625,1,10,10
4631,1,113,113
4634,1,90,90
4647,1,79,104
4656,1,121,121
4657,1,57,57
4660,1,125,125
4675,1,36,36
4681,1,75,75
4682,1,76,76
4684,1,107,107
4686,1,158,158
4693,1,112,112
4694,1,41,41
4696,1,56,56
4697,1,93,93
4702,1,117,117
4709,1,144,144
4717,1,135,135
4731,1,12,12
4754,1,150,150
4760,1,17,17
4768,1,161,161
4769,1,12,12
4772,1,39,39
4779,1,7,7
4784,1,82,82
4788,1,73,73
4789,1,139,139
4791,1,167,167
4793,1,113,113
4796,1,85,85
4806,1,14,14
4807,1,162,162
4809,1,154,154
4816,1,92,92
4828,1,28,28
4831,1,92,92
4840,1,91,98
4844,1,123,123
4848,1,122,122
4853,1,32,32
4854,1,159,159
4863,1,112,112
4870,1,91,91
4874,1,3,70
4880,1,93,93
4889,1,10,10
4898,1,130,130
4901,1,97,97
4905,1,28,28
4906,1,99,99
4907,1,91,91
4910,1,103,103
4918,1,18,18
4920,1,102,102
4921,1,11,11
4922,1,45,45
4932,1,116,116
4934,1,46,46
4935,1,160,160
4944,1,11,11
4953,1,0,0
4954,1,161,161
4958,1,127,127
4973,1,128,128
4987,1,31,31
4992,1,5,5
5006,1,100,100
5008,1,135,135
5012,1,7,7
5013,1,55,55
5017,1,1,1
5024,1,11,24
5030,1,167,167
5054,1,32,32
5055,1,30,30
5062,1,109,109
5066,1,34,34
5068,1,41,41
5069,1,71,71
5072,1,17,17
5077,1,127,127
5079,1,39,39
5089,1,68,68
5090,1,136,136
5094,1,1,1
5098,1,156,156
5099,1,35,35
5100,1,69,69
5101,1,4,4
5106,1,51,51
5127,1,156,156
5129,1,148,148
5130,1,117,117
5137,1,165,165
5142,1,31,31
5144,1,34,34
5147,1,121,121
5150,1,129,129
5151,1,68,68
5156,1,100,100
5165,1,46,46
5168,1,26,26
5179,1,84,84
5186,1,10,10
5190,1,28,28
5197,1,122,122
5212,1,48,48
5219,1,11,11
5223,1,119,119
5229,1,11,11
5230,1,149,149
5232,1,87,87
5268,1,79,79
5274,1,91,91
5278,1,56,56
5279,1,41,41
5281,1,52,52
5288,1,0,0
5290,1,139,139
5304,1,107,107
5315,1,171,171
5328,1,131,131
5333,1,114,114
5335,1,108,108
5339,1,49,49
5348,1,31,31
5371,1,154,154
5372,1,174,174
5376,1,130,130
5383,1,2,2
5388,1,17,17
5407,1,58,58
5408,1,169,169
5419,1,128,128
5423,1,0,0
5433,1,12,12
5437,1,145,145
5442,1,164,164
5446,1,152,152
5454,1,37,107
5462,1,23,23
5466,1,116,116
5469,1,96,96
5486,1,116,116
5489,1,70,70
5491,1,157,157
5493,1,107,107
5507,1,1,1
5510,1,21,21
5512,1,4,4
5515,1,156,156
5517,1,72,72
5519,1,27,27
5524,1,68,68
5532,1,88,88
5539,1,15,15
5549,1,121,121
5550,1,13,13
5552,1,44,44
5564,1,110,110
5576,1,143,143
5577,1,160,160
5578,1,8,8
5580,1,135,135
5584,1,116,116
5585,1,85,85
5590,1,76,76
5592,1,42,42
5596,1,68,68
5599,1,23,23
5607,1,157,157
5608,1,61,61
5609,1,26,26
5611,1,54,54
5621,1,82,82
5624,1,113,113
5626,1,47,47
5633,1,136,136
5635,1,45,45
5638,1,8,8
5641,1,37,37
5644,1,164,164
5651,1,104,104
5665,1,32,32
5667,1,147,147
5669,1,56,56
5670,1,21,21
5674,1,113,113
5685,1,81,81
5687,1,86,86
5689,1,173,173
5708,1,143,143
5710,1,27,27
5715,1,135,135
5716,1,127,127
5717,1,60,60
5721,1,14,14
5723,1,43,43
5724,1,15,15
5730,1,74,74
5734,1,36,36
5737,1,22,22
5743,1,32,32
5752,1,13,13
5753,1,168,168
5758,1,91,91
5763,1,133,133
5771,1,5,5
5772,1,117,117
5773,1,100,100
5776,1,0,0
5779,1,30,30
5790,1,169,169
5795,1,98,98
5802,1,143,143
5806,1,163,163
5812,1,90,90
5813,1,77,77
5815,1,84,84
5816,1,3,63
5820,1,144,144
5821,1,29,29
5825,1,2,2
5835,1,37,37
5838,1,46,46
5850,1,24,24
5853,1,50,50
5866,1,53,53
5868,1,19,19
5869,1,52,52
5874,1,80,80
5886,1,134,134
5891,1,61,61
5896,1,19,19
5900,1,118,118
5901,1,130,130
5902,1,160,160
5904,1,96,96
5907,1,113,113
5914,1,123,123
5921,1,83,83
5925,1,123,123
5926,1,130,130
5932,1,133,133
5935,1,65,65
5941,1,117,117
5948,1,160,160
5954,1,164,164
5960,1,117,117
5962,1,36,36
5976,1,72,72
5984,1,52,52
6001,1,12,12
6004,1,21,21
6009,1,157,157
6015,1,99,99
6018,1,127,127
6020,1,6,6
6024,1,3,63
6036,1,52,52
6037,1,169,169
6048,1,9,9
6051,1,128,128
6065,1,145,145
6066,1,25,25
6072,1,6,6
6074,1,82,82
6078,1,39,39
6079,1,158,158
6083,1,37,37
6085,1,155,155
6090,1,5,5
6095,1,79,79
6098,1,15,15
6099,1,141,141
6108,1,66,66
6109,1,13,13
6118,1,173,173
6120,1,123,123
6133,1,147,147
6140,1,112,112
6147,1,36,36
6150,1,45,45
6165,1,15,15
6166,1,59,59
6177,1,46,46
6182,1,108,108
6184,1,174,174
6187,1,0,0
6189,1,2,2
6202,1,57,57
6206,1,140,140
6208,1,35,35
6212,1,132,132
6219,1,46,46
6224,1,4,4
6226,1,17,17
6228,1,160,160
6232,1,56,56
6236,1,107,107
6239,1,43,43
6247,1,170,170
6252,1,121,121
6254,1,44,44
6256,1,115,115
6264,1,132,132
6267,1,141,141
6272,1,32,32
6273,1,114,114
6276,1,93,93
6279,1,172,172
6292,1,70,3
6296,1,148,148
6301,1,6,6
6305,1,6,6
6306,1,54,54
6310,1,83,83
6312,1,16,16
6315,1,34,34
6323,1,34,34
6327,1,53,53
6344,1,1,1
6354,1,3,3
6358,1,15,15
6360,1,90,90
6369,1,0,0
6372,1,146,146
6378,1,16,16
6381,1,24,11
6383,1,95,95
6388,1,105,105
6393,1,161,161
6396,1,7,7
6404,1,15,15
6406,1,88,88
6417,1,42,42
6419,1,82,82
6429,1,112,112
6431,1,51,51
6435,1,79,104
6449,1,24,24
6465,1,114,114
6477,1,50,50
6482,1,28,16
6483,1,65,65
6484,1,38,38
6489,1,140,140
6506,1,128,128
6511,1,81,81
6517,1,162,162
6520,1,156,156
6532,1,17,17
6533,1,22,22
6539,1,78,78
6545,1,13,13
6553,1,27,27
6559,1,26,26
6563,1,17,17
6570,1,103,103
6573,1,160,160
6576,1,43,43
6578,1,154,154
6579,1,45,45
6584,1,65,65
6590,1,131,131
6592,1,84,84
6597,1,104,104
6600,1,35,35
6602,1,129,129
6610,1,164,164
6612,1,154,154
6626,1,7,7
6630,1,155,155
6632,1,1,1
6638,1,2,2
6640,1,171,171
6650,1,162,162
6662,1,64,64
6667,1,37,37
6670,1,55,55
6671,1,140,140
6672,1,142,142
6673,1,22,22
6675,1,85,85
6681,1,50,50
6682,1,48,48
6684,1,48,48
6689,1,133,133
6698,1,35,35
6699,1,102,102
6701,1,62,62
6710,1,169,169
6723,1,76,76
6724,1,81,81
6729,1,84,84
6732,1,60,60
6734,1,12,12
6737,1,73,73
6745,1,158,158
6748,1,102,102
6750,1,126,126
6752,1,85,85
6754,1,68,68
6755,1,109,109
6758,1,15,15
6760,1,10,10
6763,1,13,13
6764,1,134,134
6766,1,22,22
6776,1,135,135
6795,1,168,168
6801,1,129,129
6805,1,83,83
6813,1,46,46
6815,1,79,104
6836,1,24,24
6840,1,86,86
6841,1,5,5
6852,1,37,37
6853,1,66,66
6856,1,119,119
6866,1,118,118
6869,1,60,60
6874,1,162,162
6877,1,62,62
6887,1,79,79
6892,1,175,175
6893,1,8,8
6905,1,98,98
6909,1,66,66
6911,1,140,140
6916,1,8,8
6926,1,50,50
6934,1,129,129
6940,1,80,80
6965,1,165,165
6970,1,139,139
6976,1,17,17
6978,1,131,131
6982,1,100,100
6986,1,172,172
6991,1,174,174
6992,1,139,139
6995,1,137,137
6996,1,108,108
7002,1,98,98
7017,1,64,64
7018,1,16,16
7046,1,120,120
7050,1,50,50
7056,1,37,37
7057,1,123,123
7059,1,29,29
7069,1,100,100
7074,1,156,156
7083,1,2,2
7090,1,88,88
7091,1,118,118
7092,1,25,25
7093,1,18,18
7112,1,44,44
7117,1,73,73
7120,1,3,3
7121,1,41,41
7130,1,113,113
7131,1,86,86
7141,1,107,107
7145,1,59,59
7146,1,134,134
7150,1,167,167
7153,1,75,75
7161,1,31,31
7166,1,1,1
7171,1,80,80
7173,1,24,11
7182,1,54,54
7184,1,170,170
7185,1,4,4
7190,1,133,133
7192,1,48,48
7193,1,124,124
7203,1,36,36
7204,1,8,8
7205,1,75,75
7206,1,24,24
7207,1,7,7
7211,1,126,126
7212,1,22,22
7214,1,141,141
7217,1,163,163
7219,1,96,96
7222,1,96,96
7223,1,130,130
7230,1,0,0
7231,1,8,8
7236,1,27,27
7243,1,7,7
7255,1,31,31
7257,1,103,103
7260,1,80,80
7261,1,58,58
7264,1,1,1
7268,1,66,66
7273,1,87,87
7275,1,139,139
7281,1,118,118
7293,1,39,39
7296,1,123,123
7298,1,102,102
7301,1,142,142
7303,1,38,38
7304,1,31,31
7307,1,1,1
7309,1,141,141
7311,1,39,39
7312,1,94,94
7315,1,173,173
7324,1,124,124
7330,1,130,130
7335,1,88,88
7341,1,137,137
7345,1,20,20
7352,1,131,131
7356,1,149,149
7371,1,148,148
7373,1,139,139
7377,1,27,27
7383,1,98,98
7385,1,44,44
7390,1,145,145
7394,1,18,18
7395,1,95,95
7396,1,53,53
7403,1,4,4
7407,1,0,0
7410,1,63,3
7411,1,99,99
7415,1,152,152
7416,1,144,144
7417,1,93,93
7420,1,130,130
7424,1,109,109
7425,1,163,163
7433,1,78,78
7435,1,2,2
7442,1,158,158
7443,1,174,174
7445,1,57,57
7448,1,6,6
7449,1,48,23
7450,1,105,105
7454,1,112,112
7464,1,159,159
7466,1,26,26
7471,1,96,96
7472,1,170,170
7478,1,33,33
7484,1,61,61
7496,1,8,8
7499,1,166,166
7502,1,15,15
7503,1,49,49
7515,1,155,155
7520,1,171,171
7521,1,137,137
7526,1,155,155
7529,1,108,108
7530,1,42,42
7536,1,31,31
7543,1,49,49
7546,1,14,14
7554,1,136,136
7557,1,159,159
7559,1,117,117
7566,1,83,83
7568,1,160,160
7570,1,127,127
7573,1,122,122
7583,1,24,24
7588,1,21,21
7592,1,157,157
7596,1,45,45
7597,1,59,59
7598,1,154,154
7600,1,149,149
7602,1,139,139
7603,1,74,74
7605,1,9,9
7608,1,76,76
7609,1,20,20
7614,1,118,118
7617,1,91,91
7618,1,62,62
7622,1,43,43
7623,1,172,172
7627,1,142,142
7634,1,20,20
7637,1,43,43
7638,1,175,175
7639,1,39,39
7641,1,154,154
7642,1,140,140
7644,1,6,6
7645,1,116,116
7648,1,30,30
7653,1,40,40
7657,1,2,2
7658,1,72,72
7665,1,128,128
7672,1,105,105
7674,1,57,57
7675,1,81,81
7682,1,145,145
7684,1,94,94
7691,1,95,95
7694,1,124,124
7696,1,4,4
7703,1,41,41
7704,1,24,24
7707,1,10,10
7714,1,103,103
7716,1,33,33
7727,1,19,19
7730,1,125,125
7731,1,153,153
7732,1,106,106
7733,1,23,23
7745,1,84,84
7752,1,51,51
7753,1,36,36
7758,1,69,69
7759,1,0,0
7761,1,119,119
7763,1,147,147
7775,1,24,11
7787,1,43,43
7793,1,124,124
7800,1,99,99
7803,1,15,15
7809,1,33,33
7816,1,46,46
7817,1,60,60
7821,1,139,139
7822,1,50,50
7824,1,103,103
7828,1,53,53
7839,1,19,19
7852,1,30,30
7854,1,169,169
7856,1,136,136
7858,1,34,34
7859,1,28,28
7862,1,153,153
7876,1,2,2
7877,1,31,31
7880,1,168,168
7884,1,110,110
7890,1,57,57
7895,1,27,27
7904,1,45,45
7909,1,1,1
7915,1,159,159
7917,1,13,13
7918,1,54,54
7921,1,29,29
7937,1,54,54
7940,1,3,3
7942,1,58,58
7951,1,126,126
7955,1,18,18
7959,1,34,34
7980,1,110,110
7991,1,71,71
7999,1,89,89
8000,1,58,58
8001,1,124,124
8003,1,150,150
8010,1,3,63
8016,1,76,76
8023,1,31,31
8026,1,4,4
8042,1,90,90
8047,1,137,137
8049,1,62,62
8057,1,60,60
8069,1,7,7
8073,1,129,129
8077,1,40,40
8092,1,64,64
8096,1,102,102
8114,1,167,167
8116,1,85,85
8132,1,4,4
8140,1,44,44
8156,1,107,107
8159,1,141,141
8162,1,53,53
8171,1,73,73
8173,1,14,14
8174,1,49,49
8177,1,19,19
8181,1,6,6
8186,1,51,51
8193,1,81,81
8200,1,68,68
8203,1,123,123
8206,1,50,50
8219,1,69,69
8229,1,81,81
8236,1,79,79
8261,1,55,55
8265,1,81,81
8269,1,131,131
8271,1,21,21
8274,1,75,75
8275,1,45,45
8277,1,102,102
8279,1,70,3
8281,1,159,159
8283,1,6,6
8294,1,29,29
8295,1,58,58
8301,1,89,89
8303,1,134,134
8309,1,138,138
8316,1,28,28
8317,1,5,5
8318,1,29,29
8323,1,19,19
8325,1,91,91
8330,1,83,83
8337,1,121,121
8340,1,93,93
8347,1,116,116
8348,1,168,168
8350,1,18,18
8357,1,43,43
8365,1,107,107
8368,1,127,127
8387,1,157,157
8389,1,39,39
8391,1,27,27
8396,1,76,76
8399,1,102,102
8401,1,131,131
8408,1,15,15
8411,1,55,55
8414,1,68,68
8420,1,115,115
8421,1,62,62
8431,1,0,0
8433,1,4,4
8436,1,152,152
8437,1,91,91
8438,1,153,153
8439,1,165,165
8440,1,120,120
8448,1,4,4
8460,1,140,140
8463,1,28,28
8467,1,4,4
8468,1,129,129
8469,1,137,137
8470,1,43,43
8472,1,106,106
8480,1,117,117
8482,1,22,22
8485,1,51,51
8488,1,111,111
8490,1,158,158
8494,1,130,130
8500,1,37,37
8503,1,175,175
8511,1,139,139
8516,1,93,93
8519,1,141,141
8523,1,92,92
8531,1,93,93
8553,1,0,0
8555,1,34,34
8560,1,51,51
8565,1,69,69
8567,1,91,91
8581,1,55,55
8582,1,67,67
8586,1,13,13
8600,1,42,42
8604,1,169,169
8617,1,93,93
8622,1,22,22
8623,1,155,155
8626,1,128,128
8631,1,131,131
8636,1,40,40
8642,1,14,14
8645,1,143,143
8649,1,71,71
8652,1,29,29
8653,1,109,109
8656,1,76,76
8669,1,15,15
8673,1,133,133
8677,1,92,92
8680,1,53,53
8681,1,170,170
8687,1,84,84
8695,1,133,133
8700,1,110,110
8703,1,138,138
8706,1,129,129
8720,1,152,152
8721,1,84,84
8723,1,68,68
8733,1,14,14
8734,1,21,21
8738,1,123,123
8747,1,25,25
8755,1,48,48
8767,1,11,11
8768,1,30,30
8771,1,11,11
8774,1,14,14
8788,1,16,16
8795,1,37,37
8798,1,46,46
8802,1,37,37
8803,1,172,172
8807,1,156,156
8808,1,95,56
8809,1,3,3
8816,1,12,12
8818,1,8,8
8824,1,126,126
8838,1,5,5
8852,1,81,81
8860,1,128,128
8861,1,71,71
8877,1,63,63
8883,1,101,101
8890,1,24,24
8894,1,24,24
8901,1,78,78
8910,1,110,110
8911,1,112,112
8914,1,89,89
8916,1,163,163
8917,1,46,46
8920,1,66,66
8926,1,103,103
8928,1,77,77
8929,1,123,123
8932,1,19,19
8936,1,21,21
8941,1,63,3
8942,1,7,7
8946,1,18,18
8947,1,73,73
8963,1,16,16
8965,1,150,150
8966,1,0,0
8968,1,90,90
8974,1,62,62
8977,1,43,43
8979,1,49,49
8986,1,79,79
8987,1,12,12
8988,1,74,74
9000,1,96,96
9010,1,29,29
9013,1,26,26
9024,1,28,28
9029,1,69,69
9030,1,159,159
9031,1,81,81
9034,1,53,53
9035,1,0,0
9038,1,101,101
9039,1,103,103
9041,1,55,55
9052,1,23,23
9055,1,110,110
9056,1,174,174
9062,1,105,105
9065,1,18,18
9067,1,27,27
9070,1,0,0
9075,1,97,97
9078,1,125,125
9094,1,171,171
9110,1,127,127
9118,1,0,0
9122,1,157,157
9124,1,156,156
9126,1,113,113
9129,1,142,142
9136,1,10,10
9140,1,147,147
9142,1,88,88
9154,1,12,12
9159,1,104,104
9174,1,61,61
9177,1,89,89
9182,1,143,143
9195,1,26,26
9196,1,118,118
9200,1,144,144
9201,1,100,100
9203,1,18,18
9204,1,53,53
9206,1,119,119
9211,1,12,12
9212,1,42,42
9214,1,26,26
9215,1,120,120
9230,1,14,14
9233,1,26,26
9237,1,135,135
9238,1,42,42
9240,1,149,149
9248,1,149,149
9258,1,32,32
9270,1,118,118
9271,1,54,54
9272,1,14,14
9273,1,169,169
9276,1,19,19
9279,1,17,17
9291,1,3,3
9296,1,144,144
9303,1,4,4
9308,1,122,122
9312,1,39,39
9314,1,8,8
9316,1,161,161
9317,1,88,88
9323,1,140,140
9324,1,5,5
9328,1,173,173
9329,1,76,76
9330,1,165,165
9334,1,166,166
9336,1,82,82
9339,1,0,0
9341,1,17,17
9344,1,134,134
9348,1,53,53
9352,1,112,112
9354,1,31,31
9365,1,10,10
9367,1,71,71
9371,1,24,24
9375,1,9,9
9390,1,78,78
9396,1,93,93
9401,1,30,30
9404,1,120,120
9406,1,127,127
9418,1,163,163
9430,1,62,62
9448,1,51,51
9453,1,63,63
9456,1,32,32
9458,1,91,91
9460,1,93,93
9465,1,3,3
9471,1,63,3
9476,1,91,91
9478,1,64,64
9485,1,165,165
9487,1,38,38
9493,1,30,30
9502,1,132,132
9503,1,163,163
9506,1,41,41
9509,1,30,30
9513,1,76,76
9514,1,82,82
9516,1,97,97
9518,1,14,14
9524,1,77,77
9528,1,58,58
9530,1,22,22
9532,1,27,27
9535,1,118,118
9540,1,78,78
9547,1,97,97
9554,1,5,5
9558,1,95,95
9567,1,82,82
9579,1,126,126
9583,1,35,35
9588,1,75,75
9599,1,109,109
9606,1,21,21
9612,1,117,117
9614,1,144,144
9619,1,19,19
9621,1,3,3
9624,1,169,169
9626,1,99,99
9632,1,85,85
9633,1,98,98
9635,1,83,83
9638,1,44,44
9639,1,129,129
9649,1,145,145
9660,1,5,5
9661,1,102,102
9666,1,33,33
9675,1,0,0
9676,1,73,73
9687,1,60,60
9694,1,37,37
9708,1,158,158
9709,1,44,44
9714,1,14,14
9729,1,89,89
9730,1,29,29
9731,1,175,175
9750,1,80,80
9761,1,4,4
9762,1,54,54
9763,1,102,102
9764,1,47,47
9772,1,99,99
9781,1,19,19
9789,1,155,155
9808,1,44,44
9810,1,23,23
9812,1,73,73
9813,1,51,51
9825,1,49,49
9827,1,2,2
9831,1,85,85
9834,1,137,137
9835,1,80,80
9837,1,76,76
9839,1,121,121
9842,1,9,9
9846,1,31,31
9847,1,137,137
9849,1,111,111
9854,1,166,166
9856,1,106,106
9858,1,142,142
9880,1,113,113
9895,1,24,24
9896,1,27,27
9899,1,121,121
9903,1,115,115
9907,1,174,174
9918,1,105,105
9926,1,173,173
9959,1,155,155
9963,1,93,93
9968,1,104,104
9977,1,34,34
9978,1,99,99
9988,1,63,63
9999,1,167,167
10002,1,75,75
10011,1,95,95
10015,1,140,140
10025,1,87,87
10030,1,7,7
10034,1,133,133
10037,1,7,7
10039,1,18,18
10040,1,97,97
10047,1,38,38
10051,1,63,63
10056,1,91,91
10064,1,118,118
10069,1,129,129
10071,1,132,132
10075,1,52,52
10081,1,162,162
10082,1,36,36
10086,1,36,36
10090,1,73,73
10098,1,2,2
10102,1,69,69
10110,1,7,7
10116,1,4,4
10119,1,153,153
10126,1,110,110
10132,1,128,128
10135,1,118,118
10136,1,172,172
10150,1,152,152
10153,1,31,31
10160,1,36,36
10175,1,128,128
10179,1,78,78
10185,1,140,140
10186,1,96,96
10189,1,102,102
10190,1,61,61
10194,1,16,16
10197,1,167,167
10198,1,128,128
10202,1,171,171
10204,1,25,25
10217,1,164,164
10219,1,148,148
10221,1,160,160
10237,1,60,60
10261,1,170,170
10263,1,14,14
10264,1,21,21
10269,1,115,115
10272,1,87,87
10277,1,162,162
10282,1,20,20
10283,1,136,136
10288,1,38,38
10293,1,30,30
10305,1,132,132
10307,1,59,59
10309,1,90,90
10310,1,19,19
10311,1,105,105
10312,1,173,173
10313,1,37,37
10319,1,0,0
10322,1,9,9
10332,1,138,138
10337,1,121,121
10340,1,173,173
10345,1,147,147
10351,1,103,103
10356,1,147,147
10360,1,23,23
10366,1,97,97
10368,1,106,106
10369,1,107,107
10379,1,58,58
10399,1,88,88
10401,1,26,26
10402,1,19,19
10406,1,4,4
10409,1,7,7
10414,1,47,47
10426,1,9,9
10429,1,118,118
10430,1,8,8
10431,1,7,7
10438,1,1,1
10452,1,6,6
10458,1,48,48
10463,1,114,114
10468,1,64,64
10470,1,170,170
10472,1,62,62
10475,1,2,2
10478,1,60,60
10479,1,73,73
10481,1,112,112
10482,1,135,135
10484,1,166,166
10487,1,56,56
10497,1,135,135
10500,1,39,39
10507,1,19,19
10512,1,144,144
10515,1,47,47
10519,1,13,13
10534,1,0,0
10536,1,63,63
10543,1,46,46
10572,1,73,73
10573,1,83,83
10575,1,3,3
10578,1,111,111
10590,1,76,76
10596,1,71,71
10601,1,57,57
10602,1,33,33
10607,1,21,21
10608,1,50,50
10614,1,0,0
10618,1,73,73
10619,1,152,152
10627,1,10,10
10628,1,67,67
10643,1,66,66
10645,1,106,106
10654,1,120,120
10662,1,34,34
10664,1,132,132
10666,1,47,47
10668,1,83,83
10672,1,24,24
10689,1,22,22
10699,1,53,53
10704,1,19,19
10706,1,95,95
10716,1,163,163
10722,1,98,98
10728,1,100,100
10731,1,32,32
10738,1,13,13
10739,1,87,87
10747,1,39,39
10749,1,6,6
10751,1,53,53
10753,1,52,52
10757,1,69,69
10762,1,60,60
10769,1,10,10
10787,1,29,29
10791,1,110,110
10794,1,98,98
10803,1,24,11
10804,1,126,126
10813,1,111,111
10816,1,43,43
10817,1,40,40
10825,1,9,9
10833,1,116,116
10835,1,7,7
10837,1,0,0
10838,1,45,45
10843,1,86,86
10844,1,111,111
10845,1,36,36
10849,1,66,66
10852,1,90,90
10863,1,146,146
10864,1,29,29
10865,1,23,23
10866,1,140,140
10871,1,25,25
10877,1,153,153
10878,1,61,61
10888,1,55,55
10893,1,112,112
10904,1,57,57
10905,1,6,6
10907,1,168,168
10908,1,69,69
10913,1,162,162
10914,1,28,28
10920,1,70,70
10927,1,160,160
10935,1,48,63
10937,1,138,138
10941,1,57,57
10945,1,77,77
10954,1,82,82
10959,1,1,1
10960,1,0,0
10963,1,101,101
10964,1,8,8
10967,1,71,71
10971,1,22,22
10979,1,3,70
10980,1,48,48
10983,1,88,88
10998,1,67,67
11000,1,167,167
11005,1,160,160
11006,1,146,146
11010,1,60,60
11014,1,17,17
11020,1,92,92
11024,1,160,160
11025,1,6,6
11026,1,124,124
11027,1,63,63
11029,1,56,56
11033,1,164,164
11034,1,1,1
11036,1,51,51
11037,1,170,170
11042,1,22,22
11065,1,129,129
11066,1,135,135
11070,1,46,46
11078,1,0,0
11089,1,161,161
11090,1,138,138
11093,1,52,52
11105,1,47,47
11116,1,90,90
11117,1,158,158
11123,1,49,49
11125,1,98,98
11128,1,19,19
11134,1,85,85
11135,1,61,61
11140,1,173,173
11142,1,72,72
11149,1,29,29
11157,1,110,110
11162,1,94,94
11167,1,48,48
11171,1,62,62
11178,1,23,23
11194,1,90,90
11202,1,118,118
11204,1,30,30
11209,1,71,71
11212,1,49,49
11218,1,61,61
11223,1,60,60
11234,1,4,4
11235,1,94,94
11238,1,159,159
11240,1,1,1
11243,1,124,124
11245,1,22,22
11251,1,136,136
11252,1,122,122
11253,1,151,151
11260,1,9,9
11267,1,172,172
11282,1,101,101
11284,1,155,155
11286,1,15,15
11296,1,137,137
11302,1,58,58
11303,1,143,143
11310,1,75,75
11313,1,45,45
11314,1,21,21
11319,1,112,112
11333,1,104,104
11339,1,21,21
11347,1,54,54
11348,1,3,3
11349,1,14,14
11359,1,17,17
11368,1,24,11
11373,1,54,54
11376,1,30,30
11378,1,38,38
11394,1,18,18
11405,1,12,12
11407,1,167,167
11414,1,75,75
11423,1,100,100
11429,1,121,121
11430,1,62,62
11431,1,29,29
11432,1,121,121
11437,1,133,133
11438,1,8,8
11443,1,130,130
11444,1,40,40
11449,1,47,47
11450,1,88,88
11453,1,146,146
11454,1,162,162
11463,1,38,38
11474,1,55,55
11476,1,116,116
11480,1,114,114
11485,1,119,119
11492,1,147,147
11498,1,36,36
11503,1,127,127
11504,1,2,2
11506,1,17,17
11510,1,150,150
11513,1,171,171
11517,1,32,32
11519,1,24,11
11522,1,96,96
11525,1,141,141
11526,1,24,24
11552,1,37,37
11554,1,29,29
11556,1,60,60
11560,1,79,79
11561,1,133,133
11563,1,22,22
11567,1,14,14
11573,1,6,6
11575,1,141,141
11580,1,130,130
11585,1,66,66
11591,1,121,121
11592,1,75,75
11596,1,57,57
11598,1,94,94
11600,1,0,0
11602,1,154,154
11606,1,78,78
11607,1,130,130
11613,1,10,10
11622,1,15,15
11623,1,154,154
11624,1,110,110
11627,1,41,41
11628,1,11,11
11629,1,68,68
11649,1,74,74
11652,1,52,52
11654,1,74,74
11656,1,61,61
11663,1,70,70
11671,1,160,160
11675,1,46,46
11679,1,38,38
11687,1,23,23
11693,1,43,43
11694,1,44,44
11697,1,80,80
11701,1,135,135
11706,1,50,50
11717,1,1,1
11735,1,89,89
11736,1,82,82
11741,1,58,58
11748,1,63,65
11755,1,167,167
11758,1,11,11
11771,1,1,1
11775,1,8,8
11777,1,12,12
11779,1,31,31
11796,1,103,103
11813,1,174,174
11831,1,70,98
11842,1,103,103
11850,1,100,100
11852,1,72,72
11854,1,152,152
11858,1,103,103
11859,1,173,173
11863,1,138,138
11865,1,107,107
11868,1,69,69
11870,1,44,44
11871,1,18,18
11878,1,0,0
11880,1,140,140
11881,1,71,71
11886,1,150,150
11888,1,83,83
11890,1,16,16
11898,1,95,95
11900,1,138,138
11908,1,110,110
11918,1,171,171
11919,1,70,70
11924,1,139,139
11927,1,44,44
11928,1,2,2
11935,1,132,132
11936,1,83,83
11937,1,35,35
11947,1,82,82
11950,1,43,43
11957,1,74,74
11968,1,136,136
11978,1,61,61
11987,1,5,5
11991,1,108,108
11992,1,86,86
11997,1,77,77
12000,1,104,104
12008,1,22,22
12020,1,156,156
12021,1,108,108
12025,1,98,84
12026,1,61,61
12029,1,87,87
12032,1,98,98
12037,1,87,87
12044,1,62,62
12052,1,106,106
12056,1,20,20
12061,1,170,170
12065,1,93,93
12067,1,4,4
12071,1,36,36
12073,1,69,69
12077,1,166,166
12082,1,169,169
12083,1,36,36
12086,1,85,85
12090,1,70,3
12096,1,6,6
12101,1,55,55
12105,1,173,173
12113,1,131,131
12118,1,141,141
12121,1,86,86
12125,1,31,31
12145,1,71,71
12146,1,163,163
12154,1,163,163
12159,1,128,128
12165,1,150,150
12166,1,156,156
12167,1,145,145
12170,1,10,10
12173,1,122,122
12174,1,120,120
12181,1,172,172
12182,1,108,108
12184,1,153,153
12186,1,0,0
12187,1,29,29
12188,1,36,36
12194,1,2,2
12198,1,16,16
12202,1,65,65
12213,1,113,113
12216,1,87,87
12219,1,149,149
12223,1,166,166
12225,1,18,18
12253,1,79,79
12260,1,124,124
12269,1,42,42
12272,1,105,105
12273,1,30,30
12276,1,65,65
12282,1,126,126
12290,1,4,4
12293,1,84,84
12308,1,24,24
12310,1,166,166
12311,1,92,92
12313,1,26,26
12316,1,132,132
12321,1,161,161
12340,1,80,80
12342,1,70,3
12345,1,153,153
12349,1,72,72
12352,1,50,50
12365,1,25,25
12368,1,125,125
12369,1,144,144
12375,1,152,152
12378,1,51,51
12382,1,27,27
12383,1,114,114
12385,1,33,33
12387,1,105,105
12391,1,113,113
12396,1,122,122
12399,1,157,157
12402,1,127,127
12406,1,24,11
12409,1,175,175
12411,1,138,138
12418,1,51,51
12423,1,75,75
12428,1,113,113
12435,1,102,102
12442,1,63,63
12457,1,31,31
12470,1,108,108
12485,1,43,43
12493,1,17,17
12505,1,107,107
12506,1,76,76
12509,1,40,40
12511,1,173,173
12518,1,6,6
12522,1,75,75
12530,1,10,10
12532,1,115,115
12538,1,86,86
12540,1,21,21
12541,1,162,162
12543,1,62,62
12545,1,131,131
12550,1,146,146
12556,1,22,22
12560,1,158,158
12586,1,162,162
12594,1,50,50
12607,1,56,56
12608,1,143,143
12612,1,15,15
12614,1,16,16
12615,1,81,81
12620,1,136,136
12627,1,52,52
12632,1,104,143
12633,1,15,15
12635,1,58,58
12636,1,20,20
12640,1,71,71
12641,1,17,17
12642,1,119,119
12643,1,159,159
12648,1,169,169
12650,1,151,151
12658,1,113,113
12660,1,61,61
12670,1,171,171
12684,1,117,117
12688,1,83,83
12697,1,0,0
12700,1,159,159
12705,1,34,34
12706,1,94,94
12710,1,167,167
12712,1,102,102
12722,1,171,171
12724,1,7,7
12730,1,147,147
12732,1,169,169
12742,1,14,14
12749,1,112,112
12750,1,82,82
12756,1,13,13
12758,1,90,90
12760,1,35,35
12767,1,124,124
12768,1,89,89
12770,1,160,160
12773,1,133,133
12774,1,174,174
12775,1,31,31
12777,1,37,37
12789,1,10,10
12791,1,0,0
12793,1,5,5
12794,1,126,126
12795,1,140,140
12800,1,122,122
12804,1,132,132
12806,1,120,120
12807,1,1,1
12812,1,163,163
12816,1,0,0
12832,1,172,172
12843,1,151,151
12850,1,107,107
12854,1,56,56
12859,1,69,69
12867,1,14,14
12868,1,14,14
12871,1,72,72
12875,1,2,2
12885,1,144,144
12887,1,10,10
12888,1,80,80
12892,1,56,56
12897,1,154,154
12900,1,148,148
12903,1,135,135
12909,1,21,21
12916,1,14,14
12927,1,54,54
12931,1,1,1
12945,1,105,105
12947,1,8,8
12950,1,125,125
12954,1,36,36
12955,1,150,150
12959,1,161,161
12965,1,16,44
12972,1,17,17
12976,1,97,97
12978,1,52,52
12979,1,67,67
12991,1,101,101
12994,1,145,145
12998,1,106,106
13006,1,43,43
13007,1,94,94
13013,1,74,74
13016,1,69,69
13018,1,137,137
13028,1,69,69
13029,1,2,2
13035,1,88,88
13047,1,168,168
13048,1,50,50
13049,1,114,114
13055,1,165,165
13062,1,138,138
13074,1,60,114
13076,1,57,57
13078,1,145,145
13084,1,7,7
13088,1,151,151
13095,1,154,154
13098,1,27,27
13101,1,40,40
13107,1,17,17
13113,1,155,155
13125,1,47,47
13126,1,12,12
13130,1,17,17
13132,1,44,44
13134,1,111,111
13139,1,81,81
13140,1,39,39
13149,1,85,85
13151,1,77,77
13153,1,11,11
13155,1,151,151
13157,1,103,103
13162,1,67,67
13165,1,33,33
13169,1,117,117
13176,1,2,2
13195,1,44,44
13196,1,45,45
13197,1,23,23
13213,1,142,142
13216,1,78,78
13219,1,27,27
13223,1,155,155
13224,1,129,129
13225,1,45,45
13228,1,17,17
13236,1,118,118
13238,1,95,95
13241,1,94,94
13243,1,47,47
13257,1,150,150
13261,1,74,74
13262,1,51,51
13280,1,115,115
13283,1,142,142
13284,1,40,40
13291,1,114,114
13314,1,101,101
13316,1,70,70
13318,1,92,92
13337,1,97,97
13340,1,157,157
13343,1,143,143
13346,1,123,123
13349,1,96,96
13350,1,85,85
13357,1,65,65
13376,1,158,158
13382,1,53,53
13383,1,128,128
13386,1,18,18
13389,1,155,155
13394,1,61,61
13405,1,148,148
13418,1,49,49
13423,1,57,57
13431,1,34,34
13435,1,31,31
13456,1,13,13
13457,1,120,120
13463,1,29,29
13465,1,85,85
13471,1,56,56
13473,1,97,97
13486,1,16,16
13488,1,121,121
13491,1,95,95
13494,1,98,98
13495,1,103,103
13500,1,169,169
13503,1,13,13
13505,1,71,71
13509,1,88,88
13511,1,71,71
13519,1,4,4
13521,1,20,20
13525,1,21,21
13530,1,165,165
13535,1,86,86
13556,1,112,112
13574,1,148,148
13577,1,159,159
13589,1,13,13
13595,1,87,87
13598,1,46,46
13603,1,84,84
13607,1,9,9
13609,1,59,59
13611,1,170,170
13615,1,68,68
13618,1,108,108
13619,1,100,100
13627,1,103,103
13629,1,45,45
13630,1,99,99
13632,1,98,98
13633,1,89,89
13635,1,21,21
13644,1,171,171
13666,1,1,1
13669,1,106,60
13685,1,153,153
13688,1,79,79
13699,1,103,103
13703,1,59,59
13713,1,7,7
13714,1,109,109
13717,1,25,25
13724,1,14,14
13727,1,32,32
13729,1,124,124
13736,1,30,30
13755,1,125,125
13757,1,61,61
13758,1,147,147
13760,1,6,6
13764,1,62,62
13768,1,120,120
13775,1,125,125
13786,1,27,27
13787,1,44,44
13792,1,147,147
13801,1,31,31
13804,1,122,122
13809,1,1,1
13822,1,7,7
13826,1,166,166
13827,1,5,5
13832,1,140,140
13833,1,10,10
13838,1,59,59
13846,1,38,38
13848,1,47,47
13850,1,47,47
13852,1,52,52
13855,1,138,165
13857,1,29,29
13862,1,60,60
13863,1,107,107
13864,1,59,59
13871,1,168,168
13876,1,77,77
13887,1,99,99
13891,1,8,8
13899,1,9,9
13900,1,59,59
13902,1,152,152
13905,1,72,72
13909,1,88,88
13911,1,114,114
13915,1,41,41
13924,1,82,82
13926,1,122,122
13930,1,25,25
13937,1,118,118
13938,1,5,5
13943,1,66,66
13945,1,165,165
13951,1,18,18
13953,1,46,46
13956,1,57,57
13965,1,50,50
13967,1,60,60
13968,1,153,153
13976,1,93,93
13977,1,38,38
13978,1,34,34
13979,1,50,50
13985,1,57,57
13988,1,157,157
13997,1,24,24
13998,1,76,76
14001,1,134,134
14006,1,1,1
14012,1,24,11
14015,1,90,90
14017,1,85,85
14020,1,166,166
14022,1,84,84
14025,1,145,145
14030,1,151,151
14037,1,126,126
14048,1,146,146
14051,1,24,11
14058,1,100,100
14069,1,126,126
14080,1,56,56
14089,1,12,12
14107,1,118,118
14114,1,40,40
14115,1,2,2
14116,1,126,126
14124,1,152,152
14125,1,24,11
14132,1,149,149
14138,1,114,114
14139,1,44,44
14140,1,138,138
14147,1,43,43
14150,1,129,129
14152,1,65,65
14156,1,111,111
14157,1,56,56
14169,1,43,43
14170,1,114,114
14177,1,123,123
14180,1,20,20
14183,1,14,14
14187,1,61,61
14194,1,9,9
14198,1,84,105
14201,1,25,25
14204,1,39,39
14207,1,50,50
14209,1,31,31
14213,1,142,142
14217,1,112,112
14218,1,45,45
14232,1,153,153
14234,1,21,21
14246,1,24,24
14255,1,65,65
14257,1,90,90
14259,1,86,86
14272,1,74,74
14273,1,15,15
14277,1,139,139
14279,1,61,61
14283,1,4,4
14287,1,17,17
14289,1,118,118
14296,1,7,7
14297,1,66,66
14310,1,21,21
14320,1,119,119
14324,1,113,113
14327,1,17,17
14335,1,1,1
14342,1,39,39
14347,1,174,174
14353,1,26,26
14354,1,134,134
14358,1,17,17
14360,1,30,30
14364,1,83,83
14365,1,49,49
14371,1,152,152
14373,1,1,1
14376,1,57,57
14377,1,122,122
14384,1,41,41
14385,1,11,11
14394,1,122,122
14399,1,153,153
14409,1,18,18
14410,1,175,175
14413,1,11,11
14418,1,92,92
14425,1,169,169
14432,1,75,75
14433,1,36,36
14444,1,143,143
14452,1,126,126
14457,1,142,142
14458,1,153,153
14460,1,153,153
14465,1,42,42
14481,1,24,24
14485,1,82,82
14490,1,15,15
14491,1,56,56
14494,1,157,157
14501,1,19,19
14508,1,102,102
14524,1,100,100
14527,1,46,46
14528,1,23,23
14533,1,43,43
14534,1,127,127
14535,1,60,60
14536,1,104,104
14538,1,121,121
14539,1,30,30
14540,1,108,108
14558,1,138,138
14559,1,78,78
14562,1,68,68
14567,1,3,63
14573,1,5,5
14584,1,121,121
14606,1,111,111
14608,1,100,100
14611,1,129,129
14614,1,30,30
14624,1,0,0
14630,1,16,16
14633,1,24,11
14638,1,124,124
14641,1,167,167
14647,1,8,8
14649,1,101,101
14658,1,53,53
14659,1,132,132
14662,1,98,98
14674,1,150,150
14676,1,146,146
14680,1,150,150
14685,1,25,25
14691,1,170,170
14709,1,19,19
14711,1,57,57
14724,1,171,171
14728,1,4,4
14730,1,126,126
14731,1,127,127
14733,1,82,82
14734,1,37,37
14741,1,40,40
14743,1,52,52
14747,1,161,161
14751,1,7,7
14757,1,114,114
14764,1,147,147
14774,1,60,60
14776,1,109,109
14779,1,66,66
14782,1,38,38
14788,1,95,95
14794,1,3,3
14801,1,131,131
14808,1,156,156
14814,1,82,82
14820,1,151,151
14821,1,143,143
14823,1,34,34
14824,1,162,162
14825,1,4,4
14828,1,61,61
14829,1,128,128
14831,1,81,81
14839,1,115,115
14842,1,58,58
14853,1,41,41
14859,1,9,9
14862,1,64,64
14863,1,125,125
14874,1,118,118
14877,1,12,12
14882,1,1,1
14891,1,144,144
14893,1,2,2
14909,1,5,5
14914,1,122,122
14919,1,99,99
14920,1,110,110
14929,1,94,94
14931,1,3,63
14933,1,66,66
14934,1,64,64
14936,1,65,65
14938,1,8,8
14940,1,57,57
14941,1,101,101
14943,1,2,2
14948,1,0,0
14949,1,9,9
14952,1,28,28
14956,1,17,17
14957,1,147,147
14959,1,59,59
14963,1,166,166
14966,1,18,18
14967,1,36,36
14970,1,159,159
14977,1,70,70
14980,1,105,105
14983,1,68,68
15000,1,10,10
15001,1,27,27
15008,1,83,83
15011,1,56,56
15019,1,111,7
15021,1,31,31
15024,1,168,168
15033,1,102,102
15040,1,39,39
15046,1,91,91
15049,1,90,90
15052,1,86,86
15053,1,144,144
15057,1,19,19
15058,1,38,38
15060,1,49,49
15072,1,148,148
15077,1,16,16
15100,1,1,1
15102,1,37,37
15104,1,137,137
15109,1,56,56
15112,1,170,170
15124,1,105,105
15126,1,165,165
15145,1,101,101
15157,1,85,85
15162,1,87,87
15163,1,152,152
15172,1,68,68
15173,1,78,78
15174,1,27,27
15179,1,144,144
15181,1,41,41
15200,1,133,133
15202,1,33,33
15206,1,36,36
15210,1,0,0
15216,1,1,1
15217,1,171,171
15224,1,38,38
15227,1,94,94
15228,1,133,133
15232,1,95,95
15239,1,55,55
15244,1,35,35
15255,1,22,22
15257,1,59,59
15263,1,134,134
15264,1,14,14
15265,1,36,36
15270,1,52,52
15281,1,38,38
15284,1,95,95
15299,1,21,21
15300,1,80,80
15314,1,33,33
15315,1,72,72
15316,1,158,158
15320,1,101,101
15321,1,25,25
15322,1,107,107
15326,1,37,37
15328,1,136,136
15330,1,134,134
15342,1,123,123
15348,1,127,127
15352,1,34,34
15360,1,11,11
15365,1,3,3
15366,1,99,99
15368,1,93,93
15375,1,162,162
15385,1,21,21
15388,1,8,8
15397,1,63,3
15401,1,122,122
15408,1,59,59
15417,1,161,161
15429,1,166,166
15431,1,125,125
15437,1,154,154
15441,1,114,114
15444,1,67,76
15451,1,128,128
15459,1,131,131
15461,1,104,104
15468,1,27,27
15469,1,167,167
15473,1,141,141
15474,1,41,41
15477,1,161,161
15478,1,144,144
15479,1,142,142
15481,1,153,153
15487,1,66,66
15489,1,22,22
15492,1,144,144
15493,1,143,143
15499,1,77,77
15501,1,92,92
15505,1,38,38
15510,1,7,7
15513,1,0,0
15514,1,114,114
15523,1,115,115
15540,1,133,133
15543,1,166,166
15546,1,22,22
15550,1,166,166
15554,1,30,30
15555,1,47,47
15564,1,57,57
15566,1,100,100
15575,1,110,110
15576,1,126,126
15588,1,138,138
15594,1,10,10
15595,1,6,6
15603,1,21,21
15604,1,40,40
15607,1,106,106
15612,1,44,44
15617,1,92,92
15623,1,156,156
15625,1,71,71
15629,1,134,134
15631,1,171,171
15635,1,148,148
15636,1,38,38
15641,1,115,115
15645,1,160,160
15651,1,93,93
15653,1,40,40
15657,1,142,142
15661,1,102,102
15663,1,10,10
15670,1,90,90
15673,1,19,19
15674,1,100,100
15680,1,94,94
15681,1,175,175
15683,1,131,131
15686,1,86,86
15689,1,1,1
15695,1,3,3
15696,1,73,73
15698,1,70,70
15699,1,105,105
15709,1,131,131
15710,1,71,71
15711,1,60,60
15712,1,23,23
15714,1,119,119
15715,1,150,150
15718,1,141,141
15722,1,167,167
15727,1,73,73
15748,1,88,88
15752,1,0,0
15754,1,36,36
15757,1,65,65
15767,1,117,117
15777,1,94,94
15780,1,137,137
15784,1,165,165
15785,1,1,1
15797,1,35,35
15810,1,138,138
15812,1,40,40
15817,1,141,26
15819,1,24,24
15826,1,70,70
15827,1,89,89
15832,1,160,160
15835,1,39,39
15842,1,119,119
15844,1,58,58
15846,1,52,52
15850,1,12,12
15853,1,40,40
15854,1,145,145
15860,1,22,22
15861,1,102,102
15862,1,64,64
15885,1,21,21
15887,1,21,21
15889,1,25,25
15901,1,48,48
15902,1,6,6
15903,1,43,43
15910,1,16,16
15918,1,143,143
15923,1,1,1
15924,1,3,3
15941,1,174,174
15946,1,17,17
15950,1,87,87
15952,1,158,158
15957,1,11,11
15958,1,3,63
15960,1,158,158
15963,1,68,68
15967,1,149,149
15972,1,103,103
15982,1,124,124
15984,1,76,76
15987,1,82,82
15992,1,17,17
15998,1,3,3
16002,1,27,27
16006,1,130,130
16008,1,11,24
16010,1,39,39
16019,1,13,13
16026,1,45,45
16029,1,10,10
16034,1,172,172
16038,1,48,48
16042,1,34,34
16046,1,85,85
16052,1,7,7
16053,1,157,157
16054,1,20,20
16056,1,45,45
16078,1,122,122
16083,1,123,123
16084,1,89,89
16090,1,52,52
16096,1,17,17
16102,1,146,146
16106,1,106,106
16107,1,115,115
16115,1,88,88
16123,1,95,95
16131,1,51,51
16134,1,87,87
16136,1,1,1
16142,1,66,66
16151,1,138,138
16160,1,144,144
16165,1,164,164
16168,1,89,89
16170,1,77,77
16172,1,81,81
16180,1,173,173
16181,1,172,172
16186,1,22,22
16187,1,61,61
16196,1,55,55
16197,1,137,137
16202,1,62,62
16206,1,151,151
16210,1,128,128
16223,1,76,76
16231,1,72,72
16234,1,172,172
16238,1,129,129
16242,1,3,3
16271,1,166,166
16273,1,145,145
16279,1,34,34
16283,1,67,67
16284,1,88,88
16287,1,141,141
16303,1,37,37
16308,1,132,132
16319,1,71,71
16320,1,154,154
16321,1,32,32
16325,1,30,30
16328,1,95,95
16332,1,1,1
16334,1,125,125
16338,1,159,159
16342,1,64,64
16344,1,106,106
16346,1,29,29
16349,1,63,63
16355,1,127,127
16357,1,144,144
16364,1,29,29
16387,1,124,124
16391,1,111,111
16393,1,58,58
16396,1,110,110
16397,1,112,112
16399,1,148,148
16401,1,133,133
16403,1,126,126
16407,1,67,67
16413,1,50,50
16419,1,150,150
16426,1,19,19
16428,1,83,83
16434,1,19,19
16439,1,73,73
16442,1,113,113
16443,1,35,35
16447,1,51,51
16461,1,35,35
16465,1,79,79
16469,1,66,66
16471,1,125,125
16474,1,134,134
16479,1,97,97
16490,1,79,79
16499,1,109,109
16507,1,69,69
16528,1,31,31
16531,1,47,47
16536,1,17,17
16539,1,55,55
16547,1,142,142
16552,1,67,67
16566,1,19,19
16567,1,128,128
16568,1,39,39
16569,1,80,80
16570,1,104,104
16577,1,163,163
16579,1,144,144
16591,1,112,112
16600,1,121,121
16603,1,117,117
16607,1,1,1
16623,1,83,83
16624,1,42,42
16625,1,43,43
16627,1,77,77
16628,1,175,175
16648,1,111,111
16658,1,65,65
16660,1,58,58
16661,1,158,158
16663,1,102,102
16670,1,157,157
16679,1,17,17
16689,1,30,30
16704,1,78,78
16708,1,10,10
16710,1,16,16
16715,1,97,97
16718,1,125,125
16720,1,84,84
16731,1,81,81
16735,1,2,2
16737,1,102,102
16741,1,9,9
16742,1,11,11
16744,1,52,52
16746,1,10,10
16750,1,151,151
16758,1,154,154
16759,1,124,124
16765,1,97,97
16775,1,5,5
16776,1,16,16
16786,1,134,134
16793,1,143,143
16798,1,59,59
16799,1,8,8
16803,1,55,55
16804,1,75,75
16808,1,25,25
16814,1,65,65
16819,1,14,14
16827,1,151,151
16841,1,32,32
16843,1,44,44
16844,1,78,78
16846,1,133,133
16853,1,121,121
16857,1,76,76
16860,1,49,49
16862,1,128,128
16864,1,15,15
16865,1,14,14
16873,1,3,3
16874,1,62,62
16880,1,97,97
16881,1,159,159
16895,1,63,63
16903,1,17,17
16905,1,125,125
16907,1,62,62
16912,1,120,120
16919,1,162,162
16920,1,37,37
16921,1,93,93
16923,1,32,32
16924,1,14,14
16932,1,175,175
16933,1,99,99
16940,1,152,152
16942,1,29,29
16949,1,163,163
16954,1,146,146
16958,1,41,41
16960,1,157,157
16961,1,22,22
16967,1,37,37
16970,1,18,18
16979,1,72,72
16980,1,41,41
16981,1,104,104
16982,1,77,77
16983,1,2,2
16985,1,165,165
16990,1,29,29
16993,1,32,32
17010,1,23,23
17012,1,121,121
17019,1,164,164
17020,1,13,13
17023,1,35,35
17025,1,120,120
17026,1,33,33
17043,1,103,103
17050,1,79,104
17054,1,22,22
17055,1,19,19
17059,1,10,10
17067,1,175,175
17070,1,121,121
17077,1,80,80
17085,1,104,104
17091,1,67,67
17096,1,103,103
17102,1,10,10
17105,1,10,10
17107,1,44,44
17124,1,88,88
17125,1,146,146
17126,1,34,34
17135,1,105,95
17141,1,37,37
17142,1,30,30
17143,1,121,121
17160,1,37,37
17172,1,71,71
17174,1,29,29
17178,1,78,78
17179,1,33,33
17182,1,67,67
17205,1,155,155
17211,1,170,170
17218,1,83,83
17219,1,5,5
17222,1,149,149
17223,1,88,88
17224,1,139,139
17236,1,123,123
17237,1,7,7
17242,1,37,37
17256,1,137,137
17261,1,11,24
17267,1,150,150
17287,1,98,98
17291,1,119,119
17295,1,5,5
17308,1,70,70
17309,1,79,79
17310,1,161,161
17311,1,132,132
17316,1,31,31
17321,1,95,95
17328,1,112,112
17329,1,96,96
17330,1,91,91
17334,1,122,122
17335,1,49,49
17337,1,3,3
17338,1,79,79
17346,1,116,116
17359,1,120,120
17364,1,34,34
17377,1,10,10
17390,1,62,62
17393,1,150,150
17397,1,170,170
17398,1,174,174
17400,1,2,2
17415,1,57,57
17430,1,26,26
17434,1,96,96
17435,1,122,122
17437,1,27,27
17438,1,154,154
17441,1,30,30
17452,1,48,48
17469,1,26,26
17470,1,127,127
17475,1,111,111
17480,1,64,64
17488,1,79,79
17492,1,61,61
17503,1,109,109
17505,1,164,164
17507,1,42,42
17512,1,59,59
17513,1,61,61
17517,1,22,22
17527,1,72,72
17529,1,2,2
17534,1,139,139
17538,1,43,43
17550,1,138,138
17552,1,129,129
17557,1,130,130
17563,1,22,22
17565,1,32,32
17566,1,87,87
17567,1,58,58
17571,1,146,146
17582,1,12,12
17586,1,87,87
17591,1,144,144
17592,1,105,105
17596,1,139,139
17599,1,2,2
17613,1,125,125
17618,1,69,69
17620,1,108,108
17622,1,31,31
17626,1,76,76
17629,1,55,55
17635,1,30,30
17639,1,47,47
17647,1,30,30
17670,1,131,131
17673,1,0,0
17677,1,155,155
17678,1,78,78
17700,1,42,42
17703,1,65,65
17705,1,28,28
17708,1,167,167
17712,1,18,18
17713,1,155,155
17714,1,77,77
17717,1,26,26
17739,1,92,92
17740,1,130,130
17742,1,117,117
17747,1,88,88
17749,1,62,62
17756,1,113,113
17766,1,9,9
17767,1,115,115
17770,1,168,168
17771,1,1,1
17772,1,0,0
17776,1,126,126
17782,1,45,45
17789,1,173,173
17798,1,24,24
17801,1,150,150
17809,1,93,93
17810,1,138,165
17811,1,70,70
17815,1,35,35
17826,1,151,151
17827,1,8,8
17828,1,46,46
17832,1,51,51
17834,1,0,0
17835,1,4,4
17845,1,161,161
17846,1,148,148
17852,1,173,173
17855,1,119,119
17858,1,161,161
17860,1,18,18
17861,1,3,70
17869,1,75,75
17876,1,20,20
17877,1,164,164
17882,1,23,23
17886,1,7,7
17889,1,68,68
17898,1,161,161
17901,1,2,2
17909,1,41,41
17916,1,24,24
17917,1,20,20
17926,1,50,50
17932,1,118,118
17934,1,11,11
17940,1,88,88
17944,1,106,106
17947,1,116,116
17954,1,15,15
17956,1,131,131
17962,1,41,41
17979,1,125,125
17981,1,14,14
17990,1,67,67
17994,1,44,44
17999,1,142,142
18000,1,24,11
18014,1,141,141
18015,1,50,50
18023,1,155,155
18024,1,0,0
18028,1,89,89
18032,1,91,91
18047,1,29,29
18062,1,120,120
18069,1,19,19
18075,1,148,148
18078,1,161,161
18079,1,89,89
18088,1,148,148
18091,1,58,58
18092,1,107,107
18110,1,134,134
18111,1,117,117
18130,1,66,66
18140,1,151,151
18144,1,139,139
18171,1,0,0
18173,1,29,29
18175,1,156,156
18178,1,101,101
18189,1,64,64
18203,1,168,168
18210,1,111,111
18214,1,32,32
18220,1,92,92
18223,1,14,14
18224,1,68,68
18230,1,65,65
18235,1,106,106
18237,1,0,0
18240,1,119,119
18244,1,35,35
18248,1,17,17
18249,1,38,38
18259,1,29,29
18266,1,89,89
18267,1,52,52
18268,1,141,141
18272,1,106,106
18273,1,43,43
18275,1,80,80
18276,1,112,112
18282,1,87,87
18287,1,0,0
18288,1,67,76
18289,1,10,10
18295,1,141,141
18297,1,42,42
18305,1,92,92
18309,1,22,22
18316,1,99,99
18317,1,77,77
18324,1,90,90
18336,1,80,80
18338,1,114,114
18341,1,110,110
18342,1,49,49
18351,1,73,73
2,2,0,0
3,2,0,0
5,2,0,0
15,2,0,0
21,2,0,0
28,2,0,0
30,2,3,3
37,2,4,4
41,2,0,0
46,2,2,2
59,2,1,1
63,2,3,3
67,2,0,0
68,2,4,4
69,2,4,4
70,2,4,4
71,2,5,5
76,2,6,6
86,2,5,5
90,2,5,5
98,2,8,8
109,2,6,6
114,2,10,10
126,2,1,1
127,2,11,24
139,2,14,14
146,2,7,7
151,2,2,2
162,2,3,3
163,2,1,1
167,2,17,17
172,2,4,4
174,2,6,6
176,2,2,2
184,2,3,3
197,2,14,14
198,2,10,10
199,2,18,18
202,2,15,15
206,2,11,11
210,2,20,20
216,2,21,21
221,2,3,70
222,2,20,20
224,2,0,0
225,2,14,14
227,2,22,22
233,2,10,10
235,2,23,23
240,2,12,12
246,2,12,12
261,2,17,17
263,2,17,17
267,2,18,18
270,2,23,23
275,2,17,17
276,2,8,8
278,2,13,13
283,2,21,21
288,2,0,0
297,2,19,19
298,2,27,27
300,2,7,7
302,2,0,0
304,2,27,27
305,2,1,1
309,2,11,24
310,2,4,4
319,2,10,10
327,2,18,18
329,2,5,5
331,2,21,21
335,2,5,5
342,2,20,20
348,2,13,13
351,2,34,34
352,2,27,27
354,2,8,8
357,2,17,17
361,2,13,13
363,2,35,35
374,2,13,13
377,2,4,4
390,2,14,14
392,2,12,12
411,2,24,24
419,2,17,17
435,2,5,5
436,2,6,6
438,2,28,28
439,2,6,6
445,2,19,19
453,2,17,17
457,2,15,15
458,2,10,10
465,2,2,2
473,2,11,24
477,2,7,7
479,2,13,13
485,2,46,46
486,2,12,12
487,2,9,9
491,2,16,150
494,2,47,47
500,2,3,3
504,2,47,47
513,2,45,45
515,2,4,4
523,2,42,42
543,2,24,24
552,2,7,7
553,2,39,39
572,2,26,26
578,2,14,14
579,2,5,5
581,2,38,38
582,2,5,5
583,2,4,4
586,2,15,15
587,2,40,40
588,2,13,13
591,2,2,2
600,2,10,10
608,2,44,44
612,2,35,35
619,2,58,58
621,2,25,25
628,2,42,42
629,2,0,0
632,2,29,29
634,2,5,5
643,2,14,14
646,2,9,9
653,2,18,18
659,2,62,62
660,2,47,47
661,2,16,16
665,2,21,21
666,2,19,19
679,2,8,8
685,2,4,4
691,2,10,10
706,2,9,9
720,2,64,64
729,2,14,14
733,2,37,37
735,2,63,3
738,2,55,55
753,2,48,48
759,2,31,31
765,2,3,3
766,2,33,33
770,2,22,22
782,2,66,66
783,2,51,51
792,2,24,24
793,2,46,46
794,2,29,29
797,2,43,43
803,2,16,16
808,2,42,42
811,2,38,38
831,2,53,53
836,2,44,44
840,2,39,39
854,2,52,52
864,2,29,29
866,2,4,4
875,2,9,9
879,2,23,23
882,2,70,3
885,2,52,52
887,2,38,38
895,2,43,43
898,2,2,2
904,2,24,24
912,2,8,8
914,2,52,52
918,2,55,55
919,2,74,74
921,2,75,75
934,2,27,27
935,2,71,71
937,2,58,58
944,2,54,54
948,2,71,71
952,2,0,0
959,2,21,21
972,2,0,0
978,2,76,76
979,2,39,39
981,2,64,64
982,2,50,50
986,2,7,7
995,2,54,54
1013,2,33,33
1019,2,28,28
1024,2,17,17
1028,2,5,5
1035,2,55,55
1041,2,19,19
1050,2,48,48
1059,2,80,80
1069,2,4,4
1070,2,74,74
1072,2,49,49
1073,2,4,4
1074,2,47,47
1078,2,75,75
1080,2,82,82
1086,2,59,59
1094,2,0,0
1098,2,49,49
1103,2,78,78
1107,2,53,53
1111,2,3,3
1117,2,56,56
1120,2,60,91
1123,2,31,31
1127,2,43,43
1135,2,0,0
1140,2,0,0
1142,2,82,82
1152,2,85,85
1155,2,12,12
1156,2,1,1
1159,2,11,11
1160,2,47,47
1164,2,54,54
1171,2,76,76
1172,2,41,41
1175,2,5,5
1179,2,54,54
1183,2,27,27
1187,2,75,75
1189,2,17,17
1190,2,7,7
1200,2,1,1
1201,2,56,56
1209,2,2,2
1213,2,63,63
1215,2,29,29
1233,2,0,0
1239,2,15,15
1247,2,71,71
1251,2,43,43
1254,2,7,7
1255,2,37,107
1257,2,50,50
1258,2,50,50
1265,2,61,61
1268,2,42,42
1269,2,11,11
1275,2,24,24
1279,2,79,79
1293,2,89,89
1295,2,88,88
1298,2,8,8
1303,2,1,1
1306,2,2,2
1312,2,44,44
1318,2,80,80
1319,2,30,30
1320,2,1,1
1322,2,33,33
1328,2,5,5
1334,2,50,50
1343,2,26,26
1345,2,73,73
1348,2,36,36
1351,2,74,74
1353,2,53,53
1373,2,31,31
1375,2,30,30
1382,2,71,71
1393,2,42,42
1396,2,75,75
1401,2,67,67
1408,2,8,8
1412,2,61,61
1416,2,75,75
1425,2,30,30
1435,2,41,41
1446,2,88,88
1449,2,27,27
1456,2,69,69
1457,2,90,90
1468,2,59,59
1474,2,20,20
1480,2,46,46
1485,2,46,46
1490,2,39,39
1493,2,12,12
1497,2,8,8
1501,2,98,98
1502,2,86,86
1507,2,4,4
1523,2,83,83
1526,2,19,19
1527,2,59,59
1529,2,22,22
1530,2,33,33
1535,2,100,100
1537,2,101,101
1540,2,51,51
1553,2,3,63
1554,2,13,13
1555,2,58,58
1562,2,9,9
1565,2,72,72
1571,2,58,58
1582,2,93,93
1593,2,101,101
1600,2,11,24
1606,2,12,12
1608,2,98,98
1616,2,36,36
1620,2,66,66
1621,2,18,18
1627,2,6,6
1631,2,23,23
1634,2,64,64
1646,2,45,45
1648,2,36,36
1649,2,68,68
1656,2,90,90
1675,2,96,96
1679,2,28,28
1682,2,31,31
1692,2,43,43
1693,2,34,34
1696,2,1,1
1705,2,15,15
1706,2,3,3
1708,2,99,99
1709,2,111,111
1722,2,112,112
1729,2,83,83
1730,2,65,65
1731,2,0,0
1734,2,86,86
1736,2,8,8
1745,2,110,110
1746,2,77,77
1753,2,60,60
1762,2,57,57
1769,2,94,94
1773,2,23,23
1774,2,104,104
1776,2,41,41
1784,2,70,70
1785,2,56,56
1791,2,6,6
1794,2,93,93
1795,2,14,14
1798,2,6,6
1802,2,59,59
1810,2,19,19
1814,2,30,30
1819,2,62,62
1826,2,118,118
1827,2,48,48
1839,2,79,79
1841,2,50,50
1848,2,93,93
1858,2,85,85
1860,2,30,30
1864,2,95,95
1866,2,21,21
1871,2,24,11
1884,2,111,111
1889,2,78,78
1904,2,107,107
1910,2,2,2
1911,2,104,104
1916,2,122,122
1919,2,19,19
1920,2,115,115
1922,2,123,123
1923,2,21,21
1924,2,0,0
1943,2,70,3
1944,2,11,24
1945,2,103,103
1949,2,87,87
1950,2,0,0
1954,2,116,116
1956,2,82,82
1963,2,67,67
1964,2,102,102
1965,2,52,52
1970,2,24,11
1971,2,43,43
1974,2,127,127
1977,2,64,64
1980,2,120,120
1993,2,28,28
1999,2,19,19
2003,2,41,41
2005,2,87,87
2014,2,97,97
2018,2,32,32
2024,2,52,52
2029,2,58,58
2040,2,101,101
2045,2,74,74
2058,2,89,89
2059,2,60,60
2066,2,88,88
2071,2,121,121
2091,2,25,25
2095,2,93,93
2102,2,41,41
2104,2,121,121
2111,2,34,34
2112,2,59,59
2113,2,129,129
2119,2,35,35
2120,2,17,17
2129,2,86,86
2137,2,116,116
2138,2,115,115
2142,2,17,17
2148,2,21,21
2149,2,98,98
2154,2,104,104
2155,2,7,7
2160,2,0,0
2170,2,12,12
2174,2,0,0
2185,2,89,89
2188,2,6,6
2201,2,2,2
2206,2,91,91
2212,2,100,100
2215,2,72,72
2216,2,28,28
2225,2,35,35
2227,2,29,29
2231,2,29,29
2236,2,78,78
2241,2,102,102
2242,2,109,109
2245,2,134,134
2249,2,50,50
2251,2,128,128
2257,2,18,18
2265,2,16,16
2273,2,133,133
2277,2,85,85
2281,2,11,11
2289,2,44,44
2291,2,97,97
2295,2,96,96
2301,2,114,114
2302,2,135,135
2313,2,99,99
2321,2,115,115
2324,2,98,98
2327,2,37,37
2329,2,43,43
2335,2,98,98
2348,2,33,33
2349,2,17,17
2354,2,57,57
2357,2,21,21
2358,2,14,14
2372,2,139,139
2373,2,21,21
2374,2,55,55
2378,2,97,97
2379,2,43,43
2384,2,35,35
2388,2,124,124
2392,2,82,82
2393,2,20,20
2395,2,79,79
2398,2,87,87
2399,2,87,87
2403,2,37,37
2404,2,36,36
2406,2,91,91
2408,2,72,72
2409,2,142,142
2410,2,120,120
2412,2,124,124
2417,2,31,31
2423,2,2,2
2427,2,10,10
2429,2,24,11
2432,2,14,14
2437,2,62,62
2440,2,31,31
2444,2,91,91
2449,2,111,111
2454,2,142,142
2461,2,72,72
2470,2,19,19
2479,2,81,81
2480,2,111,111
2486,2,30,30
2494,2,66,66
2495,2,145,145
2497,2,123,123
2499,2,118,118
2501,2,117,117
2507,2,1,1
2510,2,7,7
2511,2,66,66
2515,2,108,108
2521,2,146,146
2523,2,44,44
2527,2,85,85
2528,2,4,4
2529,2,138,138
2532,2,2,2
2534,2,15,15
2535,2,37,37
2536,2,139,139
2539,2,113,113
2543,2,105,105
2547,2,50,50
2560,2,47,47
2562,2,112,112
2567,2,22,22
2570,2,48,48
2580,2,88,88
2584,2,119,119
2589,2,2,2
2593,2,83,83
2603,2,94,94
2607,2,83,83
2617,2,1,1
2619,2,87,87
2624,2,119,119
2626,2,14,14
2629,2,113,113
2649,2,15,15
2654,2,78,78
2674,2,143,143
2678,2,8,8
2681,2,143,143
2687,2,18,18
2689,2,9,9
2690,2,109,109
2701,2,130,130
2709,2,17,17
2712,2,42,42
2718,2,76,76
2730,2,4,4
2731,2,86,86
2734,2,28,28
2739,2,19,19
2771,2,77,77
2774,2,45,45
2778,2,16,16
2779,2,113,113
2797,2,127,127
2798,2,75,75
2809,2,118,118
2814,2,1,1
2815,2,48,48
2822,2,2,2
2824,2,55,55
2830,2,145,145
2838,2,148,148
2839,2,30,30
2842,2,117,117
2848,2,103,103
2852,2,16,16
2859,2,19,19
2863,2,90,90
2865,2,88,88
2866,2,19,19
2869,2,138,138
2870,2,111,111
2877,2,80,80
2880,2,23,23
2881,2,8,8
2893,2,70,70
2894,2,62,62
2896,2,63,63
2899,2,129,129
2906,2,95,95
2912,2,103,103
2913,2,50,50
2922,2,139,139
2928,2,78,78
2929,2,20,20
2940,2,50,50
2953,2,144,144
2970,2,27,27
2977,2,17,17
2979,2,90,90
2983,2,145,145
2984,2,40,40
2985,2,23,23
2992,2,8,8
2996,2,9,9
2997,2,125,125
3002,2,59,59
3018,2,0,0
3019,2,4,4
3023,2,100,67
3028,2,3,3
3032,2,43,43
3035,2,133,133
3040,2,85,85
3053,2,40,40
3072,2,127,127
3073,2,11,11
3074,2,0,0
3076,2,100,100
3080,2,100,100
3085,2,68,68
3094,2,38,38
3101,2,126,126
3105,2,22,22
3113,2,11,24
3115,2,10,10
3122,2,71,71
3124,2,3,63
3127,2,112,112
3135,2,65,65
3140,2,123,123
3141,2,107,107
3142,2,40,40
3143,2,3,3
3144,2,126,126
3147,2,89,89
3155,2,48,48
3160,2,52,52
3172,2,37,37
3175,2,14,14
3184,2,17,17
3190,2,72,72
3193,2,42,42
3199,2,48,48
3205,2,133,133
3206,2,62,62
3210,2,112,112
3212,2,80,80
3219,2,62,62
3224,2,12,12
3227,2,77,77
3239,2,42,42
3242,2,74,74
3250,2,106,106
3258,2,38,38
3259,2,13,13
3264,2,64,64
3268,2,34,34
3272,2,148,148
3285,2,1,1
3288,2,13,13
3292,2,158,158
3294,2,34,34
3297,2,88,88
3302,2,91,91
3314,2,155,155
3319,2,112,112
3320,2,48,48
3321,2,33,33
3322,2,26,26
3325,2,17,17
3327,2,19,19
3328,2,62,62
3330,2,48,48
3333,2,139,139
3342,2,26,26
3349,2,20,20
3350,2,88,88
3352,2,50,50
3356,2,129,129
3357,2,59,59
3360,2,102,102
3361,2,99,99
3381,2,69,69
3386,2,132,132
3392,2,42,42
3404,2,32,32
3407,2,59,59
3411,2,155,155
3414,2,47,47
3423,2,123,123
3425,2,158,158
3428,2,107,107
3429,2,3,63
3435,2,73,73
3444,2,103,103
3445,2,24,24
3451,2,48,48
3452,2,85,85
3455,2,87,87
3462,2,95,95
3464,2,137,137
3468,2,132,132
3472,2,72,72
3479,2,82,82
3480,2,45,45
3492,2,68,68
3495,2,118,118
3501,2,99,99
3511,2,50,50
3513,2,48,48
3520,2,111,111
3537,2,58,58
3539,2,115,115
3540,2,159,159
3541,2,124,124
3549,2,13,13
3552,2,148,148
3560,2,13,13
3561,2,10,10
3564,2,20,20
3565,2,58,58
3566,2,5,5
3574,2,122,122
3575,2,83,83
3587,2,89,89
3589,2,104,104
3592,2,117,117
3599,2,130,130
3605,2,35,35
3606,2,121,121
3621,2,131,131
3629,2,162,162
3630,2,96,96
3633,2,38,38
3638,2,46,46
3640,2,154,154
3647,2,117,117
3650,2,13,13
3651,2,49,49
3657,2,4,4
3675,2,30,30
3678,2,120,120
3688,2,75,75
3690,2,49,49
3701,2,23,23
3713,2,149,149
3718,2,125,125
3719,2,152,152
3736,2,122,122
3751,2,152,152
3759,2,20,20
3772,2,137,137
3796,2,73,73
3800,2,92,92
3810,2,89,89
3814,2,79,79
3817,2,74,74
3821,2,144,144
3823,2,15,15
3832,2,27,27
3839,2,29,29
3841,2,126,126
3848,2,135,135
3849,2,160,160
3855,2,63,63
3856,2,153,153
3876,2,80,80
3878,2,13,13
3887,2,114,114
3889,2,72,72
3890,2,85,85
3892,2,151,151
3900,2,101,101
3903,2,9,9
3905,2,61,61
3911,2,49,49
3913,2,87,87
3916,2,93,93
3920,2,102,102
3927,2,12,12
3928,2,82,82
3929,2,93,93
3935,2,109,109
3936,2,68,68
3937,2,101,101
3938,2,151,151
3943,2,14,14
3946,2,102,102
3956,2,152,152
3961,2,123,123
3973,2,42,42
3974,2,12,12
3982,2,50,50
3985,2,144,144
3986,2,25,25
3992,2,16,16
3996,2,16,16
3998,2,46,46
4002,2,43,43
4005,2,13,13
4012,2,158,158
4025,2,76,76
4027,2,70,70
4030,2,43,43
4048,2,107,107
4052,2,141,141
4057,2,15,15
4062,2,89,89
4065,2,67,67
4070,2,3,3
4077,2,86,86
4087,2,116,116
4098,2,155,155
4101,2,24,24
4103,2,45,45
4104,2,29,29
4105,2,13,13
4108,2,130,130
4115,2,147,147
4117,2,91,91
4128,2,113,113
4141,2,95,95
4142,2,56,56
4156,2,49,49
4159,2,17,17
4164,2,34,34
4175,2,93,93
4185,2,22,22
4186,2,169,169
4196,2,121,121
4202,2,135,135
4207,2,74,74
4208,2,37,37
4210,2,0,0
4213,2,99,99
4221,2,69,69
4223,2,142,142
4224,2,6,6
4233,2,61,61
4237,2,162,162
4246,2,26,26
4247,2,53,53
4254,2,151,151
4261,2,56,56
4263,2,0,0
4265,2,122,122
4266,2,40,40
4267,2,4,4
4286,2,126,126
4299,2,72,72
4312,2,12,12
4327,2,160,160
4331,2,4,4
4334,2,9,9
4335,2,0,0
4337,2,103,103
4338,2,147,147
4344,2,33,33
4347,2,66,66
4352,2,62,62
4362,2,77,77
4368,2,3,3
4372,2,99,99
4378,2,151,151
4379,2,160,160
4380,2,93,93
4384,2,152,152
4385,2,121,121
4393,2,68,68
4402,2,106,106
4408,2,40,40
4410,2,112,112
4413,2,42,42
4420,2,155,155
4421,2,153,153
4424,2,101,101
4426,2,60,60
4447,2,26,26
4467,2,157,157
4468,2,1,1
4475,2,126,84
4478,2,151,151
4480,2,7,7
4484,2,109,109
4494,2,79,79
4500,2,51,51
4513,2,125,125
4516,2,68,68
4520,2,15,15
4522,2,168,168
4523,2,108,108
4525,2,22,22
4539,2,137,137
4540,2,144,144
4542,2,90,90
4546,2,75,75
4547,2,90,90
4550,2,111,111
4552,2,94,94
4569,2,54,54
4575,2,74,74
4578,2,84,84
4580,2,162,162
4583,2,160,160
4586,2,60,60
4595,2,61,61
4598,2,2,2
4601,2,71,71
4602,2,36,36
4604,2,18,18
4607,2,40,40
4612,2,148,148
4615,2,24,24
4619,2,128,128
4629,2,21,21
4639,2,63,63
4641,2,91,91
4643,2,30,30
4644,2,97,97
4651,2,118,118
4652,2,61,61
4658,2,29,29
4662,2,121,121
4663,2,115,115
4664,2,120,120
4666,2,166,166
4669,2,114,114
4670,2,137,137
4674,2,131,131
4677,2,69,69
4688,2,1,1
4691,2,151,151
4695,2,108,108
4700,2,63,63
4711,2,74,74
4714,2,41,41
4716,2,135,135
4723,2,130,130
4725,2,125,125
4726,2,48,48
4733,2,22,22
4735,2,149,149
4737,2,115,115
4742,2,170,170
4750,2,28,28
4751,2,12,12
4755,2,19,19
4756,2,83,83
4758,2,75,75
4761,2,125,125
4762,2,45,45
4765,2,158,158
4766,2,3,3
4767,2,58,58
4781,2,171,171
4783,2,56,56
4786,2,3,3
4794,2,150,150
4795,2,166,166
4804,2,16,16
4808,2,142,142
4810,2,11,24
4819,2,106,106
4823,2,51,51
4824,2,116,116
4826,2,81,81
4829,2,24,24
4842,2,135,135
4843,2,61,61
4846,2,136,136
4852,2,66,66
4855,2,8,8
4859,2,144,144
4860,2,47,47
4862,2,128,128
4875,2,102,102
4877,2,137,137
4883,2,170,170
4892,2,115,115
4897,2,144,144
4900,2,84,84
4903,2,3,3
4904,2,138,138
4912,2,144,144
4925,2,170,170
4928,2,19,19
4939,2,151,74
4943,2,32,32
4949,2,138,138
4961,2,115,115
4964,2,84,84
4966,2,34,34
4969,2,91,91
4972,2,124,124
4975,2,147,147
4978,2,39,39
4981,2,74,74
4982,2,130,130
4985,2,57,57
4986,2,85,85
4990,2,86,86
4993,2,59,59
4996,2,78,78
5000,2,9,9
5003,2,54,54
5004,2,109,109
5007,2,142,142
5010,2,59,59
5019,2,105,105
5020,2,144,144
5028,2,101,101
5037,2,31,31
5046,2,117,117
5051,2,11,11
5057,2,137,137
5063,2,102,102
5065,2,27,27
5070,2,30,30
5074,2,113,113
5082,2,9,9
5083,2,11,11
5092,2,66,66
5093,2,137,137
5095,2,90,90
5103,2,68,68
5115,2,21,21
5119,2,147,147
5120,2,110,110
5125,2,13,13
5126,2,25,25
5133,2,21,21
5138,2,84,84
5140,2,92,92
5145,2,126,126
5148,2,8,8
5155,2,62,62
5161,2,78,78
5162,2,125,125
5166,2,93,93
5170,2,94,94
5171,2,140,140
5172,2,1,1
5173,2,169,0
5178,2,156,156
5181,2,55,55
5183,2,147,147
5185,2,2,2
5188,2,159,159
5189,2,124,124
5191,2,150,150
5194,2,95,95
5204,2,134,134
5205,2,73,73
5210,2,124,124
5215,2,138,138
5224,2,35,35
5225,2,159,159
5238,2,110,110
5251,2,34,34
5255,2,65,65
5257,2,140,140
5258,2,59,59
5260,2,3,3
5262,2,102,102
5263,2,24,11
5265,2,121,121
5270,2,138,138
5271,2,36,36
5282,2,142,142
5283,2,133,133
5289,2,21,21
5291,2,162,162
5292,2,133,133
5294,2,12,12
5295,2,1,1
5297,2,115,115
5301,2,135,135
5303,2,158,158
5314,2,53,53
5321,2,0,0
5324,2,167,167
5325,2,50,50
5331,2,71,71
5332,2,84,84
5337,2,13,13
5344,2,15,15
5346,2,14,14
5355,2,110,110
5356,2,27,27
5357,2,97,97
5358,2,76,76
5364,2,91,91
5365,2,45,45
5367,2,173,173
5369,2,76,76
5385,2,12,12
5386,2,14,14
5387,2,30,30
5400,2,131,131
5416,2,97,97
5430,2,44,44
5431,2,87,87
5436,2,83,83
5440,2,107,107
5441,2,152,152
5448,2,6,6
5450,2,79,79
5460,2,9,9
5472,2,163,163
5473,2,65,65
5479,2,50,50
5480,2,137,137
5481,2,70,3
5485,2,108,108
5488,2,13,13
5492,2,161,161
5495,2,34,34
5498,2,4,4
5500,2,162,162
5501,2,56,56
5502,2,86,86
5503,2,135,135
5504,2,60,60
5511,2,63,3
5514,2,169,169
5518,2,24,24
5520,2,7,7
5525,2,28,28
5527,2,18,18
5537,2,161,161
5538,2,88,88
5542,2,2,2
5546,2,29,29
5547,2,104,104
5548,2,142,142
5551,2,36,36
5553,2,73,73
5560,2,85,85
5575,2,156,156
5581,2,16,16
5589,2,165,165
5593,2,76,76
5598,2,31,31
5600,2,92,92
5603,2,14,14
5619,2,147,147
5620,2,30,30
5625,2,93,93
5628,2,60,60
5631,2,26,26
5640,2,68,68
5642,2,125,125
5653,2,58,58
5658,2,72,72
5659,2,22,22
5666,2,154,154
5673,2,24,24
5680,2,140,140
5681,2,107,107
5691,2,100,100
5693,2,69,69
5699,2,54,54
5701,2,163,163
5702,2,165,165
5704,2,35,35
5709,2,25,25
5711,2,160,160
5718,2,32,32
5728,2,35,35
5733,2,129,129
5735,2,39,39
5739,2,121,121
5745,2,0,0
5748,2,108,108
5751,2,26,26
5757,2,97,97
5759,2,33,33
5762,2,83,83
5765,2,34,34
5766,2,90,90
5775,2,140,140
5777,2,138,138
5788,2,156,156
5794,2,64,64
5798,2,161,161
5811,2,131,131
5814,2,6,6
5822,2,82,82
5830,2,163,163
5832,2,39,39
5840,2,3,3
5843,2,129,129
5846,2,37,37
5847,2,97,97
5851,2,51,51
5852,2,115,115
5857,2,79,79
5858,2,21,21
5860,2,127,127
5870,2,89,89
5876,2,136,136
5880,2,104,104
5888,2,14,14
5906,2,99,99
5912,2,6,6
5913,2,139,139
5919,2,34,34
5924,2,0,0
5929,2,30,30
5930,2,65,65
5936,2,3,3
5958,2,11,11
5963,2,7,7
5969,2,10,10
5972,2,35,35
5989,2,153,153
6000,2,158,158
6003,2,99,99
6005,2,99,99
6006,2,29,29
6010,2,37,37
6014,2,110,110
6029,2,19,19
6041,2,172,172
6043,2,19,19
6050,2,105,105
6052,2,30,30
6062,2,1,1
6064,2,59,59
6071,2,105,105
6075,2,106,106
6080,2,155,155
6081,2,37,37
6096,2,81,81
6101,2,24,24
6103,2,157,157
6105,2,51,51
6112,2,143,143
6119,2,160,160
6135,2,119,119
6138,2,11,11
6142,2,85,85
6146,2,134,134
6148,2,8,8
6159,2,30,30
6163,2,88,88
6167,2,84,84
6168,2,74,74
6171,2,90,90
6174,2,6,6
6175,2,116,116
6178,2,134,134
6179,2,62,62
6181,2,29,29
6183,2,71,71
6185,2,76,76
6195,2,29,29
6196,2,6,6
6197,2,136,136
6198,2,52,52
6199,2,87,87
6201,2,0,0
6205,2,67,67
6213,2,123,123
6221,2,108,108
6222,2,95,95
6223,2,35,35
6230,2,39,39
6231,2,84,84
6235,2,122,122
6243,2,145,145
6244,2,69,69
6253,2,19,19
6257,2,17,92
6260,2,98,98
6270,2,140,140
6274,2,90,90
6275,2,166,166
6280,2,68,68
6285,2,76,76
6309,2,73,73
6314,2,172,172
6319,2,71,71
6321,2,100,100
6324,2,109,109
6326,2,148,148
6331,2,27,27
6335,2,0,0
6342,2,37,37
6347,2,158,158
6348,2,24,24
6349,2,45,45
6351,2,105,84
6355,2,72,72
6373,2,44,44
6374,2,106,106
6382,2,163,163
6389,2,34,34
6395,2,22,22
6399,2,156,156
6402,2,32,32
6408,2,16,16
6409,2,14,14
6413,2,98,98
6422,2,152,152
6428,2,5,5
6437,2,52,52
6441,2,26,26
6446,2,104,104
6450,2,92,92
6454,2,0,0
6459,2,43,43
6460,2,92,92
6461,2,122,122
6463,2,30,30
6478,2,3,3
6488,2,111,111
6490,2,126,126
6494,2,12,12
6499,2,135,135
6505,2,55,55
6508,2,144,144
6510,2,0,0
6514,2,130,130
6518,2,77,77
6521,2,94,94
6537,2,47,47
6538,2,22,22
6544,2,96,96
6546,2,57,57
6549,2,60,60
6555,2,128,128
6557,2,31,31
6564,2,150,150
6566,2,74,74
6568,2,135,135
6575,2,123,123
6580,2,112,112
6585,2,27,27
6593,2,121,121
6598,2,44,44
6599,2,134,134
6605,2,38,38
6616,2,136,136
6617,2,124,124
6618,2,89,89
6621,2,159,159
6628,2,4,4
6633,2,27,27
6637,2,128,128
6639,2,109,109
6641,2,111,111
6645,2,140,140
6651,2,28,28
6655,2,170,170
6659,2,7,7
6666,2,166,166
6677,2,146,146
6685,2,104,104
6688,2,93,93
6690,2,1,1
6697,2,35,35
6700,2,65,65
6713,2,28,28
6714,2,18,18
6715,2,53,53
6717,2,129,129
6726,2,86,86
6727,2,16,16
6735,2,1,1
6738,2,152,152
6741,2,131,131
6759,2,65,65
6761,2,161,161
6769,2,114,114
6770,2,149,149
6773,2,2,2
6774,2,34,34
6778,2,47,47
6779,2,138,138
6782,2,157,157
6785,2,39,39
6791,2,70,70
6796,2,93,93
6797,2,164,164
6804,2,26,26
6814,2,121,121
6823,2,45,45
6824,2,53,53
6825,2,42,42
6831,2,124,124
6838,2,82,82
6843,2,58,58
6844,2,150,150
6848,2,102,102
6862,2,133,133
6870,2,137,137
6881,2,31,31
6883,2,73,73
6891,2,114,114
6899,2,111,111
6901,2,68,68
6907,2,10,10
6913,2,61,61
6914,2,81,81
6915,2,58,58
6918,2,167,167
6920,2,150,150
6921,2,19,19
6922,2,59,59
6925,2,143,143
6933,2,83,83
6936,2,116,116
6939,2,121,121
6946,2,2,2
6964,2,2,2
6966,2,8,8
6967,2,117,117
6968,2,10,10
6974,2,150,150
6981,2,84,84
6984,2,0,0
6987,2,85,85
6989,2,12,12
6990,2,9,9
6997,2,26,26
7000,2,118,118
7004,2,69,69
7007,2,22,22
7008,2,34,34
7020,2,76,76
7024,2,127,127
7027,2,85,85
7029,2,169,169
7031,2,52,52
7033,2,130,130
7037,2,83,83
7039,2,139,139
7042,2,90,90
7047,2,55,55
7053,2,35,35
7060,2,36,36
7071,2,44,44
7073,2,144,144
7077,2,49,49
7088,2,173,173
7099,2,27,27
7101,2,76,76
7106,2,112,112
7118,2,75,75
7123,2,39,39
7127,2,96,96
7128,2,168,168
7138,2,173,173
7140,2,10,10
7143,2,37,37
7155,2,33,33
7158,2,92,92
7165,2,20,20
7170,2,94,94
7179,2,63,63
7186,2,76,76
7187,2,171,171
7189,2,52,52
7194,2,24,11
7197,2,129,129
7199,2,55,55
7209,2,19,19
7215,2,136,109
7221,2,106,106
7224,2,157,157
7254,2,100,100
7259,2,155,155
7263,2,16,16
7270,2,145,145
7276,2,149,149
7278,2,174,174
7287,2,59,59
7291,2,150,150
7295,2,166,166
7302,2,163,163
7306,2,26,26
7310,2,155,155
7317,2,6,6
7333,2,143,143
7338,2,53,53
7342,2,141,141
7343,2,17,17
7346,2,174,174
7353,2,14,14
7357,2,156,156
7363,2,153,153
7364,2,43,43
7365,2,51,51
7366,2,81,81
7367,2,15,15
7368,2,6,6
7369,2,62,62
7381,2,111,111
7384,2,159,159
7386,2,132,132
7393,2,170,170
7398,2,75,75
7399,2,7,7
7400,2,10,10
7402,2,45,45
7406,2,63,63
7430,2,66,66
7436,2,24,24
7438,2,24,24
7440,2,70,70
7441,2,9,9
7452,2,9,9
7462,2,46,46
7467,2,26,26
7473,2,88,88
7479,2,105,105
7481,2,133,133
7486,2,144,144
7493,2,21,21
7500,2,132,132
7501,2,1,1
7504,2,61,61
7505,2,28,28
7506,2,14,14
7509,2,88,88
7514,2,9,9
7516,2,64,64
7519,2,113,113
7523,2,29,29
7525,2,66,66
7532,2,101,101
7534,2,90,90
7535,2,175,175
7549,2,2,2
7550,2,117,117
7562,2,79,79
7565,2,69,69
7567,2,158,158
7575,2,141,141
7579,2,65,65
7581,2,36,36
7587,2,58,58
7613,2,13,13
7620,2,21,21
7621,2,162,162
7624,2,54,54
7625,2,7,7
7632,2,40,40
7640,2,85,85
7649,2,66,66
7654,2,61,61
7660,2,124,124
7661,2,170,170
7671,2,21,21
7678,2,73,73
7680,2,44,44
7685,2,89,89
7693,2,153,153
7705,2,10,10
7710,2,75,75
7718,2,17,17
7719,2,46,46
7720,2,3,3
7721,2,67,67
7726,2,48,48
7738,2,85,85
7744,2,14,14
7747,2,162,162
7754,2,46,46
7756,2,54,54
7766,2,90,90
7773,2,1,1
7780,2,67,67
7796,2,85,85
7798,2,70,70
7799,2,127,127
7801,2,29,29
7811,2,148,148
7823,2,153,153
7825,2,33,33
7830,2,43,43
7832,2,57,57
7833,2,85,85
7834,2,4,4
7835,2,19,19
7840,2,125,125
7845,2,38,38
7846,2,64,64
7847,2,19,19
7870,2,113,113
7871,2,128,128
7872,2,154,154
7873,2,3,3
7874,2,123,123
7891,2,5,5
7896,2,134,134
7897,2,44,44
7899,2,120,120
7900,2,97,97
7902,2,30,30
7910,2,49,49
7912,2,10,10
7916,2,112,112
7928,2,77,77
7930,2,56,56
7931,2,70,70
7933,2,16,16
7936,2,7,7
7941,2,145,145
7944,2,92,92
7949,2,155,155
7952,2,92,92
7957,2,36,36
7966,2,29,29
7970,2,141,141
7974,2,4,4
7985,2,59,59
7988,2,152,152
7995,2,143,143
8005,2,145,145
8006,2,120,120
8007,2,39,39
8011,2,73,73
8014,2,23,23
8019,2,93,93
8021,2,42,42
8028,2,89,89
8032,2,75,75
8041,2,145,145
8046,2,50,50
8051,2,88,88
8052,2,113,113
8060,2,2,2
8061,2,47,47
8065,2,162,162
8072,2,125,125
8083,2,27,27
8084,2,94,94
8087,2,68,68
8089,2,8,8
8094,2,52,52
8095,2,134,134
8098,2,98,98
8101,2,149,149
8106,2,46,46
8107,2,0,0
8111,2,147,147
8118,2,23,23
8119,2,6,6
8121,2,139,139
8123,2,118,118
8126,2,2,2
8127,2,112,112
8130,2,53,53
8133,2,23,23
8136,2,86,86
8137,2,44,44
8144,2,160,160
8157,2,173,173
8160,2,169,169
8165,2,117,117
8167,2,29,29
8168,2,10,10
8169,2,58,58
8185,2,0,0
8188,2,5,5
8192,2,55,55
8198,2,148,148
8201,2,3,70
8204,2,155,155
8205,2,92,92
8210,2,51,51
8211,2,158,158
8213,2,106,106
8214,2,83,83
8217,2,18,18
8218,2,88,88
8220,2,39,39
8222,2,39,39
8227,2,98,98
8231,2,150,150
8232,2,53,53
8234,2,126,126
8239,2,125,125
8241,2,52,52
8249,2,75,75
8258,2,29,29
8267,2,40,40
8270,2,35,35
8289,2,1,1
8297,2,172,172
8299,2,0,0
8304,2,143,143
8307,2,87,87
8310,2,3,3
8312,2,24,24
8315,2,103,103
8322,2,130,130
8326,2,76,76
8329,2,70,3
8332,2,41,41
8333,2,81,81
8334,2,18,18
8343,2,55,55
8345,2,18,18
8346,2,142,142
8353,2,59,59
8359,2,117,117
8362,2,161,161
8364,2,93,93
8371,2,107,107
8378,2,103,103
8384,2,92,92
8392,2,138,138
8394,2,111,111
8400,2,27,27
8403,2,52,52
8406,2,167,167
8415,2,105,105
8424,2,95,95
8427,2,65,65
8428,2,29,29
8429,2,107,107
8430,2,133,133
8434,2,70,70
8442,2,21,21
8443,2,131,131
8445,2,110,110
8449,2,139,139
8451,2,44,44
8452,2,0,0
8453,2,86,86
8454,2,17,17
8455,2,14,14
8458,2,145,145
8466,2,84,84
8474,2,67,67
8478,2,56,56
8483,2,0,0
8496,2,99,99
8499,2,23,23
8508,2,121,121
8513,2,4,4
8515,2,42,42
8521,2,72,72
8525,2,153,153
8527,2,7,7
8530,2,106,106
8532,2,87,87
8540,2,68,68
8542,2,59,59
8548,2,9,9
8554,2,30,30
8558,2,153,153
8563,2,116,116
8568,2,61,61
8569,2,171,171
8572,2,22,22
8576,2,20,20
8595,2,10,10
8597,2,61,61
8608,2,56,56
8611,2,17,17
8614,2,81,81
8619,2,41,41
8620,2,114,114
8624,2,71,71
8629,2,9,9
8641,2,8,8
8643,2,113,113
8646,2,83,119
8648,2,149,149
8659,2,11,24
8660,2,60,60
8672,2,66,66
8679,2,173,173
8685,2,114,114
8686,2,72,72
8688,2,147,147
8697,2,8,8
8698,2,4,4
8704,2,11,11
8707,2,33,33
8708,2,91,91
8718,2,164,164
8728,2,94,94
8740,2,63,3
8744,2,15,15
8748,2,90,90
8760,2,174,174
8761,2,134,134
8765,2,72,72
8770,2,98,98
8772,2,131,131
8777,2,57,57
8785,2,60,60
8791,2,104,104
8794,2,129,129
8796,2,25,25
8811,2,98,98
8820,2,126,126
8823,2,165,165
8825,2,143,143
8827,2,160,160
8829,2,74,74
8830,2,32,32
8832,2,99,99
8834,2,53,53
8835,2,133,133
8837,2,10,10
8842,2,2,2
8844,2,67,67
8845,2,90,90
8857,2,47,47
8859,2,118,118
8867,2,79,79
8868,2,23,23
8873,2,64,64
8874,2,57,57
8878,2,21,21
8886,2,2,2
8888,2,136,136
8893,2,32,32
8896,2,131,131
8897,2,143,143
8900,2,159,159
8903,2,44,44
8904,2,38,38
8905,2,100,100
8907,2,66,66
8908,2,58,58
8922,2,66,66
8934,2,78,78
8937,2,78,78
8938,2,49,49
8940,2,31,31
8943,2,32,32
8955,2,36,36
8957,2,14,14
8958,2,158,158
8959,2,23,23
8964,2,172,172
8967,2,36,36
8996,2,135,135
9006,2,126,126
9008,2,155,155
9014,2,11,11
9018,2,39,39
9020,2,24,24
9028,2,126,126
9047,2,67,67
9069,2,168,168
9071,2,135,135
9076,2,146,146
9077,2,32,32
9086,2,43,43
9088,2,5,5
9089,2,12,12
9092,2,8,8
9102,2,33,33
9104,2,91,91
9113,2,109,109
9131,2,155,155
9132,2,164,164
9133,2,102,102
9144,2,69,69
9146,2,84,84
9155,2,37,37
9158,2,125,125
9166,2,44,44
9167,2,18,18
9176,2,170,170
9179,2,36,36
9180,2,164,164
9186,2,17,17
9187,2,149,149
9191,2,46,46
9198,2,105,105
9202,2,20,20
9207,2,5,5
9219,2,21,21
9220,2,50,50
9226,2,104,79
9231,2,26,26
9239,2,138,138
9243,2,114,114
9249,2,44,44
9250,2,8,8
9263,2,116,116
9265,2,71,71
9278,2,10,10
9285,2,82,82
9287,2,114,114
9288,2,107,107
9293,2,82,82
9299,2,54,54
9309,2,118,118
9321,2,159,159
9338,2,34,34
9340,2,96,96
9345,2,123,123
9356,2,58,58
9359,2,154,154
9361,2,85,85
9362,2,2,2
9363,2,20,20
9366,2,60,60
9369,2,18,18
9373,2,20,20
9376,2,60,60
9377,2,32,32
9381,2,27,27
9383,2,56,56
9389,2,139,139
9392,2,58,58
9398,2,4,4
9414,2,4,4
9427,2,95,95
9434,2,2,2
9440,2,4,4
9447,2,20,20
9451,2,56,56
9454,2,25,25
9455,2,115,115
9457,2,76,76
9464,2,34,34
9467,2,63,63
9481,2,31,31
9483,2,125,125
9489,2,86,86
9494,2,10,10
9497,2,88,88
9517,2,0,0
9519,2,15,15
9522,2,107,107
9529,2,121,121
9531,2,97,97
9545,2,66,66
9552,2,129,129
9559,2,119,119
9572,2,122,122
9591,2,3,3
9600,2,8,8
9609,2,1,1
9616,2,24,24
9620,2,38,38
9623,2,24,24
9628,2,106,106
9640,2,45,45
9641,2,167,167
9644,2,141,141
9647,2,68,68
9655,2,30,30
9657,2,81,81
9658,2,21,21
9664,2,48,48
9670,2,128,128
9677,2,0,0
9679,2,39,39
9685,2,0,0
9691,2,86,86
9698,2,4,4
9701,2,29,29
9707,2,90,90
9712,2,69,69
9716,2,44,44
9723,2,111,111
9726,2,145,145
9727,2,141,141
9728,2,156,156
9732,2,144,144
9736,2,77,77
9737,2,68,68
9739,2,79,143
9748,2,105,105
9754,2,150,150
9756,2,71,71
9765,2,129,129
9766,2,172,172
9774,2,75,75
9784,2,162,162
9785,2,140,140
9787,2,2,2
9792,2,19,19
9797,2,75,75
9801,2,63,63
9806,2,43,43
9807,2,174,174
9815,2,137,137
9818,2,50,50
9821,2,4,4
9824,2,70,70
9829,2,167,167
9832,2,115,115
9838,2,5,5
9841,2,67,67
9848,2,174,174
9852,2,109,109
9853,2,22,22
9861,2,153,153
9862,2,73,73
9876,2,67,67
9877,2,149,149
9883,2,173,173
9890,2,115,115
9891,2,104,79
9892,2,101,101
9898,2,157,157
9900,2,105,133
9906,2,121,121
9913,2,118,118
9915,2,158,158
9925,2,64,64
9928,2,8,8
9930,2,81,81
9931,2,155,155
9935,2,134,134
9936,2,72,72
9939,2,91,91
9940,2,24,11
9946,2,100,100
9949,2,49,49
9965,2,50,50
9966,2,173,173
9976,2,61,61
9985,2,158,158
9989,2,21,21
9991,2,96,96
9992,2,92,92
9993,2,171,171
9995,2,103,103
9997,2,76,76
10001,2,34,34
10013,2,126,126
10016,2,80,80
10017,2,76,76
10018,2,0,0
10021,2,56,56
10032,2,7,7
10035,2,32,32
10036,2,109,109
10038,2,166,166
10042,2,31,31
10045,2,25,25
10055,2,168,168
10057,2,148,148
10065,2,41,41
10066,2,127,127
10068,2,68,68
10073,2,169,169
10077,2,16,16
10079,2,158,158
10085,2,4,4
10099,2,88,88
10100,2,63,63
10103,2,22,22
10106,2,71,71
10112,2,105,105
10123,2,92,92
10129,2,12,12
10134,2,43,43
10140,2,141,141
10145,2,155,155
10161,2,152,152
10162,2,52,52
10168,2,5,5
10172,2,15,15
10184,2,107,107
10187,2,77,77
10193,2,44,44
10196,2,43,43
10206,2,137,137
10208,2,66,66
10216,2,2,2
10223,2,79,79
10225,2,43,43
10232,2,88,88
10235,2,0,0
10236,2,0,0
10240,2,24,24
10242,2,123,123
10247,2,35,35
10250,2,38,38
10254,2,142,142
10267,2,167,167
10270,2,163,163
10280,2,21,21
10295,2,162,162
10298,2,162,162
10317,2,61,61
10329,2,1,1
10330,2,150,150
10336,2,167,167
10338,2,62,62
10341,2,4,4
10343,2,39,39
10346,2,31,31
10355,2,56,56
10359,2,64,64
10363,2,112,112
10364,2,31,31
10372,2,119,119
10381,2,52,52
10382,2,42,42
10383,2,69,69
10384,2,24,24
10386,2,103,103
10390,2,18,18
10391,2,25,25
10392,2,63,63
10408,2,155,155
10413,2,140,140
10418,2,33,33
10420,2,49,49
10421,2,17,17
10423,2,31,31
10433,2,126,126
10435,2,24,11
10439,2,4,4
10440,2,103,103
10443,2,95,95
10447,2,23,23
10448,2,157,157
10454,2,161,161
10455,2,8,8
10460,2,120,120
10467,2,125,125
10471,2,158,158
10473,2,117,117
10474,2,37,37
10488,2,22,22
10490,2,110,110
10492,2,132,132
10495,2,11,11
10499,2,37,37
10506,2,9,9
10513,2,27,27
10517,2,144,144
10518,2,29,29
10526,2,98,98
10527,2,9,9
10530,2,15,15
10557,2,103,103
10562,2,160,160
10563,2,9,9
10567,2,122,122
10569,2,0,0
10571,2,0,0
10582,2,149,149
10586,2,38,38
10587,2,34,34
10589,2,122,122
10598,2,14,14
10603,2,104,104
10612,2,25,25
10617,2,36,36
10621,2,40,40
10624,2,151,151
10625,2,103,103
10634,2,74,74
10637,2,57,57
10640,2,173,173
10649,2,22,22
10651,2,19,19
10656,2,47,47
10657,2,115,115
10660,2,83,83
10674,2,53,53
10676,2,23,23
10678,2,123,123
10681,2,33,33
10686,2,84,84
10697,2,71,71
10700,2,25,25
10701,2,143,143
10709,2,14,14
10714,2,139,139
10717,2,87,87
10718,2,82,82
10719,2,166,166
10723,2,132,132
10733,2,48,48
10736,2,32,32
10741,2,26,26
10750,2,65,65
10765,2,17,17
10768,2,39,39
10777,2,32,32
10789,2,17,17
10793,2,163,163
10806,2,119,119
10807,2,150,150
10809,2,127,127
10821,2,125,125
10851,2,42,42
10867,2,117,117
10868,2,119,119
10869,2,41,41
10874,2,170,170
10883,2,110,110
10885,2,82,82
10894,2,164,164
10900,2,175,175
10912,2,85,85
10918,2,22,22
10932,2,0,0
10934,2,114,114
10939,2,148,148
10942,2,55,55
10947,2,150,150
10948,2,38,38
10950,2,153,153
10953,2,121,121
10962,2,155,155
10969,2,57,57
10972,2,7,7
10973,2,16,16
10975,2,141,141
10984,2,24,24
10997,2,143,143
10999,2,107,107
11003,2,68,68
11004,2,162,162
11007,2,77,77
11011,2,99,99
11015,2,2,2
11016,2,11,24
11017,2,62,62
11023,2,40,40
11031,2,159,159
11032,2,82,82
11038,2,70,70
11041,2,89,89
11048,2,34,34
11050,2,30,30
11055,2,86,86
11058,2,140,140
11060,2,12,12
11061,2,67,67
11072,2,133,133
11079,2,123,123
11080,2,97,97
11081,2,45,45
11082,2,12,12
11085,2,7,7
11086,2,35,35
11087,2,112,112
11091,2,132,132
11099,2,151,151
11107,2,69,69
11108,2,136,136
11131,2,130,130
11136,2,124,124
11138,2,124,124
11139,2,76,76
11141,2,129,129
11152,2,34,34
11155,2,25,25
11158,2,110,110
11159,2,8,8
11165,2,46,46
11177,2,51,51
11182,2,144,144
11183,2,9,9
11189,2,7,7
11190,2,151,151
11201,2,171,171
11207,2,142,142
11221,2,3,3
11228,2,173,173
11229,2,66,66
11231,2,11,11
11241,2,91,91
11246,2,62,62
11254,2,161,161
11257,2,113,113
11258,2,8,8
11259,2,44,44
11261,2,63,63
11264,2,69,69
11268,2,71,71
11276,2,22,22
11277,2,39,39
11289,2,169,169
11293,2,25,25
11294,2,16,16
11298,2,112,112
11304,2,105,105
11308,2,126,126
11326,2,37,37
11329,2,128,128
11334,2,69,69
11337,2,138,138
11361,2,134,134
11363,2,60,60
11364,2,2,2
11369,2,137,137
11371,2,44,44
11375,2,25,25
11383,2,80,80
11384,2,7,7
11385,2,165,165
11386,2,5,5
11398,2,133,133
11404,2,18,18
11406,2,10,10
11416,2,81,81
11425,2,121,121
11433,2,48,48
11435,2,154,154
11436,2,57,57
11441,2,59,59
11446,2,123,123
11456,2,16,16
11482,2,43,43
11483,2,20,20
11493,2,118,118
11500,2,18,18
11502,2,138,138
11508,2,110,110
11514,2,102,102
11523,2,77,77
11528,2,99,99
11531,2,30,30
11532,2,99,99
11534,2,99,99
11558,2,33,33
11559,2,42,42
11562,2,170,170
11570,2,96,96
11577,2,107,107
11579,2,105,105
11586,2,171,171
11588,2,119,119
11593,2,41,41
11595,2,43,43
11597,2,122,122
11604,2,28,28
11612,2,75,75
11619,2,98,98
11625,2,114,60
11648,2,102,102
11653,2,118,118
11659,2,34,34
11667,2,22,22
11673,2,144,144
11676,2,15,15
11677,2,57,57
11683,2,164,164
11685,2,4,4
11689,2,59,59
11695,2,126,45
11699,2,70,70
11703,2,107,107
11704,2,10,10
11707,2,109,109
11710,2,3,63
11712,2,4,4
11716,2,124,124
11724,2,57,57
11730,2,38,38
11738,2,14,14
11742,2,88,88
11745,2,50,50
11747,2,79,79
11749,2,65,65
11751,2,27,27
11754,2,169,169
11760,2,0,0
11761,2,113,113
11765,2,67,67
11766,2,77,77
11772,2,69,69
11776,2,126,126
11778,2,27,27
11784,2,81,81
11789,2,5,5
11794,2,8,8
11799,2,15,15
11802,2,60,60
11809,2,22,22
11810,2,1,1
11811,2,29,29
11814,2,51,51
11816,2,22,22
11822,2,87,87
11823,2,11,11
11825,2,31,31
11830,2,78,78
11846,2,34,34
11847,2,32,32
11851,2,7,7
11853,2,41,41
11860,2,1,1
11864,2,10,10
11873,2,56,56
11874,2,54,54
11876,2,83,83
11877,2,113,113
11879,2,24,24
11883,2,76,76
11885,2,156,156
11887,2,37,37
11889,2,4,4
11896,2,5,5
11899,2,158,158
11915,2,0,0
11917,2,73,73
11922,2,17,17
11941,2,61,61
11943,2,126,126
11951,2,6,6
11952,2,139,139
11953,2,18,18
11956,2,17,17
11965,2,131,131
11967,2,14,14
11970,2,128,128
11976,2,30,30
11979,2,61,61
11980,2,14,14
11990,2,56,56
11998,2,8,8
12001,2,68,68
12003,2,72,72
12012,2,101,101
12014,2,31,31
12017,2,56,56
12023,2,21,21
12024,2,18,18
12030,2,78,78
12038,2,45,45
12043,2,170,170
12045,2,60,60
12047,2,111,111
12050,2,147,147
12053,2,70,3
12055,2,39,39
12058,2,32,32
12062,2,16,16
12078,2,30,30
12087,2,51,51
12088,2,66,66
12112,2,73,73
12117,2,91,91
12119,2,102,102
12123,2,20,20
12126,2,46,46
12130,2,87,87
12134,2,148,148
12138,2,133,133
12140,2,13,13
12141,2,34,34
12149,2,79,79
12162,2,129,129
12169,2,56,56
12172,2,14,14
12175,2,95,95
12177,2,7,7
12178,2,71,71
12183,2,70,70
12185,2,8,8
12191,2,1,1
12195,2,110,110
12207,2,166,166
12212,2,60,60
12227,2,61,61
12228,2,151,151
12230,2,64,64
12233,2,20,20
12245,2,48,48
12249,2,121,121
12250,2,154,154
12251,2,157,157
12254,2,14,14
12259,2,156,156
12261,2,141,141
12277,2,154,154
12285,2,82,82
12288,2,100,100
12292,2,43,43
12294,2,105,105
12295,2,29,29
12296,2,69,69
12298,2,95,95
12312,2,53,53
12314,2,10,10
12317,2,77,77
12320,2,9,9
12324,2,170,170
12326,2,157,157
12338,2,15,15
12344,2,163,163
12348,2,118,118
12362,2,135,135
12366,2,174,174
12380,2,52,52
12381,2,0,0
12388,2,62,62
12392,2,88,88
12408,2,38,38
12410,2,50,50
12421,2,48,48
12422,2,24,24
12431,2,55,55
12437,2,108,108
12441,2,80,80
12446,2,1,1
12452,2,3,3
12455,2,110,110
12469,2,168,168
12471,2,30,30
12476,2,51,51
12481,2,80,80
12487,2,132,132
12492,2,108,108
12494,2,163,163
12501,2,3,63
12504,2,1,1
12507,2,1,1
12510,2,169,169
12512,2,47,47
12515,2,94,94
12521,2,1,1
12526,2,28,28
12535,2,15,15
12536,2,1,1
12537,2,30,30
12542,2,137,137
12549,2,34,34
12551,2,0,0
12558,2,41,41
12562,2,37,107
12568,2,29,29
12571,2,61,61
12576,2,51,51
12578,2,46,46
12579,2,51,51
12581,2,32,32
12593,2,37,37
12596,2,149,149
12599,2,100,100
12603,2,76,76
12605,2,51,51
12613,2,91,91
12621,2,42,42
12624,2,44,44
12625,2,38,38
12626,2,2,2
12630,2,51,51
12634,2,56,53
12637,2,16,16
12645,2,132,132
12649,2,67,67
12651,2,131,131
12655,2,64,64
12663,2,62,62
12666,2,154,154
12668,2,146,146
12677,2,37,37
12681,2,160,160
12683,2,5,5
12693,2,8,8
12695,2,60,60
12696,2,157,157
12701,2,17,17
12703,2,20,20
12719,2,35,35
12727,2,32,32
12728,2,167,167
12733,2,31,31
12735,2,165,165
12736,2,37,37
12741,2,47,47
12744,2,30,30
12745,2,95,95
12748,2,165,165
12755,2,91,91
12762,2,50,50
12766,2,41,41
12771,2,96,96
12776,2,21,21
12778,2,14,14
12779,2,98,98
12781,2,141,141
12786,2,6,6
12808,2,47,47
12833,2,14,14
12835,2,142,142
12841,2,57,57
12842,2,55,55
12847,2,171,171
12852,2,22,22
12858,2,41,41
12860,2,7,7
12863,2,61,61
12874,2,127,127
12882,2,119,119
12883,2,86,86
12893,2,139,139
12898,2,136,136
12902,2,154,154
12908,2,173,95
12917,2,90,90
12920,2,113,113
12921,2,43,43
12922,2,1,1
12923,2,77,77
12926,2,39,39
12928,2,96,96
12929,2,24,24
12932,2,88,88
12942,2,104,104
12944,2,66,66
12948,2,69,69
12949,2,106,106
12956,2,127,127
12960,2,147,147
12963,2,161,161
12964,2,13,13
12968,2,135,135
12971,2,164,164
12973,2,32,32
12974,2,81,81
12975,2,27,27
12992,2,50,50
12997,2,129,129
12999,2,91,91
13004,2,3,3
13009,2,3,70
13015,2,111,111
13023,2,128,128
13031,2,27,27
13032,2,107,107
13034,2,136,136
13038,2,175,175
13040,2,141,141
13042,2,135,135
13046,2,13,13
13053,2,112,112
13066,2,83,83
13069,2,133,133
13082,2,54,54
13086,2,147,147
13104,2,100,100
13106,2,9,9
13111,2,35,35
13114,2,19,19
13116,2,58,58
13117,2,17,17
13120,2,102,102
13123,2,1,1
13131,2,44,44
13135,2,45,45
13143,2,14,14
13145,2,124,98
13148,2,27,27
13168,2,10,10
13173,2,49,49
13175,2,167,167
13177,2,81,81
13183,2,140,140
13188,2,64,64
13191,2,76,76
13198,2,110,110
13202,2,32,32
13207,2,1,1
13208,2,52,52
13215,2,166,166
13220,2,136,136
13221,2,4,4
13226,2,5,5
13237,2,46,46
13240,2,60,60
13242,2,104,104
13244,2,51,51
13246,2,84,84
13248,2,98,98
13249,2,149,149
13255,2,1,1
13260,2,8,8
13272,2,147,147
13274,2,97,97
13294,2,112,112
13299,2,134,134
13300,2,140,140
13325,2,20,20
13327,2,21,21
13331,2,152,152
13332,2,72,72
13342,2,116,116
13344,2,65,65
13345,2,33,33
13351,2,150,150
13353,2,65,65
13354,2,46,46
13355,2,1,1
13356,2,159,159
13369,2,70,70
13373,2,61,61
13374,2,103,103
13380,2,0,0
13384,2,68,68
13393,2,37,37
13397,2,60,60
13402,2,127,127
13408,2,104,79
13409,2,29,29
13424,2,96,96
13426,2,58,58
13428,2,101,101
13429,2,82,82
13433,2,132,132
13436,2,2,2
13441,2,7,7
13445,2,93,93
13447,2,166,166
13449,2,140,140
13452,2,142,142
13464,2,125,125
13470,2,46,46
13477,2,3,3
13479,2,105,105
13492,2,68,68
13498,2,45,45
13501,2,64,64
13508,2,146,146
13518,2,109,109
13520,2,101,101
13531,2,97,97
13537,2,113,113
13544,2,15,15
13547,2,40,40
13549,2,48,48
13550,2,13,13
13552,2,109,109
13563,2,155,155
13571,2,162,162
13572,2,19,19
13592,2,36,36
13593,2,9,9
13601,2,66,66
13602,2,139,139
13605,2,84,105
13616,2,96,96
13622,2,74,74
13623,2,46,46
13625,2,61,61
13628,2,94,94
13636,2,119,119
13637,2,171,171
13645,2,3,3
13647,2,91,91
13650,2,62,62
13652,2,33,33
13657,2,133,133
13659,2,3,3
13661,2,138,138
13664,2,13,13
13665,2,19,19
13667,2,87,87
13681,2,135,135
13682,2,116,116
13684,2,44,44
13686,2,55,55
13692,2,120,120
13697,2,6,6
13701,2,24,24
13702,2,12,12
13708,2,120,120
13710,2,107,107
13711,2,137,137
13712,2,57,57
13718,2,21,21
13719,2,143,143
13720,2,114,114
13731,2,57,57
13733,2,144,144
13735,2,159,159
13737,2,37,37
13738,2,31,31
13746,2,105,105
13747,2,59,59
13749,2,88,88
13751,2,76,76
13756,2,40,40
13767,2,0,0
13776,2,145,145
13794,2,14,14
13799,2,110,110
13800,2,97,97
13817,2,142,142
13819,2,114,114
13821,2,24,24
13830,2,17,17
13835,2,97,97
13837,2,0,0
13842,2,129,129
13844,2,7,7
13853,2,10,10
13854,2,10,10
13858,2,104,104
13865,2,13,13
13872,2,132,132
13879,2,4,4
13881,2,110,110
13889,2,13,13
13897,2,141,141
13898,2,36,36
13904,2,125,125
13907,2,59,59
13908,2,46,46
13918,2,164,164
13923,2,147,147
13931,2,1,1
13932,2,36,36
13936,2,31,31
13947,2,6,6
13954,2,86,86
13958,2,58,58
13959,2,96,96
13970,2,81,81
13973,2,60,60
13975,2,130,130
13982,2,53,53
13983,2,50,50
13986,2,94,94
14007,2,64,64
14009,2,117,117
14019,2,153,153
14027,2,71,71
14036,2,37,37
14038,2,160,160
14040,2,1,1
14042,2,45,45
14047,2,93,93
14052,2,81,81
14054,2,173,173
14059,2,40,40
14061,2,22,22
14065,2,23,23
14076,2,22,22
14084,2,1,1
14085,2,122,122
14090,2,9,9
14109,2,29,29
14119,2,50,50
14126,2,150,150
14142,2,7,7
14155,2,164,164
14161,2,131,131
14163,2,58,58
14164,2,1,1
14176,2,21,21
14182,2,155,155
14185,2,19,19
14189,2,10,10
14193,2,86,86
14197,2,40,40
14205,2,124,124
14206,2,122,122
14208,2,12,12
14216,2,103,103
14220,2,152,152
14221,2,65,65
14222,2,99,99
14229,2,145,145
14230,2,21,21
14238,2,25,25
14239,2,20,20
14240,2,160,160
14244,2,61,61
14249,2,131,131
14251,2,2,2
14265,2,0,0
14270,2,96,96
14274,2,31,31
14276,2,2,2
14290,2,31,31
14292,2,175,175
14293,2,45,45
14294,2,59,59
14299,2,12,12
14300,2,1,1
14303,2,91,91
14304,2,53,53
14307,2,118,118
14311,2,132,132
14317,2,96,96
14321,2,0,0
14329,2,85,85
14330,2,60,60
14334,2,44,44
14336,2,74,74
14338,2,25,25
14341,2,49,49
14351,2,80,80
14361,2,99,99
14381,2,86,86
14383,2,53,53
14386,2,36,36
14400,2,64,64
14405,2,4,4
14411,2,19,19
14417,2,145,145
14424,2,86,86
14426,2,21,21
14430,2,51,51
14435,2,88,88
14445,2,72,72
14447,2,22,22
14456,2,161,161
14477,2,75,75
14478,2,41,41
14482,2,89,89
14484,2,110,110
14486,2,154,154
14495,2,113,113
14496,2,62,62
14507,2,112,112
14512,2,0,0
14514,2,51,51
14516,2,167,167
14532,2,53,53
14555,2,108,108
14557,2,157,157
14568,2,148,148
14571,2,73,73
14572,2,132,132
14578,2,71,71
14580,2,75,75
14582,2,29,29
14585,2,18,18
14588,2,61,61
14589,2,124,124
14591,2,78,78
14594,2,32,32
14595,2,153,153
14605,2,145,145
14613,2,132,132
14615,2,67,67
14617,2,28,28
14619,2,16,16
14631,2,16,16
14634,2,79,79
14635,2,70,70
14637,2,19,19
14643,2,88,88
14644,2,110,110
14646,2,116,116
14648,2,131,131
14652,2,172,172
14654,2,73,73
14660,2,173,173
14664,2,1,1
14670,2,146,146
14672,2,10,10
14682,2,57,57
14686,2,54,54
14694,2,80,80
14697,2,13,13
14708,2,167,167
14712,2,53,53
14713,2,94,94
14723,2,86,86
14727,2,35,35
14732,2,153,153
14752,2,2,2
14767,2,22,22
14768,2,152,152
14772,2,155,155
14777,2,36,36
14778,2,134,134
14780,2,26,26
14781,2,113,113
14789,2,157,157
14790,2,165,165
14792,2,174,174
14793,2,78,78
14800,2,128,128
14804,2,133,133
14807,2,44,44
14815,2,152,152
14816,2,8,8
14819,2,28,28
14835,2,2,2
14843,2,156,156
14847,2,12,12
14865,2,84,84
14867,2,162,162
14872,2,30,30
14878,2,119,119
14880,2,37,37
14881,2,10,10
14890,2,7,7
14902,2,115,115
14905,2,138,138
14907,2,169,169
14910,2,62,62
14925,2,122,122
14927,2,54,54
14930,2,146,146
14939,2,3,3
14944,2,77,77
14945,2,110,110
14955,2,99,99
14961,2,127,127
14964,2,163,163
14965,2,92,92
14968,2,0,0
14969,2,108,108
14972,2,41,41
14989,2,19,19
14990,2,158,158
14992,2,141,141
14993,2,173,173
14994,2,30,30
14995,2,127,127
15003,2,130,130
15012,2,112,112
15015,2,10,10
15017,2,154,154
15028,2,106,106
15034,2,8,8
15038,2,63,63
15047,2,151,151
15051,2,143,143
15061,2,130,130
15066,2,49,49
15068,2,3,3
15082,2,88,88
15084,2,124,124
15086,2,82,82
15098,2,16,16
15099,2,81,81
15101,2,29,29
15111,2,48,48
15114,2,85,85
15115,2,164,164
15121,2,82,82
15128,2,95,95
15141,2,57,57
15148,2,94,94
15149,2,174,174
15150,2,133,92
15151,2,134,134
15156,2,67,67
15175,2,116,116
15177,2,15,15
15185,2,166,166
15187,2,27,27
15191,2,146,146
15192,2,152,152
15196,2,101,101
15203,2,106,60
15207,2,117,117
15212,2,168,168
15220,2,34,34
15230,2,113,113
15233,2,2,2
15245,2,40,40
15246,2,108,108
15250,2,15,15
15258,2,79,79
15272,2,99,99
15273,2,157,157
15286,2,134,134
15288,2,44,44
15290,2,161,161
15294,2,4,4
15295,2,65,65
15301,2,100,100
15308,2,6,6
15309,2,172,172
15310,2,17,17
15311,2,93,93
15318,2,161,161
15319,2,142,142
15323,2,98,98
15340,2,87,87
15371,2,118,118
15381,2,78,78
15390,2,87,87
15392,2,168,168
15395,2,168,168
15399,2,8,8
15403,2,95,95
15407,2,49,49
15413,2,104,104
15415,2,50,50
15422,2,3,3
15428,2,49,49
15435,2,118,118
15436,2,106,106
15442,2,25,25
15443,2,26,26
15449,2,37,37
15463,2,37,37
15464,2,77,77
15482,2,130,130
15483,2,17,17
15486,2,112,112
15488,2,27,27
15490,2,161,161
15496,2,106,106
15506,2,120,120
15512,2,7,7
15518,2,81,81
15521,2,96,96
15525,2,0,0
15527,2,158,158
15530,2,11,11
15541,2,148,148
15547,2,77,77
15552,2,29,29
15571,2,54,54
15578,2,130,130
15586,2,27,27
15599,2,135,135
15605,2,62,62
15609,2,116,116
15611,2,42,42
15614,2,140,140
15621,2,126,126
15624,2,157,157
15626,2,68,68
15637,2,95,95
15648,2,34,34
15656,2,78,78
15667,2,110,110
15671,2,146,146
15678,2,103,103
15700,2,11,11
15706,2,56,56
15707,2,47,47
15708,2,107,107
15716,2,52,52
15721,2,83,83
15724,2,108,108
15725,2,168,168
15726,2,167,167
15728,2,10,10
15729,2,115,115
15730,2,55,55
15731,2,99,99
15735,2,29,29
15739,2,14,14
15741,2,128,128
15744,2,133,133
15745,2,1,1
15746,2,73,73
15763,2,72,72
15764,2,146,146
15772,2,124,124
15774,2,168,168
15787,2,156,156
15788,2,67,67
15791,2,94,94
15801,2,159,159
15805,2,2,2
15806,2,171,171
15811,2,79,79
15813,2,120,120
15816,2,103,103
15821,2,167,167
15829,2,44,44
15830,2,172,172
15833,2,102,102
15840,2,26,26
15847,2,109,109
15852,2,154,154
15855,2,95,95
15859,2,112,112
15864,2,164,164
15867,2,106,106
15869,2,73,73
15870,2,7,7
15873,2,40,40
15882,2,10,10
15884,2,84,84
15888,2,24,24
15892,2,161,161
15900,2,43,43
15909,2,41,41
15912,2,27,27
15913,2,19,19
15917,2,65,65
15925,2,111,111
15926,2,83,83
15940,2,126,126
15948,2,33,33
15951,2,23,23
15954,2,38,38
15956,2,2,2
15962,2,141,141
15968,2,128,44
15973,2,128,128
15974,2,161,161
15980,2,93,93
15988,2,172,172
15989,2,66,66
15999,2,25,25
16000,2,138,138
16003,2,35,35
16004,2,34,34
16011,2,146,146
16012,2,103,103
16020,2,7,7
16023,2,17,17
16028,2,170,170
16044,2,116,116
16047,2,12,12
16049,2,136,136
16051,2,98,98
16058,2,20,20
16059,2,71,71
16061,2,138,138
16062,2,166,166
16067,2,12,12
16069,2,84,105
16075,2,142,142
16076,2,139,139
16080,2,122,122
16088,2,123,123
16092,2,13,13
16100,2,148,148
16114,2,55,55
16117,2,175,175
16120,2,30,30
16121,2,146,146
16125,2,72,72
16127,2,114,114
16137,2,7,7
16158,2,100,100
16173,2,157,157
16182,2,113,113
16183,2,173,173
16199,2,128,128
16203,2,57,57
16209,2,175,175
16212,2,36,36
16216,2,67,67
16225,2,79,79
16227,2,43,43
16228,2,175,175
16229,2,167,167
16232,2,17,17
16237,2,7,7
16241,2,61,61
16247,2,0,0
16250,2,149,149
16258,2,40,40
16261,2,107,107
16264,2,79,79
16269,2,0,0
16276,2,34,34
16278,2,21,21
16281,2,165,165
16289,2,15,15
16293,2,88,88
16294,2,15,15
16297,2,68,68
16304,2,114,114
16315,2,49,49
16317,2,159,159
16324,2,3,3
16327,2,0,0
16330,2,117,117
16335,2,82,82
16337,2,26,26
16339,2,37,37
16354,2,18,18
16358,2,4,4
16360,2,0,0
16374,2,148,148
16377,2,175,175
16378,2,163,163
16384,2,95,95
16388,2,24,24
16392,2,159,159
16394,2,18,18
16395,2,108,108
16409,2,2,2
16416,2,69,69
16417,2,23,23
16429,2,153,153
16431,2,101,101
16436,2,98,98
16440,2,169,169
16444,2,14,14
16445,2,62,62
16449,2,62,62
16450,2,114,114
16455,2,120,120
16457,2,118,118
16472,2,41,41
16473,2,69,69
16475,2,16,16
16481,2,166,166
16482,2,26,26
16484,2,38,38
16486,2,5,5
16488,2,102,102
16489,2,36,36
16492,2,162,162
16496,2,89,89
16506,2,22,22
16512,2,80,80
16514,2,50,50
16518,2,92,92
16525,2,11,11
16530,2,93,93
16532,2,171,171
16537,2,45,45
16540,2,21,21
16546,2,40,92
16550,2,41,41
16551,2,110,110
16557,2,172,172
16563,2,81,81
16580,2,1,1
16581,2,138,138
16583,2,6,6
16585,2,160,160
16586,2,98,98
16588,2,3,3
16637,2,119,119
16643,2,165,165
16659,2,150,150
16668,2,29,29
16675,2,35,35
16678,2,101,101
16683,2,49,49
16686,2,137,137
16687,2,171,171
16700,2,130,130
16701,2,47,47
16707,2,100,100
16711,2,89,89
16716,2,63,63
16721,2,41,41
16723,2,78,78
16725,2,24,24
16728,2,45,45
16743,2,138,138
16747,2,87,87
16761,2,142,142
16766,2,114,114
16771,2,139,139
16783,2,76,76
16788,2,14,14
16801,2,140,140
16809,2,172,172
16810,2,144,144
16821,2,92,92
16825,2,36,36
16826,2,136,136
16828,2,116,116
16839,2,158,158
16849,2,108,108
16851,2,175,175
16852,2,146,146
16855,2,27,27
16858,2,131,131
16861,2,94,94
16871,2,58,58
16872,2,79,79
16878,2,63,63
16886,2,31,31
16898,2,167,167
16904,2,39,39
16908,2,127,127
16910,2,34,34
16914,2,51,51
16915,2,0,0
16917,2,147,147
16926,2,65,65
16934,2,136,136
16937,2,57,57
16944,2,29,29
16946,2,98,98
16953,2,143,143
16957,2,33,33
16959,2,120,120
16962,2,175,175
16966,2,91,91
16975,2,30,30
16995,2,0,0
17000,2,55,55
17009,2,170,170
17015,2,102,102
17017,2,121,121
17028,2,67,67
17034,2,96,96
17035,2,152,152
17036,2,136,136
17041,2,96,96
17047,2,98,98
17056,2,63,63
17060,2,26,26
17061,2,58,58
17065,2,166,166
17072,2,65,65
17073,2,148,148
17076,2,59,59
17078,2,78,78
17083,2,69,69
17088,2,10,10
17090,2,131,131
17106,2,132,132
17109,2,149,149
17117,2,146,146
17127,2,131,131
17131,2,82,82
17136,2,3,3
17145,2,84,126
17153,2,128,128
17157,2,159,159
17168,2,127,127
17169,2,78,78
17175,2,45,45
17177,2,119,119
17185,2,92,92
17201,2,144,144
17202,2,127,127
17206,2,107,107
17216,2,5,5
17231,2,68,68
17232,2,119,119
17233,2,67,67
17235,2,146,146
17240,2,160,160
17241,2,10,10
17244,2,154,154
17248,2,38,38
17251,2,47,47
17252,2,29,29
17257,2,24,24
17265,2,18,18
17266,2,83,119
17269,2,49,49
17271,2,1,1
17280,2,121,121
17281,2,40,40
17283,2,174,174
17286,2,163,163
17289,2,19,19
17292,2,41,41
17299,2,169,169
17300,2,47,47
17317,2,112,112
17347,2,45,45
17348,2,111,111
17358,2,80,80
17366,2,117,117
17380,2,23,23
17384,2,43,43
17385,2,156,156
17387,2,47,47
17388,2,11,24
17396,2,44,44
17402,2,133,64
17405,2,96,96
17406,2,72,72
17407,2,169,169
17411,2,144,144
17412,2,114,114
17418,2,131,131
17427,2,152,152
17432,2,37,37
17433,2,71,71
17436,2,154,154
17439,2,111,111
17442,2,118,118
17443,2,37,37
17449,2,92,92
17459,2,127,127
17460,2,102,102
17462,2,94,94
17466,2,75,75
17467,2,136,136
17473,2,15,15
17483,2,45,45
17494,2,133,133
17495,2,78,78
17499,2,80,80
17511,2,145,145
17519,2,72,72
17522,2,102,102
17523,2,38,38
17526,2,156,156
17528,2,114,114
17530,2,163,163
17535,2,129,129
17539,2,143,143
17542,2,0,0
17548,2,174,174
17554,2,89,89
17555,2,25,25
17559,2,69,69
17570,2,131,131
17574,2,136,136
17577,2,105,105
17588,2,55,55
17593,2,103,103
17594,2,128,128
17604,2,44,44
17605,2,2,2
17609,2,123,123
17612,2,122,122
17615,2,156,156
17619,2,23,23
17628,2,7,7
17643,2,77,77
17648,2,22,22
17658,2,80,80
17665,2,122,122
17666,2,148,148
17667,2,61,61
17674,2,138,138
17676,2,135,135
17681,2,11,11
17687,2,19,19
17692,2,165,165
17695,2,33,40
17702,2,137,137
17718,2,115,115
17719,2,6,6
17722,2,134,134
17726,2,95,95
17728,2,94,94
17729,2,82,82
17743,2,87,87
17752,2,103,103
17755,2,160,160
17760,2,22,22
17762,2,0,0
17764,2,150,150
17768,2,113,113
17773,2,5,5
17777,2,30,30
17780,2,141,141
17783,2,55,55
17785,2,120,120
17795,2,100,100
17796,2,3,3
17797,2,42,42
17802,2,71,71
17807,2,29,29
17814,2,20,20
17819,2,92,92
17821,2,15,15
17822,2,118,118
17839,2,68,68
17840,2,26,26
17844,2,65,65
17847,2,141,141
17849,2,12,12
17850,2,94,94
17854,2,156,156
17870,2,66,66
17892,2,19,19
17896,2,53,53
17897,2,32,32
17903,2,76,60
17905,2,49,49
17913,2,58,58
17915,2,162,162
17920,2,13,13
17921,2,95,95
17923,2,175,175
17928,2,143,143
17938,2,47,47
17939,2,133,133
17941,2,28,28
17949,2,117,117
17953,2,101,101
17955,2,123,123
17959,2,6,6
17963,2,6,6
17964,2,115,115
17966,2,55,55
17972,2,115,115
17973,2,65,65
17976,2,6,6
17980,2,53,53
17989,2,38,38
17991,2,108,108
17992,2,87,87
17995,2,63,63
18003,2,140,140
18004,2,52,52
18006,2,82,82
18007,2,5,5
18018,2,129,129
18022,2,115,115
18027,2,31,31
18031,2,157,157
18039,2,120,120
18049,2,141,141
18052,2,50,35
18057,2,170,170
18058,2,94,94
18065,2,169,169
18067,2,52,52
18072,2,163,163
18073,2,102,102
18076,2,11,24
18081,2,82,82
18084,2,25,25
18087,2,121,121
18090,2,171,171
18093,2,17,17
18098,2,125,125
18103,2,94,94
18113,2,11,11
18114,2,12,12
18115,2,24,24
18122,2,161,161
18125,2,122,122
18126,2,45,45
18128,2,33,33
18129,2,92,92
18136,2,152,152
18145,2,110,110
18147,2,35,35
18148,2,130,130
18150,2,31,31
18151,2,79,79
18153,2,68,68
18154,2,38,38
18155,2,24,11
18160,2,104,104
18161,2,0,0
18167,2,140,140
18170,2,151,151
18183,2,126,126
18190,2,124,124
18197,2,31,31
18200,2,57,57
18205,2,84,84
18207,2,68,68
18215,2,52,52
18216,2,15,15
18221,2,84,84
18225,2,14,14
18227,2,51,51
18228,2,56,56
18233,2,107,107
18234,2,20,20
18236,2,160,160
18239,2,45,45
18241,2,11,24
18243,2,165,165
18250,2,73,73
18251,2,50,50
18265,2,58,58
18271,2,168,168
18280,2,22,22
18296,2,124,124
18298,2,74,74
18300,2,152,152
18304,2,80,80
18310,2,134,134
18312,2,24,24
18315,2,50,50
18322,2,36,36
18330,2,4,4
18333,2,146,146
18335,2,102,102
18337,2,171,171
18340,2,144,144
18343,2,3,3
18344,2,152,152
18345,2,14,14
0,3,0,0
7,3,2,2
11,3,3,63
17,3,2,2
25,3,2,2
26,3,1,1
38,3,0,0
44,3,5,5
48,3,3,3
49,3,2,2
56,3,0,0
60,3,4,4
66,3,3,3
73,3,7,7
74,3,1,1
77,3,6,6
83,3,1,1
88,3,1,1
94,3,3,3
101,3,7,7
108,3,4,4
119,3,2,2
120,3,7,7
121,3,3,3
123,3,5,5
128,3,2,2
130,3,12,12
133,3,5,5
150,3,4,4
152,3,9,9
153,3,15,15
155,3,4,4
156,3,12,12
160,3,13,13
165,3,5,5
171,3,7,7
173,3,15,15
180,3,1,1
185,3,17,17
186,3,9,9
187,3,10,10
193,3,3,3
196,3,3,3
215,3,20,20
218,3,2,2
229,3,15,15
234,3,3,3
241,3,12,12
245,3,23,23
249,3,4,4
255,3,22,22
259,3,25,25
265,3,10,10
269,3,10,10
271,3,13,13
272,3,19,19
274,3,18,18
280,3,2,2
281,3,20,20
289,3,8,8
301,3,8,8
308,3,13,13
311,3,28,28
316,3,25,25
317,3,2,2
318,3,14,14
320,3,14,14
328,3,19,19
330,3,15,15
336,3,2,2
337,3,32,32
338,3,10,10
364,3,13,13
366,3,23,23
372,3,10,10
376,3,9,9
379,3,22,22
382,3,19,19
387,3,13,13
402,3,25,25
403,3,4,4
409,3,43,43
424,3,25,25
426,3,23,23
432,3,43,43
447,3,29,29
449,3,8,8
452,3,39,39
455,3,15,15
470,3,3,70
476,3,36,36
480,3,37,37
488,3,6,6
490,3,37,37
505,3,48,48
512,3,39,39
517,3,42,42
520,3,0,0
524,3,0,0
526,3,18,18
529,3,26,26
530,3,27,27
534,3,1,1
535,3,36,36
537,3,51,51
545,3,15,15
546,3,53,53
549,3,0,0
559,3,6,6
560,3,1,1
566,3,1,1
569,3,0,0
571,3,3,63
576,3,23,23
577,3,24,11
585,3,56,56
589,3,48,48
598,3,29,29
603,3,1,1
609,3,35,35
617,3,2,2
624,3,19,19
638,3,19,19
639,3,2,2
640,3,5,5
641,3,56,56
644,3,41,41
650,3,46,46
651,3,25,25
655,3,2,2
663,3,2,2
667,3,45,45
672,3,7,7
686,3,39,39
699,3,27,27
703,3,58,58
705,3,3,3
711,3,27,27
712,3,55,55
715,3,40,40
721,3,40,40
726,3,16,16
727,3,23,23
732,3,26,26
734,3,20,20
739,3,39,39
746,3,54,54
747,3,45,45
750,3,19,19
754,3,6,6
764,3,53,56
771,3,6,6
781,3,34,34
785,3,65,65
789,3,0,0
799,3,59,59
800,3,61,61
801,3,58,58
805,3,39,39
806,3,17,17
807,3,38,38
813,3,22,12
815,3,21,21
817,3,69,69
820,3,14,14
822,3,70,70
830,3,39,39
835,3,19,19
844,3,25,25
847,3,49,49
849,3,54,54
850,3,27,27
868,3,47,47
869,3,22,22
878,3,32,32
883,3,65,65
890,3,30,30
892,3,0,0
896,3,72,72
901,3,24,11
903,3,73,73
911,3,14,14
917,3,74,74
928,3,1,1
929,3,65,65
931,3,8,8
933,3,27,27
939,3,64,64
940,3,64,64
941,3,3,3
943,3,73,73
945,3,77,77
954,3,78,78
961,3,7,7
965,3,80,80
992,3,79,79
998,3,66,66
1000,3,66,66
1001,3,16,16
1002,3,16,16
1003,3,8,8
1014,3,9,9
1017,3,13,13
1023,3,40,40
1026,3,4,4
1031,3,54,54
1034,3,29,29
1037,3,68,68
1039,3,31,31
1042,3,20,20
1043,3,25,25
1051,3,77,77
1064,3,78,78
1081,3,75,75
1089,3,20,20
1091,3,41,41
1092,3,13,13
1095,3,64,64
1104,3,61,61
1105,3,44,44
1112,3,4,4
1116,3,2,2
1118,3,58,58
1125,3,63,63
1126,3,64,64
1128,3,39,39
1129,3,7,7
1130,3,4,4
1132,3,38,38
1136,3,31,31
1151,3,67,67
1158,3,48,48
1162,3,76,76
1163,3,29,29
1166,3,27,27
1167,3,86,79
1168,3,52,52
1174,3,50,50
1177,3,26,26
1186,3,52,52
1196,3,3,63
1203,3,7,7
1204,3,87,87
1207,3,25,25
1211,3,1,1
1212,3,36,36
1218,3,56,56
1222,3,12,12
1224,3,74,74
1229,3,34,34
1235,3,75,75
1238,3,63,63
1240,3,90,90
1243,3,85,85
1246,3,44,44
1260,3,23,23
1266,3,29,29
1273,3,56,56
1283,3,14,14
1296,3,93,93
1297,3,7,7
1301,3,7,7
1304,3,45,45
1305,3,10,10
1315,3,81,81
1316,3,94,94
1317,3,42,42
1325,3,32,32
1326,3,64,64
1330,3,27,27
1338,3,23,23
1342,3,12,12
1359,3,62,62
1366,3,30,30
1367,3,73,73
1372,3,93,93
1385,3,34,34
1394,3,61,61
1395,3,49,49
1402,3,55,55
1420,3,60,60
1428,3,40,40
1431,3,88,88
1436,3,91,91
1443,3,35,35
1444,3,62,62
1455,3,76,76
1479,3,3,3
1481,3,47,47
1486,3,35,35
1489,3,61,61
1491,3,88,88
1494,3,27,27
1496,3,4,4
1510,3,0,0
1511,3,78,78
1518,3,10,10
1531,3,5,5
1539,3,37,37
1546,3,64,64
1552,3,0,0
1559,3,49,49
1560,3,3,3
1563,3,70,70
1576,3,0,0
1577,3,7,7
1584,3,47,47
1592,3,103,103
1596,3,7,7
1603,3,104,104
1611,3,100,100
1612,3,105,105
1619,3,103,103
1633,3,1,1
1636,3,0,0
1640,3,99,99
1641,3,99,99
1642,3,93,93
1645,3,84,84
1657,3,42,42
1691,3,99,99
1694,3,7,7
1695,3,0,0
1714,3,109,109
1715,3,29,29
1717,3,4,4
1719,3,50,50
1723,3,65,65
1728,3,9,9
1733,3,105,105
1735,3,42,42
1737,3,37,37
1738,3,113,113
1739,3,98,98
1748,3,25,25
1750,3,114,114
1759,3,54,54
1763,3,112,112
1771,3,72,72
1781,3,51,51
1782,3,30,30
1789,3,32,32
1790,3,82,82
1792,3,98,98
1801,3,117,117
1805,3,32,32
1811,3,10,10
1815,3,45,45
1818,3,77,77
1820,3,56,56
1821,3,92,92
1828,3,86,86
1832,3,63,63
1836,3,13,13
1843,3,80,80
1844,3,65,65
1846,3,4,4
1849,3,32,32
1852,3,42,42
1853,3,74,74
1855,3,20,20
1882,3,62,62
1886,3,52,52
1896,3,49,49
1903,3,121,121
1907,3,69,69
1909,3,42,42
1930,3,82,82
1931,3,107,107
1936,3,107,107
1942,3,47,65
1946,3,51,51
1952,3,11,11
1959,3,94,94
1960,3,43,43
1961,3,15,15
1972,3,15,15
1976,3,43,43
1978,3,92,92
1981,3,0,0
1982,3,57,57
1994,3,84,84
1995,3,120,120
2002,3,19,19
2006,3,83,83
2008,3,105,105
2011,3,75,75
2013,3,95,95
2023,3,104,104
2025,3,1,1
2026,3,17,17
2033,3,22,22
2035,3,78,78
2041,3,63,63
2048,3,35,35
2050,3,54,54
2052,3,44,44
2053,3,106,106
2055,3,55,55
2056,3,14,14
2061,3,121,121
2062,3,43,43
2063,3,1,1
2076,3,109,109
2079,3,0,0
2083,3,12,12
2085,3,77,77
2087,3,18,18
2088,3,110,110
2097,3,119,119
2099,3,36,36
2101,3,1,1
2110,3,58,58
2118,3,66,66
2121,3,57,57
2125,3,70,70
2130,3,21,21
2131,3,10,10
2133,3,0,0
2136,3,45,45
2139,3,29,29
2157,3,88,88
2164,3,8,8
2171,3,90,90
2172,3,130,130
2179,3,16,16
2186,3,46,46
2187,3,16,16
2189,3,56,56
2190,3,34,34
2193,3,50,50
2200,3,52,52
2205,3,64,64
2218,3,57,57
2219,3,42,42
2220,3,2,2
2223,3,3,70
2229,3,45,45
2230,3,26,26
2234,3,55,55
2239,3,88,88
2240,3,95,95
2247,3,0,0
2250,3,111,111
2267,3,100,100
2272,3,14,14
2275,3,17,17
2278,3,106,106
2282,3,58,58
2300,3,22,22
2307,3,8,8
2312,3,75,75
2319,3,62,62
2323,3,29,29
2325,3,11,11
2328,3,11,24
2330,3,127,127
2331,3,86,86
2333,3,6,6
2336,3,90,90
2338,3,17,17
2342,3,17,17
2351,3,99,99
2364,3,7,7
2375,3,1,1
2382,3,45,45
2386,3,32,32
2387,3,62,62
2394,3,51,51
2400,3,40,40
2405,3,47,47
2414,3,78,78
2416,3,60,60
2421,3,143,22
2425,3,72,72
2433,3,58,58
2447,3,111,111
2453,3,119,119
2459,3,21,21
2462,3,138,138
2468,3,82,82
2469,3,27,27
2481,3,66,66
2483,3,24,24
2487,3,141,141
2488,3,114,114
2493,3,129,129
2500,3,122,122
2503,3,131,131
2509,3,128,128
2517,3,72,72
2542,3,83,83
2545,3,1,1
2549,3,146,146
2551,3,87,87
2552,3,23,23
2553,3,119,119
2557,3,14,14
2565,3,80,80
2571,3,75,75
2582,3,60,60
2585,3,78,78
2587,3,105,105
2590,3,118,118
2592,3,24,24
2600,3,117,117
2601,3,30,30
2605,3,60,60
2611,3,105,105
2614,3,50,50
2615,3,55,55
2631,3,99,99
2632,3,14,14
2634,3,115,115
2637,3,64,64
2641,3,33,33
2644,3,108,108
2646,3,72,72
2657,3,34,34
2662,3,14,14
2664,3,62,62
2667,3,53,53
2670,3,131,131
2671,3,85,85
2673,3,29,29
2680,3,74,74
2683,3,43,43
2694,3,33,33
2695,3,136,136
2696,3,0,0
2697,3,126,126
2698,3,141,141
2699,3,120,120
2700,3,106,106
2705,3,112,112
2706,3,64,64
2708,3,87,87
2711,3,89,89
2717,3,138,138
2721,3,119,119
2726,3,39,39
2729,3,71,71
2740,3,112,112
2743,3,133,133
2746,3,1,1
2748,3,10,10
2749,3,105,105
2750,3,95,95
2754,3,105,64
2756,3,145,145
2765,3,10,10
2766,3,100,100
2783,3,26,26
2784,3,139,139
2785,3,6,6
2788,3,5,5
2790,3,25,25
2792,3,113,113
2793,3,38,38
2795,3,30,30
2796,3,13,13
2800,3,3,3
2807,3,27,27
2808,3,83,83
2810,3,21,21
2811,3,93,93
2812,3,10,10
2820,3,27,27
2828,3,122,122
2832,3,111,111
2837,3,20,20
2867,3,114,114
2874,3,20,20
2878,3,151,151
2882,3,22,22
2885,3,152,152
2891,3,65,65
2905,3,6,6
2907,3,57,57
2919,3,134,134
2925,3,130,130
2933,3,24,24
2937,3,15,15
2939,3,132,132
2943,3,16,16
2952,3,93,93
2954,3,28,28
2962,3,94,94
2963,3,118,118
2967,3,155,155
2969,3,82,82
2976,3,6,6
2978,3,88,88
2987,3,46,46
2988,3,17,17
2990,3,117,117
2998,3,30,30
3003,3,156,156
3004,3,17,17
3007,3,122,122
3012,3,13,13
3013,3,151,151
3014,3,17,17
3020,3,4,4
3021,3,0,0
3022,3,9,9
3024,3,70,70
3026,3,77,77
3030,3,144,144
3037,3,88,88
3038,3,38,38
3044,3,101,101
3049,3,100,100
3050,3,59,59
3059,3,127,127
3064,3,104,79
3070,3,87,87
3071,3,0,0
3079,3,56,56
3084,3,26,26
3088,3,32,32
3097,3,5,5
3100,3,133,133
3106,3,149,149
3108,3,22,22
3112,3,75,75
3118,3,123,123
3120,3,67,67
3123,3,45,45
3133,3,117,117
3137,3,33,33
3139,3,86,86
3149,3,85,85
3162,3,69,69
3163,3,155,155
3176,3,108,108
3177,3,159,159
3188,3,151,151
3189,3,89,89
3201,3,115,115
3202,3,49,49
3216,3,124,124
3218,3,100,100
3221,3,36,36
3232,3,133,133
3233,3,140,140
3243,3,93,93
3244,3,78,78
3246,3,72,72
3247,3,17,17
3251,3,8,8
3263,3,41,41
3269,3,0,0
3274,3,0,0
3283,3,31,31
3286,3,128,128
3289,3,31,31
3296,3,1,1
3298,3,144,144
3304,3,155,155
3305,3,21,21
3307,3,44,44
3323,3,12,12
3332,3,153,153
3337,3,38,38
3346,3,12,12
3348,3,14,14
3355,3,52,52
3359,3,133,133
3363,3,102,102
3366,3,17,17
3368,3,133,133
3376,3,70,70
3382,3,65,65
3384,3,106,106
3385,3,27,27
3387,3,147,147
3388,3,75,75
3389,3,11,24
3397,3,104,79
3406,3,18,18
3408,3,138,138
3409,3,102,102
3412,3,139,139
3415,3,10,10
3418,3,44,44
3422,3,103,103
3424,3,55,55
3427,3,3,3
3433,3,141,141
3436,3,158,158
3438,3,53,53
3447,3,11,11
3456,3,122,122
3471,3,47,47
3475,3,100,100
3483,3,110,110
3487,3,75,75
3488,3,41,41
3489,3,40,40
3496,3,123,123
3498,3,29,29
3505,3,74,74
3506,3,128,128
3516,3,61,61
3519,3,7,7
3526,3,29,29
3530,3,114,114
3546,3,10,10
3547,3,125,125
3557,3,94,94
3563,3,81,81
3570,3,36,36
3584,3,156,156
3594,3,76,76
3596,3,25,25
3604,3,103,103
3614,3,90,90
3624,3,52,52
3627,3,145,145
3628,3,90,90
3632,3,79,79
3635,3,152,152
3636,3,47,47
3641,3,125,125
3653,3,141,141
3659,3,89,89
3660,3,48,48
3661,3,73,73
3662,3,99,99
3663,3,0,0
3667,3,6,6
3668,3,8,8
3669,3,9,9
3672,3,8,8
3674,3,143,143
3697,3,12,12
3700,3,93,93
3707,3,48,48
3709,3,12,12
3712,3,30,30
3715,3,146,146
3725,3,63,63
3727,3,97,97
3732,3,30,30
3734,3,105,105
3737,3,24,24
3745,3,14,14
3747,3,26,26
3749,3,130,130
3752,3,150,150
3755,3,130,130
3758,3,152,152
3763,3,99,99
3765,3,24,24
3767,3,56,56
3768,3,98,98
3773,3,18,18
3775,3,36,36
3777,3,99,99
3782,3,76,76
3783,3,146,146
3784,3,89,89
3786,3,94,94
3801,3,66,66
3803,3,145,145
3806,3,166,166
3811,3,137,137
3813,3,40,40
3822,3,118,118
3825,3,96,58
3827,3,31,31
3829,3,97,97
3830,3,30,30
3837,3,84,84
3840,3,8,8
3847,3,6,6
3852,3,100,100
3854,3,30,30
3862,3,15,15
3870,3,31,31
3875,3,51,51
3877,3,61,61
3879,3,105,105
3881,3,68,68
3884,3,97,97
3888,3,61,61
3891,3,55,55
3902,3,78,78
3904,3,65,65
3906,3,116,116
3907,3,71,71
3910,3,88,88
3923,3,93,93
3925,3,136,136
3932,3,0,0
3934,3,13,13
3944,3,6,6
3949,3,91,91
3951,3,11,24
3957,3,122,122
3962,3,92,92
3964,3,140,140
3968,3,131,131
3971,3,152,152
3981,3,77,77
3989,3,91,91
3990,3,37,37
3991,3,44,44
4003,3,4,4
4008,3,74,74
4013,3,76,76
4014,3,15,15
4020,3,102,102
4026,3,0,0
4033,3,11,11
4041,3,10,10
4050,3,160,160
4055,3,130,130
4067,3,135,135
4076,3,57,57
4079,3,81,81
4083,3,4,4
4090,3,21,21
4091,3,5,5
4094,3,5,5
4095,3,169,169
4096,3,135,135
4100,3,73,73
4106,3,116,116
4111,3,69,69
4121,3,85,85
4126,3,68,68
4133,3,18,18
4135,3,125,125
4136,3,159,159
4140,3,110,110
4146,3,94,94
4153,3,134,134
4155,3,117,117
4158,3,162,162
4160,3,9,9
4168,3,84,84
4174,3,68,68
4177,3,158,158
4178,3,24,11
4181,3,119,119
4189,3,45,45
4191,3,18,18
4192,3,5,5
4193,3,152,152
4194,3,146,146
4197,3,11,11
4203,3,21,21
4206,3,98,98
4216,3,46,46
4217,3,128,128
4227,3,39,39
4228,3,24,11
4231,3,57,57
4239,3,120,120
4241,3,10,10
4244,3,167,167
4245,3,125,125
4257,3,84,84
4259,3,69,69
4260,3,10,10
4262,3,117,117
4275,3,46,46
4278,3,3,3
4284,3,34,34
4287,3,127,127
4298,3,82,82
4301,3,63,63
4302,3,1,1
4303,3,102,102
4307,3,92,92
4309,3,89,89
4311,3,20,20
4319,3,15,15
4339,3,140,140
4354,3,76,76
4356,3,136,136
4358,3,14,14
4361,3,48,48
4371,3,163,163
4374,3,2,2
4387,3,96,96
4390,3,137,137
4403,3,96,96
4407,3,24,24
4417,3,24,24
4425,3,100,100
4431,3,138,138
4432,3,164,164
4435,3,108,108
4453,3,63,63
4460,3,137,137
4465,3,7,7
4471,3,31,31
4472,3,48,48
4474,3,122,122
4477,3,70,70
4479,3,164,164
4489,3,116,116
4495,3,121,121
4499,3,157,157
4502,3,55,55
4505,3,138,138
4517,3,71,71
4519,3,167,167
4526,3,111,111
4532,3,170,170
4544,3,108,108
4563,3,26,26
4566,3,99,99
4567,3,36,36
4576,3,17,17
4585,3,127,127
4590,3,9,9
4593,3,148,148
4597,3,19,19
4606,3,57,57
4613,3,151,151
4626,3,47,47
4627,3,4,4
4628,3,159,159
4633,3,137,137
4635,3,3,3
4637,3,80,80
4646,3,147,147
4655,3,21,21
4667,3,49,49
4678,3,45,45
4692,3,11,72
4703,3,96,96
4708,3,103,103
4719,3,130,130
4727,3,16,16
4728,3,9,9
4732,3,137,137
4741,3,91,91
4744,3,34,34
4746,3,0,0
4752,3,37,37
4773,3,124,124
4776,3,12,12
4778,3,154,154
4785,3,59,59
4805,3,87,87
4811,3,22,22
4812,3,165,165
4818,3,14,14
4822,3,148,148
4825,3,44,44
4827,3,120,120
4830,3,148,148
4834,3,8,8
4836,3,131,131
4838,3,76,76
4841,3,21,21
4850,3,54,54
4861,3,110,110
4866,3,134,134
4871,3,129,129
4872,3,133,133
4878,3,150,150
4881,3,24,24
4887,3,14,14
4888,3,38,38
4894,3,99,99
4895,3,142,142
4908,3,79,79
4913,3,21,21
4915,3,55,55
4917,3,164,164
4923,3,75,75
4926,3,17,17
4929,3,49,49
4930,3,172,172
4933,3,108,108
4937,3,5,5
4951,3,22,22
4962,3,86,86
4967,3,69,69
4968,3,67,67
4971,3,68,68
4974,3,51,51
4979,3,4,4
4994,3,22,22
4997,3,43,43
4999,3,132,132
5011,3,22,22
5016,3,28,28
5027,3,10,10
5031,3,95,67
5033,3,20,20
5035,3,32,32
5039,3,153,153
5042,3,84,84
5047,3,18,18
5056,3,50,50
5058,3,59,59
5059,3,62,62
5060,3,57,57
5064,3,63,63
5078,3,19,19
5091,3,136,136
5105,3,79,79
5124,3,141,141
5131,3,126,126
5132,3,142,142
5135,3,157,157
5141,3,134,134
5153,3,123,123
5154,3,50,50
5163,3,155,155
5167,3,162,162
5175,3,33,33
5177,3,1,1
5195,3,4,4
5198,3,117,117
5199,3,157,157
5200,3,74,74
5209,3,69,69
5216,3,124,124
5217,3,145,145
5233,3,33,33
5237,3,155,155
5240,3,95,95
5241,3,135,135
5242,3,22,22
5246,3,92,92
5248,3,126,126
5254,3,86,86
5256,3,42,42
5259,3,29,29
5261,3,0,0
5266,3,27,27
5276,3,104,104
5280,3,33,33
5284,3,59,59
5287,3,151,151
5293,3,79,79
5300,3,144,144
5302,3,24,24
5305,3,121,121
5308,3,130,130
5309,3,134,134
5312,3,17,17
5316,3,20,20
5317,3,63,63
5318,3,15,15
5320,3,160,160
5326,3,1,1
5336,3,149,149
5341,3,65,65
5343,3,96,96
5345,3,93,93
5353,3,39,39
5360,3,146,146
5366,3,133,133
5368,3,162,162
5374,3,1,1
5377,3,36,36
5379,3,118,118
5380,3,104,104
5381,3,38,38
5384,3,145,145
5390,3,83,83
5393,3,44,44
5394,3,13,13
5399,3,11,11
5401,3,162,162
5404,3,94,94
5405,3,67,67
5411,3,153,153
5421,3,139,139
5424,3,51,51
5428,3,65,65
5438,3,15,15
5439,3,62,62
5443,3,70,70
5444,3,31,31
5449,3,60,60
5452,3,56,56
5456,3,169,169
5459,3,84,84
5468,3,169,169
5475,3,9,9
5476,3,2,2
5513,3,16,16
5521,3,69,69
5522,3,12,12
5530,3,13,13
5534,3,87,87
5535,3,29,29
5540,3,66,66
5541,3,110,110
5545,3,139,139
5554,3,14,14
5558,3,167,167
5559,3,11,11
5561,3,169,169
5569,3,153,153
5571,3,88,88
5574,3,91,91
5586,3,174,174
5588,3,84,84
5591,3,39,39
5595,3,43,43
5602,3,127,127
5614,3,118,118
5618,3,113,113
5623,3,43,43
5629,3,169,169
5632,3,168,168
5634,3,112,112
5636,3,25,25
5643,3,85,85
5645,3,112,112
5647,3,137,137
5649,3,125,125
5652,3,22,22
5660,3,154,154
5664,3,39,39
5668,3,60,60
5677,3,13,13
5678,3,66,66
5684,3,45,45
5686,3,112,112
5690,3,16,16
5698,3,54,54
5700,3,163,163
5712,3,49,49
5714,3,62,62
5719,3,90,90
5725,3,107,107
5726,3,107,107
5738,3,131,131
5742,3,32,32
5749,3,61,61
5755,3,58,58
5761,3,50,50
5767,3,110,110
5786,3,11,24
5801,3,71,71
5808,3,102,102
5809,3,40,40
5817,3,15,15
5819,3,81,81
5826,3,77,77
5831,3,8,8
5837,3,42,42
5845,3,0,0
5854,3,61,61
5855,3,107,107
5856,3,83,83
5867,3,23,23
5871,3,80,80
5872,3,96,96
5878,3,67,67
5882,3,135,135
5883,3,53,53
5885,3,85,85
5889,3,30,30
5892,3,116,116
5894,3,58,58
5898,3,32,32
5899,3,51,51
5910,3,153,153
5916,3,154,154
5917,3,59,59
5933,3,29,29
5938,3,51,51
5943,3,94,94
5945,3,119,119
5949,3,152,152
5950,3,89,89
5951,3,20,20
5956,3,9,9
5957,3,86,86
5959,3,41,41
5964,3,127,127
5971,3,172,172
5973,3,62,62
5974,3,8,8
5978,3,134,134
5982,3,135,135
5983,3,17,17
5985,3,71,71
5986,3,130,130
5987,3,11,24
5991,3,162,162
5996,3,66,66
6002,3,162,162
6023,3,145,145
6025,3,44,44
6031,3,12,12
6032,3,63,63
6040,3,14,14
6044,3,32,32
6056,3,146,146
6057,3,75,75
6058,3,68,68
6061,3,53,53
6063,3,133,133
6067,3,39,39
6068,3,74,74
6069,3,52,52
6070,3,20,20
6086,3,164,164
6088,3,154,154
6089,3,8,8
6091,3,27,27
6111,3,91,91
6115,3,161,161
6121,3,150,150
6124,3,82,82
6126,3,107,107
6127,3,66,66
6128,3,66,66
6136,3,100,100
6137,3,29,29
6143,3,137,137
6144,3,43,43
6145,3,56,56
6149,3,87,87
6151,3,171,171
6157,3,125,125
6158,3,104,104
6160,3,167,68
6170,3,138,138
6180,3,32,32
6188,3,102,102
6192,3,55,55
6193,3,74,74
6200,3,78,78
6211,3,98,98
6220,3,71,71
6237,3,121,121
6238,3,14,14
6241,3,160,160
6246,3,28,28
6249,3,9,9
6255,3,132,132
6258,3,7,7
6263,3,68,68
6266,3,34,34
6269,3,24,24
6277,3,2,2
6283,3,98,98
6284,3,25,25
6287,3,39,39
6289,3,140,140
6291,3,8,8
6295,3,30,30
6297,3,9,9
6298,3,72,72
6299,3,165,165
6303,3,25,25
6304,3,44,44
6307,3,30,30
6311,3,104,104
6313,3,66,66
6316,3,20,20
6328,3,10,10
6329,3,96,96
6333,3,138,138
6336,3,53,53
6341,3,158,158
6353,3,115,115
6361,3,143,143
6363,3,149,149
6367,3,114,114
6370,3,165,165
6377,3,50,50
6380,3,148,148
6384,3,47,47
6386,3,89,89
6390,3,88,88
6391,3,24,24
6392,3,41,41
6394,3,173,173
6398,3,108,108
6405,3,51,51
6410,3,12,12
6412,3,3,3
6423,3,35,35
6424,3,98,98
6432,3,1,1
6434,3,119,119
6440,3,38,38
6443,3,81,81
6447,3,61,61
6455,3,36,36
6462,3,144,144
6466,3,92,92
6472,3,95,95
6475,3,138,138
6487,3,3,63
6491,3,119,119
6492,3,146,146
6497,3,167,167
6509,3,21,21
6515,3,72,72
6525,3,116,116
6527,3,139,139
6529,3,110,110
6530,3,59,59
6531,3,3,3
6534,3,52,52
6535,3,149,149
6536,3,122,122
6542,3,12,12
6543,3,116,116
6547,3,76,76
6548,3,16,16
6551,3,66,66
6565,3,74,74
6567,3,133,105
6571,3,17,17
6577,3,145,145
6581,3,11,11
6583,3,43,43
6586,3,0,0
6588,3,55,55
6595,3,46,46
6596,3,73,73
6608,3,137,137
6611,3,72,72
6625,3,10,10
6631,3,17,17
6635,3,95,95
6636,3,83,83
6646,3,41,41
6647,3,22,22
6653,3,135,135
6660,3,22,22
6663,3,2,2
6664,3,154,154
6665,3,128,128
6679,3,146,146
6687,3,98,98
6691,3,61,61
6692,3,0,0
6704,3,40,40
6706,3,74,74
6707,3,28,131
6708,3,162,162
6712,3,24,24
6721,3,56,56
6722,3,67,67
6728,3,45,45
6730,3,31,31
6740,3,135,135
6742,3,118,118
6744,3,70,70
6762,3,148,148
6767,3,55,55
6775,3,11,24
6784,3,116,116
6787,3,55,55
6790,3,165,165
6792,3,62,62
6798,3,121,121
6800,3,6,6
6802,3,77,77
6806,3,141,141
6808,3,62,62
6809,3,155,155
6812,3,126,126
6820,3,113,113
6832,3,19,19
6839,3,8,8
6850,3,79,79
6854,3,15,15
6857,3,18,18
6865,3,15,15
6868,3,96,96
6872,3,0,0
6875,3,43,43
6882,3,123,123
6888,3,6,6
6898,3,4,4
6900,3,44,44
6903,3,17,17
6906,3,76,76
6917,3,170,170
6919,3,50,50
6928,3,80,80
6931,3,3,70
6942,3,29,29
6943,3,41,41
6949,3,43,43
6953,3,25,25
6960,3,23,23
6975,3,10,10
6979,3,4,4
6998,3,124,124
7001,3,48,48
7003,3,161,161
7010,3,171,171
7011,3,54,54
7013,3,17,17
7022,3,134,134
7025,3,0,0
7030,3,47,47
7032,3,103,103
7035,3,17,17
7038,3,116,116
7041,3,37,37
7043,3,42,42
7045,3,71,71
7048,3,75,75
7055,3,162,162
7065,3,171,171
7068,3,14,14
7075,3,21,21
7080,3,84,84
7081,3,63,3
7085,3,175,175
7094,3,85,85
7096,3,38,38
7098,3,106,106
7102,3,11,11
7104,3,62,62
7107,3,77,77
7113,3,29,29
7115,3,9,9
7125,3,59,59
7134,3,123,123
7135,3,110,110
7136,3,37,37
7142,3,121,121
7148,3,86,86
7157,3,63,63
7168,3,152,152
7169,3,19,19
7176,3,30,30
7188,3,76,76
7196,3,86,86
7200,3,61,61
7225,3,101,101
7228,3,73,73
7237,3,94,94
7239,3,39,39
7240,3,99,99
7241,3,41,41
7248,3,120,120
7253,3,111,111
7269,3,97,97
7277,3,142,142
7283,3,161,161
7286,3,31,31
7289,3,40,40
7294,3,109,109
7297,3,49,49
7314,3,0,0
7316,3,132,132
7318,3,68,68
7319,3,23,23
7320,3,33,33
7322,3,8,8
7325,3,71,71
7326,3,145,145
7336,3,122,122
7337,3,52,52
7354,3,96,96
7358,3,53,53
7359,3,25,25
7375,3,5,5
7379,3,0,0
7389,3,102,102
7391,3,45,45
7404,3,58,58
7412,3,44,44
7418,3,54,54
7423,3,35,35
7429,3,139,139
7447,3,30,30
7455,3,148,148
7456,3,166,166
7475,3,68,68
7485,3,27,27
7489,3,152,152
7494,3,172,172
7507,3,113,113
7512,3,78,78
7517,3,22,22
7518,3,114,114
7527,3,69,69
7528,3,96,96
7537,3,167,167
7538,3,82,82
7545,3,42,42
7547,3,127,127
7552,3,140,140
7553,3,125,125
7564,3,160,160
7572,3,162,162
7577,3,116,116
7585,3,74,74
7590,3,84,84
7594,3,115,115
7601,3,70,70
7606,3,49,49
7626,3,66,66
7629,3,174,174
7655,3,76,76
7664,3,52,52
7666,3,143,143
7669,3,106,106
7673,3,94,94
7676,3,35,35
7677,3,82,82
7683,3,16,16
7689,3,107,107
7690,3,174,174
7692,3,51,51
7695,3,129,129
7699,3,173,173
7700,3,167,167
7711,3,0,0
7713,3,11,24
7715,3,30,30
7717,3,38,38
7723,3,44,44
7724,3,4,4
7729,3,105,105
7734,3,24,24
7737,3,55,55
7739,3,97,97
7740,3,166,166
7742,3,14,14
7743,3,59,59
7748,3,151,151
7760,3,110,110
7762,3,158,158
7765,3,24,24
7768,3,103,103
7770,3,109,109
7771,3,166,166
7774,3,83,83
7776,3,112,112
7782,3,18,18
7789,3,104,79
7791,3,83,83
7794,3,94,94
7802,3,96,96
7812,3,156,156
7814,3,139,139
7820,3,166,166
7841,3,10,10
7842,3,168,168
7849,3,161,161
7855,3,144,144
7857,3,143,143
7860,3,170,170
7864,3,35,35
7866,3,111,111
7869,3,122,122
7879,3,67,67
7885,3,6,6
7886,3,165,165
7892,3,34,34
7893,3,175,175
7898,3,24,24
7901,3,42,42
7903,3,87,87
7914,3,11,24
7919,3,172,172
7922,3,138,138
7938,3,46,46
7946,3,1,1
7954,3,70,70
7958,3,33,33
7960,3,9,9
7961,3,128,128
7963,3,166,166
7964,3,166,166
7967,3,131,131
7968,3,60,60
7969,3,58,58
7971,3,35,35
7975,3,82,82
7978,3,129,129
7981,3,50,50
7990,3,174,174
7993,3,139,139
8004,3,61,61
8008,3,149,149
8015,3,135,135
8017,3,125,125
8022,3,5,5
8029,3,37,37
8034,3,38,38
8035,3,88,55
8036,3,174,174
8037,3,121,121
8039,3,2,2
8043,3,20,20
8044,3,135,135
8045,3,0,0
8053,3,109,109
8068,3,102,102
8070,3,145,145
8078,3,111,111
8082,3,141,141
8090,3,165,165
8099,3,51,51
8102,3,12,12
8110,3,140,140
8120,3,37,37
8122,3,4,4
8125,3,138,138
8128,3,96,96
8143,3,102,102
8150,3,124,124
8151,3,85,85
8161,3,22,22
8172,3,64,64
8179,3,160,160
8189,3,10,10
8190,3,168,168
8199,3,4,4
8208,3,57,57
8212,3,124,124
8215,3,33,33
8221,3,127,127
8223,3,85,85
8224,3,61,61
8225,3,41,41
8242,3,99,99
8243,3,30,30
8254,3,110,110
8255,3,109,109
8260,3,24,24
8272,3,3,3
8273,3,0,0
8278,3,46,46
8288,3,80,80
8296,3,82,82
8314,3,34,34
8319,3,154,154
8327,3,131,131
8328,3,17,17
8339,3,141,141
8352,3,0,0
8354,3,83,83
8358,3,128,128
8361,3,50,50
8366,3,6,6
8370,3,147,147
8373,3,75,75
8374,3,109,109
8386,3,157,157
8388,3,161,161
8402,3,44,44
8404,3,55,55
8407,3,29,29
8409,3,68,68
8410,3,135,135
8412,3,131,131
8417,3,131,131
8419,3,80,80
8423,3,54,54
8432,3,58,58
8446,3,166,166
8456,3,33,33
8462,3,160,160
8475,3,37,37
8477,3,48,48
8479,3,1,1
8484,3,173,173
8487,3,24,11
8489,3,89,89
8491,3,18,18
8498,3,4,4
8502,3,12,12
8504,3,36,36
8524,3,0,0
8544,3,115,115
8549,3,89,89
8557,3,174,174
8559,3,102,102
8561,3,101,101
8562,3,46,46
8564,3,120,120
8575,3,65,65
8578,3,134,134
8579,3,34,34
8583,3,21,21
8584,3,162,162
8585,3,145,145
8596,3,59,59
8599,3,1,1
8601,3,29,29
8607,3,139,139
8609,3,57,57
8610,3,2,2
8612,3,139,139
8616,3,138,138
8625,3,141,141
8627,3,143,143
8630,3,65,65
8634,3,4,4
8639,3,59,59
8640,3,136,136
8651,3,54,54
8657,3,144,144
8662,3,31,31
8663,3,29,29
8666,3,59,59
8668,3,53,53
8670,3,0,0
8682,3,18,18
8684,3,28,28
8696,3,18,18
8717,3,140,140
8719,3,163,163
8735,3,129,129
8736,3,24,24
8745,3,10,10
8750,3,4,4
8751,3,14,14
8754,3,8,8
8757,3,24,24
8758,3,85,85
8759,3,129,129
8762,3,34,34
8763,3,61,61
8766,3,144,144
8769,3,132,132
8773,3,156,156
8779,3,43,43
8783,3,103,103
8784,3,28,28
8787,3,46,46
8810,3,52,52
8813,3,12,12
8814,3,123,123
8821,3,100,100
8840,3,144,144
8843,3,134,134
8847,3,106,106
8862,3,123,123
8863,3,27,27
8864,3,23,23
8869,3,38,38
8870,3,79,79
8871,3,4,4
8876,3,36,36
8881,3,47,47
8882,3,105,105
8891,3,49,49
8892,3,19,19
8895,3,75,75
8909,3,92,92
8919,3,124,98
8921,3,153,153
8923,3,120,120
8924,3,145,145
8927,3,154,154
8931,3,122,122
8933,3,65,65
8939,3,126,126
8953,3,121,121
8960,3,114,114
8961,3,58,58
8969,3,18,18
8971,3,30,30
8973,3,28,131
8976,3,87,87
8978,3,93,93
8982,3,101,101
8983,3,100,100
8991,3,74,74
8992,3,53,53
8993,3,14,14
8998,3,149,149
8999,3,91,91
9001,3,19,19
9002,3,62,62
9004,3,170,170
9007,3,124,124
9009,3,7,7
9022,3,139,139
9026,3,49,49
9027,3,49,49
9032,3,89,89
9036,3,135,135
9051,3,4,4
9053,3,52,52
9060,3,24,24
9061,3,113,113
9068,3,135,135
9074,3,80,80
9087,3,24,11
9090,3,114,114
9091,3,37,37
9095,3,24,24
9096,3,102,102
9097,3,34,34
9098,3,14,14
9100,3,114,114
9105,3,98,98
9114,3,50,50
9116,3,90,90
9117,3,88,88
9119,3,144,144
9120,3,108,108
9125,3,41,41
9134,3,8,8
9135,3,149,149
9138,3,38,38
9139,3,166,166
9143,3,21,21
9145,3,105,105
9147,3,67,67
9150,3,42,42
9151,3,39,39
9156,3,83,83
9161,3,129,129
9163,3,171,171
9165,3,122,122
9171,3,107,107
9178,3,114,114
9184,3,43,43
9190,3,66,66
9205,3,13,13
9210,3,91,91
9213,3,83,83
9217,3,157,157
9218,3,27,27
9229,3,112,112
9234,3,22,22
9235,3,97,97
9236,3,14,14
9246,3,3,3
9251,3,70,70
9252,3,32,32
9254,3,8,8
9256,3,152,152
9259,3,44,44
9267,3,5,5
9277,3,15,15
9281,3,38,38
9283,3,1,1
9284,3,127,127
9286,3,92,92
9297,3,5,5
9302,3,15,15
9305,3,68,68
9315,3,137,137
9331,3,67,67
9333,3,69,69
9335,3,155,155
9343,3,41,41
9346,3,16,16
9347,3,114,114
9349,3,30,30
9350,3,148,148
9353,3,130,130
9355,3,115,115
9372,3,142,142
9374,3,89,89
9378,3,36,36
9393,3,96,96
9394,3,33,33
9399,3,88,88
9402,3,36,36
9405,3,36,36
9417,3,106,91
9420,3,103,103
9421,3,54,54
9426,3,21,21
9438,3,157,157
9442,3,11,11
9462,3,114,114
9469,3,67,67
9470,3,60,60
9472,3,37,37
9477,3,142,142
9492,3,108,108
9498,3,66,66
9504,3,141,141
9505,3,170,170
9507,3,12,12
9508,3,13,13
9510,3,108,108
9521,3,24,24
9523,3,94,94
9537,3,158,158
9543,3,37,37
9544,3,15,15
9546,3,173,173
9550,3,113,113
9563,3,148,148
9565,3,49,49
9569,3,129,129
9576,3,72,72
9580,3,124,124
9581,3,128,128
9584,3,163,163
9590,3,10,10
9592,3,169,169
9595,3,135,135
9596,3,71,71
9602,3,51,51
9605,3,112,112
9607,3,41,41
9608,3,0,0
9613,3,11,24
9615,3,56,56
9630,3,76,76
9634,3,31,31
9667,3,171,171
9669,3,36,36
9671,3,43,43
9673,3,104,104
9674,3,137,137
9678,3,119,119
9680,3,115,115
9682,3,143,143
9686,3,101,101
9696,3,144,144
9697,3,53,53
9703,3,8,8
9706,3,92,92
9717,3,77,77
9725,3,135,135
9735,3,144,144
9738,3,106,114
9740,3,7,7
9747,3,79,79
9751,3,118,118
9752,3,29,29
9755,3,109,109
9758,3,155,155
9759,3,120,120
9760,3,97,97
9769,3,117,117
9771,3,85,85
9773,3,26,26
9777,3,84,84
9788,3,76,76
9790,3,33,33
9791,3,148,148
9798,3,168,168
9803,3,41,41
9805,3,130,130
9809,3,64,64
9811,3,85,85
9822,3,1,1
9845,3,93,93
9850,3,71,71
9851,3,28,28
9855,3,50,50
9857,3,137,137
9859,3,19,19
9873,3,58,58
9874,3,171,171
9875,3,61,61
9878,3,43,43
9879,3,87,87
9884,3,56,56
9886,3,3,3
9897,3,23,23
9901,3,26,26
9914,3,17,17
9916,3,84,84
9917,3,48,48
9921,3,59,59
9923,3,173,173
9924,3,59,59
9929,3,31,31
9932,3,81,81
9933,3,103,103
9951,3,83,83
9952,3,125,125
9953,3,4,4
9956,3,43,43
9967,3,30,30
9971,3,166,166
9980,3,27,27
9981,3,19,19
9983,3,17,17
9984,3,13,13
9987,3,26,26
9998,3,63,63
10003,3,46,46
10014,3,11,11
10028,3,8,8
10043,3,68,68
10044,3,111,111
10052,3,127,127
10058,3,4,4
10059,3,78,78
10070,3,29,29
10072,3,171,171
10074,3,57,57
10084,3,139,139
10093,3,114,114
10096,3,79,79
10097,3,156,156
10104,3,152,152
10113,3,23,23
10114,3,133,133
10117,3,4,4
10121,3,152,152
10122,3,133,133
10125,3,141,141
10133,3,72,72
10137,3,60,60
10138,3,70,70
10139,3,102,102
10141,3,118,118
10154,3,115,115
10158,3,35,35
10159,3,95,95
10163,3,117,117
10167,3,129,129
10171,3,15,15
10173,3,63,63
10177,3,19,19
10191,3,118,118
10195,3,140,140
10200,3,49,49
10201,3,39,39
10205,3,132,132
10207,3,51,51
10209,3,83,83
10211,3,170,170
10212,3,21,21
10213,3,166,166
10214,3,67,67
10215,3,10,10
10218,3,4,4
10222,3,175,175
10226,3,164,164
10227,3,10,10
10229,3,141,141
10234,3,44,44
10239,3,86,80
10243,3,28,28
10248,3,12,12
10253,3,17,17
10255,3,69,69
10256,3,80,80
10257,3,0,0
10258,3,71,71
10260,3,11,24
10265,3,45,45
10273,3,97,97
10279,3,6,6
10281,3,47,47
10287,3,132,132
10289,3,67,67
10291,3,136,136
10294,3,144,144
10300,3,73,73
10301,3,36,36
10302,3,54,54
10306,3,116,116
10318,3,80,80
10321,3,4,4
10323,3,71,71
10327,3,3,3
10334,3,163,163
10344,3,101,101
10357,3,20,20
10365,3,82,82
10371,3,150,150
10374,3,55,55
10376,3,62,62
10380,3,7,7
10387,3,160,160
10389,3,106,106
10394,3,8,8
10396,3,170,170
10398,3,147,147
10400,3,38,38
10407,3,0,0
10417,3,158,158
10425,3,6,6
10434,3,116,116
10442,3,113,113
10450,3,61,61
10456,3,162,162
10461,3,80,80
10469,3,111,111
10498,3,159,159
10502,3,51,51
10510,3,111,111
10511,3,15,15
10521,3,10,10
10522,3,4,4
10524,3,24,24
10535,3,92,92
10538,3,60,60
10540,3,102,102
10545,3,91,91
10546,3,3,70
10548,3,6,6
10550,3,148,148
10551,3,52,52
10561,3,81,81
10565,3,3,3
10566,3,144,144
10584,3,79,79
10585,3,78,78
10588,3,48,48
10591,3,21,21
10595,3,24,24
10600,3,99,99
10626,3,19,19
10636,3,139,139
10638,3,167,167
10652,3,102,102
10653,3,126,126
10661,3,81,81
10667,3,73,73
10680,3,74,74
10684,3,14,14
10693,3,147,147
10694,3,37,37
10695,3,35,35
10696,3,11,11
10705,3,153,153
10712,3,138,138
10720,3,79,79
10721,3,3,3
10727,3,156,156
10729,3,155,155
10734,3,1,1
10735,3,111,111
10737,3,7,7
10743,3,64,64
10746,3,120,120
10752,3,73,73
10756,3,106,106
10758,3,104,104
10771,3,79,79
10773,3,62,62
10778,3,8,8
10779,3,130,130
10786,3,87,87
10796,3,123,123
10797,3,111,111
10798,3,172,172
10799,3,98,98
10812,3,111,111
10814,3,152,152
10818,3,12,12
10819,3,150,150
10828,3,47,47
10831,3,100,100
10842,3,127,127
10850,3,33,33
10853,3,21,21
10861,3,161,161
10862,3,95,95
10872,3,159,159
10873,3,141,141
10875,3,78,78
10876,3,5,5
10882,3,153,153
10886,3,143,143
10890,3,174,174
10898,3,0,0
10903,3,55,55
10906,3,44,44
10909,3,108,108
10917,3,102,102
10923,3,147,147
10928,3,83,83
10929,3,74,74
10943,3,169,169
10946,3,1,1
10949,3,37,37
10951,3,40,40
10956,3,26,26
10958,3,170,170
10961,3,25,25
10966,3,115,22
10976,3,38,38
10977,3,55,55
10982,3,24,24
10988,3,73,73
10991,3,124,124
11002,3,110,110
11008,3,118,118
11009,3,30,30
11012,3,90,90
11018,3,75,75
11022,3,126,126
11028,3,147,147
11035,3,16,16
11039,3,45,45
11044,3,128,128
11045,3,3,70
11053,3,81,81
11057,3,3,3
11067,3,38,38
11068,3,142,142
11069,3,18,18
11076,3,158,158
11094,3,127,127
11097,3,47,47
11103,3,4,4
11104,3,125,125
11114,3,59,59
11121,3,56,56
11124,3,146,146
11129,3,61,61
11132,3,98,91
11150,3,129,129
11154,3,11,11
11163,3,57,57
11168,3,161,161
11173,3,26,26
11175,3,34,34
11186,3,98,98
11193,3,85,85
11196,3,24,24
11200,3,90,90
11208,3,84,84
11210,3,117,117
11211,3,90,90
11216,3,56,56
11226,3,103,103
11237,3,61,61
11242,3,60,60
11244,3,67,67
11248,3,158,158
11271,3,30,30
11274,3,153,153
11275,3,34,34
11278,3,24,24
11283,3,31,31
11285,3,17,17
11287,3,72,72
11290,3,110,110
11291,3,37,37
11305,3,156,156
11306,3,16,16
11316,3,95,95
11321,3,89,89
11322,3,2,2
11327,3,13,13
11335,3,19,19
11340,3,23,23
11353,3,17,17
11360,3,93,93
11367,3,42,42
11372,3,1,1
11382,3,143,170
11389,3,98,98
11390,3,79,79
11401,3,95,95
11411,3,120,120
11426,3,104,104
11442,3,33,33
11445,3,104,104
11459,3,132,132
11460,3,62,62
11464,3,24,24
11465,3,37,37
11466,3,22,22
11469,3,14,14
11475,3,58,58
11477,3,140,140
11486,3,161,161
11491,3,65,65
11505,3,36,36
11511,3,2,2
11520,3,103,103
11521,3,68,68
11524,3,20,20
11529,3,159,159
11535,3,27,27
11536,3,15,15
11537,3,80,80
11540,3,66,66
11542,3,108,108
11543,3,146,146
11546,3,122,122
11557,3,38,38
11565,3,80,80
11571,3,42,42
11574,3,114,114
11578,3,172,172
11581,3,105,105
11582,3,140,140
11599,3,163,163
11601,3,84,84
11610,3,27,27
11615,3,164,164
11620,3,3,3
11621,3,44,44
11631,3,138,138
11633,3,33,33
11638,3,162,162
11639,3,12,12
11655,3,67,67
11657,3,101,101
11658,3,32,32
11662,3,121,121
11665,3,26,26
11672,3,155,155
11680,3,14,14
11682,3,75,75
11688,3,111,111
11690,3,127,127
11691,3,70,3
11692,3,133,133
11698,3,154,154
11702,3,7,7
11708,3,93,93
11714,3,96,96
11715,3,48,48
11725,3,21,21
11728,3,93,93
11729,3,121,121
11737,3,3,3
11739,3,0,0
11746,3,14,14
11753,3,48,48
11762,3,66,66
11763,3,94,94
11764,3,55,55
11767,3,126,126
11780,3,79,104
11782,3,112,112
11785,3,128,128
11793,3,88,88
11795,3,115,115
11804,3,49,49
11806,3,0,0
11817,3,9,9
11821,3,68,68
11824,3,43,43
11826,3,100,100
11827,3,18,18
11829,3,48,48
11833,3,100,100
11837,3,35,35
11840,3,15,15
11841,3,72,72
11843,3,2,2
11849,3,8,8
11857,3,0,0
11872,3,68,68
11875,3,50,50
11884,3,169,169
11893,3,13,13
11894,3,107,107
11895,3,46,46
11903,3,103,103
11907,3,115,115
11909,3,37,37
11910,3,8,8
11913,3,37,37
11921,3,150,150
11923,3,124,124
11926,3,21,21
11932,3,40,40
11944,3,19,19
11946,3,115,115
11955,3,147,147
11964,3,112,112
11971,3,127,127
11973,3,27,27
11986,3,68,68
11994,3,131,131
12002,3,112,112
12004,3,20,20
12006,3,114,114
12010,3,3,63
12031,3,2,2
12036,3,143,143
12040,3,107,107
12041,3,50,50
12054,3,115,115
12059,3,47,47
12060,3,79,104
12064,3,134,134
12068,3,61,61
12069,3,124,124
12072,3,121,121
12081,3,22,22
12089,3,157,157
12091,3,71,71
12093,3,117,117
12097,3,107,107
12102,3,169,169
12103,3,157,157
12107,3,34,34
12109,3,8,8
12110,3,22,22
12115,3,44,44
12127,3,90,90
12133,3,85,85
12135,3,50,50
12136,3,175,175
12137,3,110,110
12151,3,22,22
12155,3,88,88
12156,3,101,101
12164,3,71,71
12196,3,20,20
12197,3,146,146
12201,3,48,48
12204,3,0,0
12209,3,126,126
12220,3,70,70
12232,3,82,82
12236,3,6,6
12240,3,103,103
12243,3,46,46
12244,3,175,175
12255,3,108,108
12263,3,121,121
12266,3,134,134
12274,3,126,126
12279,3,6,6
12286,3,56,56
12289,3,104,104
12297,3,94,94
12300,3,48,48
12315,3,21,21
12318,3,142,142
12322,3,2,2
12331,3,150,150
12333,3,5,5
12335,3,95,95
12339,3,137,137
12341,3,163,140
12353,3,153,153
12364,3,57,57
12372,3,47,47
12377,3,21,21
12386,3,12,12
12389,3,140,140
12397,3,5,5
12400,3,113,113
12407,3,5,5
12412,3,8,8
12413,3,0,0
12414,3,116,116
12415,3,28,28
12417,3,85,85
12420,3,21,21
12425,3,47,47
12426,3,53,53
12429,3,46,46
12434,3,106,106
12438,3,123,123
12439,3,12,12
12440,3,142,142
12444,3,73,73
12447,3,37,37
12449,3,161,161
12450,3,40,40
12456,3,19,19
12463,3,2,2
12472,3,24,24
12474,3,0,0
12483,3,172,137
12484,3,1,1
12486,3,167,167
12488,3,103,103
12490,3,0,0
12495,3,123,123
12496,3,123,123
12499,3,164,164
12503,3,125,125
12508,3,42,42
12520,3,7,7
12524,3,6,6
12525,3,143,143
12529,3,104,104
12531,3,9,9
12544,3,114,114
12552,3,173,173
12553,3,33,33
12555,3,174,174
12564,3,103,103
12567,3,33,33
12570,3,3,3
12577,3,124,124
12580,3,23,23
12582,3,129,129
12585,3,30,30
12588,3,24,24
12591,3,74,74
12595,3,9,9
12601,3,158,158
12604,3,69,69
12609,3,129,129
12616,3,168,168
12629,3,82,82
12647,3,69,69
12652,3,148,148
12653,3,64,64
12662,3,13,13
12664,3,43,43
12665,3,112,112
12669,3,109,109
12673,3,7,7
12674,3,6,6
12675,3,86,86
12676,3,152,152
12686,3,99,99
12687,3,83,83
12694,3,156,156
12698,3,127,127
12715,3,35,35
12716,3,116,116
12718,3,3,63
12721,3,8,8
12731,3,124,124
12734,3,29,29
12746,3,61,61
12761,3,103,103
12765,3,35,35
12780,3,75,75
12788,3,45,45
12803,3,78,78
12818,3,174,174
12824,3,7,7
12828,3,148,148
12830,3,41,41
12834,3,87,87
12837,3,150,150
12838,3,19,19
12840,3,16,16
12844,3,131,131
12848,3,4,4
12851,3,50,50
12855,3,95,95
12857,3,132,132
12865,3,6,6
12873,3,13,13
12876,3,2,2
12877,3,44,44
12891,3,155,155
12894,3,8,8
12895,3,129,129
12904,3,20,20
12906,3,70,70
12907,3,6,6
12910,3,20,20
12911,3,55,55
12914,3,163,163
12919,3,136,136
12935,3,117,117
12936,3,146,146
12943,3,121,121
12946,3,82,82
12952,3,133,133
12957,3,86,86
12983,3,113,113
12985,3,131,131
12986,3,68,68
12987,3,102,102
13001,3,88,88
13005,3,31,31
13014,3,61,61
13025,3,30,30
13037,3,14,14
13041,3,132,132
13052,3,105,64
13056,3,48,48
13057,3,169,169
13061,3,45,45
13065,3,65,65
13071,3,31,31
13077,3,76,51
13080,3,167,167
13091,3,159,159
13093,3,121,121
13097,3,71,71
13099,3,76,76
13102,3,118,118
13119,3,27,27
13121,3,110,110
13128,3,12,158
13138,3,101,101
13141,3,68,68
13146,3,1,1
13152,3,151,151
13161,3,73,73
13163,3,2,2
13166,3,22,22
13167,3,65,65
13174,3,92,92
13182,3,41,41
13186,3,1,1
13190,3,140,140
13199,3,1,1
13204,3,47,8
13206,3,113,113
13211,3,18,18
13212,3,165,165
13214,3,143,89
13227,3,53,53
13232,3,38,38
13235,3,2,2
13253,3,173,173
13256,3,145,145
13259,3,81,81
13263,3,130,130
13266,3,29,29
13270,3,8,8
13273,3,86,86
13275,3,126,126
13276,3,136,136
13277,3,29,29
13281,3,101,101
13290,3,169,169
13298,3,77,77
13301,3,30,30
13302,3,154,154
13305,3,16,16
13308,3,84,84
13312,3,29,29
13315,3,124,124
13317,3,144,144
13319,3,136,136
13320,3,18,18
13321,3,68,68
13322,3,173,173
13323,3,107,107
13330,3,99,99
13333,3,149,149
13336,3,107,107
13361,3,138,138
13371,3,43,43
13372,3,163,163
13379,3,7,7
13391,3,160,160
13399,3,168,168
13404,3,163,163
13406,3,74,74
13411,3,92,92
13416,3,141,141
13417,3,48,48
13425,3,130,130
13430,3,36,36
13434,3,15,15
13450,3,52,52
13455,3,34,34
13459,3,59,59
13462,3,5,5
13468,3,84,84
13475,3,158,158
13478,3,10,10
13480,3,156,156
13481,3,63,63
13482,3,49,49
13483,3,95,173
13484,3,69,69
13487,3,45,45
13490,3,116,116
13496,3,159,159
13499,3,174,34
13512,3,17,17
13514,3,122,122
13516,3,26,26
13517,3,39,39
13526,3,37,37
13528,3,97,97
13529,3,83,83
13533,3,159,159
13538,3,169,169
13540,3,117,117
13542,3,115,115
13546,3,0,0
13548,3,22,22
13557,3,63,63
13565,3,153,153
13566,3,27,27
13567,3,121,121
13570,3,62,62
13578,3,130,130
13585,3,90,90
13586,3,5,5
13588,3,59,59
13590,3,0,0
13591,3,58,58
13596,3,63,63
13597,3,135,135
13604,3,126,126
13606,3,58,58
13608,3,4,4
13612,3,34,34
13613,3,120,120
13621,3,81,81
13624,3,132,132
13631,3,88,88
13634,3,14,14
13640,3,159,159
13642,3,94,94
13649,3,30,30
13651,3,174,174
13653,3,73,73
13654,3,96,96
13674,3,108,108
13676,3,52,52
13694,3,28,28
13707,3,123,123
13721,3,21,21
13722,3,0,0
13723,3,89,89
13730,3,16,16
13734,3,5,5
13742,3,77,77
13750,3,160,160
13752,3,103,103
13753,3,143,143
13769,3,1,1
13770,3,94,94
13771,3,125,125
13772,3,4,4
13774,3,44,44
13779,3,26,26
13785,3,140,140
13788,3,11,11
13795,3,58,58
13808,3,139,139
13812,3,137,137
13813,3,40,40
13814,3,87,87
13816,3,142,142
13823,3,167,167
13828,3,93,93
13847,3,161,161
13860,3,19,19
13861,3,69,69
13873,3,87,87
13885,3,161,161
13886,3,123,123
13890,3,92,92
13892,3,44,44
13910,3,86,86
13912,3,82,82
13914,3,82,82
13920,3,66,66
13927,3,76,76
13928,3,48,48
13929,3,166,166
13934,3,99,99
13941,3,16,16
13946,3,82,82
13952,3,152,152
13955,3,75,75
13961,3,47,47
13962,3,109,109
13964,3,123,123
13966,3,54,54
13969,3,57,57
13971,3,71,71
13980,3,165,165
13995,3,46,46
14008,3,5,5
14010,3,113,113
14016,3,91,91
14018,3,0,0
14028,3,135,135
14031,3,51,51
14035,3,152,152
14050,3,62,62
14056,3,34,34
14060,3,31,31
14064,3,51,51
14066,3,96,96
14072,3,40,40
14075,3,82,82
14083,3,16,16
14099,3,172,172
14104,3,2,2
14112,3,10,10
14113,3,81,81
14117,3,78,78
14121,3,67,67
14128,3,152,152
14129,3,75,75
14130,3,7,7
14136,3,18,18
14137,3,32,32
14144,3,119,119
14146,3,47,47
14148,3,160,160
14151,3,115,115
14154,3,8,8
14158,3,69,69
14159,3,66,66
14166,3,173,173
14168,3,157,157
14172,3,79,79
14175,3,110,110
14186,3,46,46
14199,3,38,38
14203,3,16,16
14210,3,0,0
14215,3,129,129
14219,3,60,60
14227,3,145,145
14228,3,94,94
14235,3,61,61
14242,3,51,51
14245,3,88,88
14247,3,2,2
14248,3,52,52
14252,3,128,128
14261,3,14,14
14266,3,151,131
14268,3,115,115
14275,3,87,87
14281,3,2,2
14284,3,130,130
14298,3,19,19
14302,3,97,97
14305,3,155,155
14309,3,46,46
14313,3,165,165
14319,3,93,93
14323,3,142,142
14328,3,83,83
14333,3,28,28
14339,3,45,45
14345,3,20,20
14348,3,84,84
14349,3,146,146
14352,3,56,56
14357,3,49,49
14359,3,133,133
14362,3,136,136
14363,3,112,112
14375,3,121,121
14378,3,140,140
14379,3,76,76
14395,3,98,98
14396,3,79,79
14397,3,52,52
14403,3,102,102
14404,3,126,126
14415,3,66,66
14416,3,171,171
14419,3,13,13
14421,3,26,26
14428,3,12,12
14429,3,16,16
14431,3,33,33
14434,3,134,134
14436,3,133,133
14442,3,0,0
14446,3,70,3
14453,3,69,69
14454,3,31,31
14469,3,5,5
14470,3,7,7
14473,3,162,162
14480,3,131,131
14488,3,7,7
14493,3,169,169
14505,3,88,88
14509,3,151,151
14515,3,163,163
14518,3,147,147
14526,3,175,175
14531,3,171,171
14550,3,90,90
14551,3,90,90
14560,3,171,171
14561,3,33,33
14563,3,150,150
14564,3,157,157
14570,3,35,35
14574,3,39,39
14575,3,6,6
14576,3,46,46
14577,3,19,19
14586,3,13,13
14593,3,117,117
14600,3,134,134
14601,3,24,11
14607,3,0,0
14610,3,10,10
14620,3,159,159
14622,3,53,53
14625,3,121,121
14627,3,64,64
14629,3,57,57
14653,3,6,6
14663,3,18,18
14677,3,9,9
14693,3,142,142
14698,3,152,152
14699,3,167,68
14714,3,28,28
14719,3,93,93
14721,3,111,111
14725,3,145,145
14726,3,128,128
14735,3,48,48
14746,3,58,58
14748,3,87,87
14753,3,72,72
14759,3,21,21
14762,3,113,113
14765,3,85,85
14766,3,126,126
14770,3,105,105
14771,3,23,23
14783,3,107,107
14785,3,142,142
14786,3,17,17
14791,3,58,58
14803,3,158,158
14805,3,68,68
14806,3,10,10
14809,3,27,27
14810,3,98,98
14811,3,167,167
14812,3,1,1
14827,3,70,70
14834,3,11,11
14838,3,91,91
14841,3,70,70
14850,3,103,103
14851,3,154,154
14861,3,156,156
14864,3,151,151
14866,3,60,60
14868,3,133,133
14869,3,40,40
14870,3,123,123
14876,3,70,70
14887,3,50,50
14894,3,118,118
14899,3,50,50
14900,3,135,135
14903,3,158,158
14908,3,147,147
14911,3,55,55
14922,3,2,2
14923,3,97,97
14928,3,131,131
14937,3,111,111
14953,3,25,25
14958,3,153,153
14962,3,148,148
14974,3,34,34
14988,3,31,31
14997,3,168,168
14998,3,53,53
14999,3,124,124
15004,3,69,69
15007,3,95,95
15010,3,30,30
15018,3,125,125
15023,3,117,117
15026,3,144,144
15027,3,143,143
15035,3,162,162
15036,3,170,170
15037,3,108,108
15039,3,150,150
15055,3,66,66
15062,3,168,168
15064,3,78,78
15067,3,58,58
15070,3,119,119
15075,3,157,157
15087,3,107,107
15088,3,13,13
15090,3,150,150
15091,3,19,19
15094,3,116,54
15097,3,44,44
15103,3,21,21
15107,3,35,35
15110,3,144,144
15113,3,175,175
15116,3,155,147
15117,3,147,147
15120,3,77,77
15123,3,68,68
15127,3,91,91
15129,3,49,49
15130,3,129,129
15133,3,136,136
15134,3,18,18
15136,3,150,150
15138,3,2,2
15152,3,30,30
15158,3,99,99
15160,3,77,77
15168,3,17,17
15170,3,7,7
15176,3,118,118
15180,3,94,94
15184,3,71,71
15186,3,0,0
15199,3,1,1
15201,3,143,143
15204,3,26,26
15213,3,144,144
15214,3,18,18
15215,3,1,1
15222,3,77,77
15225,3,140,140
15236,3,27,27
15242,3,21,21
15247,3,114,114
15254,3,162,162
15261,3,107,107
15262,3,85,85
15279,3,149,149
15287,3,114,114
15289,3,81,81
15304,3,21,21
15305,3,13,13
15312,3,133,133
15317,3,16,16
15332,3,26,26
15335,3,101,101
15337,3,15,15
15341,3,9,9
15344,3,80,80
15345,3,92,92
15350,3,160,160
15353,3,9,9
15354,3,58,58
15355,3,175,175
15359,3,98,98
15362,3,113,113
15369,3,72,72
15370,3,96,96
15374,3,32,32
15379,3,121,121
15384,3,17,45
15386,3,17,17
15387,3,98,98
15391,3,0,0
15393,3,0,0
15394,3,37,107
15404,3,50,50
15412,3,45,45
15421,3,93,93
15423,3,12,12
15424,3,12,12
15426,3,19,19
15432,3,58,58
15434,3,142,142
15438,3,77,77
15439,3,76,76
15448,3,59,59
15453,3,109,109
15454,3,115,115
15456,3,151,151
15465,3,151,151
15472,3,53,53
15476,3,147,147
15494,3,170,170
15497,3,31,31
15500,3,156,156
15503,3,57,57
15511,3,24,24
15515,3,82,82
15516,3,156,156
15519,3,0,0
15522,3,133,133
15524,3,45,45
15529,3,32,32
15531,3,21,21
15534,3,67,91
15537,3,79,79
15538,3,72,72
15539,3,160,160
15544,3,129,129
15551,3,67,67
15563,3,14,14
15568,3,41,41
15584,3,34,34
15590,3,87,87
15591,3,44,44
15597,3,165,165
15601,3,64,64
15613,3,88,88
15616,3,41,41
15618,3,122,122
15627,3,170,170
15633,3,158,158
15639,3,85,85
15640,3,172,43
15642,3,113,113
15643,3,73,73
15644,3,81,81
15649,3,133,133
15650,3,73,73
15652,3,4,4
15654,3,80,80
15655,3,11,11
15658,3,157,157
15659,3,42,42
15664,3,122,122
15666,3,47,47
15672,3,91,91
15675,3,110,110
15679,3,158,158
15692,3,119,119
15702,3,118,118
15704,3,130,130
15717,3,29,29
15720,3,118,118
15732,3,157,157
15733,3,83,83
15738,3,175,175
15742,3,22,22
15743,3,1,1
15758,3,47,47
15759,3,59,59
15761,3,128,128
15762,3,78,78
15769,3,138,138
15770,3,119,119
15775,3,137,137
15778,3,63,63
15779,3,71,71
15781,3,63,63
15782,3,60,60
15790,3,54,54
15798,3,112,112
15802,3,62,62
15804,3,113,113
15808,3,98,98
15815,3,165,165
15820,3,95,95
15824,3,40,40
15825,3,31,31
15828,3,92,92
15831,3,163,140
15837,3,24,24
15839,3,1,1
15841,3,128,128
15845,3,60,60
15851,3,34,34
15856,3,37,37
15865,3,168,168
15871,3,92,92
15872,3,71,71
15878,3,158,158
15880,3,167,167
15881,3,15,15
15886,3,99,99
15890,3,59,59
15894,3,27,27
15895,3,159,159
15897,3,13,13
15898,3,142,142
15899,3,94,94
15906,3,51,51
15907,3,59,59
15915,3,1,1
15921,3,31,31
15929,3,40,40
15930,3,4,4
15931,3,3,3
15932,3,101,101
15933,3,11,11
15934,3,0,0
15943,3,34,34
15953,3,50,50
15965,3,24,24
15966,3,50,50
15970,3,62,62
15985,3,59,59
15990,3,108,108
15993,3,5,5
15995,3,53,53
15997,3,126,126
16001,3,11,24
16009,3,60,60
16013,3,81,81
16014,3,122,122
16016,3,141,141
16021,3,159,159
16027,3,109,109
16035,3,90,90
16041,3,3,3
16043,3,102,102
16045,3,42,42
16060,3,161,161
16064,3,26,26
16065,3,23,23
16068,3,34,34
16071,3,25,25
16081,3,136,136
16097,3,36,36
16104,3,149,149
16109,3,42,42
16110,3,134,134
16112,3,172,172
16113,3,81,81
16126,3,63,63
16128,3,127,127
16132,3,35,35
16133,3,2,2
16149,3,155,155
16156,3,37,37
16157,3,72,72
16159,3,120,120
16163,3,100,100
16164,3,126,126
16167,3,9,9
16171,3,125,125
16174,3,164,164
16189,3,24,24
16191,3,86,86
16194,3,14,14
16195,3,175,175
16200,3,89,89
16214,3,132,132
16215,3,141,141
16217,3,52,52
16220,3,102,102
16222,3,172,172
16224,3,41,41
16235,3,146,146
16236,3,18,18
16248,3,154,154
16253,3,14,14
16256,3,113,113
16257,3,50,50
16263,3,37,37
16268,3,76,76
16270,3,83,83
16272,3,18,18
16274,3,126,126
16280,3,31,31
16282,3,127,127
16285,3,7,7
16292,3,156,156
16295,3,35,35
16298,3,150,150
16302,3,112,112
16305,3,16,16
16306,3,16,16
16310,3,81,81
16311,3,4,4
16312,3,22,22
16322,3,26,26
16326,3,158,158
16329,3,138,138
16347,3,143,143
16350,3,151,151
16359,3,150,150
16361,3,33,33
16366,3,161,161
16367,3,29,29
16368,3,91,91
16371,3,170,170
16372,3,137,137
16376,3,52,52
16381,3,163,163
16382,3,144,144
16383,3,109,109
16398,3,144,144
16404,3,118,118
16406,3,138,138
16408,3,76,76
16420,3,11,11
16422,3,53,53
16423,3,90,90
16424,3,152,152
16438,3,14,14
16448,3,34,34
16453,3,172,172
16456,3,53,53
16460,3,144,144
16470,3,32,32
16493,3,113,113
16494,3,92,92
16497,3,168,168
16502,3,115,115
16508,3,78,78
16510,3,111,111
16516,3,6,6
16519,3,13,13
16520,3,81,81
16524,3,158,158
16534,3,171,171
16542,3,120,120
16543,3,106,106
16545,3,61,61
16548,3,67,67
16553,3,84,84
16554,3,14,14
16555,3,58,58
16558,3,7,7
16559,3,28,28
16560,3,0,0
16582,3,35,35
16587,3,75,75
16590,3,147,147
16592,3,31,31
16594,3,64,64
16595,3,146,146
16596,3,170,170
16597,3,86,86
16598,3,13,13
16601,3,0,0
16612,3,61,61
16613,3,89,89
16615,3,125,125
16616,3,131,131
16617,3,57,57
16619,3,6,6
16631,3,1,1
16638,3,18,18
16640,3,105,105
16644,3,44,44
16649,3,119,119
16650,3,34,34
16654,3,122,122
16655,3,60,60
16667,3,173,173
16672,3,52,52
16676,3,168,168
16681,3,2,2
16682,3,71,71
16684,3,19,19
16690,3,5,5
16693,3,43,43
16697,3,98,98
16698,3,39,39
16703,3,37,37
16717,3,99,99
16732,3,148,148
16752,3,56,56
16753,3,62,62
16755,3,40,40
16760,3,91,91
16762,3,97,97
16768,3,10,10
16770,3,156,156
16780,3,37,37
16781,3,10,10
16782,3,27,27
16791,3,22,22
16802,3,161,161
16813,3,137,137
16824,3,60,60
16837,3,2,2
16838,3,34,34
16840,3,52,52
16842,3,126,126
16845,3,21,21
16847,3,149,149
16866,3,53,53
16868,3,40,40
16869,3,110,110
16870,3,38,38
16877,3,129,129
16882,3,60,60
16885,3,14,14
16887,3,157,157
16889,3,37,37
16891,3,3,3
16893,3,32,32
16901,3,82,82
16913,3,72,72
16928,3,72,72
16931,3,29,29
16941,3,124,124
16950,3,91,91
16951,3,107,107
16952,3,128,128
16977,3,85,85
16984,3,132,132
16986,3,131,131
16987,3,49,49
16991,3,3,3
16992,3,0,0
16998,3,159,159
16999,3,72,72
17002,3,110,110
17004,3,31,31
17006,3,43,43
17008,3,139,139
17011,3,43,43
17016,3,113,113
17027,3,19,19
17029,3,59,59
17030,3,79,79
17032,3,88,88
17033,3,112,112
17048,3,128,128
17052,3,96,96
17062,3,22,22
17069,3,64,64
17084,3,51,51
17086,3,35,35
17087,3,60,60
17092,3,173,173
17098,3,150,150
17103,3,115,115
17104,3,150,150
17110,3,135,135
17118,3,162,162
17120,3,155,155
17128,3,11,11
17130,3,23,23
17133,3,39,39
17139,3,164,164
17146,3,110,110
17154,3,152,152
17162,3,94,94
17163,3,106,106
17166,3,137,137
17167,3,141,141
17173,3,93,93
17183,3,56,56
17187,3,9,9
17190,3,9,9
17196,3,88,88
17199,3,126,126
17200,3,67,67
17204,3,160,160
17210,3,147,147
17212,3,26,26
17214,3,17,17
17217,3,0,0
17220,3,36,36
17221,3,29,29
17227,3,89,89
17250,3,46,46
17255,3,155,155
17258,3,15,15
17259,3,95,95
17268,3,90,90
17273,3,104,104
17275,3,146,146
17278,3,142,142
17279,3,45,45
17284,3,166,166
17294,3,65,65
17313,3,132,132
17314,3,30,30
17315,3,101,101
17320,3,41,41
17322,3,91,91
17324,3,173,173
17325,3,88,88
17326,3,14,14
17327,3,21,21
17331,3,3,3
17333,3,43,43
17336,3,102,102
17342,3,148,148
17344,3,153,153
17345,3,88,88
17349,3,98,98
17353,3,19,19
17354,3,100,100
17362,3,36,36
17370,3,110,110
17376,3,110,110
17379,3,1,1
17401,3,2,2
17403,3,120,120
17413,3,86,86
17416,3,1,1
17417,3,5,5
17424,3,76,76
17425,3,156,156
17429,3,34,34
17431,3,56,56
17451,3,134,134
17454,3,65,65
17455,3,107,107
17461,3,101,101
17476,3,168,168
17477,3,31,31
17487,3,159,159
17493,3,138,138
17504,3,154,154
17518,3,24,24
17521,3,79,104
17531,3,126,126
17541,3,28,28
17545,3,133,133
17546,3,136,136
17549,3,142,142
17558,3,123,123
17560,3,43,43
17561,3,104,79
17562,3,86,86
17572,3,70,70
17573,3,10,10
17576,3,51,51
17583,3,19,19
17587,3,13,13
17597,3,97,97
17598,3,132,132
17601,3,171,171
17607,3,41,41
17611,3,35,35
17623,3,125,125
17624,3,132,132
17631,3,106,106
17641,3,101,101
17642,3,36,36
17645,3,118,118
17650,3,149,149
17652,3,50,50
17654,3,88,88
17661,3,22,22
17664,3,57,57
17671,3,20,20
17679,3,96,96
17688,3,25,25
17693,3,44,44
17694,3,112,112
17696,3,74,74
17706,3,50,1
17707,3,32,32
17711,3,56,56
17715,3,87,87
17716,3,140,140
17720,3,17,17
17725,3,124,124
17730,3,164,164
17735,3,165,165
17736,3,30,30
17737,3,8,8
17746,3,50,50
17750,3,7,7
17751,3,10,10
17754,3,87,87
17759,3,120,120
17769,3,71,71
17775,3,23,23
17778,3,157,157
17784,3,35,35
17787,3,4,4
17788,3,34,34
17790,3,77,77
17792,3,10,10
17793,3,102,102
17794,3,77,77
17806,3,95,95
17813,3,169,169
17817,3,2,2
17825,3,29,29
17833,3,17,17
17836,3,101,101
17838,3,69,69
17865,3,23,23
17866,3,68,68
17871,3,111,111
17885,3,136,136
17887,3,104,104
17895,3,20,20
17906,3,125,125
17907,3,31,31
17910,3,12,12
17911,3,92,92
17912,3,44,44
17918,3,30,30
17922,3,38,38
17927,3,21,21
17933,3,41,41
17937,3,173,173
17942,3,78,78
17943,3,149,149
17945,3,1,1
17946,3,86,86
17950,3,4,4
17952,3,119,119
17961,3,124,124
17969,3,2,2
17971,3,0,0
17975,3,139,139
17982,3,98,98
17983,3,97,97
17984,3,22,22
17993,3,160,160
17997,3,57,57
18005,3,166,166
18008,3,105,105
18012,3,60,60
18013,3,50,50
18017,3,29,29
18019,3,2,2
18020,3,37,37
18021,3,19,19
18025,3,44,44
18033,3,3,3
18036,3,113,113
18037,3,17,17
18038,3,65,65
18040,3,42,42
18044,3,109,109
18048,3,163,163
18056,3,100,100
18060,3,15,15
18064,3,35,35
18070,3,115,22
18071,3,155,155
18077,3,95,95
18085,3,91,91
18099,3,160,160
18104,3,73,73
18106,3,108,108
18124,3,112,112
18127,3,29,29
18131,3,28,28
18134,3,3,3
18135,3,51,51
18139,3,161,161
18142,3,45,45
18146,3,50,50
18149,3,170,170
18156,3,87,87
18157,3,45,45
18159,3,20,20
18166,3,86,86
18168,3,149,149
18176,3,10,10
18177,3,29,29
18180,3,154,154
18182,3,44,44
18184,3,121,121
18191,3,131,131
18195,3,67,67
18198,3,92,133
18201,3,69,69
18208,3,8,8
18211,3,97,97
18217,3,118,118
18218,3,65,65
18231,3,68,68
18238,3,7,7
18245,3,146,146
18246,3,114,114
18254,3,84,84
18256,3,19,19
18260,3,68,68
18263,3,107,107
18264,3,117,117
18269,3,153,153
18274,3,99,99
18277,3,0,0
18278,3,57,57
18284,3,82,82
18302,3,154,154
18307,3,24,11
18308,3,136,136
18313,3,91,91
18325,3,76,76
18327,3,58,58
18328,3,68,68
18339,3,160,160
18346,3,19,19
18349,3,75,75
6,4,1,1
9,4,2,2
13,4,3,3
27,4,3,3
31,4,4,4
32,4,2,2
35,4,0,0
40,4,1,1
47,4,3,3
51,4,3,3
52,4,2,2
57,4,0,0
64,4,6,6
75,4,4,4
79,4,4,4
80,4,5,5
84,4,7,7
100,4,0,0
105,4,9,9
115,4,1,1
116,4,9,9
124,4,11,11
136,4,0,0
141,4,13,13
144,4,3,3
159,4,15,15
168,4,4,4
181,4,8,35
182,4,12,12
183,4,1,1
195,4,3,70
203,4,12,12
204,4,19,19
208,4,2,2
211,4,11,11
213,4,8,8
214,4,8,8
219,4,12,12
223,4,10,10
230,4,19,19
248,4,2,2
252,4,4,4
253,4,19,19
257,4,24,24
260,4,5,5
266,4,22,22
273,4,26,26
282,4,21,21
284,4,23,23
285,4,4,4
296,4,2,2
324,4,30,30
325,4,10,10
334,4,9,9
345,4,0,0
353,4,9,9
355,4,0,0
358,4,18,18
362,4,22,22
367,4,5,5
385,4,37,37
389,4,20,20
393,4,38,38
394,4,39,39
396,4,19,19
397,4,40,40
399,4,12,12
404,4,1,1
405,4,0,0
415,4,11,11
418,4,40,40
427,4,31,31
428,4,27,27
430,4,16,16
433,4,22,22
434,4,6,6
437,4,39,39
443,4,21,21
446,4,9,9
451,4,22,22
459,4,14,14
462,4,32,32
464,4,44,44
467,4,17,17
474,4,31,31
475,4,24,24
481,4,5,5
489,4,8,8
492,4,9,9
496,4,4,4
498,4,31,31
503,4,6,6
506,4,7,7
507,4,6,6
518,4,22,22
519,4,25,25
525,4,18,18
528,4,10,10
531,4,50,50
532,4,13,13
533,4,29,29
544,4,1,1
551,4,13,13
554,4,38,38
555,4,22,22
556,4,3,3
557,4,1,1
563,4,35,35
565,4,13,13
567,4,20,20
573,4,55,55
574,4,20,20
575,4,11,11
584,4,12,12
593,4,26,26
594,4,24,24
601,4,2,2
602,4,26,26
605,4,10,10
606,4,52,52
613,4,0,0
615,4,8,8
620,4,59,59
627,4,44,44
633,4,15,15
635,4,20,20
637,4,41,41
642,4,10,10
647,4,45,45
652,4,28,28
654,4,61,61
656,4,32,32
657,4,34,34
668,4,44,44
673,4,16,44
676,4,33,33
680,4,46,46
684,4,34,34
687,4,51,51
688,4,32,32
693,4,0,0
713,4,63,3
724,4,29,29
728,4,63,63
731,4,53,53
736,4,1,1
737,4,13,13
740,4,2,2
742,4,23,23
743,4,14,14
744,4,35,35
745,4,17,17
749,4,61,61
752,4,4,4
757,4,11,11
761,4,28,28
772,4,47,47
773,4,10,10
778,4,10,10
779,4,46,46
786,4,30,30
787,4,27,27
798,4,68,68
804,4,67,67
812,4,34,34
825,4,0,0
826,4,61,61
827,4,64,64
828,4,62,62
832,4,34,34
841,4,17,17
845,4,46,46
848,4,20,20
851,4,13,13
856,4,30,30
857,4,59,59
858,4,21,21
861,4,18,18
863,4,44,44
865,4,16,16
871,4,52,52
872,4,1,1
877,4,62,62
881,4,71,71
888,4,1,1
894,4,52,52
897,4,10,10
902,4,61,61
905,4,17,17
906,4,57,57
908,4,11,11
910,4,16,16
916,4,1,1
922,4,64,64
926,4,3,3
930,4,47,47
932,4,47,47
938,4,56,56
942,4,76,76
953,4,50,50
956,4,14,14
967,4,2,2
971,4,59,59
974,4,29,29
975,4,23,23
977,4,64,64
980,4,71,71
984,4,7,7
987,4,24,11
989,4,1,1
997,4,56,56
1004,4,81,81
1009,4,7,7
1016,4,66,66
1018,4,17,17
1021,4,34,34
1027,4,41,41
1030,4,26,26
1038,4,61,61
1053,4,72,72
1056,4,0,0
1057,4,26,26
1060,4,46,46
1066,4,37,37
1071,4,27,27
1076,4,13,13
1093,4,63,3
1096,4,55,55
1108,4,43,43
1109,4,19,19
1110,4,64,64
1114,4,75,75
1119,4,14,14
1121,4,60,60
1124,4,55,55
1134,4,59,59
1137,4,79,79
1138,4,15,15
1139,4,0,0
1147,4,0,0
1153,4,74,74
1154,4,11,24
1161,4,84,84
1173,4,75,75
1181,4,86,86
1182,4,83,83
1192,4,68,68
1194,4,27,27
1217,4,19,19
1223,4,54,54
1226,4,54,54
1227,4,77,77
1242,4,87,87
1245,4,90,90
1249,4,39,39
1256,4,3,3
1262,4,80,80
1267,4,51,51
1270,4,50,50
1276,4,74,74
1280,4,67,67
1281,4,50,50
1284,4,92,92
1288,4,88,88
1289,4,22,22
1291,4,79,79
1302,4,13,13
1314,4,81,81
1323,4,49,49
1337,4,89,89
1339,4,4,4
1352,4,43,43
1357,4,18,18
1360,4,8,8
1362,4,5,5
1363,4,0,0
1379,4,67,67
1384,4,12,12
1386,4,24,11
1387,4,43,43
1389,4,79,79
1390,4,6,6
1397,4,35,35
1398,4,27,27
1399,4,0,0
1400,4,79,79
1404,4,0,0
1407,4,60,60
1411,4,92,92
1417,4,94,94
1418,4,23,23
1419,4,20,20
1429,4,49,49
1432,4,6,6
1434,4,13,13
1438,4,53,53
1439,4,59,59
1440,4,44,44
1445,4,22,22
1450,4,16,16
1451,4,0,0
1452,4,70,70
1459,4,3,3
1460,4,66,66
1461,4,41,41
1464,4,58,58
1465,4,24,24
1467,4,0,0
1469,4,0,0
1473,4,57,57
1476,4,30,30
1477,4,75,75
1495,4,69,69
1499,4,87,87
1500,4,55,55
1504,4,45,45
1505,4,50,50
1512,4,5,5
1513,4,98,98
1514,4,33,33
1515,4,51,51
1520,4,2,2
1536,4,48,48
1544,4,24,11
1547,4,24,24
1548,4,93,93
1558,4,51,51
1566,4,63,3
1568,4,24,11
1569,4,2,2
1572,4,102,102
1573,4,37,37
1580,4,48,48
1586,4,79,104
1590,4,19,19
1591,4,82,82
1595,4,36,36
1599,4,44,44
1601,4,82,82
1605,4,74,74
1614,4,94,94
1622,4,12,12
1628,4,106,106
1632,4,66,66
1635,4,65,65
1638,4,47,47
1643,4,31,31
1653,4,34,34
1654,4,50,50
1655,4,7,7
1659,4,53,53
1660,4,66,66
1664,4,36,36
1668,4,16,16
1669,4,58,58
1671,4,47,47
1672,4,35,35
1674,4,25,25
1686,4,2,2
1699,4,6,6
1702,4,107,107
1703,4,98,98
1704,4,45,45
1707,4,111,111
1710,4,64,64
1711,4,6,6
1716,4,54,54
1720,4,33,33
1724,4,65,65
1726,4,90,77
1727,4,7,7
1742,4,64,64
1743,4,48,48
1749,4,96,96
1755,4,87,87
1756,4,111,111
1758,4,93,93
1760,4,48,48
1761,4,75,75
1765,4,105,105
1768,4,99,99
1800,4,30,30
1807,4,45,45
1822,4,5,5
1823,4,2,2
1825,4,22,22
1842,4,88,88
1847,4,15,15
1851,4,3,3
1859,4,83,83
1863,4,17,17
1867,4,14,14
1868,4,113,113
1869,4,2,2
1870,4,41,41
1872,4,18,18
1881,4,51,51
1892,4,89,89
1893,4,39,39
1895,4,11,11
1900,4,0,0
1901,4,47,47
1905,4,42,42
1912,4,37,37
1913,4,1,1
1915,4,26,26
1925,4,35,35
1928,4,44,44
1933,4,72,72
1937,4,5,5
1940,4,33,33
1947,4,125,125
1955,4,21,21
1957,4,102,102
1958,4,84,84
1962,4,14,14
1968,4,126,126
1973,4,101,101
1979,4,10,10
1987,4,4,4
1991,4,22,22
1992,4,52,52
2001,4,13,13
2007,4,73,73
2017,4,24,11
2020,4,18,18
2034,4,65,65
2036,4,77,77
2038,4,32,32
2042,4,38,38
2044,4,98,98
2047,4,93,93
2057,4,56,56
2064,4,11,11
2065,4,69,69
2069,4,0,0
2078,4,1,1
2082,4,45,45
2093,4,6,6
2096,4,109,109
2106,4,111,111
2115,4,37,37
2116,4,88,88
2122,4,99,99
2127,4,62,62
2140,4,62,62
2141,4,80,80
2146,4,44,44
2147,4,52,52
2153,4,81,81
2161,4,96,96
2167,4,57,57
2168,4,35,35
2169,4,98,98
2173,4,76,76
2181,4,131,131
2192,4,117,117
2196,4,44,44
2198,4,50,50
2199,4,71,71
2203,4,112,112
2207,4,104,79
2210,4,130,130
2222,4,46,46
2224,4,40,40
2233,4,94,94
2237,4,87,87
2248,4,127,127
2256,4,46,46
2260,4,91,91
2270,4,82,82
2285,4,37,37
2297,4,96,96
2298,4,23,23
2305,4,62,62
2339,4,52,52
2340,4,19,19
2344,4,24,24
2352,4,69,69
2353,4,52,52
2356,4,8,8
2359,4,137,137
2380,4,138,138
2390,4,27,27
2391,4,93,93
2401,4,5,5
2402,4,136,136
2411,4,95,95
2413,4,17,17
2415,4,99,99
2418,4,19,19
2419,4,15,15
2431,4,99,99
2435,4,9,9
2436,4,6,6
2439,4,112,112
2441,4,139,139
2446,4,2,2
2448,4,25,25
2450,4,1,1
2452,4,5,5
2457,4,82,82
2466,4,6,6
2467,4,23,23
2472,4,74,74
2474,4,103,103
2477,4,121,121
2478,4,86,86
2482,4,102,102
2484,4,42,42
2485,4,115,115
2492,4,84,84
2496,4,75,75
2514,4,91,124
2524,4,0,0
2538,4,2,2
2544,4,114,60
2554,4,104,104
2558,4,30,30
2563,4,50,50
2574,4,25,25
2577,4,15,15
2588,4,71,71
2591,4,67,67
2595,4,7,7
2598,4,149,149
2604,4,104,104
2610,4,111,111
2622,4,124,124
2623,4,115,115
2628,4,78,78
2636,4,128,128
2645,4,9,9
2650,4,60,60
2653,4,24,11
2660,4,89,89
2665,4,59,59
2666,4,129,129
2668,4,116,116
2672,4,55,55
2676,4,20,20
2679,4,110,110
2682,4,108,108
2685,4,86,86
2686,4,68,68
2702,4,46,46
2714,4,30,30
2715,4,51,51
2733,4,141,141
2742,4,63,63
2759,4,102,102
2768,4,23,23
2770,4,121,121
2772,4,104,104
2776,4,128,128
2782,4,142,142
2786,4,140,140
2787,4,77,77
2791,4,93,93
2816,4,35,35
2817,4,25,25
2825,4,17,17
2826,4,13,13
2840,4,150,150
2841,4,0,0
2847,4,53,53
2854,4,82,82
2855,4,78,78
2864,4,115,115
2868,4,112,112
2873,4,97,97
2875,4,83,83
2883,4,7,7
2886,4,26,26
2887,4,2,2
2888,4,60,95
2897,4,38,38
2900,4,19,19
2909,4,113,113
2910,4,28,28
2916,4,83,83
2926,4,153,153
2930,4,25,25
2941,4,85,85
2942,4,74,74
2944,4,70,70
2945,4,82,82
2946,4,154,154
2949,4,37,37
2966,4,146,146
2968,4,36,36
2971,4,78,78
2986,4,123,123
2989,4,30,30
2993,4,30,30
2994,4,91,91
3000,4,153,153
3006,4,103,103
3008,4,141,141
3010,4,57,57
3025,4,10,10
3029,4,75,75
3033,4,0,0
3039,4,61,61
3041,4,29,29
3057,4,120,120
3066,4,61,61
3067,4,92,92
3086,4,143,143
3089,4,136,136
3090,4,10,10
3091,4,148,148
3093,4,1,1
3102,4,145,145
3107,4,41,41
3110,4,96,96
3111,4,78,78
3119,4,76,76
3125,4,63,3
3129,4,90,90
3131,4,157,157
3132,4,137,137
3136,4,99,99
3148,4,101,101
3150,4,130,130
3153,4,17,17
3156,4,8,8
3161,4,44,44
3164,4,74,74
3165,4,157,157
3167,4,50,50
3171,4,10,10
3178,4,15,15
3180,4,114,114
3181,4,158,158
3183,4,0,0
3186,4,61,61
3191,4,1,1
3194,4,85,85
3195,4,151,151
3200,4,57,57
3203,4,14,14
3204,4,6,6
3208,4,84,84
3229,4,137,137
3230,4,72,72
3234,4,33,33
3236,4,108,108
3240,4,22,22
3245,4,86,86
3248,4,19,19
3249,4,110,110
3255,4,28,28
3273,4,95,95
3276,4,151,151
3277,4,65,65
3281,4,4,4
3291,4,12,12
3299,4,56,56
3316,4,48,48
3324,4,45,45
3341,4,99,99
3343,4,104,104
3345,4,39,39
3354,4,2,2
3358,4,155,155
3364,4,52,52
3369,4,141,141
3370,4,95,95
3373,4,37,37
3378,4,132,132
3393,4,84,84
3394,4,97,97
3398,4,124,100
3399,4,105,105
3402,4,142,142
3403,4,144,144
3416,4,97,97
3417,4,67,67
3421,4,64,64
3430,4,3,3
3431,4,98,98
3442,4,47,47
3443,4,8,8
3453,4,144,144
3454,4,19,19
3458,4,0,0
3460,4,61,61
3466,4,123,123
3467,4,81,81
3474,4,100,100
3491,4,23,23
3503,4,67,67
3508,4,70,70
3509,4,146,146
3518,4,13,13
3522,4,40,40
3523,4,7,7
3524,4,62,62
3525,4,10,10
3531,4,23,23
3533,4,3,3
3534,4,77,77
3538,4,111,111
3544,4,54,116
3554,4,135,135
3562,4,12,12
3568,4,136,136
3571,4,131,131
3573,4,107,107
3576,4,87,87
3581,4,68,68
3582,4,109,109
3583,4,90,90
3588,4,91,91
3603,4,79,79
3607,4,82,82
3609,4,152,152
3611,4,68,68
3620,4,49,49
3622,4,10,10
3625,4,86,86
3644,4,5,5
3645,4,3,63
3648,4,87,87
3652,4,104,104
3654,4,20,20
3655,4,30,30
3656,4,40,40
3658,4,8,8
3666,4,17,17
3671,4,76,76
3673,4,61,61
3693,4,90,90
3695,4,30,30
3702,4,72,72
3704,4,37,37
3722,4,11,11
3729,4,24,24
3733,4,70,70
3738,4,91,91
3741,4,158,158
3748,4,43,43
3753,4,76,76
3754,4,45,45
3756,4,165,165
3760,4,27,27
3762,4,3,3
3770,4,94,94
3778,4,34,34
3780,4,52,52
3787,4,59,59
3788,4,93,93
3789,4,120,120
3791,4,82,82
3793,4,151,151
3802,4,108,108
3804,4,29,29
3805,4,47,47
3807,4,132,132
3809,4,70,70
3812,4,36,36
3816,4,14,14
3819,4,104,104
3824,4,15,15
3828,4,75,75
3836,4,137,137
3838,4,29,29
3842,4,130,130
3844,4,167,167
3850,4,11,11
3858,4,36,36
3859,4,17,17
3860,4,33,33
3865,4,43,43
3866,4,57,57
3869,4,21,21
3871,4,107,107
3872,4,157,157
3873,4,161,161
3874,4,58,58
3883,4,79,79
3895,4,77,77
3899,4,98,98
3918,4,61,61
3921,4,17,17
3926,4,28,28
3948,4,93,93
3954,4,14,14
3955,4,135,135
3958,4,143,143
3959,4,112,112
3965,4,91,91
3975,4,42,42
3976,4,26,26
3978,4,48,48
3984,4,66,66
3988,4,167,167
3993,4,107,107
3995,4,18,18
4006,4,14,14
4007,4,121,121
4009,4,19,19
4015,4,39,39
4018,4,116,116
4019,4,126,126
4021,4,127,127
4023,4,0,0
4024,4,40,40
4029,4,12,12
4032,4,15,15
4035,4,45,45
4036,4,93,93
4039,4,111,111
4044,4,1,1
4046,4,168,168
4047,4,3,3
4049,4,34,34
4051,4,162,162
4058,4,35,35
4059,4,24,11
4063,4,62,62
4069,4,57,57
4085,4,2,2
4107,4,54,54
4109,4,2,2
4110,4,106,106
4114,4,140,140
4116,4,125,125
4123,4,134,134
4130,4,21,21
4134,4,66,66
4137,4,90,90
4149,4,9,9
4150,4,99,99
4157,4,156,35
4166,4,100,100
4167,4,128,128
4169,4,17,17
4182,4,66,66
4184,4,169,169
4188,4,56,56
4200,4,3,63
4209,4,1,35
4215,4,73,73
4219,4,133,133
4225,4,15,15
4229,4,114,114
4230,4,159,159
4236,4,94,94
4238,4,4,4
4242,4,22,22
4258,4,41,41
4268,4,38,38
4272,4,163,163
4273,4,151,151
4274,4,54,54
4276,4,27,27
4277,4,67,67
4289,4,118,118
4290,4,71,71
4291,4,124,124
4297,4,136,136
4304,4,3,3
4305,4,159,159
4306,4,92,92
4310,4,29,29
4315,4,20,20
4318,4,5,5
4329,4,7,7
4341,4,80,80
4342,4,8,8
4345,4,26,26
4348,4,151,151
4350,4,44,44
4363,4,86,86
4369,4,127,127
4377,4,161,161
4388,4,123,123
4397,4,136,136
4401,4,168,168
4405,4,23,23
4406,4,112,112
4422,4,118,118
4427,4,14,14
4430,4,60,60
4434,4,101,101
4437,4,24,24
4444,4,91,91
4449,4,67,67
4452,4,106,106
4455,4,130,130
4456,4,147,147
4459,4,169,169
4464,4,24,11
4466,4,166,166
4469,4,30,30
4483,4,89,89
4487,4,62,62
4488,4,72,72
4490,4,97,97
4493,4,32,32
4501,4,7,7
4503,4,30,30
4507,4,15,15
4530,4,36,36
4531,4,129,129
4536,4,3,3
4543,4,142,142
4551,4,15,15
4554,4,80,80
4558,4,2,2
4562,4,110,110
4564,4,83,83
4568,4,154,154
4570,4,24,24
4579,4,120,120
4587,4,82,82
4591,4,111,111
4594,4,165,165
4596,4,121,121
4603,4,39,39
4605,4,157,157
4608,4,25,25
4609,4,162,162
4611,4,2,2
4617,4,106,106
4618,4,108,108
4620,4,56,95
4632,4,150,150
4636,4,155,155
4638,4,67,67
4640,4,139,139
4645,4,7,7
4648,4,149,149
4649,4,29,29
4654,4,132,132
4661,4,82,82
4665,4,57,57
4672,4,100,100
4673,4,149,149
4676,4,37,37
4679,4,151,151
4683,4,98,98
4685,4,25,25
4687,4,147,147
4689,4,33,33
4690,4,68,68
4698,4,77,77
4705,4,71,71
4706,4,144,144
4707,4,12,12
4710,4,165,165
4712,4,3,63
4713,4,102,102
4718,4,61,61
4720,4,131,131
4729,4,138,138
4734,4,29,29
4736,4,127,127
4738,4,29,29
4739,4,161,161
4740,4,63,63
4745,4,99,99
4747,4,154,154
4753,4,122,122
4757,4,41,41
4759,4,137,137
4763,4,121,121
4770,4,0,0
4771,4,54,54
4775,4,25,25
4777,4,78,78
4787,4,10,10
4797,4,0,0
4798,4,18,18
4800,4,101,101
4801,4,43,43
4814,4,29,29
4815,4,71,71
4817,4,150,150
4839,4,135,135
4845,4,43,43
4847,4,147,147
4856,4,41,41
4858,4,68,68
4864,4,127,127
4873,4,88,88
4879,4,8,8
4882,4,148,148
4884,4,37,37
4885,4,104,104
4890,4,24,11
4899,4,146,146
4902,4,150,150
4916,4,10,10
4924,4,1,1
4927,4,141,141
4931,4,50,50
4941,4,72,72
4945,4,69,69
4947,4,29,29
4948,4,3,70
4950,4,33,33
4952,4,119,119
4955,4,115,115
4960,4,115,115
4963,4,69,69
4965,4,80,80
4970,4,61,61
4976,4,76,76
4980,4,112,112
4983,4,60,60
4988,4,14,14
4989,4,10,10
4991,4,54,54
4998,4,150,150
5001,4,96,96
5005,4,138,138
5021,4,160,160
5023,4,16,16
5025,4,42,42
5026,4,61,61
5029,4,102,102
5036,4,65,65
5038,4,32,32
5043,4,99,99
5053,4,71,71
5061,4,67,67
5067,4,86,86
5071,4,138,138
5075,4,35,35
5086,4,70,70
5087,4,82,82
5088,4,104,104
5096,4,21,21
5102,4,40,40
5109,4,87,87
5111,4,7,7
5112,4,116,116
5114,4,48,48
5117,4,26,26
5128,4,40,40
5143,4,79,79
5146,4,70,168
5157,4,96,96
5169,4,46,46
5174,4,22,22
5176,4,53,53
5180,4,119,119
5187,4,7,7
5201,4,57,57
5202,4,131,131
5207,4,112,112
5211,4,110,110
5214,4,103,93
5218,4,119,119
5226,4,60,60
5228,4,144,144
5236,4,3,3
5244,4,39,39
5247,4,27,27
5253,4,142,142
5269,4,75,75
5273,4,52,52
5285,4,121,121
5286,4,13,13
5298,4,89,87
5307,4,41,41
5310,4,136,136
5322,4,12,12
5323,4,1,1
5327,4,24,24
5338,4,51,51
5340,4,43,43
5342,4,158,158
5347,4,9,9
5350,4,0,0
5354,4,27,27
5359,4,158,158
5361,4,132,132
5373,4,147,147
5395,4,167,167
5396,4,60,60
5398,4,32,32
5409,4,86,86
5410,4,172,172
5412,4,106,60
5414,4,19,19
5417,4,40,40
5422,4,36,36
5426,4,64,64
5427,4,48,48
5429,4,10,10
5434,4,146,146
5447,4,100,100
5451,4,38,38
5455,4,114,114
5457,4,0,0
5464,4,78,78
5467,4,47,47
5478,4,17,17
5482,4,1,1
5483,4,100,100
5496,4,97,97
5497,4,41,41
5499,4,100,100
5505,4,142,142
5506,4,86,86
5508,4,92,92
5509,4,59,59
5523,4,102,102
5531,4,18,18
5533,4,16,16
5536,4,18,18
5543,4,70,70
5556,4,69,69
5566,4,59,59
5567,4,34,34
5568,4,69,69
5570,4,101,101
5572,4,103,103
5573,4,63,63
5579,4,7,7
5582,4,144,144
5594,4,34,34
5597,4,9,9
5601,4,89,89
5604,4,157,157
5605,4,39,39
5616,4,132,132
5627,4,143,143
5630,4,43,43
5639,4,119,119
5646,4,160,160
5648,4,158,158
5654,4,156,156
5655,4,131,131
5656,4,61,61
5661,4,118,118
5663,4,8,8
5671,4,107,107
5676,4,65,65
5682,4,174,174
5688,4,62,62
5692,4,161,161
5694,4,152,152
5695,4,57,57
5696,4,157,157
5703,4,109,109
5707,4,14,14
5722,4,106,106
5727,4,153,153
5732,4,169,169
5736,4,72,72
5740,4,128,128
5741,4,112,112
5744,4,110,110
5750,4,113,113
5756,4,159,159
5760,4,74,74
5774,4,119,119
5780,4,17,17
5781,4,151,151
5782,4,61,61
5783,4,55,55
5784,4,83,83
5787,4,25,25
5789,4,24,24
5792,4,85,85
5796,4,6,6
5797,4,125,125
5799,4,42,42
5805,4,137,137
5810,4,161,161
5823,4,143,143
5824,4,6,6
5828,4,97,97
5841,4,129,129
5842,4,102,102
5844,4,22,22
5849,4,44,44
5859,4,68,68
5864,4,56,56
5875,4,168,168
5879,4,4,4
5887,4,18,18
5893,4,97,97
5895,4,72,72
5897,4,72,72
5903,4,102,102
5908,4,42,42
5909,4,13,13
5922,4,137,137
5923,4,105,105
5927,4,31,31
5928,4,6,6
5937,4,90,90
5940,4,3,3
5942,4,80,80
5944,4,135,135
5946,4,78,78
5952,4,11,24
5953,4,59,59
5961,4,44,44
5967,4,102,102
5970,4,51,51
5975,4,24,11
5979,4,63,3
5990,4,171,171
5993,4,143,143
5995,4,153,153
5997,4,85,85
5999,4,26,26
6007,4,110,110
6013,4,13,13
6019,4,26,26
6028,4,160,160
6035,4,158,158
6038,4,118,118
6042,4,150,150
6046,4,118,118
6049,4,20,20
6053,4,100,100
6054,4,94,94
6059,4,136,136
6073,4,9,9
6076,4,22,22
6082,4,118,118
6094,4,47,47
6097,4,129,129
6102,4,58,58
6113,4,94,94
6117,4,31,31
6122,4,30,30
6125,4,108,108
6130,4,73,73
6134,4,160,160
6139,4,71,71
6141,4,50,50
6153,4,13,13
6155,4,109,109
6162,4,44,44
6169,4,69,69
6173,4,6,52
6176,4,9,9
6190,4,114,60
6191,4,26,26
6194,4,160,160
6207,4,1,1
6210,4,66,66
6216,4,33,33
6217,4,6,6
6218,4,60,60
6225,4,160,160
6227,4,35,35
6229,4,69,69
6233,4,24,24
6245,4,154,154
6251,4,15,15
6259,4,51,51
6268,4,12,12
6271,4,106,106
6278,4,19,19
6282,4,44,44
6286,4,99,99
6293,4,27,27
6294,4,37,37
6317,4,124,124
6337,4,15,15
6343,4,110,110
6345,4,142,142
6346,4,90,90
6352,4,157,157
6356,4,13,13
6357,4,81,81
6362,4,103,103
6364,4,131,131
6375,4,65,65
6379,4,30,30
6397,4,118,118
6400,4,28,28
6401,4,1,1
6414,4,138,138
6425,4,125,125
6436,4,63,63
6438,4,41,41
6442,4,0,0
6445,4,167,167
6452,4,63,63
6456,4,72,72
6457,4,133,105
6458,4,0,0
6464,4,51,51
6469,4,50,50
6471,4,83,83
6476,4,155,155
6479,4,103,103
6481,4,9,9
6486,4,55,55
6493,4,78,78
6495,4,123,123
6500,4,4,4
6502,4,72,72
6503,4,91,91
6504,4,121,121
6516,4,170,170
6519,4,50,50
6523,4,3,3
6524,4,98,98
6528,4,94,94
6541,4,66,66
6552,4,11,11
6554,4,90,90
6560,4,62,62
6561,4,144,144
6572,4,105,105
6582,4,1,1
6601,4,139,139
6603,4,96,96
6606,4,154,154
6614,4,24,11
6615,4,106,106
6627,4,75,75
6629,4,45,45
6642,4,28,28
6644,4,85,85
6649,4,61,61
6654,4,99,99
6661,4,58,58
6669,4,30,30
6680,4,9,9
6695,4,157,157
6696,4,5,5
6711,4,31,31
6720,4,134,134
6731,4,40,40
6733,4,103,103
6743,4,40,40
6746,4,61,61
6751,4,155,155
6765,4,156,156
6771,4,68,68
6772,4,75,75
6777,4,102,102
6781,4,88,88
6786,4,160,160
6811,4,72,72
6817,4,32,32
6818,4,6,6
6822,4,145,145
6826,4,112,112
6827,4,164,164
6833,4,116,116
6834,4,24,24
6847,4,65,65
6851,4,11,11
6855,4,142,142
6858,4,12,12
6859,4,73,73
6861,4,50,50
6863,4,162,162
6864,4,92,92
6867,4,107,107
6873,4,46,46
6876,4,108,108
6878,4,85,85
6879,4,119,119
6880,4,85,85
6884,4,65,65
6889,4,49,49
6894,4,78,78
6904,4,26,26
6908,4,90,90
6910,4,32,32
6912,4,42,42
6923,4,50,50
6924,4,132,132
6927,4,129,129
6929,4,19,19
6930,4,27,27
6932,4,126,126
6935,4,149,149
6941,4,49,49
6944,4,153,153
6948,4,41,41
6951,4,46,46
6952,4,103,103
6954,4,103,103
6955,4,133,133
6956,4,120,120
6957,4,139,139
6959,4,94,94
6961,4,169,169
6962,4,114,114
6963,4,39,39
6972,4,10,10
6980,4,44,44
6983,4,22,22
6985,4,4,4
7009,4,117,117
7012,4,77,77
7015,4,79,79
7040,4,131,131
7049,4,53,53
7058,4,7,7
7062,4,132,132
7063,4,36,36
7072,4,99,99
7078,4,156,156
7079,4,87,87
7095,4,131,131
7100,4,54,54
7103,4,43,43
7105,4,163,163
7114,4,114,114
7119,4,2,2
7122,4,146,146
7126,4,160,160
7129,4,133,105
7132,4,103,91
7133,4,21,21
7137,4,140,140
7139,4,20,20
7147,4,111,111
7149,4,18,18
7152,4,143,143
7156,4,42,42
7159,4,19,19
7175,4,86,86
7177,4,10,10
7180,4,115,115
7181,4,88,88
7183,4,170,170
7195,4,4,4
7201,4,28,28
7202,4,95,95
7213,4,7,7
7218,4,173,173
7220,4,67,67
7226,4,162,162
7229,4,1,1
7232,4,71,71
7233,4,25,25
7244,4,138,138
7247,4,74,74
7249,4,22,22
7252,4,67,51
7256,4,87,87
7258,4,47,47
7267,4,21,21
7271,4,45,45
7279,4,8,8
7282,4,80,80
7292,4,94,94
7300,4,92,92
7308,4,140,140
7313,4,154,154
7321,4,143,143
7327,4,42,42
7329,4,15,15
7334,4,156,156
7340,4,127,127
7350,4,1,1
7351,4,109,109
7360,4,65,65
7361,4,1,1
7374,4,35,35
7376,4,139,139
7382,4,138,138
7387,4,124,124
7392,4,22,22
7401,4,47,47
7409,4,83,83
7414,4,95,95
7419,4,8,8
7422,4,120,120
7426,4,151,151
7427,4,87,112
7428,4,94,94
7431,4,139,139
7432,4,10,10
7437,4,124,124
7444,4,171,171
7446,4,150,150
7453,4,33,33
7460,4,15,15
7463,4,17,17
7470,4,145,145
7474,4,2,2
7482,4,16,16
7483,4,82,82
7487,4,81,81
7488,4,52,52
7490,4,17,17
7497,4,80,80
7498,4,170,170
7510,4,90,90
7511,4,7,7
7531,4,85,85
7533,4,101,101
7539,4,47,47
7540,4,39,39
7544,4,41,41
7548,4,70,70
7558,4,37,37
7563,4,13,13
7582,4,143,143
7584,4,150,150
7591,4,46,46
7595,4,152,152
7599,4,21,21
7604,4,52,52
7607,4,168,168
7611,4,147,147
7616,4,62,62
7619,4,114,114
7630,4,85,85
7631,4,43,43
7633,4,157,157
7646,4,104,104
7647,4,62,62
7650,4,57,57
7656,4,126,126
7659,4,16,16
7662,4,98,98
7663,4,105,105
7679,4,18,18
7686,4,76,76
7687,4,33,33
7688,4,100,100
7697,4,161,161
7701,4,63,3
7702,4,88,88
7709,4,52,52
7712,4,170,66
7722,4,152,152
7735,4,23,23
7736,4,0,0
7749,4,9,9
7750,4,30,30
7751,4,47,47
7755,4,45,45
7767,4,13,13
7781,4,38,38
7783,4,10,10
7784,4,13,13
7786,4,76,76
7790,4,175,175
7797,4,159,159
7806,4,118,118
7815,4,26,26
7818,4,127,127
7819,4,145,145
7829,4,14,14
7831,4,71,71
7836,4,172,172
7837,4,145,145
7838,4,127,127
7843,4,87,87
7844,4,95,95
7850,4,3,3
7853,4,164,164
7863,4,159,159
7865,4,137,137
7868,4,47,47
7881,4,6,6
7882,4,76,76
7887,4,15,15
7888,4,34,34
7905,4,7,7
7907,4,105,105
7908,4,87,87
7911,4,133,133
7913,4,29,29
7920,4,77,77
7923,4,148,148
7925,4,0,0
7926,4,84,84
7929,4,53,53
7934,4,42,42
7939,4,4,4
7943,4,95,95
7947,4,22,22
7948,4,119,119
7950,4,10,10
7956,4,0,0
7973,4,175,175
7976,4,55,55
7977,4,37,37
7979,4,155,155
7982,4,143,143
7983,4,110,110
7992,4,67,67
7994,4,55,55
7996,4,157,157
7997,4,124,124
7998,4,43,43
8002,4,88,88
8013,4,39,39
8020,4,168,168
8024,4,3,3
8027,4,30,30
8030,4,124,124
8033,4,75,75
8038,4,60,60
8050,4,123,123
8066,4,0,0
8075,4,143,143
8079,4,160,160
8080,4,120,120
8086,4,106,106
8108,4,137,137
8109,4,125,125
8112,4,29,29
8115,4,158,158
8129,4,44,44
8135,4,38,38
8139,4,8,8
8147,4,146,146
8149,4,154,154
8152,4,34,34
8153,4,1,1
8163,4,43,43
8170,4,71,71
8175,4,166,166
8176,4,139,139
8178,4,130,130
8183,4,65,65
8184,4,27,27
8194,4,123,123
8202,4,30,30
8226,4,138,138
8230,4,86,86
8233,4,161,161
8235,4,130,130
8237,4,89,89
8244,4,58,58
8247,4,9,9
8248,4,34,34
8250,4,18,18
8251,4,160,160
8253,4,83,83
8256,4,6,6
8257,4,113,113
8262,4,17,17
8263,4,45,45
8264,4,135,135
8268,4,126,126
8276,4,31,31
8284,4,108,108
8285,4,70,70
8286,4,141,141
8287,4,46,46
8291,4,58,58
8292,4,12,12
8300,4,49,49
8302,4,133,133
8305,4,26,26
8306,4,49,49
8313,4,83,83
8321,4,37,37
8336,4,81,81
8338,4,125,125
8341,4,49,49
8342,4,91,91
8355,4,79,79
8363,4,124,124
8372,4,7,7
8377,4,37,37
8381,4,147,147
8385,4,144,144
8390,4,5,5
8393,4,113,113
8398,4,3,3
8416,4,128,128
8422,4,131,131
8425,4,2,2
8426,4,23,23
8441,4,45,45
8447,4,104,79
8457,4,138,138
8459,4,134,134
8465,4,98,98
8476,4,75,75
8481,4,116,116
8495,4,108,108
8505,4,102,102
8506,4,161,161
8507,4,79,79
8509,4,14,14
8510,4,32,32
8517,4,149,149
8518,4,17,17
8520,4,168,168
8522,4,107,107
8533,4,114,114
8535,4,115,115
8537,4,43,43
8538,4,12,12
8539,4,5,5
8541,4,97,97
8543,4,24,24
8545,4,70,70
8546,4,163,163
8547,4,92,92
8550,4,51,51
8552,4,16,16
8556,4,54,54
8566,4,5,5
8571,4,44,44
8573,4,33,33
8574,4,21,21
8577,4,72,72
8588,4,39,39
8589,4,110,110
8593,4,39,39
8605,4,9,9
8606,4,34,34
8613,4,119,119
8632,4,85,85
8633,4,43,43
8644,4,118,118
8650,4,133,133
8664,4,102,102
8667,4,174,174
8671,4,82,82
8674,4,16,158
8675,4,10,10
8676,4,141,141
8691,4,3,3
8705,4,146,146
8710,4,148,148
8713,4,40,40
8714,4,25,25
8715,4,43,43
8716,4,36,36
8722,4,79,79
8724,4,21,21
8725,4,117,117
8726,4,44,44
8730,4,158,158
8732,4,16,16
8737,4,135,135
8741,4,66,66
8742,4,19,19
8743,4,96,96
8749,4,101,101
8752,4,131,131
8756,4,81,81
8764,4,61,61
8781,4,114,114
8782,4,3,63
8792,4,22,22
8793,4,140,140
8797,4,172,172
8799,4,100,100
8801,4,57,57
8806,4,158,158
8812,4,125,125
8822,4,110,110
8826,4,135,135
8833,4,173,173
8841,4,6,6
8846,4,166,166
8848,4,16,16
8851,4,18,18
8858,4,97,97
8865,4,66,66
8866,4,106,106
8875,4,59,59
8880,4,49,49
8884,4,37,37
8885,4,134,134
8887,4,45,45
8889,4,93,93
8898,4,0,0
8899,4,68,68
8902,4,73,73
8913,4,0,0
8915,4,70,70
8918,4,13,13
8925,4,85,85
8944,4,134,134
8949,4,166,166
8950,4,128,128
8954,4,33,33
8956,4,16,16
8972,4,119,119
8975,4,24,24
8980,4,31,31
8994,4,11,24
8995,4,34,34
9016,4,55,55
9019,4,29,29
9021,4,72,72
9033,4,50,50
9037,4,0,0
9040,4,10,10
9042,4,132,132
9043,4,42,42
9046,4,76,76
9049,4,81,81
9050,4,16,16
9054,4,52,52
9063,4,85,85
9081,4,0,0
9082,4,59,59
9083,4,52,52
9093,4,83,83
9103,4,120,120
9108,4,110,110
9109,4,57,57
9111,4,35,35
9115,4,46,46
9121,4,115,115
9123,4,71,71
9128,4,87,87
9130,4,170,170
9148,4,41,41
9152,4,67,67
9157,4,139,139
9172,4,62,62
9175,4,0,0
9183,4,98,98
9188,4,0,0
9189,4,75,75
9193,4,3,3
9194,4,53,53
9216,4,16,16
9221,4,52,52
9223,4,53,53
9224,4,92,92
9225,4,41,41
9228,4,15,15
9241,4,117,117
9242,4,143,143
9245,4,125,125
9247,4,162,162
9255,4,48,48
9257,4,2,2
9260,4,51,51
9261,4,142,142
9262,4,43,43
9264,4,29,29
9266,4,22,22
9274,4,43,43
9289,4,66,66
9292,4,53,53
9295,4,17,17
9298,4,26,26
9307,4,142,142
9319,4,154,154
9320,4,173,173
9337,4,78,78
9357,4,152,152
9358,4,114,114
9360,4,40,40
9379,4,38,38
9380,4,7,7
9382,4,71,71
9387,4,168,168
9391,4,30,30
9395,4,113,113
9397,4,148,148
9400,4,166,166
9415,4,21,21
9416,4,15,15
9424,4,24,24
9425,4,160,160
9428,4,170,170
9431,4,160,160
9432,4,60,60
9435,4,55,55
9436,4,11,11
9437,4,31,31
9439,4,152,152
9441,4,22,22
9443,4,78,78
9444,4,81,81
9449,4,58,58
9452,4,153,153
9459,4,152,152
9461,4,66,66
9468,4,21,21
9480,4,45,45
9482,4,72,72
9486,4,131,131
9495,4,3,3
9496,4,24,166
9500,4,88,88
9511,4,114,114
9512,4,101,101
9515,4,151,151
9525,4,129,129
9526,4,158,158
9527,4,5,5
9534,4,23,23
9538,4,123,123
9539,4,2,2
9556,4,107,107
9560,4,80,80
9561,4,51,51
9562,4,155,155
9566,4,27,27
9570,4,162,162
9573,4,167,167
9575,4,158,158
9578,4,121,121
9585,4,51,51
9587,4,137,137
9589,4,50,50
9593,4,142,142
9594,4,64,64
9601,4,102,102
9604,4,49,49
9610,4,141,141
9618,4,66,42
9622,4,10,10
9625,4,8,8
9631,4,128,128
9636,4,61,61
9637,4,83,83
9645,4,101,101
9646,4,76,76
9648,4,76,76
9650,4,2,2
9652,4,0,0
9662,4,131,131
9663,4,90,90
9668,4,0,0
9672,4,99,99
9683,4,85,85
9692,4,94,94
9693,4,57,57
9695,4,54,54
9702,4,3,3
9711,4,80,80
9713,4,141,141
9721,4,16,16
9724,4,160,160
9734,4,8,8
9744,4,127,127
9745,4,107,107
9746,4,172,172
9749,4,57,57
9770,4,7,7
9776,4,104,79
9778,4,28,28
9779,4,12,12
9786,4,18,18
9795,4,171,171
9799,4,146,146
9800,4,138,138
9804,4,66,66
9826,4,75,75
9828,4,31,31
9840,4,94,94
9843,4,95,95
9860,4,27,27
9863,4,106,106
9866,4,63,63
9868,4,35,35
9871,4,25,25
9872,4,27,27
9882,4,3,3
9887,4,133,133
9893,4,29,29
9894,4,72,72
9911,4,19,19
9912,4,147,147
9919,4,24,24
9927,4,142,142
9937,4,174,174
9944,4,116,116
9945,4,53,53
9947,4,126,126
9948,4,74,74
9954,4,16,16
9957,4,73,73
9958,4,125,125
9964,4,14,14
9969,4,140,140
9970,4,136,136
9972,4,30,30
9974,4,150,150
9979,4,171,171
9990,4,8,8
9994,4,96,96
10006,4,33,33
10007,4,173,173
10012,4,102,102
10024,4,21,21
10026,4,78,78
10027,4,153,153
10041,4,30,30
10046,4,11,24
10048,4,43,43
10050,4,64,64
10053,4,53,53
10054,4,152,152
10063,4,84,84
10067,4,150,150
10076,4,36,36
10088,4,102,102
10091,4,3,3
10092,4,14,14
10094,4,109,109
10101,4,29,29
10105,4,1,1
10107,4,55,55
10109,4,1,1
10120,4,175,175
10124,4,26,26
10127,4,147,147
10130,4,4,4
10142,4,130,130
10143,4,133,133
10144,4,29,29
10146,4,21,21
10148,4,66,66
10149,4,58,58
10156,4,128,128
10166,4,80,80
10170,4,14,14
10174,4,107,107
10178,4,65,65
10182,4,129,129
10203,4,48,48
10224,4,46,46
10230,4,34,34
10231,4,113,113
10246,4,5,5
10249,4,4,4
10259,4,79,79
10262,4,46,46
10271,4,175,175
10274,4,49,49
10275,4,133,133
10276,4,7,7
10278,4,173,173
10284,4,138,138
10285,4,167,167
10290,4,48,48
10292,4,138,138
10296,4,11,11
10308,4,130,130
10314,4,170,170
10315,4,7,7
10320,4,125,125
10324,4,15,15
10325,4,142,142
10331,4,136,136
10342,4,167,167
10347,4,62,62
10348,4,123,123
10350,4,95,95
10353,4,78,78
10354,4,29,29
10361,4,14,14
10362,4,141,141
10367,4,14,14
10370,4,97,97
10375,4,145,145
10385,4,132,132
10388,4,7,7
10393,4,35,35
10395,4,98,98
10403,4,88,88
10410,4,111,111
10412,4,157,157
10419,4,48,48
10422,4,29,29
10424,4,151,151
10427,4,81,81
10436,4,113,113
10441,4,103,103
10444,4,130,130
10445,4,22,22
10446,4,174,174
10451,4,94,94
10453,4,58,58
10457,4,164,164
10459,4,95,95
10465,4,13,13
10483,4,56,56
10485,4,20,20
10494,4,69,69
10496,4,111,111
10514,4,76,76
10516,4,51,51
10520,4,41,41
10525,4,25,25
10531,4,109,109
10533,4,123,123
10537,4,21,21
10539,4,111,111
10542,4,153,153
10547,4,24,11
10552,4,70,70
10553,4,9,9
10554,4,84,84
10555,4,21,21
10558,4,118,118
10559,4,135,135
10568,4,0,0
10574,4,108,108
10577,4,62,62
10579,4,1,1
10592,4,2,2
10593,4,147,147
10599,4,96,96
10605,4,88,88
10610,4,48,48
10616,4,81,81
10620,4,22,22
10622,4,4,4
10629,4,170,170
10631,4,95,95
10632,4,37,37
10635,4,4,4
10641,4,143,143
10647,4,28,28
10655,4,114,114
10658,4,149,149
10659,4,49,49
10663,4,139,139
10670,4,1,1
10679,4,57,57
10682,4,87,87
10683,4,88,88
10687,4,53,53
10708,4,23,23
10710,4,172,172
10711,4,4,4
10713,4,25,86
10724,4,33,33
10745,4,42,42
10748,4,93,93
10755,4,14,14
10760,4,140,140
10766,4,83,83
10772,4,91,91
10775,4,50,50
10781,4,80,80
10783,4,90,90
10788,4,8,8
10790,4,82,82
10795,4,54,54
10800,4,18,18
10801,4,104,104
10802,4,24,11
10805,4,97,97
10811,4,116,116
10815,4,2,2
10820,4,67,67
10822,4,19,19
10824,4,162,162
10827,4,42,42
10830,4,169,169
10832,4,14,14
10836,4,32,32
10846,4,1,1
10847,4,107,107
10848,4,72,72
10855,4,152,152
10856,4,152,152
10857,4,62,62
10859,4,127,127
10860,4,69,69
10879,4,32,32
10884,4,11,11
10889,4,95,95
10891,4,69,69
10892,4,28,28
10895,4,132,132
10899,4,2,2
10910,4,106,106
10916,4,100,100
10919,4,30,30
10921,4,141,141
10930,4,91,91
10931,4,56,56
10933,4,4,4
10968,4,144,144
10970,4,85,85
10981,4,42,42
10985,4,105,105
10986,4,31,31
10992,4,10,10
10993,4,89,89
10996,4,48,48
11013,4,56,56
11030,4,38,38
11040,4,14,14
11043,4,169,169
11051,4,122,122
11054,4,32,32
11064,4,101,101
11071,4,0,0
11077,4,132,132
11088,4,132,132
11095,4,130,130
11102,4,36,36
11106,4,60,60
11112,4,14,14
11115,4,7,7
11119,4,122,122
11122,4,110,110
11127,4,103,103
11133,4,19,19
11137,4,76,76
11143,4,115,115
11144,4,121,121
11151,4,161,161
11161,4,45,45
11166,4,89,89
11169,4,76,76
11170,4,94,94
11172,4,22,22
11180,4,125,125
11181,4,88,88
11185,4,31,31
11187,4,36,36
11192,4,121,121
11197,4,50,50
11199,4,59,59
11214,4,43,43
11215,4,11,11
11220,4,36,36
11222,4,162,162
11225,4,135,135
11230,4,73,73
11232,4,61,61
11239,4,123,123
11249,4,39,39
11250,4,0,0
11262,4,109,109
11265,4,126,126
11266,4,159,159
11269,4,120,120
11270,4,108,108
11273,4,55,55
11280,4,111,111
11292,4,157,157
11297,4,152,152
11299,4,69,69
11301,4,47,47
11309,4,5,5
11312,4,45,45
11317,4,34,34
11324,4,12,12
11325,4,88,88
11330,4,162,162
11331,4,130,130
11332,4,140,140
11336,4,60,60
11338,4,84,84
11344,4,21,21
11345,4,82,82
11346,4,27,27
11351,4,58,58
11352,4,93,93
11355,4,16,16
11356,4,67,67
11357,4,29,29
11365,4,119,119
11377,4,168,168
11380,4,174,174
11381,4,92,17
11391,4,105,105
11392,4,10,10
11393,4,86,86
11397,4,35,35
11402,4,81,81
11403,4,10,10
11408,4,25,25
11415,4,133,133
11420,4,50,50
11427,4,158,158
11428,4,86,86
11447,4,55,55
11461,4,82,82
11472,4,0,0
11478,4,0,0
11484,4,56,56
11487,4,14,14
11490,4,1,1
11496,4,132,132
11499,4,82,82
11501,4,119,119
11507,4,38,38
11515,4,124,124
11533,4,31,31
11541,4,30,30
11544,4,60,60
11545,4,22,22
11547,4,113,113
11549,4,167,167
11568,4,0,0
11569,4,45,45
11587,4,62,62
11605,4,104,104
11609,4,21,21
11614,4,146,146
11617,4,149,149
11618,4,170,170
11630,4,35,35
11632,4,131,131
11635,4,135,135
11637,4,20,20
11643,4,83,83
11644,4,72,72
11645,4,134,134
11647,4,4,4
11651,4,114,114
11661,4,118,118
11668,4,142,142
11670,4,94,94
11678,4,115,115
11681,4,154,154
11684,4,163,163
11686,4,81,81
11709,4,113,43
11719,4,127,127
11720,4,105,105
11723,4,137,137
11726,4,11,11
11734,4,148,148
11750,4,11,24
11757,4,27,27
11769,4,60,60
11786,4,4,4
11790,4,35,35
11791,4,82,82
11792,4,87,87
11800,4,0,0
11803,4,105,105
11805,4,19,19
11807,4,31,31
11808,4,105,105
11815,4,115,115
11818,4,167,167
11820,4,138,138
11836,4,97,97
11838,4,115,115
11839,4,58,58
11845,4,108,108
11848,4,120,120
11856,4,75,75
11869,4,138,138
11882,4,96,96
11891,4,41,41
11897,4,20,20
11902,4,144,144
11904,4,39,39
11905,4,120,120
11906,4,154,154
11914,4,129,129
11920,4,59,59
11925,4,16,16
11929,4,113,12
11940,4,138,138
11945,4,107,107
11954,4,146,146
11958,4,17,17
11959,4,2,2
11961,4,68,68
11963,4,114,114
11969,4,173,173
11974,4,91,91
11982,4,140,140
11983,4,19,19
11984,4,175,175
11985,4,3,3
11988,4,129,129
11989,4,136,136
11993,4,52,52
11995,4,142,142
11996,4,107,107
12005,4,84,84
12007,4,116,116
12009,4,10,10
12013,4,52,52
12015,4,59,59
12019,4,124,124
12028,4,2,2
12057,4,44,44
12063,4,13,13
12074,4,20,20
12080,4,5,5
12084,4,106,106
12092,4,21,21
12098,4,152,152
12104,4,144,144
12116,4,144,144
12120,4,46,46
12124,4,143,143
12132,4,42,42
12139,4,6,6
12144,4,6,6
12148,4,157,157
12150,4,156,156
12157,4,122,122
12161,4,171,171
12163,4,28,28
12171,4,38,38
12176,4,44,44
12179,4,53,53
12203,4,99,99
12205,4,11,24
12208,4,46,46
12215,4,133,133
12217,4,122,122
12218,4,152,152
12222,4,17,17
12226,4,110,110
12229,4,156,156
12234,4,73,73
12235,4,158,158
12237,4,8,8
12239,4,37,37
12242,4,121,121
12246,4,86,86
12247,4,17,17
12252,4,121,121
12256,4,68,68
12257,4,147,147
12258,4,87,87
12262,4,18,18
12268,4,54,54
12271,4,84,84
12275,4,113,113
12278,4,105,105
12287,4,2,2
12299,4,166,166
12301,4,16,16
12303,4,58,58
12304,4,153,153
12306,4,102,102
12319,4,68,68
12325,4,90,90
12346,4,14,14
12347,4,29,29
12355,4,79,79
12356,4,65,65
12357,4,11,11
12358,4,86,86
12361,4,76,76
12363,4,4,4
12367,4,4,4
12371,4,43,43
12379,4,162,162
12384,4,0,0
12394,4,102,102
12395,4,25,25
12401,4,105,105
12404,4,122,122
12424,4,163,163
12427,4,142,142
12430,4,155,155
12432,4,126,126
12436,4,74,74
12445,4,94,94
12451,4,9,9
12459,4,33,33
12461,4,21,21
12464,4,96,96
12468,4,71,71
12475,4,64,64
12478,4,90,90
12480,4,152,152
12482,4,17,17
12489,4,148,148
12497,4,83,83
12498,4,117,117
12514,4,8,8
12516,4,116,116
12523,4,34,34
12527,4,155,155
12528,4,3,3
12533,4,56,56
12539,4,173,173
12546,4,73,151
12547,4,8,8
12557,4,4,4
12563,4,126,126
12569,4,63,63
12572,4,153,153
12573,4,110,110
12574,4,10,10
12575,4,126,126
12583,4,126,126
12584,4,77,77
12589,4,97,97
12590,4,175,175
12597,4,159,159
12598,4,136,136
12600,4,17,17
12606,4,24,24
12617,4,0,0
12618,4,105,105
12622,4,5,5
12623,4,173,173
12631,4,88,88
12638,4,7,7
12659,4,169,169
12661,4,163,163
12672,4,63,63
12678,4,32,32
12685,4,34,34
12691,4,31,31
12692,4,52,52
12699,4,112,112
12702,4,59,59
12707,4,21,21
12709,4,101,101
12711,4,50,50
12714,4,101,101
12717,4,120,120
12720,4,153,153
12723,4,170,170
12726,4,163,163
12740,4,79,104
12747,4,157,157
12751,4,116,116
12752,4,150,150
12753,4,32,32
12759,4,54,54
12763,4,118,118
12764,4,134,134
12772,4,84,84
12782,4,41,41
12783,4,21,21
12784,4,78,78
12785,4,81,81
12787,4,31,31
12792,4,27,27
12797,4,54,54
12798,4,9,9
12802,4,101,101
12805,4,7,7
12810,4,133,133
12811,4,38,38
12815,4,127,127
12817,4,53,53
12819,4,149,149
12820,4,168,168
12821,4,155,155
12823,4,164,164
12826,4,134,134
12827,4,126,126
12845,4,155,155
12849,4,19,19
12853,4,135,135
12861,4,10,10
12862,4,88,88
12866,4,161,161
12878,4,68,68
12880,4,7,7
12881,4,137,137
12884,4,23,23
12899,4,51,51
12905,4,156,156
12912,4,164,164
12913,4,50,50
12915,4,154,154
12930,4,61,61
12933,4,147,147
12934,4,174,174
12937,4,155,155
12938,4,154,154
12940,4,68,68
12951,4,145,145
12953,4,4,4
12958,4,169,169
12967,4,43,43
12977,4,6,6
12981,4,66,66
12982,4,100,100
12988,4,107,107
12990,4,67,67
12993,4,1,1
12995,4,113,113
12996,4,45,45
13000,4,67,67
13002,4,98,98
13003,4,166,166
13011,4,109,109
13012,4,133,133
13020,4,149,149
13026,4,128,128
13027,4,106,106
13030,4,96,96
13033,4,30,30
13044,4,149,149
13045,4,167,167
13050,4,3,63
13051,4,45,45
13063,4,89,89
13064,4,1,1
13067,4,77,77
13070,4,135,135
13073,4,89,89
13083,4,2,2
13087,4,146,146
13089,4,1,1
13090,4,94,94
13094,4,162,162
13096,4,38,38
13100,4,69,69
13103,4,39,39
13108,4,134,134
13115,4,141,141
13124,4,143,143
13127,4,60,60
13137,4,99,99
13147,4,17,17
13150,4,158,158
13156,4,149,149
13158,4,141,141
13159,4,74,74
13164,4,76,76
13171,4,29,29
13179,4,112,112
13180,4,43,43
13181,4,162,7
13185,4,34,34
13189,4,5,5
13192,4,145,145
13193,4,148,148
13194,4,117,117
13200,4,171,171
13205,4,4,4
13209,4,116,116
13229,4,2,2
13230,4,147,147
13233,4,121,121
13234,4,159,159
13239,4,29,29
13245,4,48,48
13247,4,124,124
13250,4,122,122
13252,4,154,154
13258,4,103,103
13265,4,163,163
13267,4,117,117
13268,4,96,96
13271,4,159,159
13278,4,66,66
13286,4,132,132
13287,4,140,140
13293,4,166,166
13297,4,92,92
13303,4,3,70
13306,4,75,75
13309,4,148,148
13328,4,138,138
13335,4,93,93
13341,4,40,40
13348,4,93,93
13352,4,103,103
13359,4,129,129
13360,4,34,34
13365,4,148,148
13366,4,129,129
13367,4,80,80
13370,4,7,7
13375,4,110,110
13381,4,58,58
13390,4,161,161
13392,4,70,70
13396,4,47,47
13398,4,85,85
13400,4,50,50
13401,4,150,150
13407,4,134,134
13414,4,32,32
13419,4,53,53
13427,4,53,53
13437,4,24,24
13438,4,64,64
13440,4,160,160
13442,4,8,8
13448,4,82,82
13453,4,163,163
13454,4,44,44
13460,4,171,171
13461,4,121,121
13466,4,29,29
13467,4,0,0
13472,4,56,56
13485,4,24,24
13489,4,48,48
13497,4,99,99
13502,4,68,68
13510,4,60,60
13515,4,92,92
13522,4,0,0
13524,4,93,93
13527,4,1,1
13532,4,70,3
13534,4,45,45
13551,4,24,11
13553,4,95,95
13554,4,68,68
13562,4,3,3
13564,4,145,145
13569,4,124,124
13573,4,47,47
13576,4,109,109
13580,4,168,168
13582,4,28,28
13583,4,100,100
13584,4,3,70
13587,4,21,21
13594,4,16,16
13600,4,111,111
13614,4,19,19
13626,4,14,14
13638,4,112,112
13641,4,12,12
13643,4,91,91
13646,4,63,3
13655,4,22,22
13668,4,36,36
13670,4,66,66
13679,4,115,115
13680,4,101,101
13687,4,140,140
13690,4,107,107
13691,4,14,14
13695,4,84,84
13696,4,42,42
13704,4,0,0
13705,4,113,113
13706,4,80,80
13709,4,70,70
13715,4,2,2
13716,4,63,3
13725,4,174,174
13732,4,172,172
13739,4,34,34
13740,4,75,75
13741,4,17,17
13744,4,68,68
13745,4,166,166
13748,4,61,61
13754,4,55,55
13759,4,172,172
13763,4,92,92
13777,4,49,49
13780,4,109,109
13791,4,22,22
13793,4,19,19
13798,4,153,153
13803,4,169,169
13805,4,20,20
13810,4,48,48
13811,4,158,158
13815,4,168,168
13824,4,50,50
13825,4,79,79
13831,4,41,41
13836,4,6,6
13839,4,40,40
13845,4,29,29
13851,4,89,89
13856,4,82,82
13859,4,4,4
13867,4,117,117
13870,4,76,76
13874,4,102,102
13877,4,19,19
13878,4,159,159
13880,4,12,12
13883,4,0,0
13894,4,18,18
13896,4,64,64
13917,4,21,21
13919,4,41,41
13922,4,15,15
13935,4,127,127
13949,4,175,175
13950,4,109,109
13957,4,121,121
13960,4,168,168
13963,4,4,4
13974,4,78,78
13984,4,79,104
13989,4,172,172
13993,4,14,14
13994,4,149,149
13996,4,58,58
14000,4,127,127
14003,4,69,69
14005,4,8,8
14024,4,98,98
14029,4,74,74
14032,4,128,128
14034,4,72,72
14039,4,144,144
14043,4,169,169
14046,4,111,111
14053,4,77,77
14057,4,3,3
14067,4,108,108
14068,4,24,24
14071,4,23,23
14077,4,88,88
14082,4,171,171
14088,4,63,63
14091,4,0,0
14092,4,87,87
14094,4,58,58
14096,4,12,12
14098,4,169,169
14100,4,77,77
14101,4,0,0
14106,4,12,12
14108,4,14,14
14110,4,114,114
14118,4,77,77
14120,4,167,68
14122,4,122,122
14131,4,144,144
14133,4,174,174
14135,4,162,162
14141,4,145,145
14145,4,40,40
14165,4,61,61
14173,4,76,76
14174,4,18,18
14179,4,128,128
14181,4,131,131
14188,4,84,84
14190,4,145,145
14192,4,98,98
14196,4,59,59
14211,4,123,123
14212,4,160,160
14224,4,32,32
14231,4,29,29
14233,4,68,68
14236,4,70,70
14250,4,110,110
14253,4,53,53
14258,4,23,23
14260,4,130,130
14264,4,47,47
14267,4,8,8
14271,4,44,44
14282,4,151,151
14286,4,76,76
14306,4,85,85
14308,4,136,136
14315,4,135,135
14318,4,174,174
14322,4,68,68
14326,4,73,73
14331,4,126,126
14332,4,140,140
14340,4,137,137
14343,4,28,28
14346,4,45,45
14356,4,58,58
14368,4,106,106
14370,4,140,140
14380,4,19,19
14382,4,11,11
14387,4,34,34
14388,4,99,99
14389,4,69,69
14392,4,65,65
14402,4,92,92
14412,4,20,20
14414,4,3,3
14422,4,17,17
14427,4,42,42
14448,4,57,57
14449,4,125,125
14461,4,89,89
14466,4,34,34
14467,4,110,110
14468,4,55,55
14472,4,79,79
14474,4,1,1
14476,4,71,71
14487,4,134,134
14489,4,13,13
14492,4,118,118
14499,4,8,8
14511,4,75,75
14521,4,149,149
14522,4,10,10
14523,4,110,110
14530,4,139,139
14541,4,112,112
14542,4,103,103
14543,4,83,119
14544,4,22,22
14545,4,137,137
14552,4,143,143
14566,4,96,96
14569,4,15,15
14579,4,112,112
14581,4,8,8
14583,4,118,118
14587,4,73,73
14597,4,108,108
14598,4,111,111
14603,4,49,49
14604,4,8,8
14609,4,128,128
14612,4,112,112
14616,4,169,169
14636,4,107,107
14650,4,21,21
14655,4,95,95
14657,4,144,144
14667,4,139,139
14668,4,171,171
14675,4,82,82
14678,4,37,37
14679,4,33,33
14681,4,2,2
14684,4,36,36
14688,4,148,148
14692,4,126,126
14695,4,11,24
14696,4,35,35
14702,4,32,32
14705,4,3,63
14720,4,136,136
14722,4,36,36
14738,4,46,46
14739,4,139,139
14742,4,113,113
14744,4,35,35
14750,4,8,8
14755,4,15,15
14760,4,163,163
14761,4,71,71
14769,4,40,40
14775,4,103,103
14784,4,6,6
14795,4,59,59
14796,4,44,44
14798,4,30,30
14799,4,172,172
14813,4,73,73
14822,4,20,20
14830,4,44,44
14832,4,48,48
14833,4,23,23
14836,4,70,70
14837,4,133,126
14845,4,28,28
14846,4,135,135
14849,4,123,123
14852,4,174,174
14854,4,129,129
14855,4,88,88
14856,4,111,111
14858,4,20,20
14871,4,55,55
14879,4,117,117
14888,4,19,19
14889,4,101,101
14892,4,21,21
14895,4,84,84
14897,4,157,157
14901,4,165,165
14906,4,65,65
14912,4,58,58
14915,4,36,36
14921,4,100,100
14926,4,47,47
14942,4,126,126
14946,4,14,14
14950,4,121,121
14951,4,114,114
14982,4,148,148
14984,4,96,96
14985,4,105,105
14986,4,50,50
14987,4,2,2
14991,4,64,64
14996,4,49,49
15005,4,4,4
15006,4,158,158
15009,4,73,73
15013,4,141,141
15020,4,142,142
15022,4,4,4
15025,4,58,58
15030,4,130,130
15031,4,20,20
15032,4,74,74
15041,4,155,155
15042,4,152,152
15043,4,159,159
15044,4,71,71
15050,4,125,125
15054,4,48,48
15063,4,45,45
15074,4,93,93
15080,4,65,65
15083,4,91,91
15092,4,164,164
15095,4,62,62
15096,4,129,129
15105,4,38,38
15106,4,52,52
15118,4,89,89
15119,4,121,121
15122,4,172,172
15125,4,51,51
15132,4,18,18
15135,4,165,165
15143,4,15,15
15144,4,171,171
15167,4,36,36
15169,4,37,37
15178,4,116,116
15183,4,42,42
15189,4,134,134
15190,4,144,144
15194,4,4,4
15197,4,10,10
15198,4,26,26
15205,4,18,18
15208,4,122,122
15209,4,32,32
15211,4,17,17
15218,4,85,85
15219,4,101,101
15223,4,2,2
15229,4,36,36
15231,4,8,8
15234,4,104,104
15235,4,73,73
15237,4,1,1
15238,4,97,97
15241,4,63,3
15243,4,120,120
15249,4,74,74
15251,4,172,172
15253,4,81,81
15268,4,19,19
15269,4,56,56
15277,4,128,128
15278,4,32,32
15280,4,37,37
15282,4,114,114
15285,4,98,98
15296,4,146,146
15297,4,41,41
15298,4,159,159
15303,4,7,7
15306,4,24,24
15307,4,107,107
15327,4,51,51
15334,4,131,131
15336,4,38,38
15339,4,37,37
15346,4,164,164
15351,4,124,124
15356,4,87,87
15357,4,79,79
15358,4,27,27
15363,4,146,146
15364,4,109,109
15367,4,167,167
15372,4,140,140
15373,4,9,9
15377,4,122,122
15378,4,120,120
15380,4,125,125
15382,4,31,31
15383,4,1,1
15389,4,92,92
15396,4,165,165
15402,4,65,65
15405,4,92,92
15406,4,96,96
15410,4,44,44
15418,4,60,60
15419,4,158,158
15425,4,173,173
15430,4,47,47
15433,4,153,153
15446,4,31,31
15447,4,20,20
15450,4,50,50
15452,4,4,4
15457,4,86,86
15458,4,61,61
15460,4,108,108
15462,4,74,74
15466,4,117,117
15470,4,10,10
15471,4,20,36
15475,4,10,10
15484,4,112,112
15495,4,129,129
15498,4,46,46
15502,4,78,78
15504,4,128,128
15508,4,129,129
15520,4,13,13
15532,4,166,166
15533,4,61,61
15536,4,118,118
15545,4,166,166
15553,4,94,94
15559,4,67,67
15562,4,123,123
15565,4,146,146
15567,4,131,131
15569,4,100,100
15570,4,77,77
15574,4,133,133
15580,4,141,141
15582,4,87,87
15585,4,34,34
15592,4,71,71
15598,4,145,145
15602,4,4,4
15606,4,25,25
15610,4,77,77
15620,4,164,164
15622,4,0,0
15647,4,12,12
15662,4,2,2
15668,4,121,121
15682,4,8,8
15684,4,44,44
15685,4,140,140
15687,4,21,21
15690,4,11,11
15691,4,20,20
15701,4,58,58
15719,4,51,51
15723,4,47,47
15734,4,51,51
15747,4,82,82
15751,4,11,11
15755,4,23,23
15760,4,126,126
15768,4,119,119
15776,4,1,1
15786,4,146,146
15794,4,126,126
15796,4,148,148
15803,4,153,153
15809,4,5,5
15818,4,24,24
15822,4,93,93
15823,4,113,113
15834,4,77,77
15848,4,0,0
15849,4,24,11
15858,4,171,171
15863,4,56,56
15868,4,80,80
15874,4,134,134
15876,4,88,88
15891,4,69,69
15893,4,103,103
15905,4,14,14
15908,4,0,0
15920,4,30,30
15927,4,174,174
15935,4,40,40
15937,4,117,117
15938,4,16,16
15939,4,23,23
15944,4,29,29
15945,4,149,149
15955,4,165,165
15961,4,133,133
15971,4,38,38
15994,4,68,68
16007,4,171,171
16018,4,123,123
16024,4,55,55
16025,4,122,122
16037,4,7,7
16039,4,156,156
16040,4,50,50
16048,4,156,156
16050,4,42,42
16063,4,124,124
16066,4,146,146
16072,4,117,117
16073,4,93,93
16074,4,91,91
16077,4,74,74
16079,4,117,117
16085,4,139,139
16087,4,83,83
16089,4,93,93
16094,4,25,25
16095,4,19,19
16098,4,64,64
16103,4,60,60
16105,4,124,124
16108,4,151,151
16111,4,38,38
16119,4,117,117
16122,4,164,164
16124,4,39,39
16129,4,52,52
16139,4,132,132
16140,4,11,24
16143,4,132,132
16146,4,88,88
16147,4,24,11
16152,4,69,69
16155,4,64,64
16162,4,2,2
16179,4,31,31
16184,4,38,38
16188,4,1,1
16190,4,167,68
16198,4,21,21
16204,4,73,73
16207,4,170,170
16208,4,130,130
16213,4,84,84
16218,4,1,1
16219,4,66,66
16226,4,17,17
16244,4,155,155
16245,4,163,163
16251,4,19,19
16254,4,14,14
16259,4,169,169
16265,4,152,152
16266,4,12,12
16277,4,104,104
16300,4,170,170
16309,4,14,14
16314,4,0,0
16316,4,155,155
16331,4,127,127
16336,4,27,27
16353,4,122,122
16356,4,40,40
16362,4,37,37
16363,4,92,92
16370,4,144,144
16379,4,36,36
16389,4,54,54
16400,4,118,118
16402,4,60,60
16415,4,34,34
16418,4,144,144
16425,4,30,30
16430,4,37,37
16435,4,80,80
16441,4,124,124
16452,4,69,69
16464,4,173,173
16466,4,123,123
16467,4,169,169
16468,4,113,113
16477,4,88,88
16478,4,22,22
16483,4,27,27
16485,4,124,124
16487,4,165,165
16491,4,107,107
16498,4,37,37
16500,4,29,29
16504,4,144,144
16509,4,86,86
16511,4,15,15
16515,4,5,5
16517,4,92,92
16526,4,165,165
16541,4,39,39
16544,4,77,77
16549,4,127,127
16556,4,5,5
16561,4,98,98
16564,4,156,156
16565,4,56,56
16571,4,38,38
16574,4,62,62
16575,4,2,2
16576,4,152,152
16578,4,56,56
16584,4,128,128
16589,4,31,31
16604,4,6,6
16605,4,75,75
16610,4,122,122
16611,4,130,130
16614,4,95,95
16618,4,25,25
16622,4,161,161
16626,4,135,135
16629,4,16,16
16632,4,17,17
16633,4,175,175
16635,4,28,150
16636,4,150,150
16646,4,119,119
16647,4,113,113
16653,4,120,120
16657,4,120,120
16662,4,17,17
16665,4,44,44
16666,4,98,98
16669,4,15,15
16671,4,163,163
16677,4,151,151
16692,4,139,139
16695,4,115,115
16699,4,144,144
16702,4,161,161
16706,4,33,33
16709,4,151,151
16713,4,173,173
16714,4,125,125
16724,4,65,65
16726,4,108,108
16727,4,19,19
16733,4,70,3
16739,4,111,111
16745,4,95,95
16749,4,44,44
16751,4,13,13
16757,4,77,77
16763,4,154,154
16764,4,131,131
16767,4,95,95
16772,4,4,4
16779,4,56,56
16785,4,24,24
16795,4,75,75
16800,4,57,57
16805,4,7,7
16806,4,145,145
16807,4,43,43
16811,4,35,35
16815,4,17,17
16816,4,83,83
16822,4,162,162
16823,4,98,98
16830,4,18,18
16833,4,79,79
16834,4,51,51
16850,4,15,15
16854,4,145,145
16856,4,148,148
16859,4,30,30
16863,4,125,125
16867,4,150,150
16875,4,29,29
16883,4,8,8
16899,4,37,37
16909,4,0,0
16918,4,59,59
16922,4,11,11
16925,4,63,63
16935,4,90,90
16936,4,73,73
16938,4,160,160
16939,4,17,17
16943,4,159,159
16948,4,62,62
16955,4,91,91
16956,4,136,136
16963,4,14,14
16964,4,5,5
16965,4,8,8
16968,4,3,3
16971,4,27,27
16972,4,28,28
16976,4,86,86
16994,4,113,113
16996,4,12,12
16997,4,165,165
17001,4,148,148
17005,4,49,49
17007,4,90,90
17013,4,29,29
17014,4,6,6
17018,4,126,126
17021,4,121,121
17022,4,144,144
17024,4,48,48
17031,4,93,93
17037,4,122,122
17038,4,74,74
17045,4,7,7
17053,4,14,14
17057,4,55,55
17058,4,1,1
17074,4,141,141
17080,4,35,35
17093,4,162,162
17094,4,175,175
17097,4,76,76
17099,4,58,58
17101,4,100,100
17111,4,137,137
17114,4,150,150
17115,4,49,49
17116,4,171,171
17119,4,12,12
17123,4,26,26
17129,4,0,0
17132,4,94,94
17137,4,98,98
17138,4,68,68
17150,4,152,152
17156,4,59,59
17158,4,98,98
17161,4,89,89
17171,4,120,120
17180,4,141,141
17186,4,99,99
17188,4,36,36
17189,4,26,26
17193,4,81,81
17194,4,63,3
17197,4,3,3
17198,4,68,68
17203,4,146,146
17207,4,129,129
17208,4,115,115
17209,4,170,170
17225,4,86,86
17226,4,68,68
17228,4,126,126
17230,4,30,30
17238,4,110,110
17247,4,12,12
17249,4,12,12
17263,4,13,13
17264,4,156,156
17270,4,148,148
17277,4,166,166
17282,4,55,55
17285,4,112,112
17290,4,34,34
17298,4,68,68
17301,4,88,88
17303,4,45,45
17304,4,37,37
17305,4,163,163
17307,4,14,14
17341,4,92,92
17350,4,27,27
17351,4,0,0
17356,4,105,105
17357,4,27,27
17361,4,123,123
17365,4,35,35
17367,4,5,5
17368,4,17,17
17369,4,73,73
17371,4,165,165
17373,4,1,1
17374,4,78,78
17382,4,163,163
17392,4,13,13
17394,4,159,159
17395,4,134,134
17399,4,103,103
17404,4,15,15
17408,4,105,105
17410,4,127,127
17414,4,134,134
17420,4,57,57
17421,4,122,122
17422,4,8,8
17426,4,58,58
17428,4,12,12
17444,4,139,139
17445,4,56,56
17446,4,114,114
17447,4,58,58
17448,4,172,172
17450,4,36,36
17457,4,173,173
17463,4,110,110
17464,4,31,31
17468,4,129,129
17481,4,144,144
17482,4,127,127
17484,4,49,49
17485,4,21,21
17486,4,112,112
17496,4,32,32
17497,4,112,112
17498,4,4,4
17500,4,100,100
17502,4,109,109
17510,4,115,115
17514,4,72,72
17516,4,106,106
17520,4,158,158
17524,4,68,68
17533,4,52,52
17537,4,135,135
17544,4,69,69
17547,4,139,139
17551,4,164,164
17553,4,113,113
17556,4,84,84
17569,4,37,37
17575,4,90,90
17578,4,38,38
17579,4,37,37
17581,4,115,115
17600,4,20,20
17602,4,153,153
17606,4,85,85
17616,4,124,124
17617,4,138,138
17621,4,102,102
17630,4,133,133
17633,4,11,11
17634,4,84,126
17636,4,117,117
17638,4,137,137
17640,4,85,85
17653,4,27,27
17655,4,87,87
17656,4,97,97
17672,4,27,27
17675,4,59,59
17680,4,78,78
17682,4,166,166
17683,4,4,4
17689,4,108,108
17691,4,136,136
17698,4,59,59
17709,4,156,156
17721,4,89,89
17723,4,163,163
17727,4,133,133
17731,4,118,118
17732,4,110,110
17733,4,7,7
17734,4,43,43
17738,4,70,70
17741,4,36,36
17744,4,102,102
17757,4,125,125
17763,4,29,29
17774,4,107,107
17791,4,31,31
17800,4,43,43
17803,4,55,55
17804,4,31,31
17805,4,166,166
17816,4,91,91
17820,4,26,26
17824,4,65,65
17830,4,53,53
17831,4,33,33
17837,4,175,175
17841,4,71,71
17843,4,20,20
17848,4,21,21
17853,4,138,138
17857,4,85,85
17859,4,49,49
17863,4,9,9
17864,4,115,115
17867,4,23,23
17868,4,155,155
17874,4,47,47
17880,4,99,99
17883,4,83,83
17888,4,103,103
17890,4,135,135
17891,4,71,71
17893,4,0,0
17894,4,155,155
17900,4,130,130
17904,4,10,10
17914,4,5,5
17919,4,24,24
17925,4,38,38
17929,4,74,74
17931,4,118,118
17948,4,160,160
17957,4,18,18
17958,4,162,162
17960,4,156,156
17967,4,56,56
17974,4,96,96
17985,4,41,41
17986,4,173,173
17987,4,29,29
17988,4,4,4
17996,4,91,91
18001,4,34,34
18010,4,135,135
18034,4,86,86
18043,4,95,95
18050,4,31,31
18051,4,140,140
18053,4,40,40
18061,4,58,58
18066,4,155,155
18082,4,161,161
18083,4,13,13
18086,4,39,39
18094,4,0,0
18100,4,10,10
18102,4,128,128
18108,4,31,31
18116,4,95,95
18119,4,62,62
18121,4,167,167
18132,4,99,99
18133,4,165,165
18138,4,30,30
18141,4,116,116
18143,4,59,59
18158,4,119,119
18162,4,4,4
18164,4,34,34
18165,4,96,96
18169,4,9,9
18172,4,138,138
18174,4,39,39
18179,4,104,104
18181,4,49,49
18186,4,18,18
18187,4,91,91
18188,4,122,122
18193,4,116,116
18196,4,115,115
18199,4,100,100
18206,4,78,78
18213,4,76,76
18222,4,111,111
18242,4,122,122
18247,4,115,115
18252,4,9,9
18253,4,64,64
18258,4,147,147
18261,4,50,50
18262,4,118,118
18285,4,0,0
18286,4,56,95
18290,4,4,4
18291,4,33,33
18311,4,65,65
18314,4,31,31
18318,4,88,88
18320,4,116,116
18321,4,57,57
18326,4,22,22
18329,4,142,142
18331,4,121,121
18332,4,37,37
18334,4,66,66
18347,4,14,14
18350,4,133,133
18352,4,19,19
