dataset_index,partition,sample_id
1,train,1
2,train,2
3,train,3
4,train,4
5,train,5
6,train,6
8,train,8
9,train,9
10,train,10
12,train,12
13,train,13
14,train,14
15,train,15
16,train,16
18,train,18
19,train,19
20,train,20
21,train,21
22,train,22
23,train,23
24,train,24
27,train,27
28,train,28
29,train,29
30,train,30
31,train,31
32,train,32
33,train,33
34,train,34
35,train,35
36,train,36
37,train,37
39,train,39
40,train,40
41,train,41
42,train,42
43,train,43
45,train,45
46,train,46
47,train,47
50,train,50
51,train,51
52,train,52
53,train,53
54,train,54
55,train,55
57,train,57
58,train,58
59,train,59
61,train,61
62,train,62
63,train,63
64,train,64
65,train,65
67,train,67
68,train,68
69,train,69
70,train,70
71,train,71
72,train,72
75,train,75
76,train,76
78,train,78
79,train,79
80,train,80
81,train,81
82,train,82
84,train,84
85,train,85
86,train,86
87,train,87
89,train,89
90,train,90
91,train,91
92,train,92
93,train,93
95,train,95
96,train,96
97,train,97
98,train,98
99,train,99
100,train,100
102,train,102
103,train,103
104,train,104
105,train,105
106,train,106
107,train,107
109,train,109
110,train,110
111,train,111
112,train,112
113,train,113
114,train,114
115,train,115
116,train,116
117,train,117
118,train,118
122,train,122
124,train,124
125,train,125
126,train,126
127,train,127
129,train,129
131,train,131
132,train,132
134,train,134
135,train,135
136,train,136
137,train,137
138,train,138
139,train,139
140,train,140
141,train,141
142,train,142
143,train,143
144,train,144
145,train,145
146,train,146
147,train,147
148,train,148
149,train,149
151,train,151
154,train,154
157,train,157
158,train,158
159,train,159
161,train,161
162,train,162
163,train,163
164,train,164
166,train,166
167,train,167
168,train,168
169,train,169
170,train,170
172,train,172
174,train,174
175,train,175
176,train,176
177,train,177
178,train,178
179,train,179
181,train,181
182,train,182
183,train,183
184,train,184
188,train,188
189,train,189
190,train,190
191,train,191
192,train,192
194,train,194
195,train,195
197,train,197
198,train,198
199,train,199
200,train,200
201,train,201
202,train,202
203,train,203
204,train,204
205,train,205
206,train,206
207,train,207
208,train,208
209,train,209
210,train,210
211,train,211
212,train,212
213,train,213
214,train,214
216,train,216
217,train,217
219,train,219
220,train,220
221,train,221
222,train,222
223,train,223
224,train,224
225,train,225
226,train,226
227,train,227
228,train,228
230,train,230
231,train,231
232,train,232
233,train,233
235,train,235
236,train,236
237,train,237
238,train,238
239,train,239
240,train,240
242,train,242
243,train,243
244,train,244
246,train,246
247,train,247
248,train,248
250,train,250
251,train,251
252,train,252
253,train,253
254,train,254
256,train,256
257,train,257
258,train,258
260,train,260
261,train,261
262,train,262
263,train,263
264,train,264
266,train,266
267,train,267
268,train,268
270,train,270
273,train,273
275,train,275
276,train,276
277,train,277
278,train,278
279,train,279
282,train,282
283,train,283
284,train,284
285,train,285
286,train,286
287,train,287
288,train,288
290,train,290
291,train,291
292,train,292
293,train,293
294,train,294
295,train,295
296,train,296
297,train,297
298,train,298
299,train,299
300,train,300
302,train,302
303,train,303
304,train,304
305,train,305
306,train,306
307,train,307
309,train,309
310,train,310
312,train,312
313,train,313
314,train,314
315,train,315
319,train,319
321,train,321
322,train,322
323,train,323
324,train,324
325,train,325
326,train,326
327,train,327
329,train,329
331,train,331
332,train,332
333,train,333
334,train,334
335,train,335
339,train,339
340,train,340
341,train,341
342,train,342
343,train,343
344,train,344
345,train,345
346,train,346
347,train,347
348,train,348
349,train,349
350,train,350
351,train,351
352,train,352
353,train,353
354,train,354
355,train,355
356,train,356
357,train,357
358,train,358
359,train,359
360,train,360
361,train,361
362,train,362
363,train,363
365,train,365
367,train,367
368,train,368
369,train,369
370,train,370
371,train,371
373,train,373
374,train,374
375,train,375
377,train,377
378,train,378
380,train,380
381,train,381
383,train,383
384,train,384
385,train,385
386,train,386
388,train,388
389,train,389
390,train,390
391,train,391
392,train,392
393,train,393
394,train,394
395,train,395
396,train,396
397,train,397
398,train,398
399,train,399
400,train,400
401,train,401
404,train,404
405,train,405
406,train,406
407,train,407
408,train,408
410,train,410
411,train,411
412,train,412
413,train,413
414,train,414
415,train,415
416,train,416
417,train,417
418,train,418
419,train,419
420,train,420
421,train,421
422,train,422
423,train,423
425,train,425
427,train,427
428,train,428
429,train,429
430,train,430
431,train,431
433,train,433
434,train,434
435,train,435
436,train,436
437,train,437
438,train,438
439,train,439
440,train,440
441,train,441
442,train,442
443,train,443
444,train,444
445,train,445
446,train,446
448,train,448
450,train,450
451,train,451
453,train,453
454,train,454
456,train,456
457,train,457
458,train,458
459,train,459
460,train,460
461,train,461
462,train,462
463,train,463
464,train,464
465,train,465
466,train,466
467,train,467
468,train,468
469,train,469
471,train,471
472,train,472
473,train,473
474,train,474
475,train,475
477,train,477
478,train,478
479,train,479
481,train,481
482,train,482
483,train,483
484,train,484
485,train,485
486,train,486
487,train,487
489,train,489
491,train,491
492,train,492
493,train,493
494,train,494
495,train,495
496,train,496
497,train,497
498,train,498
499,train,499
500,train,500
501,train,501
502,train,502
503,train,503
504,train,504
506,train,506
507,train,507
508,train,508
509,train,509
510,train,510
511,train,511
513,train,513
514,train,514
515,train,515
516,train,516
518,train,518
519,train,519
521,train,521
522,train,522
523,train,523
525,train,525
527,train,527
528,train,528
531,train,531
532,train,532
533,train,533
536,train,536
538,train,538
539,train,539
540,train,540
541,train,541
542,train,542
543,train,543
544,train,544
547,train,547
548,train,548
550,train,550
551,train,551
552,train,552
553,train,553
554,train,554
555,train,555
556,train,556
557,train,557
558,train,558
561,train,561
562,train,562
563,train,563
564,train,564
565,train,565
567,train,567
568,train,568
570,train,570
572,train,572
573,train,573
574,train,574
575,train,575
578,train,578
579,train,579
580,train,580
581,train,581
582,train,582
583,train,583
584,train,584
586,train,586
587,train,587
588,train,588
590,train,590
591,train,591
592,train,592
593,train,593
594,train,594
595,train,595
596,train,596
597,train,597
599,train,599
600,train,600
601,train,601
602,train,602
604,train,604
605,train,605
606,train,606
607,train,607
608,train,608
610,train,610
611,train,611
612,train,612
613,train,613
614,train,614
615,train,615
616,train,616
618,train,618
619,train,619
620,train,620
621,train,621
622,train,622
623,train,623
625,train,625
626,train,626
627,train,627
628,train,628
629,train,629
630,train,630
631,train,631
632,train,632
633,train,633
634,train,634
635,train,635
636,train,636
637,train,637
642,train,642
643,train,643
645,train,645
646,train,646
647,train,647
648,train,648
649,train,649
652,train,652
653,train,653
654,train,654
656,train,656
657,train,657
658,train,658
659,train,659
660,train,660
661,train,661
662,train,662
664,train,664
665,train,665
666,train,666
668,train,668
669,train,669
670,train,670
671,train,671
673,train,673
674,train,674
675,train,675
676,train,676
677,train,677
678,train,678
679,train,679
680,train,680
681,train,681
682,train,682
683,train,683
684,train,684
685,train,685
687,train,687
688,train,688
689,train,689
690,train,690
691,train,691
692,train,692
693,train,693
694,train,694
695,train,695
696,train,696
697,train,697
698,train,698
700,train,700
701,train,701
702,train,702
704,train,704
706,train,706
707,train,707
708,train,708
709,train,709
710,train,710
713,train,713
714,train,714
716,train,716
717,train,717
718,train,718
719,train,719
720,train,720
722,train,722
723,train,723
724,train,724
725,train,725
728,train,728
729,train,729
730,train,730
731,train,731
733,train,733
735,train,735
736,train,736
737,train,737
738,train,738
740,train,740
741,train,741
742,train,742
743,train,743
744,train,744
745,train,745
748,train,748
749,train,749
751,train,751
752,train,752
753,train,753
755,train,755
756,train,756
757,train,757
758,train,758
759,train,759
760,train,760
761,train,761
762,train,762
763,train,763
765,train,765
766,train,766
767,train,767
768,train,768
769,train,769
770,train,770
772,train,772
773,train,773
774,train,774
775,train,775
776,train,776
777,train,777
778,train,778
779,train,779
780,train,780
782,train,782
783,train,783
784,train,784
786,train,786
787,train,787
788,train,788
790,train,790
791,train,791
792,train,792
793,train,793
794,train,794
795,train,795
796,train,796
797,train,797
798,train,798
802,train,802
803,train,803
804,train,804
808,train,808
809,train,809
810,train,810
811,train,811
812,train,812
814,train,814
816,train,816
818,train,818
819,train,819
821,train,821
823,train,823
824,train,824
825,train,825
826,train,826
827,train,827
828,train,828
829,train,829
831,train,831
832,train,832
833,train,833
834,train,834
836,train,836
837,train,837
838,train,838
839,train,839
840,train,840
841,train,841
842,train,842
843,train,843
845,train,845
846,train,846
848,train,848
851,train,851
852,train,852
853,train,853
854,train,854
855,train,855
856,train,856
857,train,857
858,train,858
859,train,859
860,train,860
861,train,861
862,train,862
863,train,863
864,train,864
865,train,865
866,train,866
867,train,867
870,train,870
871,train,871
872,train,872
873,train,873
874,train,874
875,train,875
876,train,876
877,train,877
879,train,879
880,train,880
881,train,881
882,train,882
884,train,884
885,train,885
886,train,886
887,train,887
888,train,888
889,train,889
891,train,891
893,train,893
894,train,894
895,train,895
897,train,897
898,train,898
899,train,899
900,train,900
902,train,902
904,train,904
905,train,905
906,train,906
907,train,907
908,train,908
909,train,909
910,train,910
912,train,912
913,train,913
914,train,914
915,train,915
916,train,916
918,train,918
919,train,919
920,train,920
921,train,921
922,train,922
923,train,923
924,train,924
925,train,925
926,train,926
927,train,927
930,train,930
932,train,932
934,train,934
935,train,935
936,train,936
937,train,937
938,train,938
942,train,942
944,train,944
946,train,946
947,train,947
948,train,948
949,train,949
950,train,950
951,train,951
952,train,952
953,train,953
955,train,955
956,train,956
957,train,957
958,train,958
959,train,959
960,train,960
962,train,962
963,train,963
964,train,964
966,train,966
967,train,967
968,train,968
969,train,969
970,train,970
971,train,971
972,train,972
973,train,973
974,train,974
975,train,975
976,train,976
977,train,977
978,train,978
979,train,979
980,train,980
981,train,981
982,train,982
983,train,983
984,train,984
985,train,985
986,train,986
987,train,987
988,train,988
989,train,989
990,train,990
991,train,991
993,train,993
994,train,994
995,train,995
996,train,996
997,train,997
999,train,999
1004,train,1004
1005,train,1005
1006,train,1006
1007,train,1007
1008,train,1008
1009,train,1009
1010,train,1010
1011,train,1011
1012,train,1012
1013,train,1013
1015,train,1015
1016,train,1016
1018,train,1018
1019,train,1019
1020,train,1020
1021,train,1021
1022,train,1022
1024,train,1024
1025,train,1025
1027,train,1027
1028,train,1028
1029,train,1029
1030,train,1030
1032,train,1032
1033,train,1033
1035,train,1035
1036,train,1036
1038,train,1038
1040,train,1040
1041,train,1041
1044,train,1044
1045,train,1045
1046,train,1046
1047,train,1047
1048,train,1048
1049,train,1049
1050,train,1050
1052,train,1052
1053,train,1053
1054,train,1054
1055,train,1055
1056,train,1056
1057,train,1057
1058,train,1058
1059,train,1059
1060,train,1060
1061,train,1061
1062,train,1062
1063,train,1063
1065,train,1065
1066,train,1066
1067,train,1067
1068,train,1068
1069,train,1069
1070,train,1070
1071,train,1071
1072,train,1072
1073,train,1073
1074,train,1074
1075,train,1075
1076,train,1076
1077,train,1077
1078,train,1078
1079,train,1079
1080,train,1080
1082,train,1082
1083,train,1083
1084,train,1084
1085,train,1085
1086,train,1086
1087,train,1087
1088,train,1088
1090,train,1090
1093,train,1093
1094,train,1094
1096,train,1096
1097,train,1097
1098,train,1098
1099,train,1099
1100,train,1100
1101,train,1101
1102,train,1102
1103,train,1103
1106,train,1106
1107,train,1107
1108,train,1108
1109,train,1109
1110,train,1110
1111,train,1111
1113,train,1113
1114,train,1114
1115,train,1115
1117,train,1117
1119,train,1119
1120,train,1120
1121,train,1121
1122,train,1122
1123,train,1123
1124,train,1124
1127,train,1127
1131,train,1131
1133,train,1133
1134,train,1134
1135,train,1135
1137,train,1137
1138,train,1138
1139,train,1139
1140,train,1140
1141,train,1141
1142,train,1142
1143,train,1143
1144,train,1144
1145,train,1145
1146,train,1146
1147,train,1147
1148,train,1148
1149,train,1149
1150,train,1150
1152,train,1152
1153,train,1153
1154,train,1154
1155,train,1155
1156,train,1156
1157,train,1157
1159,train,1159
1160,train,1160
1161,train,1161
1164,train,1164
1165,train,1165
1169,train,1169
1170,train,1170
1171,train,1171
1172,train,1172
1173,train,1173
1175,train,1175
1176,train,1176
1178,train,1178
1179,train,1179
1180,train,1180
1181,train,1181
1182,train,1182
1183,train,1183
1184,train,1184
1185,train,1185
1187,train,1187
1188,train,1188
1189,train,1189
1190,train,1190
1191,train,1191
1192,train,1192
1193,train,1193
1194,train,1194
1195,train,1195
1197,train,1197
1198,train,1198
1199,train,1199
1200,train,1200
1201,train,1201
1202,train,1202
1205,train,1205
1206,train,1206
1208,train,1208
1209,train,1209
1210,train,1210
1213,train,1213
1214,train,1214
1215,train,1215
1216,train,1216
1217,train,1217
1219,train,1219
1220,train,1220
1221,train,1221
1223,train,1223
1225,train,1225
1226,train,1226
1227,train,1227
1228,train,1228
1230,train,1230
1231,train,1231
1232,train,1232
1233,train,1233
1234,train,1234
1236,train,1236
1237,train,1237
1239,train,1239
1241,train,1241
1242,train,1242
1244,train,1244
1245,train,1245
1247,train,1247
1248,train,1248
1249,train,1249
1250,train,1250
1251,train,1251
1252,train,1252
1253,train,1253
1254,train,1254
1255,train,1255
1256,train,1256
1257,train,1257
1258,train,1258
1259,train,1259
1261,train,1261
1262,train,1262
1263,train,1263
1264,train,1264
1265,train,1265
1267,train,1267
1268,train,1268
1269,train,1269
1270,train,1270
1271,train,1271
1272,train,1272
1274,train,1274
1275,train,1275
1276,train,1276
1277,train,1277
1278,train,1278
1279,train,1279
1280,train,1280
1281,train,1281
1282,train,1282
1284,train,1284
1285,train,1285
1286,train,1286
1287,train,1287
1288,train,1288
1289,train,1289
1290,train,1290
1291,train,1291
1292,train,1292
1293,train,1293
1294,train,1294
1295,train,1295
1298,train,1298
1299,train,1299
1300,train,1300
1302,train,1302
1303,train,1303
1306,train,1306
1307,train,1307
1308,train,1308
1309,train,1309
1310,train,1310
1311,train,1311
1312,train,1312
1313,train,1313
1314,train,1314
1318,train,1318
1319,train,1319
1320,train,1320
1321,train,1321
1322,train,1322
1323,train,1323
1324,train,1324
1327,train,1327
1328,train,1328
1329,train,1329
1331,train,1331
1332,train,1332
1333,train,1333
1334,train,1334
1335,train,1335
1336,train,1336
1337,train,1337
1339,train,1339
1340,train,1340
1341,train,1341
1343,train,1343
1344,train,1344
1345,train,1345
1346,train,1346
1347,train,1347
1348,train,1348
1349,train,1349
1350,train,1350
1351,train,1351
1352,train,1352
1353,train,1353
1354,train,1354
1355,train,1355
1356,train,1356
1357,train,1357
1358,train,1358
1360,train,1360
1361,train,1361
1362,train,1362
1363,train,1363
1364,train,1364
1365,train,1365
1368,train,1368
1369,train,1369
1370,train,1370
1371,train,1371
1373,train,1373
1374,train,1374
1375,train,1375
1376,train,1376
1377,train,1377
1378,train,1378
1379,train,1379
1380,train,1380
1381,train,1381
1382,train,1382
1383,train,1383
1384,train,1384
1386,train,1386
1387,train,1387
1388,train,1388
1389,train,1389
1390,train,1390
1391,train,1391
1392,train,1392
1393,train,1393
1396,train,1396
1397,train,1397
1398,train,1398
1399,train,1399
1400,train,1400
1401,train,1401
1403,train,1403
1404,train,1404
1405,train,1405
1406,train,1406
1407,train,1407
1408,train,1408
1409,train,1409
1410,train,1410
1411,train,1411
1412,train,1412
1413,train,1413
1414,train,1414
1415,train,1415
1416,train,1416
1417,train,1417
1418,train,1418
1419,train,1419
1421,train,1421
1422,train,1422
1423,train,1423
1424,train,1424
1425,train,1425
1426,train,1426
1427,train,1427
1429,train,1429
1430,train,1430
1432,train,1432
1433,train,1433
1434,train,1434
1435,train,1435
1437,train,1437
1438,train,1438
1439,train,1439
1440,train,1440
1441,train,1441
1442,train,1442
1445,train,1445
1446,train,1446
1447,train,1447
1448,train,1448
1449,train,1449
1450,train,1450
1451,train,1451
1452,train,1452
1453,train,1453
1454,train,1454
1456,train,1456
1457,train,1457
1458,train,1458
1459,train,1459
1460,train,1460
1461,train,1461
1462,train,1462
1463,train,1463
1464,train,1464
1465,train,1465
1466,train,1466
1467,train,1467
1468,train,1468
1469,train,1469
1470,train,1470
1471,train,1471
1472,train,1472
1473,train,1473
1474,train,1474
1475,train,1475
1476,train,1476
1477,train,1477
1478,train,1478
1480,train,1480
1482,train,1482
1483,train,1483
1484,train,1484
1485,train,1485
1487,train,1487
1488,train,1488
1490,train,1490
1492,train,1492
1493,train,1493
1495,train,1495
1497,train,1497
1498,train,1498
1499,train,1499
1500,train,1500
1501,train,1501
1502,train,1502
1503,train,1503
1504,train,1504
1505,train,1505
1506,train,1506
1507,train,1507
1508,train,1508
1509,train,1509
1512,train,1512
1513,train,1513
1514,train,1514
1515,train,1515
1516,train,1516
1517,train,1517
1519,train,1519
1520,train,1520
1521,train,1521
1522,train,1522
1523,train,1523
1524,train,1524
1525,train,1525
1526,train,1526
1527,train,1527
1528,train,1528
1529,train,1529
1530,train,1530
1532,train,1532
1533,train,1533
1534,train,1534
1535,train,1535
1536,train,1536
1537,train,1537
1538,train,1538
1540,train,1540
1541,train,1541
1542,train,1542
1543,train,1543
1544,train,1544
1545,train,1545
1547,train,1547
1548,train,1548
1549,train,1549
1550,train,1550
1551,train,1551
1553,train,1553
1554,train,1554
1555,train,1555
1556,train,1556
1557,train,1557
1558,train,1558
1561,train,1561
1562,train,1562
1564,train,1564
1565,train,1565
1566,train,1566
1567,train,1567
1568,train,1568
1569,train,1569
1570,train,1570
1571,train,1571
1572,train,1572
1573,train,1573
1574,train,1574
1575,train,1575
1578,train,1578
1579,train,1579
1580,train,1580
1581,train,1581
1582,train,1582
1583,train,1583
1585,train,1585
1586,train,1586
1587,train,1587
1588,train,1588
1589,train,1589
1590,train,1590
1591,train,1591
1593,train,1593
1594,train,1594
1595,train,1595
1597,train,1597
1598,train,1598
1599,train,1599
1600,train,1600
1601,train,1601
1602,train,1602
1604,train,1604
1605,train,1605
1606,train,1606
1607,train,1607
1608,train,1608
1609,train,1609
1610,train,1610
1613,train,1613
1614,train,1614
1615,train,1615
1616,train,1616
1617,train,1617
1618,train,1618
1620,train,1620
1621,train,1621
1622,train,1622
1623,train,1623
1624,train,1624
1625,train,1625
1626,train,1626
1627,train,1627
1628,train,1628
1629,train,1629
1630,train,1630
1631,train,1631
1632,train,1632
1634,train,1634
1635,train,1635
1637,train,1637
1638,train,1638
1639,train,1639
1643,train,1643
1644,train,1644
1646,train,1646
1647,train,1647
1648,train,1648
1649,train,1649
1650,train,1650
1651,train,1651
1652,train,1652
1653,train,1653
1654,train,1654
1655,train,1655
1656,train,1656
1658,train,1658
1659,train,1659
1660,train,1660
1661,train,1661
1662,train,1662
1663,train,1663
1664,train,1664
1665,train,1665
1666,train,1666
1667,train,1667
1668,train,1668
1669,train,1669
1670,train,1670
1671,train,1671
1672,train,1672
1673,train,1673
1674,train,1674
1675,train,1675
1676,train,1676
1677,train,1677
1678,train,1678
1679,train,1679
1680,train,1680
1681,train,1681
1682,train,1682
1683,train,1683
1684,train,1684
1685,train,1685
1686,train,1686
1687,train,1687
1688,train,1688
1689,train,1689
1690,train,1690
1692,train,1692
1693,train,1693
1696,train,1696
1697,train,1697
1698,train,1698
1699,train,1699
1700,train,1700
1701,train,1701
1702,train,1702
1703,train,1703
1704,train,1704
1705,train,1705
1706,train,1706
1707,train,1707
1708,train,1708
1709,train,1709
1710,train,1710
1711,train,1711
1712,train,1712
1713,train,1713
1716,train,1716
1718,train,1718
1720,train,1720
1721,train,1721
1722,train,1722
1724,train,1724
1725,train,1725
1726,train,1726
1727,train,1727
1729,train,1729
1730,train,1730
1731,train,1731
1732,train,1732
1734,train,1734
1736,train,1736
1740,train,1740
1741,train,1741
1742,train,1742
1743,train,1743
1744,train,1744
1745,train,1745
1746,train,1746
1747,train,1747
1749,train,1749
1751,train,1751
1752,train,1752
1753,train,1753
1754,train,1754
1755,train,1755
1756,train,1756
1757,train,1757
1758,train,1758
1760,train,1760
1761,train,1761
1762,train,1762
1764,train,1764
1765,train,1765
1766,train,1766
1767,train,1767
1768,train,1768
1769,train,1769
1770,train,1770
1772,train,1772
1773,train,1773
1774,train,1774
1775,train,1775
1776,train,1776
1777,train,1777
1778,train,1778
1779,train,1779
1780,train,1780
1783,train,1783
1784,train,1784
1785,train,1785
1786,train,1786
1787,train,1787
1788,train,1788
1791,train,1791
1793,train,1793
1794,train,1794
1795,train,1795
1796,train,1796
1797,train,1797
1798,train,1798
1799,train,1799
1800,train,1800
1802,train,1802
1803,train,1803
1804,train,1804
1806,train,1806
1807,train,1807
1808,train,1808
1809,train,1809
1810,train,1810
1812,train,1812
1813,train,1813
1814,train,1814
1816,train,1816
1817,train,1817
1819,train,1819
1822,train,1822
1823,train,1823
1824,train,1824
1825,train,1825
1826,train,1826
1827,train,1827
1829,train,1829
1830,train,1830
1831,train,1831
1833,train,1833
1834,train,1834
1835,train,1835
1837,train,1837
1838,train,1838
1839,train,1839
1840,train,1840
1841,train,1841
1842,train,1842
1845,train,1845
1847,train,1847
1848,train,1848
1850,train,1850
1851,train,1851
1854,train,1854
1856,train,1856
1857,train,1857
1858,train,1858
1859,train,1859
1860,train,1860
1861,train,1861
1862,train,1862
1863,train,1863
1864,train,1864
1865,train,1865
1866,train,1866
1867,train,1867
1868,train,1868
1869,train,1869
1870,train,1870
1871,train,1871
1872,train,1872
1873,train,1873
1874,train,1874
1875,train,1875
1876,train,1876
1877,train,1877
1878,train,1878
1879,train,1879
1880,train,1880
1881,train,1881
1883,train,1883
1884,train,1884
1885,train,1885
1887,train,1887
1888,train,1888
1889,train,1889
1890,train,1890
1891,train,1891
1892,train,1892
1893,train,1893
1894,train,1894
1895,train,1895
1897,train,1897
1898,train,1898
1899,train,1899
1900,train,1900
1901,train,1901
1902,train,1902
1904,train,1904
1905,train,1905
1906,train,1906
1908,train,1908
1910,train,1910
1911,train,1911
1912,train,1912
1913,train,1913
1914,train,1914
1915,train,1915
1916,train,1916
1917,train,1917
1918,train,1918
1919,train,1919
1920,train,1920
1921,train,1921
1922,train,1922
1923,train,1923
1924,train,1924
1925,train,1925
1926,train,1926
1927,train,1927
1928,train,1928
1929,train,1929
1932,train,1932
1933,train,1933
1934,train,1934
1935,train,1935
1937,train,1937
1938,train,1938
1939,train,1939
1940,train,1940
1941,train,1941
1943,train,1943
1944,train,1944
1945,train,1945
1947,train,1947
1948,train,1948
1949,train,1949
1950,train,1950
1951,train,1951
1953,train,1953
1954,train,1954
1955,train,1955
1956,train,1956
1957,train,1957
1958,train,1958
1962,train,1962
1963,train,1963
1964,train,1964
1965,train,1965
1966,train,1966
1967,train,1967
1968,train,1968
1969,train,1969
1970,train,1970
1971,train,1971
1973,train,1973
1974,train,1974
1975,train,1975
1977,train,1977
1979,train,1979
1980,train,1980
1983,train,1983
1984,train,1984
1985,train,1985
1986,train,1986
1987,train,1987
1988,train,1988
1989,train,1989
1990,train,1990
1991,train,1991
1992,train,1992
1993,train,1993
1996,train,1996
1997,train,1997
1998,train,1998
1999,train,1999
2000,train,2000
2001,train,2001
2003,train,2003
2004,train,2004
2005,train,2005
2007,train,2007
2009,train,2009
2010,train,2010
2012,train,2012
2014,train,2014
2015,train,2015
2016,train,2016
2017,train,2017
2018,train,2018
2019,train,2019
2020,train,2020
2021,train,2021
2022,train,2022
2024,train,2024
2027,train,2027
2028,train,2028
2029,train,2029
2030,train,2030
2031,train,2031
2032,train,2032
2034,train,2034
2036,train,2036
2037,train,2037
2038,train,2038
2039,train,2039
2040,train,2040
2042,train,2042
2043,train,2043
2044,train,2044
2045,train,2045
2046,train,2046
2047,train,2047
2049,train,2049
2051,train,2051
2054,train,2054
2057,train,2057
2058,train,2058
2059,train,2059
2060,train,2060
2064,train,2064
2065,train,2065
2066,train,2066
2067,train,2067
2068,train,2068
2069,train,2069
2070,train,2070
2071,train,2071
2072,train,2072
2073,train,2073
2074,train,2074
2075,train,2075
2077,train,2077
2078,train,2078
2080,train,2080
2081,train,2081
2082,train,2082
2084,train,2084
2086,train,2086
2089,train,2089
2090,train,2090
2091,train,2091
2092,train,2092
2093,train,2093
2094,train,2094
2095,train,2095
2096,train,2096
2098,train,2098
2100,train,2100
2102,train,2102
2103,train,2103
2104,train,2104
2105,train,2105
2106,train,2106
2107,train,2107
2108,train,2108
2109,train,2109
2111,train,2111
2112,train,2112
2113,train,2113
2114,train,2114
2115,train,2115
2116,train,2116
2117,train,2117
2119,train,2119
2120,train,2120
2122,train,2122
2123,train,2123
2124,train,2124
2126,train,2126
2127,train,2127
2128,train,2128
2129,train,2129
2132,train,2132
2134,train,2134
2135,train,2135
2137,train,2137
2138,train,2138
2140,train,2140
2141,train,2141
2142,train,2142
2143,train,2143
2144,train,2144
2145,train,2145
2146,train,2146
2147,train,2147
2148,train,2148
2149,train,2149
2150,train,2150
2151,train,2151
2152,train,2152
2153,train,2153
2154,train,2154
2155,train,2155
2156,train,2156
2158,train,2158
2159,train,2159
2160,train,2160
2161,train,2161
2162,train,2162
2163,train,2163
2165,train,2165
2166,train,2166
2167,train,2167
2168,train,2168
2169,train,2169
2170,train,2170
2173,train,2173
2174,train,2174
2175,train,2175
2176,train,2176
2177,train,2177
2178,train,2178
2180,train,2180
2181,train,2181
2182,train,2182
2183,train,2183
2184,train,2184
2185,train,2185
2188,train,2188
2191,train,2191
2192,train,2192
2194,train,2194
2195,train,2195
2196,train,2196
2197,train,2197
2198,train,2198
2199,train,2199
2201,train,2201
2202,train,2202
2203,train,2203
2204,train,2204
2206,train,2206
2207,train,2207
2208,train,2208
2209,train,2209
2210,train,2210
2211,train,2211
2212,train,2212
2213,train,2213
2214,train,2214
2215,train,2215
2216,train,2216
2217,train,2217
2221,train,2221
2222,train,2222
2224,train,2224
2225,train,2225
2226,train,2226
2227,train,2227
2228,train,2228
2231,train,2231
2232,train,2232
2233,train,2233
2235,train,2235
2236,train,2236
2237,train,2237
2238,train,2238
2241,train,2241
2242,train,2242
2243,train,2243
2244,train,2244
2245,train,2245
2246,train,2246
2248,train,2248
2249,train,2249
2251,train,2251
2252,train,2252
2253,train,2253
2254,train,2254
2255,train,2255
2256,train,2256
2257,train,2257
2258,train,2258
2259,train,2259
2260,train,2260
2261,train,2261
2262,train,2262
2263,train,2263
2264,train,2264
2265,train,2265
2266,train,2266
2268,train,2268
2269,train,2269
2270,train,2270
2271,train,2271
2273,train,2273
2274,train,2274
2276,train,2276
2277,train,2277
2279,train,2279
2280,train,2280
2281,train,2281
2283,train,2283
2284,train,2284
2285,train,2285
2286,train,2286
2287,train,2287
2288,train,2288
2289,train,2289
2290,train,2290
2291,train,2291
2292,train,2292
2293,train,2293
2294,train,2294
2295,train,2295
2296,train,2296
2297,train,2297
2298,train,2298
2299,train,2299
2301,train,2301
2302,train,2302
2303,train,2303
2304,train,2304
2305,train,2305
2306,train,2306
2308,train,2308
2309,train,2309
2310,train,2310
2311,train,2311
2313,train,2313
2314,train,2314
2315,train,2315
2316,train,2316
2317,train,2317
2318,train,2318
2320,train,2320
2321,train,2321
2322,train,2322
2324,train,2324
2326,train,2326
2327,train,2327
2329,train,2329
2332,train,2332
2334,train,2334
2335,train,2335
2337,train,2337
2339,train,2339
2340,train,2340
2341,train,2341
2343,train,2343
2344,train,2344
2345,train,2345
2346,train,2346
2347,train,2347
2348,train,2348
2349,train,2349
2350,train,2350
2352,train,2352
2353,train,2353
2354,train,2354
2355,train,2355
2356,train,2356
2357,train,2357
2358,train,2358
2359,train,2359
2360,train,2360
2361,train,2361
2362,train,2362
2363,train,2363
2365,train,2365
2366,train,2366
2367,train,2367
2368,train,2368
2369,train,2369
2370,train,2370
2371,train,2371
2372,train,2372
2373,train,2373
2374,train,2374
2376,train,2376
2377,train,2377
2378,train,2378
2379,train,2379
2380,train,2380
2381,train,2381
2383,train,2383
2384,train,2384
2385,train,2385
2388,train,2388
2389,train,2389
2390,train,2390
2391,train,2391
2392,train,2392
2393,train,2393
2395,train,2395
2396,train,2396
2397,train,2397
2398,train,2398
2399,train,2399
2401,train,2401
2402,train,2402
2403,train,2403
2404,train,2404
2406,train,2406
2407,train,2407
2408,train,2408
2409,train,2409
2410,train,2410
2411,train,2411
2412,train,2412
2413,train,2413
2415,train,2415
2417,train,2417
2418,train,2418
2419,train,2419
2420,train,2420
2422,train,2422
2423,train,2423
2424,train,2424
2426,train,2426
2427,train,2427
2428,train,2428
2429,train,2429
2430,train,2430
2431,train,2431
2432,train,2432
2434,train,2434
2435,train,2435
2436,train,2436
2437,train,2437
2438,train,2438
2439,train,2439
2440,train,2440
2441,train,2441
2442,train,2442
2443,train,2443
2444,train,2444
2445,train,2445
2446,train,2446
2448,train,2448
2449,train,2449
2450,train,2450
2451,train,2451
2452,train,2452
2454,train,2454
2455,train,2455
2456,train,2456
2457,train,2457
2458,train,2458
2460,train,2460
2461,train,2461
2463,train,2463
2464,train,2464
2465,train,2465
2466,train,2466
2467,train,2467
2470,train,2470
2471,train,2471
2472,train,2472
2473,train,2473
2474,train,2474
2475,train,2475
2476,train,2476
2477,train,2477
2478,train,2478
2479,train,2479
2480,train,2480
2482,train,2482
2484,train,2484
2485,train,2485
2486,train,2486
2489,train,2489
2490,train,2490
2491,train,2491
2492,train,2492
2494,train,2494
2495,train,2495
2496,train,2496
2497,train,2497
2498,train,2498
2499,train,2499
2501,train,2501
2502,train,2502
2504,train,2504
2505,train,2505
2506,train,2506
2507,train,2507
2508,train,2508
2510,train,2510
2511,train,2511
2512,train,2512
2513,train,2513
2514,train,2514
2515,train,2515
2516,train,2516
2518,train,2518
2519,train,2519
2520,train,2520
2521,train,2521
2522,train,2522
2523,train,2523
2524,train,2524
2525,train,2525
2526,train,2526
2527,train,2527
2528,train,2528
2529,train,2529
2530,train,2530
2531,train,2531
2532,train,2532
2533,train,2533
2534,train,2534
2535,train,2535
2536,train,2536
2537,train,2537
2538,train,2538
2539,train,2539
2540,train,2540
2541,train,2541
2543,train,2543
2544,train,2544
2546,train,2546
2547,train,2547
2548,train,2548
2550,train,2550
2554,train,2554
2555,train,2555
2556,train,2556
2558,train,2558
2559,train,2559
2560,train,2560
2561,train,2561
2562,train,2562
2563,train,2563
2564,train,2564
2566,train,2566
2567,train,2567
2568,train,2568
2569,train,2569
2570,train,2570
2572,train,2572
2573,train,2573
2574,train,2574
2575,train,2575
2576,train,2576
2577,train,2577
2578,train,2578
2579,train,2579
2580,train,2580
2581,train,2581
2583,train,2583
2584,train,2584
2586,train,2586
2588,train,2588
2589,train,2589
2591,train,2591
2593,train,2593
2594,train,2594
2595,train,2595
2596,train,2596
2597,train,2597
2598,train,2598
2599,train,2599
2602,train,2602
2603,train,2603
2604,train,2604
2606,train,2606
2607,train,2607
2608,train,2608
2609,train,2609
2610,train,2610
2612,train,2612
2613,train,2613
2616,train,2616
2617,train,2617
2618,train,2618
2619,train,2619
2620,train,2620
2621,train,2621
2622,train,2622
2623,train,2623
2624,train,2624
2625,train,2625
2626,train,2626
2627,train,2627
2628,train,2628
2629,train,2629
2630,train,2630
2633,train,2633
2635,train,2635
2636,train,2636
2638,train,2638
2639,train,2639
2640,train,2640
2642,train,2642
2643,train,2643
2645,train,2645
2647,train,2647
2648,train,2648
2649,train,2649
2650,train,2650
2651,train,2651
2652,train,2652
2653,train,2653
2654,train,2654
2655,train,2655
2656,train,2656
2658,train,2658
2659,train,2659
2660,train,2660
2661,train,2661
2663,train,2663
2665,train,2665
2666,train,2666
2668,train,2668
2669,train,2669
2672,train,2672
2674,train,2674
2675,train,2675
2676,train,2676
2677,train,2677
2678,train,2678
2679,train,2679
2681,train,2681
2682,train,2682
2684,train,2684
2685,train,2685
2686,train,2686
2687,train,2687
2688,train,2688
2689,train,2689
2690,train,2690
2691,train,2691
2692,train,2692
2693,train,2693
2701,train,2701
2702,train,2702
2703,train,2703
2704,train,2704
2707,train,2707
2709,train,2709
2710,train,2710
2712,train,2712
2713,train,2713
2714,train,2714
2715,train,2715
2716,train,2716
2718,train,2718
2719,train,2719
2720,train,2720
2722,train,2722
2723,train,2723
2724,train,2724
2725,train,2725
2727,train,2727
2728,train,2728
2730,train,2730
2731,train,2731
2732,train,2732
2733,train,2733
2734,train,2734
2735,train,2735
2736,train,2736
2737,train,2737
2738,train,2738
2739,train,2739
2741,train,2741
2742,train,2742
2744,train,2744
2745,train,2745
2747,train,2747
2751,train,2751
2752,train,2752
2753,train,2753
2755,train,2755
2757,train,2757
2758,train,2758
2759,train,2759
2760,train,2760
2761,train,2761
2762,train,2762
2763,train,2763
2764,train,2764
2767,train,2767
2768,train,2768
2769,train,2769
2770,train,2770
2771,train,2771
2772,train,2772
2773,train,2773
2774,train,2774
2775,train,2775
2776,train,2776
2777,train,2777
2778,train,2778
2779,train,2779
2780,train,2780
2781,train,2781
2782,train,2782
2786,train,2786
2787,train,2787
2789,train,2789
2791,train,2791
2794,train,2794
2797,train,2797
2798,train,2798
2799,train,2799
2801,train,2801
2802,train,2802
2803,train,2803
2804,train,2804
2805,train,2805
2806,train,2806
2809,train,2809
2813,train,2813
2814,train,2814
2815,train,2815
2816,train,2816
2817,train,2817
2818,train,2818
2819,train,2819
2821,train,2821
2822,train,2822
2823,train,2823
2824,train,2824
2825,train,2825
2826,train,2826
2827,train,2827
2829,train,2829
2830,train,2830
2831,train,2831
2833,train,2833
2834,train,2834
2835,train,2835
2836,train,2836
2838,train,2838
2839,train,2839
2840,train,2840
2841,train,2841
2842,train,2842
2843,train,2843
2844,train,2844
2845,train,2845
2846,train,2846
2847,train,2847
2848,train,2848
2849,train,2849
2850,train,2850
2851,train,2851
2852,train,2852
2853,train,2853
2854,train,2854
2855,train,2855
2856,train,2856
2857,train,2857
2858,train,2858
2859,train,2859
2860,train,2860
2861,train,2861
2862,train,2862
2863,train,2863
2864,train,2864
2865,train,2865
2866,train,2866
2868,train,2868
2869,train,2869
2870,train,2870
2871,train,2871
2872,train,2872
2873,train,2873
2875,train,2875
2876,train,2876
2877,train,2877
2879,train,2879
2880,train,2880
2881,train,2881
2883,train,2883
2884,train,2884
2886,train,2886
2887,train,2887
2888,train,2888
2889,train,2889
2890,train,2890
2892,train,2892
2893,train,2893
2894,train,2894
2895,train,2895
2896,train,2896
2897,train,2897
2898,train,2898
2899,train,2899
2900,train,2900
2901,train,2901
2902,train,2902
2903,train,2903
2904,train,2904
2906,train,2906
2908,train,2908
2909,train,2909
2910,train,2910
2911,train,2911
2912,train,2912
2913,train,2913
2914,train,2914
2915,train,2915
2916,train,2916
2917,train,2917
2918,train,2918
2920,train,2920
2921,train,2921
2922,train,2922
2923,train,2923
2924,train,2924
2926,train,2926
2927,train,2927
2928,train,2928
2929,train,2929
2930,train,2930
2931,train,2931
2932,train,2932
2934,train,2934
2935,train,2935
2936,train,2936
2938,train,2938
2940,train,2940
2941,train,2941
2942,train,2942
2944,train,2944
2945,train,2945
2946,train,2946
2947,train,2947
2948,train,2948
2949,train,2949
2950,train,2950
2951,train,2951
2953,train,2953
2955,train,2955
2956,train,2956
2957,train,2957
2958,train,2958
2959,train,2959
2960,train,2960
2961,train,2961
2964,train,2964
2965,train,2965
2966,train,2966
2968,train,2968
2970,train,2970
2971,train,2971
2972,train,2972
2973,train,2973
2974,train,2974
2975,train,2975
2977,train,2977
2979,train,2979
2980,train,2980
2981,train,2981
2982,train,2982
2983,train,2983
2984,train,2984
2985,train,2985
2986,train,2986
2989,train,2989
2991,train,2991
2992,train,2992
2993,train,2993
2994,train,2994
2995,train,2995
2996,train,2996
2997,train,2997
2999,train,2999
3000,train,3000
3001,train,3001
3002,train,3002
3005,train,3005
3006,train,3006
3008,train,3008
3009,train,3009
3010,train,3010
3011,train,3011
3015,train,3015
3016,train,3016
3017,train,3017
3018,train,3018
3019,train,3019
3023,train,3023
3025,train,3025
3027,train,3027
3028,train,3028
3029,train,3029
3031,train,3031
3032,train,3032
3033,train,3033
3034,train,3034
3035,train,3035
3036,train,3036
3039,train,3039
3040,train,3040
3041,train,3041
3042,train,3042
3043,train,3043
3045,train,3045
3046,train,3046
3047,train,3047
3048,train,3048
3051,train,3051
3052,train,3052
3053,train,3053
3054,train,3054
3055,train,3055
3056,train,3056
3057,train,3057
3058,train,3058
3060,train,3060
3061,train,3061
3062,train,3062
3063,train,3063
3065,train,3065
3066,train,3066
3067,train,3067
3068,train,3068
3069,train,3069
3072,train,3072
3073,train,3073
3074,train,3074
3075,train,3075
3076,train,3076
3077,train,3077
3078,train,3078
3080,train,3080
3081,train,3081
3082,train,3082
3083,train,3083
3085,train,3085
3086,train,3086
3087,train,3087
3089,train,3089
3090,train,3090
3091,train,3091
3092,train,3092
3093,train,3093
3094,train,3094
3095,train,3095
3096,train,3096
3098,train,3098
3099,train,3099
3101,train,3101
3102,train,3102
3103,train,3103
3104,train,3104
3105,train,3105
3107,train,3107
3109,train,3109
3110,train,3110
3111,train,3111
3113,train,3113
3114,train,3114
3115,train,3115
3116,train,3116
3117,train,3117
3119,train,3119
3121,train,3121
3122,train,3122
3124,train,3124
3125,train,3125
3126,train,3126
3127,train,3127
3128,train,3128
3129,train,3129
3130,train,3130
3131,train,3131
3132,train,3132
3134,train,3134
3135,train,3135
3136,train,3136
3138,train,3138
3140,train,3140
3141,train,3141
3142,train,3142
3143,train,3143
3144,train,3144
3145,train,3145
3146,train,3146
3147,train,3147
3148,train,3148
3150,train,3150
3151,train,3151
3152,train,3152
3153,train,3153
3154,train,3154
3155,train,3155
3156,train,3156
3157,train,3157
3158,train,3158
3159,train,3159
3160,train,3160
3161,train,3161
3164,train,3164
3165,train,3165
3166,train,3166
3167,train,3167
3168,train,3168
3169,train,3169
3170,train,3170
3171,train,3171
3172,train,3172
3173,train,3173
3174,train,3174
3175,train,3175
3178,train,3178
3179,train,3179
3180,train,3180
3181,train,3181
3182,train,3182
3183,train,3183
3184,train,3184
3185,train,3185
3186,train,3186
3187,train,3187
3190,train,3190
3191,train,3191
3192,train,3192
3193,train,3193
3194,train,3194
3195,train,3195
3196,train,3196
3197,train,3197
3198,train,3198
3199,train,3199
3200,train,3200
3203,train,3203
3204,train,3204
3205,train,3205
3206,train,3206
3207,train,3207
3208,train,3208
3209,train,3209
3210,train,3210
3211,train,3211
3212,train,3212
3213,train,3213
3214,train,3214
3215,train,3215
3217,train,3217
3219,train,3219
3220,train,3220
3222,train,3222
3223,train,3223
3224,train,3224
3225,train,3225
3226,train,3226
3227,train,3227
3228,train,3228
3229,train,3229
3230,train,3230
3231,train,3231
3234,train,3234
3235,train,3235
3236,train,3236
3237,train,3237
3238,train,3238
3239,train,3239
3240,train,3240
3241,train,3241
3242,train,3242
3245,train,3245
3248,train,3248
3249,train,3249
3250,train,3250
3252,train,3252
3253,train,3253
3254,train,3254
3255,train,3255
3256,train,3256
3257,train,3257
3258,train,3258
3259,train,3259
3260,train,3260
3261,train,3261
3262,train,3262
3264,train,3264
3265,train,3265
3266,train,3266
3267,train,3267
3268,train,3268
3270,train,3270
3271,train,3271
3272,train,3272
3273,train,3273
3275,train,3275
3276,train,3276
3277,train,3277
3278,train,3278
3279,train,3279
3280,train,3280
3281,train,3281
3282,train,3282
3284,train,3284
3285,train,3285
3287,train,3287
3288,train,3288
3290,train,3290
3291,train,3291
3292,train,3292
3293,train,3293
3294,train,3294
3295,train,3295
3297,train,3297
3299,train,3299
3300,train,3300
3301,train,3301
3302,train,3302
3303,train,3303
3306,train,3306
3308,train,3308
3309,train,3309
3310,train,3310
3311,train,3311
3312,train,3312
3313,train,3313
3314,train,3314
3315,train,3315
3316,train,3316
3317,train,3317
3318,train,3318
3319,train,3319
3320,train,3320
3321,train,3321
3322,train,3322
3324,train,3324
3325,train,3325
3326,train,3326
3327,train,3327
3328,train,3328
3329,train,3329
3330,train,3330
3331,train,3331
3333,train,3333
3334,train,3334
3335,train,3335
3336,train,3336
3338,train,3338
3339,train,3339
3340,train,3340
3341,train,3341
3342,train,3342
3343,train,3343
3344,train,3344
3345,train,3345
3347,train,3347
3349,train,3349
3350,train,3350
3351,train,3351
3352,train,3352
3353,train,3353
3354,train,3354
3356,train,3356
3357,train,3357
3358,train,3358
3360,train,3360
3361,train,3361
3362,train,3362
3364,train,3364
3365,train,3365
3367,train,3367
3369,train,3369
3370,train,3370
3371,train,3371
3372,train,3372
3373,train,3373
3374,train,3374
3375,train,3375
3377,train,3377
3378,train,3378
3379,train,3379
3380,train,3380
3381,train,3381
3383,train,3383
3386,train,3386
3390,train,3390
3391,train,3391
3392,train,3392
3393,train,3393
3394,train,3394
3395,train,3395
3396,train,3396
3398,train,3398
3399,train,3399
3400,train,3400
3401,train,3401
3402,train,3402
3403,train,3403
3404,train,3404
3405,train,3405
3407,train,3407
3410,train,3410
3411,train,3411
3413,train,3413
3414,train,3414
3416,train,3416
3417,train,3417
3419,train,3419
3420,train,3420
3421,train,3421
3423,train,3423
3425,train,3425
3426,train,3426
3428,train,3428
3429,train,3429
3430,train,3430
3431,train,3431
3432,train,3432
3434,train,3434
3435,train,3435
3437,train,3437
3439,train,3439
3440,train,3440
3441,train,3441
3442,train,3442
3443,train,3443
3444,train,3444
3445,train,3445
3446,train,3446
3448,train,3448
3449,train,3449
3450,train,3450
3451,train,3451
3452,train,3452
3453,train,3453
3454,train,3454
3455,train,3455
3457,train,3457
3458,train,3458
3459,train,3459
3460,train,3460
3461,train,3461
3462,train,3462
3463,train,3463
3464,train,3464
3465,train,3465
3466,train,3466
3467,train,3467
3468,train,3468
3469,train,3469
3470,train,3470
3472,train,3472
3473,train,3473
3474,train,3474
3476,train,3476
3477,train,3477
3478,train,3478
3479,train,3479
3480,train,3480
3481,train,3481
3482,train,3482
3484,train,3484
3485,train,3485
3486,train,3486
3490,train,3490
3491,train,3491
3492,train,3492
3493,train,3493
3494,train,3494
3495,train,3495
3497,train,3497
3499,train,3499
3500,train,3500
3501,train,3501
3502,train,3502
3503,train,3503
3504,train,3504
3507,train,3507
3508,train,3508
3509,train,3509
3510,train,3510
3511,train,3511
3512,train,3512
3513,train,3513
3514,train,3514
3515,train,3515
3517,train,3517
3518,train,3518
3520,train,3520
3521,train,3521
3522,train,3522
3523,train,3523
3524,train,3524
3525,train,3525
3527,train,3527
3528,train,3528
3529,train,3529
3531,train,3531
3532,train,3532
3533,train,3533
3534,train,3534
3535,train,3535
3536,train,3536
3537,train,3537
3538,train,3538
3539,train,3539
3540,train,3540
3541,train,3541
3542,train,3542
3543,train,3543
3544,train,3544
3545,train,3545
3548,train,3548
3549,train,3549
3550,train,3550
3551,train,3551
3552,train,3552
3553,train,3553
3554,train,3554
3555,train,3555
3556,train,3556
3558,train,3558
3559,train,3559
3560,train,3560
3561,train,3561
3562,train,3562
3564,train,3564
3565,train,3565
3566,train,3566
3567,train,3567
3568,train,3568
3569,train,3569
3571,train,3571
3572,train,3572
3573,train,3573
3574,train,3574
3575,train,3575
3576,train,3576
3577,train,3577
3578,train,3578
3579,train,3579
3580,train,3580
3581,train,3581
3582,train,3582
3583,train,3583
3585,train,3585
3586,train,3586
3587,train,3587
3588,train,3588
3589,train,3589
3590,train,3590
3591,train,3591
3592,train,3592
3593,train,3593
3595,train,3595
3597,train,3597
3598,train,3598
3599,train,3599
3600,train,3600
3601,train,3601
3602,train,3602
3603,train,3603
3605,train,3605
3606,train,3606
3607,train,3607
3608,train,3608
3609,train,3609
3610,train,3610
3611,train,3611
3612,train,3612
3613,train,3613
3615,train,3615
3616,train,3616
3617,train,3617
3618,train,3618
3619,train,3619
3620,train,3620
3621,train,3621
3622,train,3622
3623,train,3623
3625,train,3625
3626,train,3626
3629,train,3629
3630,train,3630
3631,train,3631
3633,train,3633
3634,train,3634
3637,train,3637
3638,train,3638
3639,train,3639
3640,train,3640
3642,train,3642
3643,train,3643
3644,train,3644
3645,train,3645
3646,train,3646
3647,train,3647
3648,train,3648
3649,train,3649
3650,train,3650
3651,train,3651
3652,train,3652
3654,train,3654
3655,train,3655
3656,train,3656
3657,train,3657
3658,train,3658
3664,train,3664
3665,train,3665
3666,train,3666
3670,train,3670
3671,train,3671
3673,train,3673
3675,train,3675
3676,train,3676
3677,train,3677
3678,train,3678
3679,train,3679
3680,train,3680
3681,train,3681
3682,train,3682
3683,train,3683
3684,train,3684
3685,train,3685
3686,train,3686
3687,train,3687
3688,train,3688
3689,train,3689
3690,train,3690
3691,train,3691
3692,train,3692
3693,train,3693
3694,train,3694
3695,train,3695
3696,train,3696
3698,train,3698
3699,train,3699
3701,train,3701
3702,train,3702
3703,train,3703
3704,train,3704
3705,train,3705
3706,train,3706
3708,train,3708
3710,train,3710
3711,train,3711
3713,train,3713
3714,train,3714
3716,train,3716
3717,train,3717
3718,train,3718
3719,train,3719
3720,train,3720
3721,train,3721
3722,train,3722
3723,train,3723
3724,train,3724
3726,train,3726
3728,train,3728
3729,train,3729
3730,train,3730
3731,train,3731
3733,train,3733
3735,train,3735
3736,train,3736
3738,train,3738
3739,train,3739
3740,train,3740
3741,train,3741
3742,train,3742
3743,train,3743
3744,train,3744
3746,train,3746
3748,train,3748
3750,train,3750
3751,train,3751
3753,train,3753
3754,train,3754
3756,train,3756
3757,train,3757
3759,train,3759
3760,train,3760
3761,train,3761
3762,train,3762
3764,train,3764
3766,train,3766
3769,train,3769
3770,train,3770
3771,train,3771
3772,train,3772
3774,train,3774
3776,train,3776
3778,train,3778
3779,train,3779
3780,train,3780
3781,train,3781
3785,train,3785
3787,train,3787
3788,train,3788
3789,train,3789
3790,train,3790
3791,train,3791
3792,train,3792
3793,train,3793
3794,train,3794
3795,train,3795
3796,train,3796
3797,train,3797
3798,train,3798
3799,train,3799
3800,train,3800
3802,train,3802
3804,train,3804
3805,train,3805
3807,train,3807
3808,train,3808
3809,train,3809
3810,train,3810
3812,train,3812
3814,train,3814
3815,train,3815
3816,train,3816
3817,train,3817
3818,train,3818
3819,train,3819
3820,train,3820
3821,train,3821
3823,train,3823
3824,train,3824
3826,train,3826
3828,train,3828
3831,train,3831
3832,train,3832
3833,train,3833
3834,train,3834
3835,train,3835
3836,train,3836
3838,train,3838
3839,train,3839
3841,train,3841
3842,train,3842
3843,train,3843
3844,train,3844
3845,train,3845
3846,train,3846
3848,train,3848
3849,train,3849
3850,train,3850
3851,train,3851
3853,train,3853
3855,train,3855
3856,train,3856
3857,train,3857
3858,train,3858
3859,train,3859
3860,train,3860
3861,train,3861
3863,train,3863
3864,train,3864
3865,train,3865
3866,train,3866
3867,train,3867
3868,train,3868
3869,train,3869
3871,train,3871
3872,train,3872
3873,train,3873
3874,train,3874
3876,train,3876
3878,train,3878
3880,train,3880
3882,train,3882
3883,train,3883
3885,train,3885
3886,train,3886
3887,train,3887
3889,train,3889
3890,train,3890
3892,train,3892
3893,train,3893
3894,train,3894
3895,train,3895
3896,train,3896
3897,train,3897
3898,train,3898
3899,train,3899
3900,train,3900
3901,train,3901
3903,train,3903
3905,train,3905
3908,train,3908
3909,train,3909
3911,train,3911
3912,train,3912
3913,train,3913
3914,train,3914
3915,train,3915
3916,train,3916
3917,train,3917
3918,train,3918
3919,train,3919
3920,train,3920
3921,train,3921
3922,train,3922
3924,train,3924
3926,train,3926
3927,train,3927
3928,train,3928
3929,train,3929
3930,train,3930
3931,train,3931
3933,train,3933
3935,train,3935
3936,train,3936
3937,train,3937
3938,train,3938
3939,train,3939
3940,train,3940
3941,train,3941
3942,train,3942
3943,train,3943
3945,train,3945
3946,train,3946
3947,train,3947
3948,train,3948
3950,train,3950
3952,train,3952
3953,train,3953
3954,train,3954
3955,train,3955
3956,train,3956
3958,train,3958
3959,train,3959
3960,train,3960
3961,train,3961
3963,train,3963
3965,train,3965
3966,train,3966
3967,train,3967
3969,train,3969
3970,train,3970
3972,train,3972
3973,train,3973
3974,train,3974
3975,train,3975
3976,train,3976
3977,train,3977
3978,train,3978
3979,train,3979
3980,train,3980
3982,train,3982
3983,train,3983
3984,train,3984
3985,train,3985
3986,train,3986
3987,train,3987
3988,train,3988
3992,train,3992
3993,train,3993
3994,train,3994
3995,train,3995
3996,train,3996
3997,train,3997
3998,train,3998
3999,train,3999
4000,train,4000
4001,train,4001
4002,train,4002
4004,train,4004
4005,train,4005
4006,train,4006
4007,train,4007
4009,train,4009
4010,train,4010
4011,train,4011
4012,train,4012
4015,train,4015
4016,train,4016
4017,train,4017
4018,train,4018
4019,train,4019
4021,train,4021
4022,train,4022
4023,train,4023
4024,train,4024
4025,train,4025
4027,train,4027
4028,train,4028
4029,train,4029
4030,train,4030
4031,train,4031
4032,train,4032
4034,train,4034
4035,train,4035
4036,train,4036
4037,train,4037
4038,train,4038
4039,train,4039
4040,train,4040
4042,train,4042
4043,train,4043
4044,train,4044
4045,train,4045
4046,train,4046
4047,train,4047
4048,train,4048
4049,train,4049
4051,train,4051
4052,train,4052
4053,train,4053
4054,train,4054
4056,train,4056
4057,train,4057
4058,train,4058
4059,train,4059
4060,train,4060
4061,train,4061
4062,train,4062
4063,train,4063
4064,train,4064
4065,train,4065
4066,train,4066
4068,train,4068
4069,train,4069
4070,train,4070
4071,train,4071
4072,train,4072
4073,train,4073
4074,train,4074
4075,train,4075
4077,train,4077
4078,train,4078
4080,train,4080
4081,train,4081
4082,train,4082
4084,train,4084
4085,train,4085
4086,train,4086
4087,train,4087
4088,train,4088
4089,train,4089
4092,train,4092
4093,train,4093
4097,train,4097
4098,train,4098
4099,train,4099
4101,train,4101
4102,train,4102
4103,train,4103
4104,train,4104
4105,train,4105
4107,train,4107
4108,train,4108
4109,train,4109
4110,train,4110
4112,train,4112
4113,train,4113
4114,train,4114
4115,train,4115
4116,train,4116
4117,train,4117
4118,train,4118
4119,train,4119
4120,train,4120
4122,train,4122
4123,train,4123
4124,train,4124
4125,train,4125
4127,train,4127
4128,train,4128
4129,train,4129
4130,train,4130
4131,train,4131
4132,train,4132
4134,train,4134
4137,train,4137
4138,train,4138
4139,train,4139
4141,train,4141
4142,train,4142
4143,train,4143
4144,train,4144
4145,train,4145
4147,train,4147
4148,train,4148
4149,train,4149
4150,train,4150
4151,train,4151
4152,train,4152
4154,train,4154
4156,train,4156
4157,train,4157
4159,train,4159
4161,train,4161
4162,train,4162
4163,train,4163
4164,train,4164
4165,train,4165
4166,train,4166
4167,train,4167
4169,train,4169
4170,train,4170
4171,train,4171
4172,train,4172
4173,train,4173
4175,train,4175
4176,train,4176
4179,train,4179
4180,train,4180
4182,train,4182
4183,train,4183
4184,train,4184
4185,train,4185
4186,train,4186
4187,train,4187
4188,train,4188
4190,train,4190
4195,train,4195
4196,train,4196
4198,train,4198
4199,train,4199
4200,train,4200
4201,train,4201
4202,train,4202
4204,train,4204
4205,train,4205
4207,train,4207
4208,train,4208
4209,train,4209
4210,train,4210
4211,train,4211
4212,train,4212
4213,train,4213
4214,train,4214
4215,train,4215
4218,train,4218
4219,train,4219
4220,train,4220
4221,train,4221
4222,train,4222
4223,train,4223
4224,train,4224
4225,train,4225
4226,train,4226
4229,train,4229
4230,train,4230
4232,train,4232
4233,train,4233
4234,train,4234
4235,train,4235
4236,train,4236
4237,train,4237
4238,train,4238
4240,train,4240
4242,train,4242
4243,train,4243
4246,train,4246
4247,train,4247
4248,train,4248
4249,train,4249
4250,train,4250
4251,train,4251
4252,train,4252
4253,train,4253
4254,train,4254
4255,train,4255
4256,train,4256
4258,train,4258
4261,train,4261
4263,train,4263
4264,train,4264
4265,train,4265
4266,train,4266
4267,train,4267
4268,train,4268
4269,train,4269
4270,train,4270
4271,train,4271
4272,train,4272
4273,train,4273
4274,train,4274
4276,train,4276
4277,train,4277
4279,train,4279
4280,train,4280
4281,train,4281
4282,train,4282
4283,train,4283
4285,train,4285
4286,train,4286
4288,train,4288
4289,train,4289
4290,train,4290
4291,train,4291
4292,train,4292
4293,train,4293
4294,train,4294
4295,train,4295
4296,train,4296
4297,train,4297
4299,train,4299
4300,train,4300
4304,train,4304
4305,train,4305
4306,train,4306
4308,train,4308
4310,train,4310
4312,train,4312
4313,train,4313
4314,train,4314
4315,train,4315
4316,train,4316
4317,train,4317
4318,train,4318
4320,train,4320
4321,train,4321
4322,train,4322
4323,train,4323
4324,train,4324
4325,train,4325
4326,train,4326
4327,train,4327
4328,train,4328
4329,train,4329
4330,train,4330
4331,train,4331
4332,train,4332
4333,train,4333
4334,train,4334
4335,train,4335
4336,train,4336
4337,train,4337
4338,train,4338
4340,train,4340
4341,train,4341
4342,train,4342
4343,train,4343
4344,train,4344
4345,train,4345
4346,train,4346
4347,train,4347
4348,train,4348
4349,train,4349
4350,train,4350
4351,train,4351
4352,train,4352
4353,train,4353
4355,train,4355
4357,train,4357
4359,train,4359
4360,train,4360
4362,train,4362
4363,train,4363
4364,train,4364
4365,train,4365
4366,train,4366
4367,train,4367
4368,train,4368
4369,train,4369
4370,train,4370
4372,train,4372
4373,train,4373
4375,train,4375
4376,train,4376
4377,train,4377
4378,train,4378
4379,train,4379
4380,train,4380
4381,train,4381
4382,train,4382
4383,train,4383
4384,train,4384
4385,train,4385
4386,train,4386
4388,train,4388
4389,train,4389
4391,train,4391
4392,train,4392
4393,train,4393
4394,train,4394
4395,train,4395
4396,train,4396
4397,train,4397
4398,train,4398
4399,train,4399
4400,train,4400
4401,train,4401
4402,train,4402
4404,train,4404
4405,train,4405
4406,train,4406
4408,train,4408
4409,train,4409
4410,train,4410
4411,train,4411
4412,train,4412
4413,train,4413
4414,train,4414
4415,train,4415
4416,train,4416
4418,train,4418
4419,train,4419
4420,train,4420
4421,train,4421
4422,train,4422
4423,train,4423
4424,train,4424
4426,train,4426
4427,train,4427
4428,train,4428
4429,train,4429
4430,train,4430
4433,train,4433
4434,train,4434
4436,train,4436
4437,train,4437
4438,train,4438
4439,train,4439
4440,train,4440
4441,train,4441
4442,train,4442
4443,train,4443
4444,train,4444
4445,train,4445
4446,train,4446
4447,train,4447
4448,train,4448
4449,train,4449
4450,train,4450
4451,train,4451
4452,train,4452
4454,train,4454
4455,train,4455
4456,train,4456
4457,train,4457
4458,train,4458
4459,train,4459
4461,train,4461
4462,train,4462
4463,train,4463
4464,train,4464
4466,train,4466
4467,train,4467
4468,train,4468
4469,train,4469
4470,train,4470
4473,train,4473
4475,train,4475
4476,train,4476
4478,train,4478
4480,train,4480
4481,train,4481
4482,train,4482
4483,train,4483
4484,train,4484
4485,train,4485
4486,train,4486
4487,train,4487
4488,train,4488
4490,train,4490
4491,train,4491
4492,train,4492
4493,train,4493
4494,train,4494
4496,train,4496
4497,train,4497
4498,train,4498
4500,train,4500
4501,train,4501
4503,train,4503
4504,train,4504
4506,train,4506
4507,train,4507
4508,train,4508
4509,train,4509
4510,train,4510
4511,train,4511
4512,train,4512
4513,train,4513
4514,train,4514
4515,train,4515
4516,train,4516
4518,train,4518
4520,train,4520
4521,train,4521
4522,train,4522
4523,train,4523
4524,train,4524
4525,train,4525
4527,train,4527
4528,train,4528
4529,train,4529
4530,train,4530
4531,train,4531
4533,train,4533
4534,train,4534
4535,train,4535
4536,train,4536
4537,train,4537
4538,train,4538
4539,train,4539
4540,train,4540
4541,train,4541
4542,train,4542
4543,train,4543
4545,train,4545
4546,train,4546
4547,train,4547
4548,train,4548
4549,train,4549
4550,train,4550
4551,train,4551
4552,train,4552
4553,train,4553
4554,train,4554
4555,train,4555
4556,train,4556
4557,train,4557
4558,train,4558
4559,train,4559
4560,train,4560
4561,train,4561
4562,train,4562
4564,train,4564
4565,train,4565
4568,train,4568
4569,train,4569
4570,train,4570
4571,train,4571
4572,train,4572
4573,train,4573
4574,train,4574
4575,train,4575
4577,train,4577
4578,train,4578
4579,train,4579
4580,train,4580
4581,train,4581
4582,train,4582
4583,train,4583
4584,train,4584
4586,train,4586
4587,train,4587
4588,train,4588
4589,train,4589
4591,train,4591
4592,train,4592
4594,train,4594
4595,train,4595
4596,train,4596
4598,train,4598
4599,train,4599
4600,train,4600
4601,train,4601
4602,train,4602
4603,train,4603
4604,train,4604
4605,train,4605
4607,train,4607
4608,train,4608
4609,train,4609
4610,train,4610
4611,train,4611
4612,train,4612
4614,train,4614
4615,train,4615
4616,train,4616
4617,train,4617
4618,train,4618
4619,train,4619
4620,train,4620
4621,train,4621
4622,train,4622
4623,train,4623
4624,train,4624
4625,train,4625
4629,train,4629
4630,train,4630
4631,train,4631
4632,train,4632
4634,train,4634
4636,train,4636
4638,train,4638
4639,train,4639
4640,train,4640
4641,train,4641
4642,train,4642
4643,train,4643
4644,train,4644
4645,train,4645
4647,train,4647
4648,train,4648
4649,train,4649
4650,train,4650
4651,train,4651
4652,train,4652
4653,train,4653
4654,train,4654
4656,train,4656
4657,train,4657
4658,train,4658
4659,train,4659
4660,train,4660
4661,train,4661
4662,train,4662
4663,train,4663
4664,train,4664
4665,train,4665
4666,train,4666
4668,train,4668
4669,train,4669
4670,train,4670
4671,train,4671
4672,train,4672
4673,train,4673
4674,train,4674
4675,train,4675
4676,train,4676
4677,train,4677
4679,train,4679
4680,train,4680
4681,train,4681
4682,train,4682
4683,train,4683
4684,train,4684
4685,train,4685
4686,train,4686
4687,train,4687
4688,train,4688
4689,train,4689
4690,train,4690
4691,train,4691
4693,train,4693
4694,train,4694
4695,train,4695
4696,train,4696
4697,train,4697
4698,train,4698
4699,train,4699
4700,train,4700
4701,train,4701
4702,train,4702
4704,train,4704
4705,train,4705
4706,train,4706
4707,train,4707
4709,train,4709
4710,train,4710
4711,train,4711
4712,train,4712
4713,train,4713
4714,train,4714
4715,train,4715
4716,train,4716
4717,train,4717
4718,train,4718
4720,train,4720
4721,train,4721
4722,train,4722
4723,train,4723
4724,train,4724
4725,train,4725
4726,train,4726
4729,train,4729
4730,train,4730
4731,train,4731
4733,train,4733
4734,train,4734
4735,train,4735
4736,train,4736
4737,train,4737
4738,train,4738
4739,train,4739
4740,train,4740
4742,train,4742
4743,train,4743
4745,train,4745
4747,train,4747
4748,train,4748
4749,train,4749
4750,train,4750
4751,train,4751
4753,train,4753
4754,train,4754
4755,train,4755
4756,train,4756
4757,train,4757
4758,train,4758
4759,train,4759
4760,train,4760
4761,train,4761
4762,train,4762
4763,train,4763
4764,train,4764
4765,train,4765
4766,train,4766
4767,train,4767
4768,train,4768
4769,train,4769
4770,train,4770
4771,train,4771
4772,train,4772
4774,train,4774
4775,train,4775
4777,train,4777
4779,train,4779
4780,train,4780
4781,train,4781
4782,train,4782
4783,train,4783
4784,train,4784
4786,train,4786
4787,train,4787
4788,train,4788
4789,train,4789
4790,train,4790
4791,train,4791
4792,train,4792
4793,train,4793
4794,train,4794
4795,train,4795
4796,train,4796
4797,train,4797
4798,train,4798
4799,train,4799
4800,train,4800
4801,train,4801
4802,train,4802
4803,train,4803
4804,train,4804
4806,train,4806
4807,train,4807
4808,train,4808
4809,train,4809
4810,train,4810
4813,train,4813
4814,train,4814
4815,train,4815
4816,train,4816
4817,train,4817
4819,train,4819
4820,train,4820
4821,train,4821
4823,train,4823
4824,train,4824
4826,train,4826
4828,train,4828
4829,train,4829
4831,train,4831
4832,train,4832
4833,train,4833
4835,train,4835
4837,train,4837
4839,train,4839
4840,train,4840
4842,train,4842
4843,train,4843
4844,train,4844
4845,train,4845
4846,train,4846
4847,train,4847
4848,train,4848
4849,train,4849
4851,train,4851
4852,train,4852
4853,train,4853
4854,train,4854
4855,train,4855
4856,train,4856
4857,train,4857
4858,train,4858
4859,train,4859
4860,train,4860
4862,train,4862
4863,train,4863
4864,train,4864
4865,train,4865
4867,train,4867
4868,train,4868
4869,train,4869
4870,train,4870
4873,train,4873
4874,train,4874
4875,train,4875
4876,train,4876
4877,train,4877
4879,train,4879
4880,train,4880
4882,train,4882
4883,train,4883
4884,train,4884
4885,train,4885
4886,train,4886
4889,train,4889
4890,train,4890
4891,train,4891
4892,train,4892
4893,train,4893
4896,train,4896
4897,train,4897
4898,train,4898
4899,train,4899
4900,train,4900
4901,train,4901
4902,train,4902
4903,train,4903
4904,train,4904
4905,train,4905
4906,train,4906
4907,train,4907
4909,train,4909
4910,train,4910
4911,train,4911
4912,train,4912
4914,train,4914
4916,train,4916
4918,train,4918
4919,train,4919
4920,train,4920
4921,train,4921
4922,train,4922
4924,train,4924
4925,train,4925
4927,train,4927
4928,train,4928
4931,train,4931
4932,train,4932
4934,train,4934
4935,train,4935
4936,train,4936
4938,train,4938
4939,train,4939
4940,train,4940
4941,train,4941
4942,train,4942
4943,train,4943
4944,train,4944
4945,train,4945
4946,train,4946
4947,train,4947
4948,train,4948
4949,train,4949
4950,train,4950
4952,train,4952
4953,train,4953
4954,train,4954
4955,train,4955
4956,train,4956
4957,train,4957
4958,train,4958
4959,train,4959
4960,train,4960
4961,train,4961
4963,train,4963
4964,train,4964
4965,train,4965
4966,train,4966
4969,train,4969
4970,train,4970
4972,train,4972
4973,train,4973
4975,train,4975
4976,train,4976
4977,train,4977
4978,train,4978
4980,train,4980
4981,train,4981
4982,train,4982
4983,train,4983
4984,train,4984
4985,train,4985
4986,train,4986
4987,train,4987
4988,train,4988
4989,train,4989
4990,train,4990
4991,train,4991
4992,train,4992
4993,train,4993
4995,train,4995
4996,train,4996
4998,train,4998
5000,train,5000
5001,train,5001
5002,train,5002
5003,train,5003
5004,train,5004
5005,train,5005
5006,train,5006
5007,train,5007
5008,train,5008
5009,train,5009
5010,train,5010
5012,train,5012
5013,train,5013
5014,train,5014
5015,train,5015
5017,train,5017
5018,train,5018
5019,train,5019
5020,train,5020
5021,train,5021
5022,train,5022
5023,train,5023
5024,train,5024
5025,train,5025
5026,train,5026
5028,train,5028
5029,train,5029
5030,train,5030
5032,train,5032
5034,train,5034
5036,train,5036
5037,train,5037
5038,train,5038
5040,train,5040
5041,train,5041
5043,train,5043
5044,train,5044
5045,train,5045
5046,train,5046
5048,train,5048
5049,train,5049
5050,train,5050
5051,train,5051
5052,train,5052
5053,train,5053
5054,train,5054
5055,train,5055
5057,train,5057
5061,train,5061
5062,train,5062
5063,train,5063
5065,train,5065
5066,train,5066
5067,train,5067
5068,train,5068
5069,train,5069
5070,train,5070
5071,train,5071
5072,train,5072
5073,train,5073
5074,train,5074
5075,train,5075
5076,train,5076
5077,train,5077
5079,train,5079
5080,train,5080
5081,train,5081
5082,train,5082
5083,train,5083
5084,train,5084
5085,train,5085
5086,train,5086
5087,train,5087
5088,train,5088
5089,train,5089
5090,train,5090
5092,train,5092
5093,train,5093
5094,train,5094
5095,train,5095
5096,train,5096
5097,train,5097
5098,train,5098
5099,train,5099
5100,train,5100
5101,train,5101
5102,train,5102
5103,train,5103
5104,train,5104
5106,train,5106
5107,train,5107
5108,train,5108
5109,train,5109
5110,train,5110
5111,train,5111
5112,train,5112
5113,train,5113
5114,train,5114
5115,train,5115
5116,train,5116
5117,train,5117
5118,train,5118
5119,train,5119
5120,train,5120
5121,train,5121
5122,train,5122
5123,train,5123
5125,train,5125
5126,train,5126
5127,train,5127
5128,train,5128
5129,train,5129
5130,train,5130
5133,train,5133
5134,train,5134
5136,train,5136
5137,train,5137
5138,train,5138
5139,train,5139
5140,train,5140
5142,train,5142
5143,train,5143
5144,train,5144
5145,train,5145
5146,train,5146
5147,train,5147
5148,train,5148
5149,train,5149
5150,train,5150
5151,train,5151
5152,train,5152
5155,train,5155
5156,train,5156
5157,train,5157
5158,train,5158
5159,train,5159
5160,train,5160
5161,train,5161
5162,train,5162
5164,train,5164
5165,train,5165
5166,train,5166
5168,train,5168
5169,train,5169
5170,train,5170
5171,train,5171
5172,train,5172
5173,train,5173
5174,train,5174
5176,train,5176
5178,train,5178
5179,train,5179
5180,train,5180
5181,train,5181
5182,train,5182
5183,train,5183
5184,train,5184
5185,train,5185
5186,train,5186
5187,train,5187
5188,train,5188
5189,train,5189
5190,train,5190
5191,train,5191
5192,train,5192
5193,train,5193
5194,train,5194
5196,train,5196
5197,train,5197
5201,train,5201
5202,train,5202
5203,train,5203
5204,train,5204
5205,train,5205
5206,train,5206
5207,train,5207
5208,train,5208
5210,train,5210
5211,train,5211
5212,train,5212
5213,train,5213
5214,train,5214
5215,train,5215
5218,train,5218
5219,train,5219
5220,train,5220
5221,train,5221
5222,train,5222
5223,train,5223
5224,train,5224
5225,train,5225
5226,train,5226
5227,train,5227
5228,train,5228
5229,train,5229
5230,train,5230
5231,train,5231
5232,train,5232
5234,train,5234
5235,train,5235
5236,train,5236
5238,train,5238
5239,train,5239
5243,train,5243
5244,train,5244
5245,train,5245
5247,train,5247
5249,train,5249
5250,train,5250
5251,train,5251
5252,train,5252
5253,train,5253
5255,train,5255
5257,train,5257
5258,train,5258
5260,train,5260
5262,train,5262
5263,train,5263
5264,train,5264
5265,train,5265
5267,train,5267
5268,train,5268
5269,train,5269
5270,train,5270
5271,train,5271
5272,train,5272
5273,train,5273
5274,train,5274
5275,train,5275
5277,train,5277
5278,train,5278
5279,train,5279
5281,train,5281
5282,train,5282
5283,train,5283
5285,train,5285
5286,train,5286
5288,train,5288
5289,train,5289
5290,train,5290
5291,train,5291
5292,train,5292
5294,train,5294
5295,train,5295
5296,train,5296
5297,train,5297
5298,train,5298
5299,train,5299
5301,train,5301
5303,train,5303
5304,train,5304
5306,train,5306
5307,train,5307
5310,train,5310
5311,train,5311
5313,train,5313
5314,train,5314
5315,train,5315
5319,train,5319
5321,train,5321
5322,train,5322
5323,train,5323
5324,train,5324
5325,train,5325
5327,train,5327
5328,train,5328
5329,train,5329
5330,train,5330
5331,train,5331
5332,train,5332
5333,train,5333
5334,train,5334
5335,train,5335
5337,train,5337
5338,train,5338
5339,train,5339
5340,train,5340
5342,train,5342
5344,train,5344
5346,train,5346
5347,train,5347
5348,train,5348
5349,train,5349
5350,train,5350
5351,train,5351
5352,train,5352
5354,train,5354
5355,train,5355
5356,train,5356
5357,train,5357
5358,train,5358
5359,train,5359
5361,train,5361
5362,train,5362
5363,train,5363
5364,train,5364
5365,train,5365
5367,train,5367
5369,train,5369
5370,train,5370
5371,train,5371
5372,train,5372
5373,train,5373
5375,train,5375
5376,train,5376
5378,train,5378
5382,train,5382
5383,train,5383
5385,train,5385
5386,train,5386
5387,train,5387
5388,train,5388
5389,train,5389
5391,train,5391
5392,train,5392
5395,train,5395
5396,train,5396
5397,train,5397
5398,train,5398
5400,train,5400
5402,train,5402
5403,train,5403
5406,train,5406
5407,train,5407
5408,train,5408
5409,train,5409
5410,train,5410
5412,train,5412
5413,train,5413
5414,train,5414
5415,train,5415
5416,train,5416
5417,train,5417
5418,train,5418
5419,train,5419
5420,train,5420
5422,train,5422
5423,train,5423
5425,train,5425
5426,train,5426
5427,train,5427
5429,train,5429
5430,train,5430
5431,train,5431
5432,train,5432
5433,train,5433
5434,train,5434
5435,train,5435
5436,train,5436
5437,train,5437
5440,train,5440
5441,train,5441
5442,train,5442
5445,train,5445
5446,train,5446
5447,train,5447
5448,train,5448
5450,train,5450
5451,train,5451
5453,train,5453
5454,train,5454
5455,train,5455
5457,train,5457
5458,train,5458
5460,train,5460
5461,train,5461
5462,train,5462
5463,train,5463
5464,train,5464
5465,train,5465
5466,train,5466
5467,train,5467
5469,train,5469
5470,train,5470
5471,train,5471
5472,train,5472
5473,train,5473
5474,train,5474
5477,train,5477
5478,train,5478
5479,train,5479
5480,train,5480
5481,train,5481
5482,train,5482
5483,train,5483
5484,train,5484
5485,train,5485
5486,train,5486
5487,train,5487
5488,train,5488
5489,train,5489
5490,train,5490
5491,train,5491
5492,train,5492
5493,train,5493
5494,train,5494
5495,train,5495
5496,train,5496
5497,train,5497
5498,train,5498
5499,train,5499
5500,train,5500
5501,train,5501
5502,train,5502
5503,train,5503
5504,train,5504
5505,train,5505
5506,train,5506
5507,train,5507
5508,train,5508
5509,train,5509
5510,train,5510
5511,train,5511
5512,train,5512
5514,train,5514
5515,train,5515
5516,train,5516
5517,train,5517
5518,train,5518
5519,train,5519
5520,train,5520
5523,train,5523
5524,train,5524
5525,train,5525
5526,train,5526
5527,train,5527
5528,train,5528
5529,train,5529
5531,train,5531
5532,train,5532
5533,train,5533
5536,train,5536
5537,train,5537
5538,train,5538
5539,train,5539
5542,train,5542
5543,train,5543
5544,train,5544
5546,train,5546
5547,train,5547
5548,train,5548
5549,train,5549
5550,train,5550
5551,train,5551
5552,train,5552
5553,train,5553
5555,train,5555
5556,train,5556
5557,train,5557
5560,train,5560
5562,train,5562
5563,train,5563
5564,train,5564
5565,train,5565
5566,train,5566
5567,train,5567
5568,train,5568
5570,train,5570
5572,train,5572
5573,train,5573
5575,train,5575
5576,train,5576
5577,train,5577
5578,train,5578
5579,train,5579
5580,train,5580
5581,train,5581
5582,train,5582
5583,train,5583
5584,train,5584
5585,train,5585
5587,train,5587
5589,train,5589
5590,train,5590
5592,train,5592
5593,train,5593
5594,train,5594
5596,train,5596
5597,train,5597
5598,train,5598
5599,train,5599
5600,train,5600
5601,train,5601
5603,train,5603
5604,train,5604
5605,train,5605
5606,train,5606
5607,train,5607
5608,train,5608
5609,train,5609
5610,train,5610
5611,train,5611
5612,train,5612
5613,train,5613
5615,train,5615
5616,train,5616
5617,train,5617
5619,train,5619
5620,train,5620
5621,train,5621
5622,train,5622
5624,train,5624
5625,train,5625
5626,train,5626
5627,train,5627
5628,train,5628
5630,train,5630
5631,train,5631
5633,train,5633
5635,train,5635
5637,train,5637
5638,train,5638
5639,train,5639
5640,train,5640
5641,train,5641
5642,train,5642
5644,train,5644
5646,train,5646
5648,train,5648
5650,train,5650
5651,train,5651
5653,train,5653
5654,train,5654
5655,train,5655
5656,train,5656
5657,train,5657
5658,train,5658
5659,train,5659
5661,train,5661
5662,train,5662
5663,train,5663
5665,train,5665
5666,train,5666
5667,train,5667
5669,train,5669
5670,train,5670
5671,train,5671
5672,train,5672
5673,train,5673
5674,train,5674
5675,train,5675
5676,train,5676
5679,train,5679
5680,train,5680
5681,train,5681
5682,train,5682
5683,train,5683
5685,train,5685
5687,train,5687
5688,train,5688
5689,train,5689
5691,train,5691
5692,train,5692
5693,train,5693
5694,train,5694
5695,train,5695
5696,train,5696
5697,train,5697
5699,train,5699
5701,train,5701
5702,train,5702
5703,train,5703
5704,train,5704
5705,train,5705
5706,train,5706
5707,train,5707
5708,train,5708
5709,train,5709
5710,train,5710
5711,train,5711
5713,train,5713
5715,train,5715
5716,train,5716
5717,train,5717
5718,train,5718
5720,train,5720
5721,train,5721
5722,train,5722
5723,train,5723
5724,train,5724
5727,train,5727
5728,train,5728
5729,train,5729
5730,train,5730
5731,train,5731
5732,train,5732
5733,train,5733
5734,train,5734
5735,train,5735
5736,train,5736
5737,train,5737
5739,train,5739
5740,train,5740
5741,train,5741
5743,train,5743
5744,train,5744
5745,train,5745
5746,train,5746
5747,train,5747
5748,train,5748
5750,train,5750
5751,train,5751
5752,train,5752
5753,train,5753
5754,train,5754
5756,train,5756
5757,train,5757
5758,train,5758
5759,train,5759
5760,train,5760
5762,train,5762
5763,train,5763
5764,train,5764
5765,train,5765
5766,train,5766
5768,train,5768
5769,train,5769
5770,train,5770
5771,train,5771
5772,train,5772
5773,train,5773
5774,train,5774
5775,train,5775
5776,train,5776
5777,train,5777
5778,train,5778
5779,train,5779
5780,train,5780
5781,train,5781
5782,train,5782
5783,train,5783
5784,train,5784
5785,train,5785
5787,train,5787
5788,train,5788
5789,train,5789
5790,train,5790
5791,train,5791
5792,train,5792
5793,train,5793
5794,train,5794
5795,train,5795
5796,train,5796
5797,train,5797
5798,train,5798
5799,train,5799
5800,train,5800
5802,train,5802
5803,train,5803
5804,train,5804
5805,train,5805
5806,train,5806
5807,train,5807
5810,train,5810
5811,train,5811
5812,train,5812
5813,train,5813
5814,train,5814
5815,train,5815
5816,train,5816
5818,train,5818
5820,train,5820
5821,train,5821
5822,train,5822
5823,train,5823
5824,train,5824
5825,train,5825
5827,train,5827
5828,train,5828
5829,train,5829
5830,train,5830
5832,train,5832
5833,train,5833
5834,train,5834
5835,train,5835
5836,train,5836
5838,train,5838
5839,train,5839
5840,train,5840
5841,train,5841
5842,train,5842
5843,train,5843
5844,train,5844
5846,train,5846
5847,train,5847
5848,train,5848
5849,train,5849
5850,train,5850
5851,train,5851
5852,train,5852
5853,train,5853
5857,train,5857
5858,train,5858
5859,train,5859
5860,train,5860
5861,train,5861
5862,train,5862
5863,train,5863
5864,train,5864
5865,train,5865
5866,train,5866
5868,train,5868
5869,train,5869
5870,train,5870
5873,train,5873
5874,train,5874
5875,train,5875
5876,train,5876
5877,train,5877
5879,train,5879
5880,train,5880
5881,train,5881
5884,train,5884
5886,train,5886
5887,train,5887
5888,train,5888
5890,train,5890
5891,train,5891
5893,train,5893
5895,train,5895
5896,train,5896
5897,train,5897
5900,train,5900
5901,train,5901
5902,train,5902
5903,train,5903
5904,train,5904
5905,train,5905
5906,train,5906
5907,train,5907
5908,train,5908
5909,train,5909
5911,train,5911
5912,train,5912
5913,train,5913
5914,train,5914
5915,train,5915
5918,train,5918
5919,train,5919
5920,train,5920
5921,train,5921
5922,train,5922
5923,train,5923
5924,train,5924
5925,train,5925
5926,train,5926
5927,train,5927
5928,train,5928
5929,train,5929
5930,train,5930
5931,train,5931
5932,train,5932
5934,train,5934
5935,train,5935
5936,train,5936
5937,train,5937
5939,train,5939
5940,train,5940
5941,train,5941
5942,train,5942
5944,train,5944
5946,train,5946
5947,train,5947
5948,train,5948
5952,train,5952
5953,train,5953
5954,train,5954
5955,train,5955
5958,train,5958
5960,train,5960
5961,train,5961
5962,train,5962
5963,train,5963
5965,train,5965
5966,train,5966
5967,train,5967
5968,train,5968
5969,train,5969
5970,train,5970
5972,train,5972
5975,train,5975
5976,train,5976
5977,train,5977
5979,train,5979
5980,train,5980
5981,train,5981
5984,train,5984
5988,train,5988
5989,train,5989
5990,train,5990
5992,train,5992
5993,train,5993
5994,train,5994
5995,train,5995
5997,train,5997
5998,train,5998
5999,train,5999
6000,train,6000
6001,train,6001
6003,train,6003
6004,train,6004
6005,train,6005
6006,train,6006
6007,train,6007
6008,train,6008
6009,train,6009
6010,train,6010
6011,train,6011
6012,train,6012
6013,train,6013
6014,train,6014
6015,train,6015
6016,train,6016
6017,train,6017
6018,train,6018
6019,train,6019
6020,train,6020
6021,train,6021
6022,train,6022
6024,train,6024
6026,train,6026
6027,train,6027
6028,train,6028
6029,train,6029
6030,train,6030
6033,train,6033
6034,train,6034
6035,train,6035
6036,train,6036
6037,train,6037
6038,train,6038
6039,train,6039
6041,train,6041
6042,train,6042
6043,train,6043
6045,train,6045
6046,train,6046
6047,train,6047
6048,train,6048
6049,train,6049
6050,train,6050
6051,train,6051
6052,train,6052
6053,train,6053
6054,train,6054
6055,train,6055
6059,train,6059
6060,train,6060
6062,train,6062
6064,train,6064
6065,train,6065
6066,train,6066
6071,train,6071
6072,train,6072
6073,train,6073
6074,train,6074
6075,train,6075
6076,train,6076
6077,train,6077
6078,train,6078
6079,train,6079
6080,train,6080
6081,train,6081
6082,train,6082
6083,train,6083
6084,train,6084
6085,train,6085
6087,train,6087
6090,train,6090
6092,train,6092
6093,train,6093
6094,train,6094
6095,train,6095
6096,train,6096
6097,train,6097
6098,train,6098
6099,train,6099
6100,train,6100
6101,train,6101
6102,train,6102
6103,train,6103
6104,train,6104
6105,train,6105
6106,train,6106
6107,train,6107
6108,train,6108
6109,train,6109
6110,train,6110
6112,train,6112
6113,train,6113
6114,train,6114
6116,train,6116
6117,train,6117
6118,train,6118
6119,train,6119
6120,train,6120
6122,train,6122
6123,train,6123
6125,train,6125
6129,train,6129
6130,train,6130
6131,train,6131
6132,train,6132
6133,train,6133
6134,train,6134
6135,train,6135
6138,train,6138
6139,train,6139
6140,train,6140
6141,train,6141
6142,train,6142
6146,train,6146
6147,train,6147
6148,train,6148
6150,train,6150
6152,train,6152
6153,train,6153
6154,train,6154
6155,train,6155
6156,train,6156
6159,train,6159
6161,train,6161
6162,train,6162
6163,train,6163
6164,train,6164
6165,train,6165
6166,train,6166
6167,train,6167
6168,train,6168
6169,train,6169
6171,train,6171
6172,train,6172
6173,train,6173
6174,train,6174
6175,train,6175
6176,train,6176
6177,train,6177
6178,train,6178
6179,train,6179
6181,train,6181
6182,train,6182
6183,train,6183
6184,train,6184
6185,train,6185
6186,train,6186
6187,train,6187
6189,train,6189
6190,train,6190
6191,train,6191
6194,train,6194
6195,train,6195
6196,train,6196
6197,train,6197
6198,train,6198
6199,train,6199
6201,train,6201
6202,train,6202
6203,train,6203
6204,train,6204
6205,train,6205
6206,train,6206
6207,train,6207
6208,train,6208
6209,train,6209
6210,train,6210
6212,train,6212
6213,train,6213
6214,train,6214
6215,train,6215
6216,train,6216
6217,train,6217
6218,train,6218
6219,train,6219
6221,train,6221
6222,train,6222
6223,train,6223
6224,train,6224
6225,train,6225
6226,train,6226
6227,train,6227
6228,train,6228
6229,train,6229
6230,train,6230
6231,train,6231
6232,train,6232
6233,train,6233
6234,train,6234
6235,train,6235
6236,train,6236
6239,train,6239
6240,train,6240
6242,train,6242
6243,train,6243
6244,train,6244
6245,train,6245
6247,train,6247
6248,train,6248
6250,train,6250
6251,train,6251
6252,train,6252
6253,train,6253
6254,train,6254
6256,train,6256
6257,train,6257
6259,train,6259
6260,train,6260
6261,train,6261
6262,train,6262
6264,train,6264
6265,train,6265
6267,train,6267
6268,train,6268
6270,train,6270
6271,train,6271
6272,train,6272
6273,train,6273
6274,train,6274
6275,train,6275
6276,train,6276
6278,train,6278
6279,train,6279
6280,train,6280
6281,train,6281
6282,train,6282
6285,train,6285
6286,train,6286
6288,train,6288
6290,train,6290
6292,train,6292
6293,train,6293
6294,train,6294
6296,train,6296
6300,train,6300
6301,train,6301
6302,train,6302
6305,train,6305
6306,train,6306
6308,train,6308
6309,train,6309
6310,train,6310
6312,train,6312
6314,train,6314
6315,train,6315
6317,train,6317
6318,train,6318
6319,train,6319
6320,train,6320
6321,train,6321
6322,train,6322
6323,train,6323
6324,train,6324
6325,train,6325
6326,train,6326
6327,train,6327
6330,train,6330
6331,train,6331
6332,train,6332
6334,train,6334
6335,train,6335
6337,train,6337
6338,train,6338
6339,train,6339
6340,train,6340
6342,train,6342
6343,train,6343
6344,train,6344
6345,train,6345
6346,train,6346
6347,train,6347
6348,train,6348
6349,train,6349
6350,train,6350
6351,train,6351
6352,train,6352
6354,train,6354
6355,train,6355
6356,train,6356
6357,train,6357
6358,train,6358
6359,train,6359
6360,train,6360
6362,train,6362
6364,train,6364
6365,train,6365
6366,train,6366
6368,train,6368
6369,train,6369
6371,train,6371
6372,train,6372
6373,train,6373
6374,train,6374
6375,train,6375
6376,train,6376
6378,train,6378
6379,train,6379
6381,train,6381
6382,train,6382
6383,train,6383
6385,train,6385
6387,train,6387
6388,train,6388
6389,train,6389
6393,train,6393
6395,train,6395
6396,train,6396
6397,train,6397
6399,train,6399
6400,train,6400
6401,train,6401
6402,train,6402
6403,train,6403
6404,train,6404
6406,train,6406
6407,train,6407
6408,train,6408
6409,train,6409
6411,train,6411
6413,train,6413
6414,train,6414
6415,train,6415
6416,train,6416
6417,train,6417
6418,train,6418
6419,train,6419
6420,train,6420
6421,train,6421
6422,train,6422
6425,train,6425
6426,train,6426
6427,train,6427
6428,train,6428
6429,train,6429
6430,train,6430
6431,train,6431
6433,train,6433
6435,train,6435
6436,train,6436
6437,train,6437
6438,train,6438
6439,train,6439
6441,train,6441
6442,train,6442
6444,train,6444
6445,train,6445
6446,train,6446
6448,train,6448
6449,train,6449
6450,train,6450
6451,train,6451
6452,train,6452
6453,train,6453
6454,train,6454
6456,train,6456
6457,train,6457
6458,train,6458
6459,train,6459
6460,train,6460
6461,train,6461
6463,train,6463
6464,train,6464
6465,train,6465
6467,train,6467
6468,train,6468
6469,train,6469
6470,train,6470
6471,train,6471
6473,train,6473
6474,train,6474
6476,train,6476
6477,train,6477
6478,train,6478
6479,train,6479
6480,train,6480
6481,train,6481
6482,train,6482
6483,train,6483
6484,train,6484
6485,train,6485
6486,train,6486
6488,train,6488
6489,train,6489
6490,train,6490
6493,train,6493
6494,train,6494
6495,train,6495
6496,train,6496
6498,train,6498
6499,train,6499
6500,train,6500
6501,train,6501
6502,train,6502
6503,train,6503
6504,train,6504
6505,train,6505
6506,train,6506
6507,train,6507
6508,train,6508
6510,train,6510
6511,train,6511
6512,train,6512
6513,train,6513
6514,train,6514
6516,train,6516
6517,train,6517
6518,train,6518
6519,train,6519
6520,train,6520
6521,train,6521
6522,train,6522
6523,train,6523
6524,train,6524
6526,train,6526
6528,train,6528
6532,train,6532
6533,train,6533
6537,train,6537
6538,train,6538
6539,train,6539
6540,train,6540
6541,train,6541
6544,train,6544
6545,train,6545
6546,train,6546
6549,train,6549
6550,train,6550
6552,train,6552
6553,train,6553
6554,train,6554
6555,train,6555
6556,train,6556
6557,train,6557
6558,train,6558
6559,train,6559
6560,train,6560
6561,train,6561
6562,train,6562
6563,train,6563
6564,train,6564
6566,train,6566
6568,train,6568
6569,train,6569
6570,train,6570
6572,train,6572
6573,train,6573
6574,train,6574
6575,train,6575
6576,train,6576
6578,train,6578
6579,train,6579
6580,train,6580
6582,train,6582
6584,train,6584
6585,train,6585
6587,train,6587
6589,train,6589
6590,train,6590
6591,train,6591
6592,train,6592
6593,train,6593
6594,train,6594
6597,train,6597
6598,train,6598
6599,train,6599
6600,train,6600
6601,train,6601
6602,train,6602
6603,train,6603
6604,train,6604
6605,train,6605
6606,train,6606
6607,train,6607
6609,train,6609
6610,train,6610
6612,train,6612
6613,train,6613
6614,train,6614
6615,train,6615
6616,train,6616
6617,train,6617
6618,train,6618
6619,train,6619
6620,train,6620
6621,train,6621
6622,train,6622
6623,train,6623
6624,train,6624
6626,train,6626
6627,train,6627
6628,train,6628
6629,train,6629
6630,train,6630
6632,train,6632
6633,train,6633
6634,train,6634
6637,train,6637
6638,train,6638
6639,train,6639
6640,train,6640
6641,train,6641
6642,train,6642
6643,train,6643
6644,train,6644
6645,train,6645
6648,train,6648
6649,train,6649
6650,train,6650
6651,train,6651
6652,train,6652
6654,train,6654
6655,train,6655
6656,train,6656
6657,train,6657
6658,train,6658
6659,train,6659
6661,train,6661
6662,train,6662
6666,train,6666
6667,train,6667
6668,train,6668
6669,train,6669
6670,train,6670
6671,train,6671
6672,train,6672
6673,train,6673
6674,train,6674
6675,train,6675
6676,train,6676
6677,train,6677
6678,train,6678
6680,train,6680
6681,train,6681
6682,train,6682
6683,train,6683
6684,train,6684
6685,train,6685
6686,train,6686
6688,train,6688
6689,train,6689
6690,train,6690
6693,train,6693
6694,train,6694
6695,train,6695
6696,train,6696
6697,train,6697
6698,train,6698
6699,train,6699
6700,train,6700
6701,train,6701
6702,train,6702
6703,train,6703
6705,train,6705
6709,train,6709
6710,train,6710
6711,train,6711
6713,train,6713
6714,train,6714
6715,train,6715
6716,train,6716
6717,train,6717
6718,train,6718
6719,train,6719
6720,train,6720
6723,train,6723
6724,train,6724
6725,train,6725
6726,train,6726
6727,train,6727
6729,train,6729
6731,train,6731
6732,train,6732
6733,train,6733
6734,train,6734
6735,train,6735
6736,train,6736
6737,train,6737
6738,train,6738
6739,train,6739
6741,train,6741
6743,train,6743
6745,train,6745
6746,train,6746
6747,train,6747
6748,train,6748
6749,train,6749
6750,train,6750
6751,train,6751
6752,train,6752
6753,train,6753
6754,train,6754
6755,train,6755
6756,train,6756
6757,train,6757
6758,train,6758
6759,train,6759
6760,train,6760
6761,train,6761
6763,train,6763
6764,train,6764
6765,train,6765
6766,train,6766
6768,train,6768
6769,train,6769
6770,train,6770
6771,train,6771
6772,train,6772
6773,train,6773
6774,train,6774
6776,train,6776
6777,train,6777
6778,train,6778
6779,train,6779
6780,train,6780
6781,train,6781
6782,train,6782
6783,train,6783
6785,train,6785
6786,train,6786
6788,train,6788
6789,train,6789
6791,train,6791
6793,train,6793
6794,train,6794
6795,train,6795
6796,train,6796
6797,train,6797
6799,train,6799
6801,train,6801
6803,train,6803
6804,train,6804
6805,train,6805
6807,train,6807
6810,train,6810
6811,train,6811
6813,train,6813
6814,train,6814
6815,train,6815
6816,train,6816
6817,train,6817
6818,train,6818
6819,train,6819
6821,train,6821
6822,train,6822
6823,train,6823
6824,train,6824
6825,train,6825
6826,train,6826
6827,train,6827
6828,train,6828
6829,train,6829
6830,train,6830
6831,train,6831
6833,train,6833
6834,train,6834
6835,train,6835
6836,train,6836
6837,train,6837
6838,train,6838
6840,train,6840
6841,train,6841
6842,train,6842
6843,train,6843
6844,train,6844
6845,train,6845
6846,train,6846
6847,train,6847
6848,train,6848
6849,train,6849
6851,train,6851
6852,train,6852
6853,train,6853
6855,train,6855
6856,train,6856
6858,train,6858
6859,train,6859
6860,train,6860
6861,train,6861
6862,train,6862
6863,train,6863
6864,train,6864
6866,train,6866
6867,train,6867
6869,train,6869
6870,train,6870
6871,train,6871
6873,train,6873
6874,train,6874
6876,train,6876
6877,train,6877
6878,train,6878
6879,train,6879
6880,train,6880
6881,train,6881
6883,train,6883
6884,train,6884
6885,train,6885
6886,train,6886
6887,train,6887
6889,train,6889
6890,train,6890
6891,train,6891
6892,train,6892
6893,train,6893
6894,train,6894
6895,train,6895
6896,train,6896
6897,train,6897
6899,train,6899
6901,train,6901
6902,train,6902
6904,train,6904
6905,train,6905
6907,train,6907
6908,train,6908
6909,train,6909
6910,train,6910
6911,train,6911
6912,train,6912
6913,train,6913
6914,train,6914
6915,train,6915
6916,train,6916
6918,train,6918
6920,train,6920
6921,train,6921
6922,train,6922
6923,train,6923
6924,train,6924
6925,train,6925
6926,train,6926
6927,train,6927
6929,train,6929
6930,train,6930
6932,train,6932
6933,train,6933
6934,train,6934
6935,train,6935
6936,train,6936
6937,train,6937
6938,train,6938
6939,train,6939
6940,train,6940
6941,train,6941
6944,train,6944
6945,train,6945
6946,train,6946
6947,train,6947
6948,train,6948
6950,train,6950
6951,train,6951
6952,train,6952
6954,train,6954
6955,train,6955
6956,train,6956
6957,train,6957
6958,train,6958
6959,train,6959
6961,train,6961
6962,train,6962
6963,train,6963
6964,train,6964
6965,train,6965
6966,train,6966
6967,train,6967
6968,train,6968
6969,train,6969
6970,train,6970
6971,train,6971
6972,train,6972
6973,train,6973
6974,train,6974
6976,train,6976
6977,train,6977
6978,train,6978
6980,train,6980
6981,train,6981
6982,train,6982
6983,train,6983
6984,train,6984
6985,train,6985
6986,train,6986
6987,train,6987
6988,train,6988
6989,train,6989
6990,train,6990
6991,train,6991
6992,train,6992
6993,train,6993
6994,train,6994
6995,train,6995
6996,train,6996
6997,train,6997
6999,train,6999
7000,train,7000
7002,train,7002
7004,train,7004
7005,train,7005
7006,train,7006
7007,train,7007
7008,train,7008
7009,train,7009
7012,train,7012
7014,train,7014
7015,train,7015
7016,train,7016
7017,train,7017
7018,train,7018
7019,train,7019
7020,train,7020
7021,train,7021
7023,train,7023
7024,train,7024
7026,train,7026
7027,train,7027
7028,train,7028
7029,train,7029
7031,train,7031
7033,train,7033
7034,train,7034
7036,train,7036
7037,train,7037
7039,train,7039
7040,train,7040
7042,train,7042
7044,train,7044
7046,train,7046
7047,train,7047
7049,train,7049
7050,train,7050
7051,train,7051
7052,train,7052
7053,train,7053
7054,train,7054
7056,train,7056
7057,train,7057
7058,train,7058
7059,train,7059
7060,train,7060
7061,train,7061
7062,train,7062
7063,train,7063
7064,train,7064
7066,train,7066
7067,train,7067
7069,train,7069
7070,train,7070
7071,train,7071
7072,train,7072
7073,train,7073
7074,train,7074
7076,train,7076
7077,train,7077
7078,train,7078
7079,train,7079
7082,train,7082
7083,train,7083
7084,train,7084
7086,train,7086
7087,train,7087
7088,train,7088
7089,train,7089
7090,train,7090
7091,train,7091
7092,train,7092
7093,train,7093
7095,train,7095
7097,train,7097
7099,train,7099
7100,train,7100
7101,train,7101
7103,train,7103
7105,train,7105
7106,train,7106
7108,train,7108
7109,train,7109
7110,train,7110
7111,train,7111
7112,train,7112
7114,train,7114
7116,train,7116
7117,train,7117
7118,train,7118
7119,train,7119
7120,train,7120
7121,train,7121
7122,train,7122
7123,train,7123
7124,train,7124
7126,train,7126
7127,train,7127
7128,train,7128
7129,train,7129
7130,train,7130
7131,train,7131
7132,train,7132
7133,train,7133
7137,train,7137
7138,train,7138
7139,train,7139
7140,train,7140
7141,train,7141
7143,train,7143
7144,train,7144
7145,train,7145
7146,train,7146
7147,train,7147
7149,train,7149
7150,train,7150
7151,train,7151
7152,train,7152
7153,train,7153
7154,train,7154
7155,train,7155
7156,train,7156
7158,train,7158
7159,train,7159
7160,train,7160
7161,train,7161
7162,train,7162
7163,train,7163
7164,train,7164
7165,train,7165
7166,train,7166
7167,train,7167
7170,train,7170
7171,train,7171
7172,train,7172
7173,train,7173
7174,train,7174
7175,train,7175
7177,train,7177
7178,train,7178
7179,train,7179
7180,train,7180
7181,train,7181
7182,train,7182
7183,train,7183
7184,train,7184
7185,train,7185
7186,train,7186
7187,train,7187
7189,train,7189
7190,train,7190
7191,train,7191
7192,train,7192
7193,train,7193
7194,train,7194
7195,train,7195
7197,train,7197
7198,train,7198
7199,train,7199
7201,train,7201
7202,train,7202
7203,train,7203
7204,train,7204
7205,train,7205
7206,train,7206
7207,train,7207
7208,train,7208
7209,train,7209
7210,train,7210
7211,train,7211
7212,train,7212
7213,train,7213
7214,train,7214
7215,train,7215
7216,train,7216
7217,train,7217
7218,train,7218
7219,train,7219
7220,train,7220
7221,train,7221
7222,train,7222
7223,train,7223
7224,train,7224
7226,train,7226
7227,train,7227
7229,train,7229
7230,train,7230
7231,train,7231
7232,train,7232
7233,train,7233
7234,train,7234
7235,train,7235
7236,train,7236
7238,train,7238
7242,train,7242
7243,train,7243
7244,train,7244
7245,train,7245
7246,train,7246
7247,train,7247
7249,train,7249
7250,train,7250
7251,train,7251
7252,train,7252
7254,train,7254
7255,train,7255
7256,train,7256
7257,train,7257
7258,train,7258
7259,train,7259
7260,train,7260
7261,train,7261
7262,train,7262
7263,train,7263
7264,train,7264
7265,train,7265
7266,train,7266
7267,train,7267
7268,train,7268
7270,train,7270
7271,train,7271
7272,train,7272
7273,train,7273
7274,train,7274
7275,train,7275
7276,train,7276
7278,train,7278
7279,train,7279
7280,train,7280
7281,train,7281
7282,train,7282
7284,train,7284
7285,train,7285
7287,train,7287
7288,train,7288
7290,train,7290
7291,train,7291
7292,train,7292
7293,train,7293
7295,train,7295
7296,train,7296
7298,train,7298
7299,train,7299
7300,train,7300
7301,train,7301
7302,train,7302
7303,train,7303
7304,train,7304
7305,train,7305
7306,train,7306
7307,train,7307
7308,train,7308
7309,train,7309
7310,train,7310
7311,train,7311
7312,train,7312
7313,train,7313
7315,train,7315
7317,train,7317
7321,train,7321
7323,train,7323
7324,train,7324
7327,train,7327
7328,train,7328
7329,train,7329
7330,train,7330
7331,train,7331
7332,train,7332
7333,train,7333
7334,train,7334
7335,train,7335
7338,train,7338
7339,train,7339
7340,train,7340
7341,train,7341
7342,train,7342
7343,train,7343
7344,train,7344
7345,train,7345
7346,train,7346
7347,train,7347
7348,train,7348
7349,train,7349
7350,train,7350
7351,train,7351
7352,train,7352
7353,train,7353
7355,train,7355
7356,train,7356
7357,train,7357
7360,train,7360
7361,train,7361
7362,train,7362
7363,train,7363
7364,train,7364
7365,train,7365
7366,train,7366
7367,train,7367
7368,train,7368
7369,train,7369
7370,train,7370
7371,train,7371
7372,train,7372
7373,train,7373
7374,train,7374
7376,train,7376
7377,train,7377
7378,train,7378
7380,train,7380
7381,train,7381
7382,train,7382
7383,train,7383
7384,train,7384
7385,train,7385
7386,train,7386
7387,train,7387
7388,train,7388
7390,train,7390
7392,train,7392
7393,train,7393
7394,train,7394
7395,train,7395
7396,train,7396
7397,train,7397
7398,train,7398
7399,train,7399
7400,train,7400
7401,train,7401
7402,train,7402
7403,train,7403
7405,train,7405
7406,train,7406
7407,train,7407
7408,train,7408
7409,train,7409
7410,train,7410
7411,train,7411
7413,train,7413
7414,train,7414
7415,train,7415
7416,train,7416
7417,train,7417
7419,train,7419
7420,train,7420
7421,train,7421
7422,train,7422
7424,train,7424
7425,train,7425
7426,train,7426
7427,train,7427
7428,train,7428
7430,train,7430
7431,train,7431
7432,train,7432
7433,train,7433
7434,train,7434
7435,train,7435
7436,train,7436
7437,train,7437
7438,train,7438
7439,train,7439
7440,train,7440
7441,train,7441
7442,train,7442
7443,train,7443
7444,train,7444
7445,train,7445
7446,train,7446
7448,train,7448
7449,train,7449
7450,train,7450
7451,train,7451
7452,train,7452
7453,train,7453
7454,train,7454
7457,train,7457
7458,train,7458
7459,train,7459
7460,train,7460
7461,train,7461
7462,train,7462
7463,train,7463
7464,train,7464
7465,train,7465
7466,train,7466
7467,train,7467
7468,train,7468
7469,train,7469
7470,train,7470
7471,train,7471
7472,train,7472
7473,train,7473
7474,train,7474
7476,train,7476
7477,train,7477
7478,train,7478
7479,train,7479
7480,train,7480
7481,train,7481
7482,train,7482
7483,train,7483
7484,train,7484
7486,train,7486
7487,train,7487
7488,train,7488
7490,train,7490
7491,train,7491
7492,train,7492
7493,train,7493
7495,train,7495
7496,train,7496
7497,train,7497
7498,train,7498
7499,train,7499
7500,train,7500
7501,train,7501
7502,train,7502
7503,train,7503
7504,train,7504
7505,train,7505
7506,train,7506
7508,train,7508
7509,train,7509
7510,train,7510
7511,train,7511
7513,train,7513
7514,train,7514
7515,train,7515
7516,train,7516
7519,train,7519
7520,train,7520
7521,train,7521
7522,train,7522
7523,train,7523
7524,train,7524
7525,train,7525
7526,train,7526
7529,train,7529
7530,train,7530
7531,train,7531
7532,train,7532
7533,train,7533
7534,train,7534
7535,train,7535
7536,train,7536
7539,train,7539
7540,train,7540
7541,train,7541
7542,train,7542
7543,train,7543
7544,train,7544
7546,train,7546
7548,train,7548
7549,train,7549
7550,train,7550
7551,train,7551
7554,train,7554
7555,train,7555
7556,train,7556
7557,train,7557
7558,train,7558
7559,train,7559
7560,train,7560
7561,train,7561
7562,train,7562
7563,train,7563
7565,train,7565
7566,train,7566
7567,train,7567
7568,train,7568
7569,train,7569
7570,train,7570
7571,train,7571
7573,train,7573
7574,train,7574
7575,train,7575
7576,train,7576
7578,train,7578
7579,train,7579
7580,train,7580
7581,train,7581
7582,train,7582
7583,train,7583
7584,train,7584
7586,train,7586
7587,train,7587
7588,train,7588
7589,train,7589
7591,train,7591
7592,train,7592
7593,train,7593
7595,train,7595
7596,train,7596
7597,train,7597
7598,train,7598
7599,train,7599
7600,train,7600
7602,train,7602
7603,train,7603
7604,train,7604
7605,train,7605
7607,train,7607
7608,train,7608
7609,train,7609
7610,train,7610
7611,train,7611
7612,train,7612
7613,train,7613
7614,train,7614
7615,train,7615
7616,train,7616
7617,train,7617
7618,train,7618
7619,train,7619
7620,train,7620
7621,train,7621
7622,train,7622
7623,train,7623
7624,train,7624
7625,train,7625
7627,train,7627
7628,train,7628
7630,train,7630
7631,train,7631
7632,train,7632
7633,train,7633
7634,train,7634
7635,train,7635
7636,train,7636
7637,train,7637
7638,train,7638
7639,train,7639
7640,train,7640
7641,train,7641
7642,train,7642
7643,train,7643
7644,train,7644
7645,train,7645
7646,train,7646
7647,train,7647
7648,train,7648
7649,train,7649
7650,train,7650
7651,train,7651
7652,train,7652
7653,train,7653
7654,train,7654
7656,train,7656
7657,train,7657
7658,train,7658
7659,train,7659
7660,train,7660
7661,train,7661
7662,train,7662
7663,train,7663
7665,train,7665
7667,train,7667
7668,train,7668
7670,train,7670
7671,train,7671
7672,train,7672
7674,train,7674
7675,train,7675
7678,train,7678
7679,train,7679
7680,train,7680
7681,train,7681
7682,train,7682
7684,train,7684
7685,train,7685
7686,train,7686
7687,train,7687
7688,train,7688
7691,train,7691
7693,train,7693
7694,train,7694
7696,train,7696
7697,train,7697
7698,train,7698
7701,train,7701
7702,train,7702
7703,train,7703
7704,train,7704
7705,train,7705
7706,train,7706
7707,train,7707
7708,train,7708
7709,train,7709
7710,train,7710
7712,train,7712
7714,train,7714
7716,train,7716
7718,train,7718
7719,train,7719
7720,train,7720
7721,train,7721
7722,train,7722
7725,train,7725
7726,train,7726
7727,train,7727
7728,train,7728
7730,train,7730
7731,train,7731
7732,train,7732
7733,train,7733
7735,train,7735
7736,train,7736
7738,train,7738
7741,train,7741
7744,train,7744
7745,train,7745
7746,train,7746
7747,train,7747
7749,train,7749
7750,train,7750
7751,train,7751
7752,train,7752
7753,train,7753
7754,train,7754
7755,train,7755
7756,train,7756
7757,train,7757
7758,train,7758
7759,train,7759
7761,train,7761
7763,train,7763
7764,train,7764
7766,train,7766
7767,train,7767
7769,train,7769
7772,train,7772
7773,train,7773
7775,train,7775
7777,train,7777
7778,train,7778
7779,train,7779
7780,train,7780
7781,train,7781
7783,train,7783
7784,train,7784
7785,train,7785
7786,train,7786
7787,train,7787
7788,train,7788
7790,train,7790
7792,train,7792
7793,train,7793
7795,train,7795
7796,train,7796
7797,train,7797
7798,train,7798
7799,train,7799
7800,train,7800
7801,train,7801
7803,train,7803
7804,train,7804
7805,train,7805
7806,train,7806
7807,train,7807
7808,train,7808
7809,train,7809
7810,train,7810
7811,train,7811
7813,train,7813
7815,train,7815
7816,train,7816
7817,train,7817
7818,train,7818
7819,train,7819
7821,train,7821
7822,train,7822
7823,train,7823
7824,train,7824
7825,train,7825
7826,train,7826
7827,train,7827
7828,train,7828
7829,train,7829
7830,train,7830
7831,train,7831
7832,train,7832
7833,train,7833
7834,train,7834
7835,train,7835
7836,train,7836
7837,train,7837
7838,train,7838
7839,train,7839
7840,train,7840
7843,train,7843
7844,train,7844
7845,train,7845
7846,train,7846
7847,train,7847
7848,train,7848
7850,train,7850
7851,train,7851
7852,train,7852
7853,train,7853
7854,train,7854
7856,train,7856
7858,train,7858
7859,train,7859
7861,train,7861
7862,train,7862
7863,train,7863
7865,train,7865
7867,train,7867
7868,train,7868
7870,train,7870
7871,train,7871
7872,train,7872
7873,train,7873
7874,train,7874
7875,train,7875
7876,train,7876
7877,train,7877
7878,train,7878
7880,train,7880
7881,train,7881
7882,train,7882
7883,train,7883
7884,train,7884
7887,train,7887
7888,train,7888
7889,train,7889
7890,train,7890
7891,train,7891
7894,train,7894
7895,train,7895
7896,train,7896
7897,train,7897
7899,train,7899
7900,train,7900
7902,train,7902
7904,train,7904
7905,train,7905
7906,train,7906
7907,train,7907
7908,train,7908
7909,train,7909
7910,train,7910
7911,train,7911
7912,train,7912
7913,train,7913
7915,train,7915
7916,train,7916
7917,train,7917
7918,train,7918
7920,train,7920
7921,train,7921
7923,train,7923
7924,train,7924
7925,train,7925
7926,train,7926
7927,train,7927
7928,train,7928
7929,train,7929
7930,train,7930
7931,train,7931
7932,train,7932
7933,train,7933
7934,train,7934
7935,train,7935
7936,train,7936
7937,train,7937
7939,train,7939
7940,train,7940
7941,train,7941
7942,train,7942
7943,train,7943
7944,train,7944
7945,train,7945
7947,train,7947
7948,train,7948
7949,train,7949
7950,train,7950
7951,train,7951
7952,train,7952
7953,train,7953
7955,train,7955
7956,train,7956
7957,train,7957
7959,train,7959
7962,train,7962
7965,train,7965
7966,train,7966
7970,train,7970
7972,train,7972
7973,train,7973
7974,train,7974
7976,train,7976
7977,train,7977
7979,train,7979
7980,train,7980
7982,train,7982
7983,train,7983
7984,train,7984
7985,train,7985
7986,train,7986
7987,train,7987
7988,train,7988
7989,train,7989
7991,train,7991
7992,train,7992
7994,train,7994
7995,train,7995
7996,train,7996
7997,train,7997
7998,train,7998
7999,train,7999
8000,train,8000
8001,train,8001
8002,train,8002
8003,train,8003
8005,train,8005
8006,train,8006
8007,train,8007
8009,train,8009
8010,train,8010
8011,train,8011
8012,train,8012
8013,train,8013
8014,train,8014
8016,train,8016
8018,train,8018
8019,train,8019
8020,train,8020
8021,train,8021
8023,train,8023
8024,train,8024
8025,train,8025
8026,train,8026
8027,train,8027
8028,train,8028
8030,train,8030
8031,train,8031
8032,train,8032
8033,train,8033
8038,train,8038
8040,train,8040
8041,train,8041
8042,train,8042
8046,train,8046
8047,train,8047
8048,train,8048
8049,train,8049
8050,train,8050
8051,train,8051
8052,train,8052
8054,train,8054
8055,train,8055
8056,train,8056
8057,train,8057
8058,train,8058
8059,train,8059
8060,train,8060
8061,train,8061
8062,train,8062
8063,train,8063
8064,train,8064
8065,train,8065
8066,train,8066
8067,train,8067
8069,train,8069
8071,train,8071
8072,train,8072
8073,train,8073
8074,train,8074
8075,train,8075
8076,train,8076
8077,train,8077
8079,train,8079
8080,train,8080
8081,train,8081
8083,train,8083
8084,train,8084
8085,train,8085
8086,train,8086
8087,train,8087
8088,train,8088
8089,train,8089
8091,train,8091
8092,train,8092
8093,train,8093
8094,train,8094
8095,train,8095
8096,train,8096
8097,train,8097
8098,train,8098
8100,train,8100
8101,train,8101
8103,train,8103
8104,train,8104
8105,train,8105
8106,train,8106
8107,train,8107
8108,train,8108
8109,train,8109
8111,train,8111
8112,train,8112
8113,train,8113
8114,train,8114
8115,train,8115
8116,train,8116
8117,train,8117
8118,train,8118
8119,train,8119
8121,train,8121
8123,train,8123
8124,train,8124
8126,train,8126
8127,train,8127
8129,train,8129
8130,train,8130
8131,train,8131
8132,train,8132
8133,train,8133
8134,train,8134
8135,train,8135
8136,train,8136
8137,train,8137
8138,train,8138
8139,train,8139
8140,train,8140
8141,train,8141
8142,train,8142
8144,train,8144
8145,train,8145
8146,train,8146
8147,train,8147
8148,train,8148
8149,train,8149
8152,train,8152
8153,train,8153
8154,train,8154
8155,train,8155
8156,train,8156
8157,train,8157
8158,train,8158
8159,train,8159
8160,train,8160
8162,train,8162
8163,train,8163
8164,train,8164
8165,train,8165
8166,train,8166
8167,train,8167
8168,train,8168
8169,train,8169
8170,train,8170
8171,train,8171
8173,train,8173
8174,train,8174
8175,train,8175
8176,train,8176
8177,train,8177
8178,train,8178
8180,train,8180
8181,train,8181
8182,train,8182
8183,train,8183
8184,train,8184
8185,train,8185
8186,train,8186
8187,train,8187
8188,train,8188
8191,train,8191
8192,train,8192
8193,train,8193
8194,train,8194
8195,train,8195
8196,train,8196
8197,train,8197
8198,train,8198
8200,train,8200
8201,train,8201
8202,train,8202
8203,train,8203
8204,train,8204
8205,train,8205
8206,train,8206
8207,train,8207
8209,train,8209
8210,train,8210
8211,train,8211
8213,train,8213
8214,train,8214
8216,train,8216
8217,train,8217
8218,train,8218
8219,train,8219
8220,train,8220
8222,train,8222
8226,train,8226
8227,train,8227
8228,train,8228
8229,train,8229
8230,train,8230
8231,train,8231
8232,train,8232
8233,train,8233
8234,train,8234
8235,train,8235
8236,train,8236
8237,train,8237
8238,train,8238
8239,train,8239
8240,train,8240
8241,train,8241
8244,train,8244
8245,train,8245
8246,train,8246
8247,train,8247
8248,train,8248
8249,train,8249
8250,train,8250
8251,train,8251
8252,train,8252
8253,train,8253
8256,train,8256
8257,train,8257
8258,train,8258
8259,train,8259
8261,train,8261
8262,train,8262
8263,train,8263
8264,train,8264
8265,train,8265
8266,train,8266
8267,train,8267
8268,train,8268
8269,train,8269
8270,train,8270
8271,train,8271
8274,train,8274
8275,train,8275
8276,train,8276
8277,train,8277
8279,train,8279
8280,train,8280
8281,train,8281
8282,train,8282
8283,train,8283
8284,train,8284
8285,train,8285
8286,train,8286
8287,train,8287
8289,train,8289
8290,train,8290
8291,train,8291
8292,train,8292
8293,train,8293
8294,train,8294
8295,train,8295
8297,train,8297
8298,train,8298
8299,train,8299
8300,train,8300
8301,train,8301
8302,train,8302
8303,train,8303
8304,train,8304
8305,train,8305
8306,train,8306
8307,train,8307
8308,train,8308
8309,train,8309
8310,train,8310
8311,train,8311
8312,train,8312
8313,train,8313
8315,train,8315
8316,train,8316
8317,train,8317
8318,train,8318
8320,train,8320
8321,train,8321
8322,train,8322
8323,train,8323
8324,train,8324
8325,train,8325
8326,train,8326
8329,train,8329
8330,train,8330
8331,train,8331
8332,train,8332
8333,train,8333
8334,train,8334
8335,train,8335
8336,train,8336
8337,train,8337
8338,train,8338
8340,train,8340
8341,train,8341
8342,train,8342
8343,train,8343
8344,train,8344
8345,train,8345
8346,train,8346
8347,train,8347
8348,train,8348
8349,train,8349
8350,train,8350
8351,train,8351
8353,train,8353
8355,train,8355
8356,train,8356
8357,train,8357
8359,train,8359
8360,train,8360
8362,train,8362
8363,train,8363
8364,train,8364
8365,train,8365
8367,train,8367
8368,train,8368
8369,train,8369
8371,train,8371
8372,train,8372
8375,train,8375
8376,train,8376
8377,train,8377
8378,train,8378
8379,train,8379
8380,train,8380
8381,train,8381
8382,train,8382
8383,train,8383
8384,train,8384
8385,train,8385
8387,train,8387
8389,train,8389
8390,train,8390
8391,train,8391
8392,train,8392
8393,train,8393
8394,train,8394
8395,train,8395
8396,train,8396
8397,train,8397
8398,train,8398
8399,train,8399
8400,train,8400
8401,train,8401
8403,train,8403
8405,train,8405
8406,train,8406
8408,train,8408
8411,train,8411
8413,train,8413
8414,train,8414
8415,train,8415
8416,train,8416
8418,train,8418
8420,train,8420
8421,train,8421
8422,train,8422
8424,train,8424
8425,train,8425
8426,train,8426
8427,train,8427
8428,train,8428
8429,train,8429
8430,train,8430
8431,train,8431
8433,train,8433
8434,train,8434
8435,train,8435
8436,train,8436
8437,train,8437
8438,train,8438
8439,train,8439
8440,train,8440
8441,train,8441
8442,train,8442
8443,train,8443
8444,train,8444
8445,train,8445
8447,train,8447
8448,train,8448
8449,train,8449
8450,train,8450
8451,train,8451
8452,train,8452
8453,train,8453
8454,train,8454
8455,train,8455
8457,train,8457
8458,train,8458
8459,train,8459
8460,train,8460
8461,train,8461
8463,train,8463
8464,train,8464
8465,train,8465
8466,train,8466
8467,train,8467
8468,train,8468
8469,train,8469
8470,train,8470
8471,train,8471
8472,train,8472
8473,train,8473
8474,train,8474
8476,train,8476
8478,train,8478
8480,train,8480
8481,train,8481
8482,train,8482
8483,train,8483
8485,train,8485
8486,train,8486
8488,train,8488
8490,train,8490
8492,train,8492
8493,train,8493
8494,train,8494
8495,train,8495
8496,train,8496
8497,train,8497
8499,train,8499
8500,train,8500
8501,train,8501
8503,train,8503
8505,train,8505
8506,train,8506
8507,train,8507
8508,train,8508
8509,train,8509
8510,train,8510
8511,train,8511
8512,train,8512
8513,train,8513
8514,train,8514
8515,train,8515
8516,train,8516
8517,train,8517
8518,train,8518
8519,train,8519
8520,train,8520
8521,train,8521
8522,train,8522
8523,train,8523
8525,train,8525
8526,train,8526
8527,train,8527
8528,train,8528
8529,train,8529
8530,train,8530
8531,train,8531
8532,train,8532
8533,train,8533
8534,train,8534
8535,train,8535
8536,train,8536
8537,train,8537
8538,train,8538
8539,train,8539
8540,train,8540
8541,train,8541
8542,train,8542
8543,train,8543
8545,train,8545
8546,train,8546
8547,train,8547
8548,train,8548
8550,train,8550
8551,train,8551
8552,train,8552
8553,train,8553
8554,train,8554
8555,train,8555
8556,train,8556
8558,train,8558
8560,train,8560
8563,train,8563
8565,train,8565
8566,train,8566
8567,train,8567
8568,train,8568
8569,train,8569
8570,train,8570
8571,train,8571
8572,train,8572
8573,train,8573
8574,train,8574
8576,train,8576
8577,train,8577
8580,train,8580
8581,train,8581
8582,train,8582
8586,train,8586
8587,train,8587
8588,train,8588
8589,train,8589
8590,train,8590
8591,train,8591
8592,train,8592
8593,train,8593
8594,train,8594
8595,train,8595
8597,train,8597
8598,train,8598
8600,train,8600
8602,train,8602
8603,train,8603
8604,train,8604
8605,train,8605
8606,train,8606
8608,train,8608
8611,train,8611
8613,train,8613
8614,train,8614
8615,train,8615
8617,train,8617
8618,train,8618
8619,train,8619
8620,train,8620
8621,train,8621
8622,train,8622
8623,train,8623
8624,train,8624
8626,train,8626
8628,train,8628
8629,train,8629
8631,train,8631
8632,train,8632
8633,train,8633
8635,train,8635
8636,train,8636
8637,train,8637
8638,train,8638
8641,train,8641
8642,train,8642
8643,train,8643
8644,train,8644
8645,train,8645
8646,train,8646
8647,train,8647
8648,train,8648
8649,train,8649
8650,train,8650
8652,train,8652
8653,train,8653
8654,train,8654
8655,train,8655
8656,train,8656
8658,train,8658
8659,train,8659
8660,train,8660
8661,train,8661
8664,train,8664
8665,train,8665
8667,train,8667
8669,train,8669
8671,train,8671
8672,train,8672
8673,train,8673
8674,train,8674
8675,train,8675
8676,train,8676
8677,train,8677
8678,train,8678
8679,train,8679
8680,train,8680
8681,train,8681
8683,train,8683
8685,train,8685
8686,train,8686
8687,train,8687
8688,train,8688
8689,train,8689
8690,train,8690
8691,train,8691
8692,train,8692
8693,train,8693
8694,train,8694
8695,train,8695
8697,train,8697
8698,train,8698
8699,train,8699
8700,train,8700
8701,train,8701
8702,train,8702
8703,train,8703
8704,train,8704
8705,train,8705
8706,train,8706
8707,train,8707
8708,train,8708
8709,train,8709
8710,train,8710
8711,train,8711
8712,train,8712
8713,train,8713
8714,train,8714
8715,train,8715
8716,train,8716
8718,train,8718
8720,train,8720
8721,train,8721
8722,train,8722
8723,train,8723
8724,train,8724
8725,train,8725
8726,train,8726
8727,train,8727
8728,train,8728
8729,train,8729
8730,train,8730
8731,train,8731
8732,train,8732
8733,train,8733
8734,train,8734
8737,train,8737
8738,train,8738
8739,train,8739
8740,train,8740
8741,train,8741
8742,train,8742
8743,train,8743
8744,train,8744
8746,train,8746
8747,train,8747
8748,train,8748
8749,train,8749
8752,train,8752
8753,train,8753
8755,train,8755
8756,train,8756
8760,train,8760
8761,train,8761
8764,train,8764
8765,train,8765
8767,train,8767
8768,train,8768
8770,train,8770
8771,train,8771
8772,train,8772
8774,train,8774
8775,train,8775
8776,train,8776
8777,train,8777
8778,train,8778
8780,train,8780
8781,train,8781
8782,train,8782
8785,train,8785
8786,train,8786
8788,train,8788
8789,train,8789
8790,train,8790
8791,train,8791
8792,train,8792
8793,train,8793
8794,train,8794
8795,train,8795
8796,train,8796
8797,train,8797
8798,train,8798
8799,train,8799
8800,train,8800
8801,train,8801
8802,train,8802
8803,train,8803
8804,train,8804
8805,train,8805
8806,train,8806
8807,train,8807
8808,train,8808
8809,train,8809
8811,train,8811
8812,train,8812
8815,train,8815
8816,train,8816
8817,train,8817
8818,train,8818
8819,train,8819
8820,train,8820
8822,train,8822
8823,train,8823
8824,train,8824
8825,train,8825
8826,train,8826
8827,train,8827
8828,train,8828
8829,train,8829
8830,train,8830
8831,train,8831
8832,train,8832
8833,train,8833
8834,train,8834
8835,train,8835
8836,train,8836
8837,train,8837
8838,train,8838
8839,train,8839
8841,train,8841
8842,train,8842
8844,train,8844
8845,train,8845
8846,train,8846
8848,train,8848
8849,train,8849
8850,train,8850
8851,train,8851
8852,train,8852
8853,train,8853
8854,train,8854
8855,train,8855
8856,train,8856
8857,train,8857
8858,train,8858
8859,train,8859
8860,train,8860
8861,train,8861
8865,train,8865
8866,train,8866
8867,train,8867
8868,train,8868
8872,train,8872
8873,train,8873
8874,train,8874
8875,train,8875
8877,train,8877
8878,train,8878
8879,train,8879
8880,train,8880
8883,train,8883
8884,train,8884
8885,train,8885
8886,train,8886
8887,train,8887
8888,train,8888
8889,train,8889
8890,train,8890
8893,train,8893
8894,train,8894
8896,train,8896
8897,train,8897
8898,train,8898
8899,train,8899
8900,train,8900
8901,train,8901
8902,train,8902
8903,train,8903
8904,train,8904
8905,train,8905
8906,train,8906
8907,train,8907
8908,train,8908
8910,train,8910
8911,train,8911
8912,train,8912
8913,train,8913
8914,train,8914
8915,train,8915
8916,train,8916
8917,train,8917
8918,train,8918
8920,train,8920
8922,train,8922
8925,train,8925
8926,train,8926
8928,train,8928
8929,train,8929
8930,train,8930
8932,train,8932
8934,train,8934
8935,train,8935
8936,train,8936
8937,train,8937
8938,train,8938
8940,train,8940
8941,train,8941
8942,train,8942
8943,train,8943
8944,train,8944
8945,train,8945
8946,train,8946
8947,train,8947
8948,train,8948
8949,train,8949
8950,train,8950
8951,train,8951
8952,train,8952
8954,train,8954
8955,train,8955
8956,train,8956
8957,train,8957
8958,train,8958
8959,train,8959
8962,train,8962
8963,train,8963
8964,train,8964
8965,train,8965
8966,train,8966
8967,train,8967
8968,train,8968
8970,train,8970
8972,train,8972
8974,train,8974
8975,train,8975
8977,train,8977
8979,train,8979
8980,train,8980
8981,train,8981
8984,train,8984
8985,train,8985
8986,train,8986
8987,train,8987
8988,train,8988
8989,train,8989
8990,train,8990
8994,train,8994
8995,train,8995
8996,train,8996
8997,train,8997
9000,train,9000
9003,train,9003
9005,train,9005
9006,train,9006
9008,train,9008
9010,train,9010
9011,train,9011
9012,train,9012
9013,train,9013
9014,train,9014
9015,train,9015
9016,train,9016
9017,train,9017
9018,train,9018
9019,train,9019
9020,train,9020
9021,train,9021
9023,train,9023
9024,train,9024
9025,train,9025
9028,train,9028
9029,train,9029
9030,train,9030
9031,train,9031
9033,train,9033
9034,train,9034
9035,train,9035
9037,train,9037
9038,train,9038
9039,train,9039
9040,train,9040
9041,train,9041
9042,train,9042
9043,train,9043
9044,train,9044
9045,train,9045
9046,train,9046
9047,train,9047
9048,train,9048
9049,train,9049
9050,train,9050
9052,train,9052
9054,train,9054
9055,train,9055
9056,train,9056
9057,train,9057
9058,train,9058
9059,train,9059
9062,train,9062
9063,train,9063
9064,train,9064
9065,train,9065
9066,train,9066
9067,train,9067
9069,train,9069
9070,train,9070
9071,train,9071
9072,train,9072
9073,train,9073
9075,train,9075
9076,train,9076
9077,train,9077
9078,train,9078
9079,train,9079
9080,train,9080
9081,train,9081
9082,train,9082
9083,train,9083
9084,train,9084
9085,train,9085
9086,train,9086
9088,train,9088
9089,train,9089
9092,train,9092
9093,train,9093
9094,train,9094
9099,train,9099
9101,train,9101
9102,train,9102
9103,train,9103
9104,train,9104
9106,train,9106
9107,train,9107
9108,train,9108
9109,train,9109
9110,train,9110
9111,train,9111
9112,train,9112
9113,train,9113
9115,train,9115
9118,train,9118
9121,train,9121
9122,train,9122
9123,train,9123
9124,train,9124
9126,train,9126
9127,train,9127
9128,train,9128
9129,train,9129
9130,train,9130
9131,train,9131
9132,train,9132
9133,train,9133
9136,train,9136
9137,train,9137
9140,train,9140
9141,train,9141
9142,train,9142
9144,train,9144
9146,train,9146
9148,train,9148
9149,train,9149
9152,train,9152
9153,train,9153
9154,train,9154
9155,train,9155
9157,train,9157
9158,train,9158
9159,train,9159
9160,train,9160
9162,train,9162
9164,train,9164
9166,train,9166
9167,train,9167
9168,train,9168
9169,train,9169
9170,train,9170
9172,train,9172
9173,train,9173
9174,train,9174
9175,train,9175
9176,train,9176
9177,train,9177
9179,train,9179
9180,train,9180
9181,train,9181
9182,train,9182
9183,train,9183
9185,train,9185
9186,train,9186
9187,train,9187
9188,train,9188
9189,train,9189
9191,train,9191
9192,train,9192
9193,train,9193
9194,train,9194
9195,train,9195
9196,train,9196
9197,train,9197
9198,train,9198
9199,train,9199
9200,train,9200
9201,train,9201
9202,train,9202
9203,train,9203
9204,train,9204
9206,train,9206
9207,train,9207
9208,train,9208
9209,train,9209
9211,train,9211
9212,train,9212
9214,train,9214
9215,train,9215
9216,train,9216
9219,train,9219
9220,train,9220
9221,train,9221
9222,train,9222
9223,train,9223
9224,train,9224
9225,train,9225
9226,train,9226
9227,train,9227
9228,train,9228
9230,train,9230
9231,train,9231
9232,train,9232
9233,train,9233
9237,train,9237
9238,train,9238
9239,train,9239
9240,train,9240
9241,train,9241
9242,train,9242
9243,train,9243
9244,train,9244
9245,train,9245
9247,train,9247
9248,train,9248
9249,train,9249
9250,train,9250
9253,train,9253
9255,train,9255
9257,train,9257
9258,train,9258
9260,train,9260
9261,train,9261
9262,train,9262
9263,train,9263
9264,train,9264
9265,train,9265
9266,train,9266
9268,train,9268
9269,train,9269
9270,train,9270
9271,train,9271
9272,train,9272
9273,train,9273
9274,train,9274
9275,train,9275
9276,train,9276
9278,train,9278
9279,train,9279
9280,train,9280
9282,train,9282
9285,train,9285
9287,train,9287
9288,train,9288
9289,train,9289
9290,train,9290
9291,train,9291
9292,train,9292
9293,train,9293
9294,train,9294
9295,train,9295
9296,train,9296
9298,train,9298
9299,train,9299
9300,train,9300
9301,train,9301
9303,train,9303
9304,train,9304
9306,train,9306
9307,train,9307
9308,train,9308
9309,train,9309
9310,train,9310
9311,train,9311
9312,train,9312
9313,train,9313
9314,train,9314
9316,train,9316
9317,train,9317
9318,train,9318
9319,train,9319
9320,train,9320
9321,train,9321
9322,train,9322
9323,train,9323
9324,train,9324
9325,train,9325
9326,train,9326
9327,train,9327
9328,train,9328
9329,train,9329
9330,train,9330
9332,train,9332
9334,train,9334
9336,train,9336
9337,train,9337
9338,train,9338
9339,train,9339
9340,train,9340
9341,train,9341
9342,train,9342
9344,train,9344
9345,train,9345
9348,train,9348
9351,train,9351
9352,train,9352
9354,train,9354
9356,train,9356
9357,train,9357
9358,train,9358
9359,train,9359
9360,train,9360
9361,train,9361
9362,train,9362
9363,train,9363
9364,train,9364
9365,train,9365
9366,train,9366
9367,train,9367
9368,train,9368
9369,train,9369
9370,train,9370
9371,train,9371
9373,train,9373
9375,train,9375
9376,train,9376
9377,train,9377
9379,train,9379
9380,train,9380
9381,train,9381
9382,train,9382
9383,train,9383
9384,train,9384
9385,train,9385
9386,train,9386
9387,train,9387
9388,train,9388
9389,train,9389
9390,train,9390
9391,train,9391
9392,train,9392
9395,train,9395
9396,train,9396
9397,train,9397
9398,train,9398
9400,train,9400
9401,train,9401
9403,train,9403
9404,train,9404
9406,train,9406
9407,train,9407
9408,train,9408
9409,train,9409
9410,train,9410
9411,train,9411
9412,train,9412
9413,train,9413
9414,train,9414
9415,train,9415
9416,train,9416
9418,train,9418
9419,train,9419
9422,train,9422
9423,train,9423
9424,train,9424
9425,train,9425
9427,train,9427
9428,train,9428
9429,train,9429
9430,train,9430
9431,train,9431
9432,train,9432
9433,train,9433
9434,train,9434
9435,train,9435
9436,train,9436
9437,train,9437
9439,train,9439
9440,train,9440
9441,train,9441
9443,train,9443
9444,train,9444
9445,train,9445
9446,train,9446
9447,train,9447
9448,train,9448
9449,train,9449
9450,train,9450
9451,train,9451
9452,train,9452
9453,train,9453
9454,train,9454
9455,train,9455
9456,train,9456
9457,train,9457
9458,train,9458
9459,train,9459
9460,train,9460
9461,train,9461
9463,train,9463
9464,train,9464
9465,train,9465
9466,train,9466
9467,train,9467
9468,train,9468
9471,train,9471
9473,train,9473
9474,train,9474
9475,train,9475
9476,train,9476
9478,train,9478
9479,train,9479
9480,train,9480
9481,train,9481
9482,train,9482
9483,train,9483
9484,train,9484
9485,train,9485
9486,train,9486
9487,train,9487
9488,train,9488
9489,train,9489
9490,train,9490
9491,train,9491
9493,train,9493
9494,train,9494
9495,train,9495
9496,train,9496
9497,train,9497
9499,train,9499
9500,train,9500
9501,train,9501
9502,train,9502
9503,train,9503
9506,train,9506
9509,train,9509
9511,train,9511
9512,train,9512
9513,train,9513
9514,train,9514
9515,train,9515
9516,train,9516
9517,train,9517
9518,train,9518
9519,train,9519
9520,train,9520
9522,train,9522
9524,train,9524
9525,train,9525
9526,train,9526
9527,train,9527
9528,train,9528
9529,train,9529
9530,train,9530
9531,train,9531
9532,train,9532
9533,train,9533
9534,train,9534
9535,train,9535
9536,train,9536
9538,train,9538
9539,train,9539
9540,train,9540
9541,train,9541
9542,train,9542
9545,train,9545
9547,train,9547
9548,train,9548
9549,train,9549
9551,train,9551
9552,train,9552
9553,train,9553
9554,train,9554
9555,train,9555
9556,train,9556
9557,train,9557
9558,train,9558
9559,train,9559
9560,train,9560
9561,train,9561
9562,train,9562
9564,train,9564
9566,train,9566
9567,train,9567
9568,train,9568
9570,train,9570
9571,train,9571
9572,train,9572
9573,train,9573
9574,train,9574
9575,train,9575
9577,train,9577
9578,train,9578
9579,train,9579
9582,train,9582
9583,train,9583
9585,train,9585
9586,train,9586
9587,train,9587
9588,train,9588
9589,train,9589
9591,train,9591
9593,train,9593
9594,train,9594
9597,train,9597
9598,train,9598
9599,train,9599
9600,train,9600
9601,train,9601
9603,train,9603
9604,train,9604
9606,train,9606
9609,train,9609
9610,train,9610
9611,train,9611
9612,train,9612
9614,train,9614
9616,train,9616
9617,train,9617
9618,train,9618
9619,train,9619
9620,train,9620
9621,train,9621
9622,train,9622
9623,train,9623
9624,train,9624
9625,train,9625
9626,train,9626
9627,train,9627
9628,train,9628
9629,train,9629
9631,train,9631
9632,train,9632
9633,train,9633
9635,train,9635
9636,train,9636
9637,train,9637
9638,train,9638
9639,train,9639
9640,train,9640
9641,train,9641
9642,train,9642
9643,train,9643
9644,train,9644
9645,train,9645
9646,train,9646
9647,train,9647
9648,train,9648
9649,train,9649
9650,train,9650
9651,train,9651
9652,train,9652
9653,train,9653
9654,train,9654
9655,train,9655
9656,train,9656
9657,train,9657
9658,train,9658
9659,train,9659
9660,train,9660
9661,train,9661
9662,train,9662
9663,train,9663
9664,train,9664
9665,train,9665
9666,train,9666
9668,train,9668
9670,train,9670
9672,train,9672
9675,train,9675
9676,train,9676
9677,train,9677
9679,train,9679
9681,train,9681
9683,train,9683
9684,train,9684
9685,train,9685
9687,train,9687
9688,train,9688
9689,train,9689
9690,train,9690
9691,train,9691
9692,train,9692
9693,train,9693
9694,train,9694
9695,train,9695
9698,train,9698
9699,train,9699
9700,train,9700
9701,train,9701
9702,train,9702
9704,train,9704
9705,train,9705
9707,train,9707
9708,train,9708
9709,train,9709
9710,train,9710
9711,train,9711
9712,train,9712
9713,train,9713
9714,train,9714
9715,train,9715
9716,train,9716
9718,train,9718
9719,train,9719
9720,train,9720
9721,train,9721
9722,train,9722
9723,train,9723
9724,train,9724
9726,train,9726
9727,train,9727
9728,train,9728
9729,train,9729
9730,train,9730
9731,train,9731
9732,train,9732
9733,train,9733
9734,train,9734
9736,train,9736
9737,train,9737
9739,train,9739
9741,train,9741
9742,train,9742
9743,train,9743
9744,train,9744
9745,train,9745
9746,train,9746
9748,train,9748
9749,train,9749
9750,train,9750
9753,train,9753
9754,train,9754
9756,train,9756
9757,train,9757
9761,train,9761
9762,train,9762
9763,train,9763
9764,train,9764
9765,train,9765
9766,train,9766
9767,train,9767
9768,train,9768
9770,train,9770
9772,train,9772
9774,train,9774
9775,train,9775
9776,train,9776
9778,train,9778
9779,train,9779
9780,train,9780
9781,train,9781
9782,train,9782
9783,train,9783
9784,train,9784
9785,train,9785
9786,train,9786
9787,train,9787
9789,train,9789
9792,train,9792
9793,train,9793
9794,train,9794
9795,train,9795
9796,train,9796
9797,train,9797
9799,train,9799
9800,train,9800
9801,train,9801
9802,train,9802
9804,train,9804
9806,train,9806
9807,train,9807
9808,train,9808
9810,train,9810
9812,train,9812
9813,train,9813
9814,train,9814
9815,train,9815
9816,train,9816
9817,train,9817
9818,train,9818
9819,train,9819
9820,train,9820
9821,train,9821
9823,train,9823
9824,train,9824
9825,train,9825
9826,train,9826
9827,train,9827
9828,train,9828
9829,train,9829
9830,train,9830
9831,train,9831
9832,train,9832
9833,train,9833
9834,train,9834
9835,train,9835
9836,train,9836
9837,train,9837
9838,train,9838
9839,train,9839
9840,train,9840
9841,train,9841
9842,train,9842
9843,train,9843
9844,train,9844
9846,train,9846
9847,train,9847
9848,train,9848
9849,train,9849
9852,train,9852
9853,train,9853
9854,train,9854
9856,train,9856
9858,train,9858
9860,train,9860
9861,train,9861
9862,train,9862
9863,train,9863
9864,train,9864
9865,train,9865
9866,train,9866
9867,train,9867
9868,train,9868
9869,train,9869
9870,train,9870
9871,train,9871
9872,train,9872
9876,train,9876
9877,train,9877
9880,train,9880
9881,train,9881
9882,train,9882
9883,train,9883
9885,train,9885
9887,train,9887
9888,train,9888
9889,train,9889
9890,train,9890
9891,train,9891
9892,train,9892
9893,train,9893
9894,train,9894
9895,train,9895
9896,train,9896
9898,train,9898
9899,train,9899
9900,train,9900
9902,train,9902
9903,train,9903
9904,train,9904
9905,train,9905
9906,train,9906
9907,train,9907
9908,train,9908
9909,train,9909
9910,train,9910
9911,train,9911
9912,train,9912
9913,train,9913
9915,train,9915
9918,train,9918
9919,train,9919
9920,train,9920
9922,train,9922
9925,train,9925
9926,train,9926
9927,train,9927
9928,train,9928
9930,train,9930
9931,train,9931
9934,train,9934
9935,train,9935
9936,train,9936
9937,train,9937
9938,train,9938
9939,train,9939
9940,train,9940
9941,train,9941
9942,train,9942
9943,train,9943
9944,train,9944
9945,train,9945
9946,train,9946
9947,train,9947
9948,train,9948
9949,train,9949
9950,train,9950
9954,train,9954
9955,train,9955
9957,train,9957
9958,train,9958
9959,train,9959
9960,train,9960
9961,train,9961
9962,train,9962
9963,train,9963
9964,train,9964
9965,train,9965
9966,train,9966
9968,train,9968
9969,train,9969
9970,train,9970
9972,train,9972
9973,train,9973
9974,train,9974
9975,train,9975
9976,train,9976
9977,train,9977
9978,train,9978
9979,train,9979
9982,train,9982
9985,train,9985
9986,train,9986
9988,train,9988
9989,train,9989
9990,train,9990
9991,train,9991
9992,train,9992
9993,train,9993
9994,train,9994
9995,train,9995
9996,train,9996
9997,train,9997
9999,train,9999
10000,train,10000
10001,train,10001
10002,train,10002
10004,train,10004
10005,train,10005
10006,train,10006
10007,train,10007
10008,train,10008
10009,train,10009
10010,train,10010
10011,train,10011
10012,train,10012
10013,train,10013
10015,train,10015
10016,train,10016
10017,train,10017
10018,train,10018
10019,train,10019
10020,train,10020
10021,train,10021
10022,train,10022
10023,train,10023
10024,train,10024
10025,train,10025
10026,train,10026
10027,train,10027
10029,train,10029
10030,train,10030
10031,train,10031
10032,train,10032
10033,train,10033
10034,train,10034
10035,train,10035
10036,train,10036
10037,train,10037
10038,train,10038
10039,train,10039
10040,train,10040
10041,train,10041
10042,train,10042
10045,train,10045
10046,train,10046
10047,train,10047
10048,train,10048
10049,train,10049
10050,train,10050
10051,train,10051
10053,train,10053
10054,train,10054
10055,train,10055
10056,train,10056
10057,train,10057
10060,train,10060
10061,train,10061
10062,train,10062
10063,train,10063
10064,train,10064
10065,train,10065
10066,train,10066
10067,train,10067
10068,train,10068
10069,train,10069
10071,train,10071
10073,train,10073
10075,train,10075
10076,train,10076
10077,train,10077
10078,train,10078
10079,train,10079
10080,train,10080
10081,train,10081
10082,train,10082
10083,train,10083
10085,train,10085
10086,train,10086
10087,train,10087
10088,train,10088
10089,train,10089
10090,train,10090
10091,train,10091
10092,train,10092
10094,train,10094
10095,train,10095
10098,train,10098
10099,train,10099
10100,train,10100
10101,train,10101
10102,train,10102
10103,train,10103
10105,train,10105
10106,train,10106
10107,train,10107
10108,train,10108
10109,train,10109
10110,train,10110
10111,train,10111
10112,train,10112
10115,train,10115
10116,train,10116
10118,train,10118
10119,train,10119
10120,train,10120
10123,train,10123
10124,train,10124
10126,train,10126
10127,train,10127
10128,train,10128
10129,train,10129
10130,train,10130
10131,train,10131
10132,train,10132
10134,train,10134
10135,train,10135
10136,train,10136
10140,train,10140
10142,train,10142
10143,train,10143
10144,train,10144
10145,train,10145
10146,train,10146
10147,train,10147
10148,train,10148
10149,train,10149
10150,train,10150
10151,train,10151
10152,train,10152
10153,train,10153
10155,train,10155
10156,train,10156
10157,train,10157
10160,train,10160
10161,train,10161
10162,train,10162
10164,train,10164
10165,train,10165
10166,train,10166
10168,train,10168
10169,train,10169
10170,train,10170
10172,train,10172
10174,train,10174
10175,train,10175
10176,train,10176
10178,train,10178
10179,train,10179
10180,train,10180
10181,train,10181
10182,train,10182
10183,train,10183
10184,train,10184
10185,train,10185
10186,train,10186
10187,train,10187
10188,train,10188
10189,train,10189
10190,train,10190
10192,train,10192
10193,train,10193
10194,train,10194
10196,train,10196
10197,train,10197
10198,train,10198
10199,train,10199
10202,train,10202
10203,train,10203
10204,train,10204
10206,train,10206
10208,train,10208
10210,train,10210
10216,train,10216
10217,train,10217
10219,train,10219
10220,train,10220
10221,train,10221
10223,train,10223
10224,train,10224
10225,train,10225
10228,train,10228
10230,train,10230
10231,train,10231
10232,train,10232
10233,train,10233
10235,train,10235
10236,train,10236
10237,train,10237
10238,train,10238
10240,train,10240
10241,train,10241
10242,train,10242
10244,train,10244
10245,train,10245
10246,train,10246
10247,train,10247
10249,train,10249
10250,train,10250
10251,train,10251
10252,train,10252
10254,train,10254
10259,train,10259
10261,train,10261
10262,train,10262
10263,train,10263
10264,train,10264
10266,train,10266
10267,train,10267
10268,train,10268
10269,train,10269
10270,train,10270
10271,train,10271
10272,train,10272
10274,train,10274
10275,train,10275
10276,train,10276
10277,train,10277
10278,train,10278
10280,train,10280
10282,train,10282
10283,train,10283
10284,train,10284
10285,train,10285
10286,train,10286
10288,train,10288
10290,train,10290
10292,train,10292
10293,train,10293
10295,train,10295
10296,train,10296
10297,train,10297
10298,train,10298
10299,train,10299
10303,train,10303
10304,train,10304
10305,train,10305
10307,train,10307
10308,train,10308
10309,train,10309
10310,train,10310
10311,train,10311
10312,train,10312
10313,train,10313
10314,train,10314
10315,train,10315
10316,train,10316
10317,train,10317
10319,train,10319
10320,train,10320
10322,train,10322
10324,train,10324
10325,train,10325
10326,train,10326
10328,train,10328
10329,train,10329
10330,train,10330
10331,train,10331
10332,train,10332
10333,train,10333
10335,train,10335
10336,train,10336
10337,train,10337
10338,train,10338
10339,train,10339
10340,train,10340
10341,train,10341
10342,train,10342
10343,train,10343
10345,train,10345
10346,train,10346
10347,train,10347
10348,train,10348
10349,train,10349
10350,train,10350
10351,train,10351
10352,train,10352
10353,train,10353
10354,train,10354
10355,train,10355
10356,train,10356
10358,train,10358
10359,train,10359
10360,train,10360
10361,train,10361
10362,train,10362
10363,train,10363
10364,train,10364
10366,train,10366
10367,train,10367
10368,train,10368
10369,train,10369
10370,train,10370
10372,train,10372
10373,train,10373
10375,train,10375
10377,train,10377
10378,train,10378
10379,train,10379
10381,train,10381
10382,train,10382
10383,train,10383
10384,train,10384
10385,train,10385
10386,train,10386
10388,train,10388
10390,train,10390
10391,train,10391
10392,train,10392
10393,train,10393
10395,train,10395
10397,train,10397
10399,train,10399
10401,train,10401
10402,train,10402
10403,train,10403
10404,train,10404
10405,train,10405
10406,train,10406
10408,train,10408
10409,train,10409
10410,train,10410
10411,train,10411
10412,train,10412
10413,train,10413
10414,train,10414
10415,train,10415
10416,train,10416
10418,train,10418
10419,train,10419
10420,train,10420
10421,train,10421
10422,train,10422
10423,train,10423
10424,train,10424
10426,train,10426
10427,train,10427
10428,train,10428
10429,train,10429
10430,train,10430
10431,train,10431
10432,train,10432
10433,train,10433
10435,train,10435
10436,train,10436
10437,train,10437
10438,train,10438
10439,train,10439
10440,train,10440
10441,train,10441
10443,train,10443
10444,train,10444
10445,train,10445
10446,train,10446
10447,train,10447
10448,train,10448
10449,train,10449
10451,train,10451
10452,train,10452
10453,train,10453
10454,train,10454
10455,train,10455
10457,train,10457
10458,train,10458
10459,train,10459
10460,train,10460
10462,train,10462
10463,train,10463
10464,train,10464
10465,train,10465
10466,train,10466
10467,train,10467
10468,train,10468
10470,train,10470
10471,train,10471
10472,train,10472
10473,train,10473
10474,train,10474
10475,train,10475
10476,train,10476
10477,train,10477
10478,train,10478
10479,train,10479
10480,train,10480
10481,train,10481
10482,train,10482
10483,train,10483
10484,train,10484
10485,train,10485
10486,train,10486
10487,train,10487
10488,train,10488
10489,train,10489
10490,train,10490
10491,train,10491
10492,train,10492
10493,train,10493
10494,train,10494
10495,train,10495
10496,train,10496
10497,train,10497
10499,train,10499
10500,train,10500
10501,train,10501
10503,train,10503
10504,train,10504
10505,train,10505
10506,train,10506
10507,train,10507
10508,train,10508
10509,train,10509
10512,train,10512
10513,train,10513
10514,train,10514
10515,train,10515
10516,train,10516
10517,train,10517
10518,train,10518
10519,train,10519
10520,train,10520
10523,train,10523
10525,train,10525
10526,train,10526
10527,train,10527
10528,train,10528
10529,train,10529
10530,train,10530
10531,train,10531
10532,train,10532
10533,train,10533
10534,train,10534
10536,train,10536
10537,train,10537
10539,train,10539
10541,train,10541
10542,train,10542
10543,train,10543
10544,train,10544
10547,train,10547
10549,train,10549
10552,train,10552
10553,train,10553
10554,train,10554
10555,train,10555
10556,train,10556
10557,train,10557
10558,train,10558
10559,train,10559
10560,train,10560
10562,train,10562
10563,train,10563
10564,train,10564
10567,train,10567
10568,train,10568
10569,train,10569
10570,train,10570
10571,train,10571
10572,train,10572
10573,train,10573
10574,train,10574
10575,train,10575
10576,train,10576
10577,train,10577
10578,train,10578
10579,train,10579
10580,train,10580
10581,train,10581
10582,train,10582
10583,train,10583
10586,train,10586
10587,train,10587
10589,train,10589
10590,train,10590
10592,train,10592
10593,train,10593
10594,train,10594
10596,train,10596
10597,train,10597
10598,train,10598
10599,train,10599
10601,train,10601
10602,train,10602
10603,train,10603
10604,train,10604
10605,train,10605
10606,train,10606
10607,train,10607
10608,train,10608
10609,train,10609
10610,train,10610
10611,train,10611
10612,train,10612
10613,train,10613
10614,train,10614
10615,train,10615
10616,train,10616
10617,train,10617
10618,train,10618
10619,train,10619
10620,train,10620
10621,train,10621
10622,train,10622
10623,train,10623
10624,train,10624
10625,train,10625
10627,train,10627
10628,train,10628
10629,train,10629
10630,train,10630
10631,train,10631
10632,train,10632
10633,train,10633
10634,train,10634
10635,train,10635
10637,train,10637
10639,train,10639
10640,train,10640
10641,train,10641
10642,train,10642
10643,train,10643
10644,train,10644
10645,train,10645
10646,train,10646
10647,train,10647
10648,train,10648
10649,train,10649
10650,train,10650
10651,train,10651
10654,train,10654
10655,train,10655
10656,train,10656
10657,train,10657
10658,train,10658
10659,train,10659
10660,train,10660
10662,train,10662
10663,train,10663
10664,train,10664
10665,train,10665
10666,train,10666
10668,train,10668
10669,train,10669
10670,train,10670
10671,train,10671
10672,train,10672
10673,train,10673
10674,train,10674
10675,train,10675
10676,train,10676
10677,train,10677
10678,train,10678
10679,train,10679
10681,train,10681
10682,train,10682
10683,train,10683
10685,train,10685
10686,train,10686
10687,train,10687
10688,train,10688
10689,train,10689
10690,train,10690
10691,train,10691
10692,train,10692
10697,train,10697
10698,train,10698
10699,train,10699
10700,train,10700
10701,train,10701
10702,train,10702
10703,train,10703
10704,train,10704
10706,train,10706
10707,train,10707
10708,train,10708
10709,train,10709
10710,train,10710
10711,train,10711
10713,train,10713
10714,train,10714
10715,train,10715
10716,train,10716
10717,train,10717
10718,train,10718
10719,train,10719
10722,train,10722
10723,train,10723
10724,train,10724
10725,train,10725
10726,train,10726
10728,train,10728
10730,train,10730
10731,train,10731
10732,train,10732
10733,train,10733
10736,train,10736
10738,train,10738
10739,train,10739
10740,train,10740
10741,train,10741
10742,train,10742
10744,train,10744
10745,train,10745
10747,train,10747
10748,train,10748
10749,train,10749
10750,train,10750
10751,train,10751
10753,train,10753
10754,train,10754
10755,train,10755
10757,train,10757
10759,train,10759
10760,train,10760
10761,train,10761
10762,train,10762
10763,train,10763
10764,train,10764
10765,train,10765
10766,train,10766
10767,train,10767
10768,train,10768
10769,train,10769
10770,train,10770
10772,train,10772
10774,train,10774
10775,train,10775
10776,train,10776
10777,train,10777
10780,train,10780
10781,train,10781
10782,train,10782
10783,train,10783
10784,train,10784
10785,train,10785
10787,train,10787
10788,train,10788
10789,train,10789
10790,train,10790
10791,train,10791
10792,train,10792
10793,train,10793
10794,train,10794
10795,train,10795
10800,train,10800
10801,train,10801
10802,train,10802
10803,train,10803
10804,train,10804
10805,train,10805
10806,train,10806
10807,train,10807
10808,train,10808
10809,train,10809
10810,train,10810
10811,train,10811
10813,train,10813
10815,train,10815
10816,train,10816
10817,train,10817
10820,train,10820
10821,train,10821
10822,train,10822
10823,train,10823
10824,train,10824
10825,train,10825
10826,train,10826
10827,train,10827
10829,train,10829
10830,train,10830
10832,train,10832
10833,train,10833
10834,train,10834
10835,train,10835
10836,train,10836
10837,train,10837
10838,train,10838
10839,train,10839
10840,train,10840
10841,train,10841
10843,train,10843
10844,train,10844
10845,train,10845
10846,train,10846
10847,train,10847
10848,train,10848
10849,train,10849
10851,train,10851
10852,train,10852
10854,train,10854
10855,train,10855
10856,train,10856
10857,train,10857
10858,train,10858
10859,train,10859
10860,train,10860
10863,train,10863
10864,train,10864
10865,train,10865
10866,train,10866
10867,train,10867
10868,train,10868
10869,train,10869
10870,train,10870
10871,train,10871
10874,train,10874
10877,train,10877
10878,train,10878
10879,train,10879
10880,train,10880
10881,train,10881
10883,train,10883
10884,train,10884
10885,train,10885
10887,train,10887
10888,train,10888
10889,train,10889
10891,train,10891
10892,train,10892
10893,train,10893
10894,train,10894
10895,train,10895
10896,train,10896
10897,train,10897
10899,train,10899
10900,train,10900
10901,train,10901
10902,train,10902
10904,train,10904
10905,train,10905
10907,train,10907
10908,train,10908
10910,train,10910
10911,train,10911
10912,train,10912
10913,train,10913
10914,train,10914
10915,train,10915
10916,train,10916
10918,train,10918
10919,train,10919
10920,train,10920
10921,train,10921
10922,train,10922
10924,train,10924
10925,train,10925
10926,train,10926
10927,train,10927
10930,train,10930
10931,train,10931
10932,train,10932
10933,train,10933
10934,train,10934
10935,train,10935
10936,train,10936
10937,train,10937
10938,train,10938
10939,train,10939
10940,train,10940
10941,train,10941
10942,train,10942
10944,train,10944
10945,train,10945
10947,train,10947
10948,train,10948
10950,train,10950
10952,train,10952
10953,train,10953
10954,train,10954
10955,train,10955
10957,train,10957
10959,train,10959
10960,train,10960
10962,train,10962
10963,train,10963
10964,train,10964
10965,train,10965
10967,train,10967
10968,train,10968
10969,train,10969
10970,train,10970
10971,train,10971
10972,train,10972
10973,train,10973
10974,train,10974
10975,train,10975
10978,train,10978
10979,train,10979
10980,train,10980
10981,train,10981
10983,train,10983
10984,train,10984
10985,train,10985
10986,train,10986
10987,train,10987
10989,train,10989
10990,train,10990
10992,train,10992
10993,train,10993
10994,train,10994
10995,train,10995
10996,train,10996
10997,train,10997
10998,train,10998
10999,train,10999
11000,train,11000
11001,train,11001
11003,train,11003
11004,train,11004
11005,train,11005
11006,train,11006
11007,train,11007
11010,train,11010
11011,train,11011
11013,train,11013
11014,train,11014
11015,train,11015
11016,train,11016
11017,train,11017
11019,train,11019
11020,train,11020
11021,train,11021
11023,train,11023
11024,train,11024
11025,train,11025
11026,train,11026
11027,train,11027
11029,train,11029
11030,train,11030
11031,train,11031
11032,train,11032
11033,train,11033
11034,train,11034
11036,train,11036
11037,train,11037
11038,train,11038
11040,train,11040
11041,train,11041
11042,train,11042
11043,train,11043
11046,train,11046
11047,train,11047
11048,train,11048
11049,train,11049
11050,train,11050
11051,train,11051
11052,train,11052
11054,train,11054
11055,train,11055
11056,train,11056
11058,train,11058
11059,train,11059
11060,train,11060
11061,train,11061
11062,train,11062
11063,train,11063
11064,train,11064
11065,train,11065
11066,train,11066
11070,train,11070
11071,train,11071
11072,train,11072
11073,train,11073
11074,train,11074
11075,train,11075
11077,train,11077
11078,train,11078
11079,train,11079
11080,train,11080
11081,train,11081
11082,train,11082
11083,train,11083
11084,train,11084
11085,train,11085
11086,train,11086
11087,train,11087
11088,train,11088
11089,train,11089
11090,train,11090
11091,train,11091
11092,train,11092
11093,train,11093
11095,train,11095
11096,train,11096
11098,train,11098
11099,train,11099
11100,train,11100
11101,train,11101
11102,train,11102
11105,train,11105
11106,train,11106
11107,train,11107
11108,train,11108
11109,train,11109
11110,train,11110
11111,train,11111
11112,train,11112
11113,train,11113
11115,train,11115
11116,train,11116
11117,train,11117
11118,train,11118
11119,train,11119
11120,train,11120
11122,train,11122
11123,train,11123
11125,train,11125
11126,train,11126
11127,train,11127
11128,train,11128
11130,train,11130
11131,train,11131
11133,train,11133
11134,train,11134
11135,train,11135
11136,train,11136
11137,train,11137
11138,train,11138
11139,train,11139
11140,train,11140
11141,train,11141
11142,train,11142
11143,train,11143
11144,train,11144
11145,train,11145
11146,train,11146
11147,train,11147
11148,train,11148
11149,train,11149
11151,train,11151
11152,train,11152
11153,train,11153
11155,train,11155
11156,train,11156
11157,train,11157
11158,train,11158
11159,train,11159
11160,train,11160
11161,train,11161
11162,train,11162
11164,train,11164
11165,train,11165
11166,train,11166
11167,train,11167
11169,train,11169
11170,train,11170
11171,train,11171
11172,train,11172
11174,train,11174
11176,train,11176
11177,train,11177
11178,train,11178
11179,train,11179
11180,train,11180
11181,train,11181
11182,train,11182
11183,train,11183
11184,train,11184
11185,train,11185
11187,train,11187
11188,train,11188
11189,train,11189
11190,train,11190
11191,train,11191
11192,train,11192
11194,train,11194
11195,train,11195
11197,train,11197
11198,train,11198
11199,train,11199
11201,train,11201
11202,train,11202
11203,train,11203
11204,train,11204
11205,train,11205
11206,train,11206
11207,train,11207
11209,train,11209
11212,train,11212
11213,train,11213
11214,train,11214
11215,train,11215
11217,train,11217
11218,train,11218
11219,train,11219
11220,train,11220
11221,train,11221
11222,train,11222
11223,train,11223
11224,train,11224
11225,train,11225
11227,train,11227
11228,train,11228
11229,train,11229
11230,train,11230
11231,train,11231
11232,train,11232
11233,train,11233
11234,train,11234
11235,train,11235
11236,train,11236
11238,train,11238
11239,train,11239
11240,train,11240
11241,train,11241
11243,train,11243
11245,train,11245
11246,train,11246
11247,train,11247
11249,train,11249
11250,train,11250
11251,train,11251
11252,train,11252
11253,train,11253
11254,train,11254
11255,train,11255
11256,train,11256
11257,train,11257
11258,train,11258
11259,train,11259
11260,train,11260
11261,train,11261
11262,train,11262
11263,train,11263
11264,train,11264
11265,train,11265
11266,train,11266
11267,train,11267
11268,train,11268
11269,train,11269
11270,train,11270
11272,train,11272
11273,train,11273
11276,train,11276
11277,train,11277
11279,train,11279
11280,train,11280
11281,train,11281
11282,train,11282
11284,train,11284
11286,train,11286
11288,train,11288
11289,train,11289
11292,train,11292
11293,train,11293
11294,train,11294
11295,train,11295
11296,train,11296
11297,train,11297
11298,train,11298
11299,train,11299
11300,train,11300
11301,train,11301
11302,train,11302
11303,train,11303
11304,train,11304
11307,train,11307
11308,train,11308
11309,train,11309
11310,train,11310
11311,train,11311
11312,train,11312
11313,train,11313
11314,train,11314
11315,train,11315
11317,train,11317
11318,train,11318
11319,train,11319
11320,train,11320
11323,train,11323
11324,train,11324
11325,train,11325
11326,train,11326
11328,train,11328
11329,train,11329
11330,train,11330
11331,train,11331
11332,train,11332
11333,train,11333
11334,train,11334
11336,train,11336
11337,train,11337
11338,train,11338
11339,train,11339
11341,train,11341
11342,train,11342
11343,train,11343
11344,train,11344
11345,train,11345
11346,train,11346
11347,train,11347
11348,train,11348
11349,train,11349
11350,train,11350
11351,train,11351
11352,train,11352
11354,train,11354
11355,train,11355
11356,train,11356
11357,train,11357
11358,train,11358
11359,train,11359
11361,train,11361
11362,train,11362
11363,train,11363
11364,train,11364
11365,train,11365
11366,train,11366
11368,train,11368
11369,train,11369
11370,train,11370
11371,train,11371
11373,train,11373
11374,train,11374
11375,train,11375
11376,train,11376
11377,train,11377
11378,train,11378
11379,train,11379
11380,train,11380
11381,train,11381
11383,train,11383
11384,train,11384
11385,train,11385
11386,train,11386
11387,train,11387
11388,train,11388
11391,train,11391
11392,train,11392
11393,train,11393
11394,train,11394
11395,train,11395
11396,train,11396
11397,train,11397
11398,train,11398
11399,train,11399
11400,train,11400
11402,train,11402
11403,train,11403
11404,train,11404
11405,train,11405
11406,train,11406
11407,train,11407
11408,train,11408
11409,train,11409
11410,train,11410
11412,train,11412
11413,train,11413
11414,train,11414
11415,train,11415
11416,train,11416
11417,train,11417
11418,train,11418
11419,train,11419
11420,train,11420
11421,train,11421
11422,train,11422
11423,train,11423
11424,train,11424
11425,train,11425
11427,train,11427
11428,train,11428
11429,train,11429
11430,train,11430
11431,train,11431
11432,train,11432
11433,train,11433
11434,train,11434
11435,train,11435
11436,train,11436
11437,train,11437
11438,train,11438
11439,train,11439
11440,train,11440
11441,train,11441
11443,train,11443
11444,train,11444
11446,train,11446
11447,train,11447
11448,train,11448
11449,train,11449
11450,train,11450
11451,train,11451
11452,train,11452
11453,train,11453
11454,train,11454
11455,train,11455
11456,train,11456
11457,train,11457
11458,train,11458
11461,train,11461
11462,train,11462
11463,train,11463
11467,train,11467
11468,train,11468
11470,train,11470
11471,train,11471
11472,train,11472
11473,train,11473
11474,train,11474
11476,train,11476
11478,train,11478
11479,train,11479
11480,train,11480
11481,train,11481
11482,train,11482
11483,train,11483
11484,train,11484
11485,train,11485
11487,train,11487
11488,train,11488
11489,train,11489
11490,train,11490
11492,train,11492
11493,train,11493
11494,train,11494
11495,train,11495
11496,train,11496
11497,train,11497
11498,train,11498
11499,train,11499
11500,train,11500
11501,train,11501
11502,train,11502
11503,train,11503
11504,train,11504
11506,train,11506
11507,train,11507
11508,train,11508
11509,train,11509
11510,train,11510
11512,train,11512
11513,train,11513
11514,train,11514
11515,train,11515
11516,train,11516
11517,train,11517
11518,train,11518
11519,train,11519
11522,train,11522
11523,train,11523
11525,train,11525
11526,train,11526
11527,train,11527
11528,train,11528
11530,train,11530
11531,train,11531
11532,train,11532
11533,train,11533
11534,train,11534
11538,train,11538
11539,train,11539
11541,train,11541
11544,train,11544
11545,train,11545
11547,train,11547
11548,train,11548
11549,train,11549
11550,train,11550
11551,train,11551
11552,train,11552
11553,train,11553
11554,train,11554
11555,train,11555
11556,train,11556
11558,train,11558
11559,train,11559
11560,train,11560
11561,train,11561
11562,train,11562
11563,train,11563
11564,train,11564
11566,train,11566
11567,train,11567
11568,train,11568
11569,train,11569
11570,train,11570
11572,train,11572
11573,train,11573
11575,train,11575
11576,train,11576
11577,train,11577
11579,train,11579
11580,train,11580
11583,train,11583
11584,train,11584
11585,train,11585
11586,train,11586
11587,train,11587
11588,train,11588
11589,train,11589
11590,train,11590
11591,train,11591
11592,train,11592
11593,train,11593
11594,train,11594
11595,train,11595
11596,train,11596
11597,train,11597
11598,train,11598
11600,train,11600
11602,train,11602
11603,train,11603
11604,train,11604
11605,train,11605
11606,train,11606
11607,train,11607
11608,train,11608
11609,train,11609
11611,train,11611
11612,train,11612
11613,train,11613
11614,train,11614
11616,train,11616
11617,train,11617
11618,train,11618
11619,train,11619
11622,train,11622
11623,train,11623
11624,train,11624
11625,train,11625
11626,train,11626
11627,train,11627
11628,train,11628
11629,train,11629
11630,train,11630
11632,train,11632
11634,train,11634
11635,train,11635
11636,train,11636
11637,train,11637
11640,train,11640
11641,train,11641
11642,train,11642
11643,train,11643
11644,train,11644
11645,train,11645
11646,train,11646
11647,train,11647
11648,train,11648
11649,train,11649
11650,train,11650
11651,train,11651
11652,train,11652
11653,train,11653
11654,train,11654
11656,train,11656
11659,train,11659
11660,train,11660
11661,train,11661
11663,train,11663
11664,train,11664
11666,train,11666
11667,train,11667
11668,train,11668
11669,train,11669
11670,train,11670
11671,train,11671
11673,train,11673
11674,train,11674
11675,train,11675
11676,train,11676
11677,train,11677
11678,train,11678
11679,train,11679
11681,train,11681
11683,train,11683
11684,train,11684
11685,train,11685
11686,train,11686
11687,train,11687
11689,train,11689
11693,train,11693
11694,train,11694
11695,train,11695
11696,train,11696
11697,train,11697
11699,train,11699
11700,train,11700
11701,train,11701
11703,train,11703
11704,train,11704
11705,train,11705
11706,train,11706
11707,train,11707
11709,train,11709
11710,train,11710
11711,train,11711
11712,train,11712
11713,train,11713
11716,train,11716
11717,train,11717
11718,train,11718
11719,train,11719
11720,train,11720
11721,train,11721
11722,train,11722
11723,train,11723
11724,train,11724
11726,train,11726
11727,train,11727
11730,train,11730
11731,train,11731
11732,train,11732
11733,train,11733
11734,train,11734
11735,train,11735
11736,train,11736
11738,train,11738
11740,train,11740
11741,train,11741
11742,train,11742
11743,train,11743
11744,train,11744
11745,train,11745
11747,train,11747
11748,train,11748
11749,train,11749
11750,train,11750
11751,train,11751
11752,train,11752
11754,train,11754
11755,train,11755
11756,train,11756
11757,train,11757
11758,train,11758
11759,train,11759
11760,train,11760
11761,train,11761
11765,train,11765
11766,train,11766
11768,train,11768
11769,train,11769
11770,train,11770
11771,train,11771
11772,train,11772
11773,train,11773
11774,train,11774
11775,train,11775
11776,train,11776
11777,train,11777
11778,train,11778
11779,train,11779
11781,train,11781
11783,train,11783
11784,train,11784
11786,train,11786
11787,train,11787
11788,train,11788
11789,train,11789
11790,train,11790
11791,train,11791
11792,train,11792
11794,train,11794
11796,train,11796
11797,train,11797
11798,train,11798
11799,train,11799
11800,train,11800
11801,train,11801
11802,train,11802
11803,train,11803
11805,train,11805
11807,train,11807
11808,train,11808
11809,train,11809
11810,train,11810
11811,train,11811
11812,train,11812
11813,train,11813
11814,train,11814
11815,train,11815
11816,train,11816
11818,train,11818
11819,train,11819
11820,train,11820
11822,train,11822
11823,train,11823
11825,train,11825
11828,train,11828
11830,train,11830
11831,train,11831
11832,train,11832
11834,train,11834
11835,train,11835
11836,train,11836
11838,train,11838
11839,train,11839
11842,train,11842
11844,train,11844
11845,train,11845
11846,train,11846
11847,train,11847
11848,train,11848
11850,train,11850
11851,train,11851
11852,train,11852
11853,train,11853
11854,train,11854
11855,train,11855
11856,train,11856
11858,train,11858
11859,train,11859
11860,train,11860
11861,train,11861
11862,train,11862
11863,train,11863
11864,train,11864
11865,train,11865
11866,train,11866
11867,train,11867
11868,train,11868
11869,train,11869
11870,train,11870
11871,train,11871
11873,train,11873
11874,train,11874
11876,train,11876
11877,train,11877
11878,train,11878
11879,train,11879
11880,train,11880
11881,train,11881
11882,train,11882
11883,train,11883
11885,train,11885
11886,train,11886
11887,train,11887
11888,train,11888
11889,train,11889
11890,train,11890
11891,train,11891
11892,train,11892
11896,train,11896
11897,train,11897
11898,train,11898
11899,train,11899
11900,train,11900
11901,train,11901
11902,train,11902
11904,train,11904
11905,train,11905
11906,train,11906
11908,train,11908
11911,train,11911
11912,train,11912
11914,train,11914
11915,train,11915
11916,train,11916
11917,train,11917
11918,train,11918
11919,train,11919
11920,train,11920
11922,train,11922
11924,train,11924
11925,train,11925
11927,train,11927
11928,train,11928
11929,train,11929
11930,train,11930
11931,train,11931
11933,train,11933
11934,train,11934
11935,train,11935
11936,train,11936
11937,train,11937
11938,train,11938
11939,train,11939
11940,train,11940
11941,train,11941
11942,train,11942
11943,train,11943
11945,train,11945
11947,train,11947
11948,train,11948
11949,train,11949
11950,train,11950
11951,train,11951
11952,train,11952
11953,train,11953
11954,train,11954
11956,train,11956
11957,train,11957
11958,train,11958
11959,train,11959
11960,train,11960
11961,train,11961
11962,train,11962
11963,train,11963
11965,train,11965
11966,train,11966
11967,train,11967
11968,train,11968
11969,train,11969
11970,train,11970
11972,train,11972
11974,train,11974
11975,train,11975
11976,train,11976
11977,train,11977
11978,train,11978
11979,train,11979
11980,train,11980
11981,train,11981
11982,train,11982
11983,train,11983
11984,train,11984
11985,train,11985
11987,train,11987
11988,train,11988
11989,train,11989
11990,train,11990
11991,train,11991
11992,train,11992
11993,train,11993
11995,train,11995
11996,train,11996
11997,train,11997
11998,train,11998
11999,train,11999
12000,train,12000
12001,train,12001
12003,train,12003
12005,train,12005
12007,train,12007
12008,train,12008
12009,train,12009
12011,train,12011
12012,train,12012
12013,train,12013
12014,train,12014
12015,train,12015
12016,train,12016
12017,train,12017
12018,train,12018
12019,train,12019
12020,train,12020
12021,train,12021
12022,train,12022
12023,train,12023
12024,train,12024
12025,train,12025
12026,train,12026
12027,train,12027
12028,train,12028
12029,train,12029
12030,train,12030
12032,train,12032
12033,train,12033
12034,train,12034
12035,train,12035
12037,train,12037
12038,train,12038
12039,train,12039
12042,train,12042
12043,train,12043
12044,train,12044
12045,train,12045
12046,train,12046
12047,train,12047
12048,train,12048
12049,train,12049
12050,train,12050
12051,train,12051
12052,train,12052
12053,train,12053
12055,train,12055
12056,train,12056
12057,train,12057
12058,train,12058
12061,train,12061
12062,train,12062
12063,train,12063
12065,train,12065
12066,train,12066
12067,train,12067
12070,train,12070
12071,train,12071
12073,train,12073
12074,train,12074
12075,train,12075
12076,train,12076
12077,train,12077
12078,train,12078
12079,train,12079
12080,train,12080
12082,train,12082
12083,train,12083
12084,train,12084
12085,train,12085
12086,train,12086
12087,train,12087
12088,train,12088
12090,train,12090
12092,train,12092
12094,train,12094
12095,train,12095
12096,train,12096
12098,train,12098
12099,train,12099
12100,train,12100
12101,train,12101
12104,train,12104
12105,train,12105
12106,train,12106
12108,train,12108
12111,train,12111
12112,train,12112
12113,train,12113
12114,train,12114
12116,train,12116
12117,train,12117
12118,train,12118
12119,train,12119
12120,train,12120
12121,train,12121
12122,train,12122
12123,train,12123
12124,train,12124
12125,train,12125
12126,train,12126
12128,train,12128
12129,train,12129
12130,train,12130
12131,train,12131
12132,train,12132
12134,train,12134
12138,train,12138
12139,train,12139
12140,train,12140
12141,train,12141
12142,train,12142
12143,train,12143
12144,train,12144
12145,train,12145
12146,train,12146
12147,train,12147
12148,train,12148
12149,train,12149
12150,train,12150
12152,train,12152
12153,train,12153
12154,train,12154
12157,train,12157
12158,train,12158
12159,train,12159
12160,train,12160
12161,train,12161
12162,train,12162
12163,train,12163
12165,train,12165
12166,train,12166
12167,train,12167
12168,train,12168
12169,train,12169
12170,train,12170
12171,train,12171
12172,train,12172
12173,train,12173
12174,train,12174
12175,train,12175
12176,train,12176
12177,train,12177
12178,train,12178
12179,train,12179
12180,train,12180
12181,train,12181
12182,train,12182
12183,train,12183
12184,train,12184
12185,train,12185
12186,train,12186
12187,train,12187
12188,train,12188
12189,train,12189
12190,train,12190
12191,train,12191
12192,train,12192
12193,train,12193
12194,train,12194
12195,train,12195
12198,train,12198
12199,train,12199
12200,train,12200
12202,train,12202
12203,train,12203
12205,train,12205
12206,train,12206
12207,train,12207
12208,train,12208
12210,train,12210
12211,train,12211
12212,train,12212
12213,train,12213
12214,train,12214
12215,train,12215
12216,train,12216
12217,train,12217
12218,train,12218
12219,train,12219
12221,train,12221
12222,train,12222
12223,train,12223
12224,train,12224
12225,train,12225
12226,train,12226
12227,train,12227
12228,train,12228
12229,train,12229
12230,train,12230
12231,train,12231
12233,train,12233
12234,train,12234
12235,train,12235
12237,train,12237
12238,train,12238
12239,train,12239
12241,train,12241
12242,train,12242
12245,train,12245
12246,train,12246
12247,train,12247
12248,train,12248
12249,train,12249
12250,train,12250
12251,train,12251
12252,train,12252
12253,train,12253
12254,train,12254
12256,train,12256
12257,train,12257
12258,train,12258
12259,train,12259
12260,train,12260
12261,train,12261
12262,train,12262
12264,train,12264
12265,train,12265
12267,train,12267
12268,train,12268
12269,train,12269
12270,train,12270
12271,train,12271
12272,train,12272
12273,train,12273
12275,train,12275
12276,train,12276
12277,train,12277
12278,train,12278
12280,train,12280
12281,train,12281
12282,train,12282
12283,train,12283
12284,train,12284
12285,train,12285
12287,train,12287
12288,train,12288
12290,train,12290
12291,train,12291
12292,train,12292
12293,train,12293
12294,train,12294
12295,train,12295
12296,train,12296
12298,train,12298
12299,train,12299
12301,train,12301
12302,train,12302
12303,train,12303
12304,train,12304
12305,train,12305
12306,train,12306
12307,train,12307
12308,train,12308
12309,train,12309
12310,train,12310
12311,train,12311
12312,train,12312
12313,train,12313
12314,train,12314
12316,train,12316
12317,train,12317
12319,train,12319
12320,train,12320
12321,train,12321
12323,train,12323
12324,train,12324
12325,train,12325
12326,train,12326
12327,train,12327
12328,train,12328
12329,train,12329
12330,train,12330
12332,train,12332
12334,train,12334
12336,train,12336
12337,train,12337
12338,train,12338
12340,train,12340
12342,train,12342
12343,train,12343
12344,train,12344
12345,train,12345
12346,train,12346
12347,train,12347
12348,train,12348
12349,train,12349
12350,train,12350
12351,train,12351
12352,train,12352
12354,train,12354
12355,train,12355
12356,train,12356
12357,train,12357
12358,train,12358
12359,train,12359
12360,train,12360
12361,train,12361
12362,train,12362
12363,train,12363
12365,train,12365
12366,train,12366
12367,train,12367
12368,train,12368
12369,train,12369
12370,train,12370
12371,train,12371
12373,train,12373
12374,train,12374
12375,train,12375
12376,train,12376
12378,train,12378
12379,train,12379
12380,train,12380
12381,train,12381
12382,train,12382
12383,train,12383
12384,train,12384
12385,train,12385
12387,train,12387
12388,train,12388
12390,train,12390
12391,train,12391
12392,train,12392
12393,train,12393
12394,train,12394
12395,train,12395
12396,train,12396
12398,train,12398
12399,train,12399
12401,train,12401
12402,train,12402
12403,train,12403
12404,train,12404
12405,train,12405
12406,train,12406
12408,train,12408
12409,train,12409
12410,train,12410
12411,train,12411
12416,train,12416
12418,train,12418
12419,train,12419
12421,train,12421
12422,train,12422
12423,train,12423
12424,train,12424
12427,train,12427
12428,train,12428
12430,train,12430
12431,train,12431
12432,train,12432
12433,train,12433
12435,train,12435
12436,train,12436
12437,train,12437
12441,train,12441
12442,train,12442
12443,train,12443
12445,train,12445
12446,train,12446
12448,train,12448
12451,train,12451
12452,train,12452
12453,train,12453
12454,train,12454
12455,train,12455
12457,train,12457
12458,train,12458
12459,train,12459
12460,train,12460
12461,train,12461
12462,train,12462
12464,train,12464
12465,train,12465
12466,train,12466
12467,train,12467
12468,train,12468
12469,train,12469
12470,train,12470
12471,train,12471
12473,train,12473
12475,train,12475
12476,train,12476
12477,train,12477
12478,train,12478
12479,train,12479
12480,train,12480
12481,train,12481
12482,train,12482
12485,train,12485
12487,train,12487
12489,train,12489
12491,train,12491
12492,train,12492
12493,train,12493
12494,train,12494
12497,train,12497
12498,train,12498
12500,train,12500
12501,train,12501
12502,train,12502
12504,train,12504
12505,train,12505
12506,train,12506
12507,train,12507
12509,train,12509
12510,train,12510
12511,train,12511
12512,train,12512
12513,train,12513
12514,train,12514
12515,train,12515
12516,train,12516
12517,train,12517
12518,train,12518
12519,train,12519
12521,train,12521
12522,train,12522
12523,train,12523
12526,train,12526
12527,train,12527
12528,train,12528
12530,train,12530
12532,train,12532
12533,train,12533
12534,train,12534
12535,train,12535
12536,train,12536
12537,train,12537
12538,train,12538
12539,train,12539
12540,train,12540
12541,train,12541
12542,train,12542
12543,train,12543
12545,train,12545
12546,train,12546
12547,train,12547
12548,train,12548
12549,train,12549
12550,train,12550
12551,train,12551
12554,train,12554
12556,train,12556
12557,train,12557
12558,train,12558
12559,train,12559
12560,train,12560
12561,train,12561
12562,train,12562
12563,train,12563
12565,train,12565
12566,train,12566
12568,train,12568
12569,train,12569
12571,train,12571
12572,train,12572
12573,train,12573
12574,train,12574
12575,train,12575
12576,train,12576
12578,train,12578
12579,train,12579
12581,train,12581
12583,train,12583
12584,train,12584
12586,train,12586
12587,train,12587
12589,train,12589
12590,train,12590
12592,train,12592
12593,train,12593
12594,train,12594
12596,train,12596
12597,train,12597
12598,train,12598
12599,train,12599
12600,train,12600
12602,train,12602
12603,train,12603
12605,train,12605
12606,train,12606
12607,train,12607
12608,train,12608
12610,train,12610
12611,train,12611
12612,train,12612
12613,train,12613
12614,train,12614
12615,train,12615
12617,train,12617
12618,train,12618
12619,train,12619
12620,train,12620
12621,train,12621
12622,train,12622
12623,train,12623
12624,train,12624
12625,train,12625
12626,train,12626
12627,train,12627
12628,train,12628
12630,train,12630
12631,train,12631
12632,train,12632
12633,train,12633
12634,train,12634
12635,train,12635
12636,train,12636
12637,train,12637
12638,train,12638
12639,train,12639
12640,train,12640
12641,train,12641
12642,train,12642
12643,train,12643
12644,train,12644
12645,train,12645
12646,train,12646
12648,train,12648
12649,train,12649
12650,train,12650
12651,train,12651
12654,train,12654
12655,train,12655
12656,train,12656
12657,train,12657
12658,train,12658
12659,train,12659
12660,train,12660
12661,train,12661
12663,train,12663
12666,train,12666
12667,train,12667
12668,train,12668
12670,train,12670
12671,train,12671
12672,train,12672
12677,train,12677
12678,train,12678
12679,train,12679
12680,train,12680
12681,train,12681
12682,train,12682
12683,train,12683
12684,train,12684
12685,train,12685
12688,train,12688
12689,train,12689
12690,train,12690
12691,train,12691
12692,train,12692
12693,train,12693
12695,train,12695
12696,train,12696
12697,train,12697
12699,train,12699
12700,train,12700
12701,train,12701
12702,train,12702
12703,train,12703
12704,train,12704
12705,train,12705
12706,train,12706
12707,train,12707
12708,train,12708
12709,train,12709
12710,train,12710
12711,train,12711
12712,train,12712
12713,train,12713
12714,train,12714
12717,train,12717
12719,train,12719
12720,train,12720
12722,train,12722
12723,train,12723
12724,train,12724
12725,train,12725
12726,train,12726
12727,train,12727
12728,train,12728
12729,train,12729
12730,train,12730
12732,train,12732
12733,train,12733
12735,train,12735
12736,train,12736
12737,train,12737
12738,train,12738
12739,train,12739
12740,train,12740
12741,train,12741
12742,train,12742
12743,train,12743
12744,train,12744
12745,train,12745
12747,train,12747
12748,train,12748
12749,train,12749
12750,train,12750
12751,train,12751
12752,train,12752
12753,train,12753
12754,train,12754
12755,train,12755
12756,train,12756
12757,train,12757
12758,train,12758
12759,train,12759
12760,train,12760
12762,train,12762
12763,train,12763
12764,train,12764
12766,train,12766
12767,train,12767
12768,train,12768
12769,train,12769
12770,train,12770
12771,train,12771
12772,train,12772
12773,train,12773
12774,train,12774
12775,train,12775
12776,train,12776
12777,train,12777
12778,train,12778
12779,train,12779
12781,train,12781
12782,train,12782
12783,train,12783
12784,train,12784
12785,train,12785
12786,train,12786
12787,train,12787
12789,train,12789
12790,train,12790
12791,train,12791
12792,train,12792
12793,train,12793
12794,train,12794
12795,train,12795
12796,train,12796
12797,train,12797
12798,train,12798
12799,train,12799
12800,train,12800
12801,train,12801
12802,train,12802
12804,train,12804
12805,train,12805
12806,train,12806
12807,train,12807
12808,train,12808
12809,train,12809
12810,train,12810
12811,train,12811
12812,train,12812
12813,train,12813
12814,train,12814
12815,train,12815
12816,train,12816
12817,train,12817
12819,train,12819
12820,train,12820
12821,train,12821
12822,train,12822
12823,train,12823
12825,train,12825
12826,train,12826
12827,train,12827
12829,train,12829
12831,train,12831
12832,train,12832
12833,train,12833
12835,train,12835
12836,train,12836
12839,train,12839
12841,train,12841
12842,train,12842
12843,train,12843
12845,train,12845
12846,train,12846
12847,train,12847
12849,train,12849
12850,train,12850
12852,train,12852
12853,train,12853
12854,train,12854
12856,train,12856
12858,train,12858
12859,train,12859
12860,train,12860
12861,train,12861
12862,train,12862
12863,train,12863
12864,train,12864
12866,train,12866
12867,train,12867
12868,train,12868
12869,train,12869
12870,train,12870
12871,train,12871
12872,train,12872
12874,train,12874
12875,train,12875
12878,train,12878
12879,train,12879
12880,train,12880
12881,train,12881
12882,train,12882
12883,train,12883
12884,train,12884
12885,train,12885
12886,train,12886
12887,train,12887
12888,train,12888
12889,train,12889
12890,train,12890
12892,train,12892
12893,train,12893
12896,train,12896
12897,train,12897
12898,train,12898
12899,train,12899
12900,train,12900
12901,train,12901
12902,train,12902
12903,train,12903
12905,train,12905
12908,train,12908
12909,train,12909
12912,train,12912
12913,train,12913
12915,train,12915
12916,train,12916
12917,train,12917
12918,train,12918
12920,train,12920
12921,train,12921
12922,train,12922
12923,train,12923
12924,train,12924
12925,train,12925
12926,train,12926
12927,train,12927
12928,train,12928
12929,train,12929
12930,train,12930
12931,train,12931
12932,train,12932
12933,train,12933
12934,train,12934
12937,train,12937
12938,train,12938
12939,train,12939
12940,train,12940
12941,train,12941
12942,train,12942
12944,train,12944
12945,train,12945
12947,train,12947
12948,train,12948
12949,train,12949
12950,train,12950
12951,train,12951
12953,train,12953
12954,train,12954
12955,train,12955
12956,train,12956
12958,train,12958
12959,train,12959
12960,train,12960
12961,train,12961
12962,train,12962
12963,train,12963
12964,train,12964
12965,train,12965
12966,train,12966
12967,train,12967
12968,train,12968
12969,train,12969
12970,train,12970
12971,train,12971
12972,train,12972
12973,train,12973
12974,train,12974
12975,train,12975
12976,train,12976
12977,train,12977
12978,train,12978
12979,train,12979
12980,train,12980
12981,train,12981
12982,train,12982
12984,train,12984
12988,train,12988
12989,train,12989
12990,train,12990
12991,train,12991
12992,train,12992
12993,train,12993
12994,train,12994
12995,train,12995
12996,train,12996
12997,train,12997
12998,train,12998
12999,train,12999
13000,train,13000
13002,train,13002
13003,train,13003
13004,train,13004
13006,train,13006
13007,train,13007
13008,train,13008
13009,train,13009
13010,train,13010
13011,train,13011
13012,train,13012
13013,train,13013
13015,train,13015
13016,train,13016
13017,train,13017
13018,train,13018
13019,train,13019
13020,train,13020
13021,train,13021
13022,train,13022
13023,train,13023
13024,train,13024
13026,train,13026
13027,train,13027
13028,train,13028
13029,train,13029
13030,train,13030
13031,train,13031
13032,train,13032
13033,train,13033
13034,train,13034
13035,train,13035
13036,train,13036
13038,train,13038
13039,train,13039
13040,train,13040
13042,train,13042
13043,train,13043
13044,train,13044
13045,train,13045
13046,train,13046
13047,train,13047
13048,train,13048
13049,train,13049
13050,train,13050
13051,train,13051
13053,train,13053
13054,train,13054
13055,train,13055
13058,train,13058
13059,train,13059
13060,train,13060
13062,train,13062
13063,train,13063
13064,train,13064
13066,train,13066
13067,train,13067
13068,train,13068
13069,train,13069
13070,train,13070
13072,train,13072
13073,train,13073
13074,train,13074
13075,train,13075
13076,train,13076
13078,train,13078
13079,train,13079
13081,train,13081
13082,train,13082
13083,train,13083
13084,train,13084
13085,train,13085
13086,train,13086
13087,train,13087
13088,train,13088
13089,train,13089
13090,train,13090
13092,train,13092
13094,train,13094
13095,train,13095
13096,train,13096
13098,train,13098
13100,train,13100
13101,train,13101
13103,train,13103
13104,train,13104
13105,train,13105
13106,train,13106
13107,train,13107
13108,train,13108
13109,train,13109
13110,train,13110
13111,train,13111
13112,train,13112
13113,train,13113
13114,train,13114
13115,train,13115
13116,train,13116
13117,train,13117
13118,train,13118
13120,train,13120
13122,train,13122
13123,train,13123
13124,train,13124
13125,train,13125
13126,train,13126
13127,train,13127
13129,train,13129
13130,train,13130
13131,train,13131
13132,train,13132
13133,train,13133
13134,train,13134
13135,train,13135
13136,train,13136
13137,train,13137
13139,train,13139
13140,train,13140
13142,train,13142
13143,train,13143
13144,train,13144
13145,train,13145
13147,train,13147
13148,train,13148
13149,train,13149
13150,train,13150
13151,train,13151
13153,train,13153
13154,train,13154
13155,train,13155
13156,train,13156
13157,train,13157
13158,train,13158
13159,train,13159
13160,train,13160
13162,train,13162
13164,train,13164
13165,train,13165
13168,train,13168
13169,train,13169
13170,train,13170
13171,train,13171
13172,train,13172
13173,train,13173
13175,train,13175
13176,train,13176
13177,train,13177
13178,train,13178
13179,train,13179
13180,train,13180
13181,train,13181
13183,train,13183
13184,train,13184
13185,train,13185
13187,train,13187
13188,train,13188
13189,train,13189
13191,train,13191
13192,train,13192
13193,train,13193
13194,train,13194
13195,train,13195
13196,train,13196
13197,train,13197
13198,train,13198
13200,train,13200
13201,train,13201
13202,train,13202
13203,train,13203
13205,train,13205
13207,train,13207
13208,train,13208
13209,train,13209
13210,train,13210
13213,train,13213
13215,train,13215
13216,train,13216
13217,train,13217
13218,train,13218
13219,train,13219
13220,train,13220
13221,train,13221
13222,train,13222
13223,train,13223
13224,train,13224
13225,train,13225
13226,train,13226
13228,train,13228
13229,train,13229
13230,train,13230
13231,train,13231
13233,train,13233
13234,train,13234
13236,train,13236
13237,train,13237
13238,train,13238
13239,train,13239
13240,train,13240
13241,train,13241
13242,train,13242
13243,train,13243
13244,train,13244
13245,train,13245
13246,train,13246
13247,train,13247
13248,train,13248
13249,train,13249
13250,train,13250
13251,train,13251
13252,train,13252
13254,train,13254
13255,train,13255
13257,train,13257
13258,train,13258
13260,train,13260
13261,train,13261
13262,train,13262
13264,train,13264
13265,train,13265
13267,train,13267
13268,train,13268
13269,train,13269
13271,train,13271
13272,train,13272
13274,train,13274
13278,train,13278
13279,train,13279
13280,train,13280
13282,train,13282
13283,train,13283
13284,train,13284
13285,train,13285
13286,train,13286
13287,train,13287
13288,train,13288
13289,train,13289
13291,train,13291
13292,train,13292
13293,train,13293
13294,train,13294
13295,train,13295
13296,train,13296
13297,train,13297
13299,train,13299
13300,train,13300
13303,train,13303
13304,train,13304
13306,train,13306
13307,train,13307
13309,train,13309
13310,train,13310
13311,train,13311
13313,train,13313
13314,train,13314
13316,train,13316
13318,train,13318
13324,train,13324
13325,train,13325
13326,train,13326
13327,train,13327
13328,train,13328
13329,train,13329
13331,train,13331
13332,train,13332
13334,train,13334
13335,train,13335
13337,train,13337
13338,train,13338
13339,train,13339
13340,train,13340
13341,train,13341
13342,train,13342
13343,train,13343
13344,train,13344
13345,train,13345
13346,train,13346
13347,train,13347
13348,train,13348
13349,train,13349
13350,train,13350
13351,train,13351
13352,train,13352
13353,train,13353
13354,train,13354
13355,train,13355
13356,train,13356
13357,train,13357
13358,train,13358
13359,train,13359
13360,train,13360
13362,train,13362
13363,train,13363
13364,train,13364
13365,train,13365
13366,train,13366
13367,train,13367
13368,train,13368
13369,train,13369
13370,train,13370
13373,train,13373
13374,train,13374
13375,train,13375
13376,train,13376
13377,train,13377
13378,train,13378
13380,train,13380
13381,train,13381
13382,train,13382
13383,train,13383
13384,train,13384
13385,train,13385
13386,train,13386
13387,train,13387
13388,train,13388
13389,train,13389
13390,train,13390
13392,train,13392
13393,train,13393
13394,train,13394
13395,train,13395
13396,train,13396
13397,train,13397
13398,train,13398
13400,train,13400
13401,train,13401
13402,train,13402
13403,train,13403
13405,train,13405
13407,train,13407
13408,train,13408
13409,train,13409
13410,train,13410
13412,train,13412
13413,train,13413
13414,train,13414
13415,train,13415
13418,train,13418
13419,train,13419
13420,train,13420
13421,train,13421
13422,train,13422
13423,train,13423
13424,train,13424
13426,train,13426
13427,train,13427
13428,train,13428
13429,train,13429
13431,train,13431
13432,train,13432
13433,train,13433
13435,train,13435
13436,train,13436
13437,train,13437
13438,train,13438
13439,train,13439
13440,train,13440
13441,train,13441
13442,train,13442
13443,train,13443
13444,train,13444
13445,train,13445
13446,train,13446
13447,train,13447
13448,train,13448
13449,train,13449
13451,train,13451
13452,train,13452
13453,train,13453
13454,train,13454
13456,train,13456
13457,train,13457
13458,train,13458
13460,train,13460
13461,train,13461
13463,train,13463
13464,train,13464
13465,train,13465
13466,train,13466
13467,train,13467
13469,train,13469
13470,train,13470
13471,train,13471
13472,train,13472
13473,train,13473
13474,train,13474
13476,train,13476
13477,train,13477
13479,train,13479
13485,train,13485
13486,train,13486
13488,train,13488
13489,train,13489
13491,train,13491
13492,train,13492
13493,train,13493
13494,train,13494
13495,train,13495
13497,train,13497
13498,train,13498
13500,train,13500
13501,train,13501
13502,train,13502
13503,train,13503
13504,train,13504
13505,train,13505
13506,train,13506
13507,train,13507
13508,train,13508
13509,train,13509
13510,train,13510
13511,train,13511
13513,train,13513
13515,train,13515
13518,train,13518
13519,train,13519
13520,train,13520
13521,train,13521
13522,train,13522
13523,train,13523
13524,train,13524
13525,train,13525
13527,train,13527
13530,train,13530
13531,train,13531
13532,train,13532
13534,train,13534
13535,train,13535
13536,train,13536
13537,train,13537
13539,train,13539
13541,train,13541
13543,train,13543
13544,train,13544
13545,train,13545
13547,train,13547
13549,train,13549
13550,train,13550
13551,train,13551
13552,train,13552
13553,train,13553
13554,train,13554
13555,train,13555
13556,train,13556
13558,train,13558
13559,train,13559
13560,train,13560
13561,train,13561
13562,train,13562
13563,train,13563
13564,train,13564
13568,train,13568
13569,train,13569
13571,train,13571
13572,train,13572
13573,train,13573
13574,train,13574
13575,train,13575
13576,train,13576
13577,train,13577
13579,train,13579
13580,train,13580
13581,train,13581
13582,train,13582
13583,train,13583
13584,train,13584
13587,train,13587
13589,train,13589
13592,train,13592
13593,train,13593
13594,train,13594
13595,train,13595
13598,train,13598
13599,train,13599
13600,train,13600
13601,train,13601
13602,train,13602
13603,train,13603
13605,train,13605
13607,train,13607
13609,train,13609
13610,train,13610
13611,train,13611
13614,train,13614
13615,train,13615
13616,train,13616
13617,train,13617
13618,train,13618
13619,train,13619
13620,train,13620
13622,train,13622
13623,train,13623
13625,train,13625
13626,train,13626
13627,train,13627
13628,train,13628
13629,train,13629
13630,train,13630
13632,train,13632
13633,train,13633
13635,train,13635
13636,train,13636
13637,train,13637
13638,train,13638
13639,train,13639
13641,train,13641
13643,train,13643
13644,train,13644
13645,train,13645
13646,train,13646
13647,train,13647
13648,train,13648
13650,train,13650
13652,train,13652
13655,train,13655
13656,train,13656
13657,train,13657
13658,train,13658
13659,train,13659
13660,train,13660
13661,train,13661
13662,train,13662
13663,train,13663
13664,train,13664
13665,train,13665
13666,train,13666
13667,train,13667
13668,train,13668
13669,train,13669
13670,train,13670
13671,train,13671
13672,train,13672
13673,train,13673
13675,train,13675
13677,train,13677
13678,train,13678
13679,train,13679
13680,train,13680
13681,train,13681
13682,train,13682
13683,train,13683
13684,train,13684
13685,train,13685
13686,train,13686
13687,train,13687
13688,train,13688
13689,train,13689
13690,train,13690
13691,train,13691
13692,train,13692
13693,train,13693
13695,train,13695
13696,train,13696
13697,train,13697
13698,train,13698
13699,train,13699
13700,train,13700
13701,train,13701
13702,train,13702
13703,train,13703
13704,train,13704
13705,train,13705
13706,train,13706
13708,train,13708
13709,train,13709
13710,train,13710
13711,train,13711
13712,train,13712
13713,train,13713
13714,train,13714
13715,train,13715
13716,train,13716
13717,train,13717
13718,train,13718
13719,train,13719
13720,train,13720
13724,train,13724
13725,train,13725
13726,train,13726
13727,train,13727
13728,train,13728
13729,train,13729
13731,train,13731
13732,train,13732
13733,train,13733
13735,train,13735
13736,train,13736
13737,train,13737
13738,train,13738
13739,train,13739
13740,train,13740
13741,train,13741
13743,train,13743
13744,train,13744
13745,train,13745
13746,train,13746
13747,train,13747
13748,train,13748
13749,train,13749
13751,train,13751
13754,train,13754
13755,train,13755
13756,train,13756
13757,train,13757
13758,train,13758
13759,train,13759
13760,train,13760
13761,train,13761
13762,train,13762
13763,train,13763
13764,train,13764
13765,train,13765
13766,train,13766
13767,train,13767
13768,train,13768
13773,train,13773
13775,train,13775
13776,train,13776
13777,train,13777
13778,train,13778
13780,train,13780
13781,train,13781
13782,train,13782
13783,train,13783
13784,train,13784
13786,train,13786
13787,train,13787
13789,train,13789
13790,train,13790
13791,train,13791
13792,train,13792
13793,train,13793
13794,train,13794
13796,train,13796
13797,train,13797
13798,train,13798
13799,train,13799
13800,train,13800
13801,train,13801
13802,train,13802
13803,train,13803
13804,train,13804
13805,train,13805
13806,train,13806
13807,train,13807
13809,train,13809
13810,train,13810
13811,train,13811
13815,train,13815
13817,train,13817
13818,train,13818
13819,train,13819
13820,train,13820
13821,train,13821
13822,train,13822
13824,train,13824
13825,train,13825
13826,train,13826
13827,train,13827
13829,train,13829
13830,train,13830
13831,train,13831
13832,train,13832
13833,train,13833
13834,train,13834
13835,train,13835
13836,train,13836
13837,train,13837
13838,train,13838
13839,train,13839
13840,train,13840
13841,train,13841
13842,train,13842
13843,train,13843
13844,train,13844
13845,train,13845
13846,train,13846
13848,train,13848
13849,train,13849
13850,train,13850
13851,train,13851
13852,train,13852
13853,train,13853
13854,train,13854
13855,train,13855
13856,train,13856
13857,train,13857
13858,train,13858
13859,train,13859
13862,train,13862
13863,train,13863
13864,train,13864
13865,train,13865
13866,train,13866
13867,train,13867
13868,train,13868
13869,train,13869
13870,train,13870
13871,train,13871
13872,train,13872
13874,train,13874
13875,train,13875
13876,train,13876
13877,train,13877
13878,train,13878
13879,train,13879
13880,train,13880
13881,train,13881
13882,train,13882
13883,train,13883
13884,train,13884
13887,train,13887
13888,train,13888
13889,train,13889
13891,train,13891
13893,train,13893
13894,train,13894
13895,train,13895
13896,train,13896
13897,train,13897
13898,train,13898
13899,train,13899
13900,train,13900
13901,train,13901
13902,train,13902
13903,train,13903
13904,train,13904
13905,train,13905
13906,train,13906
13907,train,13907
13908,train,13908
13909,train,13909
13911,train,13911
13913,train,13913
13915,train,13915
13916,train,13916
13917,train,13917
13918,train,13918
13919,train,13919
13921,train,13921
13922,train,13922
13923,train,13923
13924,train,13924
13925,train,13925
13926,train,13926
13930,train,13930
13931,train,13931
13932,train,13932
13933,train,13933
13935,train,13935
13936,train,13936
13937,train,13937
13938,train,13938
13939,train,13939
13940,train,13940
13942,train,13942
13943,train,13943
13944,train,13944
13945,train,13945
13947,train,13947
13948,train,13948
13949,train,13949
13950,train,13950
13951,train,13951
13953,train,13953
13954,train,13954
13956,train,13956
13957,train,13957
13958,train,13958
13959,train,13959
13960,train,13960
13963,train,13963
13965,train,13965
13967,train,13967
13968,train,13968
13970,train,13970
13972,train,13972
13973,train,13973
13974,train,13974
13975,train,13975
13976,train,13976
13977,train,13977
13978,train,13978
13979,train,13979
13981,train,13981
13982,train,13982
13983,train,13983
13984,train,13984
13985,train,13985
13986,train,13986
13987,train,13987
13988,train,13988
13989,train,13989
13990,train,13990
13991,train,13991
13992,train,13992
13993,train,13993
13994,train,13994
13996,train,13996
13997,train,13997
13998,train,13998
13999,train,13999
14000,train,14000
14001,train,14001
14002,train,14002
14003,train,14003
14004,train,14004
14005,train,14005
14006,train,14006
14007,train,14007
14009,train,14009
14011,train,14011
14012,train,14012
14013,train,14013
14014,train,14014
14015,train,14015
14017,train,14017
14019,train,14019
14020,train,14020
14021,train,14021
14022,train,14022
14023,train,14023
14024,train,14024
14025,train,14025
14026,train,14026
14027,train,14027
14029,train,14029
14030,train,14030
14032,train,14032
14033,train,14033
14034,train,14034
14036,train,14036
14037,train,14037
14038,train,14038
14039,train,14039
14040,train,14040
14041,train,14041
14042,train,14042
14043,train,14043
14044,train,14044
14045,train,14045
14046,train,14046
14047,train,14047
14048,train,14048
14049,train,14049
14051,train,14051
14052,train,14052
14053,train,14053
14054,train,14054
14055,train,14055
14057,train,14057
14058,train,14058
14059,train,14059
14061,train,14061
14062,train,14062
14063,train,14063
14065,train,14065
14067,train,14067
14068,train,14068
14069,train,14069
14070,train,14070
14071,train,14071
14073,train,14073
14074,train,14074
14076,train,14076
14077,train,14077
14078,train,14078
14079,train,14079
14080,train,14080
14081,train,14081
14082,train,14082
14084,train,14084
14085,train,14085
14086,train,14086
14087,train,14087
14088,train,14088
14089,train,14089
14090,train,14090
14091,train,14091
14092,train,14092
14093,train,14093
14094,train,14094
14095,train,14095
14096,train,14096
14097,train,14097
14098,train,14098
14100,train,14100
14101,train,14101
14102,train,14102
14103,train,14103
14105,train,14105
14106,train,14106
14107,train,14107
14108,train,14108
14109,train,14109
14110,train,14110
14111,train,14111
14114,train,14114
14115,train,14115
14116,train,14116
14118,train,14118
14119,train,14119
14120,train,14120
14122,train,14122
14123,train,14123
14124,train,14124
14125,train,14125
14126,train,14126
14127,train,14127
14131,train,14131
14132,train,14132
14133,train,14133
14134,train,14134
14135,train,14135
14138,train,14138
14139,train,14139
14140,train,14140
14141,train,14141
14142,train,14142
14143,train,14143
14145,train,14145
14147,train,14147
14149,train,14149
14150,train,14150
14152,train,14152
14153,train,14153
14155,train,14155
14156,train,14156
14157,train,14157
14160,train,14160
14161,train,14161
14162,train,14162
14163,train,14163
14164,train,14164
14165,train,14165
14167,train,14167
14169,train,14169
14170,train,14170
14171,train,14171
14173,train,14173
14174,train,14174
14176,train,14176
14177,train,14177
14178,train,14178
14179,train,14179
14180,train,14180
14181,train,14181
14182,train,14182
14183,train,14183
14184,train,14184
14185,train,14185
14187,train,14187
14188,train,14188
14189,train,14189
14190,train,14190
14191,train,14191
14192,train,14192
14193,train,14193
14194,train,14194
14195,train,14195
14196,train,14196
14197,train,14197
14198,train,14198
14200,train,14200
14201,train,14201
14202,train,14202
14204,train,14204
14205,train,14205
14206,train,14206
14207,train,14207
14208,train,14208
14209,train,14209
14211,train,14211
14212,train,14212
14213,train,14213
14214,train,14214
14216,train,14216
14217,train,14217
14218,train,14218
14220,train,14220
14221,train,14221
14222,train,14222
14223,train,14223
14224,train,14224
14225,train,14225
14226,train,14226
14229,train,14229
14230,train,14230
14231,train,14231
14232,train,14232
14233,train,14233
14234,train,14234
14236,train,14236
14237,train,14237
14238,train,14238
14239,train,14239
14240,train,14240
14241,train,14241
14243,train,14243
14244,train,14244
14246,train,14246
14249,train,14249
14250,train,14250
14251,train,14251
14253,train,14253
14254,train,14254
14255,train,14255
14256,train,14256
14257,train,14257
14258,train,14258
14259,train,14259
14260,train,14260
14262,train,14262
14263,train,14263
14264,train,14264
14265,train,14265
14267,train,14267
14269,train,14269
14270,train,14270
14271,train,14271
14272,train,14272
14273,train,14273
14274,train,14274
14276,train,14276
14277,train,14277
14278,train,14278
14279,train,14279
14280,train,14280
14282,train,14282
14283,train,14283
14285,train,14285
14286,train,14286
14287,train,14287
14288,train,14288
14289,train,14289
14290,train,14290
14291,train,14291
14292,train,14292
14293,train,14293
14294,train,14294
14295,train,14295
14296,train,14296
14297,train,14297
14299,train,14299
14300,train,14300
14301,train,14301
14303,train,14303
14304,train,14304
14306,train,14306
14307,train,14307
14308,train,14308
14310,train,14310
14311,train,14311
14312,train,14312
14314,train,14314
14315,train,14315
14316,train,14316
14317,train,14317
14318,train,14318
14320,train,14320
14321,train,14321
14322,train,14322
14324,train,14324
14325,train,14325
14326,train,14326
14327,train,14327
14329,train,14329
14330,train,14330
14331,train,14331
14332,train,14332
14334,train,14334
14335,train,14335
14336,train,14336
14337,train,14337
14338,train,14338
14340,train,14340
14341,train,14341
14342,train,14342
14343,train,14343
14344,train,14344
14346,train,14346
14347,train,14347
14350,train,14350
14351,train,14351
14353,train,14353
14354,train,14354
14355,train,14355
14356,train,14356
14358,train,14358
14360,train,14360
14361,train,14361
14364,train,14364
14365,train,14365
14366,train,14366
14367,train,14367
14368,train,14368
14369,train,14369
14370,train,14370
14371,train,14371
14372,train,14372
14373,train,14373
14374,train,14374
14376,train,14376
14377,train,14377
14380,train,14380
14381,train,14381
14382,train,14382
14383,train,14383
14384,train,14384
14385,train,14385
14386,train,14386
14387,train,14387
14388,train,14388
14389,train,14389
14390,train,14390
14391,train,14391
14392,train,14392
14393,train,14393
14394,train,14394
14398,train,14398
14399,train,14399
14400,train,14400
14401,train,14401
14402,train,14402
14405,train,14405
14406,train,14406
14407,train,14407
14408,train,14408
14409,train,14409
14410,train,14410
14411,train,14411
14412,train,14412
14413,train,14413
14414,train,14414
14417,train,14417
14418,train,14418
14420,train,14420
14422,train,14422
14423,train,14423
14424,train,14424
14425,train,14425
14426,train,14426
14427,train,14427
14430,train,14430
14432,train,14432
14433,train,14433
14435,train,14435
14437,train,14437
14438,train,14438
14439,train,14439
14440,train,14440
14441,train,14441
14443,train,14443
14444,train,14444
14445,train,14445
14447,train,14447
14448,train,14448
14449,train,14449
14450,train,14450
14451,train,14451
14452,train,14452
14455,train,14455
14456,train,14456
14457,train,14457
14458,train,14458
14459,train,14459
14460,train,14460
14461,train,14461
14462,train,14462
14463,train,14463
14464,train,14464
14465,train,14465
14466,train,14466
14467,train,14467
14468,train,14468
14471,train,14471
14472,train,14472
14474,train,14474
14475,train,14475
14476,train,14476
14477,train,14477
14478,train,14478
14479,train,14479
14481,train,14481
14482,train,14482
14483,train,14483
14484,train,14484
14485,train,14485
14486,train,14486
14487,train,14487
14489,train,14489
14490,train,14490
14491,train,14491
14492,train,14492
14494,train,14494
14495,train,14495
14496,train,14496
14497,train,14497
14498,train,14498
14499,train,14499
14500,train,14500
14501,train,14501
14502,train,14502
14503,train,14503
14504,train,14504
14506,train,14506
14507,train,14507
14508,train,14508
14510,train,14510
14511,train,14511
14512,train,14512
14513,train,14513
14514,train,14514
14516,train,14516
14517,train,14517
14519,train,14519
14520,train,14520
14521,train,14521
14522,train,14522
14523,train,14523
14524,train,14524
14525,train,14525
14527,train,14527
14528,train,14528
14529,train,14529
14530,train,14530
14532,train,14532
14533,train,14533
14534,train,14534
14535,train,14535
14536,train,14536
14537,train,14537
14538,train,14538
14539,train,14539
14540,train,14540
14541,train,14541
14542,train,14542
14543,train,14543
14544,train,14544
14545,train,14545
14546,train,14546
14547,train,14547
14548,train,14548
14549,train,14549
14552,train,14552
14553,train,14553
14554,train,14554
14555,train,14555
14556,train,14556
14557,train,14557
14558,train,14558
14559,train,14559
14562,train,14562
14565,train,14565
14566,train,14566
14567,train,14567
14568,train,14568
14569,train,14569
14571,train,14571
14572,train,14572
14573,train,14573
14578,train,14578
14579,train,14579
14580,train,14580
14581,train,14581
14582,train,14582
14583,train,14583
14584,train,14584
14585,train,14585
14587,train,14587
14588,train,14588
14589,train,14589
14590,train,14590
14591,train,14591
14592,train,14592
14594,train,14594
14595,train,14595
14596,train,14596
14597,train,14597
14598,train,14598
14599,train,14599
14602,train,14602
14603,train,14603
14604,train,14604
14605,train,14605
14606,train,14606
14608,train,14608
14609,train,14609
14611,train,14611
14612,train,14612
14613,train,14613
14614,train,14614
14615,train,14615
14616,train,14616
14617,train,14617
14618,train,14618
14619,train,14619
14621,train,14621
14623,train,14623
14624,train,14624
14626,train,14626
14628,train,14628
14630,train,14630
14631,train,14631
14632,train,14632
14633,train,14633
14634,train,14634
14635,train,14635
14636,train,14636
14637,train,14637
14638,train,14638
14639,train,14639
14640,train,14640
14641,train,14641
14642,train,14642
14643,train,14643
14644,train,14644
14645,train,14645
14646,train,14646
14647,train,14647
14648,train,14648
14649,train,14649
14650,train,14650
14651,train,14651
14652,train,14652
14654,train,14654
14655,train,14655
14656,train,14656
14657,train,14657
14658,train,14658
14659,train,14659
14660,train,14660
14661,train,14661
14662,train,14662
14664,train,14664
14665,train,14665
14666,train,14666
14667,train,14667
14668,train,14668
14669,train,14669
14670,train,14670
14671,train,14671
14672,train,14672
14673,train,14673
14674,train,14674
14675,train,14675
14676,train,14676
14678,train,14678
14679,train,14679
14680,train,14680
14681,train,14681
14682,train,14682
14683,train,14683
14684,train,14684
14685,train,14685
14686,train,14686
14687,train,14687
14688,train,14688
14689,train,14689
14690,train,14690
14691,train,14691
14692,train,14692
14694,train,14694
14695,train,14695
14696,train,14696
14697,train,14697
14700,train,14700
14701,train,14701
14702,train,14702
14703,train,14703
14704,train,14704
14705,train,14705
14706,train,14706
14707,train,14707
14708,train,14708
14709,train,14709
14710,train,14710
14711,train,14711
14712,train,14712
14713,train,14713
14715,train,14715
14716,train,14716
14717,train,14717
14718,train,14718
14720,train,14720
14722,train,14722
14723,train,14723
14724,train,14724
14727,train,14727
14728,train,14728
14729,train,14729
14730,train,14730
14731,train,14731
14732,train,14732
14733,train,14733
14734,train,14734
14736,train,14736
14737,train,14737
14738,train,14738
14739,train,14739
14740,train,14740
14741,train,14741
14742,train,14742
14743,train,14743
14744,train,14744
14745,train,14745
14747,train,14747
14749,train,14749
14750,train,14750
14751,train,14751
14752,train,14752
14754,train,14754
14755,train,14755
14756,train,14756
14757,train,14757
14758,train,14758
14760,train,14760
14761,train,14761
14763,train,14763
14764,train,14764
14767,train,14767
14768,train,14768
14769,train,14769
14772,train,14772
14773,train,14773
14774,train,14774
14775,train,14775
14776,train,14776
14777,train,14777
14778,train,14778
14779,train,14779
14780,train,14780
14781,train,14781
14782,train,14782
14784,train,14784
14787,train,14787
14788,train,14788
14789,train,14789
14790,train,14790
14792,train,14792
14793,train,14793
14794,train,14794
14795,train,14795
14796,train,14796
14797,train,14797
14798,train,14798
14799,train,14799
14800,train,14800
14801,train,14801
14802,train,14802
14804,train,14804
14807,train,14807
14808,train,14808
14813,train,14813
14814,train,14814
14815,train,14815
14816,train,14816
14817,train,14817
14818,train,14818
14819,train,14819
14820,train,14820
14821,train,14821
14822,train,14822
14823,train,14823
14824,train,14824
14825,train,14825
14826,train,14826
14828,train,14828
14829,train,14829
14830,train,14830
14831,train,14831
14832,train,14832
14833,train,14833
14835,train,14835
14836,train,14836
14837,train,14837
14839,train,14839
14840,train,14840
14842,train,14842
14843,train,14843
14844,train,14844
14845,train,14845
14846,train,14846
14847,train,14847
14848,train,14848
14849,train,14849
14852,train,14852
14853,train,14853
14854,train,14854
14855,train,14855
14856,train,14856
14857,train,14857
14858,train,14858
14859,train,14859
14860,train,14860
14862,train,14862
14863,train,14863
14865,train,14865
14867,train,14867
14871,train,14871
14872,train,14872
14873,train,14873
14874,train,14874
14875,train,14875
14877,train,14877
14878,train,14878
14879,train,14879
14880,train,14880
14881,train,14881
14882,train,14882
14883,train,14883
14884,train,14884
14885,train,14885
14886,train,14886
14888,train,14888
14889,train,14889
14890,train,14890
14891,train,14891
14892,train,14892
14893,train,14893
14895,train,14895
14896,train,14896
14897,train,14897
14898,train,14898
14901,train,14901
14902,train,14902
14904,train,14904
14905,train,14905
14906,train,14906
14907,train,14907
14909,train,14909
14910,train,14910
14912,train,14912
14913,train,14913
14914,train,14914
14915,train,14915
14916,train,14916
14917,train,14917
14918,train,14918
14919,train,14919
14920,train,14920
14921,train,14921
14924,train,14924
14925,train,14925
14926,train,14926
14927,train,14927
14929,train,14929
14930,train,14930
14931,train,14931
14932,train,14932
14933,train,14933
14934,train,14934
14935,train,14935
14936,train,14936
14938,train,14938
14939,train,14939
14940,train,14940
14941,train,14941
14942,train,14942
14943,train,14943
14944,train,14944
14945,train,14945
14946,train,14946
14947,train,14947
14948,train,14948
14949,train,14949
14950,train,14950
14951,train,14951
14952,train,14952
14954,train,14954
14955,train,14955
14956,train,14956
14957,train,14957
14959,train,14959
14960,train,14960
14961,train,14961
14963,train,14963
14964,train,14964
14965,train,14965
14966,train,14966
14967,train,14967
14968,train,14968
14969,train,14969
14970,train,14970
14971,train,14971
14972,train,14972
14973,train,14973
14975,train,14975
14976,train,14976
14977,train,14977
14978,train,14978
14979,train,14979
14980,train,14980
14981,train,14981
14982,train,14982
14983,train,14983
14984,train,14984
14985,train,14985
14986,train,14986
14987,train,14987
14989,train,14989
14990,train,14990
14991,train,14991
14992,train,14992
14993,train,14993
14994,train,14994
14995,train,14995
14996,train,14996
15000,train,15000
15001,train,15001
15002,train,15002
15003,train,15003
15005,train,15005
15006,train,15006
15008,train,15008
15009,train,15009
15011,train,15011
15012,train,15012
15013,train,15013
15014,train,15014
15015,train,15015
15016,train,15016
15017,train,15017
15019,train,15019
15020,train,15020
15021,train,15021
15022,train,15022
15024,train,15024
15025,train,15025
15028,train,15028
15029,train,15029
15030,train,15030
15031,train,15031
15032,train,15032
15033,train,15033
15034,train,15034
15038,train,15038
15040,train,15040
15041,train,15041
15042,train,15042
15043,train,15043
15044,train,15044
15045,train,15045
15046,train,15046
15047,train,15047
15048,train,15048
15049,train,15049
15050,train,15050
15051,train,15051
15052,train,15052
15053,train,15053
15054,train,15054
15056,train,15056
15057,train,15057
15058,train,15058
15059,train,15059
15060,train,15060
15061,train,15061
15063,train,15063
15065,train,15065
15066,train,15066
15068,train,15068
15069,train,15069
15071,train,15071
15072,train,15072
15073,train,15073
15074,train,15074
15076,train,15076
15077,train,15077
15078,train,15078
15079,train,15079
15080,train,15080
15081,train,15081
15082,train,15082
15083,train,15083
15084,train,15084
15085,train,15085
15086,train,15086
15089,train,15089
15092,train,15092
15093,train,15093
15095,train,15095
15096,train,15096
15098,train,15098
15099,train,15099
15100,train,15100
15101,train,15101
15102,train,15102
15104,train,15104
15105,train,15105
15106,train,15106
15108,train,15108
15109,train,15109
15111,train,15111
15112,train,15112
15114,train,15114
15115,train,15115
15118,train,15118
15119,train,15119
15121,train,15121
15122,train,15122
15124,train,15124
15125,train,15125
15126,train,15126
15128,train,15128
15131,train,15131
15132,train,15132
15135,train,15135
15137,train,15137
15139,train,15139
15140,train,15140
15141,train,15141
15142,train,15142
15143,train,15143
15144,train,15144
15145,train,15145
15146,train,15146
15147,train,15147
15148,train,15148
15149,train,15149
15150,train,15150
15151,train,15151
15153,train,15153
15154,train,15154
15155,train,15155
15156,train,15156
15157,train,15157
15159,train,15159
15161,train,15161
15162,train,15162
15163,train,15163
15164,train,15164
15165,train,15165
15166,train,15166
15167,train,15167
15169,train,15169
15171,train,15171
15172,train,15172
15173,train,15173
15174,train,15174
15175,train,15175
15177,train,15177
15178,train,15178
15179,train,15179
15181,train,15181
15182,train,15182
15183,train,15183
15185,train,15185
15187,train,15187
15188,train,15188
15189,train,15189
15190,train,15190
15191,train,15191
15192,train,15192
15193,train,15193
15194,train,15194
15195,train,15195
15196,train,15196
15197,train,15197
15198,train,15198
15200,train,15200
15202,train,15202
15203,train,15203
15205,train,15205
15206,train,15206
15207,train,15207
15208,train,15208
15209,train,15209
15210,train,15210
15211,train,15211
15212,train,15212
15216,train,15216
15217,train,15217
15218,train,15218
15219,train,15219
15220,train,15220
15221,train,15221
15223,train,15223
15224,train,15224
15226,train,15226
15227,train,15227
15228,train,15228
15229,train,15229
15230,train,15230
15231,train,15231
15232,train,15232
15233,train,15233
15234,train,15234
15235,train,15235
15237,train,15237
15238,train,15238
15239,train,15239
15240,train,15240
15241,train,15241
15243,train,15243
15244,train,15244
15245,train,15245
15246,train,15246
15248,train,15248
15249,train,15249
15250,train,15250
15251,train,15251
15252,train,15252
15253,train,15253
15255,train,15255
15256,train,15256
15257,train,15257
15258,train,15258
15259,train,15259
15260,train,15260
15263,train,15263
15264,train,15264
15265,train,15265
15266,train,15266
15267,train,15267
15268,train,15268
15269,train,15269
15270,train,15270
15271,train,15271
15272,train,15272
15273,train,15273
15274,train,15274
15275,train,15275
15276,train,15276
15277,train,15277
15278,train,15278
15280,train,15280
15281,train,15281
15282,train,15282
15283,train,15283
15284,train,15284
15285,train,15285
15286,train,15286
15288,train,15288
15290,train,15290
15291,train,15291
15292,train,15292
15293,train,15293
15294,train,15294
15295,train,15295
15296,train,15296
15297,train,15297
15298,train,15298
15299,train,15299
15300,train,15300
15301,train,15301
15302,train,15302
15303,train,15303
15306,train,15306
15307,train,15307
15308,train,15308
15309,train,15309
15310,train,15310
15311,train,15311
15313,train,15313
15314,train,15314
15315,train,15315
15316,train,15316
15318,train,15318
15319,train,15319
15320,train,15320
15321,train,15321
15322,train,15322
15323,train,15323
15324,train,15324
15325,train,15325
15326,train,15326
15327,train,15327
15328,train,15328
15329,train,15329
15330,train,15330
15331,train,15331
15333,train,15333
15334,train,15334
15336,train,15336
15338,train,15338
15339,train,15339
15340,train,15340
15342,train,15342
15343,train,15343
15346,train,15346
15347,train,15347
15348,train,15348
15349,train,15349
15351,train,15351
15352,train,15352
15356,train,15356
15357,train,15357
15358,train,15358
15360,train,15360
15361,train,15361
15363,train,15363
15364,train,15364
15365,train,15365
15366,train,15366
15367,train,15367
15368,train,15368
15371,train,15371
15372,train,15372
15373,train,15373
15375,train,15375
15376,train,15376
15377,train,15377
15378,train,15378
15380,train,15380
15381,train,15381
15382,train,15382
15383,train,15383
15385,train,15385
15388,train,15388
15389,train,15389
15390,train,15390
15392,train,15392
15395,train,15395
15396,train,15396
15397,train,15397
15398,train,15398
15399,train,15399
15400,train,15400
15401,train,15401
15402,train,15402
15403,train,15403
15405,train,15405
15406,train,15406
15407,train,15407
15408,train,15408
15409,train,15409
15410,train,15410
15411,train,15411
15413,train,15413
15414,train,15414
15415,train,15415
15416,train,15416
15417,train,15417
15418,train,15418
15419,train,15419
15420,train,15420
15422,train,15422
15425,train,15425
15427,train,15427
15428,train,15428
15429,train,15429
15430,train,15430
15431,train,15431
15433,train,15433
15435,train,15435
15436,train,15436
15437,train,15437
15440,train,15440
15441,train,15441
15442,train,15442
15443,train,15443
15444,train,15444
15445,train,15445
15446,train,15446
15447,train,15447
15449,train,15449
15450,train,15450
15451,train,15451
15452,train,15452
15455,train,15455
15457,train,15457
15458,train,15458
15459,train,15459
15460,train,15460
15461,train,15461
15462,train,15462
15463,train,15463
15464,train,15464
15466,train,15466
15467,train,15467
15468,train,15468
15469,train,15469
15470,train,15470
15471,train,15471
15473,train,15473
15474,train,15474
15475,train,15475
15477,train,15477
15478,train,15478
15479,train,15479
15480,train,15480
15481,train,15481
15482,train,15482
15483,train,15483
15484,train,15484
15485,train,15485
15486,train,15486
15487,train,15487
15488,train,15488
15489,train,15489
15490,train,15490
15491,train,15491
15492,train,15492
15493,train,15493
15495,train,15495
15496,train,15496
15498,train,15498
15499,train,15499
15501,train,15501
15502,train,15502
15504,train,15504
15505,train,15505
15506,train,15506
15507,train,15507
15508,train,15508
15509,train,15509
15510,train,15510
15512,train,15512
15513,train,15513
15514,train,15514
15517,train,15517
15518,train,15518
15520,train,15520
15521,train,15521
15523,train,15523
15525,train,15525
15526,train,15526
15527,train,15527
15528,train,15528
15530,train,15530
15532,train,15532
15533,train,15533
15535,train,15535
15536,train,15536
15540,train,15540
15541,train,15541
15542,train,15542
15543,train,15543
15545,train,15545
15546,train,15546
15547,train,15547
15548,train,15548
15549,train,15549
15550,train,15550
15552,train,15552
15553,train,15553
15554,train,15554
15555,train,15555
15556,train,15556
15557,train,15557
15558,train,15558
15559,train,15559
15560,train,15560
15561,train,15561
15562,train,15562
15564,train,15564
15565,train,15565
15566,train,15566
15567,train,15567
15569,train,15569
15570,train,15570
15571,train,15571
15572,train,15572
15573,train,15573
15574,train,15574
15575,train,15575
15576,train,15576
15577,train,15577
15578,train,15578
15579,train,15579
15580,train,15580
15581,train,15581
15582,train,15582
15583,train,15583
15585,train,15585
15586,train,15586
15587,train,15587
15588,train,15588
15589,train,15589
15592,train,15592
15593,train,15593
15594,train,15594
15595,train,15595
15596,train,15596
15598,train,15598
15599,train,15599
15600,train,15600
15602,train,15602
15603,train,15603
15604,train,15604
15605,train,15605
15606,train,15606
15607,train,15607
15608,train,15608
15609,train,15609
15610,train,15610
15611,train,15611
15612,train,15612
15614,train,15614
15615,train,15615
15617,train,15617
15619,train,15619
15620,train,15620
15621,train,15621
15622,train,15622
15623,train,15623
15624,train,15624
15625,train,15625
15626,train,15626
15628,train,15628
15629,train,15629
15630,train,15630
15631,train,15631
15632,train,15632
15634,train,15634
15635,train,15635
15636,train,15636
15637,train,15637
15638,train,15638
15641,train,15641
15645,train,15645
15646,train,15646
15647,train,15647
15648,train,15648
15651,train,15651
15653,train,15653
15656,train,15656
15657,train,15657
15660,train,15660
15661,train,15661
15662,train,15662
15663,train,15663
15665,train,15665
15667,train,15667
15668,train,15668
15669,train,15669
15670,train,15670
15671,train,15671
15673,train,15673
15674,train,15674
15676,train,15676
15677,train,15677
15678,train,15678
15680,train,15680
15681,train,15681
15682,train,15682
15683,train,15683
15684,train,15684
15685,train,15685
15686,train,15686
15687,train,15687
15688,train,15688
15689,train,15689
15690,train,15690
15691,train,15691
15693,train,15693
15694,train,15694
15695,train,15695
15696,train,15696
15697,train,15697
15698,train,15698
15699,train,15699
15700,train,15700
15701,train,15701
15703,train,15703
15705,train,15705
15706,train,15706
15707,train,15707
15708,train,15708
15709,train,15709
15710,train,15710
15711,train,15711
15712,train,15712
15713,train,15713
15714,train,15714
15715,train,15715
15716,train,15716
15718,train,15718
15719,train,15719
15721,train,15721
15722,train,15722
15723,train,15723
15724,train,15724
15725,train,15725
15726,train,15726
15727,train,15727
15728,train,15728
15729,train,15729
15730,train,15730
15731,train,15731
15734,train,15734
15735,train,15735
15736,train,15736
15737,train,15737
15739,train,15739
15740,train,15740
15741,train,15741
15744,train,15744
15745,train,15745
15746,train,15746
15747,train,15747
15748,train,15748
15749,train,15749
15750,train,15750
15751,train,15751
15752,train,15752
15753,train,15753
15754,train,15754
15755,train,15755
15756,train,15756
15757,train,15757
15760,train,15760
15763,train,15763
15764,train,15764
15765,train,15765
15766,train,15766
15767,train,15767
15768,train,15768
15771,train,15771
15772,train,15772
15773,train,15773
15774,train,15774
15776,train,15776
15777,train,15777
15780,train,15780
15783,train,15783
15784,train,15784
15785,train,15785
15786,train,15786
15787,train,15787
15788,train,15788
15789,train,15789
15791,train,15791
15792,train,15792
15793,train,15793
15794,train,15794
15795,train,15795
15796,train,15796
15797,train,15797
15799,train,15799
15800,train,15800
15801,train,15801
15803,train,15803
15805,train,15805
15806,train,15806
15807,train,15807
15809,train,15809
15810,train,15810
15811,train,15811
15812,train,15812
15813,train,15813
15814,train,15814
15816,train,15816
15817,train,15817
15818,train,15818
15819,train,15819
15821,train,15821
15822,train,15822
15823,train,15823
15826,train,15826
15827,train,15827
15829,train,15829
15830,train,15830
15832,train,15832
15833,train,15833
15834,train,15834
15835,train,15835
15836,train,15836
15838,train,15838
15840,train,15840
15842,train,15842
15843,train,15843
15844,train,15844
15846,train,15846
15847,train,15847
15848,train,15848
15849,train,15849
15850,train,15850
15852,train,15852
15853,train,15853
15854,train,15854
15855,train,15855
15857,train,15857
15858,train,15858
15859,train,15859
15860,train,15860
15861,train,15861
15862,train,15862
15863,train,15863
15864,train,15864
15866,train,15866
15867,train,15867
15868,train,15868
15869,train,15869
15870,train,15870
15873,train,15873
15874,train,15874
15875,train,15875
15876,train,15876
15877,train,15877
15879,train,15879
15882,train,15882
15883,train,15883
15884,train,15884
15885,train,15885
15887,train,15887
15888,train,15888
15889,train,15889
15891,train,15891
15892,train,15892
15893,train,15893
15896,train,15896
15900,train,15900
15901,train,15901
15902,train,15902
15903,train,15903
15904,train,15904
15905,train,15905
15908,train,15908
15909,train,15909
15910,train,15910
15911,train,15911
15912,train,15912
15913,train,15913
15914,train,15914
15916,train,15916
15917,train,15917
15918,train,15918
15919,train,15919
15920,train,15920
15922,train,15922
15923,train,15923
15924,train,15924
15925,train,15925
15926,train,15926
15927,train,15927
15928,train,15928
15935,train,15935
15936,train,15936
15937,train,15937
15938,train,15938
15939,train,15939
15940,train,15940
15941,train,15941
15942,train,15942
15944,train,15944
15945,train,15945
15946,train,15946
15947,train,15947
15948,train,15948
15949,train,15949
15950,train,15950
15951,train,15951
15952,train,15952
15954,train,15954
15955,train,15955
15956,train,15956
15957,train,15957
15958,train,15958
15959,train,15959
15960,train,15960
15961,train,15961
15962,train,15962
15963,train,15963
15964,train,15964
15967,train,15967
15968,train,15968
15969,train,15969
15971,train,15971
15972,train,15972
15973,train,15973
15974,train,15974
15975,train,15975
15976,train,15976
15977,train,15977
15978,train,15978
15979,train,15979
15980,train,15980
15981,train,15981
15982,train,15982
15983,train,15983
15984,train,15984
15986,train,15986
15987,train,15987
15988,train,15988
15989,train,15989
15991,train,15991
15992,train,15992
15994,train,15994
15996,train,15996
15998,train,15998
15999,train,15999
16000,train,16000
16002,train,16002
16003,train,16003
16004,train,16004
16005,train,16005
16006,train,16006
16007,train,16007
16008,train,16008
16010,train,16010
16011,train,16011
16012,train,16012
16015,train,16015
16017,train,16017
16018,train,16018
16019,train,16019
16020,train,16020
16022,train,16022
16023,train,16023
16024,train,16024
16025,train,16025
16026,train,16026
16028,train,16028
16029,train,16029
16030,train,16030
16031,train,16031
16032,train,16032
16033,train,16033
16034,train,16034
16036,train,16036
16037,train,16037
16038,train,16038
16039,train,16039
16040,train,16040
16042,train,16042
16044,train,16044
16046,train,16046
16047,train,16047
16048,train,16048
16049,train,16049
16050,train,16050
16051,train,16051
16052,train,16052
16053,train,16053
16054,train,16054
16055,train,16055
16056,train,16056
16057,train,16057
16058,train,16058
16059,train,16059
16061,train,16061
16062,train,16062
16063,train,16063
16066,train,16066
16067,train,16067
16069,train,16069
16070,train,16070
16072,train,16072
16073,train,16073
16074,train,16074
16075,train,16075
16076,train,16076
16077,train,16077
16078,train,16078
16079,train,16079
16080,train,16080
16082,train,16082
16083,train,16083
16084,train,16084
16085,train,16085
16086,train,16086
16087,train,16087
16088,train,16088
16089,train,16089
16090,train,16090
16091,train,16091
16092,train,16092
16093,train,16093
16094,train,16094
16095,train,16095
16096,train,16096
16098,train,16098
16099,train,16099
16100,train,16100
16101,train,16101
16102,train,16102
16103,train,16103
16105,train,16105
16106,train,16106
16107,train,16107
16108,train,16108
16111,train,16111
16114,train,16114
16115,train,16115
16116,train,16116
16117,train,16117
16118,train,16118
16119,train,16119
16120,train,16120
16121,train,16121
16122,train,16122
16123,train,16123
16124,train,16124
16125,train,16125
16127,train,16127
16129,train,16129
16130,train,16130
16131,train,16131
16134,train,16134
16135,train,16135
16136,train,16136
16137,train,16137
16138,train,16138
16139,train,16139
16140,train,16140
16141,train,16141
16142,train,16142
16143,train,16143
16144,train,16144
16145,train,16145
16146,train,16146
16147,train,16147
16148,train,16148
16150,train,16150
16151,train,16151
16152,train,16152
16153,train,16153
16154,train,16154
16155,train,16155
16158,train,16158
16160,train,16160
16161,train,16161
16162,train,16162
16165,train,16165
16166,train,16166
16168,train,16168
16169,train,16169
16170,train,16170
16172,train,16172
16173,train,16173
16175,train,16175
16176,train,16176
16177,train,16177
16178,train,16178
16179,train,16179
16180,train,16180
16181,train,16181
16182,train,16182
16183,train,16183
16184,train,16184
16185,train,16185
16186,train,16186
16187,train,16187
16188,train,16188
16190,train,16190
16192,train,16192
16193,train,16193
16196,train,16196
16197,train,16197
16198,train,16198
16199,train,16199
16201,train,16201
16202,train,16202
16203,train,16203
16204,train,16204
16205,train,16205
16206,train,16206
16207,train,16207
16208,train,16208
16209,train,16209
16210,train,16210
16211,train,16211
16212,train,16212
16213,train,16213
16216,train,16216
16218,train,16218
16219,train,16219
16221,train,16221
16223,train,16223
16225,train,16225
16226,train,16226
16227,train,16227
16228,train,16228
16229,train,16229
16230,train,16230
16231,train,16231
16232,train,16232
16233,train,16233
16234,train,16234
16237,train,16237
16238,train,16238
16239,train,16239
16240,train,16240
16241,train,16241
16242,train,16242
16243,train,16243
16244,train,16244
16245,train,16245
16246,train,16246
16247,train,16247
16249,train,16249
16250,train,16250
16251,train,16251
16252,train,16252
16254,train,16254
16255,train,16255
16258,train,16258
16259,train,16259
16260,train,16260
16261,train,16261
16262,train,16262
16264,train,16264
16265,train,16265
16266,train,16266
16267,train,16267
16269,train,16269
16271,train,16271
16273,train,16273
16275,train,16275
16276,train,16276
16277,train,16277
16278,train,16278
16279,train,16279
16281,train,16281
16283,train,16283
16284,train,16284
16286,train,16286
16287,train,16287
16288,train,16288
16289,train,16289
16290,train,16290
16291,train,16291
16293,train,16293
16294,train,16294
16296,train,16296
16297,train,16297
16299,train,16299
16300,train,16300
16301,train,16301
16303,train,16303
16304,train,16304
16307,train,16307
16308,train,16308
16309,train,16309
16313,train,16313
16314,train,16314
16315,train,16315
16316,train,16316
16317,train,16317
16318,train,16318
16319,train,16319
16320,train,16320
16321,train,16321
16323,train,16323
16324,train,16324
16325,train,16325
16327,train,16327
16328,train,16328
16330,train,16330
16331,train,16331
16332,train,16332
16333,train,16333
16334,train,16334
16335,train,16335
16336,train,16336
16337,train,16337
16338,train,16338
16339,train,16339
16340,train,16340
16341,train,16341
16342,train,16342
16343,train,16343
16344,train,16344
16345,train,16345
16346,train,16346
16348,train,16348
16349,train,16349
16351,train,16351
16352,train,16352
16353,train,16353
16354,train,16354
16355,train,16355
16356,train,16356
16357,train,16357
16358,train,16358
16360,train,16360
16362,train,16362
16363,train,16363
16364,train,16364
16365,train,16365
16369,train,16369
16370,train,16370
16373,train,16373
16374,train,16374
16375,train,16375
16377,train,16377
16378,train,16378
16379,train,16379
16380,train,16380
16384,train,16384
16385,train,16385
16386,train,16386
16387,train,16387
16388,train,16388
16389,train,16389
16390,train,16390
16391,train,16391
16392,train,16392
16393,train,16393
16394,train,16394
16395,train,16395
16396,train,16396
16397,train,16397
16399,train,16399
16400,train,16400
16401,train,16401
16402,train,16402
16403,train,16403
16405,train,16405
16407,train,16407
16409,train,16409
16410,train,16410
16411,train,16411
16412,train,16412
16413,train,16413
16414,train,16414
16415,train,16415
16416,train,16416
16417,train,16417
16418,train,16418
16419,train,16419
16421,train,16421
16425,train,16425
16426,train,16426
16427,train,16427
16428,train,16428
16429,train,16429
16430,train,16430
16431,train,16431
16432,train,16432
16433,train,16433
16434,train,16434
16435,train,16435
16436,train,16436
16437,train,16437
16439,train,16439
16440,train,16440
16441,train,16441
16442,train,16442
16443,train,16443
16444,train,16444
16445,train,16445
16446,train,16446
16447,train,16447
16449,train,16449
16450,train,16450
16451,train,16451
16452,train,16452
16454,train,16454
16455,train,16455
16457,train,16457
16458,train,16458
16459,train,16459
16461,train,16461
16462,train,16462
16463,train,16463
16464,train,16464
16465,train,16465
16466,train,16466
16467,train,16467
16468,train,16468
16469,train,16469
16471,train,16471
16472,train,16472
16473,train,16473
16474,train,16474
16475,train,16475
16476,train,16476
16477,train,16477
16478,train,16478
16479,train,16479
16480,train,16480
16481,train,16481
16482,train,16482
16483,train,16483
16484,train,16484
16485,train,16485
16486,train,16486
16487,train,16487
16488,train,16488
16489,train,16489
16490,train,16490
16491,train,16491
16492,train,16492
16495,train,16495
16496,train,16496
16498,train,16498
16499,train,16499
16500,train,16500
16501,train,16501
16503,train,16503
16504,train,16504
16505,train,16505
16506,train,16506
16507,train,16507
16509,train,16509
16511,train,16511
16512,train,16512
16513,train,16513
16514,train,16514
16515,train,16515
16517,train,16517
16518,train,16518
16521,train,16521
16522,train,16522
16523,train,16523
16525,train,16525
16526,train,16526
16527,train,16527
16528,train,16528
16529,train,16529
16530,train,16530
16531,train,16531
16532,train,16532
16533,train,16533
16535,train,16535
16536,train,16536
16537,train,16537
16538,train,16538
16539,train,16539
16540,train,16540
16541,train,16541
16544,train,16544
16546,train,16546
16547,train,16547
16549,train,16549
16550,train,16550
16551,train,16551
16552,train,16552
16556,train,16556
16557,train,16557
16561,train,16561
16562,train,16562
16563,train,16563
16564,train,16564
16565,train,16565
16566,train,16566
16567,train,16567
16568,train,16568
16569,train,16569
16570,train,16570
16571,train,16571
16572,train,16572
16573,train,16573
16574,train,16574
16575,train,16575
16576,train,16576
16577,train,16577
16578,train,16578
16579,train,16579
16580,train,16580
16581,train,16581
16583,train,16583
16584,train,16584
16585,train,16585
16586,train,16586
16588,train,16588
16589,train,16589
16591,train,16591
16593,train,16593
16599,train,16599
16600,train,16600
16602,train,16602
16603,train,16603
16604,train,16604
16605,train,16605
16606,train,16606
16607,train,16607
16608,train,16608
16609,train,16609
16610,train,16610
16611,train,16611
16614,train,16614
16618,train,16618
16620,train,16620
16621,train,16621
16622,train,16622
16623,train,16623
16624,train,16624
16625,train,16625
16626,train,16626
16627,train,16627
16628,train,16628
16629,train,16629
16630,train,16630
16632,train,16632
16633,train,16633
16634,train,16634
16635,train,16635
16636,train,16636
16637,train,16637
16639,train,16639
16641,train,16641
16642,train,16642
16643,train,16643
16645,train,16645
16646,train,16646
16647,train,16647
16648,train,16648
16651,train,16651
16652,train,16652
16653,train,16653
16656,train,16656
16657,train,16657
16658,train,16658
16659,train,16659
16660,train,16660
16661,train,16661
16662,train,16662
16663,train,16663
16664,train,16664
16665,train,16665
16666,train,16666
16668,train,16668
16669,train,16669
16670,train,16670
16671,train,16671
16673,train,16673
16674,train,16674
16675,train,16675
16677,train,16677
16678,train,16678
16679,train,16679
16680,train,16680
16683,train,16683
16685,train,16685
16686,train,16686
16687,train,16687
16688,train,16688
16689,train,16689
16691,train,16691
16692,train,16692
16694,train,16694
16695,train,16695
16696,train,16696
16699,train,16699
16700,train,16700
16701,train,16701
16702,train,16702
16704,train,16704
16705,train,16705
16706,train,16706
16707,train,16707
16708,train,16708
16709,train,16709
16710,train,16710
16711,train,16711
16712,train,16712
16713,train,16713
16714,train,16714
16715,train,16715
16716,train,16716
16718,train,16718
16719,train,16719
16720,train,16720
16721,train,16721
16722,train,16722
16723,train,16723
16724,train,16724
16725,train,16725
16726,train,16726
16727,train,16727
16728,train,16728
16729,train,16729
16730,train,16730
16731,train,16731
16733,train,16733
16734,train,16734
16735,train,16735
16736,train,16736
16737,train,16737
16738,train,16738
16739,train,16739
16740,train,16740
16741,train,16741
16742,train,16742
16743,train,16743
16744,train,16744
16745,train,16745
16746,train,16746
16747,train,16747
16748,train,16748
16749,train,16749
16750,train,16750
16751,train,16751
16754,train,16754
16756,train,16756
16757,train,16757
16758,train,16758
16759,train,16759
16761,train,16761
16763,train,16763
16764,train,16764
16765,train,16765
16766,train,16766
16767,train,16767
16769,train,16769
16771,train,16771
16772,train,16772
16773,train,16773
16774,train,16774
16775,train,16775
16776,train,16776
16777,train,16777
16778,train,16778
16779,train,16779
16783,train,16783
16784,train,16784
16785,train,16785
16786,train,16786
16787,train,16787
16788,train,16788
16789,train,16789
16790,train,16790
16792,train,16792
16793,train,16793
16794,train,16794
16795,train,16795
16796,train,16796
16797,train,16797
16798,train,16798
16799,train,16799
16800,train,16800
16801,train,16801
16803,train,16803
16804,train,16804
16805,train,16805
16806,train,16806
16807,train,16807
16808,train,16808
16809,train,16809
16810,train,16810
16811,train,16811
16812,train,16812
16814,train,16814
16815,train,16815
16816,train,16816
16817,train,16817
16818,train,16818
16819,train,16819
16820,train,16820
16821,train,16821
16822,train,16822
16823,train,16823
16825,train,16825
16826,train,16826
16827,train,16827
16828,train,16828
16829,train,16829
16830,train,16830
16831,train,16831
16832,train,16832
16833,train,16833
16834,train,16834
16835,train,16835
16836,train,16836
16839,train,16839
16841,train,16841
16843,train,16843
16844,train,16844
16846,train,16846
16848,train,16848
16849,train,16849
16850,train,16850
16851,train,16851
16852,train,16852
16853,train,16853
16854,train,16854
16855,train,16855
16856,train,16856
16857,train,16857
16858,train,16858
16859,train,16859
16860,train,16860
16861,train,16861
16862,train,16862
16863,train,16863
16864,train,16864
16865,train,16865
16867,train,16867
16871,train,16871
16872,train,16872
16873,train,16873
16874,train,16874
16875,train,16875
16876,train,16876
16878,train,16878
16879,train,16879
16880,train,16880
16881,train,16881
16883,train,16883
16884,train,16884
16886,train,16886
16888,train,16888
16890,train,16890
16892,train,16892
16894,train,16894
16895,train,16895
16896,train,16896
16897,train,16897
16898,train,16898
16899,train,16899
16900,train,16900
16902,train,16902
16903,train,16903
16904,train,16904
16905,train,16905
16906,train,16906
16907,train,16907
16908,train,16908
16909,train,16909
16910,train,16910
16911,train,16911
16912,train,16912
16914,train,16914
16915,train,16915
16916,train,16916
16917,train,16917
16918,train,16918
16919,train,16919
16920,train,16920
16921,train,16921
16922,train,16922
16923,train,16923
16924,train,16924
16925,train,16925
16926,train,16926
16927,train,16927
16929,train,16929
16930,train,16930
16932,train,16932
16933,train,16933
16934,train,16934
16935,train,16935
16936,train,16936
16937,train,16937
16938,train,16938
16939,train,16939
16940,train,16940
16942,train,16942
16943,train,16943
16944,train,16944
16945,train,16945
16946,train,16946
16947,train,16947
16948,train,16948
16949,train,16949
16953,train,16953
16954,train,16954
16955,train,16955
16956,train,16956
16957,train,16957
16958,train,16958
16959,train,16959
16960,train,16960
16961,train,16961
16962,train,16962
16963,train,16963
16964,train,16964
16965,train,16965
16966,train,16966
16967,train,16967
16968,train,16968
16969,train,16969
16970,train,16970
16971,train,16971
16972,train,16972
16973,train,16973
16974,train,16974
16975,train,16975
16976,train,16976
16978,train,16978
16979,train,16979
16980,train,16980
16981,train,16981
16982,train,16982
16983,train,16983
16985,train,16985
16988,train,16988
16989,train,16989
16990,train,16990
16993,train,16993
16994,train,16994
16995,train,16995
16996,train,16996
16997,train,16997
17000,train,17000
17001,train,17001
17003,train,17003
17005,train,17005
17007,train,17007
17009,train,17009
17010,train,17010
17012,train,17012
17013,train,17013
17014,train,17014
17015,train,17015
17017,train,17017
17018,train,17018
17019,train,17019
17020,train,17020
17021,train,17021
17022,train,17022
17023,train,17023
17024,train,17024
17025,train,17025
17026,train,17026
17028,train,17028
17031,train,17031
17034,train,17034
17035,train,17035
17036,train,17036
17037,train,17037
17038,train,17038
17039,train,17039
17040,train,17040
17041,train,17041
17042,train,17042
17043,train,17043
17044,train,17044
17045,train,17045
17046,train,17046
17047,train,17047
17049,train,17049
17050,train,17050
17051,train,17051
17053,train,17053
17054,train,17054
17055,train,17055
17056,train,17056
17057,train,17057
17058,train,17058
17059,train,17059
17060,train,17060
17061,train,17061
17063,train,17063
17064,train,17064
17065,train,17065
17066,train,17066
17067,train,17067
17068,train,17068
17070,train,17070
17071,train,17071
17072,train,17072
17073,train,17073
17074,train,17074
17075,train,17075
17076,train,17076
17077,train,17077
17078,train,17078
17079,train,17079
17080,train,17080
17081,train,17081
17082,train,17082
17083,train,17083
17085,train,17085
17088,train,17088
17089,train,17089
17090,train,17090
17091,train,17091
17093,train,17093
17094,train,17094
17095,train,17095
17096,train,17096
17097,train,17097
17099,train,17099
17100,train,17100
17101,train,17101
17102,train,17102
17105,train,17105
17106,train,17106
17107,train,17107
17108,train,17108
17109,train,17109
17111,train,17111
17112,train,17112
17113,train,17113
17114,train,17114
17115,train,17115
17116,train,17116
17117,train,17117
17119,train,17119
17121,train,17121
17122,train,17122
17123,train,17123
17124,train,17124
17125,train,17125
17126,train,17126
17127,train,17127
17129,train,17129
17131,train,17131
17132,train,17132
17134,train,17134
17135,train,17135
17136,train,17136
17137,train,17137
17138,train,17138
17140,train,17140
17141,train,17141
17142,train,17142
17143,train,17143
17144,train,17144
17145,train,17145
17147,train,17147
17148,train,17148
17149,train,17149
17150,train,17150
17151,train,17151
17152,train,17152
17153,train,17153
17155,train,17155
17156,train,17156
17157,train,17157
17158,train,17158
17159,train,17159
17160,train,17160
17161,train,17161
17164,train,17164
17165,train,17165
17168,train,17168
17169,train,17169
17170,train,17170
17171,train,17171
17172,train,17172
17174,train,17174
17175,train,17175
17176,train,17176
17177,train,17177
17178,train,17178
17179,train,17179
17180,train,17180
17181,train,17181
17182,train,17182
17184,train,17184
17185,train,17185
17186,train,17186
17188,train,17188
17189,train,17189
17191,train,17191
17192,train,17192
17193,train,17193
17194,train,17194
17195,train,17195
17197,train,17197
17198,train,17198
17201,train,17201
17202,train,17202
17203,train,17203
17205,train,17205
17206,train,17206
17207,train,17207
17208,train,17208
17209,train,17209
17211,train,17211
17213,train,17213
17215,train,17215
17216,train,17216
17218,train,17218
17219,train,17219
17222,train,17222
17223,train,17223
17224,train,17224
17225,train,17225
17226,train,17226
17228,train,17228
17229,train,17229
17230,train,17230
17231,train,17231
17232,train,17232
17233,train,17233
17234,train,17234
17235,train,17235
17236,train,17236
17237,train,17237
17238,train,17238
17239,train,17239
17240,train,17240
17241,train,17241
17242,train,17242
17243,train,17243
17244,train,17244
17245,train,17245
17246,train,17246
17247,train,17247
17248,train,17248
17249,train,17249
17251,train,17251
17252,train,17252
17253,train,17253
17254,train,17254
17256,train,17256
17257,train,17257
17260,train,17260
17261,train,17261
17262,train,17262
17263,train,17263
17264,train,17264
17265,train,17265
17266,train,17266
17267,train,17267
17269,train,17269
17270,train,17270
17271,train,17271
17272,train,17272
17274,train,17274
17276,train,17276
17277,train,17277
17280,train,17280
17281,train,17281
17282,train,17282
17283,train,17283
17285,train,17285
17286,train,17286
17287,train,17287
17288,train,17288
17289,train,17289
17290,train,17290
17291,train,17291
17292,train,17292
17293,train,17293
17295,train,17295
17296,train,17296
17297,train,17297
17298,train,17298
17299,train,17299
17300,train,17300
17301,train,17301
17302,train,17302
17303,train,17303
17304,train,17304
17305,train,17305
17306,train,17306
17307,train,17307
17308,train,17308
17309,train,17309
17310,train,17310
17311,train,17311
17312,train,17312
17316,train,17316
17317,train,17317
17318,train,17318
17319,train,17319
17321,train,17321
17323,train,17323
17328,train,17328
17329,train,17329
17330,train,17330
17332,train,17332
17334,train,17334
17335,train,17335
17337,train,17337
17338,train,17338
17339,train,17339
17340,train,17340
17341,train,17341
17343,train,17343
17346,train,17346
17347,train,17347
17348,train,17348
17350,train,17350
17351,train,17351
17352,train,17352
17355,train,17355
17356,train,17356
17357,train,17357
17358,train,17358
17359,train,17359
17360,train,17360
17361,train,17361
17363,train,17363
17364,train,17364
17365,train,17365
17366,train,17366
17367,train,17367
17368,train,17368
17369,train,17369
17371,train,17371
17372,train,17372
17373,train,17373
17374,train,17374
17375,train,17375
17377,train,17377
17378,train,17378
17380,train,17380
17381,train,17381
17382,train,17382
17383,train,17383
17384,train,17384
17385,train,17385
17386,train,17386
17387,train,17387
17388,train,17388
17389,train,17389
17390,train,17390
17391,train,17391
17392,train,17392
17393,train,17393
17394,train,17394
17395,train,17395
17396,train,17396
17397,train,17397
17398,train,17398
17399,train,17399
17400,train,17400
17402,train,17402
17404,train,17404
17405,train,17405
17406,train,17406
17407,train,17407
17408,train,17408
17409,train,17409
17410,train,17410
17411,train,17411
17412,train,17412
17414,train,17414
17415,train,17415
17418,train,17418
17419,train,17419
17420,train,17420
17421,train,17421
17422,train,17422
17423,train,17423
17426,train,17426
17427,train,17427
17428,train,17428
17430,train,17430
17432,train,17432
17433,train,17433
17434,train,17434
17435,train,17435
17436,train,17436
17437,train,17437
17438,train,17438
17439,train,17439
17440,train,17440
17441,train,17441
17442,train,17442
17443,train,17443
17444,train,17444
17445,train,17445
17446,train,17446
17447,train,17447
17448,train,17448
17449,train,17449
17450,train,17450
17452,train,17452
17453,train,17453
17456,train,17456
17457,train,17457
17458,train,17458
17459,train,17459
17460,train,17460
17462,train,17462
17463,train,17463
17464,train,17464
17465,train,17465
17466,train,17466
17467,train,17467
17468,train,17468
17469,train,17469
17470,train,17470
17471,train,17471
17472,train,17472
17473,train,17473
17474,train,17474
17475,train,17475
17478,train,17478
17479,train,17479
17480,train,17480
17481,train,17481
17482,train,17482
17483,train,17483
17484,train,17484
17485,train,17485
17486,train,17486
17488,train,17488
17489,train,17489
17490,train,17490
17491,train,17491
17492,train,17492
17494,train,17494
17495,train,17495
17496,train,17496
17497,train,17497
17498,train,17498
17499,train,17499
17500,train,17500
17501,train,17501
17502,train,17502
17503,train,17503
17505,train,17505
17506,train,17506
17507,train,17507
17508,train,17508
17509,train,17509
17510,train,17510
17511,train,17511
17512,train,17512
17513,train,17513
17514,train,17514
17515,train,17515
17516,train,17516
17517,train,17517
17519,train,17519
17520,train,17520
17522,train,17522
17523,train,17523
17524,train,17524
17525,train,17525
17526,train,17526
17527,train,17527
17528,train,17528
17529,train,17529
17530,train,17530
17532,train,17532
17533,train,17533
17534,train,17534
17535,train,17535
17536,train,17536
17537,train,17537
17538,train,17538
17539,train,17539
17540,train,17540
17542,train,17542
17543,train,17543
17544,train,17544
17547,train,17547
17548,train,17548
17550,train,17550
17551,train,17551
17552,train,17552
17553,train,17553
17554,train,17554
17555,train,17555
17556,train,17556
17557,train,17557
17559,train,17559
17563,train,17563
17564,train,17564
17565,train,17565
17566,train,17566
17567,train,17567
17568,train,17568
17569,train,17569
17570,train,17570
17571,train,17571
17574,train,17574
17575,train,17575
17577,train,17577
17578,train,17578
17579,train,17579
17580,train,17580
17581,train,17581
17582,train,17582
17584,train,17584
17585,train,17585
17586,train,17586
17588,train,17588
17589,train,17589
17590,train,17590
17591,train,17591
17592,train,17592
17593,train,17593
17594,train,17594
17595,train,17595
17596,train,17596
17599,train,17599
17600,train,17600
17602,train,17602
17603,train,17603
17604,train,17604
17605,train,17605
17606,train,17606
17608,train,17608
17609,train,17609
17610,train,17610
17612,train,17612
17613,train,17613
17614,train,17614
17615,train,17615
17616,train,17616
17617,train,17617
17618,train,17618
17619,train,17619
17620,train,17620
17621,train,17621
17622,train,17622
17625,train,17625
17626,train,17626
17627,train,17627
17628,train,17628
17629,train,17629
17630,train,17630
17632,train,17632
17633,train,17633
17634,train,17634
17635,train,17635
17636,train,17636
17637,train,17637
17638,train,17638
17639,train,17639
17640,train,17640
17643,train,17643
17644,train,17644
17646,train,17646
17647,train,17647
17648,train,17648
17649,train,17649
17651,train,17651
17653,train,17653
17655,train,17655
17656,train,17656
17657,train,17657
17658,train,17658
17659,train,17659
17660,train,17660
17662,train,17662
17663,train,17663
17665,train,17665
17666,train,17666
17667,train,17667
17668,train,17668
17669,train,17669
17670,train,17670
17672,train,17672
17673,train,17673
17674,train,17674
17675,train,17675
17676,train,17676
17677,train,17677
17678,train,17678
17680,train,17680
17681,train,17681
17682,train,17682
17683,train,17683
17684,train,17684
17685,train,17685
17686,train,17686
17687,train,17687
17689,train,17689
17690,train,17690
17691,train,17691
17692,train,17692
17695,train,17695
17697,train,17697
17698,train,17698
17699,train,17699
17700,train,17700
17701,train,17701
17702,train,17702
17703,train,17703
17704,train,17704
17705,train,17705
17708,train,17708
17709,train,17709
17710,train,17710
17712,train,17712
17713,train,17713
17714,train,17714
17717,train,17717
17718,train,17718
17719,train,17719
17721,train,17721
17722,train,17722
17723,train,17723
17724,train,17724
17726,train,17726
17727,train,17727
17728,train,17728
17729,train,17729
17731,train,17731
17732,train,17732
17733,train,17733
17734,train,17734
17738,train,17738
17739,train,17739
17740,train,17740
17741,train,17741
17742,train,17742
17743,train,17743
17744,train,17744
17745,train,17745
17747,train,17747
17748,train,17748
17749,train,17749
17752,train,17752
17753,train,17753
17755,train,17755
17756,train,17756
17757,train,17757
17758,train,17758
17760,train,17760
17761,train,17761
17762,train,17762
17763,train,17763
17764,train,17764
17765,train,17765
17766,train,17766
17767,train,17767
17768,train,17768
17770,train,17770
17771,train,17771
17772,train,17772
17773,train,17773
17774,train,17774
17776,train,17776
17777,train,17777
17779,train,17779
17780,train,17780
17781,train,17781
17782,train,17782
17783,train,17783
17785,train,17785
17786,train,17786
17789,train,17789
17791,train,17791
17795,train,17795
17796,train,17796
17797,train,17797
17798,train,17798
17799,train,17799
17800,train,17800
17801,train,17801
17802,train,17802
17803,train,17803
17804,train,17804
17805,train,17805
17807,train,17807
17808,train,17808
17809,train,17809
17810,train,17810
17811,train,17811
17812,train,17812
17814,train,17814
17815,train,17815
17816,train,17816
17818,train,17818
17819,train,17819
17820,train,17820
17821,train,17821
17822,train,17822
17823,train,17823
17824,train,17824
17826,train,17826
17827,train,17827
17828,train,17828
17829,train,17829
17830,train,17830
17831,train,17831
17832,train,17832
17834,train,17834
17835,train,17835
17837,train,17837
17839,train,17839
17840,train,17840
17841,train,17841
17842,train,17842
17843,train,17843
17844,train,17844
17845,train,17845
17846,train,17846
17847,train,17847
17848,train,17848
17849,train,17849
17850,train,17850
17851,train,17851
17852,train,17852
17853,train,17853
17854,train,17854
17855,train,17855
17856,train,17856
17857,train,17857
17858,train,17858
17859,train,17859
17860,train,17860
17861,train,17861
17862,train,17862
17863,train,17863
17864,train,17864
17867,train,17867
17868,train,17868
17869,train,17869
17870,train,17870
17872,train,17872
17873,train,17873
17874,train,17874
17875,train,17875
17876,train,17876
17877,train,17877
17878,train,17878
17879,train,17879
17880,train,17880
17881,train,17881
17882,train,17882
17883,train,17883
17884,train,17884
17886,train,17886
17888,train,17888
17889,train,17889
17890,train,17890
17891,train,17891
17892,train,17892
17893,train,17893
17894,train,17894
17896,train,17896
17897,train,17897
17898,train,17898
17899,train,17899
17900,train,17900
17901,train,17901
17902,train,17902
17903,train,17903
17904,train,17904
17905,train,17905
17908,train,17908
17909,train,17909
17913,train,17913
17914,train,17914
17915,train,17915
17916,train,17916
17917,train,17917
17919,train,17919
17920,train,17920
17921,train,17921
17923,train,17923
17924,train,17924
17925,train,17925
17926,train,17926
17928,train,17928
17929,train,17929
17930,train,17930
17931,train,17931
17932,train,17932
17934,train,17934
17935,train,17935
17936,train,17936
17938,train,17938
17939,train,17939
17940,train,17940
17941,train,17941
17944,train,17944
17947,train,17947
17948,train,17948
17949,train,17949
17951,train,17951
17953,train,17953
17954,train,17954
17955,train,17955
17956,train,17956
17957,train,17957
17958,train,17958
17959,train,17959
17960,train,17960
17962,train,17962
17963,train,17963
17964,train,17964
17965,train,17965
17966,train,17966
17967,train,17967
17968,train,17968
17970,train,17970
17972,train,17972
17973,train,17973
17974,train,17974
17976,train,17976
17977,train,17977
17978,train,17978
17979,train,17979
17980,train,17980
17981,train,17981
17985,train,17985
17986,train,17986
17987,train,17987
17988,train,17988
17989,train,17989
17990,train,17990
17991,train,17991
17992,train,17992
17994,train,17994
17995,train,17995
17996,train,17996
17998,train,17998
17999,train,17999
18000,train,18000
18001,train,18001
18002,train,18002
18003,train,18003
18004,train,18004
18006,train,18006
18007,train,18007
18009,train,18009
18010,train,18010
18011,train,18011
18014,train,18014
18015,train,18015
18016,train,18016
18018,train,18018
18022,train,18022
18023,train,18023
18024,train,18024
18026,train,18026
18027,train,18027
18028,train,18028
18029,train,18029
18030,train,18030
18031,train,18031
18032,train,18032
18034,train,18034
18035,train,18035
18039,train,18039
18041,train,18041
18042,train,18042
18043,train,18043
18045,train,18045
18046,train,18046
18047,train,18047
18049,train,18049
18050,train,18050
18051,train,18051
18052,train,18052
18053,train,18053
18054,train,18054
18055,train,18055
18057,train,18057
18058,train,18058
18059,train,18059
18061,train,18061
18062,train,18062
18063,train,18063
18065,train,18065
18066,train,18066
18067,train,18067
18068,train,18068
18069,train,18069
18072,train,18072
18073,train,18073
18074,train,18074
18075,train,18075
18076,train,18076
18078,train,18078
18079,train,18079
18080,train,18080
18081,train,18081
18082,train,18082
18083,train,18083
18084,train,18084
18086,train,18086
18087,train,18087
18088,train,18088
18089,train,18089
18090,train,18090
18091,train,18091
18092,train,18092
18093,train,18093
18094,train,18094
18095,train,18095
18096,train,18096
18097,train,18097
18098,train,18098
18100,train,18100
18101,train,18101
18102,train,18102
18103,train,18103
18105,train,18105
18107,train,18107
18108,train,18108
18109,train,18109
18110,train,18110
18111,train,18111
18112,train,18112
18113,train,18113
18114,train,18114
18115,train,18115
18116,train,18116
18117,train,18117
18118,train,18118
18119,train,18119
18120,train,18120
18121,train,18121
18122,train,18122
18123,train,18123
18125,train,18125
18126,train,18126
18128,train,18128
18129,train,18129
18130,train,18130
18132,train,18132
18133,train,18133
18136,train,18136
18137,train,18137
18138,train,18138
18140,train,18140
18141,train,18141
18143,train,18143
18144,train,18144
18145,train,18145
18147,train,18147
18148,train,18148
18150,train,18150
18151,train,18151
18152,train,18152
18153,train,18153
18154,train,18154
18155,train,18155
18158,train,18158
18160,train,18160
18161,train,18161
18162,train,18162
18163,train,18163
18164,train,18164
18165,train,18165
18167,train,18167
18169,train,18169
18170,train,18170
18171,train,18171
18172,train,18172
18173,train,18173
18174,train,18174
18175,train,18175
18178,train,18178
18179,train,18179
18181,train,18181
18183,train,18183
18185,train,18185
18186,train,18186
18187,train,18187
18188,train,18188
18189,train,18189
18190,train,18190
18192,train,18192
18193,train,18193
18194,train,18194
18196,train,18196
18197,train,18197
18199,train,18199
18200,train,18200
18202,train,18202
18203,train,18203
18204,train,18204
18205,train,18205
18206,train,18206
18207,train,18207
18209,train,18209
18210,train,18210
18212,train,18212
18213,train,18213
18214,train,18214
18215,train,18215
18216,train,18216
18219,train,18219
18220,train,18220
18221,train,18221
18222,train,18222
18223,train,18223
18224,train,18224
18225,train,18225
18226,train,18226
18227,train,18227
18228,train,18228
18229,train,18229
18230,train,18230
18232,train,18232
18233,train,18233
18234,train,18234
18235,train,18235
18236,train,18236
18237,train,18237
18239,train,18239
18240,train,18240
18241,train,18241
18242,train,18242
18243,train,18243
18244,train,18244
18247,train,18247
18248,train,18248
18249,train,18249
18250,train,18250
18251,train,18251
18252,train,18252
18253,train,18253
18255,train,18255
18257,train,18257
18258,train,18258
18259,train,18259
18261,train,18261
18262,train,18262
18265,train,18265
18266,train,18266
18267,train,18267
18268,train,18268
18270,train,18270
18271,train,18271
18272,train,18272
18273,train,18273
18275,train,18275
18276,train,18276
18279,train,18279
18280,train,18280
18281,train,18281
18282,train,18282
18283,train,18283
18285,train,18285
18286,train,18286
18287,train,18287
18288,train,18288
18289,train,18289
18290,train,18290
18291,train,18291
18292,train,18292
18293,train,18293
18294,train,18294
18295,train,18295
18296,train,18296
18297,train,18297
18298,train,18298
18299,train,18299
18300,train,18300
18301,train,18301
18303,train,18303
18304,train,18304
18305,train,18305
18306,train,18306
18309,train,18309
18310,train,18310
18311,train,18311
18312,train,18312
18314,train,18314
18315,train,18315
18316,train,18316
18317,train,18317
18318,train,18318
18319,train,18319
18320,train,18320
18321,train,18321
18322,train,18322
18323,train,18323
18324,train,18324
18326,train,18326
18329,train,18329
18330,train,18330
18331,train,18331
18332,train,18332
18333,train,18333
18334,train,18334
18335,train,18335
18336,train,18336
18337,train,18337
18338,train,18338
18340,train,18340
18341,train,18341
18342,train,18342
18343,train,18343
18344,train,18344
18345,train,18345
18347,train,18347
18348,train,18348
18350,train,18350
18351,train,18351
18352,train,18352
0,heldout,0
7,heldout,7
11,heldout,11
17,heldout,17
25,heldout,25
26,heldout,26
38,heldout,38
44,heldout,44
48,heldout,48
49,heldout,49
56,heldout,56
60,heldout,60
66,heldout,66
73,heldout,73
74,heldout,74
77,heldout,77
83,heldout,83
88,heldout,88
94,heldout,94
101,heldout,101
108,heldout,108
119,heldout,119
120,heldout,120
121,heldout,121
123,heldout,123
128,heldout,128
130,heldout,130
133,heldout,133
150,heldout,150
152,heldout,152
153,heldout,153
155,heldout,155
156,heldout,156
160,heldout,160
165,heldout,165
171,heldout,171
173,heldout,173
180,heldout,180
185,heldout,185
186,heldout,186
187,heldout,187
193,heldout,193
196,heldout,196
215,heldout,215
218,heldout,218
229,heldout,229
234,heldout,234
241,heldout,241
245,heldout,245
249,heldout,249
255,heldout,255
259,heldout,259
265,heldout,265
269,heldout,269
271,heldout,271
272,heldout,272
274,heldout,274
280,heldout,280
281,heldout,281
289,heldout,289
301,heldout,301
308,heldout,308
311,heldout,311
316,heldout,316
317,heldout,317
318,heldout,318
320,heldout,320
328,heldout,328
330,heldout,330
336,heldout,336
337,heldout,337
338,heldout,338
364,heldout,364
366,heldout,366
372,heldout,372
376,heldout,376
379,heldout,379
382,heldout,382
387,heldout,387
402,heldout,402
403,heldout,403
409,heldout,409
424,heldout,424
426,heldout,426
432,heldout,432
447,heldout,447
449,heldout,449
452,heldout,452
455,heldout,455
470,heldout,470
476,heldout,476
480,heldout,480
488,heldout,488
490,heldout,490
505,heldout,505
512,heldout,512
517,heldout,517
520,heldout,520
524,heldout,524
526,heldout,526
529,heldout,529
530,heldout,530
534,heldout,534
535,heldout,535
537,heldout,537
545,heldout,545
546,heldout,546
549,heldout,549
559,heldout,559
560,heldout,560
566,heldout,566
569,heldout,569
571,heldout,571
576,heldout,576
577,heldout,577
585,heldout,585
589,heldout,589
598,heldout,598
603,heldout,603
609,heldout,609
617,heldout,617
624,heldout,624
638,heldout,638
639,heldout,639
640,heldout,640
641,heldout,641
644,heldout,644
650,heldout,650
651,heldout,651
655,heldout,655
663,heldout,663
667,heldout,667
672,heldout,672
686,heldout,686
699,heldout,699
703,heldout,703
705,heldout,705
711,heldout,711
712,heldout,712
715,heldout,715
721,heldout,721
726,heldout,726
727,heldout,727
732,heldout,732
734,heldout,734
739,heldout,739
746,heldout,746
747,heldout,747
750,heldout,750
754,heldout,754
764,heldout,764
771,heldout,771
781,heldout,781
785,heldout,785
789,heldout,789
799,heldout,799
800,heldout,800
801,heldout,801
805,heldout,805
806,heldout,806
807,heldout,807
813,heldout,813
815,heldout,815
817,heldout,817
820,heldout,820
822,heldout,822
830,heldout,830
835,heldout,835
844,heldout,844
847,heldout,847
849,heldout,849
850,heldout,850
868,heldout,868
869,heldout,869
878,heldout,878
883,heldout,883
890,heldout,890
892,heldout,892
896,heldout,896
901,heldout,901
903,heldout,903
911,heldout,911
917,heldout,917
928,heldout,928
929,heldout,929
931,heldout,931
933,heldout,933
939,heldout,939
940,heldout,940
941,heldout,941
943,heldout,943
945,heldout,945
954,heldout,954
961,heldout,961
965,heldout,965
992,heldout,992
998,heldout,998
1000,heldout,1000
1001,heldout,1001
1002,heldout,1002
1003,heldout,1003
1014,heldout,1014
1017,heldout,1017
1023,heldout,1023
1026,heldout,1026
1031,heldout,1031
1034,heldout,1034
1037,heldout,1037
1039,heldout,1039
1042,heldout,1042
1043,heldout,1043
1051,heldout,1051
1064,heldout,1064
1081,heldout,1081
1089,heldout,1089
1091,heldout,1091
1092,heldout,1092
1095,heldout,1095
1104,heldout,1104
1105,heldout,1105
1112,heldout,1112
1116,heldout,1116
1118,heldout,1118
1125,heldout,1125
1126,heldout,1126
1128,heldout,1128
1129,heldout,1129
1130,heldout,1130
1132,heldout,1132
1136,heldout,1136
1151,heldout,1151
1158,heldout,1158
1162,heldout,1162
1163,heldout,1163
1166,heldout,1166
1167,heldout,1167
1168,heldout,1168
1174,heldout,1174
1177,heldout,1177
1186,heldout,1186
1196,heldout,1196
1203,heldout,1203
1204,heldout,1204
1207,heldout,1207
1211,heldout,1211
1212,heldout,1212
1218,heldout,1218
1222,heldout,1222
1224,heldout,1224
1229,heldout,1229
1235,heldout,1235
1238,heldout,1238
1240,heldout,1240
1243,heldout,1243
1246,heldout,1246
1260,heldout,1260
1266,heldout,1266
1273,heldout,1273
1283,heldout,1283
1296,heldout,1296
1297,heldout,1297
1301,heldout,1301
1304,heldout,1304
1305,heldout,1305
1315,heldout,1315
1316,heldout,1316
1317,heldout,1317
1325,heldout,1325
1326,heldout,1326
1330,heldout,1330
1338,heldout,1338
1342,heldout,1342
1359,heldout,1359
1366,heldout,1366
1367,heldout,1367
1372,heldout,1372
1385,heldout,1385
1394,heldout,1394
1395,heldout,1395
1402,heldout,1402
1420,heldout,1420
1428,heldout,1428
1431,heldout,1431
1436,heldout,1436
1443,heldout,1443
1444,heldout,1444
1455,heldout,1455
1479,heldout,1479
1481,heldout,1481
1486,heldout,1486
1489,heldout,1489
1491,heldout,1491
1494,heldout,1494
1496,heldout,1496
1510,heldout,1510
1511,heldout,1511
1518,heldout,1518
1531,heldout,1531
1539,heldout,1539
1546,heldout,1546
1552,heldout,1552
1559,heldout,1559
1560,heldout,1560
1563,heldout,1563
1576,heldout,1576
1577,heldout,1577
1584,heldout,1584
1592,heldout,1592
1596,heldout,1596
1603,heldout,1603
1611,heldout,1611
1612,heldout,1612
1619,heldout,1619
1633,heldout,1633
1636,heldout,1636
1640,heldout,1640
1641,heldout,1641
1642,heldout,1642
1645,heldout,1645
1657,heldout,1657
1691,heldout,1691
1694,heldout,1694
1695,heldout,1695
1714,heldout,1714
1715,heldout,1715
1717,heldout,1717
1719,heldout,1719
1723,heldout,1723
1728,heldout,1728
1733,heldout,1733
1735,heldout,1735
1737,heldout,1737
1738,heldout,1738
1739,heldout,1739
1748,heldout,1748
1750,heldout,1750
1759,heldout,1759
1763,heldout,1763
1771,heldout,1771
1781,heldout,1781
1782,heldout,1782
1789,heldout,1789
1790,heldout,1790
1792,heldout,1792
1801,heldout,1801
1805,heldout,1805
1811,heldout,1811
1815,heldout,1815
1818,heldout,1818
1820,heldout,1820
1821,heldout,1821
1828,heldout,1828
1832,heldout,1832
1836,heldout,1836
1843,heldout,1843
1844,heldout,1844
1846,heldout,1846
1849,heldout,1849
1852,heldout,1852
1853,heldout,1853
1855,heldout,1855
1882,heldout,1882
1886,heldout,1886
1896,heldout,1896
1903,heldout,1903
1907,heldout,1907
1909,heldout,1909
1930,heldout,1930
1931,heldout,1931
1936,heldout,1936
1942,heldout,1942
1946,heldout,1946
1952,heldout,1952
1959,heldout,1959
1960,heldout,1960
1961,heldout,1961
1972,heldout,1972
1976,heldout,1976
1978,heldout,1978
1981,heldout,1981
1982,heldout,1982
1994,heldout,1994
1995,heldout,1995
2002,heldout,2002
2006,heldout,2006
2008,heldout,2008
2011,heldout,2011
2013,heldout,2013
2023,heldout,2023
2025,heldout,2025
2026,heldout,2026
2033,heldout,2033
2035,heldout,2035
2041,heldout,2041
2048,heldout,2048
2050,heldout,2050
2052,heldout,2052
2053,heldout,2053
2055,heldout,2055
2056,heldout,2056
2061,heldout,2061
2062,heldout,2062
2063,heldout,2063
2076,heldout,2076
2079,heldout,2079
2083,heldout,2083
2085,heldout,2085
2087,heldout,2087
2088,heldout,2088
2097,heldout,2097
2099,heldout,2099
2101,heldout,2101
2110,heldout,2110
2118,heldout,2118
2121,heldout,2121
2125,heldout,2125
2130,heldout,2130
2131,heldout,2131
2133,heldout,2133
2136,heldout,2136
2139,heldout,2139
2157,heldout,2157
2164,heldout,2164
2171,heldout,2171
2172,heldout,2172
2179,heldout,2179
2186,heldout,2186
2187,heldout,2187
2189,heldout,2189
2190,heldout,2190
2193,heldout,2193
2200,heldout,2200
2205,heldout,2205
2218,heldout,2218
2219,heldout,2219
2220,heldout,2220
2223,heldout,2223
2229,heldout,2229
2230,heldout,2230
2234,heldout,2234
2239,heldout,2239
2240,heldout,2240
2247,heldout,2247
2250,heldout,2250
2267,heldout,2267
2272,heldout,2272
2275,heldout,2275
2278,heldout,2278
2282,heldout,2282
2300,heldout,2300
2307,heldout,2307
2312,heldout,2312
2319,heldout,2319
2323,heldout,2323
2325,heldout,2325
2328,heldout,2328
2330,heldout,2330
2331,heldout,2331
2333,heldout,2333
2336,heldout,2336
2338,heldout,2338
2342,heldout,2342
2351,heldout,2351
2364,heldout,2364
2375,heldout,2375
2382,heldout,2382
2386,heldout,2386
2387,heldout,2387
2394,heldout,2394
2400,heldout,2400
2405,heldout,2405
2414,heldout,2414
2416,heldout,2416
2421,heldout,2421
2425,heldout,2425
2433,heldout,2433
2447,heldout,2447
2453,heldout,2453
2459,heldout,2459
2462,heldout,2462
2468,heldout,2468
2469,heldout,2469
2481,heldout,2481
2483,heldout,2483
2487,heldout,2487
2488,heldout,2488
2493,heldout,2493
2500,heldout,2500
2503,heldout,2503
2509,heldout,2509
2517,heldout,2517
2542,heldout,2542
2545,heldout,2545
2549,heldout,2549
2551,heldout,2551
2552,heldout,2552
2553,heldout,2553
2557,heldout,2557
2565,heldout,2565
2571,heldout,2571
2582,heldout,2582
2585,heldout,2585
2587,heldout,2587
2590,heldout,2590
2592,heldout,2592
2600,heldout,2600
2601,heldout,2601
2605,heldout,2605
2611,heldout,2611
2614,heldout,2614
2615,heldout,2615
2631,heldout,2631
2632,heldout,2632
2634,heldout,2634
2637,heldout,2637
2641,heldout,2641
2644,heldout,2644
2646,heldout,2646
2657,heldout,2657
2662,heldout,2662
2664,heldout,2664
2667,heldout,2667
2670,heldout,2670
2671,heldout,2671
2673,heldout,2673
2680,heldout,2680
2683,heldout,2683
2694,heldout,2694
2695,heldout,2695
2696,heldout,2696
2697,heldout,2697
2698,heldout,2698
2699,heldout,2699
2700,heldout,2700
2705,heldout,2705
2706,heldout,2706
2708,heldout,2708
2711,heldout,2711
2717,heldout,2717
2721,heldout,2721
2726,heldout,2726
2729,heldout,2729
2740,heldout,2740
2743,heldout,2743
2746,heldout,2746
2748,heldout,2748
2749,heldout,2749
2750,heldout,2750
2754,heldout,2754
2756,heldout,2756
2765,heldout,2765
2766,heldout,2766
2783,heldout,2783
2784,heldout,2784
2785,heldout,2785
2788,heldout,2788
2790,heldout,2790
2792,heldout,2792
2793,heldout,2793
2795,heldout,2795
2796,heldout,2796
2800,heldout,2800
2807,heldout,2807
2808,heldout,2808
2810,heldout,2810
2811,heldout,2811
2812,heldout,2812
2820,heldout,2820
2828,heldout,2828
2832,heldout,2832
2837,heldout,2837
2867,heldout,2867
2874,heldout,2874
2878,heldout,2878
2882,heldout,2882
2885,heldout,2885
2891,heldout,2891
2905,heldout,2905
2907,heldout,2907
2919,heldout,2919
2925,heldout,2925
2933,heldout,2933
2937,heldout,2937
2939,heldout,2939
2943,heldout,2943
2952,heldout,2952
2954,heldout,2954
2962,heldout,2962
2963,heldout,2963
2967,heldout,2967
2969,heldout,2969
2976,heldout,2976
2978,heldout,2978
2987,heldout,2987
2988,heldout,2988
2990,heldout,2990
2998,heldout,2998
3003,heldout,3003
3004,heldout,3004
3007,heldout,3007
3012,heldout,3012
3013,heldout,3013
3014,heldout,3014
3020,heldout,3020
3021,heldout,3021
3022,heldout,3022
3024,heldout,3024
3026,heldout,3026
3030,heldout,3030
3037,heldout,3037
3038,heldout,3038
3044,heldout,3044
3049,heldout,3049
3050,heldout,3050
3059,heldout,3059
3064,heldout,3064
3070,heldout,3070
3071,heldout,3071
3079,heldout,3079
3084,heldout,3084
3088,heldout,3088
3097,heldout,3097
3100,heldout,3100
3106,heldout,3106
3108,heldout,3108
3112,heldout,3112
3118,heldout,3118
3120,heldout,3120
3123,heldout,3123
3133,heldout,3133
3137,heldout,3137
3139,heldout,3139
3149,heldout,3149
3162,heldout,3162
3163,heldout,3163
3176,heldout,3176
3177,heldout,3177
3188,heldout,3188
3189,heldout,3189
3201,heldout,3201
3202,heldout,3202
3216,heldout,3216
3218,heldout,3218
3221,heldout,3221
3232,heldout,3232
3233,heldout,3233
3243,heldout,3243
3244,heldout,3244
3246,heldout,3246
3247,heldout,3247
3251,heldout,3251
3263,heldout,3263
3269,heldout,3269
3274,heldout,3274
3283,heldout,3283
3286,heldout,3286
3289,heldout,3289
3296,heldout,3296
3298,heldout,3298
3304,heldout,3304
3305,heldout,3305
3307,heldout,3307
3323,heldout,3323
3332,heldout,3332
3337,heldout,3337
3346,heldout,3346
3348,heldout,3348
3355,heldout,3355
3359,heldout,3359
3363,heldout,3363
3366,heldout,3366
3368,heldout,3368
3376,heldout,3376
3382,heldout,3382
3384,heldout,3384
3385,heldout,3385
3387,heldout,3387
3388,heldout,3388
3389,heldout,3389
3397,heldout,3397
3406,heldout,3406
3408,heldout,3408
3409,heldout,3409
3412,heldout,3412
3415,heldout,3415
3418,heldout,3418
3422,heldout,3422
3424,heldout,3424
3427,heldout,3427
3433,heldout,3433
3436,heldout,3436
3438,heldout,3438
3447,heldout,3447
3456,heldout,3456
3471,heldout,3471
3475,heldout,3475
3483,heldout,3483
3487,heldout,3487
3488,heldout,3488
3489,heldout,3489
3496,heldout,3496
3498,heldout,3498
3505,heldout,3505
3506,heldout,3506
3516,heldout,3516
3519,heldout,3519
3526,heldout,3526
3530,heldout,3530
3546,heldout,3546
3547,heldout,3547
3557,heldout,3557
3563,heldout,3563
3570,heldout,3570
3584,heldout,3584
3594,heldout,3594
3596,heldout,3596
3604,heldout,3604
3614,heldout,3614
3624,heldout,3624
3627,heldout,3627
3628,heldout,3628
3632,heldout,3632
3635,heldout,3635
3636,heldout,3636
3641,heldout,3641
3653,heldout,3653
3659,heldout,3659
3660,heldout,3660
3661,heldout,3661
3662,heldout,3662
3663,heldout,3663
3667,heldout,3667
3668,heldout,3668
3669,heldout,3669
3672,heldout,3672
3674,heldout,3674
3697,heldout,3697
3700,heldout,3700
3707,heldout,3707
3709,heldout,3709
3712,heldout,3712
3715,heldout,3715
3725,heldout,3725
3727,heldout,3727
3732,heldout,3732
3734,heldout,3734
3737,heldout,3737
3745,heldout,3745
3747,heldout,3747
3749,heldout,3749
3752,heldout,3752
3755,heldout,3755
3758,heldout,3758
3763,heldout,3763
3765,heldout,3765
3767,heldout,3767
3768,heldout,3768
3773,heldout,3773
3775,heldout,3775
3777,heldout,3777
3782,heldout,3782
3783,heldout,3783
3784,heldout,3784
3786,heldout,3786
3801,heldout,3801
3803,heldout,3803
3806,heldout,3806
3811,heldout,3811
3813,heldout,3813
3822,heldout,3822
3825,heldout,3825
3827,heldout,3827
3829,heldout,3829
3830,heldout,3830
3837,heldout,3837
3840,heldout,3840
3847,heldout,3847
3852,heldout,3852
3854,heldout,3854
3862,heldout,3862
3870,heldout,3870
3875,heldout,3875
3877,heldout,3877
3879,heldout,3879
3881,heldout,3881
3884,heldout,3884
3888,heldout,3888
3891,heldout,3891
3902,heldout,3902
3904,heldout,3904
3906,heldout,3906
3907,heldout,3907
3910,heldout,3910
3923,heldout,3923
3925,heldout,3925
3932,heldout,3932
3934,heldout,3934
3944,heldout,3944
3949,heldout,3949
3951,heldout,3951
3957,heldout,3957
3962,heldout,3962
3964,heldout,3964
3968,heldout,3968
3971,heldout,3971
3981,heldout,3981
3989,heldout,3989
3990,heldout,3990
3991,heldout,3991
4003,heldout,4003
4008,heldout,4008
4013,heldout,4013
4014,heldout,4014
4020,heldout,4020
4026,heldout,4026
4033,heldout,4033
4041,heldout,4041
4050,heldout,4050
4055,heldout,4055
4067,heldout,4067
4076,heldout,4076
4079,heldout,4079
4083,heldout,4083
4090,heldout,4090
4091,heldout,4091
4094,heldout,4094
4095,heldout,4095
4096,heldout,4096
4100,heldout,4100
4106,heldout,4106
4111,heldout,4111
4121,heldout,4121
4126,heldout,4126
4133,heldout,4133
4135,heldout,4135
4136,heldout,4136
4140,heldout,4140
4146,heldout,4146
4153,heldout,4153
4155,heldout,4155
4158,heldout,4158
4160,heldout,4160
4168,heldout,4168
4174,heldout,4174
4177,heldout,4177
4178,heldout,4178
4181,heldout,4181
4189,heldout,4189
4191,heldout,4191
4192,heldout,4192
4193,heldout,4193
4194,heldout,4194
4197,heldout,4197
4203,heldout,4203
4206,heldout,4206
4216,heldout,4216
4217,heldout,4217
4227,heldout,4227
4228,heldout,4228
4231,heldout,4231
4239,heldout,4239
4241,heldout,4241
4244,heldout,4244
4245,heldout,4245
4257,heldout,4257
4259,heldout,4259
4260,heldout,4260
4262,heldout,4262
4275,heldout,4275
4278,heldout,4278
4284,heldout,4284
4287,heldout,4287
4298,heldout,4298
4301,heldout,4301
4302,heldout,4302
4303,heldout,4303
4307,heldout,4307
4309,heldout,4309
4311,heldout,4311
4319,heldout,4319
4339,heldout,4339
4354,heldout,4354
4356,heldout,4356
4358,heldout,4358
4361,heldout,4361
4371,heldout,4371
4374,heldout,4374
4387,heldout,4387
4390,heldout,4390
4403,heldout,4403
4407,heldout,4407
4417,heldout,4417
4425,heldout,4425
4431,heldout,4431
4432,heldout,4432
4435,heldout,4435
4453,heldout,4453
4460,heldout,4460
4465,heldout,4465
4471,heldout,4471
4472,heldout,4472
4474,heldout,4474
4477,heldout,4477
4479,heldout,4479
4489,heldout,4489
4495,heldout,4495
4499,heldout,4499
4502,heldout,4502
4505,heldout,4505
4517,heldout,4517
4519,heldout,4519
4526,heldout,4526
4532,heldout,4532
4544,heldout,4544
4563,heldout,4563
4566,heldout,4566
4567,heldout,4567
4576,heldout,4576
4585,heldout,4585
4590,heldout,4590
4593,heldout,4593
4597,heldout,4597
4606,heldout,4606
4613,heldout,4613
4626,heldout,4626
4627,heldout,4627
4628,heldout,4628
4633,heldout,4633
4635,heldout,4635
4637,heldout,4637
4646,heldout,4646
4655,heldout,4655
4667,heldout,4667
4678,heldout,4678
4692,heldout,4692
4703,heldout,4703
4708,heldout,4708
4719,heldout,4719
4727,heldout,4727
4728,heldout,4728
4732,heldout,4732
4741,heldout,4741
4744,heldout,4744
4746,heldout,4746
4752,heldout,4752
4773,heldout,4773
4776,heldout,4776
4778,heldout,4778
4785,heldout,4785
4805,heldout,4805
4811,heldout,4811
4812,heldout,4812
4818,heldout,4818
4822,heldout,4822
4825,heldout,4825
4827,heldout,4827
4830,heldout,4830
4834,heldout,4834
4836,heldout,4836
4838,heldout,4838
4841,heldout,4841
4850,heldout,4850
4861,heldout,4861
4866,heldout,4866
4871,heldout,4871
4872,heldout,4872
4878,heldout,4878
4881,heldout,4881
4887,heldout,4887
4888,heldout,4888
4894,heldout,4894
4895,heldout,4895
4908,heldout,4908
4913,heldout,4913
4915,heldout,4915
4917,heldout,4917
4923,heldout,4923
4926,heldout,4926
4929,heldout,4929
4930,heldout,4930
4933,heldout,4933
4937,heldout,4937
4951,heldout,4951
4962,heldout,4962
4967,heldout,4967
4968,heldout,4968
4971,heldout,4971
4974,heldout,4974
4979,heldout,4979
4994,heldout,4994
4997,heldout,4997
4999,heldout,4999
5011,heldout,5011
5016,heldout,5016
5027,heldout,5027
5031,heldout,5031
5033,heldout,5033
5035,heldout,5035
5039,heldout,5039
5042,heldout,5042
5047,heldout,5047
5056,heldout,5056
5058,heldout,5058
5059,heldout,5059
5060,heldout,5060
5064,heldout,5064
5078,heldout,5078
5091,heldout,5091
5105,heldout,5105
5124,heldout,5124
5131,heldout,5131
5132,heldout,5132
5135,heldout,5135
5141,heldout,5141
5153,heldout,5153
5154,heldout,5154
5163,heldout,5163
5167,heldout,5167
5175,heldout,5175
5177,heldout,5177
5195,heldout,5195
5198,heldout,5198
5199,heldout,5199
5200,heldout,5200
5209,heldout,5209
5216,heldout,5216
5217,heldout,5217
5233,heldout,5233
5237,heldout,5237
5240,heldout,5240
5241,heldout,5241
5242,heldout,5242
5246,heldout,5246
5248,heldout,5248
5254,heldout,5254
5256,heldout,5256
5259,heldout,5259
5261,heldout,5261
5266,heldout,5266
5276,heldout,5276
5280,heldout,5280
5284,heldout,5284
5287,heldout,5287
5293,heldout,5293
5300,heldout,5300
5302,heldout,5302
5305,heldout,5305
5308,heldout,5308
5309,heldout,5309
5312,heldout,5312
5316,heldout,5316
5317,heldout,5317
5318,heldout,5318
5320,heldout,5320
5326,heldout,5326
5336,heldout,5336
5341,heldout,5341
5343,heldout,5343
5345,heldout,5345
5353,heldout,5353
5360,heldout,5360
5366,heldout,5366
5368,heldout,5368
5374,heldout,5374
5377,heldout,5377
5379,heldout,5379
5380,heldout,5380
5381,heldout,5381
5384,heldout,5384
5390,heldout,5390
5393,heldout,5393
5394,heldout,5394
5399,heldout,5399
5401,heldout,5401
5404,heldout,5404
5405,heldout,5405
5411,heldout,5411
5421,heldout,5421
5424,heldout,5424
5428,heldout,5428
5438,heldout,5438
5439,heldout,5439
5443,heldout,5443
5444,heldout,5444
5449,heldout,5449
5452,heldout,5452
5456,heldout,5456
5459,heldout,5459
5468,heldout,5468
5475,heldout,5475
5476,heldout,5476
5513,heldout,5513
5521,heldout,5521
5522,heldout,5522
5530,heldout,5530
5534,heldout,5534
5535,heldout,5535
5540,heldout,5540
5541,heldout,5541
5545,heldout,5545
5554,heldout,5554
5558,heldout,5558
5559,heldout,5559
5561,heldout,5561
5569,heldout,5569
5571,heldout,5571
5574,heldout,5574
5586,heldout,5586
5588,heldout,5588
5591,heldout,5591
5595,heldout,5595
5602,heldout,5602
5614,heldout,5614
5618,heldout,5618
5623,heldout,5623
5629,heldout,5629
5632,heldout,5632
5634,heldout,5634
5636,heldout,5636
5643,heldout,5643
5645,heldout,5645
5647,heldout,5647
5649,heldout,5649
5652,heldout,5652
5660,heldout,5660
5664,heldout,5664
5668,heldout,5668
5677,heldout,5677
5678,heldout,5678
5684,heldout,5684
5686,heldout,5686
5690,heldout,5690
5698,heldout,5698
5700,heldout,5700
5712,heldout,5712
5714,heldout,5714
5719,heldout,5719
5725,heldout,5725
5726,heldout,5726
5738,heldout,5738
5742,heldout,5742
5749,heldout,5749
5755,heldout,5755
5761,heldout,5761
5767,heldout,5767
5786,heldout,5786
5801,heldout,5801
5808,heldout,5808
5809,heldout,5809
5817,heldout,5817
5819,heldout,5819
5826,heldout,5826
5831,heldout,5831
5837,heldout,5837
5845,heldout,5845
5854,heldout,5854
5855,heldout,5855
5856,heldout,5856
5867,heldout,5867
5871,heldout,5871
5872,heldout,5872
5878,heldout,5878
5882,heldout,5882
5883,heldout,5883
5885,heldout,5885
5889,heldout,5889
5892,heldout,5892
5894,heldout,5894
5898,heldout,5898
5899,heldout,5899
5910,heldout,5910
5916,heldout,5916
5917,heldout,5917
5933,heldout,5933
5938,heldout,5938
5943,heldout,5943
5945,heldout,5945
5949,heldout,5949
5950,heldout,5950
5951,heldout,5951
5956,heldout,5956
5957,heldout,5957
5959,heldout,5959
5964,heldout,5964
5971,heldout,5971
5973,heldout,5973
5974,heldout,5974
5978,heldout,5978
5982,heldout,5982
5983,heldout,5983
5985,heldout,5985
5986,heldout,5986
5987,heldout,5987
5991,heldout,5991
5996,heldout,5996
6002,heldout,6002
6023,heldout,6023
6025,heldout,6025
6031,heldout,6031
6032,heldout,6032
6040,heldout,6040
6044,heldout,6044
6056,heldout,6056
6057,heldout,6057
6058,heldout,6058
6061,heldout,6061
6063,heldout,6063
6067,heldout,6067
6068,heldout,6068
6069,heldout,6069
6070,heldout,6070
6086,heldout,6086
6088,heldout,6088
6089,heldout,6089
6091,heldout,6091
6111,heldout,6111
6115,heldout,6115
6121,heldout,6121
6124,heldout,6124
6126,heldout,6126
6127,heldout,6127
6128,heldout,6128
6136,heldout,6136
6137,heldout,6137
6143,heldout,6143
6144,heldout,6144
6145,heldout,6145
6149,heldout,6149
6151,heldout,6151
6157,heldout,6157
6158,heldout,6158
6160,heldout,6160
6170,heldout,6170
6180,heldout,6180
6188,heldout,6188
6192,heldout,6192
6193,heldout,6193
6200,heldout,6200
6211,heldout,6211
6220,heldout,6220
6237,heldout,6237
6238,heldout,6238
6241,heldout,6241
6246,heldout,6246
6249,heldout,6249
6255,heldout,6255
6258,heldout,6258
6263,heldout,6263
6266,heldout,6266
6269,heldout,6269
6277,heldout,6277
6283,heldout,6283
6284,heldout,6284
6287,heldout,6287
6289,heldout,6289
6291,heldout,6291
6295,heldout,6295
6297,heldout,6297
6298,heldout,6298
6299,heldout,6299
6303,heldout,6303
6304,heldout,6304
6307,heldout,6307
6311,heldout,6311
6313,heldout,6313
6316,heldout,6316
6328,heldout,6328
6329,heldout,6329
6333,heldout,6333
6336,heldout,6336
6341,heldout,6341
6353,heldout,6353
6361,heldout,6361
6363,heldout,6363
6367,heldout,6367
6370,heldout,6370
6377,heldout,6377
6380,heldout,6380
6384,heldout,6384
6386,heldout,6386
6390,heldout,6390
6391,heldout,6391
6392,heldout,6392
6394,heldout,6394
6398,heldout,6398
6405,heldout,6405
6410,heldout,6410
6412,heldout,6412
6423,heldout,6423
6424,heldout,6424
6432,heldout,6432
6434,heldout,6434
6440,heldout,6440
6443,heldout,6443
6447,heldout,6447
6455,heldout,6455
6462,heldout,6462
6466,heldout,6466
6472,heldout,6472
6475,heldout,6475
6487,heldout,6487
6491,heldout,6491
6492,heldout,6492
6497,heldout,6497
6509,heldout,6509
6515,heldout,6515
6525,heldout,6525
6527,heldout,6527
6529,heldout,6529
6530,heldout,6530
6531,heldout,6531
6534,heldout,6534
6535,heldout,6535
6536,heldout,6536
6542,heldout,6542
6543,heldout,6543
6547,heldout,6547
6548,heldout,6548
6551,heldout,6551
6565,heldout,6565
6567,heldout,6567
6571,heldout,6571
6577,heldout,6577
6581,heldout,6581
6583,heldout,6583
6586,heldout,6586
6588,heldout,6588
6595,heldout,6595
6596,heldout,6596
6608,heldout,6608
6611,heldout,6611
6625,heldout,6625
6631,heldout,6631
6635,heldout,6635
6636,heldout,6636
6646,heldout,6646
6647,heldout,6647
6653,heldout,6653
6660,heldout,6660
6663,heldout,6663
6664,heldout,6664
6665,heldout,6665
6679,heldout,6679
6687,heldout,6687
6691,heldout,6691
6692,heldout,6692
6704,heldout,6704
6706,heldout,6706
6707,heldout,6707
6708,heldout,6708
6712,heldout,6712
6721,heldout,6721
6722,heldout,6722
6728,heldout,6728
6730,heldout,6730
6740,heldout,6740
6742,heldout,6742
6744,heldout,6744
6762,heldout,6762
6767,heldout,6767
6775,heldout,6775
6784,heldout,6784
6787,heldout,6787
6790,heldout,6790
6792,heldout,6792
6798,heldout,6798
6800,heldout,6800
6802,heldout,6802
6806,heldout,6806
6808,heldout,6808
6809,heldout,6809
6812,heldout,6812
6820,heldout,6820
6832,heldout,6832
6839,heldout,6839
6850,heldout,6850
6854,heldout,6854
6857,heldout,6857
6865,heldout,6865
6868,heldout,6868
6872,heldout,6872
6875,heldout,6875
6882,heldout,6882
6888,heldout,6888
6898,heldout,6898
6900,heldout,6900
6903,heldout,6903
6906,heldout,6906
6917,heldout,6917
6919,heldout,6919
6928,heldout,6928
6931,heldout,6931
6942,heldout,6942
6943,heldout,6943
6949,heldout,6949
6953,heldout,6953
6960,heldout,6960
6975,heldout,6975
6979,heldout,6979
6998,heldout,6998
7001,heldout,7001
7003,heldout,7003
7010,heldout,7010
7011,heldout,7011
7013,heldout,7013
7022,heldout,7022
7025,heldout,7025
7030,heldout,7030
7032,heldout,7032
7035,heldout,7035
7038,heldout,7038
7041,heldout,7041
7043,heldout,7043
7045,heldout,7045
7048,heldout,7048
7055,heldout,7055
7065,heldout,7065
7068,heldout,7068
7075,heldout,7075
7080,heldout,7080
7081,heldout,7081
7085,heldout,7085
7094,heldout,7094
7096,heldout,7096
7098,heldout,7098
7102,heldout,7102
7104,heldout,7104
7107,heldout,7107
7113,heldout,7113
7115,heldout,7115
7125,heldout,7125
7134,heldout,7134
7135,heldout,7135
7136,heldout,7136
7142,heldout,7142
7148,heldout,7148
7157,heldout,7157
7168,heldout,7168
7169,heldout,7169
7176,heldout,7176
7188,heldout,7188
7196,heldout,7196
7200,heldout,7200
7225,heldout,7225
7228,heldout,7228
7237,heldout,7237
7239,heldout,7239
7240,heldout,7240
7241,heldout,7241
7248,heldout,7248
7253,heldout,7253
7269,heldout,7269
7277,heldout,7277
7283,heldout,7283
7286,heldout,7286
7289,heldout,7289
7294,heldout,7294
7297,heldout,7297
7314,heldout,7314
7316,heldout,7316
7318,heldout,7318
7319,heldout,7319
7320,heldout,7320
7322,heldout,7322
7325,heldout,7325
7326,heldout,7326
7336,heldout,7336
7337,heldout,7337
7354,heldout,7354
7358,heldout,7358
7359,heldout,7359
7375,heldout,7375
7379,heldout,7379
7389,heldout,7389
7391,heldout,7391
7404,heldout,7404
7412,heldout,7412
7418,heldout,7418
7423,heldout,7423
7429,heldout,7429
7447,heldout,7447
7455,heldout,7455
7456,heldout,7456
7475,heldout,7475
7485,heldout,7485
7489,heldout,7489
7494,heldout,7494
7507,heldout,7507
7512,heldout,7512
7517,heldout,7517
7518,heldout,7518
7527,heldout,7527
7528,heldout,7528
7537,heldout,7537
7538,heldout,7538
7545,heldout,7545
7547,heldout,7547
7552,heldout,7552
7553,heldout,7553
7564,heldout,7564
7572,heldout,7572
7577,heldout,7577
7585,heldout,7585
7590,heldout,7590
7594,heldout,7594
7601,heldout,7601
7606,heldout,7606
7626,heldout,7626
7629,heldout,7629
7655,heldout,7655
7664,heldout,7664
7666,heldout,7666
7669,heldout,7669
7673,heldout,7673
7676,heldout,7676
7677,heldout,7677
7683,heldout,7683
7689,heldout,7689
7690,heldout,7690
7692,heldout,7692
7695,heldout,7695
7699,heldout,7699
7700,heldout,7700
7711,heldout,7711
7713,heldout,7713
7715,heldout,7715
7717,heldout,7717
7723,heldout,7723
7724,heldout,7724
7729,heldout,7729
7734,heldout,7734
7737,heldout,7737
7739,heldout,7739
7740,heldout,7740
7742,heldout,7742
7743,heldout,7743
7748,heldout,7748
7760,heldout,7760
7762,heldout,7762
7765,heldout,7765
7768,heldout,7768
7770,heldout,7770
7771,heldout,7771
7774,heldout,7774
7776,heldout,7776
7782,heldout,7782
7789,heldout,7789
7791,heldout,7791
7794,heldout,7794
7802,heldout,7802
7812,heldout,7812
7814,heldout,7814
7820,heldout,7820
7841,heldout,7841
7842,heldout,7842
7849,heldout,7849
7855,heldout,7855
7857,heldout,7857
7860,heldout,7860
7864,heldout,7864
7866,heldout,7866
7869,heldout,7869
7879,heldout,7879
7885,heldout,7885
7886,heldout,7886
7892,heldout,7892
7893,heldout,7893
7898,heldout,7898
7901,heldout,7901
7903,heldout,7903
7914,heldout,7914
7919,heldout,7919
7922,heldout,7922
7938,heldout,7938
7946,heldout,7946
7954,heldout,7954
7958,heldout,7958
7960,heldout,7960
7961,heldout,7961
7963,heldout,7963
7964,heldout,7964
7967,heldout,7967
7968,heldout,7968
7969,heldout,7969
7971,heldout,7971
7975,heldout,7975
7978,heldout,7978
7981,heldout,7981
7990,heldout,7990
7993,heldout,7993
8004,heldout,8004
8008,heldout,8008
8015,heldout,8015
8017,heldout,8017
8022,heldout,8022
8029,heldout,8029
8034,heldout,8034
8035,heldout,8035
8036,heldout,8036
8037,heldout,8037
8039,heldout,8039
8043,heldout,8043
8044,heldout,8044
8045,heldout,8045
8053,heldout,8053
8068,heldout,8068
8070,heldout,8070
8078,heldout,8078
8082,heldout,8082
8090,heldout,8090
8099,heldout,8099
8102,heldout,8102
8110,heldout,8110
8120,heldout,8120
8122,heldout,8122
8125,heldout,8125
8128,heldout,8128
8143,heldout,8143
8150,heldout,8150
8151,heldout,8151
8161,heldout,8161
8172,heldout,8172
8179,heldout,8179
8189,heldout,8189
8190,heldout,8190
8199,heldout,8199
8208,heldout,8208
8212,heldout,8212
8215,heldout,8215
8221,heldout,8221
8223,heldout,8223
8224,heldout,8224
8225,heldout,8225
8242,heldout,8242
8243,heldout,8243
8254,heldout,8254
8255,heldout,8255
8260,heldout,8260
8272,heldout,8272
8273,heldout,8273
8278,heldout,8278
8288,heldout,8288
8296,heldout,8296
8314,heldout,8314
8319,heldout,8319
8327,heldout,8327
8328,heldout,8328
8339,heldout,8339
8352,heldout,8352
8354,heldout,8354
8358,heldout,8358
8361,heldout,8361
8366,heldout,8366
8370,heldout,8370
8373,heldout,8373
8374,heldout,8374
8386,heldout,8386
8388,heldout,8388
8402,heldout,8402
8404,heldout,8404
8407,heldout,8407
8409,heldout,8409
8410,heldout,8410
8412,heldout,8412
8417,heldout,8417
8419,heldout,8419
8423,heldout,8423
8432,heldout,8432
8446,heldout,8446
8456,heldout,8456
8462,heldout,8462
8475,heldout,8475
8477,heldout,8477
8479,heldout,8479
8484,heldout,8484
8487,heldout,8487
8489,heldout,8489
8491,heldout,8491
8498,heldout,8498
8502,heldout,8502
8504,heldout,8504
8524,heldout,8524
8544,heldout,8544
8549,heldout,8549
8557,heldout,8557
8559,heldout,8559
8561,heldout,8561
8562,heldout,8562
8564,heldout,8564
8575,heldout,8575
8578,heldout,8578
8579,heldout,8579
8583,heldout,8583
8584,heldout,8584
8585,heldout,8585
8596,heldout,8596
8599,heldout,8599
8601,heldout,8601
8607,heldout,8607
8609,heldout,8609
8610,heldout,8610
8612,heldout,8612
8616,heldout,8616
8625,heldout,8625
8627,heldout,8627
8630,heldout,8630
8634,heldout,8634
8639,heldout,8639
8640,heldout,8640
8651,heldout,8651
8657,heldout,8657
8662,heldout,8662
8663,heldout,8663
8666,heldout,8666
8668,heldout,8668
8670,heldout,8670
8682,heldout,8682
8684,heldout,8684
8696,heldout,8696
8717,heldout,8717
8719,heldout,8719
8735,heldout,8735
8736,heldout,8736
8745,heldout,8745
8750,heldout,8750
8751,heldout,8751
8754,heldout,8754
8757,heldout,8757
8758,heldout,8758
8759,heldout,8759
8762,heldout,8762
8763,heldout,8763
8766,heldout,8766
8769,heldout,8769
8773,heldout,8773
8779,heldout,8779
8783,heldout,8783
8784,heldout,8784
8787,heldout,8787
8810,heldout,8810
8813,heldout,8813
8814,heldout,8814
8821,heldout,8821
8840,heldout,8840
8843,heldout,8843
8847,heldout,8847
8862,heldout,8862
8863,heldout,8863
8864,heldout,8864
8869,heldout,8869
8870,heldout,8870
8871,heldout,8871
8876,heldout,8876
8881,heldout,8881
8882,heldout,8882
8891,heldout,8891
8892,heldout,8892
8895,heldout,8895
8909,heldout,8909
8919,heldout,8919
8921,heldout,8921
8923,heldout,8923
8924,heldout,8924
8927,heldout,8927
8931,heldout,8931
8933,heldout,8933
8939,heldout,8939
8953,heldout,8953
8960,heldout,8960
8961,heldout,8961
8969,heldout,8969
8971,heldout,8971
8973,heldout,8973
8976,heldout,8976
8978,heldout,8978
8982,heldout,8982
8983,heldout,8983
8991,heldout,8991
8992,heldout,8992
8993,heldout,8993
8998,heldout,8998
8999,heldout,8999
9001,heldout,9001
9002,heldout,9002
9004,heldout,9004
9007,heldout,9007
9009,heldout,9009
9022,heldout,9022
9026,heldout,9026
9027,heldout,9027
9032,heldout,9032
9036,heldout,9036
9051,heldout,9051
9053,heldout,9053
9060,heldout,9060
9061,heldout,9061
9068,heldout,9068
9074,heldout,9074
9087,heldout,9087
9090,heldout,9090
9091,heldout,9091
9095,heldout,9095
9096,heldout,9096
9097,heldout,9097
9098,heldout,9098
9100,heldout,9100
9105,heldout,9105
9114,heldout,9114
9116,heldout,9116
9117,heldout,9117
9119,heldout,9119
9120,heldout,9120
9125,heldout,9125
9134,heldout,9134
9135,heldout,9135
9138,heldout,9138
9139,heldout,9139
9143,heldout,9143
9145,heldout,9145
9147,heldout,9147
9150,heldout,9150
9151,heldout,9151
9156,heldout,9156
9161,heldout,9161
9163,heldout,9163
9165,heldout,9165
9171,heldout,9171
9178,heldout,9178
9184,heldout,9184
9190,heldout,9190
9205,heldout,9205
9210,heldout,9210
9213,heldout,9213
9217,heldout,9217
9218,heldout,9218
9229,heldout,9229
9234,heldout,9234
9235,heldout,9235
9236,heldout,9236
9246,heldout,9246
9251,heldout,9251
9252,heldout,9252
9254,heldout,9254
9256,heldout,9256
9259,heldout,9259
9267,heldout,9267
9277,heldout,9277
9281,heldout,9281
9283,heldout,9283
9284,heldout,9284
9286,heldout,9286
9297,heldout,9297
9302,heldout,9302
9305,heldout,9305
9315,heldout,9315
9331,heldout,9331
9333,heldout,9333
9335,heldout,9335
9343,heldout,9343
9346,heldout,9346
9347,heldout,9347
9349,heldout,9349
9350,heldout,9350
9353,heldout,9353
9355,heldout,9355
9372,heldout,9372
9374,heldout,9374
9378,heldout,9378
9393,heldout,9393
9394,heldout,9394
9399,heldout,9399
9402,heldout,9402
9405,heldout,9405
9417,heldout,9417
9420,heldout,9420
9421,heldout,9421
9426,heldout,9426
9438,heldout,9438
9442,heldout,9442
9462,heldout,9462
9469,heldout,9469
9470,heldout,9470
9472,heldout,9472
9477,heldout,9477
9492,heldout,9492
9498,heldout,9498
9504,heldout,9504
9505,heldout,9505
9507,heldout,9507
9508,heldout,9508
9510,heldout,9510
9521,heldout,9521
9523,heldout,9523
9537,heldout,9537
9543,heldout,9543
9544,heldout,9544
9546,heldout,9546
9550,heldout,9550
9563,heldout,9563
9565,heldout,9565
9569,heldout,9569
9576,heldout,9576
9580,heldout,9580
9581,heldout,9581
9584,heldout,9584
9590,heldout,9590
9592,heldout,9592
9595,heldout,9595
9596,heldout,9596
9602,heldout,9602
9605,heldout,9605
9607,heldout,9607
9608,heldout,9608
9613,heldout,9613
9615,heldout,9615
9630,heldout,9630
9634,heldout,9634
9667,heldout,9667
9669,heldout,9669
9671,heldout,9671
9673,heldout,9673
9674,heldout,9674
9678,heldout,9678
9680,heldout,9680
9682,heldout,9682
9686,heldout,9686
9696,heldout,9696
9697,heldout,9697
9703,heldout,9703
9706,heldout,9706
9717,heldout,9717
9725,heldout,9725
9735,heldout,9735
9738,heldout,9738
9740,heldout,9740
9747,heldout,9747
9751,heldout,9751
9752,heldout,9752
9755,heldout,9755
9758,heldout,9758
9759,heldout,9759
9760,heldout,9760
9769,heldout,9769
9771,heldout,9771
9773,heldout,9773
9777,heldout,9777
9788,heldout,9788
9790,heldout,9790
9791,heldout,9791
9798,heldout,9798
9803,heldout,9803
9805,heldout,9805
9809,heldout,9809
9811,heldout,9811
9822,heldout,9822
9845,heldout,9845
9850,heldout,9850
9851,heldout,9851
9855,heldout,9855
9857,heldout,9857
9859,heldout,9859
9873,heldout,9873
9874,heldout,9874
9875,heldout,9875
9878,heldout,9878
9879,heldout,9879
9884,heldout,9884
9886,heldout,9886
9897,heldout,9897
9901,heldout,9901
9914,heldout,9914
9916,heldout,9916
9917,heldout,9917
9921,heldout,9921
9923,heldout,9923
9924,heldout,9924
9929,heldout,9929
9932,heldout,9932
9933,heldout,9933
9951,heldout,9951
9952,heldout,9952
9953,heldout,9953
9956,heldout,9956
9967,heldout,9967
9971,heldout,9971
9980,heldout,9980
9981,heldout,9981
9983,heldout,9983
9984,heldout,9984
9987,heldout,9987
9998,heldout,9998
10003,heldout,10003
10014,heldout,10014
10028,heldout,10028
10043,heldout,10043
10044,heldout,10044
10052,heldout,10052
10058,heldout,10058
10059,heldout,10059
10070,heldout,10070
10072,heldout,10072
10074,heldout,10074
10084,heldout,10084
10093,heldout,10093
10096,heldout,10096
10097,heldout,10097
10104,heldout,10104
10113,heldout,10113
10114,heldout,10114
10117,heldout,10117
10121,heldout,10121
10122,heldout,10122
10125,heldout,10125
10133,heldout,10133
10137,heldout,10137
10138,heldout,10138
10139,heldout,10139
10141,heldout,10141
10154,heldout,10154
10158,heldout,10158
10159,heldout,10159
10163,heldout,10163
10167,heldout,10167
10171,heldout,10171
10173,heldout,10173
10177,heldout,10177
10191,heldout,10191
10195,heldout,10195
10200,heldout,10200
10201,heldout,10201
10205,heldout,10205
10207,heldout,10207
10209,heldout,10209
10211,heldout,10211
10212,heldout,10212
10213,heldout,10213
10214,heldout,10214
10215,heldout,10215
10218,heldout,10218
10222,heldout,10222
10226,heldout,10226
10227,heldout,10227
10229,heldout,10229
10234,heldout,10234
10239,heldout,10239
10243,heldout,10243
10248,heldout,10248
10253,heldout,10253
10255,heldout,10255
10256,heldout,10256
10257,heldout,10257
10258,heldout,10258
10260,heldout,10260
10265,heldout,10265
10273,heldout,10273
10279,heldout,10279
10281,heldout,10281
10287,heldout,10287
10289,heldout,10289
10291,heldout,10291
10294,heldout,10294
10300,heldout,10300
10301,heldout,10301
10302,heldout,10302
10306,heldout,10306
10318,heldout,10318
10321,heldout,10321
10323,heldout,10323
10327,heldout,10327
10334,heldout,10334
10344,heldout,10344
10357,heldout,10357
10365,heldout,10365
10371,heldout,10371
10374,heldout,10374
10376,heldout,10376
10380,heldout,10380
10387,heldout,10387
10389,heldout,10389
10394,heldout,10394
10396,heldout,10396
10398,heldout,10398
10400,heldout,10400
10407,heldout,10407
10417,heldout,10417
10425,heldout,10425
10434,heldout,10434
10442,heldout,10442
10450,heldout,10450
10456,heldout,10456
10461,heldout,10461
10469,heldout,10469
10498,heldout,10498
10502,heldout,10502
10510,heldout,10510
10511,heldout,10511
10521,heldout,10521
10522,heldout,10522
10524,heldout,10524
10535,heldout,10535
10538,heldout,10538
10540,heldout,10540
10545,heldout,10545
10546,heldout,10546
10548,heldout,10548
10550,heldout,10550
10551,heldout,10551
10561,heldout,10561
10565,heldout,10565
10566,heldout,10566
10584,heldout,10584
10585,heldout,10585
10588,heldout,10588
10591,heldout,10591
10595,heldout,10595
10600,heldout,10600
10626,heldout,10626
10636,heldout,10636
10638,heldout,10638
10652,heldout,10652
10653,heldout,10653
10661,heldout,10661
10667,heldout,10667
10680,heldout,10680
10684,heldout,10684
10693,heldout,10693
10694,heldout,10694
10695,heldout,10695
10696,heldout,10696
10705,heldout,10705
10712,heldout,10712
10720,heldout,10720
10721,heldout,10721
10727,heldout,10727
10729,heldout,10729
10734,heldout,10734
10735,heldout,10735
10737,heldout,10737
10743,heldout,10743
10746,heldout,10746
10752,heldout,10752
10756,heldout,10756
10758,heldout,10758
10771,heldout,10771
10773,heldout,10773
10778,heldout,10778
10779,heldout,10779
10786,heldout,10786
10796,heldout,10796
10797,heldout,10797
10798,heldout,10798
10799,heldout,10799
10812,heldout,10812
10814,heldout,10814
10818,heldout,10818
10819,heldout,10819
10828,heldout,10828
10831,heldout,10831
10842,heldout,10842
10850,heldout,10850
10853,heldout,10853
10861,heldout,10861
10862,heldout,10862
10872,heldout,10872
10873,heldout,10873
10875,heldout,10875
10876,heldout,10876
10882,heldout,10882
10886,heldout,10886
10890,heldout,10890
10898,heldout,10898
10903,heldout,10903
10906,heldout,10906
10909,heldout,10909
10917,heldout,10917
10923,heldout,10923
10928,heldout,10928
10929,heldout,10929
10943,heldout,10943
10946,heldout,10946
10949,heldout,10949
10951,heldout,10951
10956,heldout,10956
10958,heldout,10958
10961,heldout,10961
10966,heldout,10966
10976,heldout,10976
10977,heldout,10977
10982,heldout,10982
10988,heldout,10988
10991,heldout,10991
11002,heldout,11002
11008,heldout,11008
11009,heldout,11009
11012,heldout,11012
11018,heldout,11018
11022,heldout,11022
11028,heldout,11028
11035,heldout,11035
11039,heldout,11039
11044,heldout,11044
11045,heldout,11045
11053,heldout,11053
11057,heldout,11057
11067,heldout,11067
11068,heldout,11068
11069,heldout,11069
11076,heldout,11076
11094,heldout,11094
11097,heldout,11097
11103,heldout,11103
11104,heldout,11104
11114,heldout,11114
11121,heldout,11121
11124,heldout,11124
11129,heldout,11129
11132,heldout,11132
11150,heldout,11150
11154,heldout,11154
11163,heldout,11163
11168,heldout,11168
11173,heldout,11173
11175,heldout,11175
11186,heldout,11186
11193,heldout,11193
11196,heldout,11196
11200,heldout,11200
11208,heldout,11208
11210,heldout,11210
11211,heldout,11211
11216,heldout,11216
11226,heldout,11226
11237,heldout,11237
11242,heldout,11242
11244,heldout,11244
11248,heldout,11248
11271,heldout,11271
11274,heldout,11274
11275,heldout,11275
11278,heldout,11278
11283,heldout,11283
11285,heldout,11285
11287,heldout,11287
11290,heldout,11290
11291,heldout,11291
11305,heldout,11305
11306,heldout,11306
11316,heldout,11316
11321,heldout,11321
11322,heldout,11322
11327,heldout,11327
11335,heldout,11335
11340,heldout,11340
11353,heldout,11353
11360,heldout,11360
11367,heldout,11367
11372,heldout,11372
11382,heldout,11382
11389,heldout,11389
11390,heldout,11390
11401,heldout,11401
11411,heldout,11411
11426,heldout,11426
11442,heldout,11442
11445,heldout,11445
11459,heldout,11459
11460,heldout,11460
11464,heldout,11464
11465,heldout,11465
11466,heldout,11466
11469,heldout,11469
11475,heldout,11475
11477,heldout,11477
11486,heldout,11486
11491,heldout,11491
11505,heldout,11505
11511,heldout,11511
11520,heldout,11520
11521,heldout,11521
11524,heldout,11524
11529,heldout,11529
11535,heldout,11535
11536,heldout,11536
11537,heldout,11537
11540,heldout,11540
11542,heldout,11542
11543,heldout,11543
11546,heldout,11546
11557,heldout,11557
11565,heldout,11565
11571,heldout,11571
11574,heldout,11574
11578,heldout,11578
11581,heldout,11581
11582,heldout,11582
11599,heldout,11599
11601,heldout,11601
11610,heldout,11610
11615,heldout,11615
11620,heldout,11620
11621,heldout,11621
11631,heldout,11631
11633,heldout,11633
11638,heldout,11638
11639,heldout,11639
11655,heldout,11655
11657,heldout,11657
11658,heldout,11658
11662,heldout,11662
11665,heldout,11665
11672,heldout,11672
11680,heldout,11680
11682,heldout,11682
11688,heldout,11688
11690,heldout,11690
11691,heldout,11691
11692,heldout,11692
11698,heldout,11698
11702,heldout,11702
11708,heldout,11708
11714,heldout,11714
11715,heldout,11715
11725,heldout,11725
11728,heldout,11728
11729,heldout,11729
11737,heldout,11737
11739,heldout,11739
11746,heldout,11746
11753,heldout,11753
11762,heldout,11762
11763,heldout,11763
11764,heldout,11764
11767,heldout,11767
11780,heldout,11780
11782,heldout,11782
11785,heldout,11785
11793,heldout,11793
11795,heldout,11795
11804,heldout,11804
11806,heldout,11806
11817,heldout,11817
11821,heldout,11821
11824,heldout,11824
11826,heldout,11826
11827,heldout,11827
11829,heldout,11829
11833,heldout,11833
11837,heldout,11837
11840,heldout,11840
11841,heldout,11841
11843,heldout,11843
11849,heldout,11849
11857,heldout,11857
11872,heldout,11872
11875,heldout,11875
11884,heldout,11884
11893,heldout,11893
11894,heldout,11894
11895,heldout,11895
11903,heldout,11903
11907,heldout,11907
11909,heldout,11909
11910,heldout,11910
11913,heldout,11913
11921,heldout,11921
11923,heldout,11923
11926,heldout,11926
11932,heldout,11932
11944,heldout,11944
11946,heldout,11946
11955,heldout,11955
11964,heldout,11964
11971,heldout,11971
11973,heldout,11973
11986,heldout,11986
11994,heldout,11994
12002,heldout,12002
12004,heldout,12004
12006,heldout,12006
12010,heldout,12010
12031,heldout,12031
12036,heldout,12036
12040,heldout,12040
12041,heldout,12041
12054,heldout,12054
12059,heldout,12059
12060,heldout,12060
12064,heldout,12064
12068,heldout,12068
12069,heldout,12069
12072,heldout,12072
12081,heldout,12081
12089,heldout,12089
12091,heldout,12091
12093,heldout,12093
12097,heldout,12097
12102,heldout,12102
12103,heldout,12103
12107,heldout,12107
12109,heldout,12109
12110,heldout,12110
12115,heldout,12115
12127,heldout,12127
12133,heldout,12133
12135,heldout,12135
12136,heldout,12136
12137,heldout,12137
12151,heldout,12151
12155,heldout,12155
12156,heldout,12156
12164,heldout,12164
12196,heldout,12196
12197,heldout,12197
12201,heldout,12201
12204,heldout,12204
12209,heldout,12209
12220,heldout,12220
12232,heldout,12232
12236,heldout,12236
12240,heldout,12240
12243,heldout,12243
12244,heldout,12244
12255,heldout,12255
12263,heldout,12263
12266,heldout,12266
12274,heldout,12274
12279,heldout,12279
12286,heldout,12286
12289,heldout,12289
12297,heldout,12297
12300,heldout,12300
12315,heldout,12315
12318,heldout,12318
12322,heldout,12322
12331,heldout,12331
12333,heldout,12333
12335,heldout,12335
12339,heldout,12339
12341,heldout,12341
12353,heldout,12353
12364,heldout,12364
12372,heldout,12372
12377,heldout,12377
12386,heldout,12386
12389,heldout,12389
12397,heldout,12397
12400,heldout,12400
12407,heldout,12407
12412,heldout,12412
12413,heldout,12413
12414,heldout,12414
12415,heldout,12415
12417,heldout,12417
12420,heldout,12420
12425,heldout,12425
12426,heldout,12426
12429,heldout,12429
12434,heldout,12434
12438,heldout,12438
12439,heldout,12439
12440,heldout,12440
12444,heldout,12444
12447,heldout,12447
12449,heldout,12449
12450,heldout,12450
12456,heldout,12456
12463,heldout,12463
12472,heldout,12472
12474,heldout,12474
12483,heldout,12483
12484,heldout,12484
12486,heldout,12486
12488,heldout,12488
12490,heldout,12490
12495,heldout,12495
12496,heldout,12496
12499,heldout,12499
12503,heldout,12503
12508,heldout,12508
12520,heldout,12520
12524,heldout,12524
12525,heldout,12525
12529,heldout,12529
12531,heldout,12531
12544,heldout,12544
12552,heldout,12552
12553,heldout,12553
12555,heldout,12555
12564,heldout,12564
12567,heldout,12567
12570,heldout,12570
12577,heldout,12577
12580,heldout,12580
12582,heldout,12582
12585,heldout,12585
12588,heldout,12588
12591,heldout,12591
12595,heldout,12595
12601,heldout,12601
12604,heldout,12604
12609,heldout,12609
12616,heldout,12616
12629,heldout,12629
12647,heldout,12647
12652,heldout,12652
12653,heldout,12653
12662,heldout,12662
12664,heldout,12664
12665,heldout,12665
12669,heldout,12669
12673,heldout,12673
12674,heldout,12674
12675,heldout,12675
12676,heldout,12676
12686,heldout,12686
12687,heldout,12687
12694,heldout,12694
12698,heldout,12698
12715,heldout,12715
12716,heldout,12716
12718,heldout,12718
12721,heldout,12721
12731,heldout,12731
12734,heldout,12734
12746,heldout,12746
12761,heldout,12761
12765,heldout,12765
12780,heldout,12780
12788,heldout,12788
12803,heldout,12803
12818,heldout,12818
12824,heldout,12824
12828,heldout,12828
12830,heldout,12830
12834,heldout,12834
12837,heldout,12837
12838,heldout,12838
12840,heldout,12840
12844,heldout,12844
12848,heldout,12848
12851,heldout,12851
12855,heldout,12855
12857,heldout,12857
12865,heldout,12865
12873,heldout,12873
12876,heldout,12876
12877,heldout,12877
12891,heldout,12891
12894,heldout,12894
12895,heldout,12895
12904,heldout,12904
12906,heldout,12906
12907,heldout,12907
12910,heldout,12910
12911,heldout,12911
12914,heldout,12914
12919,heldout,12919
12935,heldout,12935
12936,heldout,12936
12943,heldout,12943
12946,heldout,12946
12952,heldout,12952
12957,heldout,12957
12983,heldout,12983
12985,heldout,12985
12986,heldout,12986
12987,heldout,12987
13001,heldout,13001
13005,heldout,13005
13014,heldout,13014
13025,heldout,13025
13037,heldout,13037
13041,heldout,13041
13052,heldout,13052
13056,heldout,13056
13057,heldout,13057
13061,heldout,13061
13065,heldout,13065
13071,heldout,13071
13077,heldout,13077
13080,heldout,13080
13091,heldout,13091
13093,heldout,13093
13097,heldout,13097
13099,heldout,13099
13102,heldout,13102
13119,heldout,13119
13121,heldout,13121
13128,heldout,13128
13138,heldout,13138
13141,heldout,13141
13146,heldout,13146
13152,heldout,13152
13161,heldout,13161
13163,heldout,13163
13166,heldout,13166
13167,heldout,13167
13174,heldout,13174
13182,heldout,13182
13186,heldout,13186
13190,heldout,13190
13199,heldout,13199
13204,heldout,13204
13206,heldout,13206
13211,heldout,13211
13212,heldout,13212
13214,heldout,13214
13227,heldout,13227
13232,heldout,13232
13235,heldout,13235
13253,heldout,13253
13256,heldout,13256
13259,heldout,13259
13263,heldout,13263
13266,heldout,13266
13270,heldout,13270
13273,heldout,13273
13275,heldout,13275
13276,heldout,13276
13277,heldout,13277
13281,heldout,13281
13290,heldout,13290
13298,heldout,13298
13301,heldout,13301
13302,heldout,13302
13305,heldout,13305
13308,heldout,13308
13312,heldout,13312
13315,heldout,13315
13317,heldout,13317
13319,heldout,13319
13320,heldout,13320
13321,heldout,13321
13322,heldout,13322
13323,heldout,13323
13330,heldout,13330
13333,heldout,13333
13336,heldout,13336
13361,heldout,13361
13371,heldout,13371
13372,heldout,13372
13379,heldout,13379
13391,heldout,13391
13399,heldout,13399
13404,heldout,13404
13406,heldout,13406
13411,heldout,13411
13416,heldout,13416
13417,heldout,13417
13425,heldout,13425
13430,heldout,13430
13434,heldout,13434
13450,heldout,13450
13455,heldout,13455
13459,heldout,13459
13462,heldout,13462
13468,heldout,13468
13475,heldout,13475
13478,heldout,13478
13480,heldout,13480
13481,heldout,13481
13482,heldout,13482
13483,heldout,13483
13484,heldout,13484
13487,heldout,13487
13490,heldout,13490
13496,heldout,13496
13499,heldout,13499
13512,heldout,13512
13514,heldout,13514
13516,heldout,13516
13517,heldout,13517
13526,heldout,13526
13528,heldout,13528
13529,heldout,13529
13533,heldout,13533
13538,heldout,13538
13540,heldout,13540
13542,heldout,13542
13546,heldout,13546
13548,heldout,13548
13557,heldout,13557
13565,heldout,13565
13566,heldout,13566
13567,heldout,13567
13570,heldout,13570
13578,heldout,13578
13585,heldout,13585
13586,heldout,13586
13588,heldout,13588
13590,heldout,13590
13591,heldout,13591
13596,heldout,13596
13597,heldout,13597
13604,heldout,13604
13606,heldout,13606
13608,heldout,13608
13612,heldout,13612
13613,heldout,13613
13621,heldout,13621
13624,heldout,13624
13631,heldout,13631
13634,heldout,13634
13640,heldout,13640
13642,heldout,13642
13649,heldout,13649
13651,heldout,13651
13653,heldout,13653
13654,heldout,13654
13674,heldout,13674
13676,heldout,13676
13694,heldout,13694
13707,heldout,13707
13721,heldout,13721
13722,heldout,13722
13723,heldout,13723
13730,heldout,13730
13734,heldout,13734
13742,heldout,13742
13750,heldout,13750
13752,heldout,13752
13753,heldout,13753
13769,heldout,13769
13770,heldout,13770
13771,heldout,13771
13772,heldout,13772
13774,heldout,13774
13779,heldout,13779
13785,heldout,13785
13788,heldout,13788
13795,heldout,13795
13808,heldout,13808
13812,heldout,13812
13813,heldout,13813
13814,heldout,13814
13816,heldout,13816
13823,heldout,13823
13828,heldout,13828
13847,heldout,13847
13860,heldout,13860
13861,heldout,13861
13873,heldout,13873
13885,heldout,13885
13886,heldout,13886
13890,heldout,13890
13892,heldout,13892
13910,heldout,13910
13912,heldout,13912
13914,heldout,13914
13920,heldout,13920
13927,heldout,13927
13928,heldout,13928
13929,heldout,13929
13934,heldout,13934
13941,heldout,13941
13946,heldout,13946
13952,heldout,13952
13955,heldout,13955
13961,heldout,13961
13962,heldout,13962
13964,heldout,13964
13966,heldout,13966
13969,heldout,13969
13971,heldout,13971
13980,heldout,13980
13995,heldout,13995
14008,heldout,14008
14010,heldout,14010
14016,heldout,14016
14018,heldout,14018
14028,heldout,14028
14031,heldout,14031
14035,heldout,14035
14050,heldout,14050
14056,heldout,14056
14060,heldout,14060
14064,heldout,14064
14066,heldout,14066
14072,heldout,14072
14075,heldout,14075
14083,heldout,14083
14099,heldout,14099
14104,heldout,14104
14112,heldout,14112
14113,heldout,14113
14117,heldout,14117
14121,heldout,14121
14128,heldout,14128
14129,heldout,14129
14130,heldout,14130
14136,heldout,14136
14137,heldout,14137
14144,heldout,14144
14146,heldout,14146
14148,heldout,14148
14151,heldout,14151
14154,heldout,14154
14158,heldout,14158
14159,heldout,14159
14166,heldout,14166
14168,heldout,14168
14172,heldout,14172
14175,heldout,14175
14186,heldout,14186
14199,heldout,14199
14203,heldout,14203
14210,heldout,14210
14215,heldout,14215
14219,heldout,14219
14227,heldout,14227
14228,heldout,14228
14235,heldout,14235
14242,heldout,14242
14245,heldout,14245
14247,heldout,14247
14248,heldout,14248
14252,heldout,14252
14261,heldout,14261
14266,heldout,14266
14268,heldout,14268
14275,heldout,14275
14281,heldout,14281
14284,heldout,14284
14298,heldout,14298
14302,heldout,14302
14305,heldout,14305
14309,heldout,14309
14313,heldout,14313
14319,heldout,14319
14323,heldout,14323
14328,heldout,14328
14333,heldout,14333
14339,heldout,14339
14345,heldout,14345
14348,heldout,14348
14349,heldout,14349
14352,heldout,14352
14357,heldout,14357
14359,heldout,14359
14362,heldout,14362
14363,heldout,14363
14375,heldout,14375
14378,heldout,14378
14379,heldout,14379
14395,heldout,14395
14396,heldout,14396
14397,heldout,14397
14403,heldout,14403
14404,heldout,14404
14415,heldout,14415
14416,heldout,14416
14419,heldout,14419
14421,heldout,14421
14428,heldout,14428
14429,heldout,14429
14431,heldout,14431
14434,heldout,14434
14436,heldout,14436
14442,heldout,14442
14446,heldout,14446
14453,heldout,14453
14454,heldout,14454
14469,heldout,14469
14470,heldout,14470
14473,heldout,14473
14480,heldout,14480
14488,heldout,14488
14493,heldout,14493
14505,heldout,14505
14509,heldout,14509
14515,heldout,14515
14518,heldout,14518
14526,heldout,14526
14531,heldout,14531
14550,heldout,14550
14551,heldout,14551
14560,heldout,14560
14561,heldout,14561
14563,heldout,14563
14564,heldout,14564
14570,heldout,14570
14574,heldout,14574
14575,heldout,14575
14576,heldout,14576
14577,heldout,14577
14586,heldout,14586
14593,heldout,14593
14600,heldout,14600
14601,heldout,14601
14607,heldout,14607
14610,heldout,14610
14620,heldout,14620
14622,heldout,14622
14625,heldout,14625
14627,heldout,14627
14629,heldout,14629
14653,heldout,14653
14663,heldout,14663
14677,heldout,14677
14693,heldout,14693
14698,heldout,14698
14699,heldout,14699
14714,heldout,14714
14719,heldout,14719
14721,heldout,14721
14725,heldout,14725
14726,heldout,14726
14735,heldout,14735
14746,heldout,14746
14748,heldout,14748
14753,heldout,14753
14759,heldout,14759
14762,heldout,14762
14765,heldout,14765
14766,heldout,14766
14770,heldout,14770
14771,heldout,14771
14783,heldout,14783
14785,heldout,14785
14786,heldout,14786
14791,heldout,14791
14803,heldout,14803
14805,heldout,14805
14806,heldout,14806
14809,heldout,14809
14810,heldout,14810
14811,heldout,14811
14812,heldout,14812
14827,heldout,14827
14834,heldout,14834
14838,heldout,14838
14841,heldout,14841
14850,heldout,14850
14851,heldout,14851
14861,heldout,14861
14864,heldout,14864
14866,heldout,14866
14868,heldout,14868
14869,heldout,14869
14870,heldout,14870
14876,heldout,14876
14887,heldout,14887
14894,heldout,14894
14899,heldout,14899
14900,heldout,14900
14903,heldout,14903
14908,heldout,14908
14911,heldout,14911
14922,heldout,14922
14923,heldout,14923
14928,heldout,14928
14937,heldout,14937
14953,heldout,14953
14958,heldout,14958
14962,heldout,14962
14974,heldout,14974
14988,heldout,14988
14997,heldout,14997
14998,heldout,14998
14999,heldout,14999
15004,heldout,15004
15007,heldout,15007
15010,heldout,15010
15018,heldout,15018
15023,heldout,15023
15026,heldout,15026
15027,heldout,15027
15035,heldout,15035
15036,heldout,15036
15037,heldout,15037
15039,heldout,15039
15055,heldout,15055
15062,heldout,15062
15064,heldout,15064
15067,heldout,15067
15070,heldout,15070
15075,heldout,15075
15087,heldout,15087
15088,heldout,15088
15090,heldout,15090
15091,heldout,15091
15094,heldout,15094
15097,heldout,15097
15103,heldout,15103
15107,heldout,15107
15110,heldout,15110
15113,heldout,15113
15116,heldout,15116
15117,heldout,15117
15120,heldout,15120
15123,heldout,15123
15127,heldout,15127
15129,heldout,15129
15130,heldout,15130
15133,heldout,15133
15134,heldout,15134
15136,heldout,15136
15138,heldout,15138
15152,heldout,15152
15158,heldout,15158
15160,heldout,15160
15168,heldout,15168
15170,heldout,15170
15176,heldout,15176
15180,heldout,15180
15184,heldout,15184
15186,heldout,15186
15199,heldout,15199
15201,heldout,15201
15204,heldout,15204
15213,heldout,15213
15214,heldout,15214
15215,heldout,15215
15222,heldout,15222
15225,heldout,15225
15236,heldout,15236
15242,heldout,15242
15247,heldout,15247
15254,heldout,15254
15261,heldout,15261
15262,heldout,15262
15279,heldout,15279
15287,heldout,15287
15289,heldout,15289
15304,heldout,15304
15305,heldout,15305
15312,heldout,15312
15317,heldout,15317
15332,heldout,15332
15335,heldout,15335
15337,heldout,15337
15341,heldout,15341
15344,heldout,15344
15345,heldout,15345
15350,heldout,15350
15353,heldout,15353
15354,heldout,15354
15355,heldout,15355
15359,heldout,15359
15362,heldout,15362
15369,heldout,15369
15370,heldout,15370
15374,heldout,15374
15379,heldout,15379
15384,heldout,15384
15386,heldout,15386
15387,heldout,15387
15391,heldout,15391
15393,heldout,15393
15394,heldout,15394
15404,heldout,15404
15412,heldout,15412
15421,heldout,15421
15423,heldout,15423
15424,heldout,15424
15426,heldout,15426
15432,heldout,15432
15434,heldout,15434
15438,heldout,15438
15439,heldout,15439
15448,heldout,15448
15453,heldout,15453
15454,heldout,15454
15456,heldout,15456
15465,heldout,15465
15472,heldout,15472
15476,heldout,15476
15494,heldout,15494
15497,heldout,15497
15500,heldout,15500
15503,heldout,15503
15511,heldout,15511
15515,heldout,15515
15516,heldout,15516
15519,heldout,15519
15522,heldout,15522
15524,heldout,15524
15529,heldout,15529
15531,heldout,15531
15534,heldout,15534
15537,heldout,15537
15538,heldout,15538
15539,heldout,15539
15544,heldout,15544
15551,heldout,15551
15563,heldout,15563
15568,heldout,15568
15584,heldout,15584
15590,heldout,15590
15591,heldout,15591
15597,heldout,15597
15601,heldout,15601
15613,heldout,15613
15616,heldout,15616
15618,heldout,15618
15627,heldout,15627
15633,heldout,15633
15639,heldout,15639
15640,heldout,15640
15642,heldout,15642
15643,heldout,15643
15644,heldout,15644
15649,heldout,15649
15650,heldout,15650
15652,heldout,15652
15654,heldout,15654
15655,heldout,15655
15658,heldout,15658
15659,heldout,15659
15664,heldout,15664
15666,heldout,15666
15672,heldout,15672
15675,heldout,15675
15679,heldout,15679
15692,heldout,15692
15702,heldout,15702
15704,heldout,15704
15717,heldout,15717
15720,heldout,15720
15732,heldout,15732
15733,heldout,15733
15738,heldout,15738
15742,heldout,15742
15743,heldout,15743
15758,heldout,15758
15759,heldout,15759
15761,heldout,15761
15762,heldout,15762
15769,heldout,15769
15770,heldout,15770
15775,heldout,15775
15778,heldout,15778
15779,heldout,15779
15781,heldout,15781
15782,heldout,15782
15790,heldout,15790
15798,heldout,15798
15802,heldout,15802
15804,heldout,15804
15808,heldout,15808
15815,heldout,15815
15820,heldout,15820
15824,heldout,15824
15825,heldout,15825
15828,heldout,15828
15831,heldout,15831
15837,heldout,15837
15839,heldout,15839
15841,heldout,15841
15845,heldout,15845
15851,heldout,15851
15856,heldout,15856
15865,heldout,15865
15871,heldout,15871
15872,heldout,15872
15878,heldout,15878
15880,heldout,15880
15881,heldout,15881
15886,heldout,15886
15890,heldout,15890
15894,heldout,15894
15895,heldout,15895
15897,heldout,15897
15898,heldout,15898
15899,heldout,15899
15906,heldout,15906
15907,heldout,15907
15915,heldout,15915
15921,heldout,15921
15929,heldout,15929
15930,heldout,15930
15931,heldout,15931
15932,heldout,15932
15933,heldout,15933
15934,heldout,15934
15943,heldout,15943
15953,heldout,15953
15965,heldout,15965
15966,heldout,15966
15970,heldout,15970
15985,heldout,15985
15990,heldout,15990
15993,heldout,15993
15995,heldout,15995
15997,heldout,15997
16001,heldout,16001
16009,heldout,16009
16013,heldout,16013
16014,heldout,16014
16016,heldout,16016
16021,heldout,16021
16027,heldout,16027
16035,heldout,16035
16041,heldout,16041
16043,heldout,16043
16045,heldout,16045
16060,heldout,16060
16064,heldout,16064
16065,heldout,16065
16068,heldout,16068
16071,heldout,16071
16081,heldout,16081
16097,heldout,16097
16104,heldout,16104
16109,heldout,16109
16110,heldout,16110
16112,heldout,16112
16113,heldout,16113
16126,heldout,16126
16128,heldout,16128
16132,heldout,16132
16133,heldout,16133
16149,heldout,16149
16156,heldout,16156
16157,heldout,16157
16159,heldout,16159
16163,heldout,16163
16164,heldout,16164
16167,heldout,16167
16171,heldout,16171
16174,heldout,16174
16189,heldout,16189
16191,heldout,16191
16194,heldout,16194
16195,heldout,16195
16200,heldout,16200
16214,heldout,16214
16215,heldout,16215
16217,heldout,16217
16220,heldout,16220
16222,heldout,16222
16224,heldout,16224
16235,heldout,16235
16236,heldout,16236
16248,heldout,16248
16253,heldout,16253
16256,heldout,16256
16257,heldout,16257
16263,heldout,16263
16268,heldout,16268
16270,heldout,16270
16272,heldout,16272
16274,heldout,16274
16280,heldout,16280
16282,heldout,16282
16285,heldout,16285
16292,heldout,16292
16295,heldout,16295
16298,heldout,16298
16302,heldout,16302
16305,heldout,16305
16306,heldout,16306
16310,heldout,16310
16311,heldout,16311
16312,heldout,16312
16322,heldout,16322
16326,heldout,16326
16329,heldout,16329
16347,heldout,16347
16350,heldout,16350
16359,heldout,16359
16361,heldout,16361
16366,heldout,16366
16367,heldout,16367
16368,heldout,16368
16371,heldout,16371
16372,heldout,16372
16376,heldout,16376
16381,heldout,16381
16382,heldout,16382
16383,heldout,16383
16398,heldout,16398
16404,heldout,16404
16406,heldout,16406
16408,heldout,16408
16420,heldout,16420
16422,heldout,16422
16423,heldout,16423
16424,heldout,16424
16438,heldout,16438
16448,heldout,16448
16453,heldout,16453
16456,heldout,16456
16460,heldout,16460
16470,heldout,16470
16493,heldout,16493
16494,heldout,16494
16497,heldout,16497
16502,heldout,16502
16508,heldout,16508
16510,heldout,16510
16516,heldout,16516
16519,heldout,16519
16520,heldout,16520
16524,heldout,16524
16534,heldout,16534
16542,heldout,16542
16543,heldout,16543
16545,heldout,16545
16548,heldout,16548
16553,heldout,16553
16554,heldout,16554
16555,heldout,16555
16558,heldout,16558
16559,heldout,16559
16560,heldout,16560
16582,heldout,16582
16587,heldout,16587
16590,heldout,16590
16592,heldout,16592
16594,heldout,16594
16595,heldout,16595
16596,heldout,16596
16597,heldout,16597
16598,heldout,16598
16601,heldout,16601
16612,heldout,16612
16613,heldout,16613
16615,heldout,16615
16616,heldout,16616
16617,heldout,16617
16619,heldout,16619
16631,heldout,16631
16638,heldout,16638
16640,heldout,16640
16644,heldout,16644
16649,heldout,16649
16650,heldout,16650
16654,heldout,16654
16655,heldout,16655
16667,heldout,16667
16672,heldout,16672
16676,heldout,16676
16681,heldout,16681
16682,heldout,16682
16684,heldout,16684
16690,heldout,16690
16693,heldout,16693
16697,heldout,16697
16698,heldout,16698
16703,heldout,16703
16717,heldout,16717
16732,heldout,16732
16752,heldout,16752
16753,heldout,16753
16755,heldout,16755
16760,heldout,16760
16762,heldout,16762
16768,heldout,16768
16770,heldout,16770
16780,heldout,16780
16781,heldout,16781
16782,heldout,16782
16791,heldout,16791
16802,heldout,16802
16813,heldout,16813
16824,heldout,16824
16837,heldout,16837
16838,heldout,16838
16840,heldout,16840
16842,heldout,16842
16845,heldout,16845
16847,heldout,16847
16866,heldout,16866
16868,heldout,16868
16869,heldout,16869
16870,heldout,16870
16877,heldout,16877
16882,heldout,16882
16885,heldout,16885
16887,heldout,16887
16889,heldout,16889
16891,heldout,16891
16893,heldout,16893
16901,heldout,16901
16913,heldout,16913
16928,heldout,16928
16931,heldout,16931
16941,heldout,16941
16950,heldout,16950
16951,heldout,16951
16952,heldout,16952
16977,heldout,16977
16984,heldout,16984
16986,heldout,16986
16987,heldout,16987
16991,heldout,16991
16992,heldout,16992
16998,heldout,16998
16999,heldout,16999
17002,heldout,17002
17004,heldout,17004
17006,heldout,17006
17008,heldout,17008
17011,heldout,17011
17016,heldout,17016
17027,heldout,17027
17029,heldout,17029
17030,heldout,17030
17032,heldout,17032
17033,heldout,17033
17048,heldout,17048
17052,heldout,17052
17062,heldout,17062
17069,heldout,17069
17084,heldout,17084
17086,heldout,17086
17087,heldout,17087
17092,heldout,17092
17098,heldout,17098
17103,heldout,17103
17104,heldout,17104
17110,heldout,17110
17118,heldout,17118
17120,heldout,17120
17128,heldout,17128
17130,heldout,17130
17133,heldout,17133
17139,heldout,17139
17146,heldout,17146
17154,heldout,17154
17162,heldout,17162
17163,heldout,17163
17166,heldout,17166
17167,heldout,17167
17173,heldout,17173
17183,heldout,17183
17187,heldout,17187
17190,heldout,17190
17196,heldout,17196
17199,heldout,17199
17200,heldout,17200
17204,heldout,17204
17210,heldout,17210
17212,heldout,17212
17214,heldout,17214
17217,heldout,17217
17220,heldout,17220
17221,heldout,17221
17227,heldout,17227
17250,heldout,17250
17255,heldout,17255
17258,heldout,17258
17259,heldout,17259
17268,heldout,17268
17273,heldout,17273
17275,heldout,17275
17278,heldout,17278
17279,heldout,17279
17284,heldout,17284
17294,heldout,17294
17313,heldout,17313
17314,heldout,17314
17315,heldout,17315
17320,heldout,17320
17322,heldout,17322
17324,heldout,17324
17325,heldout,17325
17326,heldout,17326
17327,heldout,17327
17331,heldout,17331
17333,heldout,17333
17336,heldout,17336
17342,heldout,17342
17344,heldout,17344
17345,heldout,17345
17349,heldout,17349
17353,heldout,17353
17354,heldout,17354
17362,heldout,17362
17370,heldout,17370
17376,heldout,17376
17379,heldout,17379
17401,heldout,17401
17403,heldout,17403
17413,heldout,17413
17416,heldout,17416
17417,heldout,17417
17424,heldout,17424
17425,heldout,17425
17429,heldout,17429
17431,heldout,17431
17451,heldout,17451
17454,heldout,17454
17455,heldout,17455
17461,heldout,17461
17476,heldout,17476
17477,heldout,17477
17487,heldout,17487
17493,heldout,17493
17504,heldout,17504
17518,heldout,17518
17521,heldout,17521
17531,heldout,17531
17541,heldout,17541
17545,heldout,17545
17546,heldout,17546
17549,heldout,17549
17558,heldout,17558
17560,heldout,17560
17561,heldout,17561
17562,heldout,17562
17572,heldout,17572
17573,heldout,17573
17576,heldout,17576
17583,heldout,17583
17587,heldout,17587
17597,heldout,17597
17598,heldout,17598
17601,heldout,17601
17607,heldout,17607
17611,heldout,17611
17623,heldout,17623
17624,heldout,17624
17631,heldout,17631
17641,heldout,17641
17642,heldout,17642
17645,heldout,17645
17650,heldout,17650
17652,heldout,17652
17654,heldout,17654
17661,heldout,17661
17664,heldout,17664
17671,heldout,17671
17679,heldout,17679
17688,heldout,17688
17693,heldout,17693
17694,heldout,17694
17696,heldout,17696
17706,heldout,17706
17707,heldout,17707
17711,heldout,17711
17715,heldout,17715
17716,heldout,17716
17720,heldout,17720
17725,heldout,17725
17730,heldout,17730
17735,heldout,17735
17736,heldout,17736
17737,heldout,17737
17746,heldout,17746
17750,heldout,17750
17751,heldout,17751
17754,heldout,17754
17759,heldout,17759
17769,heldout,17769
17775,heldout,17775
17778,heldout,17778
17784,heldout,17784
17787,heldout,17787
17788,heldout,17788
17790,heldout,17790
17792,heldout,17792
17793,heldout,17793
17794,heldout,17794
17806,heldout,17806
17813,heldout,17813
17817,heldout,17817
17825,heldout,17825
17833,heldout,17833
17836,heldout,17836
17838,heldout,17838
17865,heldout,17865
17866,heldout,17866
17871,heldout,17871
17885,heldout,17885
17887,heldout,17887
17895,heldout,17895
17906,heldout,17906
17907,heldout,17907
17910,heldout,17910
17911,heldout,17911
17912,heldout,17912
17918,heldout,17918
17922,heldout,17922
17927,heldout,17927
17933,heldout,17933
17937,heldout,17937
17942,heldout,17942
17943,heldout,17943
17945,heldout,17945
17946,heldout,17946
17950,heldout,17950
17952,heldout,17952
17961,heldout,17961
17969,heldout,17969
17971,heldout,17971
17975,heldout,17975
17982,heldout,17982
17983,heldout,17983
17984,heldout,17984
17993,heldout,17993
17997,heldout,17997
18005,heldout,18005
18008,heldout,18008
18012,heldout,18012
18013,heldout,18013
18017,heldout,18017
18019,heldout,18019
18020,heldout,18020
18021,heldout,18021
18025,heldout,18025
18033,heldout,18033
18036,heldout,18036
18037,heldout,18037
18038,heldout,18038
18040,heldout,18040
18044,heldout,18044
18048,heldout,18048
18056,heldout,18056
18060,heldout,18060
18064,heldout,18064
18070,heldout,18070
18071,heldout,18071
18077,heldout,18077
18085,heldout,18085
18099,heldout,18099
18104,heldout,18104
18106,heldout,18106
18124,heldout,18124
18127,heldout,18127
18131,heldout,18131
18134,heldout,18134
18135,heldout,18135
18139,heldout,18139
18142,heldout,18142
18146,heldout,18146
18149,heldout,18149
18156,heldout,18156
18157,heldout,18157
18159,heldout,18159
18166,heldout,18166
18168,heldout,18168
18176,heldout,18176
18177,heldout,18177
18180,heldout,18180
18182,heldout,18182
18184,heldout,18184
18191,heldout,18191
18195,heldout,18195
18198,heldout,18198
18201,heldout,18201
18208,heldout,18208
18211,heldout,18211
18217,heldout,18217
18218,heldout,18218
18231,heldout,18231
18238,heldout,18238
18245,heldout,18245
18246,heldout,18246
18254,heldout,18254
18256,heldout,18256
18260,heldout,18260
18263,heldout,18263
18264,heldout,18264
18269,heldout,18269
18274,heldout,18274
18277,heldout,18277
18278,heldout,18278
18284,heldout,18284
18302,heldout,18302
18307,heldout,18307
18308,heldout,18308
18313,heldout,18313
18325,heldout,18325
18327,heldout,18327
18328,heldout,18328
18339,heldout,18339
18346,heldout,18346
18349,heldout,18349
