dataset_index,partition,sample_id
0,train,cub:2
1,train,cub:4
2,train,cub:5
3,train,cub:7
6,train,cub:11
7,train,cub:15
8,train,cub:18
9,train,cub:20
10,train,cub:21
11,train,cub:23
12,train,cub:30
13,train,cub:31
15,train,cub:35
16,train,cub:36
17,train,cub:37
18,train,cub:40
19,train,cub:41
20,train,cub:42
21,train,cub:43
22,train,cub:46
23,train,cub:49
24,train,cub:51
27,train,cub:56
28,train,cub:58
30,train,cub:62
31,train,cub:64
32,train,cub:66
33,train,cub:67
34,train,cub:69
36,train,cub:73
38,train,cub:75
39,train,cub:77
40,train,cub:78
41,train,cub:80
42,train,cub:81
43,train,cub:84
44,train,cub:86
45,train,cub:89
48,train,cub:99
49,train,cub:102
50,train,cub:104
51,train,cub:105
53,train,cub:110
54,train,cub:111
55,train,cub:113
56,train,cub:115
57,train,cub:116
58,train,cub:117
60,train,cub:121
61,train,cub:122
63,train,cub:124
65,train,cub:127
66,train,cub:128
67,train,cub:131
68,train,cub:136
69,train,cub:137
70,train,cub:138
71,train,cub:140
72,train,cub:141
73,train,cub:142
74,train,cub:143
75,train,cub:145
77,train,cub:151
78,train,cub:152
79,train,cub:153
80,train,cub:158
81,train,cub:159
82,train,cub:160
83,train,cub:164
84,train,cub:166
85,train,cub:168
86,train,cub:172
90,train,cub:181
91,train,cub:182
92,train,cub:184
93,train,cub:187
94,train,cub:188
95,train,cub:189
97,train,cub:195
98,train,cub:196
99,train,cub:197
101,train,cub:203
102,train,cub:204
104,train,cub:209
106,train,cub:215
108,train,cub:218
109,train,cub:220
110,train,cub:221
112,train,cub:224
113,train,cub:225
114,train,cub:227
115,train,cub:228
116,train,cub:230
117,train,cub:232
118,train,cub:235
119,train,cub:238
120,train,cub:241
121,train,cub:242
122,train,cub:243
123,train,cub:245
125,train,cub:248
126,train,cub:249
127,train,cub:250
128,train,cub:253
129,train,cub:254
130,train,cub:256
131,train,cub:257
132,train,cub:258
133,train,cub:261
135,train,cub:263
136,train,cub:264
137,train,cub:266
138,train,cub:267
139,train,cub:268
140,train,cub:269
141,train,cub:270
142,train,cub:272
145,train,cub:275
146,train,cub:276
148,train,cub:280
150,train,cub:283
153,train,cub:287
154,train,cub:288
155,train,cub:289
156,train,cub:290
158,train,cub:293
159,train,cub:294
160,train,cub:295
161,train,cub:296
162,train,cub:297
163,train,cub:299
164,train,cub:301
165,train,cub:302
167,train,cub:305
168,train,cub:306
169,train,cub:307
170,train,cub:310
171,train,cub:313
172,train,cub:316
173,train,cub:317
175,train,cub:319
176,train,cub:320
177,train,cub:321
179,train,cub:323
180,train,cub:324
181,train,cub:326
182,train,cub:327
183,train,cub:328
184,train,cub:331
185,train,cub:332
187,train,cub:334
188,train,cub:335
189,train,cub:336
190,train,cub:338
191,train,cub:339
192,train,cub:341
193,train,cub:342
195,train,cub:347
196,train,cub:349
197,train,cub:353
199,train,cub:358
200,train,cub:359
201,train,cub:361
202,train,cub:362
204,train,cub:366
206,train,cub:368
207,train,cub:374
209,train,cub:376
211,train,cub:378
214,train,cub:385
216,train,cub:390
217,train,cub:392
218,train,cub:393
219,train,cub:395
220,train,cub:396
221,train,cub:397
222,train,cub:398
223,train,cub:399
224,train,cub:400
225,train,cub:401
226,train,cub:402
227,train,cub:403
228,train,cub:404
229,train,cub:406
230,train,cub:409
231,train,cub:411
232,train,cub:413
233,train,cub:414
234,train,cub:415
237,train,cub:418
238,train,cub:421
239,train,cub:423
240,train,cub:426
242,train,cub:428
243,train,cub:429
246,train,cub:433
247,train,cub:436
248,train,cub:437
249,train,cub:441
250,train,cub:444
251,train,cub:446
252,train,cub:452
253,train,cub:456
254,train,cub:460
257,train,cub:465
258,train,cub:466
259,train,cub:467
261,train,cub:470
262,train,cub:471
263,train,cub:474
264,train,cub:476
265,train,cub:477
266,train,cub:478
267,train,cub:479
268,train,cub:481
269,train,cub:482
270,train,cub:484
271,train,cub:485
272,train,cub:486
273,train,cub:489
274,train,cub:490
275,train,cub:491
276,train,cub:495
277,train,cub:496
278,train,cub:497
279,train,cub:500
280,train,cub:502
281,train,cub:504
282,train,cub:505
284,train,cub:511
285,train,cub:515
286,train,cub:518
287,train,cub:520
288,train,cub:523
289,train,cub:524
291,train,cub:529
293,train,cub:531
294,train,cub:533
295,train,cub:535
298,train,cub:541
301,train,cub:545
302,train,cub:547
303,train,cub:549
304,train,cub:552
306,train,cub:555
307,train,cub:557
309,train,cub:561
310,train,cub:562
311,train,cub:564
313,train,cub:568
314,train,cub:570
315,train,cub:574
316,train,cub:575
317,train,cub:576
318,train,cub:577
320,train,cub:587
322,train,cub:591
323,train,cub:593
324,train,cub:595
325,train,cub:596
326,train,cub:598
327,train,cub:599
328,train,cub:600
329,train,cub:601
332,train,cub:607
333,train,cub:611
334,train,cub:612
335,train,cub:613
337,train,cub:617
338,train,cub:619
339,train,cub:620
340,train,cub:621
341,train,cub:625
342,train,cub:626
343,train,cub:628
344,train,cub:629
345,train,cub:630
346,train,cub:631
348,train,cub:635
349,train,cub:636
350,train,cub:639
351,train,cub:641
354,train,cub:647
355,train,cub:648
356,train,cub:652
357,train,cub:653
358,train,cub:655
359,train,cub:657
360,train,cub:660
361,train,cub:662
362,train,cub:663
364,train,cub:667
367,train,cub:670
368,train,cub:671
369,train,cub:672
370,train,cub:677
371,train,cub:678
372,train,cub:680
373,train,cub:682
374,train,cub:685
376,train,cub:691
378,train,cub:694
379,train,cub:699
380,train,cub:701
382,train,cub:706
383,train,cub:710
384,train,cub:712
385,train,cub:713
386,train,cub:715
387,train,cub:716
388,train,cub:717
389,train,cub:719
390,train,cub:720
391,train,cub:722
392,train,cub:725
393,train,cub:727
394,train,cub:729
395,train,cub:730
396,train,cub:732
397,train,cub:733
398,train,cub:734
400,train,cub:736
402,train,cub:741
405,train,cub:747
406,train,cub:748
407,train,cub:751
408,train,cub:754
409,train,cub:755
410,train,cub:756
411,train,cub:758
412,train,cub:760
413,train,cub:762
414,train,cub:768
416,train,cub:770
417,train,cub:775
418,train,cub:776
421,train,cub:781
422,train,cub:782
423,train,cub:784
424,train,cub:788
426,train,cub:790
427,train,cub:791
428,train,cub:792
429,train,cub:793
430,train,cub:794
432,train,cub:801
433,train,cub:806
435,train,cub:810
436,train,cub:812
437,train,cub:813
438,train,cub:814
439,train,cub:816
440,train,cub:818
442,train,cub:822
443,train,cub:823
444,train,cub:828
446,train,cub:833
447,train,cub:834
448,train,cub:835
449,train,cub:836
450,train,cub:841
451,train,cub:843
453,train,cub:853
455,train,cub:856
456,train,cub:857
457,train,cub:859
458,train,cub:860
459,train,cub:861
460,train,cub:862
463,train,cub:865
464,train,cub:867
465,train,cub:870
466,train,cub:871
467,train,cub:872
469,train,cub:874
470,train,cub:875
471,train,cub:877
472,train,cub:879
474,train,cub:884
475,train,cub:888
476,train,cub:889
477,train,cub:891
478,train,cub:894
479,train,cub:895
480,train,cub:898
482,train,cub:902
483,train,cub:906
485,train,cub:910
486,train,cub:912
487,train,cub:916
488,train,cub:917
491,train,cub:922
492,train,cub:923
493,train,cub:925
494,train,cub:926
495,train,cub:927
496,train,cub:928
497,train,cub:929
498,train,cub:931
499,train,cub:934
500,train,cub:935
501,train,cub:937
503,train,cub:941
504,train,cub:943
505,train,cub:946
506,train,cub:947
508,train,cub:951
509,train,cub:952
510,train,cub:954
511,train,cub:955
513,train,cub:957
514,train,cub:959
515,train,cub:960
516,train,cub:963
518,train,cub:965
519,train,cub:966
520,train,cub:967
522,train,cub:972
525,train,cub:979
526,train,cub:980
527,train,cub:981
528,train,cub:982
529,train,cub:984
530,train,cub:985
531,train,cub:986
532,train,cub:987
533,train,cub:988
535,train,cub:990
536,train,cub:991
537,train,cub:992
538,train,cub:994
539,train,cub:995
540,train,cub:1000
541,train,cub:1002
542,train,cub:1004
543,train,cub:1007
544,train,cub:1008
545,train,cub:1010
546,train,cub:1015
547,train,cub:1017
550,train,cub:1022
551,train,cub:1023
552,train,cub:1024
553,train,cub:1026
554,train,cub:1027
555,train,cub:1029
556,train,cub:1032
557,train,cub:1034
558,train,cub:1037
559,train,cub:1039
560,train,cub:1040
561,train,cub:1042
562,train,cub:1045
563,train,cub:1048
564,train,cub:1049
569,train,cub:1056
570,train,cub:1058
571,train,cub:1059
572,train,cub:1060
573,train,cub:1065
574,train,cub:1067
575,train,cub:1069
576,train,cub:1073
579,train,cub:1079
580,train,cub:1080
581,train,cub:1083
584,train,cub:1088
585,train,cub:1091
586,train,cub:1093
587,train,cub:1094
588,train,cub:1098
589,train,cub:1100
590,train,cub:1101
592,train,cub:1106
594,train,cub:1110
595,train,cub:1111
596,train,cub:1112
597,train,cub:1113
598,train,cub:1114
599,train,cub:1115
600,train,cub:1120
601,train,cub:1121
602,train,cub:1122
604,train,cub:1124
605,train,cub:1125
606,train,cub:1126
607,train,cub:1129
609,train,cub:1134
611,train,cub:1139
612,train,cub:1140
613,train,cub:1141
614,train,cub:1145
616,train,cub:1147
617,train,cub:1149
618,train,cub:1151
621,train,cub:1156
622,train,cub:1157
623,train,cub:1163
624,train,cub:1165
625,train,cub:1166
626,train,cub:1167
627,train,cub:1171
628,train,cub:1173
629,train,cub:1175
630,train,cub:1181
631,train,cub:1184
633,train,cub:1186
634,train,cub:1187
635,train,cub:1188
636,train,cub:1189
637,train,cub:1191
638,train,cub:1194
639,train,cub:1196
640,train,cub:1197
641,train,cub:1198
644,train,cub:1203
645,train,cub:1204
646,train,cub:1205
648,train,cub:1208
649,train,cub:1210
650,train,cub:1213
651,train,cub:1214
653,train,cub:1221
654,train,cub:1222
656,train,cub:1227
657,train,cub:1228
658,train,cub:1229
659,train,cub:1231
660,train,cub:1232
661,train,cub:1233
662,train,cub:1236
663,train,cub:1238
664,train,cub:1239
668,train,cub:1246
669,train,cub:1248
670,train,cub:1250
671,train,cub:1251
673,train,cub:1253
674,train,cub:1256
675,train,cub:1259
676,train,cub:1260
678,train,cub:1270
679,train,cub:1274
680,train,cub:1276
681,train,cub:1277
682,train,cub:1278
684,train,cub:1280
685,train,cub:1282
686,train,cub:1286
687,train,cub:1287
688,train,cub:1288
689,train,cub:1290
690,train,cub:1291
692,train,cub:1296
693,train,cub:1298
694,train,cub:1299
695,train,cub:1300
696,train,cub:1302
697,train,cub:1303
698,train,cub:1307
700,train,cub:1309
701,train,cub:1310
702,train,cub:1311
703,train,cub:1312
704,train,cub:1314
705,train,cub:1318
707,train,cub:1322
708,train,cub:1324
709,train,cub:1326
710,train,cub:1327
711,train,cub:1328
712,train,cub:1329
713,train,cub:1331
717,train,cub:1337
718,train,cub:1338
719,train,cub:1340
720,train,cub:1343
721,train,cub:1344
722,train,cub:1346
723,train,cub:1349
726,train,cub:1355
727,train,cub:1357
728,train,cub:1358
729,train,cub:1360
730,train,cub:1361
731,train,cub:1362
732,train,cub:1363
733,train,cub:1365
734,train,cub:1366
735,train,cub:1368
737,train,cub:1370
741,train,cub:1378
742,train,cub:1380
743,train,cub:1381
744,train,cub:1383
745,train,cub:1384
746,train,cub:1389
747,train,cub:1398
748,train,cub:1401
749,train,cub:1402
751,train,cub:1404
752,train,cub:1405
753,train,cub:1406
754,train,cub:1407
756,train,cub:1414
757,train,cub:1415
761,train,cub:1426
762,train,cub:1428
763,train,cub:1429
764,train,cub:1436
765,train,cub:1438
766,train,cub:1439
767,train,cub:1440
768,train,cub:1441
769,train,cub:1444
770,train,cub:1445
771,train,cub:1447
772,train,cub:1452
773,train,cub:1453
774,train,cub:1455
776,train,cub:1458
777,train,cub:1459
778,train,cub:1460
779,train,cub:1461
780,train,cub:1464
782,train,cub:1466
783,train,cub:1468
784,train,cub:1469
785,train,cub:1470
787,train,cub:1474
788,train,cub:1475
789,train,cub:1476
790,train,cub:1484
791,train,cub:1486
793,train,cub:1489
795,train,cub:1493
796,train,cub:1499
797,train,cub:1500
799,train,cub:1504
800,train,cub:1505
801,train,cub:1508
802,train,cub:1509
803,train,cub:1510
804,train,cub:1511
805,train,cub:1512
806,train,cub:1514
808,train,cub:1516
809,train,cub:1519
810,train,cub:1523
811,train,cub:1527
812,train,cub:1528
813,train,cub:1530
814,train,cub:1532
815,train,cub:1533
816,train,cub:1535
817,train,cub:1537
818,train,cub:1540
822,train,cub:1547
824,train,cub:1549
825,train,cub:1552
827,train,cub:1557
828,train,cub:1562
829,train,cub:1564
830,train,cub:1565
831,train,cub:1567
832,train,cub:1569
833,train,cub:1571
834,train,cub:1572
836,train,cub:1574
837,train,cub:1578
838,train,cub:1579
839,train,cub:1581
841,train,cub:1584
842,train,cub:1585
844,train,cub:1587
845,train,cub:1588
847,train,cub:1590
848,train,cub:1591
849,train,cub:1592
850,train,cub:1595
851,train,cub:1598
852,train,cub:1599
853,train,cub:1601
854,train,cub:1603
855,train,cub:1604
858,train,cub:1619
859,train,cub:1620
860,train,cub:1621
861,train,cub:1622
862,train,cub:1623
863,train,cub:1624
864,train,cub:1632
865,train,cub:1635
866,train,cub:1637
867,train,cub:1638
868,train,cub:1639
870,train,cub:1642
871,train,cub:1645
872,train,cub:1647
873,train,cub:1650
874,train,cub:1653
875,train,cub:1654
879,train,cub:1668
882,train,cub:1671
883,train,cub:1672
884,train,cub:1674
885,train,cub:1675
886,train,cub:1676
887,train,cub:1677
888,train,cub:1680
889,train,cub:1681
890,train,cub:1684
891,train,cub:1685
892,train,cub:1686
893,train,cub:1687
894,train,cub:1688
895,train,cub:1689
897,train,cub:1691
898,train,cub:1699
899,train,cub:1701
900,train,cub:1703
901,train,cub:1704
903,train,cub:1707
904,train,cub:1709
905,train,cub:1711
906,train,cub:1714
909,train,cub:1720
910,train,cub:1721
911,train,cub:1724
912,train,cub:1726
913,train,cub:1727
914,train,cub:1731
917,train,cub:1735
918,train,cub:1740
919,train,cub:1741
921,train,cub:1744
922,train,cub:1747
923,train,cub:1749
924,train,cub:1751
925,train,cub:1752
926,train,cub:1754
927,train,cub:1757
928,train,cub:1758
929,train,cub:1759
930,train,cub:1762
933,train,cub:1765
934,train,cub:1766
935,train,cub:1767
936,train,cub:1769
938,train,cub:1772
939,train,cub:1773
940,train,cub:1774
941,train,cub:1775
943,train,cub:1779
944,train,cub:1781
946,train,cub:1789
947,train,cub:1790
948,train,cub:1792
949,train,cub:1794
950,train,cub:1795
951,train,cub:1801
952,train,cub:1802
953,train,cub:1803
954,train,cub:1806
955,train,cub:1808
957,train,cub:1810
958,train,cub:1812
959,train,cub:1813
960,train,cub:1815
961,train,cub:1817
962,train,cub:1818
963,train,cub:1820
964,train,cub:1821
965,train,cub:1823
966,train,cub:1824
967,train,cub:1825
968,train,cub:1827
971,train,cub:1833
972,train,cub:1834
973,train,cub:1835
974,train,cub:1837
975,train,cub:1839
976,train,cub:1841
978,train,cub:1849
980,train,cub:1852
981,train,cub:1854
982,train,cub:1855
983,train,cub:1858
985,train,cub:1863
986,train,cub:1864
988,train,cub:1870
989,train,cub:1872
990,train,cub:1875
991,train,cub:1877
992,train,cub:1878
993,train,cub:1879
994,train,cub:1880
995,train,cub:1881
997,train,cub:1886
998,train,cub:1889
1003,train,cub:1899
1005,train,cub:1904
1006,train,cub:1905
1007,train,cub:1907
1008,train,cub:1911
1009,train,cub:1912
1010,train,cub:1914
1011,train,cub:1918
1012,train,cub:1920
1013,train,cub:1921
1014,train,cub:1922
1015,train,cub:1923
1016,train,cub:1928
1017,train,cub:1929
1018,train,cub:1930
1019,train,cub:1932
1021,train,cub:1934
1022,train,cub:1936
1024,train,cub:1941
1025,train,cub:1945
1026,train,cub:1949
1027,train,cub:1951
1028,train,cub:1952
1029,train,cub:1953
1030,train,cub:1954
1032,train,cub:1957
1033,train,cub:1961
1036,train,cub:1971
1037,train,cub:1972
1038,train,cub:1973
1039,train,cub:1974
1040,train,cub:1975
1041,train,cub:1977
1042,train,cub:1978
1043,train,cub:1979
1044,train,cub:1981
1045,train,cub:1982
1047,train,cub:1990
1048,train,cub:1991
1049,train,cub:1992
1050,train,cub:1994
1051,train,cub:1998
1053,train,cub:2002
1054,train,cub:2003
1055,train,cub:2007
1056,train,cub:2009
1057,train,cub:2011
1058,train,cub:2012
1059,train,cub:2013
1061,train,cub:2018
1063,train,cub:2022
1065,train,cub:2025
1067,train,cub:2028
1068,train,cub:2033
1069,train,cub:2034
1070,train,cub:2036
1071,train,cub:2038
1072,train,cub:2041
1074,train,cub:2044
1075,train,cub:2045
1076,train,cub:2046
1077,train,cub:2047
1078,train,cub:2050
1079,train,cub:2052
1080,train,cub:2053
1083,train,cub:2056
1084,train,cub:2058
1085,train,cub:2061
1086,train,cub:2065
1087,train,cub:2066
1088,train,cub:2068
1089,train,cub:2069
1090,train,cub:2071
1091,train,cub:2078
1093,train,cub:2080
1094,train,cub:2082
1095,train,cub:2083
1096,train,cub:2085
1097,train,cub:2087
1100,train,cub:2090
1101,train,cub:2094
1103,train,cub:2097
1104,train,cub:2099
1105,train,cub:2102
1106,train,cub:2103
1107,train,cub:2105
1108,train,cub:2106
1109,train,cub:2110
1110,train,cub:2113
1112,train,cub:2115
1113,train,cub:2116
1114,train,cub:2117
1115,train,cub:2118
1116,train,cub:2121
1117,train,cub:2122
1120,train,cub:2130
1121,train,cub:2133
1122,train,cub:2136
1123,train,cub:2137
1124,train,cub:2138
1125,train,cub:2140
1126,train,cub:2144
1127,train,cub:2147
1129,train,cub:2151
1131,train,cub:2154
1133,train,cub:2157
1134,train,cub:2159
1135,train,cub:2161
1136,train,cub:2165
1137,train,cub:2166
1138,train,cub:2167
1139,train,cub:2169
1140,train,cub:2172
1141,train,cub:2173
1142,train,cub:2174
1144,train,cub:2176
1145,train,cub:2177
1146,train,cub:2178
1147,train,cub:2181
1148,train,cub:2182
1149,train,cub:2185
1151,train,cub:2191
1152,train,cub:2192
1154,train,cub:2197
1155,train,cub:2198
1156,train,cub:2199
1157,train,cub:2202
1158,train,cub:2205
1159,train,cub:2208
1160,train,cub:2210
1161,train,cub:2214
1164,train,cub:2220
1166,train,cub:2224
1167,train,cub:2225
1168,train,cub:2227
1169,train,cub:2228
1170,train,cub:2232
1171,train,cub:2233
1172,train,cub:2235
1174,train,cub:2238
1176,train,cub:2241
1177,train,cub:2243
1178,train,cub:2245
1179,train,cub:2246
1180,train,cub:2247
1181,train,cub:2248
1183,train,cub:2253
1184,train,cub:2254
1186,train,cub:2259
1187,train,cub:2261
1188,train,cub:2262
1190,train,cub:2266
1191,train,cub:2267
1192,train,cub:2270
1193,train,cub:2271
1194,train,cub:2272
1195,train,cub:2275
1196,train,cub:2277
1197,train,cub:2279
1198,train,cub:2286
1201,train,cub:2296
1202,train,cub:2299
1203,train,cub:2301
1204,train,cub:2304
1205,train,cub:2309
1207,train,cub:2313
1208,train,cub:2314
1209,train,cub:2317
1210,train,cub:2320
1211,train,cub:2323
1212,train,cub:2324
1213,train,cub:2325
1214,train,cub:2326
1215,train,cub:2332
1216,train,cub:2333
1217,train,cub:2334
1218,train,cub:2335
1219,train,cub:2337
1222,train,cub:2342
1223,train,cub:2343
1224,train,cub:2344
1225,train,cub:2345
1226,train,cub:2346
1227,train,cub:2347
1230,train,cub:2352
1231,train,cub:2353
1232,train,cub:2354
1235,train,cub:2364
1236,train,cub:2369
1237,train,cub:2372
1238,train,cub:2373
1239,train,cub:2375
1240,train,cub:2378
1241,train,cub:2383
1242,train,cub:2384
1244,train,cub:2386
1245,train,cub:2387
1246,train,cub:2388
1247,train,cub:2391
1248,train,cub:2392
1249,train,cub:2395
1250,train,cub:2396
1251,train,cub:2397
1253,train,cub:2401
1254,train,cub:2402
1256,train,cub:2405
1257,train,cub:2406
1258,train,cub:2407
1260,train,cub:2414
1262,train,cub:2417
1264,train,cub:2420
1265,train,cub:2422
1266,train,cub:2424
1267,train,cub:2425
1268,train,cub:2426
1269,train,cub:2428
1270,train,cub:2429
1271,train,cub:2432
1273,train,cub:2439
1274,train,cub:2440
1275,train,cub:2441
1276,train,cub:2443
1278,train,cub:2447
1279,train,cub:2448
1280,train,cub:2449
1281,train,cub:2451
1283,train,cub:2458
1284,train,cub:2460
1286,train,cub:2462
1287,train,cub:2465
1288,train,cub:2467
1289,train,cub:2469
1290,train,cub:2471
1291,train,cub:2477
1293,train,cub:2479
1294,train,cub:2480
1295,train,cub:2484
1298,train,cub:2490
1299,train,cub:2501
1301,train,cub:2504
1302,train,cub:2506
1303,train,cub:2509
1304,train,cub:2510
1305,train,cub:2512
1306,train,cub:2513
1307,train,cub:2515
1308,train,cub:2516
1309,train,cub:2517
1310,train,cub:2518
1311,train,cub:2519
1312,train,cub:2521
1313,train,cub:2522
1315,train,cub:2524
1317,train,cub:2527
1318,train,cub:2528
1319,train,cub:2529
1320,train,cub:2530
1321,train,cub:2533
1322,train,cub:2534
1323,train,cub:2535
1324,train,cub:2536
1325,train,cub:2537
1327,train,cub:2542
1328,train,cub:2543
1329,train,cub:2544
1331,train,cub:2546
1332,train,cub:2550
1333,train,cub:2554
1334,train,cub:2555
1336,train,cub:2560
1338,train,cub:2563
1339,train,cub:2564
1340,train,cub:2565
1341,train,cub:2566
1342,train,cub:2567
1343,train,cub:2568
1344,train,cub:2573
1346,train,cub:2584
1348,train,cub:2586
1349,train,cub:2587
1350,train,cub:2591
1351,train,cub:2593
1352,train,cub:2595
1354,train,cub:2598
1356,train,cub:2602
1357,train,cub:2605
1358,train,cub:2608
1359,train,cub:2612
1360,train,cub:2615
1361,train,cub:2616
1362,train,cub:2620
1365,train,cub:2625
1366,train,cub:2626
1367,train,cub:2629
1368,train,cub:2634
1369,train,cub:2635
1370,train,cub:2637
1372,train,cub:2639
1373,train,cub:2641
1374,train,cub:2642
1375,train,cub:2643
1376,train,cub:2644
1377,train,cub:2645
1379,train,cub:2647
1380,train,cub:2651
1381,train,cub:2654
1382,train,cub:2656
1384,train,cub:2661
1385,train,cub:2663
1386,train,cub:2664
1387,train,cub:2665
1389,train,cub:2667
1390,train,cub:2668
1391,train,cub:2672
1392,train,cub:2679
1393,train,cub:2682
1394,train,cub:2683
1395,train,cub:2684
1397,train,cub:2687
1398,train,cub:2688
1399,train,cub:2690
1400,train,cub:2692
1402,train,cub:2698
1403,train,cub:2699
1406,train,cub:2702
1407,train,cub:2704
1408,train,cub:2706
1409,train,cub:2708
1410,train,cub:2714
1411,train,cub:2718
1412,train,cub:2719
1413,train,cub:2720
1414,train,cub:2721
1415,train,cub:2722
1416,train,cub:2723
1418,train,cub:2726
1419,train,cub:2728
1420,train,cub:2729
1421,train,cub:2732
1422,train,cub:2734
1423,train,cub:2739
1424,train,cub:2741
1426,train,cub:2743
1427,train,cub:2745
1429,train,cub:2748
1431,train,cub:2750
1432,train,cub:2754
1435,train,cub:2757
1436,train,cub:2758
1437,train,cub:2759
1438,train,cub:2762
1439,train,cub:2768
1440,train,cub:2771
1442,train,cub:2775
1443,train,cub:2777
1444,train,cub:2779
1445,train,cub:2781
1446,train,cub:2786
1447,train,cub:2787
1448,train,cub:2788
1449,train,cub:2791
1450,train,cub:2793
1451,train,cub:2794
1453,train,cub:2797
1455,train,cub:2800
1456,train,cub:2808
1457,train,cub:2809
1459,train,cub:2814
1460,train,cub:2815
1462,train,cub:2817
1463,train,cub:2819
1465,train,cub:2821
1466,train,cub:2823
1467,train,cub:2825
1468,train,cub:2827
1469,train,cub:2828
1471,train,cub:2833
1473,train,cub:2840
1474,train,cub:2841
1475,train,cub:2842
1476,train,cub:2843
1477,train,cub:2844
1478,train,cub:2849
1479,train,cub:2850
1481,train,cub:2855
1482,train,cub:2856
1483,train,cub:2857
1484,train,cub:2859
1485,train,cub:2860
1486,train,cub:2861
1487,train,cub:2864
1489,train,cub:2870
1490,train,cub:2871
1491,train,cub:2872
1494,train,cub:2881
1495,train,cub:2882
1496,train,cub:2884
1497,train,cub:2886
1498,train,cub:2888
1499,train,cub:2889
1500,train,cub:2890
1502,train,cub:2894
1503,train,cub:2895
1504,train,cub:2896
1505,train,cub:2899
1506,train,cub:2903
1507,train,cub:2905
1508,train,cub:2907
1510,train,cub:2911
1512,train,cub:2914
1513,train,cub:2916
1514,train,cub:2922
1515,train,cub:2925
1516,train,cub:2927
1517,train,cub:2928
1519,train,cub:2931
1520,train,cub:2932
1521,train,cub:2933
1522,train,cub:2937
1524,train,cub:2943
1525,train,cub:2944
1526,train,cub:2945
1527,train,cub:2946
1528,train,cub:2947
1530,train,cub:2950
1531,train,cub:2953
1532,train,cub:2954
1533,train,cub:2955
1534,train,cub:2956
1536,train,cub:2962
1537,train,cub:2964
1538,train,cub:2966
1540,train,cub:2970
1541,train,cub:2972
1543,train,cub:2976
1544,train,cub:2978
1545,train,cub:2980
1547,train,cub:2986
1548,train,cub:2987
1549,train,cub:2989
1550,train,cub:2990
1552,train,cub:2996
1553,train,cub:2998
1554,train,cub:2999
1555,train,cub:3000
1556,train,cub:3002
1558,train,cub:3008
1559,train,cub:3009
1560,train,cub:3010
1561,train,cub:3014
1562,train,cub:3016
1563,train,cub:3017
1564,train,cub:3020
1565,train,cub:3023
1566,train,cub:3024
1567,train,cub:3026
1569,train,cub:3028
1570,train,cub:3030
1571,train,cub:3031
1573,train,cub:3035
1575,train,cub:3038
1576,train,cub:3040
1577,train,cub:3041
1578,train,cub:3042
1579,train,cub:3043
1580,train,cub:3044
1581,train,cub:3046
1582,train,cub:3047
1584,train,cub:3049
1586,train,cub:3054
1587,train,cub:3065
1588,train,cub:3068
1590,train,cub:3070
1591,train,cub:3073
1592,train,cub:3077
1593,train,cub:3079
1594,train,cub:3082
1595,train,cub:3085
1596,train,cub:3086
1597,train,cub:3088
1598,train,cub:3089
1600,train,cub:3093
1601,train,cub:3094
1602,train,cub:3095
1604,train,cub:3102
1605,train,cub:3103
1606,train,cub:3104
1607,train,cub:3106
1608,train,cub:3109
1610,train,cub:3114
1613,train,cub:3119
1614,train,cub:3120
1615,train,cub:3121
1616,train,cub:3122
1618,train,cub:3125
1619,train,cub:3126
1620,train,cub:3132
1621,train,cub:3134
1623,train,cub:3141
1624,train,cub:3142
1625,train,cub:3143
1626,train,cub:3145
1627,train,cub:3147
1628,train,cub:3149
1630,train,cub:3157
1631,train,cub:3158
1632,train,cub:3159
1633,train,cub:3160
1635,train,cub:3163
1637,train,cub:3165
1638,train,cub:3167
1639,train,cub:3173
1641,train,cub:3175
1642,train,cub:3177
1643,train,cub:3178
1644,train,cub:3180
1646,train,cub:3183
1647,train,cub:3187
1648,train,cub:3188
1649,train,cub:3189
1651,train,cub:3196
1652,train,cub:3197
1653,train,cub:3199
1654,train,cub:3200
1655,train,cub:3202
1656,train,cub:3203
1657,train,cub:3205
1658,train,cub:3207
1659,train,cub:3208
1660,train,cub:3209
1663,train,cub:3213
1664,train,cub:3214
1666,train,cub:3217
1667,train,cub:3221
1669,train,cub:3229
1670,train,cub:3232
1671,train,cub:3234
1673,train,cub:3236
1674,train,cub:3237
1675,train,cub:3238
1676,train,cub:3240
1677,train,cub:3241
1678,train,cub:3245
1679,train,cub:3248
1682,train,cub:3256
1683,train,cub:3260
1684,train,cub:3262
1685,train,cub:3263
1686,train,cub:3265
1687,train,cub:3266
1688,train,cub:3268
1689,train,cub:3270
1690,train,cub:3271
1691,train,cub:3272
1692,train,cub:3274
1694,train,cub:3277
1695,train,cub:3278
1696,train,cub:3279
1697,train,cub:3281
1698,train,cub:3283
1699,train,cub:3286
1700,train,cub:3288
1702,train,cub:3293
1705,train,cub:3303
1706,train,cub:3304
1707,train,cub:3306
1708,train,cub:3308
1709,train,cub:3309
1710,train,cub:3310
1712,train,cub:3314
1714,train,cub:3320
1715,train,cub:3324
1716,train,cub:3325
1717,train,cub:3332
1718,train,cub:3333
1719,train,cub:3334
1720,train,cub:3335
1722,train,cub:3337
1723,train,cub:3338
1725,train,cub:3340
1727,train,cub:3343
1728,train,cub:3345
1729,train,cub:3346
1730,train,cub:3347
1732,train,cub:3349
1733,train,cub:3352
1734,train,cub:3355
1735,train,cub:3360
1736,train,cub:3362
1737,train,cub:3363
1738,train,cub:3365
1739,train,cub:3366
1740,train,cub:3369
1742,train,cub:3373
1743,train,cub:3374
1744,train,cub:3375
1746,train,cub:3381
1747,train,cub:3382
1749,train,cub:3387
1750,train,cub:3388
1751,train,cub:3389
1752,train,cub:3392
1753,train,cub:3394
1754,train,cub:3395
1756,train,cub:3397
1757,train,cub:3398
1758,train,cub:3401
1759,train,cub:3402
1760,train,cub:3405
1761,train,cub:3407
1762,train,cub:3412
1764,train,cub:3422
1765,train,cub:3423
1766,train,cub:3424
1767,train,cub:3425
1768,train,cub:3426
1770,train,cub:3429
1771,train,cub:3430
1773,train,cub:3435
1774,train,cub:3437
1775,train,cub:3438
1776,train,cub:3439
1777,train,cub:3440
1778,train,cub:3441
1779,train,cub:3443
1780,train,cub:3447
1781,train,cub:3451
1782,train,cub:3456
1783,train,cub:3458
1784,train,cub:3459
1785,train,cub:3460
1787,train,cub:3463
1788,train,cub:3464
1790,train,cub:3467
1792,train,cub:3471
1794,train,cub:3476
1795,train,cub:3479
1797,train,cub:3482
1798,train,cub:3484
1799,train,cub:3486
1800,train,cub:3488
1801,train,cub:3493
1802,train,cub:3497
1803,train,cub:3498
1804,train,cub:3501
1805,train,cub:3502
1806,train,cub:3503
1808,train,cub:3506
1809,train,cub:3507
1810,train,cub:3508
1812,train,cub:3510
1813,train,cub:3512
1814,train,cub:3516
1815,train,cub:3517
1816,train,cub:3518
1817,train,cub:3520
1818,train,cub:3523
1819,train,cub:3524
1821,train,cub:3533
1823,train,cub:3535
1824,train,cub:3539
1825,train,cub:3540
1826,train,cub:3542
1829,train,cub:3546
1830,train,cub:3551
1831,train,cub:3553
1832,train,cub:3555
1833,train,cub:3558
1835,train,cub:3560
1837,train,cub:3563
1838,train,cub:3564
1839,train,cub:3565
1841,train,cub:3569
1842,train,cub:3571
1843,train,cub:3572
1845,train,cub:3575
1846,train,cub:3578
1847,train,cub:3583
1848,train,cub:3586
1849,train,cub:3587
1850,train,cub:3588
1851,train,cub:3589
1852,train,cub:3590
1853,train,cub:3591
1855,train,cub:3597
1856,train,cub:3599
1858,train,cub:3605
1859,train,cub:3606
1861,train,cub:3609
1862,train,cub:3610
1863,train,cub:3611
1864,train,cub:3612
1866,train,cub:3616
1867,train,cub:3617
1868,train,cub:3618
1870,train,cub:3621
1871,train,cub:3625
1872,train,cub:3628
1873,train,cub:3629
1874,train,cub:3630
1875,train,cub:3634
1876,train,cub:3635
1877,train,cub:3637
1878,train,cub:3640
1880,train,cub:3647
1883,train,cub:3655
1884,train,cub:3657
1885,train,cub:3658
1886,train,cub:3660
1887,train,cub:3661
1888,train,cub:3663
1889,train,cub:3665
1891,train,cub:3671
1892,train,cub:3672
1893,train,cub:3674
1894,train,cub:3675
1895,train,cub:3676
1896,train,cub:3678
1898,train,cub:3687
1899,train,cub:3689
1900,train,cub:3690
1902,train,cub:3693
1905,train,cub:3697
1906,train,cub:3700
1907,train,cub:3701
1908,train,cub:3702
1910,train,cub:3706
1911,train,cub:3709
1912,train,cub:3710
1913,train,cub:3712
1914,train,cub:3715
1915,train,cub:3718
1916,train,cub:3720
1917,train,cub:3721
1918,train,cub:3724
1919,train,cub:3725
1920,train,cub:3728
1923,train,cub:3734
1924,train,cub:3736
1925,train,cub:3737
1926,train,cub:3738
1927,train,cub:3739
1929,train,cub:3741
1930,train,cub:3743
1931,train,cub:3746
1932,train,cub:3747
1933,train,cub:3748
1934,train,cub:3752
1936,train,cub:3756
1937,train,cub:3757
1938,train,cub:3759
1940,train,cub:3762
1941,train,cub:3764
1942,train,cub:3765
1943,train,cub:3769
1944,train,cub:3770
1945,train,cub:3772
1946,train,cub:3773
1947,train,cub:3774
1949,train,cub:3776
1950,train,cub:3780
1951,train,cub:3781
1952,train,cub:3783
1955,train,cub:3786
1956,train,cub:3787
1957,train,cub:3790
1958,train,cub:3792
1959,train,cub:3794
1960,train,cub:3795
1961,train,cub:3799
1962,train,cub:3801
1963,train,cub:3802
1964,train,cub:3803
1966,train,cub:3807
1967,train,cub:3810
1968,train,cub:3811
1971,train,cub:3816
1972,train,cub:3817
1973,train,cub:3818
1975,train,cub:3822
1976,train,cub:3824
1977,train,cub:3832
1978,train,cub:3833
1979,train,cub:3835
1980,train,cub:3839
1981,train,cub:3841
1982,train,cub:3843
1983,train,cub:3845
1984,train,cub:3848
1985,train,cub:3849
1986,train,cub:3850
1987,train,cub:3853
1988,train,cub:3854
1989,train,cub:3858
1992,train,cub:3862
1994,train,cub:3865
1996,train,cub:3867
1997,train,cub:3868
1998,train,cub:3869
1999,train,cub:3872
2000,train,cub:3873
2001,train,cub:3874
2002,train,cub:3887
2004,train,cub:3889
2005,train,cub:3890
2006,train,cub:3891
2007,train,cub:3892
2008,train,cub:3893
2010,train,cub:3897
2011,train,cub:3901
2012,train,cub:3902
2014,train,cub:3905
2015,train,cub:3906
2016,train,cub:3910
2017,train,cub:3912
2018,train,cub:3913
2019,train,cub:3915
2020,train,cub:3916
2021,train,cub:3919
2023,train,cub:3922
2024,train,cub:3928
2025,train,cub:3930
2026,train,cub:3931
2029,train,cub:3936
2030,train,cub:3941
2031,train,cub:3942
2032,train,cub:3946
2033,train,cub:3948
2036,train,cub:3952
2037,train,cub:3954
2038,train,cub:3955
2039,train,cub:3956
2041,train,cub:3959
2042,train,cub:3961
2043,train,cub:3962
2044,train,cub:3964
2045,train,cub:3966
2046,train,cub:3967
2047,train,cub:3969
2049,train,cub:3972
2050,train,cub:3975
2052,train,cub:3981
2053,train,cub:3984
2054,train,cub:3988
2055,train,cub:3990
2056,train,cub:3995
2058,train,cub:3997
2060,train,cub:4000
2061,train,cub:4003
2062,train,cub:4005
2063,train,cub:4006
2064,train,cub:4007
2065,train,cub:4008
2067,train,cub:4012
2068,train,cub:4015
2069,train,cub:4016
2071,train,cub:4018
2072,train,cub:4019
2073,train,cub:4022
2074,train,cub:4023
2076,train,cub:4027
2077,train,cub:4028
2079,train,cub:4030
2080,train,cub:4031
2081,train,cub:4032
2082,train,cub:4035
2085,train,cub:4044
2086,train,cub:4049
2087,train,cub:4055
2088,train,cub:4057
2089,train,cub:4060
2090,train,cub:4061
2091,train,cub:4066
2092,train,cub:4067
2093,train,cub:4068
2095,train,cub:4071
2096,train,cub:4072
2097,train,cub:4074
2098,train,cub:4075
2099,train,cub:4076
2100,train,cub:4078
2101,train,cub:4079
2103,train,cub:4090
2104,train,cub:4091
2105,train,cub:4092
2106,train,cub:4093
2107,train,cub:4095
2108,train,cub:4096
2109,train,cub:4097
2110,train,cub:4100
2111,train,cub:4103
2112,train,cub:4105
2115,train,cub:4112
2116,train,cub:4113
2118,train,cub:4116
2119,train,cub:4117
2120,train,cub:4122
2121,train,cub:4124
2122,train,cub:4126
2123,train,cub:4127
2124,train,cub:4129
2127,train,cub:4133
2128,train,cub:4134
2129,train,cub:4136
2130,train,cub:4137
2132,train,cub:4143
2133,train,cub:4146
2134,train,cub:4147
2135,train,cub:4149
2136,train,cub:4154
2137,train,cub:4155
2138,train,cub:4156
2139,train,cub:4157
2140,train,cub:4158
2142,train,cub:4160
2143,train,cub:4162
2144,train,cub:4164
2145,train,cub:4165
2146,train,cub:4166
2147,train,cub:4167
2148,train,cub:4170
2151,train,cub:4174
2152,train,cub:4178
2153,train,cub:4183
2154,train,cub:4184
2157,train,cub:4191
2158,train,cub:4193
2159,train,cub:4194
2160,train,cub:4197
2163,train,cub:4203
2164,train,cub:4208
2166,train,cub:4211
2167,train,cub:4214
2168,train,cub:4216
2170,train,cub:4219
2171,train,cub:4221
2172,train,cub:4223
2173,train,cub:4229
2174,train,cub:4230
2175,train,cub:4232
2176,train,cub:4233
2177,train,cub:4234
2178,train,cub:4236
2179,train,cub:4238
2180,train,cub:4239
2181,train,cub:4240
2182,train,cub:4241
2184,train,cub:4243
2185,train,cub:4244
2186,train,cub:4248
2188,train,cub:4254
2189,train,cub:4256
2190,train,cub:4257
2191,train,cub:4259
2192,train,cub:4260
2193,train,cub:4263
2194,train,cub:4266
2195,train,cub:4267
2196,train,cub:4268
2197,train,cub:4269
2198,train,cub:4271
2199,train,cub:4272
2202,train,cub:4276
2203,train,cub:4278
2204,train,cub:4279
2206,train,cub:4283
2208,train,cub:4289
2209,train,cub:4290
2212,train,cub:4297
2213,train,cub:4299
2214,train,cub:4301
2215,train,cub:4302
2216,train,cub:4303
2217,train,cub:4306
2218,train,cub:4309
2219,train,cub:4316
2220,train,cub:4320
2221,train,cub:4321
2222,train,cub:4324
2223,train,cub:4325
2224,train,cub:4326
2226,train,cub:4329
2228,train,cub:4332
2229,train,cub:4334
2230,train,cub:4341
2231,train,cub:4342
2234,train,cub:4346
2236,train,cub:4348
2237,train,cub:4349
2238,train,cub:4350
2239,train,cub:4352
2240,train,cub:4354
2241,train,cub:4355
2242,train,cub:4356
2243,train,cub:4358
2244,train,cub:4360
2245,train,cub:4361
2246,train,cub:4362
2248,train,cub:4369
2249,train,cub:4370
2250,train,cub:4374
2252,train,cub:4383
2255,train,cub:4390
2257,train,cub:4392
2258,train,cub:4394
2260,train,cub:4401
2261,train,cub:4405
2262,train,cub:4406
2263,train,cub:4407
2264,train,cub:4410
2265,train,cub:4412
2266,train,cub:4414
2267,train,cub:4415
2268,train,cub:4416
2269,train,cub:4417
2271,train,cub:4422
2272,train,cub:4423
2273,train,cub:4424
2274,train,cub:4426
2275,train,cub:4427
2276,train,cub:4428
2277,train,cub:4429
2278,train,cub:4432
2279,train,cub:4433
2280,train,cub:4434
2281,train,cub:4435
2282,train,cub:4437
2284,train,cub:4440
2285,train,cub:4443
2286,train,cub:4445
2287,train,cub:4448
2289,train,cub:4450
2290,train,cub:4452
2291,train,cub:4453
2292,train,cub:4454
2293,train,cub:4456
2294,train,cub:4458
2295,train,cub:4459
2296,train,cub:4465
2298,train,cub:4473
2299,train,cub:4475
2301,train,cub:4477
2303,train,cub:4482
2304,train,cub:4483
2305,train,cub:4484
2307,train,cub:4489
2308,train,cub:4490
2309,train,cub:4491
2310,train,cub:4494
2311,train,cub:4495
2312,train,cub:4498
2313,train,cub:4508
2314,train,cub:4509
2315,train,cub:4510
2316,train,cub:4511
2317,train,cub:4513
2318,train,cub:4518
2319,train,cub:4519
2322,train,cub:4523
2323,train,cub:4524
2324,train,cub:4526
2325,train,cub:4528
2326,train,cub:4529
2328,train,cub:4531
2329,train,cub:4534
2330,train,cub:4539
2332,train,cub:4541
2333,train,cub:4542
2335,train,cub:4546
2336,train,cub:4548
2338,train,cub:4550
2339,train,cub:4551
2343,train,cub:4557
2344,train,cub:4558
2346,train,cub:4561
2347,train,cub:4562
2348,train,cub:4563
2350,train,cub:4565
2351,train,cub:4567
2352,train,cub:4568
2353,train,cub:4569
2354,train,cub:4570
2355,train,cub:4572
2356,train,cub:4573
2357,train,cub:4574
2358,train,cub:4575
2359,train,cub:4578
2360,train,cub:4580
2361,train,cub:4581
2363,train,cub:4590
2364,train,cub:4599
2365,train,cub:4604
2366,train,cub:4607
2367,train,cub:4608
2368,train,cub:4609
2369,train,cub:4612
2370,train,cub:4614
2371,train,cub:4616
2372,train,cub:4617
2373,train,cub:4619
2374,train,cub:4620
2375,train,cub:4621
2376,train,cub:4625
2378,train,cub:4628
2379,train,cub:4629
2380,train,cub:4631
2381,train,cub:4632
2383,train,cub:4635
2384,train,cub:4639
2385,train,cub:4645
2386,train,cub:4646
2387,train,cub:4647
2388,train,cub:4653
2389,train,cub:4654
2390,train,cub:4655
2391,train,cub:4656
2392,train,cub:4657
2393,train,cub:4658
2394,train,cub:4659
2399,train,cub:4672
2400,train,cub:4674
2401,train,cub:4677
2402,train,cub:4678
2404,train,cub:4683
2406,train,cub:4688
2407,train,cub:4691
2408,train,cub:4692
2409,train,cub:4694
2410,train,cub:4695
2411,train,cub:4699
2412,train,cub:4700
2413,train,cub:4701
2415,train,cub:4703
2417,train,cub:4708
2418,train,cub:4712
2419,train,cub:4713
2420,train,cub:4714
2421,train,cub:4716
2422,train,cub:4717
2424,train,cub:4719
2425,train,cub:4723
2426,train,cub:4724
2427,train,cub:4726
2429,train,cub:4729
2430,train,cub:4734
2431,train,cub:4737
2432,train,cub:4738
2433,train,cub:4743
2434,train,cub:4744
2436,train,cub:4747
2438,train,cub:4749
2439,train,cub:4756
2440,train,cub:4757
2441,train,cub:4760
2442,train,cub:4762
2443,train,cub:4764
2444,train,cub:4765
2445,train,cub:4767
2446,train,cub:4768
2447,train,cub:4769
2452,train,cub:4779
2453,train,cub:4780
2454,train,cub:4782
2455,train,cub:4784
2456,train,cub:4786
2457,train,cub:4788
2458,train,cub:4790
2459,train,cub:4792
2460,train,cub:4794
2461,train,cub:4799
2462,train,cub:4801
2464,train,cub:4804
2465,train,cub:4806
2466,train,cub:4807
2467,train,cub:4809
2468,train,cub:4810
2469,train,cub:4812
2470,train,cub:4813
2471,train,cub:4814
2473,train,cub:4821
2474,train,cub:4822
2475,train,cub:4826
2476,train,cub:4828
2478,train,cub:4838
2479,train,cub:4839
2480,train,cub:4840
2481,train,cub:4841
2483,train,cub:4844
2484,train,cub:4845
2485,train,cub:4848
2486,train,cub:4849
2487,train,cub:4850
2491,train,cub:4855
2492,train,cub:4857
2493,train,cub:4858
2495,train,cub:4860
2497,train,cub:4867
2498,train,cub:4868
2499,train,cub:4869
2501,train,cub:4873
2502,train,cub:4876
2503,train,cub:4877
2504,train,cub:4878
2505,train,cub:4880
2506,train,cub:4881
2507,train,cub:4882
2508,train,cub:4886
2509,train,cub:4887
2510,train,cub:4892
2511,train,cub:4893
2512,train,cub:4894
2513,train,cub:4895
2514,train,cub:4896
2516,train,cub:4898
2517,train,cub:4899
2519,train,cub:4904
2522,train,cub:4910
2523,train,cub:4912
2524,train,cub:4916
2525,train,cub:4920
2526,train,cub:4922
2527,train,cub:4923
2528,train,cub:4929
2529,train,cub:4930
2530,train,cub:4933
2531,train,cub:4935
2533,train,cub:4938
2534,train,cub:4941
2535,train,cub:4945
2536,train,cub:4946
2538,train,cub:4948
2539,train,cub:4950
2540,train,cub:4951
2542,train,cub:4953
2543,train,cub:4954
2544,train,cub:4955
2546,train,cub:4957
2547,train,cub:4959
2548,train,cub:4961
2549,train,cub:4964
2552,train,cub:4970
2553,train,cub:4972
2554,train,cub:4974
2555,train,cub:4975
2556,train,cub:4977
2557,train,cub:4985
2558,train,cub:4988
2559,train,cub:4992
2561,train,cub:4994
2562,train,cub:4997
2563,train,cub:5000
2564,train,cub:5001
2565,train,cub:5003
2566,train,cub:5004
2567,train,cub:5006
2568,train,cub:5007
2569,train,cub:5008
2571,train,cub:5014
2572,train,cub:5016
2573,train,cub:5017
2576,train,cub:5020
2577,train,cub:5022
2578,train,cub:5023
2579,train,cub:5024
2580,train,cub:5030
2582,train,cub:5033
2583,train,cub:5035
2584,train,cub:5037
2585,train,cub:5038
2587,train,cub:5040
2588,train,cub:5042
2590,train,cub:5044
2591,train,cub:5047
2592,train,cub:5048
2593,train,cub:5050
2594,train,cub:5052
2595,train,cub:5053
2598,train,cub:5063
2599,train,cub:5064
2601,train,cub:5067
2602,train,cub:5068
2603,train,cub:5069
2604,train,cub:5073
2605,train,cub:5075
2606,train,cub:5076
2607,train,cub:5079
2608,train,cub:5080
2609,train,cub:5083
2610,train,cub:5086
2613,train,cub:5089
2615,train,cub:5092
2616,train,cub:5093
2617,train,cub:5096
2620,train,cub:5111
2621,train,cub:5112
2622,train,cub:5114
2623,train,cub:5116
2624,train,cub:5117
2625,train,cub:5121
2626,train,cub:5123
2627,train,cub:5126
2628,train,cub:5127
2629,train,cub:5128
2630,train,cub:5129
2632,train,cub:5131
2633,train,cub:5135
2634,train,cub:5138
2635,train,cub:5139
2636,train,cub:5142
2637,train,cub:5143
2638,train,cub:5144
2639,train,cub:5145
2640,train,cub:5147
2641,train,cub:5148
2642,train,cub:5149
2643,train,cub:5151
2644,train,cub:5152
2645,train,cub:5153
2646,train,cub:5155
2649,train,cub:5159
2650,train,cub:5162
2651,train,cub:5163
2654,train,cub:5170
2655,train,cub:5171
2656,train,cub:5172
2657,train,cub:5173
2659,train,cub:5175
2660,train,cub:5176
2661,train,cub:5180
2662,train,cub:5181
2663,train,cub:5184
2665,train,cub:5187
2666,train,cub:5194
2667,train,cub:5196
2668,train,cub:5200
2669,train,cub:5204
2671,train,cub:5208
2673,train,cub:5211
2674,train,cub:5212
2675,train,cub:5215
2676,train,cub:5217
2678,train,cub:5222
2679,train,cub:5230
2680,train,cub:5231
2681,train,cub:5233
2682,train,cub:5235
2683,train,cub:5236
2684,train,cub:5237
2686,train,cub:5241
2687,train,cub:5242
2688,train,cub:5244
2690,train,cub:5248
2691,train,cub:5249
2692,train,cub:5251
2693,train,cub:5252
2694,train,cub:5255
2695,train,cub:5256
2697,train,cub:5261
2698,train,cub:5262
2699,train,cub:5264
2701,train,cub:5268
2702,train,cub:5269
2703,train,cub:5270
2704,train,cub:5271
2705,train,cub:5278
2709,train,cub:5285
2710,train,cub:5286
2711,train,cub:5287
2712,train,cub:5288
2713,train,cub:5289
2714,train,cub:5292
2715,train,cub:5294
2716,train,cub:5295
2718,train,cub:5300
2719,train,cub:5302
2720,train,cub:5303
2721,train,cub:5304
2722,train,cub:5305
2723,train,cub:5308
2724,train,cub:5310
2725,train,cub:5313
2727,train,cub:5315
2728,train,cub:5322
2729,train,cub:5323
2730,train,cub:5327
2731,train,cub:5333
2732,train,cub:5338
2733,train,cub:5339
2734,train,cub:5340
2736,train,cub:5342
2737,train,cub:5345
2738,train,cub:5348
2740,train,cub:5351
2742,train,cub:5355
2743,train,cub:5356
2744,train,cub:5357
2745,train,cub:5358
2747,train,cub:5360
2749,train,cub:5366
2750,train,cub:5367
2751,train,cub:5368
2752,train,cub:5370
2753,train,cub:5371
2754,train,cub:5374
2755,train,cub:5375
2756,train,cub:5378
2757,train,cub:5381
2759,train,cub:5385
2760,train,cub:5392
2762,train,cub:5394
2763,train,cub:5396
2764,train,cub:5397
2765,train,cub:5398
2766,train,cub:5400
2767,train,cub:5401
2768,train,cub:5404
2769,train,cub:5405
2770,train,cub:5408
2771,train,cub:5414
2772,train,cub:5415
2773,train,cub:5416
2776,train,cub:5419
2777,train,cub:5420
2778,train,cub:5424
2779,train,cub:5425
2780,train,cub:5429
2781,train,cub:5430
2783,train,cub:5433
2785,train,cub:5439
2787,train,cub:5442
2788,train,cub:5443
2789,train,cub:5444
2790,train,cub:5450
2791,train,cub:5452
2792,train,cub:5454
2793,train,cub:5458
2794,train,cub:5459
2797,train,cub:5462
2798,train,cub:5463
2799,train,cub:5465
2800,train,cub:5466
2801,train,cub:5467
2802,train,cub:5469
2803,train,cub:5472
2804,train,cub:5473
2806,train,cub:5477
2808,train,cub:5482
2810,train,cub:5486
2811,train,cub:5490
2813,train,cub:5493
2814,train,cub:5495
2815,train,cub:5498
2816,train,cub:5500
2817,train,cub:5501
2818,train,cub:5503
2819,train,cub:5504
2820,train,cub:5507
2822,train,cub:5512
2823,train,cub:5513
2824,train,cub:5514
2825,train,cub:5516
2826,train,cub:5517
2827,train,cub:5518
2828,train,cub:5522
2829,train,cub:5523
2831,train,cub:5528
2832,train,cub:5534
2833,train,cub:5535
2834,train,cub:5540
2835,train,cub:5543
2836,train,cub:5545
2839,train,cub:5554
2840,train,cub:5556
2842,train,cub:5558
2843,train,cub:5559
2844,train,cub:5560
2846,train,cub:5562
2847,train,cub:5563
2848,train,cub:5564
2849,train,cub:5565
2850,train,cub:5566
2852,train,cub:5577
2853,train,cub:5579
2854,train,cub:5581
2855,train,cub:5582
2856,train,cub:5583
2857,train,cub:5584
2860,train,cub:5590
2861,train,cub:5592
2862,train,cub:5593
2864,train,cub:5595
2865,train,cub:5596
2867,train,cub:5600
2868,train,cub:5601
2869,train,cub:5603
2870,train,cub:5604
2872,train,cub:5607
2873,train,cub:5609
2874,train,cub:5611
2875,train,cub:5612
2876,train,cub:5618
2877,train,cub:5619
2878,train,cub:5620
2879,train,cub:5621
2881,train,cub:5629
2882,train,cub:5630
2883,train,cub:5631
2884,train,cub:5635
2885,train,cub:5636
2888,train,cub:5642
2889,train,cub:5643
2891,train,cub:5648
2892,train,cub:5651
2893,train,cub:5655
2894,train,cub:5657
2895,train,cub:5658
2896,train,cub:5661
2898,train,cub:5663
2899,train,cub:5666
2900,train,cub:5670
2901,train,cub:5671
2902,train,cub:5673
2903,train,cub:5674
2904,train,cub:5675
2905,train,cub:5676
2906,train,cub:5678
2907,train,cub:5680
2908,train,cub:5681
2910,train,cub:5688
2911,train,cub:5689
2912,train,cub:5690
2913,train,cub:5691
2914,train,cub:5695
2915,train,cub:5696
2916,train,cub:5698
2917,train,cub:5699
2919,train,cub:5702
2920,train,cub:5704
2923,train,cub:5709
2924,train,cub:5710
2925,train,cub:5713
2926,train,cub:5716
2927,train,cub:5718
2928,train,cub:5720
2929,train,cub:5721
2930,train,cub:5723
2932,train,cub:5726
2933,train,cub:5727
2934,train,cub:5729
2935,train,cub:5732
2938,train,cub:5743
2939,train,cub:5744
2941,train,cub:5747
2942,train,cub:5750
2944,train,cub:5756
2945,train,cub:5758
2946,train,cub:5761
2947,train,cub:5762
2948,train,cub:5764
2949,train,cub:5765
2950,train,cub:5770
2951,train,cub:5771
2952,train,cub:5772
2953,train,cub:5773
2954,train,cub:5776
2956,train,cub:5779
2957,train,cub:5780
2959,train,cub:5782
2960,train,cub:5783
2961,train,cub:5790
2962,train,cub:5792
2964,train,cub:5794
2965,train,cub:5796
2967,train,cub:5802
2968,train,cub:5803
2969,train,cub:5804
2970,train,cub:5811
2971,train,cub:5812
2973,train,cub:5821
2974,train,cub:5822
2976,train,cub:5825
2977,train,cub:5826
2978,train,cub:5827
2979,train,cub:5828
2981,train,cub:5831
2982,train,cub:5832
2983,train,cub:5833
2984,train,cub:5834
2985,train,cub:5835
2986,train,cub:5836
2987,train,cub:5839
2988,train,cub:5840
2989,train,cub:5841
2990,train,cub:5842
2991,train,cub:5844
2992,train,cub:5845
2993,train,cub:5849
2994,train,cub:5850
2995,train,cub:5851
2997,train,cub:5857
3000,train,cub:5866
3002,train,cub:5872
3004,train,cub:5875
3005,train,cub:5876
3006,train,cub:5878
3007,train,cub:5879
3008,train,cub:5880
3011,train,cub:5883
3012,train,cub:5887
3013,train,cub:5888
3014,train,cub:5890
3016,train,cub:5892
3017,train,cub:5894
3018,train,cub:5895
3019,train,cub:5896
3020,train,cub:5899
3021,train,cub:5900
3022,train,cub:5902
3023,train,cub:5904
3025,train,cub:5908
3026,train,cub:5910
3027,train,cub:5912
3028,train,cub:5913
3029,train,cub:5914
3030,train,cub:5916
3031,train,cub:5919
3032,train,cub:5922
3034,train,cub:5931
3036,train,cub:5934
3037,train,cub:5935
3038,train,cub:5937
3039,train,cub:5939
3040,train,cub:5943
3041,train,cub:5945
3042,train,cub:5946
3043,train,cub:5947
3044,train,cub:5948
3045,train,cub:5950
3046,train,cub:5951
3047,train,cub:5953
3048,train,cub:5956
3050,train,cub:5958
3051,train,cub:5960
3052,train,cub:5961
3056,train,cub:5966
3057,train,cub:5967
3058,train,cub:5968
3059,train,cub:5970
3060,train,cub:5977
3061,train,cub:5979
3063,train,cub:5981
3064,train,cub:5982
3065,train,cub:5988
3066,train,cub:5990
3067,train,cub:5992
3068,train,cub:5994
3070,train,cub:5997
3071,train,cub:6000
3072,train,cub:6003
3073,train,cub:6004
3076,train,cub:6008
3077,train,cub:6017
3078,train,cub:6018
3079,train,cub:6020
3081,train,cub:6022
3082,train,cub:6023
3083,train,cub:6024
3084,train,cub:6025
3086,train,cub:6027
3087,train,cub:6028
3088,train,cub:6031
3089,train,cub:6034
3090,train,cub:6035
3091,train,cub:6037
3092,train,cub:6039
3093,train,cub:6040
3094,train,cub:6041
3095,train,cub:6042
3096,train,cub:6043
3097,train,cub:6044
3098,train,cub:6046
3099,train,cub:6052
3100,train,cub:6053
3103,train,cub:6060
3104,train,cub:6061
3107,train,cub:6066
3108,train,cub:6068
3109,train,cub:6070
3110,train,cub:6074
3111,train,cub:6075
3113,train,cub:6080
3114,train,cub:6081
3115,train,cub:6082
3116,train,cub:6083
3118,train,cub:6088
3119,train,cub:6094
3121,train,cub:6096
3122,train,cub:6097
3123,train,cub:6099
3124,train,cub:6102
3125,train,cub:6103
3126,train,cub:6108
3128,train,cub:6110
3129,train,cub:6111
3130,train,cub:6117
3131,train,cub:6118
3132,train,cub:6120
3133,train,cub:6121
3134,train,cub:6122
3135,train,cub:6124
3136,train,cub:6126
3137,train,cub:6127
3140,train,cub:6131
3142,train,cub:6133
3143,train,cub:6134
3144,train,cub:6135
3145,train,cub:6137
3147,train,cub:6140
3148,train,cub:6142
3149,train,cub:6143
3151,train,cub:6146
3152,train,cub:6149
3153,train,cub:6151
3154,train,cub:6154
3155,train,cub:6156
3156,train,cub:6166
3157,train,cub:6167
3158,train,cub:6168
3159,train,cub:6169
3160,train,cub:6171
3161,train,cub:6172
3162,train,cub:6175
3163,train,cub:6177
3164,train,cub:6178
3165,train,cub:6179
3166,train,cub:6180
3168,train,cub:6182
3169,train,cub:6183
3170,train,cub:6184
3173,train,cub:6188
3174,train,cub:6189
3175,train,cub:6190
3176,train,cub:6191
3178,train,cub:6196
3180,train,cub:6208
3181,train,cub:6213
3182,train,cub:6214
3183,train,cub:6216
3184,train,cub:6218
3185,train,cub:6219
3187,train,cub:6223
3189,train,cub:6228
3190,train,cub:6230
3191,train,cub:6233
3192,train,cub:6235
3193,train,cub:6237
3194,train,cub:6238
3195,train,cub:6239
3196,train,cub:6240
3197,train,cub:6242
3199,train,cub:6246
3202,train,cub:6249
3203,train,cub:6250
3204,train,cub:6251
3205,train,cub:6256
3207,train,cub:6258
3208,train,cub:6261
3209,train,cub:6264
3210,train,cub:6265
3211,train,cub:6267
3212,train,cub:6271
3213,train,cub:6273
3214,train,cub:6275
3215,train,cub:6277
3216,train,cub:6280
3217,train,cub:6283
3218,train,cub:6285
3219,train,cub:6287
3221,train,cub:6290
3222,train,cub:6291
3223,train,cub:6292
3225,train,cub:6295
3226,train,cub:6296
3228,train,cub:6302
3230,train,cub:6305
3231,train,cub:6306
3232,train,cub:6309
3233,train,cub:6311
3236,train,cub:6318
3237,train,cub:6319
3238,train,cub:6320
3239,train,cub:6325
3240,train,cub:6326
3241,train,cub:6328
3242,train,cub:6330
3243,train,cub:6335
3244,train,cub:6336
3245,train,cub:6337
3246,train,cub:6338
3247,train,cub:6339
3248,train,cub:6345
3250,train,cub:6348
3251,train,cub:6349
3252,train,cub:6350
3254,train,cub:6352
3256,train,cub:6357
3258,train,cub:6360
3259,train,cub:6361
3260,train,cub:6362
3261,train,cub:6363
3262,train,cub:6365
3263,train,cub:6366
3265,train,cub:6372
3267,train,cub:6377
3268,train,cub:6381
3269,train,cub:6383
3270,train,cub:6386
3272,train,cub:6388
3273,train,cub:6390
3275,train,cub:6392
3276,train,cub:6393
3277,train,cub:6394
3278,train,cub:6395
3279,train,cub:6399
3280,train,cub:6402
3282,train,cub:6404
3283,train,cub:6407
3284,train,cub:6411
3285,train,cub:6414
3286,train,cub:6416
3287,train,cub:6417
3290,train,cub:6423
3291,train,cub:6427
3292,train,cub:6429
3293,train,cub:6433
3294,train,cub:6435
3295,train,cub:6436
3297,train,cub:6440
3298,train,cub:6441
3299,train,cub:6443
3302,train,cub:6447
3303,train,cub:6448
3304,train,cub:6452
3305,train,cub:6455
3307,train,cub:6458
3308,train,cub:6460
3309,train,cub:6461
3311,train,cub:6464
3312,train,cub:6465
3314,train,cub:6471
3315,train,cub:6475
3316,train,cub:6477
3317,train,cub:6478
3318,train,cub:6479
3320,train,cub:6481
3321,train,cub:6483
3322,train,cub:6488
3323,train,cub:6489
3324,train,cub:6490
3325,train,cub:6491
3326,train,cub:6496
3327,train,cub:6500
3328,train,cub:6502
3329,train,cub:6503
3330,train,cub:6506
3333,train,cub:6510
3334,train,cub:6513
3336,train,cub:6515
3337,train,cub:6518
3338,train,cub:6520
3339,train,cub:6523
3340,train,cub:6529
3341,train,cub:6531
3342,train,cub:6532
3344,train,cub:6534
3346,train,cub:6536
3347,train,cub:6538
3349,train,cub:6540
3350,train,cub:6543
3351,train,cub:6544
3352,train,cub:6546
3353,train,cub:6547
3354,train,cub:6552
3355,train,cub:6555
3356,train,cub:6558
3357,train,cub:6560
3358,train,cub:6562
3360,train,cub:6564
3361,train,cub:6565
3362,train,cub:6566
3364,train,cub:6568
3365,train,cub:6570
3366,train,cub:6572
3367,train,cub:6573
3368,train,cub:6574
3370,train,cub:6585
3372,train,cub:6587
3373,train,cub:6588
3374,train,cub:6590
3375,train,cub:6591
3376,train,cub:6592
3377,train,cub:6597
3378,train,cub:6598
3379,train,cub:6599
3380,train,cub:6600
3381,train,cub:6603
3382,train,cub:6604
3383,train,cub:6605
3385,train,cub:6607
3386,train,cub:6610
3388,train,cub:6612
3389,train,cub:6614
3390,train,cub:6617
3391,train,cub:6622
3392,train,cub:6623
3394,train,cub:6629
3395,train,cub:6631
3396,train,cub:6632
3397,train,cub:6633
3400,train,cub:6636
3402,train,cub:6639
3403,train,cub:6641
3405,train,cub:6647
3406,train,cub:6649
3407,train,cub:6651
3409,train,cub:6655
3410,train,cub:6659
3411,train,cub:6661
3412,train,cub:6662
3413,train,cub:6663
3414,train,cub:6664
3415,train,cub:6666
3416,train,cub:6667
3417,train,cub:6668
3418,train,cub:6669
3420,train,cub:6675
3421,train,cub:6676
3423,train,cub:6680
3425,train,cub:6682
3426,train,cub:6683
3427,train,cub:6685
3428,train,cub:6686
3429,train,cub:6687
3430,train,cub:6690
3431,train,cub:6694
3432,train,cub:6697
3433,train,cub:6698
3434,train,cub:6699
3436,train,cub:6702
3437,train,cub:6705
3438,train,cub:6706
3439,train,cub:6710
3440,train,cub:6714
3441,train,cub:6715
3442,train,cub:6721
3444,train,cub:6726
3446,train,cub:6728
3447,train,cub:6729
3448,train,cub:6730
3449,train,cub:6732
3450,train,cub:6734
3452,train,cub:6739
3453,train,cub:6741
3454,train,cub:6743
3456,train,cub:6751
3457,train,cub:6752
3458,train,cub:6753
3459,train,cub:6754
3460,train,cub:6756
3461,train,cub:6757
3462,train,cub:6758
3463,train,cub:6763
3464,train,cub:6764
3466,train,cub:6770
3468,train,cub:6772
3469,train,cub:6773
3470,train,cub:6774
3471,train,cub:6775
3472,train,cub:6776
3473,train,cub:6777
3474,train,cub:6779
3476,train,cub:6782
3478,train,cub:6787
3479,train,cub:6792
3481,train,cub:6795
3482,train,cub:6798
3484,train,cub:6804
3485,train,cub:6805
3486,train,cub:6809
3487,train,cub:6810
3488,train,cub:6811
3489,train,cub:6815
3491,train,cub:6818
3492,train,cub:6819
3493,train,cub:6820
3494,train,cub:6821
3495,train,cub:6822
3496,train,cub:6823
3498,train,cub:6828
3499,train,cub:6829
3500,train,cub:6832
3502,train,cub:6835
3503,train,cub:6838
3504,train,cub:6840
3505,train,cub:6845
3506,train,cub:6847
3507,train,cub:6848
3510,train,cub:6857
3511,train,cub:6858
3512,train,cub:6861
3514,train,cub:6864
3515,train,cub:6865
3516,train,cub:6869
3517,train,cub:6871
3518,train,cub:6873
3519,train,cub:6874
3520,train,cub:6876
3521,train,cub:6877
3522,train,cub:6878
3523,train,cub:6879
3525,train,cub:6882
3527,train,cub:6886
3528,train,cub:6887
3529,train,cub:6889
3530,train,cub:6890
3531,train,cub:6891
3532,train,cub:6892
3534,train,cub:6899
3535,train,cub:6900
3537,train,cub:6907
3538,train,cub:6909
3539,train,cub:6914
3542,train,cub:6918
3543,train,cub:6919
3544,train,cub:6922
3545,train,cub:6925
3546,train,cub:6926
3548,train,cub:6929
3549,train,cub:6930
3551,train,cub:6934
3552,train,cub:6935
3553,train,cub:6937
3554,train,cub:6938
3555,train,cub:6943
3556,train,cub:6944
3557,train,cub:6945
3558,train,cub:6946
3559,train,cub:6950
3560,train,cub:6952
3561,train,cub:6955
3563,train,cub:6958
3564,train,cub:6959
3565,train,cub:6961
3566,train,cub:6962
3567,train,cub:6968
3570,train,cub:6974
3572,train,cub:6980
3573,train,cub:6983
3574,train,cub:6984
3575,train,cub:6985
3576,train,cub:6986
3577,train,cub:6987
3578,train,cub:6988
3580,train,cub:6990
3581,train,cub:6993
3582,train,cub:6994
3583,train,cub:6995
3584,train,cub:6998
3586,train,cub:7002
3587,train,cub:7003
3588,train,cub:7004
3590,train,cub:7008
3591,train,cub:7014
3592,train,cub:7016
3593,train,cub:7021
3594,train,cub:7022
3595,train,cub:7023
3596,train,cub:7024
3597,train,cub:7028
3600,train,cub:7035
3604,train,cub:7044
3605,train,cub:7045
3606,train,cub:7046
3607,train,cub:7049
3608,train,cub:7050
3609,train,cub:7052
3610,train,cub:7053
3611,train,cub:7055
3612,train,cub:7057
3613,train,cub:7059
3614,train,cub:7063
3615,train,cub:7066
3616,train,cub:7070
3617,train,cub:7071
3618,train,cub:7074
3619,train,cub:7075
3620,train,cub:7076
3621,train,cub:7077
3623,train,cub:7080
3624,train,cub:7082
3626,train,cub:7086
3627,train,cub:7088
3628,train,cub:7089
3629,train,cub:7090
3631,train,cub:7097
3632,train,cub:7098
3633,train,cub:7099
3634,train,cub:7101
3635,train,cub:7103
3636,train,cub:7106
3637,train,cub:7107
3638,train,cub:7108
3639,train,cub:7109
3640,train,cub:7111
3641,train,cub:7113
3642,train,cub:7116
3643,train,cub:7117
3645,train,cub:7123
3646,train,cub:7124
3647,train,cub:7127
3648,train,cub:7129
3649,train,cub:7132
3650,train,cub:7136
3652,train,cub:7141
3653,train,cub:7142
3655,train,cub:7144
3656,train,cub:7145
3659,train,cub:7151
3660,train,cub:7152
3663,train,cub:7157
3664,train,cub:7158
3665,train,cub:7161
3666,train,cub:7163
3667,train,cub:7164
3668,train,cub:7166
3670,train,cub:7171
3671,train,cub:7178
3674,train,cub:7185
3675,train,cub:7186
3676,train,cub:7187
3677,train,cub:7188
3678,train,cub:7191
3679,train,cub:7194
3680,train,cub:7195
3681,train,cub:7197
3682,train,cub:7200
3683,train,cub:7201
3684,train,cub:7202
3685,train,cub:7203
3686,train,cub:7205
3688,train,cub:7208
3689,train,cub:7211
3690,train,cub:7214
3691,train,cub:7215
3692,train,cub:7216
3693,train,cub:7217
3694,train,cub:7218
3695,train,cub:7220
3698,train,cub:7229
3700,train,cub:7231
3701,train,cub:7232
3702,train,cub:7234
3703,train,cub:7235
3705,train,cub:7243
3706,train,cub:7245
3707,train,cub:7248
3708,train,cub:7250
3709,train,cub:7254
3711,train,cub:7258
3712,train,cub:7259
3713,train,cub:7260
3714,train,cub:7262
3715,train,cub:7264
3716,train,cub:7265
3717,train,cub:7267
3719,train,cub:7270
3720,train,cub:7272
3724,train,cub:7278
3725,train,cub:7285
3726,train,cub:7286
3727,train,cub:7287
3728,train,cub:7288
3729,train,cub:7290
3730,train,cub:7294
3732,train,cub:7296
3733,train,cub:7298
3734,train,cub:7300
3735,train,cub:7301
3736,train,cub:7304
3737,train,cub:7305
3738,train,cub:7307
3739,train,cub:7308
3740,train,cub:7312
3741,train,cub:7316
3743,train,cub:7320
3744,train,cub:7322
3745,train,cub:7323
3746,train,cub:7324
3748,train,cub:7327
3749,train,cub:7328
3750,train,cub:7332
3751,train,cub:7333
3753,train,cub:7336
3754,train,cub:7337
3756,train,cub:7343
3758,train,cub:7348
3759,train,cub:7353
3760,train,cub:7359
3762,train,cub:7362
3763,train,cub:7363
3764,train,cub:7364
3766,train,cub:7367
3767,train,cub:7368
3768,train,cub:7370
3769,train,cub:7371
3770,train,cub:7373
3771,train,cub:7375
3772,train,cub:7376
3773,train,cub:7377
3775,train,cub:7380
3776,train,cub:7381
3777,train,cub:7382
3778,train,cub:7390
3780,train,cub:7393
3781,train,cub:7397
3782,train,cub:7399
3783,train,cub:7401
3784,train,cub:7402
3785,train,cub:7406
3786,train,cub:7407
3787,train,cub:7410
3789,train,cub:7412
3790,train,cub:7414
3791,train,cub:7416
3794,train,cub:7420
3796,train,cub:7426
3797,train,cub:7427
3798,train,cub:7429
3799,train,cub:7430
3800,train,cub:7432
3802,train,cub:7435
3803,train,cub:7437
3804,train,cub:7438
3805,train,cub:7439
3806,train,cub:7444
3807,train,cub:7445
3808,train,cub:7448
3810,train,cub:7455
3811,train,cub:7456
3812,train,cub:7459
3813,train,cub:7460
3815,train,cub:7462
3817,train,cub:7465
3818,train,cub:7467
3819,train,cub:7468
3820,train,cub:7469
3822,train,cub:7472
3823,train,cub:7474
3824,train,cub:7480
3825,train,cub:7482
3826,train,cub:7484
3827,train,cub:7485
3828,train,cub:7489
3829,train,cub:7490
3831,train,cub:7493
3832,train,cub:7495
3833,train,cub:7496
3834,train,cub:7499
3835,train,cub:7501
3837,train,cub:7504
3838,train,cub:7508
3839,train,cub:7513
3840,train,cub:7514
3841,train,cub:7515
3842,train,cub:7517
3844,train,cub:7522
3845,train,cub:7524
3846,train,cub:7525
3847,train,cub:7527
3848,train,cub:7528
3851,train,cub:7535
3853,train,cub:7541
3854,train,cub:7542
3855,train,cub:7543
3856,train,cub:7544
3857,train,cub:7545
3858,train,cub:7547
3859,train,cub:7549
3860,train,cub:7551
3861,train,cub:7554
3862,train,cub:7555
3864,train,cub:7561
3865,train,cub:7563
3867,train,cub:7566
3868,train,cub:7567
3869,train,cub:7568
3871,train,cub:7570
3874,train,cub:7575
3875,train,cub:7578
3876,train,cub:7579
3877,train,cub:7584
3878,train,cub:7585
3879,train,cub:7590
3880,train,cub:7592
3881,train,cub:7594
3882,train,cub:7595
3883,train,cub:7598
3884,train,cub:7599
3885,train,cub:7600
3886,train,cub:7604
3889,train,cub:7610
3890,train,cub:7612
3891,train,cub:7616
3893,train,cub:7618
3894,train,cub:7619
3895,train,cub:7621
3896,train,cub:7624
3897,train,cub:7626
3899,train,cub:7628
3900,train,cub:7632
3901,train,cub:7633
3902,train,cub:7634
3903,train,cub:7635
3904,train,cub:7639
3905,train,cub:7641
3906,train,cub:7643
3907,train,cub:7645
3908,train,cub:7648
3909,train,cub:7649
3911,train,cub:7653
3912,train,cub:7654
3913,train,cub:7656
3915,train,cub:7658
3916,train,cub:7662
3917,train,cub:7664
3918,train,cub:7665
3919,train,cub:7666
3921,train,cub:7673
3923,train,cub:7677
3924,train,cub:7678
3925,train,cub:7682
3927,train,cub:7686
3929,train,cub:7688
3930,train,cub:7690
3931,train,cub:7691
3933,train,cub:7695
3934,train,cub:7696
3935,train,cub:7698
3936,train,cub:7699
3937,train,cub:7700
3938,train,cub:7702
3939,train,cub:7703
3941,train,cub:7706
3942,train,cub:7707
3943,train,cub:7708
3945,train,cub:7713
3946,train,cub:7716
3947,train,cub:7717
3948,train,cub:7718
3949,train,cub:7726
3950,train,cub:7728
3951,train,cub:7729
3953,train,cub:7732
3954,train,cub:7740
3955,train,cub:7741
3956,train,cub:7742
3959,train,cub:7751
3960,train,cub:7752
3961,train,cub:7755
3962,train,cub:7758
3963,train,cub:7759
3964,train,cub:7760
3965,train,cub:7761
3968,train,cub:7765
3969,train,cub:7766
3970,train,cub:7767
3971,train,cub:7770
3973,train,cub:7774
3974,train,cub:7779
3975,train,cub:7780
3976,train,cub:7784
3977,train,cub:7788
3979,train,cub:7790
3981,train,cub:7792
3982,train,cub:7795
3983,train,cub:7797
3984,train,cub:7798
3985,train,cub:7800
3986,train,cub:7803
3987,train,cub:7804
3988,train,cub:7810
3989,train,cub:7811
3990,train,cub:7814
3991,train,cub:7816
3992,train,cub:7817
3993,train,cub:7818
3995,train,cub:7823
3996,train,cub:7824
3998,train,cub:7827
3999,train,cub:7828
4000,train,cub:7831
4003,train,cub:7834
4004,train,cub:7835
4005,train,cub:7837
4006,train,cub:7838
4007,train,cub:7840
4008,train,cub:7843
4009,train,cub:7844
4010,train,cub:7845
4011,train,cub:7846
4012,train,cub:7847
4014,train,cub:7850
4015,train,cub:7854
4017,train,cub:7861
4019,train,cub:7868
4020,train,cub:7869
4021,train,cub:7870
4022,train,cub:7871
4023,train,cub:7872
4024,train,cub:7873
4026,train,cub:7876
4027,train,cub:7878
4028,train,cub:7880
4030,train,cub:7883
4031,train,cub:7885
4032,train,cub:7886
4034,train,cub:7892
4035,train,cub:7896
4038,train,cub:7900
4039,train,cub:7902
4040,train,cub:7905
4041,train,cub:7910
4042,train,cub:7911
4043,train,cub:7912
4044,train,cub:7914
4045,train,cub:7916
4046,train,cub:7921
4047,train,cub:7929
4048,train,cub:7930
4049,train,cub:7934
4050,train,cub:7935
4051,train,cub:7936
4053,train,cub:7938
4054,train,cub:7939
4055,train,cub:7940
4057,train,cub:7945
4058,train,cub:7946
4060,train,cub:7954
4061,train,cub:7957
4063,train,cub:7959
4065,train,cub:7961
4066,train,cub:7962
4067,train,cub:7964
4068,train,cub:7966
4070,train,cub:7969
4071,train,cub:7972
4072,train,cub:7976
4073,train,cub:7977
4074,train,cub:7979
4075,train,cub:7982
4076,train,cub:7983
4077,train,cub:7988
4078,train,cub:7992
4079,train,cub:7993
4081,train,cub:7997
4082,train,cub:8000
4083,train,cub:8001
4085,train,cub:8004
4086,train,cub:8006
4087,train,cub:8007
4088,train,cub:8008
4089,train,cub:8010
4090,train,cub:8012
4091,train,cub:8014
4092,train,cub:8016
4093,train,cub:8018
4094,train,cub:8019
4095,train,cub:8020
4096,train,cub:8023
4097,train,cub:8024
4100,train,cub:8034
4101,train,cub:8035
4102,train,cub:8038
4103,train,cub:8041
4105,train,cub:8043
4107,train,cub:8046
4108,train,cub:8047
4109,train,cub:8048
4112,train,cub:8055
4113,train,cub:8057
4114,train,cub:8060
4115,train,cub:8062
4116,train,cub:8064
4117,train,cub:8065
4118,train,cub:8066
4119,train,cub:8067
4121,train,cub:8074
4122,train,cub:8075
4123,train,cub:8076
4127,train,cub:8089
4128,train,cub:8090
4129,train,cub:8092
4130,train,cub:8094
4131,train,cub:8096
4132,train,cub:8099
4133,train,cub:8101
4134,train,cub:8102
4135,train,cub:8103
4136,train,cub:8104
4137,train,cub:8107
4139,train,cub:8112
4141,train,cub:8114
4142,train,cub:8115
4144,train,cub:8117
4145,train,cub:8120
4146,train,cub:8121
4147,train,cub:8123
4148,train,cub:8125
4149,train,cub:8127
4150,train,cub:8129
4152,train,cub:8132
4153,train,cub:8133
4154,train,cub:8138
4155,train,cub:8141
4156,train,cub:8142
4157,train,cub:8144
4158,train,cub:8145
4160,train,cub:8147
4162,train,cub:8153
4163,train,cub:8158
4164,train,cub:8160
4165,train,cub:8161
4166,train,cub:8163
4167,train,cub:8167
4168,train,cub:8169
4169,train,cub:8170
4170,train,cub:8172
4171,train,cub:8177
4172,train,cub:8178
4173,train,cub:8179
4174,train,cub:8180
4176,train,cub:8183
4177,train,cub:8187
4178,train,cub:8191
4180,train,cub:8193
4181,train,cub:8194
4182,train,cub:8198
4186,train,cub:8205
4187,train,cub:8206
4188,train,cub:8208
4189,train,cub:8209
4190,train,cub:8211
4191,train,cub:8212
4192,train,cub:8214
4193,train,cub:8217
4195,train,cub:8219
4196,train,cub:8221
4197,train,cub:8226
4198,train,cub:8229
4199,train,cub:8230
4200,train,cub:8231
4201,train,cub:8233
4202,train,cub:8236
4203,train,cub:8237
4204,train,cub:8239
4206,train,cub:8241
4207,train,cub:8245
4208,train,cub:8247
4209,train,cub:8250
4211,train,cub:8255
4212,train,cub:8256
4214,train,cub:8259
4215,train,cub:8263
4217,train,cub:8265
4218,train,cub:8267
4219,train,cub:8269
4221,train,cub:8274
4222,train,cub:8276
4223,train,cub:8279
4224,train,cub:8280
4225,train,cub:8281
4226,train,cub:8286
4227,train,cub:8287
4228,train,cub:8288
4229,train,cub:8289
4230,train,cub:8290
4231,train,cub:8291
4232,train,cub:8292
4233,train,cub:8294
4236,train,cub:8299
4237,train,cub:8301
4238,train,cub:8302
4239,train,cub:8303
4240,train,cub:8305
4241,train,cub:8306
4243,train,cub:8312
4244,train,cub:8321
4245,train,cub:8322
4247,train,cub:8324
4249,train,cub:8335
4250,train,cub:8336
4251,train,cub:8337
4252,train,cub:8339
4253,train,cub:8340
4254,train,cub:8341
4257,train,cub:8350
4258,train,cub:8354
4259,train,cub:8355
4260,train,cub:8358
4261,train,cub:8361
4262,train,cub:8363
4263,train,cub:8366
4264,train,cub:8368
4266,train,cub:8370
4267,train,cub:8371
4270,train,cub:8376
4271,train,cub:8377
4272,train,cub:8378
4273,train,cub:8379
4274,train,cub:8381
4275,train,cub:8384
4276,train,cub:8385
4277,train,cub:8390
4278,train,cub:8391
4279,train,cub:8392
4280,train,cub:8394
4282,train,cub:8400
4283,train,cub:8401
4285,train,cub:8403
4288,train,cub:8407
4290,train,cub:8409
4291,train,cub:8410
4292,train,cub:8411
4294,train,cub:8415
4295,train,cub:8416
4297,train,cub:8422
4298,train,cub:8427
4299,train,cub:8429
4300,train,cub:8430
4301,train,cub:8431
4303,train,cub:8436
4304,train,cub:8437
4305,train,cub:8441
4306,train,cub:8445
4307,train,cub:8449
4308,train,cub:8450
4309,train,cub:8452
4310,train,cub:8453
4311,train,cub:8456
4312,train,cub:8458
4313,train,cub:8459
4314,train,cub:8460
4315,train,cub:8462
4317,train,cub:8470
4318,train,cub:8471
4319,train,cub:8472
4320,train,cub:8473
4322,train,cub:8480
4324,train,cub:8483
4325,train,cub:8484
4326,train,cub:8486
4327,train,cub:8491
4328,train,cub:8494
4329,train,cub:8496
4330,train,cub:8498
4331,train,cub:8499
4332,train,cub:8500
4333,train,cub:8502
4334,train,cub:8510
4335,train,cub:8512
4336,train,cub:8513
4338,train,cub:8515
4339,train,cub:8516
4340,train,cub:8517
4341,train,cub:8518
4342,train,cub:8520
4344,train,cub:8522
4346,train,cub:8526
4347,train,cub:8527
4348,train,cub:8532
4349,train,cub:8533
4350,train,cub:8534
4351,train,cub:8536
4352,train,cub:8540
4353,train,cub:8543
4354,train,cub:8544
4356,train,cub:8548
4357,train,cub:8549
4358,train,cub:8550
4359,train,cub:8551
4360,train,cub:8553
4361,train,cub:8556
4362,train,cub:8557
4364,train,cub:8562
4367,train,cub:8567
4368,train,cub:8568
4369,train,cub:8569
4370,train,cub:8570
4373,train,cub:8576
4374,train,cub:8579
4375,train,cub:8583
4377,train,cub:8585
4378,train,cub:8587
4379,train,cub:8588
4380,train,cub:8589
4381,train,cub:8592
4382,train,cub:8597
4383,train,cub:8598
4385,train,cub:8602
4386,train,cub:8603
4387,train,cub:8605
4388,train,cub:8606
4389,train,cub:8607
4390,train,cub:8609
4391,train,cub:8612
4392,train,cub:8614
4393,train,cub:8615
4395,train,cub:8621
4396,train,cub:8625
4397,train,cub:8626
4398,train,cub:8632
4400,train,cub:8636
4402,train,cub:8638
4403,train,cub:8641
4405,train,cub:8643
4407,train,cub:8647
4408,train,cub:8648
4409,train,cub:8650
4410,train,cub:8653
4412,train,cub:8657
4413,train,cub:8661
4414,train,cub:8662
4415,train,cub:8663
4416,train,cub:8666
4417,train,cub:8668
4419,train,cub:8671
4420,train,cub:8673
4421,train,cub:8674
4422,train,cub:8676
4423,train,cub:8677
4424,train,cub:8679
4428,train,cub:8687
4429,train,cub:8688
4430,train,cub:8689
4431,train,cub:8698
4432,train,cub:8700
4433,train,cub:8701
4434,train,cub:8702
4435,train,cub:8703
4436,train,cub:8704
4438,train,cub:8708
4439,train,cub:8710
4440,train,cub:8711
4442,train,cub:8716
4443,train,cub:8717
4444,train,cub:8718
4445,train,cub:8721
4446,train,cub:8724
4447,train,cub:8725
4448,train,cub:8728
4450,train,cub:8731
4451,train,cub:8732
4452,train,cub:8733
4453,train,cub:8734
4455,train,cub:8738
4456,train,cub:8744
4457,train,cub:8745
4458,train,cub:8746
4460,train,cub:8751
4461,train,cub:8754
4462,train,cub:8755
4464,train,cub:8759
4465,train,cub:8761
4466,train,cub:8764
4468,train,cub:8766
4469,train,cub:8767
4470,train,cub:8769
4473,train,cub:8773
4474,train,cub:8774
4475,train,cub:8781
4476,train,cub:8782
4477,train,cub:8786
4479,train,cub:8790
4480,train,cub:8792
4481,train,cub:8794
4483,train,cub:8799
4484,train,cub:8800
4485,train,cub:8801
4486,train,cub:8804
4487,train,cub:8805
4488,train,cub:8806
4489,train,cub:8810
4490,train,cub:8813
4492,train,cub:8815
4493,train,cub:8816
4494,train,cub:8819
4495,train,cub:8820
4496,train,cub:8823
4497,train,cub:8824
4498,train,cub:8828
4500,train,cub:8830
4501,train,cub:8831
4502,train,cub:8832
4505,train,cub:8836
4506,train,cub:8837
4507,train,cub:8838
4508,train,cub:8839
4509,train,cub:8842
4511,train,cub:8845
4512,train,cub:8847
4513,train,cub:8848
4514,train,cub:8851
4515,train,cub:8852
4517,train,cub:8855
4518,train,cub:8860
4519,train,cub:8861
4520,train,cub:8863
4522,train,cub:8868
4523,train,cub:8869
4524,train,cub:8870
4525,train,cub:8871
4526,train,cub:8875
4528,train,cub:8878
4529,train,cub:8881
4530,train,cub:8884
4532,train,cub:8886
4534,train,cub:8893
4535,train,cub:8894
4536,train,cub:8896
4537,train,cub:8901
4538,train,cub:8902
4539,train,cub:8903
4540,train,cub:8907
4541,train,cub:8908
4542,train,cub:8911
4543,train,cub:8912
4544,train,cub:8913
4545,train,cub:8914
4546,train,cub:8915
4547,train,cub:8916
4549,train,cub:8918
4551,train,cub:8925
4552,train,cub:8927
4554,train,cub:8929
4555,train,cub:8933
4556,train,cub:8935
4557,train,cub:8938
4558,train,cub:8941
4561,train,cub:8947
4562,train,cub:8948
4564,train,cub:8951
4565,train,cub:8953
4566,train,cub:8954
4567,train,cub:8955
4568,train,cub:8957
4569,train,cub:8958
4570,train,cub:8961
4572,train,cub:8963
4573,train,cub:8964
4574,train,cub:8966
4575,train,cub:8970
4576,train,cub:8972
4577,train,cub:8974
4578,train,cub:8975
4579,train,cub:8977
4581,train,cub:8983
4582,train,cub:8985
4583,train,cub:8987
4584,train,cub:8989
4586,train,cub:8997
4588,train,cub:9002
4589,train,cub:9005
4592,train,cub:9014
4594,train,cub:9018
4595,train,cub:9019
4596,train,cub:9020
4598,train,cub:9022
4599,train,cub:9023
4600,train,cub:9024
4601,train,cub:9027
4602,train,cub:9028
4603,train,cub:9029
4604,train,cub:9030
4605,train,cub:9031
4606,train,cub:9032
4607,train,cub:9035
4608,train,cub:9036
4609,train,cub:9037
4610,train,cub:9039
4611,train,cub:9040
4612,train,cub:9041
4613,train,cub:9042
4615,train,cub:9051
4617,train,cub:9058
4618,train,cub:9059
4620,train,cub:9062
4621,train,cub:9063
4622,train,cub:9065
4623,train,cub:9067
4625,train,cub:9070
4626,train,cub:9074
4627,train,cub:9076
4628,train,cub:9078
4629,train,cub:9080
4630,train,cub:9083
4631,train,cub:9086
4632,train,cub:9087
4633,train,cub:9089
4634,train,cub:9090
4635,train,cub:9091
4638,train,cub:9094
4639,train,cub:9100
4640,train,cub:9101
4641,train,cub:9104
4642,train,cub:9105
4643,train,cub:9106
4645,train,cub:9112
4646,train,cub:9115
4648,train,cub:9117
4650,train,cub:9119
4653,train,cub:9123
4654,train,cub:9125
4655,train,cub:9126
4656,train,cub:9129
4657,train,cub:9134
4658,train,cub:9138
4660,train,cub:9143
4661,train,cub:9144
4662,train,cub:9145
4663,train,cub:9146
4665,train,cub:9154
4666,train,cub:9156
4667,train,cub:9157
4668,train,cub:9158
4669,train,cub:9160
4670,train,cub:9161
4671,train,cub:9162
4672,train,cub:9163
4673,train,cub:9164
4674,train,cub:9166
4675,train,cub:9167
4676,train,cub:9178
4677,train,cub:9184
4678,train,cub:9185
4679,train,cub:9189
4680,train,cub:9190
4681,train,cub:9191
4682,train,cub:9192
4683,train,cub:9193
4687,train,cub:9202
4688,train,cub:9203
4689,train,cub:9204
4690,train,cub:9206
4691,train,cub:9207
4692,train,cub:9209
4693,train,cub:9210
4694,train,cub:9211
4695,train,cub:9212
4696,train,cub:9214
4697,train,cub:9218
4698,train,cub:9220
4702,train,cub:9225
4703,train,cub:9226
4704,train,cub:9227
4705,train,cub:9228
4707,train,cub:9234
4708,train,cub:9235
4709,train,cub:9236
4710,train,cub:9237
4711,train,cub:9241
4712,train,cub:9242
4713,train,cub:9244
4714,train,cub:9247
4715,train,cub:9251
4716,train,cub:9253
4717,train,cub:9255
4718,train,cub:9256
4719,train,cub:9261
4720,train,cub:9263
4721,train,cub:9265
4722,train,cub:9269
4725,train,cub:9274
4726,train,cub:9275
4728,train,cub:9281
4730,train,cub:9284
4731,train,cub:9286
4733,train,cub:9288
4734,train,cub:9290
4735,train,cub:9291
4736,train,cub:9292
4737,train,cub:9293
4738,train,cub:9295
4739,train,cub:9299
4740,train,cub:9300
4741,train,cub:9302
4745,train,cub:9308
4746,train,cub:9311
4747,train,cub:9313
4749,train,cub:9315
4751,train,cub:9318
4752,train,cub:9322
4753,train,cub:9324
4754,train,cub:9326
4755,train,cub:9328
4756,train,cub:9331
4757,train,cub:9332
4759,train,cub:9336
4760,train,cub:9337
4761,train,cub:9340
4762,train,cub:9342
4763,train,cub:9345
4764,train,cub:9350
4765,train,cub:9351
4766,train,cub:9354
4767,train,cub:9357
4768,train,cub:9358
4769,train,cub:9359
4772,train,cub:9364
4773,train,cub:9365
4775,train,cub:9369
4776,train,cub:9371
4777,train,cub:9372
4778,train,cub:9373
4780,train,cub:9376
4781,train,cub:9381
4782,train,cub:9382
4783,train,cub:9386
4784,train,cub:9387
4785,train,cub:9388
4786,train,cub:9391
4787,train,cub:9393
4788,train,cub:9394
4789,train,cub:9400
4790,train,cub:9402
4791,train,cub:9404
4793,train,cub:9406
4794,train,cub:9408
4796,train,cub:9411
4798,train,cub:9415
4799,train,cub:9417
4800,train,cub:9421
4801,train,cub:9423
4803,train,cub:9425
4804,train,cub:9427
4806,train,cub:9430
4807,train,cub:9432
4808,train,cub:9434
4809,train,cub:9437
4810,train,cub:9438
4811,train,cub:9441
4813,train,cub:9444
4814,train,cub:9445
4815,train,cub:9446
4816,train,cub:9447
4817,train,cub:9450
4818,train,cub:9454
4819,train,cub:9458
4820,train,cub:9460
4821,train,cub:9461
4824,train,cub:9468
4825,train,cub:9469
4826,train,cub:9474
4827,train,cub:9477
4828,train,cub:9478
4829,train,cub:9480
4830,train,cub:9481
4832,train,cub:9484
4833,train,cub:9485
4834,train,cub:9488
4836,train,cub:9496
4838,train,cub:9499
4839,train,cub:9501
4841,train,cub:9503
4842,train,cub:9506
4843,train,cub:9508
4845,train,cub:9512
4846,train,cub:9513
4847,train,cub:9515
4849,train,cub:9517
4850,train,cub:9519
4851,train,cub:9521
4852,train,cub:9522
4853,train,cub:9525
4854,train,cub:9526
4855,train,cub:9530
4856,train,cub:9531
4857,train,cub:9532
4859,train,cub:9538
4860,train,cub:9540
4861,train,cub:9543
4862,train,cub:9544
4863,train,cub:9545
4865,train,cub:9551
4866,train,cub:9553
4869,train,cub:9562
4870,train,cub:9563
4871,train,cub:9565
4872,train,cub:9568
4873,train,cub:9570
4874,train,cub:9572
4875,train,cub:9574
4876,train,cub:9575
4877,train,cub:9576
4878,train,cub:9578
4880,train,cub:9581
4882,train,cub:9583
4883,train,cub:9585
4884,train,cub:9589
4885,train,cub:9590
4886,train,cub:9592
4887,train,cub:9594
4889,train,cub:9601
4891,train,cub:9605
4892,train,cub:9607
4894,train,cub:9609
4895,train,cub:9612
4896,train,cub:9616
4897,train,cub:9617
4899,train,cub:9621
4900,train,cub:9622
4903,train,cub:9626
4904,train,cub:9627
4905,train,cub:9629
4906,train,cub:9630
4907,train,cub:9632
4908,train,cub:9635
4909,train,cub:9638
4910,train,cub:9639
4911,train,cub:9642
4912,train,cub:9644
4913,train,cub:9646
4914,train,cub:9647
4915,train,cub:9650
4916,train,cub:9651
4917,train,cub:9653
4918,train,cub:9656
4919,train,cub:9657
4923,train,cub:9666
4924,train,cub:9670
4926,train,cub:9672
4927,train,cub:9674
4928,train,cub:9675
4930,train,cub:9679
4931,train,cub:9680
4932,train,cub:9681
4933,train,cub:9682
4934,train,cub:9685
4935,train,cub:9691
4936,train,cub:9693
4937,train,cub:9694
4938,train,cub:9695
4939,train,cub:9700
4940,train,cub:9701
4941,train,cub:9703
4942,train,cub:9704
4943,train,cub:9707
4944,train,cub:9709
4946,train,cub:9712
4947,train,cub:9713
4948,train,cub:9715
4949,train,cub:9719
4950,train,cub:9721
4952,train,cub:9724
4953,train,cub:9725
4955,train,cub:9729
4956,train,cub:9731
4958,train,cub:9735
4959,train,cub:9736
4960,train,cub:9740
4962,train,cub:9745
4963,train,cub:9746
4964,train,cub:9747
4965,train,cub:9748
4966,train,cub:9749
4967,train,cub:9750
4969,train,cub:9753
4970,train,cub:9757
4971,train,cub:9760
4972,train,cub:9762
4974,train,cub:9765
4975,train,cub:9769
4976,train,cub:9770
4977,train,cub:9774
4978,train,cub:9779
4979,train,cub:9780
4980,train,cub:9781
4982,train,cub:9784
4983,train,cub:9786
4984,train,cub:9788
4985,train,cub:9792
4987,train,cub:9794
4988,train,cub:9797
4989,train,cub:9799
4990,train,cub:9801
4992,train,cub:9806
4993,train,cub:9808
4994,train,cub:9810
4996,train,cub:9812
4997,train,cub:9814
4998,train,cub:9815
4999,train,cub:9822
5000,train,cub:9824
5001,train,cub:9825
5002,train,cub:9826
5003,train,cub:9827
5006,train,cub:9831
5007,train,cub:9833
5008,train,cub:9834
5010,train,cub:9840
5012,train,cub:9844
5014,train,cub:9850
5015,train,cub:9852
5016,train,cub:9853
5018,train,cub:9857
5019,train,cub:9858
5020,train,cub:9859
5021,train,cub:9861
5022,train,cub:9862
5023,train,cub:9864
5024,train,cub:9867
5025,train,cub:9869
5026,train,cub:9871
5027,train,cub:9874
5028,train,cub:9875
5029,train,cub:9878
5030,train,cub:9880
5031,train,cub:9881
5032,train,cub:9882
5034,train,cub:9886
5036,train,cub:9890
5037,train,cub:9893
5038,train,cub:9895
5040,train,cub:9898
5041,train,cub:9899
5043,train,cub:9902
5044,train,cub:9906
5045,train,cub:9909
5047,train,cub:9912
5048,train,cub:9916
5049,train,cub:9923
5050,train,cub:9924
5051,train,cub:9926
5052,train,cub:9928
5054,train,cub:9930
5055,train,cub:9933
5056,train,cub:9935
5057,train,cub:9936
5059,train,cub:9938
5060,train,cub:9939
5061,train,cub:9940
5062,train,cub:9941
5064,train,cub:9946
5065,train,cub:9947
5066,train,cub:9948
5067,train,cub:9950
5068,train,cub:9951
5070,train,cub:9954
5072,train,cub:9956
5073,train,cub:9960
5074,train,cub:9962
5075,train,cub:9963
5076,train,cub:9964
5077,train,cub:9965
5078,train,cub:9966
5079,train,cub:9967
5081,train,cub:9969
5083,train,cub:9973
5084,train,cub:9974
5085,train,cub:9975
5086,train,cub:9977
5087,train,cub:9979
5088,train,cub:9988
5090,train,cub:9995
5091,train,cub:10001
5093,train,cub:10003
5094,train,cub:10004
5095,train,cub:10005
5096,train,cub:10008
5097,train,cub:10009
5098,train,cub:10012
5100,train,cub:10014
5101,train,cub:10015
5102,train,cub:10016
5103,train,cub:10018
5104,train,cub:10019
5105,train,cub:10020
5106,train,cub:10023
5109,train,cub:10027
5110,train,cub:10034
5111,train,cub:10036
5112,train,cub:10038
5113,train,cub:10040
5115,train,cub:10045
5117,train,cub:10049
5118,train,cub:10050
5119,train,cub:10051
5120,train,cub:10053
5121,train,cub:10060
5123,train,cub:10063
5124,train,cub:10066
5125,train,cub:10067
5126,train,cub:10071
5127,train,cub:10072
5128,train,cub:10073
5129,train,cub:10074
5131,train,cub:10076
5132,train,cub:10078
5134,train,cub:10085
5135,train,cub:10086
5136,train,cub:10087
5137,train,cub:10097
5138,train,cub:10099
5139,train,cub:10101
5141,train,cub:10103
5142,train,cub:10104
5143,train,cub:10106
5144,train,cub:10107
5145,train,cub:10108
5147,train,cub:10113
5149,train,cub:10117
5150,train,cub:10119
5151,train,cub:10120
5152,train,cub:10123
5153,train,cub:10124
5154,train,cub:10125
5156,train,cub:10128
5157,train,cub:10129
5159,train,cub:10134
5161,train,cub:10143
5162,train,cub:10144
5163,train,cub:10146
5164,train,cub:10148
5165,train,cub:10149
5166,train,cub:10152
5167,train,cub:10153
5169,train,cub:10156
5170,train,cub:10157
5171,train,cub:10158
5172,train,cub:10159
5173,train,cub:10160
5174,train,cub:10162
5175,train,cub:10165
5176,train,cub:10166
5177,train,cub:10168
5178,train,cub:10169
5179,train,cub:10170
5180,train,cub:10171
5182,train,cub:10180
5185,train,cub:10186
5187,train,cub:10190
5188,train,cub:10191
5190,train,cub:10197
5191,train,cub:10199
5192,train,cub:10200
5193,train,cub:10202
5194,train,cub:10203
5195,train,cub:10204
5196,train,cub:10207
5197,train,cub:10208
5198,train,cub:10209
5199,train,cub:10212
5201,train,cub:10214
5202,train,cub:10215
5204,train,cub:10223
5205,train,cub:10225
5206,train,cub:10227
5207,train,cub:10230
5208,train,cub:10236
5209,train,cub:10237
5210,train,cub:10240
5212,train,cub:10244
5214,train,cub:10246
5215,train,cub:10247
5216,train,cub:10248
5217,train,cub:10249
5219,train,cub:10252
5220,train,cub:10255
5221,train,cub:10260
5223,train,cub:10263
5224,train,cub:10264
5226,train,cub:10266
5227,train,cub:10267
5228,train,cub:10269
5229,train,cub:10270
5230,train,cub:10271
5231,train,cub:10273
5232,train,cub:10275
5234,train,cub:10278
5235,train,cub:10280
5236,train,cub:10281
5237,train,cub:10283
5238,train,cub:10284
5239,train,cub:10287
5242,train,cub:10303
5243,train,cub:10304
5244,train,cub:10305
5245,train,cub:10306
5246,train,cub:10309
5247,train,cub:10311
5248,train,cub:10314
5249,train,cub:10315
5251,train,cub:10321
5254,train,cub:10326
5255,train,cub:10328
5256,train,cub:10330
5258,train,cub:10333
5260,train,cub:10336
5261,train,cub:10340
5262,train,cub:10344
5263,train,cub:10345
5264,train,cub:10346
5265,train,cub:10347
5266,train,cub:10348
5267,train,cub:10349
5268,train,cub:10350
5269,train,cub:10353
5270,train,cub:10354
5271,train,cub:10357
5272,train,cub:10360
5273,train,cub:10362
5275,train,cub:10365
5276,train,cub:10368
5278,train,cub:10372
5280,train,cub:10375
5282,train,cub:10378
5283,train,cub:10379
5284,train,cub:10382
5285,train,cub:10388
5286,train,cub:10394
5287,train,cub:10395
5288,train,cub:10397
5290,train,cub:10402
5291,train,cub:10403
5292,train,cub:10404
5293,train,cub:10405
5294,train,cub:10406
5295,train,cub:10407
5296,train,cub:10409
5297,train,cub:10410
5298,train,cub:10411
5299,train,cub:10413
5300,train,cub:10414
5301,train,cub:10416
5303,train,cub:10420
5305,train,cub:10426
5306,train,cub:10428
5307,train,cub:10429
5308,train,cub:10430
5309,train,cub:10433
5310,train,cub:10435
5311,train,cub:10436
5312,train,cub:10437
5313,train,cub:10440
5314,train,cub:10441
5316,train,cub:10446
5317,train,cub:10448
5319,train,cub:10452
5320,train,cub:10455
5321,train,cub:10457
5323,train,cub:10459
5325,train,cub:10461
5327,train,cub:10466
5329,train,cub:10469
5330,train,cub:10470
5331,train,cub:10474
5332,train,cub:10476
5333,train,cub:10479
5334,train,cub:10481
5335,train,cub:10483
5337,train,cub:10486
5338,train,cub:10487
5339,train,cub:10491
5342,train,cub:10497
5343,train,cub:10498
5344,train,cub:10502
5345,train,cub:10503
5346,train,cub:10507
5347,train,cub:10508
5348,train,cub:10509
5349,train,cub:10510
5350,train,cub:10511
5351,train,cub:10512
5352,train,cub:10513
5353,train,cub:10516
5354,train,cub:10518
5355,train,cub:10523
5356,train,cub:10524
5359,train,cub:10530
5361,train,cub:10533
5362,train,cub:10539
5363,train,cub:10540
5364,train,cub:10541
5365,train,cub:10542
5366,train,cub:10544
5367,train,cub:10545
5368,train,cub:10550
5369,train,cub:10552
5370,train,cub:10553
5371,train,cub:10555
5374,train,cub:10559
5375,train,cub:10560
5376,train,cub:10561
5378,train,cub:10564
5379,train,cub:10566
5380,train,cub:10571
5381,train,cub:10573
5383,train,cub:10575
5384,train,cub:10579
5385,train,cub:10580
5386,train,cub:10582
5389,train,cub:10589
5390,train,cub:10590
5391,train,cub:10593
5392,train,cub:10595
5393,train,cub:10598
5394,train,cub:10599
5395,train,cub:10602
5396,train,cub:10603
5397,train,cub:10605
5398,train,cub:10606
5399,train,cub:10607
5400,train,cub:10609
5401,train,cub:10612
5402,train,cub:10613
5403,train,cub:10614
5405,train,cub:10620
5406,train,cub:10622
5407,train,cub:10624
5408,train,cub:10626
5409,train,cub:10628
5410,train,cub:10630
5412,train,cub:10633
5413,train,cub:10634
5414,train,cub:10636
5416,train,cub:10640
5417,train,cub:10643
5419,train,cub:10648
5420,train,cub:10651
5422,train,cub:10657
5423,train,cub:10658
5425,train,cub:10660
5426,train,cub:10663
5427,train,cub:10665
5428,train,cub:10670
5429,train,cub:10674
5431,train,cub:10677
5432,train,cub:10681
5434,train,cub:10683
5436,train,cub:10687
5437,train,cub:10690
5440,train,cub:10693
5441,train,cub:10694
5442,train,cub:10696
5443,train,cub:10698
5445,train,cub:10701
5446,train,cub:10702
5447,train,cub:10704
5448,train,cub:10708
5449,train,cub:10709
5450,train,cub:10710
5451,train,cub:10711
5452,train,cub:10715
5453,train,cub:10716
5454,train,cub:10717
5455,train,cub:10718
5456,train,cub:10723
5457,train,cub:10724
5459,train,cub:10728
5460,train,cub:10731
5461,train,cub:10734
5462,train,cub:10735
5463,train,cub:10738
5464,train,cub:10739
5465,train,cub:10741
5466,train,cub:10743
5467,train,cub:10747
5468,train,cub:10750
5470,train,cub:10756
5471,train,cub:10757
5473,train,cub:10760
5474,train,cub:10761
5477,train,cub:10765
5478,train,cub:10766
5479,train,cub:10767
5480,train,cub:10771
5481,train,cub:10772
5482,train,cub:10774
5484,train,cub:10777
5485,train,cub:10781
5487,train,cub:10785
5489,train,cub:10789
5490,train,cub:10790
5491,train,cub:10791
5492,train,cub:10792
5493,train,cub:10794
5494,train,cub:10795
5496,train,cub:10799
5497,train,cub:10800
5498,train,cub:10801
5499,train,cub:10802
5500,train,cub:10803
5501,train,cub:10805
5502,train,cub:10808
5504,train,cub:10814
5505,train,cub:10817
5506,train,cub:10818
5507,train,cub:10820
5508,train,cub:10821
5509,train,cub:10822
5510,train,cub:10823
5512,train,cub:10832
5513,train,cub:10834
5514,train,cub:10836
5517,train,cub:10843
5518,train,cub:10849
5519,train,cub:10850
5520,train,cub:10851
5521,train,cub:10852
5524,train,cub:10855
5525,train,cub:10859
5526,train,cub:10863
5528,train,cub:10870
5530,train,cub:10873
5531,train,cub:10874
5532,train,cub:10877
5533,train,cub:10878
5535,train,cub:10884
5536,train,cub:10885
5537,train,cub:10888
5538,train,cub:10890
5539,train,cub:10893
5540,train,cub:10894
5541,train,cub:10895
5542,train,cub:10896
5543,train,cub:10897
5544,train,cub:10899
5545,train,cub:10901
5547,train,cub:10905
5548,train,cub:10907
5549,train,cub:10909
5552,train,cub:10918
5553,train,cub:10920
5555,train,cub:10926
5556,train,cub:10931
5557,train,cub:10932
5559,train,cub:10934
5560,train,cub:10939
5561,train,cub:10940
5562,train,cub:10941
5563,train,cub:10943
5564,train,cub:10944
5565,train,cub:10946
5566,train,cub:10948
5567,train,cub:10950
5568,train,cub:10953
5569,train,cub:10954
5570,train,cub:10956
5572,train,cub:10958
5573,train,cub:10959
5574,train,cub:10960
5575,train,cub:10961
5576,train,cub:10964
5577,train,cub:10965
5579,train,cub:10967
5581,train,cub:10969
5583,train,cub:10975
5584,train,cub:10977
5586,train,cub:10979
5587,train,cub:10980
5588,train,cub:10982
5589,train,cub:10983
5590,train,cub:10988
5592,train,cub:10991
5593,train,cub:10992
5594,train,cub:10994
5595,train,cub:10995
5597,train,cub:10997
5598,train,cub:10999
5599,train,cub:11000
5600,train,cub:11001
5601,train,cub:11003
5602,train,cub:11006
5603,train,cub:11007
5604,train,cub:11008
5605,train,cub:11009
5606,train,cub:11013
5608,train,cub:11015
5609,train,cub:11018
5610,train,cub:11019
5611,train,cub:11020
5612,train,cub:11021
5613,train,cub:11022
5616,train,cub:11025
5617,train,cub:11030
5618,train,cub:11034
5619,train,cub:11036
5620,train,cub:11037
5621,train,cub:11038
5622,train,cub:11044
5623,train,cub:11045
5625,train,cub:11050
5627,train,cub:11056
5628,train,cub:11057
5629,train,cub:11059
5631,train,cub:11061
5632,train,cub:11065
5633,train,cub:11067
5634,train,cub:11069
5635,train,cub:11071
5636,train,cub:11072
5637,train,cub:11073
5638,train,cub:11074
5639,train,cub:11075
5640,train,cub:11076
5641,train,cub:11082
5642,train,cub:11083
5645,train,cub:11087
5646,train,cub:11088
5648,train,cub:11090
5649,train,cub:11092
5650,train,cub:11093
5651,train,cub:11095
5652,train,cub:11096
5653,train,cub:11099
5654,train,cub:11101
5655,train,cub:11106
5656,train,cub:11107
5658,train,cub:11109
5659,train,cub:11112
5660,train,cub:11113
5661,train,cub:11116
5662,train,cub:11120
5665,train,cub:11129
5666,train,cub:11132
5667,train,cub:11134
5668,train,cub:11135
5669,train,cub:11139
5670,train,cub:11143
5672,train,cub:11147
5673,train,cub:11148
5675,train,cub:11151
5676,train,cub:11153
5677,train,cub:11154
5678,train,cub:11155
5680,train,cub:11157
5682,train,cub:11159
5683,train,cub:11162
5684,train,cub:11166
5685,train,cub:11173
5686,train,cub:11174
5687,train,cub:11177
5688,train,cub:11178
5689,train,cub:11179
5691,train,cub:11183
5692,train,cub:11185
5694,train,cub:11189
5695,train,cub:11193
5696,train,cub:11195
5697,train,cub:11196
5698,train,cub:11198
5699,train,cub:11199
5700,train,cub:11206
5701,train,cub:11210
5702,train,cub:11211
5703,train,cub:11214
5705,train,cub:11216
5706,train,cub:11218
5709,train,cub:11221
5710,train,cub:11224
5711,train,cub:11226
5712,train,cub:11228
5713,train,cub:11229
5714,train,cub:11232
5716,train,cub:11235
5717,train,cub:11236
5718,train,cub:11237
5719,train,cub:11238
5721,train,cub:11242
5722,train,cub:11243
5723,train,cub:11244
5725,train,cub:11251
5726,train,cub:11252
5727,train,cub:11254
5728,train,cub:11256
5729,train,cub:11261
5730,train,cub:11264
5731,train,cub:11265
5732,train,cub:11268
5735,train,cub:11272
5736,train,cub:11276
5737,train,cub:11277
5738,train,cub:11279
5739,train,cub:11280
5741,train,cub:11286
5742,train,cub:11289
5743,train,cub:11291
5744,train,cub:11292
5745,train,cub:11293
5746,train,cub:11294
5747,train,cub:11295
5748,train,cub:11299
5749,train,cub:11300
5751,train,cub:11303
5752,train,cub:11304
5756,train,cub:11316
5759,train,cub:11322
5760,train,cub:11323
5761,train,cub:11324
5762,train,cub:11326
5764,train,cub:11330
5766,train,cub:11333
5768,train,cub:11341
5769,train,cub:11342
5770,train,cub:11345
5771,train,cub:11347
5772,train,cub:11350
5773,train,cub:11351
5774,train,cub:11354
5775,train,cub:11355
5776,train,cub:11356
5777,train,cub:11358
5778,train,cub:11359
5779,train,cub:11360
5780,train,cub:11363
5781,train,cub:11364
5782,train,cub:11366
5783,train,cub:11367
5784,train,cub:11369
5785,train,cub:11375
5787,train,cub:11382
5788,train,cub:11383
5789,train,cub:11385
5790,train,cub:11386
5791,train,cub:11387
5792,train,cub:11390
5793,train,cub:11391
5796,train,cub:11396
5797,train,cub:11397
5798,train,cub:11401
5799,train,cub:11403
5800,train,cub:11405
5802,train,cub:11407
5803,train,cub:11408
5805,train,cub:11412
5806,train,cub:11414
5807,train,cub:11416
5808,train,cub:11421
5810,train,cub:11424
5811,train,cub:11425
5812,train,cub:11426
5813,train,cub:11428
5814,train,cub:11429
5815,train,cub:11431
5816,train,cub:11433
5817,train,cub:11435
5819,train,cub:11439
5820,train,cub:11440
5821,train,cub:11441
5822,train,cub:11443
5823,train,cub:11446
5824,train,cub:11447
5825,train,cub:11448
5826,train,cub:11451
5827,train,cub:11452
5828,train,cub:11455
5829,train,cub:11456
5830,train,cub:11460
5831,train,cub:11464
5832,train,cub:11465
5834,train,cub:11468
5835,train,cub:11471
5837,train,cub:11474
5840,train,cub:11480
5842,train,cub:11485
5843,train,cub:11487
5844,train,cub:11489
5845,train,cub:11490
5846,train,cub:11491
5847,train,cub:11492
5848,train,cub:11493
5849,train,cub:11498
5852,train,cub:11507
5855,train,cub:11510
5856,train,cub:11511
5857,train,cub:11512
5858,train,cub:11516
5859,train,cub:11517
5860,train,cub:11518
5861,train,cub:11522
5862,train,cub:11524
5864,train,cub:11530
5865,train,cub:11532
5866,train,cub:11533
5867,train,cub:11535
5868,train,cub:11536
5869,train,cub:11540
5870,train,cub:11542
5871,train,cub:11545
5873,train,cub:11548
5874,train,cub:11552
5875,train,cub:11553
5877,train,cub:11555
5878,train,cub:11556
5879,train,cub:11557
5884,train,cub:11569
5885,train,cub:11572
5886,train,cub:11573
5887,train,cub:11579
5889,train,cub:11582
5890,train,cub:11584
5891,train,cub:11585
5892,train,cub:11589
5893,train,cub:11590
5894,train,cub:11591
5895,train,cub:11594
5896,train,cub:11596
5897,train,cub:11598
5898,train,cub:11599
5899,train,cub:11601
5900,train,cub:11604
5901,train,cub:11605
5902,train,cub:11606
5903,train,cub:11607
5904,train,cub:11610
5906,train,cub:11613
5907,train,cub:11614
5908,train,cub:11616
5909,train,cub:11617
5910,train,cub:11619
5911,train,cub:11621
5912,train,cub:11622
5913,train,cub:11623
5914,train,cub:11624
5916,train,cub:11627
5917,train,cub:11633
5918,train,cub:11634
5919,train,cub:11635
5920,train,cub:11636
5921,train,cub:11640
5922,train,cub:11642
5925,train,cub:11652
5928,train,cub:11660
5929,train,cub:11663
5930,train,cub:11664
5931,train,cub:11666
5932,train,cub:11667
5933,train,cub:11668
5934,train,cub:11669
5935,train,cub:11671
5936,train,cub:11677
5937,train,cub:11681
5938,train,cub:11682
5939,train,cub:11685
5940,train,cub:11686
5941,train,cub:11688
5942,train,cub:11690
5943,train,cub:11691
5944,train,cub:11694
5946,train,cub:11697
5947,train,cub:11698
5949,train,cub:11703
5950,train,cub:11705
5951,train,cub:11706
5952,train,cub:11708
5953,train,cub:11710
5957,train,cub:11718
5958,train,cub:11719
5960,train,cub:11722
5961,train,cub:11724
5962,train,cub:11726
5963,train,cub:11728
5964,train,cub:11731
5965,train,cub:11732
5966,train,cub:11734
5967,train,cub:11736
5968,train,cub:11738
5969,train,cub:11739
5971,train,cub:11746
5972,train,cub:11748
5973,train,cub:11750
5974,train,cub:11752
5975,train,cub:11753
5976,train,cub:11754
5978,train,cub:11758
5980,train,cub:11760
5981,train,cub:11762
5983,train,cub:11765
5984,train,cub:11767
5986,train,cub:11772
5987,train,cub:11774
5988,train,cub:11776
5989,train,cub:11778
5990,train,cub:11781
5991,train,cub:11782
5993,train,cub:11787
4,heldout,cub:8
5,heldout,cub:9
14,heldout,cub:32
25,heldout,cub:53
26,heldout,cub:55
29,heldout,cub:60
35,heldout,cub:72
37,heldout,cub:74
46,heldout,cub:96
47,heldout,cub:97
52,heldout,cub:109
59,heldout,cub:120
62,heldout,cub:123
64,heldout,cub:125
76,heldout,cub:148
87,heldout,cub:174
88,heldout,cub:176
89,heldout,cub:177
96,heldout,cub:194
100,heldout,cub:202
103,heldout,cub:206
105,heldout,cub:213
107,heldout,cub:216
111,heldout,cub:222
124,heldout,cub:247
134,heldout,cub:262
143,heldout,cub:273
144,heldout,cub:274
147,heldout,cub:278
149,heldout,cub:281
151,heldout,cub:284
152,heldout,cub:285
157,heldout,cub:291
166,heldout,cub:303
174,heldout,cub:318
178,heldout,cub:322
186,heldout,cub:333
194,heldout,cub:345
198,heldout,cub:355
203,heldout,cub:364
205,heldout,cub:367
208,heldout,cub:375
210,heldout,cub:377
212,heldout,cub:379
213,heldout,cub:380
215,heldout,cub:388
235,heldout,cub:416
236,heldout,cub:417
241,heldout,cub:427
244,heldout,cub:431
245,heldout,cub:432
255,heldout,cub:461
256,heldout,cub:464
260,heldout,cub:469
283,heldout,cub:507
290,heldout,cub:527
292,heldout,cub:530
296,heldout,cub:537
297,heldout,cub:539
299,heldout,cub:542
300,heldout,cub:544
305,heldout,cub:554
308,heldout,cub:559
312,heldout,cub:566
319,heldout,cub:581
321,heldout,cub:588
330,heldout,cub:605
331,heldout,cub:606
336,heldout,cub:614
347,heldout,cub:633
352,heldout,cub:642
353,heldout,cub:645
363,heldout,cub:666
365,heldout,cub:668
366,heldout,cub:669
375,heldout,cub:690
377,heldout,cub:693
381,heldout,cub:702
399,heldout,cub:735
401,heldout,cub:740
403,heldout,cub:744
404,heldout,cub:746
415,heldout,cub:769
419,heldout,cub:778
420,heldout,cub:780
425,heldout,cub:789
431,heldout,cub:798
434,heldout,cub:807
441,heldout,cub:819
445,heldout,cub:829
452,heldout,cub:845
454,heldout,cub:855
461,heldout,cub:863
462,heldout,cub:864
468,heldout,cub:873
473,heldout,cub:881
481,heldout,cub:900
484,heldout,cub:907
489,heldout,cub:918
490,heldout,cub:920
502,heldout,cub:939
507,heldout,cub:950
512,heldout,cub:956
517,heldout,cub:964
521,heldout,cub:970
523,heldout,cub:974
524,heldout,cub:975
534,heldout,cub:989
548,heldout,cub:1019
549,heldout,cub:1020
565,heldout,cub:1051
566,heldout,cub:1052
567,heldout,cub:1053
568,heldout,cub:1055
577,heldout,cub:1074
578,heldout,cub:1078
582,heldout,cub:1085
583,heldout,cub:1087
591,heldout,cub:1103
593,heldout,cub:1107
603,heldout,cub:1123
608,heldout,cub:1130
610,heldout,cub:1135
615,heldout,cub:1146
619,heldout,cub:1152
620,heldout,cub:1155
632,heldout,cub:1185
642,heldout,cub:1201
643,heldout,cub:1202
647,heldout,cub:1207
652,heldout,cub:1219
655,heldout,cub:1224
665,heldout,cub:1241
666,heldout,cub:1242
667,heldout,cub:1245
672,heldout,cub:1252
677,heldout,cub:1263
683,heldout,cub:1279
691,heldout,cub:1294
699,heldout,cub:1308
706,heldout,cub:1320
714,heldout,cub:1332
715,heldout,cub:1334
716,heldout,cub:1336
724,heldout,cub:1353
725,heldout,cub:1354
736,heldout,cub:1369
738,heldout,cub:1374
739,heldout,cub:1375
740,heldout,cub:1377
750,heldout,cub:1403
755,heldout,cub:1408
758,heldout,cub:1417
759,heldout,cub:1418
760,heldout,cub:1420
775,heldout,cub:1456
781,heldout,cub:1465
786,heldout,cub:1472
792,heldout,cub:1488
794,heldout,cub:1491
798,heldout,cub:1501
807,heldout,cub:1515
819,heldout,cub:1541
820,heldout,cub:1543
821,heldout,cub:1544
823,heldout,cub:1548
826,heldout,cub:1554
835,heldout,cub:1573
840,heldout,cub:1582
843,heldout,cub:1586
846,heldout,cub:1589
856,heldout,cub:1608
857,heldout,cub:1617
869,heldout,cub:1641
876,heldout,cub:1657
877,heldout,cub:1658
878,heldout,cub:1663
880,heldout,cub:1669
881,heldout,cub:1670
896,heldout,cub:1690
902,heldout,cub:1706
907,heldout,cub:1716
908,heldout,cub:1717
915,heldout,cub:1732
916,heldout,cub:1734
920,heldout,cub:1742
931,heldout,cub:1763
932,heldout,cub:1764
937,heldout,cub:1770
942,heldout,cub:1778
945,heldout,cub:1787
956,heldout,cub:1809
969,heldout,cub:1830
970,heldout,cub:1831
977,heldout,cub:1842
979,heldout,cub:1850
984,heldout,cub:1860
987,heldout,cub:1868
996,heldout,cub:1883
999,heldout,cub:1892
1000,heldout,cub:1895
1001,heldout,cub:1897
1002,heldout,cub:1898
1004,heldout,cub:1903
1020,heldout,cub:1933
1023,heldout,cub:1938
1031,heldout,cub:1955
1034,heldout,cub:1963
1035,heldout,cub:1970
1046,heldout,cub:1988
1052,heldout,cub:2001
1060,heldout,cub:2017
1062,heldout,cub:2019
1064,heldout,cub:2023
1066,heldout,cub:2026
1073,heldout,cub:2042
1081,heldout,cub:2054
1082,heldout,cub:2055
1092,heldout,cub:2079
1098,heldout,cub:2088
1099,heldout,cub:2089
1102,heldout,cub:2095
1111,heldout,cub:2114
1118,heldout,cub:2124
1119,heldout,cub:2125
1128,heldout,cub:2149
1130,heldout,cub:2152
1132,heldout,cub:2155
1143,heldout,cub:2175
1150,heldout,cub:2187
1153,heldout,cub:2196
1162,heldout,cub:2215
1163,heldout,cub:2217
1165,heldout,cub:2221
1173,heldout,cub:2237
1175,heldout,cub:2240
1182,heldout,cub:2251
1185,heldout,cub:2255
1189,heldout,cub:2263
1199,heldout,cub:2289
1200,heldout,cub:2291
1206,heldout,cub:2311
1220,heldout,cub:2339
1221,heldout,cub:2340
1228,heldout,cub:2349
1229,heldout,cub:2350
1233,heldout,cub:2356
1234,heldout,cub:2359
1243,heldout,cub:2385
1252,heldout,cub:2398
1255,heldout,cub:2403
1259,heldout,cub:2408
1261,heldout,cub:2416
1263,heldout,cub:2419
1272,heldout,cub:2433
1277,heldout,cub:2446
1282,heldout,cub:2455
1285,heldout,cub:2461
1292,heldout,cub:2478
1296,heldout,cub:2486
1297,heldout,cub:2487
1300,heldout,cub:2502
1314,heldout,cub:2523
1316,heldout,cub:2526
1326,heldout,cub:2539
1330,heldout,cub:2545
1335,heldout,cub:2558
1337,heldout,cub:2562
1345,heldout,cub:2576
1347,heldout,cub:2585
1353,heldout,cub:2597
1355,heldout,cub:2601
1363,heldout,cub:2621
1364,heldout,cub:2623
1371,heldout,cub:2638
1378,heldout,cub:2646
1383,heldout,cub:2659
1388,heldout,cub:2666
1396,heldout,cub:2686
1401,heldout,cub:2697
1404,heldout,cub:2700
1405,heldout,cub:2701
1417,heldout,cub:2724
1425,heldout,cub:2742
1428,heldout,cub:2747
1430,heldout,cub:2749
1433,heldout,cub:2755
1434,heldout,cub:2756
1441,heldout,cub:2772
1452,heldout,cub:2795
1454,heldout,cub:2798
1458,heldout,cub:2811
1461,heldout,cub:2816
1464,heldout,cub:2820
1470,heldout,cub:2832
1472,heldout,cub:2838
1480,heldout,cub:2854
1488,heldout,cub:2865
1492,heldout,cub:2876
1493,heldout,cub:2877
1501,heldout,cub:2891
1509,heldout,cub:2910
1511,heldout,cub:2912
1518,heldout,cub:2930
1523,heldout,cub:2939
1529,heldout,cub:2948
1535,heldout,cub:2958
1539,heldout,cub:2969
1542,heldout,cub:2973
1546,heldout,cub:2985
1551,heldout,cub:2994
1557,heldout,cub:3003
1568,heldout,cub:3027
1572,heldout,cub:3033
1574,heldout,cub:3036
1583,heldout,cub:3048
1585,heldout,cub:3052
1589,heldout,cub:3069
1599,heldout,cub:3092
1603,heldout,cub:3096
1609,heldout,cub:3113
1611,heldout,cub:3115
1612,heldout,cub:3117
1617,heldout,cub:3123
1622,heldout,cub:3139
1629,heldout,cub:3152
1634,heldout,cub:3161
1636,heldout,cub:3164
1640,heldout,cub:3174
1645,heldout,cub:3181
1650,heldout,cub:3194
1661,heldout,cub:3210
1662,heldout,cub:3212
1665,heldout,cub:3215
1668,heldout,cub:3224
1672,heldout,cub:3235
1680,heldout,cub:3250
1681,heldout,cub:3255
1693,heldout,cub:3275
1701,heldout,cub:3289
1703,heldout,cub:3297
1704,heldout,cub:3300
1711,heldout,cub:3311
1713,heldout,cub:3316
1721,heldout,cub:3336
1724,heldout,cub:3339
1726,heldout,cub:3341
1731,heldout,cub:3348
1741,heldout,cub:3371
1745,heldout,cub:3380
1748,heldout,cub:3385
1755,heldout,cub:3396
1763,heldout,cub:3415
1769,heldout,cub:3427
1772,heldout,cub:3431
1786,heldout,cub:3462
1789,heldout,cub:3466
1791,heldout,cub:3468
1793,heldout,cub:3473
1796,heldout,cub:3481
1807,heldout,cub:3504
1811,heldout,cub:3509
1820,heldout,cub:3532
1822,heldout,cub:3534
1827,heldout,cub:3544
1828,heldout,cub:3545
1834,heldout,cub:3559
1836,heldout,cub:3561
1840,heldout,cub:3567
1844,heldout,cub:3574
1854,heldout,cub:3595
1857,heldout,cub:3602
1860,heldout,cub:3608
1865,heldout,cub:3614
1869,heldout,cub:3620
1879,heldout,cub:3645
1881,heldout,cub:3650
1882,heldout,cub:3653
1890,heldout,cub:3670
1897,heldout,cub:3681
1901,heldout,cub:3692
1903,heldout,cub:3694
1904,heldout,cub:3695
1909,heldout,cub:3703
1921,heldout,cub:3730
1922,heldout,cub:3731
1928,heldout,cub:3740
1935,heldout,cub:3754
1939,heldout,cub:3761
1948,heldout,cub:3775
1953,heldout,cub:3784
1954,heldout,cub:3785
1965,heldout,cub:3805
1969,heldout,cub:3812
1970,heldout,cub:3815
1974,heldout,cub:3819
1990,heldout,cub:3860
1991,heldout,cub:3861
1993,heldout,cub:3864
1995,heldout,cub:3866
2003,heldout,cub:3888
2009,heldout,cub:3894
2013,heldout,cub:3904
2022,heldout,cub:3920
2027,heldout,cub:3932
2028,heldout,cub:3933
2034,heldout,cub:3949
2035,heldout,cub:3950
2040,heldout,cub:3957
2048,heldout,cub:3970
2051,heldout,cub:3979
2057,heldout,cub:3996
2059,heldout,cub:3998
2066,heldout,cub:4011
2070,heldout,cub:4017
2075,heldout,cub:4024
2078,heldout,cub:4029
2083,heldout,cub:4039
2084,heldout,cub:4041
2094,heldout,cub:4069
2102,heldout,cub:4082
2113,heldout,cub:4107
2114,heldout,cub:4111
2117,heldout,cub:4114
2125,heldout,cub:4130
2126,heldout,cub:4131
2131,heldout,cub:4142
2141,heldout,cub:4159
2149,heldout,cub:4171
2150,heldout,cub:4173
2155,heldout,cub:4188
2156,heldout,cub:4190
2161,heldout,cub:4199
2162,heldout,cub:4201
2165,heldout,cub:4209
2169,heldout,cub:4218
2183,heldout,cub:4242
2187,heldout,cub:4251
2200,heldout,cub:4273
2201,heldout,cub:4275
2205,heldout,cub:4282
2207,heldout,cub:4286
2210,heldout,cub:4291
2211,heldout,cub:4296
2225,heldout,cub:4328
2227,heldout,cub:4331
2232,heldout,cub:4343
2233,heldout,cub:4345
2235,heldout,cub:4347
2247,heldout,cub:4363
2251,heldout,cub:4380
2253,heldout,cub:4385
2254,heldout,cub:4387
2256,heldout,cub:4391
2259,heldout,cub:4398
2270,heldout,cub:4420
2283,heldout,cub:4439
2288,heldout,cub:4449
2297,heldout,cub:4471
2300,heldout,cub:4476
2302,heldout,cub:4478
2306,heldout,cub:4485
2320,heldout,cub:4520
2321,heldout,cub:4521
2327,heldout,cub:4530
2331,heldout,cub:4540
2334,heldout,cub:4544
2337,heldout,cub:4549
2340,heldout,cub:4553
2341,heldout,cub:4554
2342,heldout,cub:4556
2345,heldout,cub:4559
2349,heldout,cub:4564
2362,heldout,cub:4582
2377,heldout,cub:4627
2382,heldout,cub:4634
2395,heldout,cub:4660
2396,heldout,cub:4661
2397,heldout,cub:4665
2398,heldout,cub:4669
2403,heldout,cub:4680
2405,heldout,cub:4686
2414,heldout,cub:4702
2416,heldout,cub:4706
2423,heldout,cub:4718
2428,heldout,cub:4727
2435,heldout,cub:4745
2437,heldout,cub:4748
2448,heldout,cub:4770
2449,heldout,cub:4772
2450,heldout,cub:4776
2451,heldout,cub:4777
2463,heldout,cub:4803
2472,heldout,cub:4820
2477,heldout,cub:4835
2482,heldout,cub:4842
2488,heldout,cub:4851
2489,heldout,cub:4852
2490,heldout,cub:4853
2494,heldout,cub:4859
2496,heldout,cub:4861
2500,heldout,cub:4871
2515,heldout,cub:4897
2518,heldout,cub:4900
2520,heldout,cub:4906
2521,heldout,cub:4907
2532,heldout,cub:4937
2537,heldout,cub:4947
2541,heldout,cub:4952
2545,heldout,cub:4956
2550,heldout,cub:4968
2551,heldout,cub:4969
2560,heldout,cub:4993
2570,heldout,cub:5011
2574,heldout,cub:5018
2575,heldout,cub:5019
2581,heldout,cub:5032
2586,heldout,cub:5039
2589,heldout,cub:5043
2596,heldout,cub:5054
2597,heldout,cub:5058
2600,heldout,cub:5065
2611,heldout,cub:5087
2612,heldout,cub:5088
2614,heldout,cub:5091
2618,heldout,cub:5099
2619,heldout,cub:5109
2631,heldout,cub:5130
2647,heldout,cub:5157
2648,heldout,cub:5158
2652,heldout,cub:5164
2653,heldout,cub:5168
2658,heldout,cub:5174
2664,heldout,cub:5185
2670,heldout,cub:5206
2672,heldout,cub:5210
2677,heldout,cub:5221
2685,heldout,cub:5239
2689,heldout,cub:5246
2696,heldout,cub:5260
2700,heldout,cub:5267
2706,heldout,cub:5279
2707,heldout,cub:5280
2708,heldout,cub:5281
2717,heldout,cub:5297
2726,heldout,cub:5314
2735,heldout,cub:5341
2739,heldout,cub:5350
2741,heldout,cub:5354
2746,heldout,cub:5359
2748,heldout,cub:5362
2758,heldout,cub:5382
2761,heldout,cub:5393
2774,heldout,cub:5417
2775,heldout,cub:5418
2782,heldout,cub:5432
2784,heldout,cub:5436
2786,heldout,cub:5441
2795,heldout,cub:5460
2796,heldout,cub:5461
2805,heldout,cub:5475
2807,heldout,cub:5481
2809,heldout,cub:5484
2812,heldout,cub:5492
2821,heldout,cub:5511
2830,heldout,cub:5526
2837,heldout,cub:5549
2838,heldout,cub:5553
2841,heldout,cub:5557
2845,heldout,cub:5561
2851,heldout,cub:5573
2858,heldout,cub:5586
2859,heldout,cub:5587
2863,heldout,cub:5594
2866,heldout,cub:5599
2871,heldout,cub:5606
2880,heldout,cub:5628
2886,heldout,cub:5637
2887,heldout,cub:5641
2890,heldout,cub:5646
2897,heldout,cub:5662
2909,heldout,cub:5684
2918,heldout,cub:5701
2921,heldout,cub:5705
2922,heldout,cub:5708
2931,heldout,cub:5724
2936,heldout,cub:5733
2937,heldout,cub:5737
2940,heldout,cub:5745
2943,heldout,cub:5754
2955,heldout,cub:5778
2958,heldout,cub:5781
2963,heldout,cub:5793
2966,heldout,cub:5800
2972,heldout,cub:5819
2975,heldout,cub:5824
2980,heldout,cub:5830
2996,heldout,cub:5852
2998,heldout,cub:5860
2999,heldout,cub:5864
3001,heldout,cub:5869
3003,heldout,cub:5874
3009,heldout,cub:5881
3010,heldout,cub:5882
3015,heldout,cub:5891
3024,heldout,cub:5906
3033,heldout,cub:5930
3035,heldout,cub:5932
3049,heldout,cub:5957
3053,heldout,cub:5962
3054,heldout,cub:5963
3055,heldout,cub:5964
3062,heldout,cub:5980
3069,heldout,cub:5995
3074,heldout,cub:6006
3075,heldout,cub:6007
3080,heldout,cub:6021
3085,heldout,cub:6026
3101,heldout,cub:6058
3102,heldout,cub:6059
3105,heldout,cub:6063
3106,heldout,cub:6064
3112,heldout,cub:6079
3117,heldout,cub:6085
3120,heldout,cub:6095
3127,heldout,cub:6109
3138,heldout,cub:6128
3139,heldout,cub:6130
3141,heldout,cub:6132
3146,heldout,cub:6139
3150,heldout,cub:6144
3167,heldout,cub:6181
3171,heldout,cub:6185
3172,heldout,cub:6186
3177,heldout,cub:6194
3179,heldout,cub:6203
3186,heldout,cub:6220
3188,heldout,cub:6224
3198,heldout,cub:6243
3200,heldout,cub:6247
3201,heldout,cub:6248
3206,heldout,cub:6257
3220,heldout,cub:6288
3224,heldout,cub:6294
3227,heldout,cub:6301
3229,heldout,cub:6303
3234,heldout,cub:6312
3235,heldout,cub:6316
3249,heldout,cub:6347
3253,heldout,cub:6351
3255,heldout,cub:6353
3257,heldout,cub:6358
3264,heldout,cub:6370
3266,heldout,cub:6373
3271,heldout,cub:6387
3274,heldout,cub:6391
3281,heldout,cub:6403
3288,heldout,cub:6418
3289,heldout,cub:6421
3296,heldout,cub:6439
3300,heldout,cub:6444
3301,heldout,cub:6446
3306,heldout,cub:6457
3310,heldout,cub:6462
3313,heldout,cub:6470
3319,heldout,cub:6480
3331,heldout,cub:6507
3332,heldout,cub:6508
3335,heldout,cub:6514
3343,heldout,cub:6533
3345,heldout,cub:6535
3348,heldout,cub:6539
3359,heldout,cub:6563
3363,heldout,cub:6567
3369,heldout,cub:6580
3371,heldout,cub:6586
3384,heldout,cub:6606
3387,heldout,cub:6611
3393,heldout,cub:6627
3398,heldout,cub:6634
3399,heldout,cub:6635
3401,heldout,cub:6638
3404,heldout,cub:6644
3408,heldout,cub:6654
3419,heldout,cub:6674
3422,heldout,cub:6678
3424,heldout,cub:6681
3435,heldout,cub:6700
3443,heldout,cub:6725
3445,heldout,cub:6727
3451,heldout,cub:6736
3455,heldout,cub:6749
3465,heldout,cub:6768
3467,heldout,cub:6771
3475,heldout,cub:6781
3477,heldout,cub:6786
3480,heldout,cub:6794
3483,heldout,cub:6803
3490,heldout,cub:6817
3497,heldout,cub:6825
3501,heldout,cub:6834
3508,heldout,cub:6849
3509,heldout,cub:6854
3513,heldout,cub:6863
3524,heldout,cub:6880
3526,heldout,cub:6885
3533,heldout,cub:6896
3536,heldout,cub:6905
3540,heldout,cub:6915
3541,heldout,cub:6916
3547,heldout,cub:6927
3550,heldout,cub:6933
3562,heldout,cub:6956
3568,heldout,cub:6969
3569,heldout,cub:6971
3571,heldout,cub:6979
3579,heldout,cub:6989
3585,heldout,cub:7001
3589,heldout,cub:7006
3598,heldout,cub:7029
3599,heldout,cub:7031
3601,heldout,cub:7038
3602,heldout,cub:7039
3603,heldout,cub:7042
3622,heldout,cub:7079
3625,heldout,cub:7084
3630,heldout,cub:7093
3644,heldout,cub:7120
3651,heldout,cub:7139
3654,heldout,cub:7143
3657,heldout,cub:7146
3658,heldout,cub:7147
3661,heldout,cub:7154
3662,heldout,cub:7156
3669,heldout,cub:7168
3672,heldout,cub:7179
3673,heldout,cub:7180
3687,heldout,cub:7207
3696,heldout,cub:7221
3697,heldout,cub:7227
3699,heldout,cub:7230
3704,heldout,cub:7238
3710,heldout,cub:7256
3718,heldout,cub:7268
3721,heldout,cub:7274
3722,heldout,cub:7275
3723,heldout,cub:7276
3731,heldout,cub:7295
3742,heldout,cub:7318
3747,heldout,cub:7325
3752,heldout,cub:7334
3755,heldout,cub:7339
3757,heldout,cub:7345
3761,heldout,cub:7360
3765,heldout,cub:7366
3774,heldout,cub:7378
3779,heldout,cub:7392
3788,heldout,cub:7411
3792,heldout,cub:7417
3793,heldout,cub:7419
3795,heldout,cub:7423
3801,heldout,cub:7433
3809,heldout,cub:7453
3814,heldout,cub:7461
3816,heldout,cub:7464
3821,heldout,cub:7471
3830,heldout,cub:7491
3836,heldout,cub:7503
3843,heldout,cub:7519
3849,heldout,cub:7530
3850,heldout,cub:7534
3852,heldout,cub:7536
3863,heldout,cub:7556
3866,heldout,cub:7564
3870,heldout,cub:7569
3872,heldout,cub:7571
3873,heldout,cub:7572
3887,heldout,cub:7605
3888,heldout,cub:7608
3892,heldout,cub:7617
3898,heldout,cub:7627
3910,heldout,cub:7652
3914,heldout,cub:7657
3920,heldout,cub:7670
3922,heldout,cub:7676
3926,heldout,cub:7685
3928,heldout,cub:7687
3932,heldout,cub:7694
3940,heldout,cub:7704
3944,heldout,cub:7711
3952,heldout,cub:7731
3957,heldout,cub:7744
3958,heldout,cub:7750
3966,heldout,cub:7763
3967,heldout,cub:7764
3972,heldout,cub:7773
3978,heldout,cub:7789
3980,heldout,cub:7791
3994,heldout,cub:7821
3997,heldout,cub:7826
4001,heldout,cub:7832
4002,heldout,cub:7833
4013,heldout,cub:7848
4016,heldout,cub:7855
4018,heldout,cub:7867
4025,heldout,cub:7875
4029,heldout,cub:7881
4033,heldout,cub:7890
4036,heldout,cub:7898
4037,heldout,cub:7899
4052,heldout,cub:7937
4056,heldout,cub:7941
4059,heldout,cub:7948
4062,heldout,cub:7958
4064,heldout,cub:7960
4069,heldout,cub:7968
4080,heldout,cub:7995
4084,heldout,cub:8002
4098,heldout,cub:8026
4099,heldout,cub:8031
4104,heldout,cub:8042
4106,heldout,cub:8044
4110,heldout,cub:8052
4111,heldout,cub:8053
4120,heldout,cub:8070
4124,heldout,cub:8078
4125,heldout,cub:8083
4126,heldout,cub:8085
4138,heldout,cub:8110
4140,heldout,cub:8113
4143,heldout,cub:8116
4151,heldout,cub:8131
4159,heldout,cub:8146
4161,heldout,cub:8151
4175,heldout,cub:8181
4179,heldout,cub:8192
4183,heldout,cub:8201
4184,heldout,cub:8202
4185,heldout,cub:8203
4194,heldout,cub:8218
4205,heldout,cub:8240
4210,heldout,cub:8251
4213,heldout,cub:8258
4216,heldout,cub:8264
4220,heldout,cub:8271
4234,heldout,cub:8295
4235,heldout,cub:8297
4242,heldout,cub:8309
4246,heldout,cub:8323
4248,heldout,cub:8329
4255,heldout,cub:8343
4256,heldout,cub:8344
4265,heldout,cub:8369
4268,heldout,cub:8373
4269,heldout,cub:8374
4281,heldout,cub:8398
4284,heldout,cub:8402
4286,heldout,cub:8405
4287,heldout,cub:8406
4289,heldout,cub:8408
4293,heldout,cub:8413
4296,heldout,cub:8419
4302,heldout,cub:8435
4316,heldout,cub:8466
4321,heldout,cub:8479
4323,heldout,cub:8482
4337,heldout,cub:8514
4343,heldout,cub:8521
4345,heldout,cub:8523
4355,heldout,cub:8545
4363,heldout,cub:8559
4365,heldout,cub:8564
4366,heldout,cub:8566
4371,heldout,cub:8572
4372,heldout,cub:8574
4376,heldout,cub:8584
4384,heldout,cub:8599
4394,heldout,cub:8616
4399,heldout,cub:8635
4401,heldout,cub:8637
4404,heldout,cub:8642
4406,heldout,cub:8646
4411,heldout,cub:8656
4418,heldout,cub:8670
4425,heldout,cub:8681
4426,heldout,cub:8683
4427,heldout,cub:8685
4437,heldout,cub:8707
4441,heldout,cub:8714
4449,heldout,cub:8730
4454,heldout,cub:8736
4459,heldout,cub:8750
4463,heldout,cub:8756
4467,heldout,cub:8765
4471,heldout,cub:8770
4472,heldout,cub:8772
4478,heldout,cub:8787
4482,heldout,cub:8798
4491,heldout,cub:8814
4499,heldout,cub:8829
4503,heldout,cub:8833
4504,heldout,cub:8835
4510,heldout,cub:8843
4516,heldout,cub:8853
4521,heldout,cub:8866
4527,heldout,cub:8877
4531,heldout,cub:8885
4533,heldout,cub:8889
4548,heldout,cub:8917
4550,heldout,cub:8924
4553,heldout,cub:8928
4559,heldout,cub:8943
4560,heldout,cub:8944
4563,heldout,cub:8949
4571,heldout,cub:8962
4580,heldout,cub:8982
4585,heldout,cub:8991
4587,heldout,cub:9000
4590,heldout,cub:9006
4591,heldout,cub:9012
4593,heldout,cub:9017
4597,heldout,cub:9021
4614,heldout,cub:9043
4616,heldout,cub:9055
4619,heldout,cub:9060
4624,heldout,cub:9068
4636,heldout,cub:9092
4637,heldout,cub:9093
4644,heldout,cub:9107
4647,heldout,cub:9116
4649,heldout,cub:9118
4651,heldout,cub:9120
4652,heldout,cub:9122
4659,heldout,cub:9142
4664,heldout,cub:9150
4684,heldout,cub:9197
4685,heldout,cub:9199
4686,heldout,cub:9200
4699,heldout,cub:9221
4700,heldout,cub:9223
4701,heldout,cub:9224
4706,heldout,cub:9232
4723,heldout,cub:9271
4724,heldout,cub:9273
4727,heldout,cub:9277
4729,heldout,cub:9283
4732,heldout,cub:9287
4742,heldout,cub:9304
4743,heldout,cub:9305
4744,heldout,cub:9307
4748,heldout,cub:9314
4750,heldout,cub:9317
4758,heldout,cub:9335
4770,heldout,cub:9360
4771,heldout,cub:9361
4774,heldout,cub:9367
4779,heldout,cub:9374
4792,heldout,cub:9405
4795,heldout,cub:9409
4797,heldout,cub:9414
4802,heldout,cub:9424
4805,heldout,cub:9429
4812,heldout,cub:9442
4822,heldout,cub:9464
4823,heldout,cub:9465
4831,heldout,cub:9483
4835,heldout,cub:9491
4837,heldout,cub:9497
4840,heldout,cub:9502
4844,heldout,cub:9511
4848,heldout,cub:9516
4858,heldout,cub:9536
4864,heldout,cub:9546
4867,heldout,cub:9557
4868,heldout,cub:9559
4879,heldout,cub:9579
4881,heldout,cub:9582
4888,heldout,cub:9596
4890,heldout,cub:9603
4893,heldout,cub:9608
4898,heldout,cub:9620
4901,heldout,cub:9624
4902,heldout,cub:9625
4920,heldout,cub:9660
4921,heldout,cub:9664
4922,heldout,cub:9665
4925,heldout,cub:9671
4929,heldout,cub:9677
4945,heldout,cub:9710
4951,heldout,cub:9723
4954,heldout,cub:9726
4957,heldout,cub:9734
4961,heldout,cub:9741
4968,heldout,cub:9751
4973,heldout,cub:9764
4981,heldout,cub:9783
4986,heldout,cub:9793
4991,heldout,cub:9804
4995,heldout,cub:9811
5004,heldout,cub:9828
5005,heldout,cub:9829
5009,heldout,cub:9839
5011,heldout,cub:9841
5013,heldout,cub:9846
5017,heldout,cub:9855
5033,heldout,cub:9884
5035,heldout,cub:9888
5039,heldout,cub:9896
5042,heldout,cub:9901
5046,heldout,cub:9910
5053,heldout,cub:9929
5058,heldout,cub:9937
5063,heldout,cub:9944
5069,heldout,cub:9953
5071,heldout,cub:9955
5080,heldout,cub:9968
5082,heldout,cub:9970
5089,heldout,cub:9994
5092,heldout,cub:10002
5099,heldout,cub:10013
5107,heldout,cub:10025
5108,heldout,cub:10026
5114,heldout,cub:10043
5116,heldout,cub:10046
5122,heldout,cub:10061
5130,heldout,cub:10075
5133,heldout,cub:10083
5140,heldout,cub:10102
5146,heldout,cub:10111
5148,heldout,cub:10114
5155,heldout,cub:10126
5158,heldout,cub:10132
5160,heldout,cub:10140
5168,heldout,cub:10155
5181,heldout,cub:10179
5183,heldout,cub:10183
5184,heldout,cub:10184
5186,heldout,cub:10189
5189,heldout,cub:10194
5200,heldout,cub:10213
5203,heldout,cub:10220
5211,heldout,cub:10243
5213,heldout,cub:10245
5218,heldout,cub:10250
5222,heldout,cub:10262
5225,heldout,cub:10265
5233,heldout,cub:10277
5240,heldout,cub:10291
5241,heldout,cub:10300
5250,heldout,cub:10319
5252,heldout,cub:10322
5253,heldout,cub:10324
5257,heldout,cub:10331
5259,heldout,cub:10335
5274,heldout,cub:10363
5277,heldout,cub:10370
5279,heldout,cub:10373
5281,heldout,cub:10376
5289,heldout,cub:10398
5302,heldout,cub:10418
5304,heldout,cub:10424
5315,heldout,cub:10444
5318,heldout,cub:10451
5322,heldout,cub:10458
5324,heldout,cub:10460
5326,heldout,cub:10462
5328,heldout,cub:10467
5336,heldout,cub:10484
5340,heldout,cub:10492
5341,heldout,cub:10495
5357,heldout,cub:10526
5358,heldout,cub:10527
5360,heldout,cub:10531
5372,heldout,cub:10556
5373,heldout,cub:10558
5377,heldout,cub:10562
5382,heldout,cub:10574
5387,heldout,cub:10583
5388,heldout,cub:10586
5404,heldout,cub:10617
5411,heldout,cub:10632
5415,heldout,cub:10638
5418,heldout,cub:10645
5421,heldout,cub:10656
5424,heldout,cub:10659
5430,heldout,cub:10676
5433,heldout,cub:10682
5435,heldout,cub:10686
5438,heldout,cub:10691
5439,heldout,cub:10692
5444,heldout,cub:10700
5458,heldout,cub:10727
5469,heldout,cub:10753
5472,heldout,cub:10758
5475,heldout,cub:10763
5476,heldout,cub:10764
5483,heldout,cub:10776
5486,heldout,cub:10783
5488,heldout,cub:10788
5495,heldout,cub:10796
5503,heldout,cub:10813
5511,heldout,cub:10830
5515,heldout,cub:10841
5516,heldout,cub:10842
5522,heldout,cub:10853
5523,heldout,cub:10854
5527,heldout,cub:10867
5529,heldout,cub:10871
5534,heldout,cub:10880
5546,heldout,cub:10904
5550,heldout,cub:10913
5551,heldout,cub:10914
5554,heldout,cub:10924
5558,heldout,cub:10933
5571,heldout,cub:10957
5578,heldout,cub:10966
5580,heldout,cub:10968
5582,heldout,cub:10972
5585,heldout,cub:10978
5591,heldout,cub:10989
5596,heldout,cub:10996
5607,heldout,cub:11014
5614,heldout,cub:11023
5615,heldout,cub:11024
5624,heldout,cub:11047
5626,heldout,cub:11054
5630,heldout,cub:11060
5643,heldout,cub:11084
5644,heldout,cub:11086
5647,heldout,cub:11089
5657,heldout,cub:11108
5663,heldout,cub:11121
5664,heldout,cub:11127
5671,heldout,cub:11146
5674,heldout,cub:11149
5679,heldout,cub:11156
5681,heldout,cub:11158
5690,heldout,cub:11181
5693,heldout,cub:11188
5704,heldout,cub:11215
5707,heldout,cub:11219
5708,heldout,cub:11220
5715,heldout,cub:11233
5720,heldout,cub:11240
5724,heldout,cub:11248
5733,heldout,cub:11269
5734,heldout,cub:11271
5740,heldout,cub:11283
5750,heldout,cub:11302
5753,heldout,cub:11306
5754,heldout,cub:11309
5755,heldout,cub:11313
5757,heldout,cub:11317
5758,heldout,cub:11319
5763,heldout,cub:11328
5765,heldout,cub:11332
5767,heldout,cub:11339
5786,heldout,cub:11376
5794,heldout,cub:11392
5795,heldout,cub:11394
5801,heldout,cub:11406
5804,heldout,cub:11411
5809,heldout,cub:11423
5818,heldout,cub:11436
5833,heldout,cub:11466
5836,heldout,cub:11473
5838,heldout,cub:11475
5839,heldout,cub:11479
5841,heldout,cub:11484
5850,heldout,cub:11500
5851,heldout,cub:11506
5853,heldout,cub:11508
5854,heldout,cub:11509
5863,heldout,cub:11529
5872,heldout,cub:11546
5876,heldout,cub:11554
5880,heldout,cub:11558
5881,heldout,cub:11560
5882,heldout,cub:11561
5883,heldout,cub:11565
5888,heldout,cub:11580
5905,heldout,cub:11612
5915,heldout,cub:11626
5923,heldout,cub:11643
5924,heldout,cub:11647
5926,heldout,cub:11655
5927,heldout,cub:11657
5945,heldout,cub:11696
5948,heldout,cub:11702
5954,heldout,cub:11715
5955,heldout,cub:11716
5956,heldout,cub:11717
5959,heldout,cub:11721
5970,heldout,cub:11743
5977,heldout,cub:11755
5979,heldout,cub:11759
5982,heldout,cub:11763
5985,heldout,cub:11770
5992,heldout,cub:11784
