sample_id,fold,y_true,y_pred
cars_train:00001.jpg,4,13,13
cars_train:00002.jpg,0,2,2
cars_train:00003.jpg,1,90,90
cars_train:00004.jpg,1,133,133
cars_train:00005.jpg,3,105,105
cars_train:00006.jpg,1,122,160
cars_train:00007.jpg,4,88,88
cars_train:00008.jpg,4,95,95
cars_train:00009.jpg,4,166,166
cars_train:00010.jpg,0,57,57
cars_train:00011.jpg,1,48,48
cars_train:00012.jpg,1,185,185
cars_train:00013.jpg,0,134,134
cars_train:00014.jpg,1,84,84
cars_train:00015.jpg,2,192,192
cars_train:00016.jpg,2,171,171
cars_train:00017.jpg,2,13,18
cars_train:00018.jpg,4,72,72
cars_train:00019.jpg,0,191,191
cars_train:00020.jpg,2,56,56
cars_train:00021.jpg,2,78,186
cars_train:00022.jpg,3,35,35
cars_train:00023.jpg,4,119,119
cars_train:00024.jpg,2,169,169
cars_train:00025.jpg,4,193,193
cars_train:00026.jpg,4,133,133
cars_train:00027.jpg,2,183,183
cars_train:00028.jpg,4,85,85
cars_train:00029.jpg,2,179,179
cars_train:00030.jpg,1,193,193
cars_train:00031.jpg,1,153,153
cars_train:00032.jpg,1,138,138
cars_train:00033.jpg,0,65,65
cars_train:00034.jpg,1,132,132
cars_train:00035.jpg,3,153,153
cars_train:00036.jpg,1,103,103
cars_train:00037.jpg,3,37,37
cars_train:00038.jpg,0,96,96
cars_train:00039.jpg,4,104,104
cars_train:00040.jpg,4,141,141
cars_train:00041.jpg,3,12,22
cars_train:00042.jpg,2,190,190
cars_train:00043.jpg,3,118,118
cars_train:00044.jpg,0,37,37
cars_train:00045.jpg,3,185,185
cars_train:00046.jpg,0,24,24
cars_train:00047.jpg,2,193,193
cars_train:00048.jpg,0,176,176
cars_train:00049.jpg,3,172,172
cars_train:00050.jpg,4,41,42
cars_train:00051.jpg,0,90,90
cars_train:00052.jpg,3,147,147
cars_train:00053.jpg,2,14,58
cars_train:00054.jpg,1,96,96
cars_train:00055.jpg,4,41,42
cars_train:00056.jpg,4,52,52
cars_train:00057.jpg,4,43,43
cars_train:00058.jpg,0,64,64
cars_train:00059.jpg,3,89,89
cars_train:00060.jpg,4,123,123
cars_train:00061.jpg,0,113,113
cars_train:00062.jpg,4,189,189
cars_train:00063.jpg,1,100,100
cars_train:00064.jpg,1,186,161
cars_train:00065.jpg,1,7,7
cars_train:00066.jpg,2,16,15
cars_train:00067.jpg,3,110,110
cars_train:00068.jpg,3,121,121
cars_train:00069.jpg,3,4,4
cars_train:00070.jpg,2,28,28
cars_train:00071.jpg,4,125,125
cars_train:00072.jpg,3,93,93
cars_train:00073.jpg,2,105,105
cars_train:00074.jpg,1,105,105
cars_train:00075.jpg,3,187,187
cars_train:00076.jpg,0,58,58
cars_train:00077.jpg,3,109,109
cars_train:00078.jpg,3,42,42
cars_train:00079.jpg,1,132,132
cars_train:00080.jpg,2,110,110
cars_train:00081.jpg,0,7,7
cars_train:00082.jpg,3,191,191
cars_train:00083.jpg,3,17,17
cars_train:00084.jpg,4,115,115
cars_train:00085.jpg,4,48,48
cars_train:00086.jpg,1,144,146
cars_train:00087.jpg,0,48,48
cars_train:00088.jpg,1,169,169
cars_train:00089.jpg,2,19,23
cars_train:00090.jpg,3,113,113
cars_train:00091.jpg,2,164,164
cars_train:00092.jpg,3,137,137
cars_train:00093.jpg,4,174,174
cars_train:00094.jpg,3,111,111
cars_train:00095.jpg,2,121,121
cars_train:00096.jpg,0,103,103
cars_train:00097.jpg,1,56,56
cars_train:00098.jpg,2,50,50
cars_train:00099.jpg,3,36,36
cars_train:00100.jpg,0,70,70
cars_train:00101.jpg,2,192,192
cars_train:00102.jpg,4,104,104
cars_train:00103.jpg,0,60,60
cars_train:00104.jpg,3,73,73
cars_train:00105.jpg,0,132,132
cars_train:00106.jpg,2,161,161
cars_train:00107.jpg,2,130,130
cars_train:00108.jpg,2,87,87
cars_train:00109.jpg,4,120,120
cars_train:00110.jpg,1,179,179
cars_train:00111.jpg,0,179,54
cars_train:00112.jpg,0,136,136
cars_train:00113.jpg,3,132,132
cars_train:00114.jpg,0,70,63
cars_train:00115.jpg,3,82,83
cars_train:00116.jpg,0,109,109
cars_train:00117.jpg,0,41,41
cars_train:00118.jpg,4,176,176
cars_train:00119.jpg,4,146,146
cars_train:00120.jpg,4,160,160
cars_train:00121.jpg,2,108,108
cars_train:00122.jpg,0,27,27
cars_train:00123.jpg,3,143,143
cars_train:00124.jpg,1,52,52
cars_train:00125.jpg,4,28,28
cars_train:00126.jpg,3,65,65
cars_train:00127.jpg,0,78,23
cars_train:00128.jpg,1,12,12
cars_train:00129.jpg,0,135,135
cars_train:00130.jpg,0,142,142
cars_train:00131.jpg,0,170,170
cars_train:00132.jpg,2,88,88
cars_train:00133.jpg,4,134,134
cars_train:00134.jpg,0,160,38
cars_train:00135.jpg,3,57,57
cars_train:00136.jpg,3,121,121
cars_train:00137.jpg,2,177,177
cars_train:00138.jpg,0,55,55
cars_train:00139.jpg,3,183,183
cars_train:00140.jpg,3,190,190
cars_train:00141.jpg,4,39,39
cars_train:00142.jpg,0,59,59
cars_train:00143.jpg,4,154,154
cars_train:00144.jpg,0,70,70
cars_train:00145.jpg,1,139,139
cars_train:00146.jpg,0,41,41
cars_train:00147.jpg,2,75,75
cars_train:00148.jpg,1,186,186
cars_train:00149.jpg,3,85,85
cars_train:00150.jpg,4,7,35
cars_train:00151.jpg,1,4,1
cars_train:00152.jpg,1,46,46
cars_train:00153.jpg,3,29,29
cars_train:00154.jpg,2,17,16
cars_train:00155.jpg,4,148,57
cars_train:00156.jpg,1,173,173
cars_train:00157.jpg,0,137,137
cars_train:00158.jpg,0,178,178
cars_train:00159.jpg,2,23,23
cars_train:00160.jpg,3,41,41
cars_train:00161.jpg,4,72,72
cars_train:00162.jpg,2,175,175
cars_train:00163.jpg,0,0,0
cars_train:00164.jpg,2,36,36
cars_train:00165.jpg,3,35,35
cars_train:00166.jpg,0,107,107
cars_train:00167.jpg,4,40,40
cars_train:00168.jpg,3,39,39
cars_train:00169.jpg,0,118,118
cars_train:00170.jpg,2,118,118
cars_train:00171.jpg,0,18,18
cars_train:00172.jpg,1,162,162
cars_train:00173.jpg,1,119,119
cars_train:00174.jpg,0,53,53
cars_train:00175.jpg,4,115,115
cars_train:00176.jpg,3,65,65
cars_train:00177.jpg,3,49,49
cars_train:00178.jpg,1,121,121
cars_train:00179.jpg,0,154,154
cars_train:00180.jpg,2,141,141
cars_train:00181.jpg,2,67,67
cars_train:00182.jpg,3,169,169
cars_train:00183.jpg,0,160,160
cars_train:00184.jpg,3,160,160
cars_train:00185.jpg,4,132,132
cars_train:00186.jpg,1,124,124
cars_train:00187.jpg,4,159,159
cars_train:00188.jpg,2,92,92
cars_train:00189.jpg,3,182,182
cars_train:00190.jpg,0,44,44
cars_train:00191.jpg,4,142,142
cars_train:00192.jpg,2,188,188
cars_train:00193.jpg,1,47,47
cars_train:00194.jpg,3,175,175
cars_train:00195.jpg,0,76,76
cars_train:00196.jpg,0,189,189
cars_train:00197.jpg,1,109,109
cars_train:00198.jpg,4,5,5
cars_train:00199.jpg,0,190,190
cars_train:00200.jpg,0,15,15
cars_train:00201.jpg,1,11,23
cars_train:00202.jpg,4,89,89
cars_train:00203.jpg,1,187,187
cars_train:00204.jpg,0,127,127
cars_train:00205.jpg,4,22,22
cars_train:00206.jpg,0,10,10
cars_train:00207.jpg,1,92,92
cars_train:00208.jpg,3,7,9
cars_train:00209.jpg,2,62,62
cars_train:00210.jpg,3,172,172
cars_train:00211.jpg,0,175,175
cars_train:00212.jpg,3,71,71
cars_train:00213.jpg,4,194,194
cars_train:00214.jpg,0,113,112
cars_train:00215.jpg,2,71,71
cars_train:00216.jpg,3,118,118
cars_train:00217.jpg,1,17,16
cars_train:00218.jpg,1,76,76
cars_train:00219.jpg,2,17,17
cars_train:00220.jpg,2,106,106
cars_train:00221.jpg,2,9,7
cars_train:00222.jpg,2,195,195
cars_train:00223.jpg,0,98,98
cars_train:00224.jpg,0,87,87
cars_train:00225.jpg,3,120,120
cars_train:00226.jpg,2,110,110
cars_train:00227.jpg,4,60,60
cars_train:00228.jpg,1,140,140
cars_train:00229.jpg,1,135,135
cars_train:00230.jpg,4,182,182
cars_train:00231.jpg,4,105,86
cars_train:00232.jpg,3,83,83
cars_train:00233.jpg,2,193,193
cars_train:00234.jpg,2,131,131
cars_train:00235.jpg,2,110,110
cars_train:00236.jpg,4,6,6
cars_train:00237.jpg,0,64,64
cars_train:00238.jpg,4,25,25
cars_train:00239.jpg,0,15,15
cars_train:00240.jpg,1,137,137
cars_train:00241.jpg,2,169,169
cars_train:00242.jpg,2,101,101
cars_train:00243.jpg,3,167,167
cars_train:00244.jpg,2,6,6
cars_train:00245.jpg,0,60,60
cars_train:00246.jpg,3,166,166
cars_train:00247.jpg,3,136,136
cars_train:00248.jpg,3,176,175
cars_train:00249.jpg,4,152,152
cars_train:00250.jpg,1,189,189
cars_train:00251.jpg,3,166,166
cars_train:00252.jpg,2,104,104
cars_train:00253.jpg,2,49,49
cars_train:00254.jpg,0,130,130
cars_train:00255.jpg,0,5,5
cars_train:00256.jpg,4,20,20
cars_train:00257.jpg,4,30,30
cars_train:00258.jpg,2,50,50
cars_train:00259.jpg,3,186,23
cars_train:00260.jpg,4,133,133
cars_train:00261.jpg,4,15,15
cars_train:00262.jpg,4,102,102
cars_train:00263.jpg,4,39,39
cars_train:00264.jpg,1,68,74
cars_train:00265.jpg,4,54,54
cars_train:00266.jpg,1,16,16
cars_train:00267.jpg,0,45,45
cars_train:00268.jpg,0,73,74
cars_train:00269.jpg,3,184,184
cars_train:00270.jpg,2,121,121
cars_train:00271.jpg,3,173,173
cars_train:00272.jpg,1,99,99
cars_train:00273.jpg,2,68,68
cars_train:00274.jpg,3,19,19
cars_train:00275.jpg,1,129,129
cars_train:00276.jpg,1,131,131
cars_train:00277.jpg,3,172,172
cars_train:00278.jpg,1,155,155
cars_train:00279.jpg,0,46,46
cars_train:00280.jpg,0,106,106
cars_train:00281.jpg,1,150,150
cars_train:00282.jpg,1,60,60
cars_train:00283.jpg,3,104,104
cars_train:00284.jpg,2,93,93
cars_train:00285.jpg,3,193,193
cars_train:00286.jpg,3,194,194
cars_train:00287.jpg,1,90,90
cars_train:00288.jpg,4,188,188
cars_train:00289.jpg,4,14,14
cars_train:00290.jpg,0,139,137
cars_train:00291.jpg,1,141,141
cars_train:00292.jpg,2,9,9
cars_train:00293.jpg,4,103,102
cars_train:00294.jpg,4,47,47
cars_train:00295.jpg,2,49,49
cars_train:00296.jpg,3,119,119
cars_train:00297.jpg,0,86,86
cars_train:00298.jpg,2,176,176
cars_train:00299.jpg,0,146,146
cars_train:00300.jpg,0,168,168
cars_train:00301.jpg,2,120,120
cars_train:00302.jpg,0,18,13
cars_train:00303.jpg,4,30,30
cars_train:00304.jpg,1,155,155
cars_train:00305.jpg,1,142,142
cars_train:00306.jpg,4,82,82
cars_train:00307.jpg,2,57,57
cars_train:00308.jpg,4,5,5
cars_train:00309.jpg,2,126,126
cars_train:00310.jpg,3,130,130
cars_train:00311.jpg,4,14,14
cars_train:00312.jpg,4,72,72
cars_train:00313.jpg,1,23,23
cars_train:00314.jpg,1,86,86
cars_train:00315.jpg,1,169,169
cars_train:00316.jpg,1,122,122
cars_train:00317.jpg,2,157,157
cars_train:00318.jpg,1,10,10
cars_train:00319.jpg,4,46,46
cars_train:00320.jpg,2,6,6
cars_train:00321.jpg,0,93,93
cars_train:00322.jpg,4,74,74
cars_train:00323.jpg,1,181,181
cars_train:00324.jpg,1,185,185
cars_train:00325.jpg,2,127,127
cars_train:00326.jpg,2,192,192
cars_train:00327.jpg,3,179,179
cars_train:00328.jpg,3,61,61
cars_train:00329.jpg,0,113,113
cars_train:00330.jpg,3,165,165
cars_train:00331.jpg,1,180,180
cars_train:00332.jpg,4,100,100
cars_train:00333.jpg,1,102,102
cars_train:00334.jpg,3,21,20
cars_train:00335.jpg,4,124,124
cars_train:00336.jpg,0,111,111
cars_train:00337.jpg,2,37,37
cars_train:00338.jpg,2,105,105
cars_train:00339.jpg,3,55,55
cars_train:00340.jpg,3,8,8
cars_train:00341.jpg,4,66,66
cars_train:00342.jpg,3,168,168
cars_train:00343.jpg,3,146,146
cars_train:00344.jpg,1,144,144
cars_train:00345.jpg,1,112,112
cars_train:00346.jpg,0,62,62
cars_train:00347.jpg,2,144,144
cars_train:00348.jpg,1,54,54
cars_train:00349.jpg,1,88,88
cars_train:00350.jpg,2,85,85
cars_train:00351.jpg,3,41,42
cars_train:00352.jpg,2,142,142
cars_train:00353.jpg,4,116,116
cars_train:00354.jpg,1,56,56
cars_train:00355.jpg,1,169,169
cars_train:00356.jpg,4,114,114
cars_train:00357.jpg,4,38,38
cars_train:00358.jpg,1,28,28
cars_train:00359.jpg,4,57,57
cars_train:00360.jpg,1,69,69
cars_train:00361.jpg,2,118,118
cars_train:00362.jpg,0,49,49
cars_train:00363.jpg,0,127,127
cars_train:00364.jpg,1,52,52
cars_train:00365.jpg,3,52,52
cars_train:00366.jpg,0,31,31
cars_train:00367.jpg,0,176,176
cars_train:00368.jpg,4,58,58
cars_train:00369.jpg,4,127,127
cars_train:00370.jpg,3,9,8
cars_train:00371.jpg,1,82,83
cars_train:00372.jpg,1,167,167
cars_train:00373.jpg,4,171,171
cars_train:00374.jpg,2,5,5
cars_train:00375.jpg,4,175,175
cars_train:00376.jpg,4,134,134
cars_train:00377.jpg,1,132,132
cars_train:00378.jpg,3,155,155
cars_train:00379.jpg,2,53,53
cars_train:00380.jpg,1,98,98
cars_train:00381.jpg,1,124,124
cars_train:00382.jpg,0,145,145
cars_train:00383.jpg,4,57,57
cars_train:00384.jpg,0,58,58
cars_train:00385.jpg,3,140,140
cars_train:00386.jpg,3,55,55
cars_train:00387.jpg,2,62,62
cars_train:00388.jpg,2,130,130
cars_train:00389.jpg,2,47,47
cars_train:00390.jpg,1,159,159
cars_train:00391.jpg,4,165,165
cars_train:00392.jpg,0,3,3
cars_train:00393.jpg,1,194,194
cars_train:00394.jpg,4,146,146
cars_train:00395.jpg,4,130,130
cars_train:00396.jpg,3,164,164
cars_train:00397.jpg,0,22,22
cars_train:00398.jpg,0,39,39
cars_train:00399.jpg,0,25,25
cars_train:00400.jpg,2,180,180
cars_train:00401.jpg,1,87,87
cars_train:00402.jpg,4,16,16
cars_train:00403.jpg,3,109,109
cars_train:00404.jpg,0,179,179
cars_train:00405.jpg,4,9,7
cars_train:00406.jpg,0,74,74
cars_train:00407.jpg,3,58,58
cars_train:00408.jpg,3,18,11
cars_train:00409.jpg,4,188,188
cars_train:00410.jpg,2,4,4
cars_train:00411.jpg,2,13,18
cars_train:00412.jpg,0,175,175
cars_train:00413.jpg,4,79,79
cars_train:00414.jpg,2,85,85
cars_train:00415.jpg,4,54,54
cars_train:00416.jpg,2,111,111
cars_train:00417.jpg,3,49,49
cars_train:00418.jpg,2,56,56
cars_train:00419.jpg,0,72,72
cars_train:00420.jpg,3,98,98
cars_train:00421.jpg,1,151,151
cars_train:00422.jpg,3,161,161
cars_train:00423.jpg,4,84,84
cars_train:00424.jpg,0,4,4
cars_train:00425.jpg,2,6,6
cars_train:00426.jpg,4,193,193
cars_train:00427.jpg,0,116,116
cars_train:00428.jpg,1,178,178
cars_train:00429.jpg,3,72,72
cars_train:00430.jpg,2,184,184
cars_train:00431.jpg,1,186,186
cars_train:00432.jpg,4,162,162
cars_train:00433.jpg,3,163,163
cars_train:00434.jpg,1,170,170
cars_train:00435.jpg,2,63,63
cars_train:00436.jpg,1,50,50
cars_train:00437.jpg,3,98,98
cars_train:00438.jpg,4,25,25
cars_train:00439.jpg,0,48,48
cars_train:00440.jpg,2,106,106
cars_train:00441.jpg,2,114,114
cars_train:00442.jpg,4,189,189
cars_train:00443.jpg,2,142,142
cars_train:00444.jpg,1,78,78
cars_train:00445.jpg,0,179,179
cars_train:00446.jpg,4,23,23
cars_train:00447.jpg,0,161,161
cars_train:00448.jpg,3,177,177
cars_train:00449.jpg,0,179,179
cars_train:00450.jpg,1,14,14
cars_train:00451.jpg,1,188,188
cars_train:00452.jpg,4,107,107
cars_train:00453.jpg,4,120,120
cars_train:00454.jpg,2,48,48
cars_train:00455.jpg,2,193,193
cars_train:00456.jpg,4,41,41
cars_train:00457.jpg,1,117,117
cars_train:00458.jpg,0,107,107
cars_train:00459.jpg,4,83,83
cars_train:00460.jpg,3,181,181
cars_train:00461.jpg,3,178,178
cars_train:00462.jpg,3,0,0
cars_train:00463.jpg,4,88,88
cars_train:00464.jpg,4,132,132
cars_train:00465.jpg,2,186,186
cars_train:00466.jpg,1,177,177
cars_train:00467.jpg,4,13,13
cars_train:00468.jpg,0,110,110
cars_train:00469.jpg,3,92,92
cars_train:00470.jpg,3,91,91
cars_train:00471.jpg,0,17,17
cars_train:00472.jpg,2,139,6
cars_train:00473.jpg,2,64,64
cars_train:00474.jpg,3,128,128
cars_train:00475.jpg,2,182,183
cars_train:00476.jpg,2,140,140
cars_train:00477.jpg,4,123,123
cars_train:00478.jpg,0,173,173
cars_train:00479.jpg,3,119,173
cars_train:00480.jpg,3,108,108
cars_train:00481.jpg,0,14,14
cars_train:00482.jpg,4,183,183
cars_train:00483.jpg,0,89,89
cars_train:00484.jpg,2,125,125
cars_train:00485.jpg,4,76,76
cars_train:00486.jpg,4,57,57
cars_train:00487.jpg,3,47,47
cars_train:00488.jpg,4,55,55
cars_train:00489.jpg,2,104,104
cars_train:00490.jpg,4,28,28
cars_train:00491.jpg,1,120,120
cars_train:00492.jpg,3,60,60
cars_train:00493.jpg,0,113,113
cars_train:00494.jpg,2,172,172
cars_train:00495.jpg,4,85,85
cars_train:00496.jpg,1,80,80
cars_train:00497.jpg,3,184,184
cars_train:00498.jpg,1,118,118
cars_train:00499.jpg,0,158,158
cars_train:00500.jpg,0,83,83
cars_train:00501.jpg,4,160,160
cars_train:00502.jpg,0,87,87
cars_train:00503.jpg,2,8,8
cars_train:00504.jpg,2,128,128
cars_train:00505.jpg,4,128,128
cars_train:00506.jpg,2,166,166
cars_train:00507.jpg,4,129,129
cars_train:00508.jpg,1,166,166
cars_train:00509.jpg,2,20,20
cars_train:00510.jpg,3,113,113
cars_train:00511.jpg,1,98,98
cars_train:00512.jpg,3,103,103
cars_train:00513.jpg,3,39,39
cars_train:00514.jpg,1,108,108
cars_train:00515.jpg,1,161,161
cars_train:00516.jpg,0,52,52
cars_train:00517.jpg,4,42,43
cars_train:00518.jpg,2,108,108
cars_train:00519.jpg,4,161,161
cars_train:00520.jpg,2,66,66
cars_train:00521.jpg,2,152,152
cars_train:00522.jpg,2,0,0
cars_train:00523.jpg,0,114,114
cars_train:00524.jpg,4,125,125
cars_train:00525.jpg,2,75,75
cars_train:00526.jpg,2,107,107
cars_train:00527.jpg,1,190,17
cars_train:00528.jpg,1,120,120
cars_train:00529.jpg,0,60,60
cars_train:00530.jpg,0,160,160
cars_train:00531.jpg,0,140,140
cars_train:00532.jpg,1,79,79
cars_train:00533.jpg,3,134,134
cars_train:00534.jpg,2,138,138
cars_train:00535.jpg,4,153,153
cars_train:00536.jpg,1,53,53
cars_train:00537.jpg,4,171,171
cars_train:00538.jpg,1,106,106
cars_train:00539.jpg,0,138,138
cars_train:00540.jpg,1,71,71
cars_train:00541.jpg,3,121,121
cars_train:00542.jpg,1,85,85
cars_train:00543.jpg,0,185,185
cars_train:00544.jpg,4,178,178
cars_train:00545.jpg,3,146,146
cars_train:00546.jpg,0,33,33
cars_train:00547.jpg,2,46,46
cars_train:00548.jpg,2,12,12
cars_train:00549.jpg,3,12,12
cars_train:00550.jpg,3,97,97
cars_train:00551.jpg,1,41,42
cars_train:00552.jpg,2,45,45
cars_train:00553.jpg,4,186,186
cars_train:00554.jpg,1,137,137
cars_train:00555.jpg,1,143,143
cars_train:00556.jpg,4,162,162
cars_train:00557.jpg,2,183,183
cars_train:00558.jpg,0,81,81
cars_train:00559.jpg,4,161,161
cars_train:00560.jpg,1,106,106
cars_train:00561.jpg,4,20,20
cars_train:00562.jpg,3,58,58
cars_train:00563.jpg,0,129,129
cars_train:00564.jpg,1,71,71
cars_train:00565.jpg,1,182,182
cars_train:00566.jpg,2,28,28
cars_train:00567.jpg,2,91,91
cars_train:00568.jpg,3,137,137
cars_train:00569.jpg,0,57,132
cars_train:00570.jpg,2,124,124
cars_train:00571.jpg,3,130,130
cars_train:00572.jpg,4,182,182
cars_train:00573.jpg,4,169,169
cars_train:00574.jpg,1,81,81
cars_train:00575.jpg,0,120,120
cars_train:00576.jpg,0,118,118
cars_train:00577.jpg,1,70,118
cars_train:00578.jpg,1,11,11
cars_train:00579.jpg,2,32,32
cars_train:00580.jpg,0,190,190
cars_train:00581.jpg,1,48,48
cars_train:00582.jpg,0,137,137
cars_train:00583.jpg,4,192,192
cars_train:00584.jpg,3,184,184
cars_train:00585.jpg,0,88,88
cars_train:00586.jpg,3,189,189
cars_train:00587.jpg,3,151,151
cars_train:00588.jpg,4,75,75
cars_train:00589.jpg,3,40,40
cars_train:00590.jpg,4,180,180
cars_train:00591.jpg,1,49,49
cars_train:00592.jpg,0,33,33
cars_train:00593.jpg,1,79,79
cars_train:00594.jpg,3,173,173
cars_train:00595.jpg,0,68,74
cars_train:00596.jpg,2,122,122
cars_train:00597.jpg,0,74,74
cars_train:00598.jpg,2,27,27
cars_train:00599.jpg,4,185,185
cars_train:00600.jpg,4,19,19
cars_train:00601.jpg,1,62,62
cars_train:00602.jpg,4,19,19
cars_train:00603.jpg,2,15,15
cars_train:00604.jpg,1,76,76
cars_train:00605.jpg,0,159,159
cars_train:00606.jpg,0,97,97
cars_train:00607.jpg,4,58,58
cars_train:00608.jpg,4,149,149
cars_train:00609.jpg,3,122,17
cars_train:00610.jpg,0,144,144
cars_train:00611.jpg,1,79,79
cars_train:00612.jpg,3,78,78
cars_train:00613.jpg,0,168,168
cars_train:00614.jpg,0,114,114
cars_train:00615.jpg,3,74,74
cars_train:00616.jpg,1,97,97
cars_train:00617.jpg,0,123,123
cars_train:00618.jpg,2,88,88
cars_train:00619.jpg,0,122,122
cars_train:00620.jpg,3,57,57
cars_train:00621.jpg,4,144,144
cars_train:00622.jpg,4,51,51
cars_train:00623.jpg,2,35,35
cars_train:00624.jpg,0,83,82
cars_train:00625.jpg,1,132,132
cars_train:00626.jpg,4,53,53
cars_train:00627.jpg,1,136,136
cars_train:00628.jpg,2,90,90
cars_train:00629.jpg,1,130,130
cars_train:00630.jpg,2,75,75
cars_train:00631.jpg,4,4,4
cars_train:00632.jpg,3,23,23
cars_train:00633.jpg,0,156,14
cars_train:00634.jpg,1,8,10
cars_train:00635.jpg,3,8,8
cars_train:00636.jpg,1,152,152
cars_train:00637.jpg,3,100,100
cars_train:00638.jpg,2,12,12
cars_train:00639.jpg,1,36,36
cars_train:00640.jpg,3,149,149
cars_train:00641.jpg,1,181,191
cars_train:00642.jpg,4,22,21
cars_train:00643.jpg,3,193,193
cars_train:00644.jpg,4,108,108
cars_train:00645.jpg,3,68,68
cars_train:00646.jpg,4,82,82
cars_train:00647.jpg,0,50,50
cars_train:00648.jpg,2,135,135
cars_train:00649.jpg,3,139,139
cars_train:00650.jpg,1,31,31
cars_train:00651.jpg,3,181,181
cars_train:00652.jpg,4,141,141
cars_train:00653.jpg,4,15,15
cars_train:00654.jpg,0,60,60
cars_train:00655.jpg,1,174,174
cars_train:00656.jpg,1,184,184
cars_train:00657.jpg,3,37,37
cars_train:00658.jpg,0,163,163
cars_train:00659.jpg,2,126,126
cars_train:00660.jpg,4,10,10
cars_train:00661.jpg,4,60,60
cars_train:00662.jpg,3,124,124
cars_train:00663.jpg,3,83,83
cars_train:00664.jpg,1,28,28
cars_train:00665.jpg,0,155,155
cars_train:00666.jpg,0,183,183
cars_train:00667.jpg,1,134,134
cars_train:00668.jpg,3,79,79
cars_train:00669.jpg,4,69,69
cars_train:00670.jpg,2,1,1
cars_train:00671.jpg,0,136,136
cars_train:00672.jpg,3,118,118
cars_train:00673.jpg,1,85,85
cars_train:00674.jpg,3,118,118
cars_train:00675.jpg,1,37,37
cars_train:00676.jpg,2,60,60
cars_train:00677.jpg,4,99,99
cars_train:00678.jpg,4,26,26
cars_train:00679.jpg,4,100,100
cars_train:00680.jpg,4,135,135
cars_train:00681.jpg,3,19,19
cars_train:00682.jpg,4,89,89
cars_train:00683.jpg,2,184,184
cars_train:00684.jpg,2,24,24
cars_train:00685.jpg,4,136,136
cars_train:00686.jpg,1,14,14
cars_train:00687.jpg,4,139,139
cars_train:00688.jpg,0,139,139
cars_train:00689.jpg,2,23,23
cars_train:00690.jpg,2,11,11
cars_train:00691.jpg,2,1,1
cars_train:00692.jpg,2,57,57
cars_train:00693.jpg,2,85,85
cars_train:00694.jpg,1,61,61
cars_train:00695.jpg,4,110,110
cars_train:00696.jpg,0,121,121
cars_train:00697.jpg,2,3,3
cars_train:00698.jpg,0,50,50
cars_train:00699.jpg,4,128,128
cars_train:00700.jpg,4,4,4
cars_train:00701.jpg,3,30,30
cars_train:00702.jpg,4,137,137
cars_train:00703.jpg,1,114,114
cars_train:00704.jpg,2,136,136
cars_train:00705.jpg,1,94,94
cars_train:00706.jpg,3,144,144
cars_train:00707.jpg,3,0,0
cars_train:00708.jpg,1,163,163
cars_train:00709.jpg,2,35,33
cars_train:00710.jpg,4,45,45
cars_train:00711.jpg,3,168,168
cars_train:00712.jpg,4,148,138
cars_train:00713.jpg,2,85,85
cars_train:00714.jpg,1,59,59
cars_train:00715.jpg,3,113,113
cars_train:00716.jpg,0,37,37
cars_train:00717.jpg,0,105,105
cars_train:00718.jpg,0,144,144
cars_train:00719.jpg,2,183,183
cars_train:00720.jpg,0,79,79
cars_train:00721.jpg,0,116,116
cars_train:00722.jpg,3,73,74
cars_train:00723.jpg,4,18,24
cars_train:00724.jpg,2,50,50
cars_train:00725.jpg,0,62,62
cars_train:00726.jpg,1,164,79
cars_train:00727.jpg,3,150,150
cars_train:00728.jpg,2,72,72
cars_train:00729.jpg,3,128,128
cars_train:00730.jpg,1,158,158
cars_train:00731.jpg,3,102,103
cars_train:00732.jpg,1,40,40
cars_train:00733.jpg,2,23,23
cars_train:00734.jpg,1,164,164
cars_train:00735.jpg,0,129,129
cars_train:00736.jpg,2,178,179
cars_train:00737.jpg,1,87,87
cars_train:00738.jpg,4,54,54
cars_train:00739.jpg,4,57,57
cars_train:00740.jpg,0,2,2
cars_train:00741.jpg,0,110,110
cars_train:00742.jpg,0,4,4
cars_train:00743.jpg,2,86,86
cars_train:00744.jpg,4,136,136
cars_train:00745.jpg,0,60,60
cars_train:00746.jpg,3,40,40
cars_train:00747.jpg,1,166,166
cars_train:00748.jpg,0,68,68
cars_train:00749.jpg,4,43,43
cars_train:00750.jpg,0,23,23
cars_train:00751.jpg,2,54,54
cars_train:00752.jpg,4,167,167
cars_train:00753.jpg,1,105,105
cars_train:00754.jpg,3,94,94
cars_train:00755.jpg,4,11,11
cars_train:00756.jpg,2,152,152
cars_train:00757.jpg,1,123,123
cars_train:00758.jpg,4,48,48
cars_train:00759.jpg,3,46,46
cars_train:00760.jpg,0,169,169
cars_train:00761.jpg,4,86,86
cars_train:00762.jpg,0,171,171
cars_train:00763.jpg,4,173,173
cars_train:00764.jpg,3,164,164
cars_train:00765.jpg,2,20,20
cars_train:00766.jpg,1,173,173
cars_train:00767.jpg,1,21,18
cars_train:00768.jpg,0,81,81
cars_train:00769.jpg,3,60,60
cars_train:00770.jpg,0,23,23
cars_train:00771.jpg,4,167,167
cars_train:00772.jpg,3,19,19
cars_train:00773.jpg,0,0,0
cars_train:00774.jpg,2,90,90
cars_train:00775.jpg,2,137,137
cars_train:00776.jpg,1,118,118
cars_train:00777.jpg,1,119,119
cars_train:00778.jpg,2,179,179
cars_train:00779.jpg,3,67,144
cars_train:00780.jpg,4,17,17
cars_train:00781.jpg,1,87,165
cars_train:00782.jpg,4,100,100
cars_train:00783.jpg,0,78,78
cars_train:00784.jpg,2,102,102
cars_train:00785.jpg,0,21,12
cars_train:00786.jpg,3,190,190
cars_train:00787.jpg,2,140,140
cars_train:00788.jpg,1,114,114
cars_train:00789.jpg,4,161,161
cars_train:00790.jpg,4,130,130
cars_train:00791.jpg,0,134,134
cars_train:00792.jpg,1,34,34
cars_train:00793.jpg,1,23,23
cars_train:00794.jpg,1,138,138
cars_train:00795.jpg,3,50,50
cars_train:00796.jpg,4,183,183
cars_train:00797.jpg,2,190,190
cars_train:00798.jpg,1,26,26
cars_train:00799.jpg,4,171,171
cars_train:00800.jpg,3,106,106
cars_train:00801.jpg,1,102,103
cars_train:00802.jpg,0,162,162
cars_train:00803.jpg,3,23,23
cars_train:00804.jpg,3,165,87
cars_train:00805.jpg,2,189,189
cars_train:00806.jpg,4,91,91
cars_train:00807.jpg,1,120,120
cars_train:00808.jpg,4,118,118
cars_train:00809.jpg,0,159,159
cars_train:00810.jpg,4,110,110
cars_train:00811.jpg,2,116,116
cars_train:00812.jpg,2,67,67
cars_train:00813.jpg,1,138,138
cars_train:00814.jpg,3,81,81
cars_train:00815.jpg,4,136,136
cars_train:00816.jpg,4,56,56
cars_train:00817.jpg,4,142,142
cars_train:00818.jpg,1,159,159
cars_train:00819.jpg,4,134,134
cars_train:00820.jpg,3,62,62
cars_train:00821.jpg,1,77,77
cars_train:00822.jpg,4,151,151
cars_train:00823.jpg,1,61,61
cars_train:00824.jpg,1,113,113
cars_train:00825.jpg,2,22,22
cars_train:00826.jpg,0,109,109
cars_train:00827.jpg,1,131,131
cars_train:00828.jpg,3,162,162
cars_train:00829.jpg,3,62,62
cars_train:00830.jpg,1,51,51
cars_train:00831.jpg,2,60,60
cars_train:00832.jpg,2,112,118
cars_train:00833.jpg,0,134,134
cars_train:00834.jpg,3,119,119
cars_train:00835.jpg,3,23,23
cars_train:00836.jpg,3,176,176
cars_train:00837.jpg,1,77,77
cars_train:00838.jpg,0,192,192
cars_train:00839.jpg,2,145,145
cars_train:00840.jpg,3,57,57
cars_train:00841.jpg,1,150,150
cars_train:00842.jpg,1,113,113
cars_train:00843.jpg,2,158,158
cars_train:00844.jpg,0,170,170
cars_train:00845.jpg,1,187,187
cars_train:00846.jpg,1,85,85
cars_train:00847.jpg,2,158,158
cars_train:00848.jpg,2,159,159
cars_train:00849.jpg,2,59,59
cars_train:00850.jpg,4,133,133
cars_train:00851.jpg,1,194,194
cars_train:00852.jpg,3,194,194
cars_train:00853.jpg,1,152,152
cars_train:00854.jpg,2,70,118
cars_train:00855.jpg,1,136,163
cars_train:00856.jpg,0,40,78
cars_train:00857.jpg,4,117,117
cars_train:00858.jpg,3,1,4
cars_train:00859.jpg,3,29,29
cars_train:00860.jpg,1,103,103
cars_train:00861.jpg,4,101,101
cars_train:00862.jpg,4,118,118
cars_train:00863.jpg,2,76,76
cars_train:00864.jpg,1,102,102
cars_train:00865.jpg,0,16,16
cars_train:00866.jpg,0,51,51
cars_train:00867.jpg,3,86,86
cars_train:00868.jpg,4,87,87
cars_train:00869.jpg,4,186,186
cars_train:00870.jpg,4,27,27
cars_train:00871.jpg,1,44,44
cars_train:00872.jpg,3,54,54
cars_train:00873.jpg,0,162,162
cars_train:00874.jpg,3,69,69
cars_train:00875.jpg,3,95,95
cars_train:00876.jpg,0,74,74
cars_train:00877.jpg,1,77,77
cars_train:00878.jpg,1,5,5
cars_train:00879.jpg,0,90,90
cars_train:00880.jpg,0,7,7
cars_train:00881.jpg,3,190,190
cars_train:00882.jpg,0,181,181
cars_train:00883.jpg,3,130,130
cars_train:00884.jpg,2,90,90
cars_train:00885.jpg,0,192,192
cars_train:00886.jpg,0,46,46
cars_train:00887.jpg,2,0,0
cars_train:00888.jpg,3,13,13
cars_train:00889.jpg,0,162,162
cars_train:00890.jpg,1,168,168
cars_train:00891.jpg,0,184,184
cars_train:00892.jpg,1,188,188
cars_train:00893.jpg,2,106,106
cars_train:00894.jpg,3,125,125
cars_train:00895.jpg,4,132,132
cars_train:00896.jpg,0,43,43
cars_train:00897.jpg,4,43,43
cars_train:00898.jpg,3,5,5
cars_train:00899.jpg,4,19,19
cars_train:00900.jpg,3,174,174
cars_train:00901.jpg,4,143,143
cars_train:00902.jpg,2,188,188
cars_train:00903.jpg,0,98,98
cars_train:00904.jpg,3,170,170
cars_train:00905.jpg,3,72,72
cars_train:00906.jpg,1,187,187
cars_train:00907.jpg,0,121,121
cars_train:00908.jpg,1,52,52
cars_train:00909.jpg,0,61,61
cars_train:00910.jpg,1,39,39
cars_train:00911.jpg,4,137,137
cars_train:00912.jpg,0,6,6
cars_train:00913.jpg,3,151,151
cars_train:00914.jpg,2,148,148
cars_train:00915.jpg,4,94,94
cars_train:00916.jpg,2,147,147
cars_train:00917.jpg,3,91,91
cars_train:00918.jpg,1,19,19
cars_train:00919.jpg,0,131,131
cars_train:00920.jpg,4,3,3
cars_train:00921.jpg,0,184,184
cars_train:00922.jpg,2,54,54
cars_train:00923.jpg,1,50,50
cars_train:00924.jpg,0,66,66
cars_train:00925.jpg,3,72,72
cars_train:00926.jpg,2,41,38
cars_train:00927.jpg,0,173,173
cars_train:00928.jpg,1,56,56
cars_train:00929.jpg,1,65,65
cars_train:00930.jpg,2,32,32
cars_train:00931.jpg,2,190,190
cars_train:00932.jpg,1,58,58
cars_train:00933.jpg,0,180,180
cars_train:00934.jpg,0,22,22
cars_train:00935.jpg,2,145,145
cars_train:00936.jpg,3,14,14
cars_train:00937.jpg,0,140,140
cars_train:00938.jpg,3,42,42
cars_train:00939.jpg,1,170,170
cars_train:00940.jpg,4,20,20
cars_train:00941.jpg,3,125,125
cars_train:00942.jpg,1,61,61
cars_train:00943.jpg,0,49,49
cars_train:00944.jpg,0,45,45
cars_train:00945.jpg,3,107,107
cars_train:00946.jpg,2,0,0
cars_train:00947.jpg,0,106,106
cars_train:00948.jpg,0,79,79
cars_train:00949.jpg,3,115,105
cars_train:00950.jpg,4,190,190
cars_train:00951.jpg,0,94,94
cars_train:00952.jpg,4,194,194
cars_train:00953.jpg,3,171,171
cars_train:00954.jpg,4,194,194
cars_train:00955.jpg,0,80,80
cars_train:00956.jpg,4,19,19
cars_train:00957.jpg,3,74,74
cars_train:00958.jpg,1,191,191
cars_train:00959.jpg,0,150,150
cars_train:00960.jpg,2,107,107
cars_train:00961.jpg,0,160,160
cars_train:00962.jpg,3,188,188
cars_train:00963.jpg,1,54,54
cars_train:00964.jpg,1,115,115
cars_train:00965.jpg,0,60,60
cars_train:00966.jpg,0,26,26
cars_train:00967.jpg,4,67,67
cars_train:00968.jpg,1,60,60
cars_train:00969.jpg,4,95,95
cars_train:00970.jpg,4,51,51
cars_train:00971.jpg,4,33,33
cars_train:00972.jpg,0,168,168
cars_train:00973.jpg,3,91,158
cars_train:00974.jpg,0,114,114
cars_train:00975.jpg,0,15,16
cars_train:00976.jpg,1,189,135
cars_train:00977.jpg,2,32,32
cars_train:00978.jpg,3,61,61
cars_train:00979.jpg,1,86,86
cars_train:00980.jpg,0,100,100
cars_train:00981.jpg,2,49,49
cars_train:00982.jpg,4,155,155
cars_train:00983.jpg,3,127,127
cars_train:00984.jpg,1,180,183
cars_train:00985.jpg,0,36,36
cars_train:00986.jpg,0,132,132
cars_train:00987.jpg,1,39,39
cars_train:00988.jpg,1,22,22
cars_train:00989.jpg,4,52,52
cars_train:00990.jpg,1,160,160
cars_train:00991.jpg,4,30,30
cars_train:00992.jpg,4,167,167
cars_train:00993.jpg,1,114,114
cars_train:00994.jpg,0,111,111
cars_train:00995.jpg,2,62,62
cars_train:00996.jpg,4,103,103
cars_train:00997.jpg,0,59,59
cars_train:00998.jpg,3,57,57
cars_train:00999.jpg,0,57,57
cars_train:01000.jpg,3,118,118
cars_train:01001.jpg,0,42,42
cars_train:01002.jpg,4,42,42
cars_train:01003.jpg,3,191,191
cars_train:01004.jpg,2,55,55
cars_train:01005.jpg,0,64,52
cars_train:01006.jpg,4,169,169
cars_train:01007.jpg,0,136,136
cars_train:01008.jpg,0,42,42
cars_train:01009.jpg,1,69,69
cars_train:01010.jpg,3,5,5
cars_train:01011.jpg,1,100,100
cars_train:01012.jpg,1,5,5
cars_train:01013.jpg,2,151,151
cars_train:01014.jpg,2,99,99
cars_train:01015.jpg,1,193,193
cars_train:01016.jpg,3,169,169
cars_train:01017.jpg,0,126,126
cars_train:01018.jpg,1,161,161
cars_train:01019.jpg,1,167,167
cars_train:01020.jpg,0,82,82
cars_train:01021.jpg,0,161,161
cars_train:01022.jpg,3,22,22
cars_train:01023.jpg,4,25,25
cars_train:01024.jpg,1,154,154
cars_train:01025.jpg,2,128,128
cars_train:01026.jpg,4,52,52
cars_train:01027.jpg,4,49,49
cars_train:01028.jpg,2,179,179
cars_train:01029.jpg,3,69,69
cars_train:01030.jpg,0,142,142
cars_train:01031.jpg,4,1,1
cars_train:01032.jpg,2,53,74
cars_train:01033.jpg,2,60,60
cars_train:01034.jpg,3,1,1
cars_train:01035.jpg,0,134,134
cars_train:01036.jpg,1,26,26
cars_train:01037.jpg,2,126,126
cars_train:01038.jpg,0,181,181
cars_train:01039.jpg,4,40,40
cars_train:01040.jpg,3,87,87
cars_train:01041.jpg,3,118,70
cars_train:01042.jpg,4,72,72
cars_train:01043.jpg,0,123,123
cars_train:01044.jpg,2,90,90
cars_train:01045.jpg,4,148,148
cars_train:01046.jpg,3,192,192
cars_train:01047.jpg,0,81,81
cars_train:01048.jpg,4,19,19
cars_train:01049.jpg,2,166,166
cars_train:01050.jpg,0,131,131
cars_train:01051.jpg,0,41,41
cars_train:01052.jpg,4,151,151
cars_train:01053.jpg,0,170,170
cars_train:01054.jpg,0,42,42
cars_train:01055.jpg,1,110,110
cars_train:01056.jpg,0,134,134
cars_train:01057.jpg,4,78,78
cars_train:01058.jpg,1,92,92
cars_train:01059.jpg,2,25,25
cars_train:01060.jpg,2,68,68
cars_train:01061.jpg,4,31,31
cars_train:01062.jpg,3,60,60
cars_train:01063.jpg,2,77,77
cars_train:01064.jpg,4,36,36
cars_train:01065.jpg,4,33,33
cars_train:01066.jpg,0,149,149
cars_train:01067.jpg,2,113,113
cars_train:01068.jpg,3,190,190
cars_train:01069.jpg,3,80,80
cars_train:01070.jpg,1,85,85
cars_train:01071.jpg,3,59,59
cars_train:01072.jpg,2,16,16
cars_train:01073.jpg,3,23,23
cars_train:01074.jpg,0,68,74
cars_train:01075.jpg,0,110,110
cars_train:01076.jpg,0,38,38
cars_train:01077.jpg,0,44,44
cars_train:01078.jpg,0,166,166
cars_train:01079.jpg,1,36,36
cars_train:01080.jpg,0,191,191
cars_train:01081.jpg,1,195,195
cars_train:01082.jpg,0,91,91
cars_train:01083.jpg,4,112,112
cars_train:01084.jpg,4,48,48
cars_train:01085.jpg,4,13,13
cars_train:01086.jpg,0,54,58
cars_train:01087.jpg,0,72,72
cars_train:01088.jpg,4,158,158
cars_train:01089.jpg,1,29,29
cars_train:01090.jpg,4,152,152
cars_train:01091.jpg,0,21,21
cars_train:01092.jpg,1,24,24
cars_train:01093.jpg,4,92,92
cars_train:01094.jpg,4,21,12
cars_train:01095.jpg,1,55,55
cars_train:01096.jpg,4,158,158
cars_train:01097.jpg,3,17,17
cars_train:01098.jpg,0,111,111
cars_train:01099.jpg,0,44,44
cars_train:01100.jpg,1,130,130
cars_train:01101.jpg,1,103,103
cars_train:01102.jpg,4,85,85
cars_train:01103.jpg,0,47,47
cars_train:01104.jpg,0,184,184
cars_train:01105.jpg,2,6,6
cars_train:01106.jpg,1,166,166
cars_train:01107.jpg,1,65,65
cars_train:01108.jpg,1,54,54
cars_train:01109.jpg,0,166,166
cars_train:01110.jpg,3,183,183
cars_train:01111.jpg,2,188,188
cars_train:01112.jpg,2,192,192
cars_train:01113.jpg,0,87,87
cars_train:01114.jpg,4,70,63
cars_train:01115.jpg,4,28,29
cars_train:01116.jpg,4,54,54
cars_train:01117.jpg,0,108,108
cars_train:01118.jpg,4,117,117
cars_train:01119.jpg,4,143,143
cars_train:01120.jpg,2,186,186
cars_train:01121.jpg,0,190,190
cars_train:01122.jpg,2,33,33
cars_train:01123.jpg,0,19,19
cars_train:01124.jpg,1,10,9
cars_train:01125.jpg,3,53,53
cars_train:01126.jpg,1,44,45
cars_train:01127.jpg,0,28,28
cars_train:01128.jpg,3,29,25
cars_train:01129.jpg,0,30,30
cars_train:01130.jpg,2,42,42
cars_train:01131.jpg,2,112,113
cars_train:01132.jpg,1,142,142
cars_train:01133.jpg,4,55,55
cars_train:01134.jpg,2,4,4
cars_train:01135.jpg,0,122,122
cars_train:01136.jpg,1,51,51
cars_train:01137.jpg,1,89,89
cars_train:01138.jpg,0,38,38
cars_train:01139.jpg,3,186,186
cars_train:01140.jpg,2,190,190
cars_train:01141.jpg,3,169,169
cars_train:01142.jpg,1,30,30
cars_train:01143.jpg,1,120,120
cars_train:01144.jpg,0,189,189
cars_train:01145.jpg,1,120,120
cars_train:01146.jpg,0,55,54
cars_train:01147.jpg,0,63,70
cars_train:01148.jpg,0,9,9
cars_train:01149.jpg,1,164,164
cars_train:01150.jpg,3,100,100
cars_train:01151.jpg,4,21,21
cars_train:01152.jpg,2,77,77
cars_train:01153.jpg,3,96,96
cars_train:01154.jpg,3,145,145
cars_train:01155.jpg,1,95,95
cars_train:01156.jpg,0,109,109
cars_train:01157.jpg,2,14,14
cars_train:01158.jpg,4,186,186
cars_train:01159.jpg,3,194,194
cars_train:01160.jpg,0,22,22
cars_train:01161.jpg,4,81,81
cars_train:01162.jpg,3,173,173
cars_train:01163.jpg,3,86,86
cars_train:01164.jpg,0,30,30
cars_train:01165.jpg,2,35,35
cars_train:01166.jpg,1,122,122
cars_train:01167.jpg,0,20,20
cars_train:01168.jpg,2,45,45
cars_train:01169.jpg,3,72,72
cars_train:01170.jpg,3,140,140
cars_train:01171.jpg,0,87,165
cars_train:01172.jpg,0,121,121
cars_train:01173.jpg,1,144,144
cars_train:01174.jpg,3,121,121
cars_train:01175.jpg,1,112,112
cars_train:01176.jpg,3,64,64
cars_train:01177.jpg,2,164,164
cars_train:01178.jpg,0,42,42
cars_train:01179.jpg,2,10,10
cars_train:01180.jpg,0,15,15
cars_train:01181.jpg,0,125,125
cars_train:01182.jpg,2,160,160
cars_train:01183.jpg,4,152,152
cars_train:01184.jpg,4,45,44
cars_train:01185.jpg,2,51,51
cars_train:01186.jpg,2,7,7
cars_train:01187.jpg,4,156,156
cars_train:01188.jpg,2,93,188
cars_train:01189.jpg,4,152,152
cars_train:01190.jpg,1,62,62
cars_train:01191.jpg,0,115,115
cars_train:01192.jpg,4,29,29
cars_train:01193.jpg,0,47,47
cars_train:01194.jpg,1,122,122
cars_train:01195.jpg,1,23,23
cars_train:01196.jpg,4,150,150
cars_train:01197.jpg,3,35,38
cars_train:01198.jpg,3,52,52
cars_train:01199.jpg,4,61,61
cars_train:01200.jpg,3,141,141
cars_train:01201.jpg,4,49,49
cars_train:01202.jpg,4,20,20
cars_train:01203.jpg,2,170,170
cars_train:01204.jpg,2,139,139
cars_train:01205.jpg,2,40,40
cars_train:01206.jpg,3,27,26
cars_train:01207.jpg,3,47,47
cars_train:01208.jpg,4,29,29
cars_train:01209.jpg,0,173,173
cars_train:01210.jpg,0,13,18
cars_train:01211.jpg,1,107,107
cars_train:01212.jpg,0,89,89
cars_train:01213.jpg,2,133,133
cars_train:01214.jpg,4,2,2
cars_train:01215.jpg,0,113,113
cars_train:01216.jpg,1,184,184
cars_train:01217.jpg,3,158,158
cars_train:01218.jpg,1,160,160
cars_train:01219.jpg,1,80,80
cars_train:01220.jpg,0,120,120
cars_train:01221.jpg,3,141,141
cars_train:01222.jpg,0,63,63
cars_train:01223.jpg,4,146,146
cars_train:01224.jpg,0,38,38
cars_train:01225.jpg,4,186,186
cars_train:01226.jpg,1,188,188
cars_train:01227.jpg,3,36,36
cars_train:01228.jpg,4,44,44
cars_train:01229.jpg,1,83,82
cars_train:01230.jpg,2,73,69
cars_train:01231.jpg,4,158,158
cars_train:01232.jpg,1,13,13
cars_train:01233.jpg,0,137,137
cars_train:01234.jpg,0,48,125
cars_train:01235.jpg,3,155,155
cars_train:01236.jpg,3,179,179
cars_train:01237.jpg,3,172,172
cars_train:01238.jpg,0,110,110
cars_train:01239.jpg,0,27,27
cars_train:01240.jpg,0,187,187
cars_train:01241.jpg,1,76,76
cars_train:01242.jpg,4,93,93
cars_train:01243.jpg,3,153,153
cars_train:01244.jpg,2,154,154
cars_train:01245.jpg,2,18,18
cars_train:01246.jpg,2,117,117
cars_train:01247.jpg,0,161,161
cars_train:01248.jpg,3,159,159
cars_train:01249.jpg,4,45,45
cars_train:01250.jpg,4,181,181
cars_train:01251.jpg,4,15,15
cars_train:01252.jpg,0,195,195
cars_train:01253.jpg,4,36,36
cars_train:01254.jpg,1,154,154
cars_train:01255.jpg,3,5,5
cars_train:01256.jpg,2,70,63
cars_train:01257.jpg,4,132,132
cars_train:01258.jpg,4,94,94
cars_train:01259.jpg,0,88,88
cars_train:01260.jpg,3,94,89
cars_train:01261.jpg,0,84,84
cars_train:01262.jpg,0,83,83
cars_train:01263.jpg,3,142,142
cars_train:01264.jpg,0,3,3
cars_train:01265.jpg,0,184,184
cars_train:01266.jpg,4,121,121
cars_train:01267.jpg,4,126,126
cars_train:01268.jpg,0,53,53
cars_train:01269.jpg,2,179,179
cars_train:01270.jpg,2,43,43
cars_train:01271.jpg,0,157,157
cars_train:01272.jpg,2,131,131
cars_train:01273.jpg,1,101,101
cars_train:01274.jpg,1,71,71
cars_train:01275.jpg,0,28,28
cars_train:01276.jpg,4,8,8
cars_train:01277.jpg,4,0,0
cars_train:01278.jpg,0,79,79
cars_train:01279.jpg,2,130,130
cars_train:01280.jpg,3,105,105
cars_train:01281.jpg,3,46,46
cars_train:01282.jpg,3,183,183
cars_train:01283.jpg,3,7,7
cars_train:01284.jpg,2,39,39
cars_train:01285.jpg,4,194,194
cars_train:01286.jpg,4,129,129
cars_train:01287.jpg,4,159,159
cars_train:01288.jpg,3,93,93
cars_train:01289.jpg,4,52,52
cars_train:01290.jpg,4,164,164
cars_train:01291.jpg,3,136,136
cars_train:01292.jpg,0,27,27
cars_train:01293.jpg,3,45,45
cars_train:01294.jpg,2,106,106
cars_train:01295.jpg,2,93,93
cars_train:01296.jpg,4,114,114
cars_train:01297.jpg,0,11,11
cars_train:01298.jpg,1,19,19
cars_train:01299.jpg,4,185,185
cars_train:01300.jpg,2,57,57
cars_train:01301.jpg,4,143,143
cars_train:01302.jpg,3,177,177
cars_train:01303.jpg,2,190,190
cars_train:01304.jpg,0,136,136
cars_train:01305.jpg,0,144,144
cars_train:01306.jpg,3,156,156
cars_train:01307.jpg,1,80,80
cars_train:01308.jpg,1,22,22
cars_train:01309.jpg,0,73,73
cars_train:01310.jpg,4,171,171
cars_train:01311.jpg,1,87,87
cars_train:01312.jpg,2,85,85
cars_train:01313.jpg,4,11,19
cars_train:01314.jpg,2,122,122
cars_train:01315.jpg,0,188,188
cars_train:01316.jpg,4,56,56
cars_train:01317.jpg,4,191,191
cars_train:01318.jpg,1,66,66
cars_train:01319.jpg,4,180,180
cars_train:01320.jpg,1,183,183
cars_train:01321.jpg,4,176,176
cars_train:01322.jpg,3,6,6
cars_train:01323.jpg,0,113,113
cars_train:01324.jpg,3,38,38
cars_train:01325.jpg,2,69,69
cars_train:01326.jpg,2,66,66
cars_train:01327.jpg,4,73,73
cars_train:01328.jpg,2,58,58
cars_train:01329.jpg,4,164,164
cars_train:01330.jpg,2,52,52
cars_train:01331.jpg,3,7,8
cars_train:01332.jpg,4,125,125
cars_train:01333.jpg,4,129,129
cars_train:01334.jpg,0,178,178
cars_train:01335.jpg,0,44,44
cars_train:01336.jpg,3,188,188
cars_train:01337.jpg,4,187,187
cars_train:01338.jpg,2,161,161
cars_train:01339.jpg,0,93,93
cars_train:01340.jpg,3,29,28
cars_train:01341.jpg,4,72,72
cars_train:01342.jpg,1,58,58
cars_train:01343.jpg,1,191,191
cars_train:01344.jpg,3,125,125
cars_train:01345.jpg,1,85,85
cars_train:01346.jpg,3,12,12
cars_train:01347.jpg,4,178,178
cars_train:01348.jpg,0,36,36
cars_train:01349.jpg,2,143,143
cars_train:01350.jpg,2,156,156
cars_train:01351.jpg,2,111,111
cars_train:01352.jpg,1,39,39
cars_train:01353.jpg,0,30,30
cars_train:01354.jpg,3,155,155
cars_train:01355.jpg,4,183,183
cars_train:01356.jpg,2,167,167
cars_train:01357.jpg,3,43,43
cars_train:01358.jpg,2,58,58
cars_train:01359.jpg,3,79,79
cars_train:01360.jpg,4,58,58
cars_train:01361.jpg,0,8,8
cars_train:01362.jpg,3,110,110
cars_train:01363.jpg,4,139,137
cars_train:01364.jpg,1,57,57
cars_train:01365.jpg,4,48,48
cars_train:01366.jpg,3,114,114
cars_train:01367.jpg,1,79,79
cars_train:01368.jpg,3,132,132
cars_train:01369.jpg,3,160,160
cars_train:01370.jpg,1,20,20
cars_train:01371.jpg,4,91,91
cars_train:01372.jpg,4,12,12
cars_train:01373.jpg,4,129,129
cars_train:01374.jpg,3,158,158
cars_train:01375.jpg,1,169,169
cars_train:01376.jpg,2,120,120
cars_train:01377.jpg,4,96,96
cars_train:01378.jpg,0,86,86
cars_train:01379.jpg,4,191,191
cars_train:01380.jpg,3,123,123
cars_train:01381.jpg,0,45,45
cars_train:01382.jpg,4,52,52
cars_train:01383.jpg,3,112,112
cars_train:01384.jpg,0,84,84
cars_train:01385.jpg,1,173,173
cars_train:01386.jpg,2,169,169
cars_train:01387.jpg,4,130,130
cars_train:01388.jpg,4,108,108
cars_train:01389.jpg,1,127,127
cars_train:01390.jpg,2,187,187
cars_train:01391.jpg,4,72,66
cars_train:01392.jpg,1,4,4
cars_train:01393.jpg,3,126,126
cars_train:01394.jpg,1,155,155
cars_train:01395.jpg,3,29,29
cars_train:01396.jpg,0,153,153
cars_train:01397.jpg,0,66,66
cars_train:01398.jpg,1,110,110
cars_train:01399.jpg,4,42,42
cars_train:01400.jpg,2,135,135
cars_train:01401.jpg,0,41,42
cars_train:01402.jpg,0,117,117
cars_train:01403.jpg,0,13,13
cars_train:01404.jpg,1,162,162
cars_train:01405.jpg,4,154,154
cars_train:01406.jpg,0,143,143
cars_train:01407.jpg,3,98,98
cars_train:01408.jpg,1,189,189
cars_train:01409.jpg,1,42,42
cars_train:01410.jpg,4,108,108
cars_train:01411.jpg,2,54,54
cars_train:01412.jpg,0,132,132
cars_train:01413.jpg,4,7,7
cars_train:01414.jpg,4,90,90
cars_train:01415.jpg,0,24,24
cars_train:01416.jpg,2,6,6
cars_train:01417.jpg,1,155,155
cars_train:01418.jpg,1,83,83
cars_train:01419.jpg,3,69,69
cars_train:01420.jpg,1,163,163
cars_train:01421.jpg,2,96,96
cars_train:01422.jpg,0,127,128
cars_train:01423.jpg,1,26,27
cars_train:01424.jpg,4,122,122
cars_train:01425.jpg,1,10,10
cars_train:01426.jpg,4,103,103
cars_train:01427.jpg,1,148,148
cars_train:01428.jpg,3,58,58
cars_train:01429.jpg,0,126,126
cars_train:01430.jpg,4,73,73
cars_train:01431.jpg,3,193,193
cars_train:01432.jpg,0,69,69
cars_train:01433.jpg,1,46,46
cars_train:01434.jpg,3,97,97
cars_train:01435.jpg,4,188,188
cars_train:01436.jpg,2,159,159
cars_train:01437.jpg,4,79,79
cars_train:01438.jpg,0,32,32
cars_train:01439.jpg,4,92,92
cars_train:01440.jpg,2,87,87
cars_train:01441.jpg,0,147,147
cars_train:01442.jpg,2,165,165
cars_train:01443.jpg,1,33,33
cars_train:01444.jpg,3,51,51
cars_train:01445.jpg,2,142,142
cars_train:01446.jpg,1,143,143
cars_train:01447.jpg,2,52,52
cars_train:01448.jpg,4,109,109
cars_train:01449.jpg,1,188,188
cars_train:01450.jpg,1,14,14
cars_train:01451.jpg,1,157,157
cars_train:01452.jpg,3,90,90
cars_train:01453.jpg,4,191,191
cars_train:01454.jpg,3,121,121
cars_train:01455.jpg,2,143,143
cars_train:01456.jpg,1,119,119
cars_train:01457.jpg,1,14,14
cars_train:01458.jpg,0,112,112
cars_train:01459.jpg,3,61,119
cars_train:01460.jpg,2,173,122
cars_train:01461.jpg,0,95,95
cars_train:01462.jpg,4,145,145
cars_train:01463.jpg,0,164,164
cars_train:01464.jpg,0,192,192
cars_train:01465.jpg,0,114,114
cars_train:01466.jpg,3,141,141
cars_train:01467.jpg,0,177,177
cars_train:01468.jpg,4,6,6
cars_train:01469.jpg,4,35,35
cars_train:01470.jpg,1,166,1
cars_train:01471.jpg,4,64,64
cars_train:01472.jpg,2,188,188
cars_train:01473.jpg,1,32,32
cars_train:01474.jpg,0,153,153
cars_train:01475.jpg,0,138,138
cars_train:01476.jpg,1,176,175
cars_train:01477.jpg,2,69,69
cars_train:01478.jpg,3,115,115
cars_train:01479.jpg,0,183,183
cars_train:01480.jpg,2,140,140
cars_train:01481.jpg,2,86,86
cars_train:01482.jpg,3,108,108
cars_train:01483.jpg,1,7,8
cars_train:01484.jpg,1,45,45
cars_train:01485.jpg,3,42,43
cars_train:01486.jpg,0,14,33
cars_train:01487.jpg,3,78,78
cars_train:01488.jpg,3,181,181
cars_train:01489.jpg,4,33,33
cars_train:01490.jpg,2,184,184
cars_train:01491.jpg,4,149,149
cars_train:01492.jpg,3,147,147
cars_train:01493.jpg,1,28,28
cars_train:01494.jpg,3,15,15
cars_train:01495.jpg,3,155,155
cars_train:01496.jpg,3,14,14
cars_train:01497.jpg,0,88,88
cars_train:01498.jpg,2,177,177
cars_train:01499.jpg,3,152,152
cars_train:01500.jpg,1,27,27
cars_train:01501.jpg,1,175,175
cars_train:01502.jpg,4,16,16
cars_train:01503.jpg,0,140,140
cars_train:01504.jpg,3,129,129
cars_train:01505.jpg,1,157,157
cars_train:01506.jpg,1,9,9
cars_train:01507.jpg,3,183,183
cars_train:01508.jpg,0,135,135
cars_train:01509.jpg,0,50,50
cars_train:01510.jpg,3,179,179
cars_train:01511.jpg,1,51,51
cars_train:01512.jpg,1,25,28
cars_train:01513.jpg,1,194,194
cars_train:01514.jpg,4,126,126
cars_train:01515.jpg,3,21,21
cars_train:01516.jpg,0,103,103
cars_train:01517.jpg,2,168,168
cars_train:01518.jpg,0,193,193
cars_train:01519.jpg,2,50,50
cars_train:01520.jpg,0,28,28
cars_train:01521.jpg,2,150,150
cars_train:01522.jpg,4,39,39
cars_train:01523.jpg,3,182,182
cars_train:01524.jpg,4,21,12
cars_train:01525.jpg,3,99,99
cars_train:01526.jpg,3,96,96
cars_train:01527.jpg,4,95,95
cars_train:01528.jpg,2,130,130
cars_train:01529.jpg,3,153,153
cars_train:01530.jpg,3,181,181
cars_train:01531.jpg,3,187,187
cars_train:01532.jpg,4,94,94
cars_train:01533.jpg,2,64,64
cars_train:01534.jpg,1,18,18
cars_train:01535.jpg,0,1,1
cars_train:01536.jpg,4,124,124
cars_train:01537.jpg,1,6,6
cars_train:01538.jpg,1,78,78
cars_train:01539.jpg,1,194,194
cars_train:01540.jpg,0,189,189
cars_train:01541.jpg,4,87,87
cars_train:01542.jpg,1,72,72
cars_train:01543.jpg,2,161,161
cars_train:01544.jpg,1,70,70
cars_train:01545.jpg,0,92,92
cars_train:01546.jpg,1,74,74
cars_train:01547.jpg,3,93,93
cars_train:01548.jpg,0,166,166
cars_train:01549.jpg,2,111,44
cars_train:01550.jpg,1,186,186
cars_train:01551.jpg,2,162,162
cars_train:01552.jpg,0,40,40
cars_train:01553.jpg,3,27,27
cars_train:01554.jpg,1,172,172
cars_train:01555.jpg,3,113,113
cars_train:01556.jpg,0,80,80
cars_train:01557.jpg,4,49,49
cars_train:01558.jpg,2,100,100
cars_train:01559.jpg,3,77,77
cars_train:01560.jpg,4,118,118
cars_train:01561.jpg,1,169,169
cars_train:01562.jpg,0,115,115
cars_train:01563.jpg,1,145,145
cars_train:01564.jpg,3,161,161
cars_train:01565.jpg,4,164,164
cars_train:01566.jpg,4,186,186
cars_train:01567.jpg,4,175,175
cars_train:01568.jpg,1,36,36
cars_train:01569.jpg,1,172,172
cars_train:01570.jpg,3,135,135
cars_train:01571.jpg,2,171,171
cars_train:01572.jpg,3,79,79
cars_train:01573.jpg,3,54,55
cars_train:01574.jpg,0,102,102
cars_train:01575.jpg,0,103,103
cars_train:01576.jpg,3,92,92
cars_train:01577.jpg,1,79,79
cars_train:01578.jpg,4,10,9
cars_train:01579.jpg,0,36,36
cars_train:01580.jpg,4,32,32
cars_train:01581.jpg,2,10,10
cars_train:01582.jpg,0,34,34
cars_train:01583.jpg,3,120,120
cars_train:01584.jpg,3,175,175
cars_train:01585.jpg,1,152,152
cars_train:01586.jpg,2,150,150
cars_train:01587.jpg,0,169,169
cars_train:01588.jpg,0,102,102
cars_train:01589.jpg,3,14,14
cars_train:01590.jpg,3,186,1
cars_train:01591.jpg,3,17,16
cars_train:01592.jpg,3,145,145
cars_train:01593.jpg,1,37,37
cars_train:01594.jpg,4,182,182
cars_train:01595.jpg,2,194,194
cars_train:01596.jpg,4,162,162
cars_train:01597.jpg,0,119,119
cars_train:01598.jpg,3,110,110
cars_train:01599.jpg,2,71,71
cars_train:01600.jpg,0,23,23
cars_train:01601.jpg,4,120,120
cars_train:01602.jpg,1,153,153
cars_train:01603.jpg,2,142,142
cars_train:01604.jpg,3,48,48
cars_train:01605.jpg,1,71,71
cars_train:01606.jpg,4,79,79
cars_train:01607.jpg,0,178,178
cars_train:01608.jpg,0,12,12
cars_train:01609.jpg,0,17,17
cars_train:01610.jpg,2,39,39
cars_train:01611.jpg,3,98,98
cars_train:01612.jpg,3,68,68
cars_train:01613.jpg,2,31,31
cars_train:01614.jpg,4,46,46
cars_train:01615.jpg,3,51,51
cars_train:01616.jpg,3,82,83
cars_train:01617.jpg,1,5,5
cars_train:01618.jpg,4,187,187
cars_train:01619.jpg,1,97,97
cars_train:01620.jpg,0,15,15
cars_train:01621.jpg,0,145,145
cars_train:01622.jpg,2,59,59
cars_train:01623.jpg,1,135,135
cars_train:01624.jpg,3,28,28
cars_train:01625.jpg,2,155,155
cars_train:01626.jpg,0,120,120
cars_train:01627.jpg,4,53,53
cars_train:01628.jpg,0,106,106
cars_train:01629.jpg,4,179,179
cars_train:01630.jpg,2,105,105
cars_train:01631.jpg,1,129,129
cars_train:01632.jpg,2,151,151
cars_train:01633.jpg,3,156,156
cars_train:01634.jpg,0,159,159
cars_train:01635.jpg,3,120,120
cars_train:01636.jpg,1,85,86
cars_train:01637.jpg,2,127,127
cars_train:01638.jpg,2,81,81
cars_train:01639.jpg,2,21,21
cars_train:01640.jpg,0,11,11
cars_train:01641.jpg,4,164,164
cars_train:01642.jpg,0,125,125
cars_train:01643.jpg,1,19,19
cars_train:01644.jpg,1,18,13
cars_train:01645.jpg,4,82,82
cars_train:01646.jpg,4,106,106
cars_train:01647.jpg,3,53,53
cars_train:01648.jpg,1,130,130
cars_train:01649.jpg,4,73,69
cars_train:01650.jpg,4,39,39
cars_train:01651.jpg,1,75,75
cars_train:01652.jpg,2,64,64
cars_train:01653.jpg,4,161,161
cars_train:01654.jpg,0,62,187
cars_train:01655.jpg,4,121,121
cars_train:01656.jpg,0,31,31
cars_train:01657.jpg,3,148,148
cars_train:01658.jpg,2,174,174
cars_train:01659.jpg,2,129,129
cars_train:01660.jpg,3,99,99
cars_train:01661.jpg,1,0,0
cars_train:01662.jpg,3,172,172
cars_train:01663.jpg,1,26,26
cars_train:01664.jpg,4,125,125
cars_train:01665.jpg,2,137,137
cars_train:01666.jpg,1,151,151
cars_train:01667.jpg,0,145,145
cars_train:01668.jpg,1,118,118
cars_train:01669.jpg,2,132,132
cars_train:01670.jpg,4,189,189
cars_train:01671.jpg,0,46,46
cars_train:01672.jpg,2,32,32
cars_train:01673.jpg,0,80,80
cars_train:01674.jpg,1,166,166
cars_train:01675.jpg,1,34,34
cars_train:01676.jpg,1,97,97
cars_train:01677.jpg,0,43,43
cars_train:01678.jpg,3,9,9
cars_train:01679.jpg,4,63,63
cars_train:01680.jpg,2,8,8
cars_train:01681.jpg,2,32,32
cars_train:01682.jpg,3,82,83
cars_train:01683.jpg,3,85,85
cars_train:01684.jpg,0,150,150
cars_train:01685.jpg,1,92,92
cars_train:01686.jpg,1,112,112
cars_train:01687.jpg,4,29,29
cars_train:01688.jpg,0,105,105
cars_train:01689.jpg,3,79,79
cars_train:01690.jpg,1,69,69
cars_train:01691.jpg,1,49,49
cars_train:01692.jpg,4,139,48
cars_train:01693.jpg,3,130,130
cars_train:01694.jpg,1,73,73
cars_train:01695.jpg,4,130,130
cars_train:01696.jpg,4,187,187
cars_train:01697.jpg,4,117,117
cars_train:01698.jpg,1,122,122
cars_train:01699.jpg,4,188,188
cars_train:01700.jpg,1,17,17
cars_train:01701.jpg,4,94,94
cars_train:01702.jpg,1,59,59
cars_train:01703.jpg,4,45,45
cars_train:01704.jpg,0,83,83
cars_train:01705.jpg,3,2,2
cars_train:01706.jpg,4,6,6
cars_train:01707.jpg,0,55,55
cars_train:01708.jpg,4,45,157
cars_train:01709.jpg,3,95,95
cars_train:01710.jpg,2,54,54
cars_train:01711.jpg,2,153,153
cars_train:01712.jpg,3,70,70
cars_train:01713.jpg,4,170,170
cars_train:01714.jpg,0,25,25
cars_train:01715.jpg,4,12,12
cars_train:01716.jpg,1,2,2
cars_train:01717.jpg,3,152,152
cars_train:01718.jpg,2,148,148
cars_train:01719.jpg,3,30,30
cars_train:01720.jpg,2,166,166
cars_train:01721.jpg,1,95,95
cars_train:01722.jpg,3,104,104
cars_train:01723.jpg,4,157,157
cars_train:01724.jpg,3,114,114
cars_train:01725.jpg,0,177,177
cars_train:01726.jpg,3,161,161
cars_train:01727.jpg,1,125,125
cars_train:01728.jpg,3,155,155
cars_train:01729.jpg,3,149,149
cars_train:01730.jpg,1,149,149
cars_train:01731.jpg,3,66,66
cars_train:01732.jpg,1,86,86
cars_train:01733.jpg,3,12,12
cars_train:01734.jpg,3,139,139
cars_train:01735.jpg,2,172,172
cars_train:01736.jpg,2,68,68
cars_train:01737.jpg,0,131,131
cars_train:01738.jpg,3,133,133
cars_train:01739.jpg,3,194,194
cars_train:01740.jpg,2,154,154
cars_train:01741.jpg,3,138,138
cars_train:01742.jpg,1,130,130
cars_train:01743.jpg,0,79,79
cars_train:01744.jpg,1,143,143
cars_train:01745.jpg,4,70,70
cars_train:01746.jpg,3,78,78
cars_train:01747.jpg,1,168,168
cars_train:01748.jpg,4,129,129
cars_train:01749.jpg,1,156,156
cars_train:01750.jpg,2,2,2
cars_train:01751.jpg,2,52,52
cars_train:01752.jpg,4,59,59
cars_train:01753.jpg,3,41,41
cars_train:01754.jpg,4,131,131
cars_train:01755.jpg,0,12,12
cars_train:01756.jpg,0,159,159
cars_train:01757.jpg,3,37,37
cars_train:01758.jpg,4,113,113
cars_train:01759.jpg,3,180,180
cars_train:01760.jpg,2,122,122
cars_train:01761.jpg,0,182,182
cars_train:01762.jpg,0,11,11
cars_train:01763.jpg,3,174,174
cars_train:01764.jpg,3,148,148
cars_train:01765.jpg,2,110,110
cars_train:01766.jpg,4,89,89
cars_train:01767.jpg,4,10,8
cars_train:01768.jpg,0,8,8
cars_train:01769.jpg,0,147,107
cars_train:01770.jpg,0,46,48
cars_train:01771.jpg,4,155,155
cars_train:01772.jpg,3,38,38
cars_train:01773.jpg,3,107,107
cars_train:01774.jpg,0,194,194
cars_train:01775.jpg,3,30,30
cars_train:01776.jpg,4,174,174
cars_train:01777.jpg,1,100,100
cars_train:01778.jpg,2,21,20
cars_train:01779.jpg,4,111,111
cars_train:01780.jpg,2,167,167
cars_train:01781.jpg,3,116,116
cars_train:01782.jpg,4,16,15
cars_train:01783.jpg,4,14,14
cars_train:01784.jpg,3,94,94
cars_train:01785.jpg,2,72,72
cars_train:01786.jpg,0,9,9
cars_train:01787.jpg,3,122,122
cars_train:01788.jpg,2,87,87
cars_train:01789.jpg,0,86,86
cars_train:01790.jpg,4,112,112
cars_train:01791.jpg,1,169,169
cars_train:01792.jpg,1,38,38
cars_train:01793.jpg,3,115,115
cars_train:01794.jpg,3,177,177
cars_train:01795.jpg,3,77,77
cars_train:01796.jpg,0,77,77
cars_train:01797.jpg,3,153,153
cars_train:01798.jpg,2,170,170
cars_train:01799.jpg,3,83,83
cars_train:01800.jpg,2,123,123
cars_train:01801.jpg,3,94,94
cars_train:01802.jpg,3,75,75
cars_train:01803.jpg,4,12,12
cars_train:01804.jpg,0,92,92
cars_train:01805.jpg,0,14,14
cars_train:01806.jpg,4,53,73
cars_train:01807.jpg,1,33,33
cars_train:01808.jpg,4,74,68
cars_train:01809.jpg,2,176,176
cars_train:01810.jpg,0,20,20
cars_train:01811.jpg,3,51,51
cars_train:01812.jpg,3,58,58
cars_train:01813.jpg,4,154,154
cars_train:01814.jpg,3,193,193
cars_train:01815.jpg,3,53,53
cars_train:01816.jpg,4,77,77
cars_train:01817.jpg,3,51,51
cars_train:01818.jpg,1,45,45
cars_train:01819.jpg,1,7,7
cars_train:01820.jpg,0,163,163
cars_train:01821.jpg,2,28,28
cars_train:01822.jpg,1,138,138
cars_train:01823.jpg,0,80,80
cars_train:01824.jpg,3,185,185
cars_train:01825.jpg,0,34,34
cars_train:01826.jpg,0,84,84
cars_train:01827.jpg,1,62,62
cars_train:01828.jpg,0,48,48
cars_train:01829.jpg,1,138,138
cars_train:01830.jpg,3,131,131
cars_train:01831.jpg,3,115,115
cars_train:01832.jpg,1,0,0
cars_train:01833.jpg,3,10,45
cars_train:01834.jpg,1,123,123
cars_train:01835.jpg,3,90,90
cars_train:01836.jpg,3,86,86
cars_train:01837.jpg,3,89,89
cars_train:01838.jpg,2,26,26
cars_train:01839.jpg,3,25,25
cars_train:01840.jpg,4,143,143
cars_train:01841.jpg,4,25,25
cars_train:01842.jpg,0,162,162
cars_train:01843.jpg,1,185,185
cars_train:01844.jpg,2,193,193
cars_train:01845.jpg,4,161,161
cars_train:01846.jpg,1,149,149
cars_train:01847.jpg,0,54,55
cars_train:01848.jpg,0,22,22
cars_train:01849.jpg,2,120,120
cars_train:01850.jpg,0,139,139
cars_train:01851.jpg,0,30,30
cars_train:01852.jpg,0,7,9
cars_train:01853.jpg,3,193,193
cars_train:01854.jpg,4,34,34
cars_train:01855.jpg,2,114,114
cars_train:01856.jpg,3,120,120
cars_train:01857.jpg,1,43,43
cars_train:01858.jpg,4,180,180
cars_train:01859.jpg,4,171,171
cars_train:01860.jpg,2,190,190
cars_train:01861.jpg,2,147,147
cars_train:01862.jpg,2,101,101
cars_train:01863.jpg,0,126,126
cars_train:01864.jpg,0,5,5
cars_train:01865.jpg,4,190,190
cars_train:01866.jpg,4,98,98
cars_train:01867.jpg,4,194,194
cars_train:01868.jpg,4,25,25
cars_train:01869.jpg,2,121,121
cars_train:01870.jpg,1,2,2
cars_train:01871.jpg,2,39,39
cars_train:01872.jpg,4,176,176
cars_train:01873.jpg,3,106,183
cars_train:01874.jpg,3,69,69
cars_train:01875.jpg,4,166,166
cars_train:01876.jpg,2,48,48
cars_train:01877.jpg,3,14,14
cars_train:01878.jpg,4,131,131
cars_train:01879.jpg,2,30,30
cars_train:01880.jpg,0,13,13
cars_train:01881.jpg,0,66,66
cars_train:01882.jpg,2,117,117
cars_train:01883.jpg,3,21,21
cars_train:01884.jpg,3,68,74
cars_train:01885.jpg,1,129,129
cars_train:01886.jpg,0,99,99
cars_train:01887.jpg,1,111,111
cars_train:01888.jpg,3,77,77
cars_train:01889.jpg,1,99,99
cars_train:01890.jpg,1,25,25
cars_train:01891.jpg,0,1,1
cars_train:01892.jpg,3,36,36
cars_train:01893.jpg,0,118,118
cars_train:01894.jpg,0,136,136
cars_train:01895.jpg,1,75,75
cars_train:01896.jpg,0,154,154
cars_train:01897.jpg,4,113,113
cars_train:01898.jpg,0,48,48
cars_train:01899.jpg,2,134,134
cars_train:01900.jpg,0,114,180
cars_train:01901.jpg,3,6,6
cars_train:01902.jpg,1,121,121
cars_train:01903.jpg,3,84,84
cars_train:01904.jpg,0,75,75
cars_train:01905.jpg,1,68,68
cars_train:01906.jpg,3,75,75
cars_train:01907.jpg,3,110,110
cars_train:01908.jpg,1,193,193
cars_train:01909.jpg,0,37,37
cars_train:01910.jpg,3,167,167
cars_train:01911.jpg,0,5,5
cars_train:01912.jpg,1,118,118
cars_train:01913.jpg,0,187,187
cars_train:01914.jpg,2,115,115
cars_train:01915.jpg,4,135,135
cars_train:01916.jpg,4,38,38
cars_train:01917.jpg,0,131,131
cars_train:01918.jpg,1,0,0
cars_train:01919.jpg,1,35,35
cars_train:01920.jpg,2,115,115
cars_train:01921.jpg,1,69,69
cars_train:01922.jpg,1,181,181
cars_train:01923.jpg,3,111,111
cars_train:01924.jpg,1,158,158
cars_train:01925.jpg,4,77,77
cars_train:01926.jpg,0,102,56
cars_train:01927.jpg,1,108,108
cars_train:01928.jpg,3,91,96
cars_train:01929.jpg,3,42,41
cars_train:01930.jpg,2,186,186
cars_train:01931.jpg,1,135,135
cars_train:01932.jpg,1,51,51
cars_train:01933.jpg,3,46,46
cars_train:01934.jpg,2,104,104
cars_train:01935.jpg,1,42,41
cars_train:01936.jpg,3,145,145
cars_train:01937.jpg,1,102,102
cars_train:01938.jpg,0,69,69
cars_train:01939.jpg,4,77,77
cars_train:01940.jpg,3,176,176
cars_train:01941.jpg,2,73,73
cars_train:01942.jpg,4,126,126
cars_train:01943.jpg,3,83,83
cars_train:01944.jpg,0,12,12
cars_train:01945.jpg,0,47,47
cars_train:01946.jpg,2,77,77
cars_train:01947.jpg,2,85,85
cars_train:01948.jpg,4,24,24
cars_train:01949.jpg,3,70,70
cars_train:01950.jpg,4,162,162
cars_train:01951.jpg,2,109,109
cars_train:01952.jpg,2,0,0
cars_train:01953.jpg,1,55,55
cars_train:01954.jpg,1,18,18
cars_train:01955.jpg,4,139,139
cars_train:01956.jpg,4,55,54
cars_train:01957.jpg,2,134,62
cars_train:01958.jpg,0,84,84
cars_train:01959.jpg,1,65,65
cars_train:01960.jpg,0,168,168
cars_train:01961.jpg,4,66,66
cars_train:01962.jpg,0,170,170
cars_train:01963.jpg,3,71,71
cars_train:01964.jpg,1,91,91
cars_train:01965.jpg,0,77,77
cars_train:01966.jpg,0,31,31
cars_train:01967.jpg,2,69,69
cars_train:01968.jpg,1,46,46
cars_train:01969.jpg,1,83,83
cars_train:01970.jpg,1,15,15
cars_train:01971.jpg,4,76,76
cars_train:01972.jpg,1,4,4
cars_train:01973.jpg,0,157,157
cars_train:01974.jpg,3,189,189
cars_train:01975.jpg,0,56,56
cars_train:01976.jpg,0,160,160
cars_train:01977.jpg,3,86,85
cars_train:01978.jpg,1,50,50
cars_train:01979.jpg,0,106,172
cars_train:01980.jpg,1,147,147
cars_train:01981.jpg,1,30,30
cars_train:01982.jpg,1,106,30
cars_train:01983.jpg,1,52,52
cars_train:01984.jpg,1,56,56
cars_train:01985.jpg,1,183,183
cars_train:01986.jpg,2,126,126
cars_train:01987.jpg,3,51,51
cars_train:01988.jpg,2,104,104
cars_train:01989.jpg,3,143,143
cars_train:01990.jpg,2,32,32
cars_train:01991.jpg,3,32,32
cars_train:01992.jpg,4,193,193
cars_train:01993.jpg,0,33,33
cars_train:01994.jpg,2,37,37
cars_train:01995.jpg,2,152,152
cars_train:01996.jpg,2,164,163
cars_train:01997.jpg,4,191,191
cars_train:01998.jpg,3,107,107
cars_train:01999.jpg,0,123,123
cars_train:02000.jpg,0,39,39
cars_train:02001.jpg,1,147,147
cars_train:02002.jpg,3,51,51
cars_train:02003.jpg,0,100,100
cars_train:02004.jpg,4,4,4
cars_train:02005.jpg,1,140,140
cars_train:02006.jpg,0,33,33
cars_train:02007.jpg,0,13,14
cars_train:02008.jpg,3,114,114
cars_train:02009.jpg,4,24,24
cars_train:02010.jpg,3,36,36
cars_train:02011.jpg,3,190,190
cars_train:02012.jpg,2,89,89
cars_train:02013.jpg,2,167,167
cars_train:02014.jpg,0,53,73
cars_train:02015.jpg,4,15,15
cars_train:02016.jpg,2,76,76
cars_train:02017.jpg,2,91,91
cars_train:02018.jpg,1,31,31
cars_train:02019.jpg,2,51,51
cars_train:02020.jpg,2,100,100
cars_train:02021.jpg,4,145,145
cars_train:02022.jpg,2,62,62
cars_train:02023.jpg,2,81,81
cars_train:02024.jpg,3,147,147
cars_train:02025.jpg,3,21,21
cars_train:02026.jpg,0,123,123
cars_train:02027.jpg,4,27,27
cars_train:02028.jpg,2,174,174
cars_train:02029.jpg,2,30,30
cars_train:02030.jpg,1,117,117
cars_train:02031.jpg,0,124,123
cars_train:02032.jpg,3,15,15
cars_train:02033.jpg,3,33,33
cars_train:02034.jpg,4,69,69
cars_train:02035.jpg,2,119,119
cars_train:02036.jpg,0,118,118
cars_train:02037.jpg,0,101,101
cars_train:02038.jpg,1,95,95
cars_train:02039.jpg,0,193,193
cars_train:02040.jpg,0,96,96
cars_train:02041.jpg,2,20,20
cars_train:02042.jpg,3,26,26
cars_train:02043.jpg,1,145,145
cars_train:02044.jpg,0,22,22
cars_train:02045.jpg,2,176,175
cars_train:02046.jpg,2,31,31
cars_train:02047.jpg,2,56,50
cars_train:02048.jpg,1,75,75
cars_train:02049.jpg,1,123,124
cars_train:02050.jpg,3,0,0
cars_train:02051.jpg,2,193,193
cars_train:02052.jpg,1,46,46
cars_train:02053.jpg,1,110,110
cars_train:02054.jpg,0,195,99
cars_train:02055.jpg,0,10,10
cars_train:02056.jpg,0,23,23
cars_train:02057.jpg,3,101,101
cars_train:02058.jpg,3,8,8
cars_train:02059.jpg,4,22,22
cars_train:02060.jpg,1,67,67
cars_train:02061.jpg,4,182,182
cars_train:02062.jpg,2,173,173
cars_train:02063.jpg,1,34,34
cars_train:02064.jpg,2,147,147
cars_train:02065.jpg,3,1,2
cars_train:02066.jpg,0,97,97
cars_train:02067.jpg,4,193,193
cars_train:02068.jpg,3,15,15
cars_train:02069.jpg,4,167,167
cars_train:02070.jpg,3,94,94
cars_train:02071.jpg,3,126,126
cars_train:02072.jpg,2,144,144
cars_train:02073.jpg,3,159,159
cars_train:02074.jpg,2,85,85
cars_train:02075.jpg,0,76,76
cars_train:02076.jpg,2,160,160
cars_train:02077.jpg,0,76,76
cars_train:02078.jpg,0,95,95
cars_train:02079.jpg,0,74,74
cars_train:02080.jpg,2,132,132
cars_train:02081.jpg,2,31,31
cars_train:02082.jpg,1,57,57
cars_train:02083.jpg,3,151,151
cars_train:02084.jpg,2,150,150
cars_train:02085.jpg,1,115,115
cars_train:02086.jpg,1,191,191
cars_train:02087.jpg,3,29,126
cars_train:02088.jpg,0,117,158
cars_train:02089.jpg,0,122,122
cars_train:02090.jpg,1,153,153
cars_train:02091.jpg,0,71,71
cars_train:02092.jpg,0,183,183
cars_train:02093.jpg,2,112,112
cars_train:02094.jpg,1,145,145
cars_train:02095.jpg,2,5,5
cars_train:02096.jpg,0,43,43
cars_train:02097.jpg,0,74,68
cars_train:02098.jpg,4,57,57
cars_train:02099.jpg,3,64,64
cars_train:02100.jpg,4,88,88
cars_train:02101.jpg,0,52,52
cars_train:02102.jpg,1,173,173
cars_train:02103.jpg,4,195,195
cars_train:02104.jpg,2,172,172
cars_train:02105.jpg,4,179,179
cars_train:02106.jpg,4,75,75
cars_train:02107.jpg,4,64,64
cars_train:02108.jpg,4,146,146
cars_train:02109.jpg,1,47,47
cars_train:02110.jpg,2,95,95
cars_train:02111.jpg,2,4,187
cars_train:02112.jpg,2,113,113
cars_train:02113.jpg,0,58,58
cars_train:02114.jpg,3,22,22
cars_train:02115.jpg,3,50,50
cars_train:02116.jpg,2,29,29
cars_train:02117.jpg,1,152,102
cars_train:02118.jpg,2,100,100
cars_train:02119.jpg,2,114,114
cars_train:02120.jpg,0,141,141
cars_train:02121.jpg,3,67,67
cars_train:02122.jpg,4,101,101
cars_train:02123.jpg,0,136,136
cars_train:02124.jpg,3,3,3
cars_train:02125.jpg,4,73,53
cars_train:02126.jpg,4,142,142
cars_train:02127.jpg,2,37,37
cars_train:02128.jpg,0,133,133
cars_train:02129.jpg,2,147,147
cars_train:02130.jpg,2,18,13
cars_train:02131.jpg,4,188,188
cars_train:02132.jpg,2,90,90
cars_train:02133.jpg,3,116,116
cars_train:02134.jpg,3,56,56
cars_train:02135.jpg,3,86,85
cars_train:02136.jpg,0,130,130
cars_train:02137.jpg,1,136,136
cars_train:02138.jpg,3,163,163
cars_train:02139.jpg,0,160,160
cars_train:02140.jpg,1,60,60
cars_train:02141.jpg,4,102,102
cars_train:02142.jpg,2,69,69
cars_train:02143.jpg,1,171,171
cars_train:02144.jpg,3,25,25
cars_train:02145.jpg,0,0,0
cars_train:02146.jpg,2,106,106
cars_train:02147.jpg,2,177,177
cars_train:02148.jpg,2,132,131
cars_train:02149.jpg,1,47,47
cars_train:02150.jpg,4,168,168
cars_train:02151.jpg,0,148,148
cars_train:02152.jpg,2,26,26
cars_train:02153.jpg,4,165,165
cars_train:02154.jpg,3,28,28
cars_train:02155.jpg,2,44,44
cars_train:02156.jpg,3,122,122
cars_train:02157.jpg,2,117,117
cars_train:02158.jpg,1,101,101
cars_train:02159.jpg,0,143,143
cars_train:02160.jpg,4,168,39
cars_train:02161.jpg,2,148,148
cars_train:02162.jpg,3,101,102
cars_train:02163.jpg,3,169,169
cars_train:02164.jpg,4,30,30
cars_train:02165.jpg,0,23,23
cars_train:02166.jpg,0,116,116
cars_train:02167.jpg,4,106,106
cars_train:02168.jpg,3,100,100
cars_train:02169.jpg,3,64,64
cars_train:02170.jpg,2,113,113
cars_train:02171.jpg,0,17,17
cars_train:02172.jpg,3,33,33
cars_train:02173.jpg,2,104,179
cars_train:02174.jpg,1,144,144
cars_train:02175.jpg,0,43,43
cars_train:02176.jpg,4,16,16
cars_train:02177.jpg,2,100,100
cars_train:02178.jpg,3,126,126
cars_train:02179.jpg,3,119,119
cars_train:02180.jpg,3,167,167
cars_train:02181.jpg,0,47,47
cars_train:02182.jpg,1,122,122
cars_train:02183.jpg,0,194,194
cars_train:02184.jpg,1,179,179
cars_train:02185.jpg,3,19,19
cars_train:02186.jpg,0,177,177
cars_train:02187.jpg,0,142,142
cars_train:02188.jpg,1,29,29
cars_train:02189.jpg,4,162,162
cars_train:02190.jpg,1,171,171
cars_train:02191.jpg,4,155,155
cars_train:02192.jpg,4,144,144
cars_train:02193.jpg,3,173,173
cars_train:02194.jpg,2,8,8
cars_train:02195.jpg,4,33,33
cars_train:02196.jpg,1,121,121
cars_train:02197.jpg,4,157,157
cars_train:02198.jpg,4,180,180
cars_train:02199.jpg,3,103,103
cars_train:02200.jpg,1,59,59
cars_train:02201.jpg,4,159,159
cars_train:02202.jpg,1,151,151
cars_train:02203.jpg,0,65,65
cars_train:02204.jpg,2,172,172
cars_train:02205.jpg,4,67,67
cars_train:02206.jpg,4,131,131
cars_train:02207.jpg,2,72,72
cars_train:02208.jpg,1,178,178
cars_train:02209.jpg,2,52,52
cars_train:02210.jpg,0,155,155
cars_train:02211.jpg,2,115,115
cars_train:02212.jpg,2,73,73
cars_train:02213.jpg,0,136,136
cars_train:02214.jpg,3,17,17
cars_train:02215.jpg,0,57,57
cars_train:02216.jpg,4,99,99
cars_train:02217.jpg,4,138,138
cars_train:02218.jpg,4,144,144
cars_train:02219.jpg,0,148,148
cars_train:02220.jpg,1,12,12
cars_train:02221.jpg,3,31,31
cars_train:02222.jpg,0,58,58
cars_train:02223.jpg,1,84,84
cars_train:02224.jpg,0,79,79
cars_train:02225.jpg,0,90,90
cars_train:02226.jpg,4,116,116
cars_train:02227.jpg,1,164,164
cars_train:02228.jpg,0,136,136
cars_train:02229.jpg,1,157,157
cars_train:02230.jpg,2,68,68
cars_train:02231.jpg,2,43,43
cars_train:02232.jpg,2,34,34
cars_train:02233.jpg,2,27,26
cars_train:02234.jpg,2,38,38
cars_train:02235.jpg,2,65,65
cars_train:02236.jpg,1,178,178
cars_train:02237.jpg,1,160,160
cars_train:02238.jpg,4,137,139
cars_train:02239.jpg,3,132,132
cars_train:02240.jpg,1,3,3
cars_train:02241.jpg,4,26,26
cars_train:02242.jpg,4,63,63
cars_train:02243.jpg,3,168,168
cars_train:02244.jpg,3,21,20
cars_train:02245.jpg,2,47,47
cars_train:02246.jpg,4,163,163
cars_train:02247.jpg,2,113,113
cars_train:02248.jpg,0,78,78
cars_train:02249.jpg,4,177,177
cars_train:02250.jpg,3,187,187
cars_train:02251.jpg,1,91,91
cars_train:02252.jpg,4,161,161
cars_train:02253.jpg,2,20,20
cars_train:02254.jpg,4,123,123
cars_train:02255.jpg,2,180,180
cars_train:02256.jpg,1,21,21
cars_train:02257.jpg,4,56,56
cars_train:02258.jpg,1,25,25
cars_train:02259.jpg,0,43,43
cars_train:02260.jpg,2,39,39
cars_train:02261.jpg,0,184,184
cars_train:02262.jpg,3,192,192
cars_train:02263.jpg,2,176,176
cars_train:02264.jpg,0,20,20
cars_train:02265.jpg,4,74,68
cars_train:02266.jpg,1,51,51
cars_train:02267.jpg,3,18,24
cars_train:02268.jpg,3,70,63
cars_train:02269.jpg,1,94,94
cars_train:02270.jpg,0,100,100
cars_train:02271.jpg,4,124,124
cars_train:02272.jpg,2,182,182
cars_train:02273.jpg,4,22,10
cars_train:02274.jpg,4,3,3
cars_train:02275.jpg,3,108,108
cars_train:02276.jpg,2,56,56
cars_train:02277.jpg,4,136,136
cars_train:02278.jpg,3,131,131
cars_train:02279.jpg,4,193,193
cars_train:02280.jpg,4,131,131
cars_train:02281.jpg,4,92,92
cars_train:02282.jpg,4,111,111
cars_train:02283.jpg,4,185,185
cars_train:02284.jpg,4,187,187
cars_train:02285.jpg,2,173,173
cars_train:02286.jpg,2,7,7
cars_train:02287.jpg,0,33,33
cars_train:02288.jpg,2,121,121
cars_train:02289.jpg,3,164,164
cars_train:02290.jpg,1,118,118
cars_train:02291.jpg,3,93,93
cars_train:02292.jpg,2,17,17
cars_train:02293.jpg,0,177,177
cars_train:02294.jpg,3,85,85
cars_train:02295.jpg,0,69,90
cars_train:02296.jpg,0,67,67
cars_train:02297.jpg,0,119,119
cars_train:02298.jpg,3,110,110
cars_train:02299.jpg,2,67,67
cars_train:02300.jpg,1,104,104
cars_train:02301.jpg,4,119,119
cars_train:02302.jpg,1,125,125
cars_train:02303.jpg,1,49,49
cars_train:02304.jpg,2,15,15
cars_train:02305.jpg,4,7,7
cars_train:02306.jpg,2,76,76
cars_train:02307.jpg,2,149,149
cars_train:02308.jpg,3,66,66
cars_train:02309.jpg,3,45,111
cars_train:02310.jpg,2,106,106
cars_train:02311.jpg,1,0,124
cars_train:02312.jpg,2,55,55
cars_train:02313.jpg,1,155,155
cars_train:02314.jpg,2,1,1
cars_train:02315.jpg,3,171,171
cars_train:02316.jpg,0,63,63
cars_train:02317.jpg,2,63,118
cars_train:02318.jpg,1,86,86
cars_train:02319.jpg,1,61,61
cars_train:02320.jpg,3,142,142
cars_train:02321.jpg,1,159,159
cars_train:02322.jpg,3,174,174
cars_train:02323.jpg,0,24,24
cars_train:02324.jpg,3,25,25
cars_train:02325.jpg,2,14,14
cars_train:02326.jpg,4,9,7
cars_train:02327.jpg,2,147,147
cars_train:02328.jpg,1,100,100
cars_train:02329.jpg,4,103,102
cars_train:02330.jpg,4,161,161
cars_train:02331.jpg,2,194,194
cars_train:02332.jpg,3,194,194
cars_train:02333.jpg,3,110,110
cars_train:02334.jpg,1,24,18
cars_train:02335.jpg,2,20,21
cars_train:02336.jpg,2,36,36
cars_train:02337.jpg,2,152,152
cars_train:02338.jpg,3,27,27
cars_train:02339.jpg,1,91,91
cars_train:02340.jpg,1,82,82
cars_train:02341.jpg,1,17,17
cars_train:02342.jpg,3,136,136
cars_train:02343.jpg,3,37,37
cars_train:02344.jpg,3,193,193
cars_train:02345.jpg,1,109,109
cars_train:02346.jpg,1,101,101
cars_train:02347.jpg,0,67,67
cars_train:02348.jpg,3,106,106
cars_train:02349.jpg,4,184,184
cars_train:02350.jpg,2,16,16
cars_train:02351.jpg,1,133,133
cars_train:02352.jpg,3,42,42
cars_train:02353.jpg,0,133,133
cars_train:02354.jpg,3,61,61
cars_train:02355.jpg,4,181,181
cars_train:02356.jpg,3,138,138
cars_train:02357.jpg,4,160,160
cars_train:02358.jpg,4,168,168
cars_train:02359.jpg,0,6,6
cars_train:02360.jpg,2,105,105
cars_train:02361.jpg,2,120,120
cars_train:02362.jpg,3,125,125
cars_train:02363.jpg,4,0,124
cars_train:02364.jpg,2,2,2
cars_train:02365.jpg,0,73,73
cars_train:02366.jpg,4,148,148
cars_train:02367.jpg,0,28,28
cars_train:02368.jpg,4,65,65
cars_train:02369.jpg,1,75,75
cars_train:02370.jpg,3,24,24
cars_train:02371.jpg,2,96,96
cars_train:02372.jpg,0,82,82
cars_train:02373.jpg,1,166,166
cars_train:02374.jpg,4,135,135
cars_train:02375.jpg,3,109,109
cars_train:02376.jpg,1,169,182
cars_train:02377.jpg,3,7,7
cars_train:02378.jpg,3,8,7
cars_train:02379.jpg,1,183,183
cars_train:02380.jpg,0,111,111
cars_train:02381.jpg,1,38,38
cars_train:02382.jpg,0,181,181
cars_train:02383.jpg,0,87,87
cars_train:02384.jpg,0,98,98
cars_train:02385.jpg,1,123,123
cars_train:02386.jpg,3,40,39
cars_train:02387.jpg,4,152,152
cars_train:02388.jpg,3,59,59
cars_train:02389.jpg,2,84,84
cars_train:02390.jpg,1,145,145
cars_train:02391.jpg,1,36,36
cars_train:02392.jpg,0,195,195
cars_train:02393.jpg,4,185,185
cars_train:02394.jpg,0,119,119
cars_train:02395.jpg,4,20,20
cars_train:02396.jpg,4,86,86
cars_train:02397.jpg,3,139,139
cars_train:02398.jpg,1,85,86
cars_train:02399.jpg,2,120,120
cars_train:02400.jpg,3,17,17
cars_train:02401.jpg,2,192,192
cars_train:02402.jpg,1,57,57
cars_train:02403.jpg,0,146,146
cars_train:02404.jpg,0,119,61
cars_train:02405.jpg,1,166,166
cars_train:02406.jpg,4,175,175
cars_train:02407.jpg,3,195,195
cars_train:02408.jpg,1,153,153
cars_train:02409.jpg,0,84,84
cars_train:02410.jpg,1,32,32
cars_train:02411.jpg,0,51,51
cars_train:02412.jpg,3,19,19
cars_train:02413.jpg,1,141,141
cars_train:02414.jpg,2,134,79
cars_train:02415.jpg,0,78,78
cars_train:02416.jpg,4,27,27
cars_train:02417.jpg,4,190,190
cars_train:02418.jpg,4,160,17
cars_train:02419.jpg,2,29,28
cars_train:02420.jpg,1,48,48
cars_train:02421.jpg,3,158,158
cars_train:02422.jpg,2,50,50
cars_train:02423.jpg,3,186,186
cars_train:02424.jpg,4,192,192
cars_train:02425.jpg,2,153,153
cars_train:02426.jpg,4,34,34
cars_train:02427.jpg,4,45,45
cars_train:02428.jpg,2,122,122
cars_train:02429.jpg,1,97,97
cars_train:02430.jpg,4,125,125
cars_train:02431.jpg,4,12,22
cars_train:02432.jpg,1,57,57
cars_train:02433.jpg,1,50,50
cars_train:02434.jpg,0,129,129
cars_train:02435.jpg,1,174,174
cars_train:02436.jpg,2,60,60
cars_train:02437.jpg,4,186,186
cars_train:02438.jpg,2,6,6
cars_train:02439.jpg,3,63,70
cars_train:02440.jpg,1,88,88
cars_train:02441.jpg,3,19,23
cars_train:02442.jpg,2,66,66
cars_train:02443.jpg,0,123,123
cars_train:02444.jpg,3,112,112
cars_train:02445.jpg,4,47,47
cars_train:02446.jpg,3,152,152
cars_train:02447.jpg,4,173,173
cars_train:02448.jpg,3,90,90
cars_train:02449.jpg,1,125,125
cars_train:02450.jpg,4,48,48
cars_train:02451.jpg,1,26,26
cars_train:02452.jpg,2,43,43
cars_train:02453.jpg,0,85,85
cars_train:02454.jpg,0,117,117
cars_train:02455.jpg,4,90,90
cars_train:02456.jpg,0,24,13
cars_train:02457.jpg,2,4,4
cars_train:02458.jpg,0,58,58
cars_train:02459.jpg,0,71,71
cars_train:02460.jpg,3,117,117
cars_train:02461.jpg,0,190,190
cars_train:02462.jpg,1,145,145
cars_train:02463.jpg,3,136,136
cars_train:02464.jpg,4,12,12
cars_train:02465.jpg,2,28,28
cars_train:02466.jpg,0,121,121
cars_train:02467.jpg,0,138,138
cars_train:02468.jpg,1,34,25
cars_train:02469.jpg,3,138,138
cars_train:02470.jpg,0,129,129
cars_train:02471.jpg,4,150,150
cars_train:02472.jpg,1,95,95
cars_train:02473.jpg,2,79,79
cars_train:02474.jpg,3,13,24
cars_train:02475.jpg,1,152,152
cars_train:02476.jpg,1,142,154
cars_train:02477.jpg,0,179,178
cars_train:02478.jpg,0,20,20
cars_train:02479.jpg,4,82,82
cars_train:02480.jpg,4,33,33
cars_train:02481.jpg,1,181,181
cars_train:02482.jpg,0,124,123
cars_train:02483.jpg,4,87,87
cars_train:02484.jpg,0,9,9
cars_train:02485.jpg,3,108,108
cars_train:02486.jpg,3,67,67
cars_train:02487.jpg,1,143,143
cars_train:02488.jpg,3,86,86
cars_train:02489.jpg,3,152,152
cars_train:02490.jpg,4,108,108
cars_train:02491.jpg,0,2,1
cars_train:02492.jpg,1,134,134
cars_train:02493.jpg,4,43,43
cars_train:02494.jpg,3,85,90
cars_train:02495.jpg,1,184,184
cars_train:02496.jpg,2,117,117
cars_train:02497.jpg,4,143,143
cars_train:02498.jpg,3,107,107
cars_train:02499.jpg,4,117,117
cars_train:02500.jpg,4,134,134
cars_train:02501.jpg,4,157,157
cars_train:02502.jpg,0,66,66
cars_train:02503.jpg,4,67,67
cars_train:02504.jpg,3,27,26
cars_train:02505.jpg,4,17,17
cars_train:02506.jpg,2,107,107
cars_train:02507.jpg,2,164,164
cars_train:02508.jpg,1,108,108
cars_train:02509.jpg,1,32,32
cars_train:02510.jpg,3,170,170
cars_train:02511.jpg,2,131,131
cars_train:02512.jpg,0,86,86
cars_train:02513.jpg,0,153,153
cars_train:02514.jpg,3,148,148
cars_train:02515.jpg,1,64,64
cars_train:02516.jpg,0,35,35
cars_train:02517.jpg,3,60,60
cars_train:02518.jpg,3,85,85
cars_train:02519.jpg,3,118,118
cars_train:02520.jpg,4,45,45
cars_train:02521.jpg,1,176,176
cars_train:02522.jpg,3,88,88
cars_train:02523.jpg,1,95,95
cars_train:02524.jpg,4,110,110
cars_train:02525.jpg,4,184,143
cars_train:02526.jpg,2,159,159
cars_train:02527.jpg,0,171,171
cars_train:02528.jpg,4,38,38
cars_train:02529.jpg,3,183,183
cars_train:02530.jpg,3,161,161
cars_train:02531.jpg,1,88,88
cars_train:02532.jpg,1,97,97
cars_train:02533.jpg,1,76,76
cars_train:02534.jpg,4,39,39
cars_train:02535.jpg,2,129,129
cars_train:02536.jpg,3,77,77
cars_train:02537.jpg,4,79,79
cars_train:02538.jpg,3,77,77
cars_train:02539.jpg,3,18,13
cars_train:02540.jpg,2,1,2
cars_train:02541.jpg,0,44,44
cars_train:02542.jpg,1,154,154
cars_train:02543.jpg,1,79,79
cars_train:02544.jpg,3,56,55
cars_train:02545.jpg,1,83,83
cars_train:02546.jpg,0,53,53
cars_train:02547.jpg,2,86,86
cars_train:02548.jpg,1,118,118
cars_train:02549.jpg,2,44,44
cars_train:02550.jpg,2,28,28
cars_train:02551.jpg,1,105,105
cars_train:02552.jpg,0,104,104
cars_train:02553.jpg,4,42,42
cars_train:02554.jpg,4,126,126
cars_train:02555.jpg,1,132,132
cars_train:02556.jpg,0,20,12
cars_train:02557.jpg,2,87,87
cars_train:02558.jpg,3,147,147
cars_train:02559.jpg,3,80,80
cars_train:02560.jpg,4,133,133
cars_train:02561.jpg,0,23,11
cars_train:02562.jpg,4,172,172
cars_train:02563.jpg,2,173,77
cars_train:02564.jpg,4,70,63
cars_train:02565.jpg,2,194,194
cars_train:02566.jpg,3,22,22
cars_train:02567.jpg,0,163,163
cars_train:02568.jpg,2,103,102
cars_train:02569.jpg,4,92,92
cars_train:02570.jpg,3,76,76
cars_train:02571.jpg,4,145,145
cars_train:02572.jpg,0,176,176
cars_train:02573.jpg,0,111,111
cars_train:02574.jpg,0,96,95
cars_train:02575.jpg,4,60,60
cars_train:02576.jpg,1,61,64
cars_train:02577.jpg,1,8,7
cars_train:02578.jpg,0,113,113
cars_train:02579.jpg,0,83,83
cars_train:02580.jpg,0,150,150
cars_train:02581.jpg,2,114,114
cars_train:02582.jpg,3,172,172
cars_train:02583.jpg,1,184,184
cars_train:02584.jpg,1,11,11
cars_train:02585.jpg,1,83,83
cars_train:02586.jpg,0,50,50
cars_train:02587.jpg,0,175,175
cars_train:02588.jpg,4,113,113
cars_train:02589.jpg,1,2,2
cars_train:02590.jpg,2,66,66
cars_train:02591.jpg,1,111,111
cars_train:02592.jpg,0,63,63
cars_train:02593.jpg,3,38,38
cars_train:02594.jpg,2,9,9
cars_train:02595.jpg,3,133,133
cars_train:02596.jpg,4,80,80
cars_train:02597.jpg,0,69,69
cars_train:02598.jpg,3,13,24
cars_train:02599.jpg,2,85,85
cars_train:02600.jpg,3,16,16
cars_train:02601.jpg,0,93,93
cars_train:02602.jpg,2,183,183
cars_train:02603.jpg,4,66,66
cars_train:02604.jpg,2,174,174
cars_train:02605.jpg,4,5,166
cars_train:02606.jpg,1,49,49
cars_train:02607.jpg,2,148,148
cars_train:02608.jpg,4,75,75
cars_train:02609.jpg,4,63,63
cars_train:02610.jpg,4,86,86
cars_train:02611.jpg,4,83,83
cars_train:02612.jpg,3,97,97
cars_train:02613.jpg,1,152,152
cars_train:02614.jpg,4,76,76
cars_train:02615.jpg,3,107,107
cars_train:02616.jpg,0,150,150
cars_train:02617.jpg,3,139,139
cars_train:02618.jpg,4,123,123
cars_train:02619.jpg,1,62,62
cars_train:02620.jpg,4,11,11
cars_train:02621.jpg,3,186,186
cars_train:02622.jpg,3,89,89
cars_train:02623.jpg,3,191,191
cars_train:02624.jpg,3,80,80
cars_train:02625.jpg,2,14,14
cars_train:02626.jpg,2,104,104
cars_train:02627.jpg,0,27,26
cars_train:02628.jpg,2,112,112
cars_train:02629.jpg,1,191,191
cars_train:02630.jpg,4,22,22
cars_train:02631.jpg,4,164,164
cars_train:02632.jpg,0,14,14
cars_train:02633.jpg,2,59,59
cars_train:02634.jpg,2,105,105
cars_train:02635.jpg,4,163,163
cars_train:02636.jpg,1,159,159
cars_train:02637.jpg,0,77,77
cars_train:02638.jpg,1,88,88
cars_train:02639.jpg,2,81,81
cars_train:02640.jpg,0,74,74
cars_train:02641.jpg,3,12,13
cars_train:02642.jpg,3,184,184
cars_train:02643.jpg,4,57,57
cars_train:02644.jpg,4,105,105
cars_train:02645.jpg,3,8,7
cars_train:02646.jpg,0,96,96
cars_train:02647.jpg,4,140,140
cars_train:02648.jpg,0,81,81
cars_train:02649.jpg,3,27,27
cars_train:02650.jpg,1,187,127
cars_train:02651.jpg,2,96,96
cars_train:02652.jpg,4,145,145
cars_train:02653.jpg,1,163,163
cars_train:02654.jpg,2,56,54
cars_train:02655.jpg,4,31,31
cars_train:02656.jpg,4,15,16
cars_train:02657.jpg,2,150,150
cars_train:02658.jpg,1,63,70
cars_train:02659.jpg,3,109,109
cars_train:02660.jpg,1,171,171
cars_train:02661.jpg,1,75,75
cars_train:02662.jpg,0,81,81
cars_train:02663.jpg,4,2,2
cars_train:02664.jpg,0,100,100
cars_train:02665.jpg,0,138,138
cars_train:02666.jpg,4,128,128
cars_train:02667.jpg,1,56,157
cars_train:02668.jpg,2,83,83
cars_train:02669.jpg,1,1,1
cars_train:02670.jpg,4,4,4
cars_train:02671.jpg,3,6,6
cars_train:02672.jpg,0,70,63
cars_train:02673.jpg,0,58,58
cars_train:02674.jpg,4,12,21
cars_train:02675.jpg,1,78,78
cars_train:02676.jpg,4,152,152
cars_train:02677.jpg,3,109,109
cars_train:02678.jpg,0,142,142
cars_train:02679.jpg,1,94,94
cars_train:02680.jpg,1,23,23
cars_train:02681.jpg,4,35,25
cars_train:02682.jpg,3,103,103
cars_train:02683.jpg,0,71,71
cars_train:02684.jpg,0,85,85
cars_train:02685.jpg,2,173,173
cars_train:02686.jpg,1,37,37
cars_train:02687.jpg,0,187,187
cars_train:02688.jpg,2,19,19
cars_train:02689.jpg,0,82,83
cars_train:02690.jpg,0,119,119
cars_train:02691.jpg,1,33,33
cars_train:02692.jpg,3,97,97
cars_train:02693.jpg,1,160,160
cars_train:02694.jpg,4,164,164
cars_train:02695.jpg,2,55,55
cars_train:02696.jpg,0,20,21
cars_train:02697.jpg,2,75,75
cars_train:02698.jpg,1,107,107
cars_train:02699.jpg,1,171,171
cars_train:02700.jpg,0,120,120
cars_train:02701.jpg,3,143,143
cars_train:02702.jpg,3,36,36
cars_train:02703.jpg,0,185,185
cars_train:02704.jpg,4,111,111
cars_train:02705.jpg,2,189,189
cars_train:02706.jpg,4,52,52
cars_train:02707.jpg,3,114,114
cars_train:02708.jpg,1,175,175
cars_train:02709.jpg,3,80,80
cars_train:02710.jpg,2,97,97
cars_train:02711.jpg,1,173,173
cars_train:02712.jpg,1,108,108
cars_train:02713.jpg,1,56,56
cars_train:02714.jpg,2,171,171
cars_train:02715.jpg,1,23,23
cars_train:02716.jpg,0,82,83
cars_train:02717.jpg,2,30,30
cars_train:02718.jpg,2,40,40
cars_train:02719.jpg,0,92,92
cars_train:02720.jpg,4,148,148
cars_train:02721.jpg,3,115,115
cars_train:02722.jpg,3,102,103
cars_train:02723.jpg,1,162,162
cars_train:02724.jpg,2,107,107
cars_train:02725.jpg,1,127,127
cars_train:02726.jpg,0,71,71
cars_train:02727.jpg,2,178,178
cars_train:02728.jpg,2,15,15
cars_train:02729.jpg,4,93,93
cars_train:02730.jpg,3,139,139
cars_train:02731.jpg,0,99,99
cars_train:02732.jpg,3,87,165
cars_train:02733.jpg,2,126,126
cars_train:02734.jpg,0,168,168
cars_train:02735.jpg,3,45,45
cars_train:02736.jpg,0,161,161
cars_train:02737.jpg,3,195,195
cars_train:02738.jpg,0,5,5
cars_train:02739.jpg,1,4,4
cars_train:02740.jpg,3,55,55
cars_train:02741.jpg,1,183,183
cars_train:02742.jpg,3,189,99
cars_train:02743.jpg,0,109,109
cars_train:02744.jpg,2,60,60
cars_train:02745.jpg,1,143,143
cars_train:02746.jpg,2,59,59
cars_train:02747.jpg,4,146,146
cars_train:02748.jpg,3,118,118
cars_train:02749.jpg,4,149,149
cars_train:02750.jpg,2,134,134
cars_train:02751.jpg,2,83,83
cars_train:02752.jpg,4,150,150
cars_train:02753.jpg,1,165,165
cars_train:02754.jpg,0,138,138
cars_train:02755.jpg,2,191,191
cars_train:02756.jpg,2,168,168
cars_train:02757.jpg,1,114,114
cars_train:02758.jpg,0,27,27
cars_train:02759.jpg,0,108,108
cars_train:02760.jpg,0,103,103
cars_train:02761.jpg,1,89,89
cars_train:02762.jpg,3,103,102
cars_train:02763.jpg,0,61,64
cars_train:02764.jpg,3,24,24
cars_train:02765.jpg,0,130,130
cars_train:02766.jpg,2,13,18
cars_train:02767.jpg,1,100,100
cars_train:02768.jpg,4,51,51
cars_train:02769.jpg,2,131,131
cars_train:02770.jpg,1,16,16
cars_train:02771.jpg,4,8,8
cars_train:02772.jpg,3,27,27
cars_train:02773.jpg,2,11,11
cars_train:02774.jpg,4,35,35
cars_train:02775.jpg,2,74,74
cars_train:02776.jpg,2,101,101
cars_train:02777.jpg,0,156,156
cars_train:02778.jpg,3,154,154
cars_train:02779.jpg,2,146,146
cars_train:02780.jpg,2,194,194
cars_train:02781.jpg,3,122,122
cars_train:02782.jpg,2,62,62
cars_train:02783.jpg,4,72,72
cars_train:02784.jpg,3,45,45
cars_train:02785.jpg,1,76,76
cars_train:02786.jpg,0,149,149
cars_train:02787.jpg,2,28,28
cars_train:02788.jpg,1,37,27
cars_train:02789.jpg,0,40,40
cars_train:02790.jpg,1,89,89
cars_train:02791.jpg,3,20,20
cars_train:02792.jpg,1,53,53
cars_train:02793.jpg,0,123,123
cars_train:02794.jpg,0,48,48
cars_train:02795.jpg,4,57,57
cars_train:02796.jpg,1,17,17
cars_train:02797.jpg,3,11,11
cars_train:02798.jpg,1,48,48
cars_train:02799.jpg,4,156,156
cars_train:02800.jpg,2,22,22
cars_train:02801.jpg,2,48,48
cars_train:02802.jpg,1,178,178
cars_train:02803.jpg,3,149,149
cars_train:02804.jpg,4,60,60
cars_train:02805.jpg,0,112,112
cars_train:02806.jpg,4,152,152
cars_train:02807.jpg,1,183,183
cars_train:02808.jpg,1,74,74
cars_train:02809.jpg,4,35,37
cars_train:02810.jpg,4,114,114
cars_train:02811.jpg,2,51,51
cars_train:02812.jpg,3,176,176
cars_train:02813.jpg,0,30,30
cars_train:02814.jpg,1,167,167
cars_train:02815.jpg,2,173,173
cars_train:02816.jpg,3,169,169
cars_train:02817.jpg,0,156,156
cars_train:02818.jpg,4,118,118
cars_train:02819.jpg,1,145,145
cars_train:02820.jpg,2,102,102
cars_train:02821.jpg,0,57,57
cars_train:02822.jpg,1,177,177
cars_train:02823.jpg,3,39,39
cars_train:02824.jpg,0,45,45
cars_train:02825.jpg,0,92,92
cars_train:02826.jpg,2,166,166
cars_train:02827.jpg,4,163,163
cars_train:02828.jpg,4,99,99
cars_train:02829.jpg,1,94,75
cars_train:02830.jpg,1,112,112
cars_train:02831.jpg,3,97,97
cars_train:02832.jpg,4,2,2
cars_train:02833.jpg,3,163,163
cars_train:02834.jpg,1,116,116
cars_train:02835.jpg,2,25,25
cars_train:02836.jpg,4,55,55
cars_train:02837.jpg,1,137,1
cars_train:02838.jpg,4,97,97
cars_train:02839.jpg,1,162,162
cars_train:02840.jpg,0,73,73
cars_train:02841.jpg,3,169,169
cars_train:02842.jpg,3,74,74
cars_train:02843.jpg,0,4,1
cars_train:02844.jpg,3,195,195
cars_train:02845.jpg,2,43,43
cars_train:02846.jpg,3,112,112
cars_train:02847.jpg,2,187,187
cars_train:02848.jpg,4,0,0
cars_train:02849.jpg,4,78,78
cars_train:02850.jpg,3,32,32
cars_train:02851.jpg,3,50,50
cars_train:02852.jpg,2,164,164
cars_train:02853.jpg,3,88,88
cars_train:02854.jpg,2,67,67
cars_train:02855.jpg,4,77,77
cars_train:02856.jpg,0,80,80
cars_train:02857.jpg,4,106,106
cars_train:02858.jpg,1,185,185
cars_train:02859.jpg,2,73,73
cars_train:02860.jpg,0,191,181
cars_train:02861.jpg,3,101,101
cars_train:02862.jpg,4,63,70
cars_train:02863.jpg,2,107,107
cars_train:02864.jpg,2,169,169
cars_train:02865.jpg,3,71,71
cars_train:02866.jpg,0,195,195
cars_train:02867.jpg,2,157,157
cars_train:02868.jpg,4,42,42
cars_train:02869.jpg,2,97,97
cars_train:02870.jpg,0,193,193
cars_train:02871.jpg,2,74,74
cars_train:02872.jpg,2,147,147
cars_train:02873.jpg,4,11,11
cars_train:02874.jpg,0,29,29
cars_train:02875.jpg,1,143,143
cars_train:02876.jpg,3,72,72
cars_train:02877.jpg,2,90,90
cars_train:02878.jpg,0,118,118
cars_train:02879.jpg,4,75,75
cars_train:02880.jpg,0,115,115
cars_train:02881.jpg,3,75,75
cars_train:02882.jpg,2,62,62
cars_train:02883.jpg,0,61,61
cars_train:02884.jpg,2,71,71
cars_train:02885.jpg,2,11,11
cars_train:02886.jpg,0,147,147
cars_train:02887.jpg,1,16,16
cars_train:02888.jpg,3,134,134
cars_train:02889.jpg,1,45,45
cars_train:02890.jpg,0,167,167
cars_train:02891.jpg,2,56,56
cars_train:02892.jpg,2,42,42
cars_train:02893.jpg,0,85,85
cars_train:02894.jpg,3,140,140
cars_train:02895.jpg,3,129,129
cars_train:02896.jpg,1,13,18
cars_train:02897.jpg,3,4,4
cars_train:02898.jpg,4,76,76
cars_train:02899.jpg,1,12,12
cars_train:02900.jpg,1,15,15
cars_train:02901.jpg,0,36,36
cars_train:02902.jpg,1,156,156
cars_train:02903.jpg,1,74,74
cars_train:02904.jpg,3,179,178
cars_train:02905.jpg,4,62,62
cars_train:02906.jpg,0,48,48
cars_train:02907.jpg,3,143,143
cars_train:02908.jpg,3,127,127
cars_train:02909.jpg,3,60,60
cars_train:02910.jpg,4,55,55
cars_train:02911.jpg,1,5,5
cars_train:02912.jpg,1,73,73
cars_train:02913.jpg,3,3,3
cars_train:02914.jpg,1,161,161
cars_train:02915.jpg,4,179,33
cars_train:02916.jpg,4,173,173
cars_train:02917.jpg,4,97,97
cars_train:02918.jpg,0,35,35
cars_train:02919.jpg,3,5,5
cars_train:02920.jpg,4,123,123
cars_train:02921.jpg,2,10,8
cars_train:02922.jpg,1,178,178
cars_train:02923.jpg,1,100,100
cars_train:02924.jpg,0,172,172
cars_train:02925.jpg,0,149,150
cars_train:02926.jpg,0,124,124
cars_train:02927.jpg,1,71,170
cars_train:02928.jpg,1,58,58
cars_train:02929.jpg,2,82,82
cars_train:02930.jpg,2,147,147
cars_train:02931.jpg,4,177,177
cars_train:02932.jpg,3,188,188
cars_train:02933.jpg,2,76,76
cars_train:02934.jpg,3,74,74
cars_train:02935.jpg,1,94,94
cars_train:02936.jpg,1,37,37
cars_train:02937.jpg,4,177,177
cars_train:02938.jpg,2,85,85
cars_train:02939.jpg,3,71,71
cars_train:02940.jpg,2,144,144
cars_train:02941.jpg,0,65,65
cars_train:02942.jpg,1,57,57
cars_train:02943.jpg,1,139,139
cars_train:02944.jpg,4,128,128
cars_train:02945.jpg,4,53,73
cars_train:02946.jpg,1,74,68
cars_train:02947.jpg,1,65,65
cars_train:02948.jpg,1,13,13
cars_train:02949.jpg,0,183,183
cars_train:02950.jpg,1,144,144
cars_train:02951.jpg,1,134,134
cars_train:02952.jpg,3,183,180
cars_train:02953.jpg,4,98,98
cars_train:02954.jpg,3,158,158
cars_train:02955.jpg,1,150,150
cars_train:02956.jpg,1,84,84
cars_train:02957.jpg,0,187,187
cars_train:02958.jpg,0,19,19
cars_train:02959.jpg,0,189,189
cars_train:02960.jpg,0,153,153
cars_train:02961.jpg,2,195,195
cars_train:02962.jpg,3,124,124
cars_train:02963.jpg,4,88,88
cars_train:02964.jpg,3,159,159
cars_train:02965.jpg,0,132,132
cars_train:02966.jpg,1,105,105
cars_train:02967.jpg,2,42,41
cars_train:02968.jpg,2,172,172
cars_train:02969.jpg,4,50,50
cars_train:02970.jpg,0,45,45
cars_train:02971.jpg,3,47,47
cars_train:02972.jpg,1,104,104
cars_train:02973.jpg,0,172,172
cars_train:02974.jpg,1,19,19
cars_train:02975.jpg,0,32,31
cars_train:02976.jpg,1,69,69
cars_train:02977.jpg,4,109,109
cars_train:02978.jpg,0,128,128
cars_train:02979.jpg,0,162,162
cars_train:02980.jpg,4,161,161
cars_train:02981.jpg,0,80,80
cars_train:02982.jpg,1,171,171
cars_train:02983.jpg,0,168,168
cars_train:02984.jpg,1,125,125
cars_train:02985.jpg,1,108,108
cars_train:02986.jpg,4,128,128
cars_train:02987.jpg,3,180,180
cars_train:02988.jpg,3,46,46
cars_train:02989.jpg,4,192,192
cars_train:02990.jpg,1,60,60
cars_train:02991.jpg,4,82,83
cars_train:02992.jpg,2,29,29
cars_train:02993.jpg,3,7,7
cars_train:02994.jpg,0,55,55
cars_train:02995.jpg,4,181,181
cars_train:02996.jpg,2,148,148
cars_train:02997.jpg,2,191,191
cars_train:02998.jpg,3,122,122
cars_train:02999.jpg,4,32,32
cars_train:03000.jpg,3,90,90
cars_train:03001.jpg,3,160,160
cars_train:03002.jpg,4,178,178
cars_train:03003.jpg,1,190,190
cars_train:03004.jpg,1,177,177
cars_train:03005.jpg,3,160,160
cars_train:03006.jpg,1,58,58
cars_train:03007.jpg,3,47,47
cars_train:03008.jpg,0,0,0
cars_train:03009.jpg,4,8,7
cars_train:03010.jpg,2,29,29
cars_train:03011.jpg,2,1,1
cars_train:03012.jpg,1,82,82
cars_train:03013.jpg,4,104,104
cars_train:03014.jpg,2,35,35
cars_train:03015.jpg,0,15,15
cars_train:03016.jpg,0,156,156
cars_train:03017.jpg,0,94,94
cars_train:03018.jpg,4,116,116
cars_train:03019.jpg,1,24,24
cars_train:03020.jpg,2,73,73
cars_train:03021.jpg,1,138,138
cars_train:03022.jpg,0,36,36
cars_train:03023.jpg,0,59,59
cars_train:03024.jpg,4,165,165
cars_train:03025.jpg,1,19,19
cars_train:03026.jpg,4,136,136
cars_train:03027.jpg,4,98,98
cars_train:03028.jpg,4,71,71
cars_train:03029.jpg,0,106,106
cars_train:03030.jpg,4,2,2
cars_train:03031.jpg,2,162,162
cars_train:03032.jpg,1,59,59
cars_train:03033.jpg,2,190,190
cars_train:03034.jpg,3,76,76
cars_train:03035.jpg,3,62,136
cars_train:03036.jpg,0,93,93
cars_train:03037.jpg,1,155,155
cars_train:03038.jpg,0,25,25
cars_train:03039.jpg,0,93,93
cars_train:03040.jpg,4,90,90
cars_train:03041.jpg,2,185,185
cars_train:03042.jpg,2,166,166
cars_train:03043.jpg,2,156,99
cars_train:03044.jpg,0,182,182
cars_train:03045.jpg,1,147,147
cars_train:03046.jpg,3,102,102
cars_train:03047.jpg,0,92,92
cars_train:03048.jpg,4,59,59
cars_train:03049.jpg,2,157,157
cars_train:03050.jpg,4,175,175
cars_train:03051.jpg,1,3,3
cars_train:03052.jpg,3,129,129
cars_train:03053.jpg,4,111,111
cars_train:03054.jpg,3,4,4
cars_train:03055.jpg,4,13,13
cars_train:03056.jpg,3,87,165
cars_train:03057.jpg,0,18,13
cars_train:03058.jpg,0,97,97
cars_train:03059.jpg,3,194,194
cars_train:03060.jpg,3,59,59
cars_train:03061.jpg,3,113,112
cars_train:03062.jpg,4,68,68
cars_train:03063.jpg,0,155,155
cars_train:03064.jpg,0,8,8
cars_train:03065.jpg,3,185,185
cars_train:03066.jpg,0,35,35
cars_train:03067.jpg,1,164,164
cars_train:03068.jpg,1,136,136
cars_train:03069.jpg,1,162,162
cars_train:03070.jpg,2,39,39
cars_train:03071.jpg,0,37,37
cars_train:03072.jpg,4,90,90
cars_train:03073.jpg,0,91,91
cars_train:03074.jpg,2,124,124
cars_train:03075.jpg,0,151,151
cars_train:03076.jpg,1,178,178
cars_train:03077.jpg,3,192,192
cars_train:03078.jpg,4,89,89
cars_train:03079.jpg,2,170,170
cars_train:03080.jpg,2,175,176
cars_train:03081.jpg,1,4,4
cars_train:03082.jpg,0,92,92
cars_train:03083.jpg,1,53,68
cars_train:03084.jpg,3,97,97
cars_train:03085.jpg,3,66,66
cars_train:03086.jpg,0,135,135
cars_train:03087.jpg,4,23,23
cars_train:03088.jpg,3,170,170
cars_train:03089.jpg,3,145,145
cars_train:03090.jpg,0,185,185
cars_train:03091.jpg,4,35,30
cars_train:03092.jpg,2,163,163
cars_train:03093.jpg,0,153,153
cars_train:03094.jpg,1,53,53
cars_train:03095.jpg,3,118,118
cars_train:03096.jpg,1,96,96
cars_train:03097.jpg,2,124,124
cars_train:03098.jpg,0,122,122
cars_train:03099.jpg,0,115,115
cars_train:03100.jpg,0,128,128
cars_train:03101.jpg,2,9,9
cars_train:03102.jpg,4,3,3
cars_train:03103.jpg,1,22,22
cars_train:03104.jpg,4,50,50
cars_train:03105.jpg,0,94,94
cars_train:03106.jpg,3,76,76
cars_train:03107.jpg,0,161,161
cars_train:03108.jpg,4,108,108
cars_train:03109.jpg,2,185,185
cars_train:03110.jpg,1,94,94
cars_train:03111.jpg,3,34,34
cars_train:03112.jpg,1,167,167
cars_train:03113.jpg,0,187,187
cars_train:03114.jpg,4,192,192
cars_train:03115.jpg,4,37,37
cars_train:03116.jpg,1,147,147
cars_train:03117.jpg,1,73,73
cars_train:03118.jpg,4,110,110
cars_train:03119.jpg,4,23,23
cars_train:03120.jpg,2,115,115
cars_train:03121.jpg,0,24,18
cars_train:03122.jpg,2,151,151
cars_train:03123.jpg,2,123,123
cars_train:03124.jpg,0,166,166
cars_train:03125.jpg,0,169,169
cars_train:03126.jpg,0,141,141
cars_train:03127.jpg,1,4,4
cars_train:03128.jpg,0,159,159
cars_train:03129.jpg,0,94,75
cars_train:03130.jpg,2,71,71
cars_train:03131.jpg,2,119,119
cars_train:03132.jpg,4,89,89
cars_train:03133.jpg,0,130,130
cars_train:03134.jpg,0,120,120
cars_train:03135.jpg,0,61,61
cars_train:03136.jpg,2,127,127
cars_train:03137.jpg,1,168,168
cars_train:03138.jpg,0,47,47
cars_train:03139.jpg,0,14,14
cars_train:03140.jpg,4,147,147
cars_train:03141.jpg,1,190,190
cars_train:03142.jpg,3,131,131
cars_train:03143.jpg,3,117,117
cars_train:03144.jpg,1,65,65
cars_train:03145.jpg,2,110,110
cars_train:03146.jpg,2,109,125
cars_train:03147.jpg,4,129,129
cars_train:03148.jpg,3,180,180
cars_train:03149.jpg,4,43,43
cars_train:03150.jpg,0,117,147
cars_train:03151.jpg,1,111,111
cars_train:03152.jpg,3,2,2
cars_train:03153.jpg,2,178,178
cars_train:03154.jpg,2,57,57
cars_train:03155.jpg,2,119,61
cars_train:03156.jpg,1,61,61
cars_train:03157.jpg,3,19,19
cars_train:03158.jpg,4,70,63
cars_train:03159.jpg,3,99,99
cars_train:03160.jpg,1,96,96
cars_train:03161.jpg,0,177,33
cars_train:03162.jpg,1,26,26
cars_train:03163.jpg,1,65,65
cars_train:03164.jpg,0,47,47
cars_train:03165.jpg,1,3,3
cars_train:03166.jpg,2,121,121
cars_train:03167.jpg,0,11,11
cars_train:03168.jpg,1,48,48
cars_train:03169.jpg,1,2,2
cars_train:03170.jpg,1,180,180
cars_train:03171.jpg,4,85,85
cars_train:03172.jpg,4,81,81
cars_train:03173.jpg,0,157,157
cars_train:03174.jpg,0,35,35
cars_train:03175.jpg,3,42,41
cars_train:03176.jpg,2,105,105
cars_train:03177.jpg,0,192,192
cars_train:03178.jpg,3,30,30
cars_train:03179.jpg,1,148,148
cars_train:03180.jpg,3,31,31
cars_train:03181.jpg,3,33,34
cars_train:03182.jpg,4,99,99
cars_train:03183.jpg,3,140,140
cars_train:03184.jpg,0,10,10
cars_train:03185.jpg,3,55,55
cars_train:03186.jpg,3,177,177
cars_train:03187.jpg,2,88,88
cars_train:03188.jpg,3,192,192
cars_train:03189.jpg,3,120,120
cars_train:03190.jpg,3,164,164
cars_train:03191.jpg,0,4,4
cars_train:03192.jpg,0,111,111
cars_train:03193.jpg,0,118,118
cars_train:03194.jpg,1,76,76
cars_train:03195.jpg,2,53,53
cars_train:03196.jpg,1,99,99
cars_train:03197.jpg,4,147,147
cars_train:03198.jpg,0,75,75
cars_train:03199.jpg,0,26,27
cars_train:03200.jpg,0,167,167
cars_train:03201.jpg,3,175,175
cars_train:03202.jpg,1,126,126
cars_train:03203.jpg,2,14,14
cars_train:03204.jpg,1,165,165
cars_train:03205.jpg,0,82,83
cars_train:03206.jpg,2,22,22
cars_train:03207.jpg,3,91,91
cars_train:03208.jpg,0,10,10
cars_train:03209.jpg,1,154,154
cars_train:03210.jpg,1,86,86
cars_train:03211.jpg,0,54,54
cars_train:03212.jpg,1,180,187
cars_train:03213.jpg,2,162,162
cars_train:03214.jpg,1,29,29
cars_train:03215.jpg,2,14,14
cars_train:03216.jpg,1,72,72
cars_train:03217.jpg,0,60,60
cars_train:03218.jpg,1,165,165
cars_train:03219.jpg,4,111,111
cars_train:03220.jpg,4,85,85
cars_train:03221.jpg,1,12,21
cars_train:03222.jpg,2,53,53
cars_train:03223.jpg,0,110,110
cars_train:03224.jpg,2,192,192
cars_train:03225.jpg,1,116,116
cars_train:03226.jpg,2,21,21
cars_train:03227.jpg,3,193,193
cars_train:03228.jpg,4,93,93
cars_train:03229.jpg,2,116,116
cars_train:03230.jpg,4,166,166
cars_train:03231.jpg,3,71,71
cars_train:03232.jpg,2,108,108
cars_train:03233.jpg,3,12,12
cars_train:03234.jpg,0,81,81
cars_train:03235.jpg,2,149,149
cars_train:03236.jpg,4,59,59
cars_train:03237.jpg,4,32,31
cars_train:03238.jpg,3,3,3
cars_train:03239.jpg,0,8,8
cars_train:03240.jpg,1,105,105
cars_train:03241.jpg,4,3,3
cars_train:03242.jpg,4,65,65
cars_train:03243.jpg,2,3,3
cars_train:03244.jpg,0,31,31
cars_train:03245.jpg,3,42,42
cars_train:03246.jpg,1,109,109
cars_train:03247.jpg,4,124,124
cars_train:03248.jpg,3,176,174
cars_train:03249.jpg,2,80,80
cars_train:03250.jpg,1,175,175
cars_train:03251.jpg,0,65,65
cars_train:03252.jpg,3,84,84
cars_train:03253.jpg,0,16,16
cars_train:03254.jpg,4,28,28
cars_train:03255.jpg,3,148,144
cars_train:03256.jpg,4,139,139
cars_train:03257.jpg,2,178,178
cars_train:03258.jpg,4,159,159
cars_train:03259.jpg,3,179,179
cars_train:03260.jpg,4,132,132
cars_train:03261.jpg,4,69,69
cars_train:03262.jpg,0,157,157
cars_train:03263.jpg,0,167,167
cars_train:03264.jpg,4,97,97
cars_train:03265.jpg,0,5,5
cars_train:03266.jpg,2,133,133
cars_train:03267.jpg,2,1,4
cars_train:03268.jpg,1,83,82
cars_train:03269.jpg,1,23,23
cars_train:03270.jpg,3,97,97
cars_train:03271.jpg,2,185,185
cars_train:03272.jpg,2,97,97
cars_train:03273.jpg,0,39,39
cars_train:03274.jpg,1,131,131
cars_train:03275.jpg,1,142,142
cars_train:03276.jpg,2,195,195
cars_train:03277.jpg,1,139,139
cars_train:03278.jpg,1,45,45
cars_train:03279.jpg,2,131,131
cars_train:03280.jpg,3,83,83
cars_train:03281.jpg,3,188,188
cars_train:03282.jpg,4,78,78
cars_train:03283.jpg,1,14,109
cars_train:03284.jpg,3,182,182
cars_train:03285.jpg,1,40,40
cars_train:03286.jpg,2,165,87
cars_train:03287.jpg,2,47,47
cars_train:03288.jpg,3,34,34
cars_train:03289.jpg,1,13,18
cars_train:03290.jpg,2,136,136
cars_train:03291.jpg,0,55,55
cars_train:03292.jpg,1,131,131
cars_train:03293.jpg,0,99,99
cars_train:03294.jpg,2,33,33
cars_train:03295.jpg,1,90,90
cars_train:03296.jpg,4,170,170
cars_train:03297.jpg,4,159,159
cars_train:03298.jpg,2,34,34
cars_train:03299.jpg,1,40,40
cars_train:03300.jpg,1,190,190
cars_train:03301.jpg,0,170,170
cars_train:03302.jpg,4,164,164
cars_train:03303.jpg,4,154,154
cars_train:03304.jpg,3,62,62
cars_train:03305.jpg,2,86,86
cars_train:03306.jpg,1,109,109
cars_train:03307.jpg,0,194,194
cars_train:03308.jpg,3,6,6
cars_train:03309.jpg,0,121,121
cars_train:03310.jpg,4,178,178
cars_train:03311.jpg,2,7,7
cars_train:03312.jpg,3,110,110
cars_train:03313.jpg,2,12,12
cars_train:03314.jpg,1,15,15
cars_train:03315.jpg,1,81,81
cars_train:03316.jpg,4,6,6
cars_train:03317.jpg,0,1,1
cars_train:03318.jpg,0,118,118
cars_train:03319.jpg,1,124,124
cars_train:03320.jpg,3,68,68
cars_train:03321.jpg,0,15,15
cars_train:03322.jpg,2,126,126
cars_train:03323.jpg,0,150,150
cars_train:03324.jpg,4,58,58
cars_train:03325.jpg,2,164,164
cars_train:03326.jpg,3,166,166
cars_train:03327.jpg,3,35,35
cars_train:03328.jpg,0,87,165
cars_train:03329.jpg,4,86,86
cars_train:03330.jpg,2,45,45
cars_train:03331.jpg,4,80,80
cars_train:03332.jpg,4,126,126
cars_train:03333.jpg,2,176,176
cars_train:03334.jpg,3,171,171
cars_train:03335.jpg,0,41,41
cars_train:03336.jpg,2,84,84
cars_train:03337.jpg,1,185,185
cars_train:03338.jpg,3,166,166
cars_train:03339.jpg,4,36,36
cars_train:03340.jpg,1,95,95
cars_train:03341.jpg,0,195,195
cars_train:03342.jpg,0,50,50
cars_train:03343.jpg,2,72,72
cars_train:03344.jpg,0,19,19
cars_train:03345.jpg,0,193,193
cars_train:03346.jpg,3,167,167
cars_train:03347.jpg,1,37,37
cars_train:03348.jpg,4,120,120
cars_train:03349.jpg,2,24,24
cars_train:03350.jpg,2,103,103
cars_train:03351.jpg,3,62,62
cars_train:03352.jpg,1,66,66
cars_train:03353.jpg,1,48,48
cars_train:03354.jpg,2,154,154
cars_train:03355.jpg,1,66,66
cars_train:03356.jpg,4,191,191
cars_train:03357.jpg,2,178,178
cars_train:03358.jpg,3,180,180
cars_train:03359.jpg,1,68,68
cars_train:03360.jpg,1,25,25
cars_train:03361.jpg,0,36,36
cars_train:03362.jpg,0,148,148
cars_train:03363.jpg,3,87,165
cars_train:03364.jpg,4,124,124
cars_train:03365.jpg,2,122,122
cars_train:03366.jpg,3,185,185
cars_train:03367.jpg,0,19,19
cars_train:03368.jpg,0,176,176
cars_train:03369.jpg,4,156,156
cars_train:03370.jpg,1,30,30
cars_train:03371.jpg,1,75,75
cars_train:03372.jpg,4,46,46
cars_train:03373.jpg,0,76,76
cars_train:03374.jpg,1,161,161
cars_train:03375.jpg,2,120,120
cars_train:03376.jpg,1,50,50
cars_train:03377.jpg,2,70,70
cars_train:03378.jpg,0,108,108
cars_train:03379.jpg,2,7,9
cars_train:03380.jpg,3,107,107
cars_train:03381.jpg,4,154,154
cars_train:03382.jpg,3,191,169
cars_train:03383.jpg,2,18,13
cars_train:03384.jpg,3,84,84
cars_train:03385.jpg,0,185,185
cars_train:03386.jpg,0,100,100
cars_train:03387.jpg,2,91,91
cars_train:03388.jpg,3,136,136
cars_train:03389.jpg,4,108,108
cars_train:03390.jpg,4,9,9
cars_train:03391.jpg,1,92,92
cars_train:03392.jpg,4,163,163
cars_train:03393.jpg,1,0,0
cars_train:03394.jpg,3,163,163
cars_train:03395.jpg,2,92,92
cars_train:03396.jpg,3,164,164
cars_train:03397.jpg,2,95,95
cars_train:03398.jpg,3,102,102
cars_train:03399.jpg,3,34,34
cars_train:03400.jpg,1,133,133
cars_train:03401.jpg,0,61,61
cars_train:03402.jpg,0,28,28
cars_train:03403.jpg,4,136,136
cars_train:03404.jpg,4,40,40
cars_train:03405.jpg,0,165,165
cars_train:03406.jpg,2,179,178
cars_train:03407.jpg,1,127,127
cars_train:03408.jpg,1,55,54
cars_train:03409.jpg,4,143,143
cars_train:03410.jpg,2,137,137
cars_train:03411.jpg,0,66,91
cars_train:03412.jpg,3,19,19
cars_train:03413.jpg,4,41,41
cars_train:03414.jpg,1,150,150
cars_train:03415.jpg,0,83,83
cars_train:03416.jpg,2,175,175
cars_train:03417.jpg,2,4,4
cars_train:03418.jpg,2,12,12
cars_train:03419.jpg,4,179,179
cars_train:03420.jpg,2,89,89
cars_train:03421.jpg,2,44,45
cars_train:03422.jpg,1,24,24
cars_train:03423.jpg,4,169,169
cars_train:03424.jpg,4,193,193
cars_train:03425.jpg,2,42,42
cars_train:03426.jpg,0,67,67
cars_train:03427.jpg,0,21,21
cars_train:03428.jpg,1,113,113
cars_train:03429.jpg,1,15,16
cars_train:03430.jpg,3,190,190
cars_train:03431.jpg,4,122,122
cars_train:03432.jpg,2,82,82
cars_train:03433.jpg,4,42,42
cars_train:03434.jpg,3,127,127
cars_train:03435.jpg,4,17,17
cars_train:03436.jpg,3,42,41
cars_train:03437.jpg,0,180,183
cars_train:03438.jpg,2,190,190
cars_train:03439.jpg,4,17,16
cars_train:03440.jpg,3,109,192
cars_train:03441.jpg,3,125,125
cars_train:03442.jpg,2,61,61
cars_train:03443.jpg,0,85,85
cars_train:03444.jpg,0,94,94
cars_train:03445.jpg,2,21,21
cars_train:03446.jpg,1,161,161
cars_train:03447.jpg,4,51,51
cars_train:03448.jpg,2,77,77
cars_train:03449.jpg,1,21,12
cars_train:03450.jpg,1,77,77
cars_train:03451.jpg,1,33,33
cars_train:03452.jpg,0,159,159
cars_train:03453.jpg,4,81,81
cars_train:03454.jpg,3,8,8
cars_train:03455.jpg,3,40,40
cars_train:03456.jpg,3,137,137
cars_train:03457.jpg,3,26,26
cars_train:03458.jpg,1,10,7
cars_train:03459.jpg,4,81,81
cars_train:03460.jpg,1,82,82
cars_train:03461.jpg,1,122,122
cars_train:03462.jpg,1,172,172
cars_train:03463.jpg,0,118,118
cars_train:03464.jpg,1,43,43
cars_train:03465.jpg,0,71,71
cars_train:03466.jpg,0,185,185
cars_train:03467.jpg,4,3,3
cars_train:03468.jpg,1,81,81
cars_train:03469.jpg,2,41,41
cars_train:03470.jpg,4,181,181
cars_train:03471.jpg,1,172,172
cars_train:03472.jpg,1,22,22
cars_train:03473.jpg,1,121,121
cars_train:03474.jpg,4,147,29
cars_train:03475.jpg,3,102,102
cars_train:03476.jpg,0,177,177
cars_train:03477.jpg,0,147,147
cars_train:03478.jpg,1,33,33
cars_train:03479.jpg,0,45,45
cars_train:03480.jpg,1,42,42
cars_train:03481.jpg,0,124,124
cars_train:03482.jpg,2,70,118
cars_train:03483.jpg,2,57,57
cars_train:03484.jpg,1,66,66
cars_train:03485.jpg,4,171,171
cars_train:03486.jpg,4,34,34
cars_train:03487.jpg,2,182,182
cars_train:03488.jpg,2,110,110
cars_train:03489.jpg,0,148,148
cars_train:03490.jpg,0,182,182
cars_train:03491.jpg,0,120,120
cars_train:03492.jpg,2,152,152
cars_train:03493.jpg,1,177,177
cars_train:03494.jpg,0,154,154
cars_train:03495.jpg,1,128,128
cars_train:03496.jpg,4,28,28
cars_train:03497.jpg,1,118,118
cars_train:03498.jpg,1,17,17
cars_train:03499.jpg,4,58,58
cars_train:03500.jpg,3,150,150
cars_train:03501.jpg,2,127,127
cars_train:03502.jpg,1,10,10
cars_train:03503.jpg,1,20,20
cars_train:03504.jpg,1,140,140
cars_train:03505.jpg,1,86,86
cars_train:03506.jpg,4,40,40
cars_train:03507.jpg,1,46,46
cars_train:03508.jpg,4,170,170
cars_train:03509.jpg,3,124,124
cars_train:03510.jpg,0,187,187
cars_train:03511.jpg,0,4,4
cars_train:03512.jpg,3,3,3
cars_train:03513.jpg,3,15,15
cars_train:03514.jpg,2,79,79
cars_train:03515.jpg,2,143,143
cars_train:03516.jpg,3,74,68
cars_train:03517.jpg,1,164,164
cars_train:03518.jpg,1,182,148
cars_train:03519.jpg,1,112,112
cars_train:03520.jpg,4,88,88
cars_train:03521.jpg,3,165,115
cars_train:03522.jpg,3,96,96
cars_train:03523.jpg,4,7,8
cars_train:03524.jpg,4,111,111
cars_train:03525.jpg,2,26,26
cars_train:03526.jpg,1,73,73
cars_train:03527.jpg,4,178,178
cars_train:03528.jpg,2,145,145
cars_train:03529.jpg,3,84,84
cars_train:03530.jpg,1,154,154
cars_train:03531.jpg,4,186,186
cars_train:03532.jpg,4,173,173
cars_train:03533.jpg,3,16,16
cars_train:03534.jpg,2,31,31
cars_train:03535.jpg,2,161,161
cars_train:03536.jpg,0,91,91
cars_train:03537.jpg,1,1,1
cars_train:03538.jpg,1,35,35
cars_train:03539.jpg,0,68,68
cars_train:03540.jpg,4,172,172
cars_train:03541.jpg,3,55,54
cars_train:03542.jpg,3,139,139
cars_train:03543.jpg,2,19,23
cars_train:03544.jpg,4,55,55
cars_train:03545.jpg,2,34,34
cars_train:03546.jpg,4,153,153
cars_train:03547.jpg,1,13,18
cars_train:03548.jpg,3,166,166
cars_train:03549.jpg,1,101,101
cars_train:03550.jpg,2,86,86
cars_train:03551.jpg,2,86,86
cars_train:03552.jpg,0,108,108
cars_train:03553.jpg,4,49,49
cars_train:03554.jpg,2,118,118
cars_train:03555.jpg,0,192,192
cars_train:03556.jpg,4,109,109
cars_train:03557.jpg,0,84,84
cars_train:03558.jpg,3,36,36
cars_train:03559.jpg,0,55,55
cars_train:03560.jpg,1,41,43
cars_train:03561.jpg,1,10,10
cars_train:03562.jpg,4,100,100
cars_train:03563.jpg,0,104,104
cars_train:03564.jpg,2,178,178
cars_train:03565.jpg,4,83,83
cars_train:03566.jpg,0,106,106
cars_train:03567.jpg,0,153,153
cars_train:03568.jpg,1,28,28
cars_train:03569.jpg,4,135,135
cars_train:03570.jpg,1,32,32
cars_train:03571.jpg,2,154,154
cars_train:03572.jpg,3,101,101
cars_train:03573.jpg,4,109,109
cars_train:03574.jpg,4,165,165
cars_train:03575.jpg,3,7,10
cars_train:03576.jpg,0,100,100
cars_train:03577.jpg,1,89,89
cars_train:03578.jpg,3,48,48
cars_train:03579.jpg,3,190,190
cars_train:03580.jpg,0,144,144
cars_train:03581.jpg,3,64,64
cars_train:03582.jpg,2,167,167
cars_train:03583.jpg,1,139,139
cars_train:03584.jpg,1,111,111
cars_train:03585.jpg,4,187,187
cars_train:03586.jpg,1,144,144
cars_train:03587.jpg,2,142,142
cars_train:03588.jpg,3,194,194
cars_train:03589.jpg,2,7,7
cars_train:03590.jpg,1,13,13
cars_train:03591.jpg,0,143,143
cars_train:03592.jpg,3,95,95
cars_train:03593.jpg,2,191,191
cars_train:03594.jpg,0,179,179
cars_train:03595.jpg,3,21,19
cars_train:03596.jpg,4,190,190
cars_train:03597.jpg,0,60,60
cars_train:03598.jpg,3,132,132
cars_train:03599.jpg,3,170,170
cars_train:03600.jpg,0,88,88
cars_train:03601.jpg,0,93,93
cars_train:03602.jpg,1,55,55
cars_train:03603.jpg,0,39,39
cars_train:03604.jpg,0,67,67
cars_train:03605.jpg,1,151,151
cars_train:03606.jpg,0,56,54
cars_train:03607.jpg,2,3,3
cars_train:03608.jpg,0,5,5
cars_train:03609.jpg,1,165,165
cars_train:03610.jpg,0,95,181
cars_train:03611.jpg,0,173,173
cars_train:03612.jpg,1,68,68
cars_train:03613.jpg,3,193,193
cars_train:03614.jpg,2,74,74
cars_train:03615.jpg,0,55,55
cars_train:03616.jpg,0,86,86
cars_train:03617.jpg,4,31,31
cars_train:03618.jpg,2,98,98
cars_train:03619.jpg,4,20,21
cars_train:03620.jpg,1,37,28
cars_train:03621.jpg,3,186,186
cars_train:03622.jpg,4,111,111
cars_train:03623.jpg,0,186,186
cars_train:03624.jpg,1,57,57
cars_train:03625.jpg,2,81,81
cars_train:03626.jpg,2,152,152
cars_train:03627.jpg,1,147,147
cars_train:03628.jpg,4,187,187
cars_train:03629.jpg,1,129,129
cars_train:03630.jpg,1,88,88
cars_train:03631.jpg,0,116,116
cars_train:03632.jpg,2,69,69
cars_train:03633.jpg,1,164,164
cars_train:03634.jpg,0,27,26
cars_train:03635.jpg,3,99,99
cars_train:03636.jpg,4,190,190
cars_train:03637.jpg,0,165,165
cars_train:03638.jpg,2,65,65
cars_train:03639.jpg,4,176,176
cars_train:03640.jpg,4,62,62
cars_train:03641.jpg,2,4,4
cars_train:03642.jpg,4,169,169
cars_train:03643.jpg,2,109,109
cars_train:03644.jpg,4,20,20
cars_train:03645.jpg,2,139,139
cars_train:03646.jpg,2,84,84
cars_train:03647.jpg,3,52,52
cars_train:03648.jpg,1,148,148
cars_train:03649.jpg,3,94,94
cars_train:03650.jpg,2,83,83
cars_train:03651.jpg,3,63,63
cars_train:03652.jpg,0,72,72
cars_train:03653.jpg,4,21,22
cars_train:03654.jpg,2,12,21
cars_train:03655.jpg,0,42,42
cars_train:03656.jpg,4,66,66
cars_train:03657.jpg,0,80,80
cars_train:03658.jpg,1,102,102
cars_train:03659.jpg,1,8,10
cars_train:03660.jpg,1,49,49
cars_train:03661.jpg,4,181,181
cars_train:03662.jpg,1,8,8
cars_train:03663.jpg,2,136,136
cars_train:03664.jpg,3,133,133
cars_train:03665.jpg,1,27,27
cars_train:03666.jpg,1,62,62
cars_train:03667.jpg,0,130,130
cars_train:03668.jpg,1,192,192
cars_train:03669.jpg,0,75,75
cars_train:03670.jpg,3,5,5
cars_train:03671.jpg,2,97,97
cars_train:03672.jpg,1,105,105
cars_train:03673.jpg,4,15,15
cars_train:03674.jpg,4,97,97
cars_train:03675.jpg,2,180,180
cars_train:03676.jpg,4,38,38
cars_train:03677.jpg,3,32,32
cars_train:03678.jpg,3,189,189
cars_train:03679.jpg,3,81,81
cars_train:03680.jpg,4,68,68
cars_train:03681.jpg,4,84,84
cars_train:03682.jpg,0,125,125
cars_train:03683.jpg,0,90,90
cars_train:03684.jpg,1,35,30
cars_train:03685.jpg,4,69,69
cars_train:03686.jpg,2,183,183
cars_train:03687.jpg,3,102,102
cars_train:03688.jpg,3,132,132
cars_train:03689.jpg,0,151,151
cars_train:03690.jpg,0,1,1
cars_train:03691.jpg,4,90,90
cars_train:03692.jpg,1,188,188
cars_train:03693.jpg,3,135,135
cars_train:03694.jpg,4,160,160
cars_train:03695.jpg,3,74,74
cars_train:03696.jpg,0,75,75
cars_train:03697.jpg,4,119,119
cars_train:03698.jpg,0,18,18
cars_train:03699.jpg,1,70,70
cars_train:03700.jpg,2,149,149
cars_train:03701.jpg,3,61,61
cars_train:03702.jpg,4,137,137
cars_train:03703.jpg,2,18,18
cars_train:03704.jpg,2,146,146
cars_train:03705.jpg,4,134,134
cars_train:03706.jpg,3,123,123
cars_train:03707.jpg,2,99,99
cars_train:03708.jpg,2,52,52
cars_train:03709.jpg,0,29,29
cars_train:03710.jpg,1,134,134
cars_train:03711.jpg,2,171,171
cars_train:03712.jpg,0,83,82
cars_train:03713.jpg,4,156,156
cars_train:03714.jpg,2,104,104
cars_train:03715.jpg,3,5,5
cars_train:03716.jpg,4,30,30
cars_train:03717.jpg,3,16,16
cars_train:03718.jpg,4,47,67
cars_train:03719.jpg,0,172,172
cars_train:03720.jpg,2,174,174
cars_train:03721.jpg,1,21,12
cars_train:03722.jpg,4,28,28
cars_train:03723.jpg,0,11,20
cars_train:03724.jpg,4,67,67
cars_train:03725.jpg,4,113,113
cars_train:03726.jpg,3,101,101
cars_train:03727.jpg,1,146,146
cars_train:03728.jpg,2,195,195
cars_train:03729.jpg,4,126,126
cars_train:03730.jpg,4,90,90
cars_train:03731.jpg,3,142,142
cars_train:03732.jpg,0,8,7
cars_train:03733.jpg,3,56,56
cars_train:03734.jpg,2,35,35
cars_train:03735.jpg,0,107,107
cars_train:03736.jpg,0,32,32
cars_train:03737.jpg,3,60,60
cars_train:03738.jpg,3,20,20
cars_train:03739.jpg,0,52,52
cars_train:03740.jpg,2,25,25
cars_train:03741.jpg,0,99,99
cars_train:03742.jpg,3,126,126
cars_train:03743.jpg,0,143,143
cars_train:03744.jpg,1,107,107
cars_train:03745.jpg,0,95,95
cars_train:03746.jpg,1,96,109
cars_train:03747.jpg,4,140,2
cars_train:03748.jpg,4,191,191
cars_train:03749.jpg,1,54,54
cars_train:03750.jpg,3,13,18
cars_train:03751.jpg,1,45,45
cars_train:03752.jpg,3,73,73
cars_train:03753.jpg,0,151,151
cars_train:03754.jpg,2,175,175
cars_train:03755.jpg,1,14,14
cars_train:03756.jpg,3,12,12
cars_train:03757.jpg,3,52,52
cars_train:03758.jpg,2,18,18
cars_train:03759.jpg,4,192,192
cars_train:03760.jpg,2,39,39
cars_train:03761.jpg,2,5,5
cars_train:03762.jpg,3,44,44
cars_train:03763.jpg,3,67,67
cars_train:03764.jpg,2,15,15
cars_train:03765.jpg,0,16,15
cars_train:03766.jpg,2,10,10
cars_train:03767.jpg,4,1,1
cars_train:03768.jpg,4,161,161
cars_train:03769.jpg,0,82,82
cars_train:03770.jpg,3,153,153
cars_train:03771.jpg,3,161,161
cars_train:03772.jpg,3,2,2
cars_train:03773.jpg,2,139,139
cars_train:03774.jpg,2,47,47
cars_train:03775.jpg,2,152,152
cars_train:03776.jpg,2,93,93
cars_train:03777.jpg,0,63,63
cars_train:03778.jpg,1,165,165
cars_train:03779.jpg,0,185,185
cars_train:03780.jpg,1,142,142
cars_train:03781.jpg,3,195,195
cars_train:03782.jpg,1,47,47
cars_train:03783.jpg,4,127,127
cars_train:03784.jpg,4,78,78
cars_train:03785.jpg,2,193,193
cars_train:03786.jpg,1,97,97
cars_train:03787.jpg,4,137,137
cars_train:03788.jpg,0,141,141
cars_train:03789.jpg,4,121,121
cars_train:03790.jpg,0,6,6
cars_train:03791.jpg,4,15,15
cars_train:03792.jpg,4,75,75
cars_train:03793.jpg,2,133,133
cars_train:03794.jpg,4,188,188
cars_train:03795.jpg,2,3,3
cars_train:03796.jpg,3,124,124
cars_train:03797.jpg,4,93,93
cars_train:03798.jpg,4,123,124
cars_train:03799.jpg,4,105,105
cars_train:03800.jpg,1,67,67
cars_train:03801.jpg,3,154,154
cars_train:03802.jpg,1,127,127
cars_train:03803.jpg,2,91,91
cars_train:03804.jpg,2,13,18
cars_train:03805.jpg,2,143,143
cars_train:03806.jpg,1,146,146
cars_train:03807.jpg,3,96,96
cars_train:03808.jpg,1,179,178
cars_train:03809.jpg,4,154,154
cars_train:03810.jpg,1,149,149
cars_train:03811.jpg,2,62,62
cars_train:03812.jpg,3,170,170
cars_train:03813.jpg,3,5,5
cars_train:03814.jpg,4,136,136
cars_train:03815.jpg,1,125,125
cars_train:03816.jpg,3,111,111
cars_train:03817.jpg,3,167,167
cars_train:03818.jpg,0,13,13
cars_train:03819.jpg,0,107,107
cars_train:03820.jpg,1,163,143
cars_train:03821.jpg,2,25,29
cars_train:03822.jpg,4,122,122
cars_train:03823.jpg,4,186,186
cars_train:03824.jpg,2,22,19
cars_train:03825.jpg,0,148,148
cars_train:03826.jpg,3,57,57
cars_train:03827.jpg,3,97,97
cars_train:03828.jpg,1,8,8
cars_train:03829.jpg,3,21,21
cars_train:03830.jpg,2,24,24
cars_train:03831.jpg,3,60,60
cars_train:03832.jpg,4,55,55
cars_train:03833.jpg,2,91,91
cars_train:03834.jpg,3,131,131
cars_train:03835.jpg,1,34,34
cars_train:03836.jpg,4,126,126
cars_train:03837.jpg,3,88,88
cars_train:03838.jpg,3,13,13
cars_train:03839.jpg,0,24,24
cars_train:03840.jpg,2,136,136
cars_train:03841.jpg,1,182,182
cars_train:03842.jpg,4,23,12
cars_train:03843.jpg,1,124,124
cars_train:03844.jpg,3,10,10
cars_train:03845.jpg,1,57,57
cars_train:03846.jpg,2,181,181
cars_train:03847.jpg,0,163,163
cars_train:03848.jpg,0,21,21
cars_train:03849.jpg,1,38,38
cars_train:03850.jpg,2,76,76
cars_train:03851.jpg,0,90,86
cars_train:03852.jpg,1,34,34
cars_train:03853.jpg,0,173,173
cars_train:03854.jpg,3,9,9
cars_train:03855.jpg,2,23,23
cars_train:03856.jpg,2,73,69
cars_train:03857.jpg,2,183,183
cars_train:03858.jpg,4,83,83
cars_train:03859.jpg,2,170,170
cars_train:03860.jpg,2,38,38
cars_train:03861.jpg,1,106,106
cars_train:03862.jpg,1,73,73
cars_train:03863.jpg,2,124,123
cars_train:03864.jpg,3,184,184
cars_train:03865.jpg,0,33,33
cars_train:03866.jpg,0,51,51
cars_train:03867.jpg,2,111,111
cars_train:03868.jpg,0,152,152
cars_train:03869.jpg,2,93,109
cars_train:03870.jpg,4,112,112
cars_train:03871.jpg,2,2,2
cars_train:03872.jpg,2,48,48
cars_train:03873.jpg,3,184,184
cars_train:03874.jpg,4,27,27
cars_train:03875.jpg,3,1,139
cars_train:03876.jpg,2,128,128
cars_train:03877.jpg,1,5,5
cars_train:03878.jpg,1,195,195
cars_train:03879.jpg,4,52,52
cars_train:03880.jpg,0,192,192
cars_train:03881.jpg,2,2,2
cars_train:03882.jpg,0,10,10
cars_train:03883.jpg,3,129,129
cars_train:03884.jpg,2,182,182
cars_train:03885.jpg,2,128,128
cars_train:03886.jpg,2,23,23
cars_train:03887.jpg,1,19,19
cars_train:03888.jpg,3,147,147
cars_train:03889.jpg,3,137,137
cars_train:03890.jpg,4,147,147
cars_train:03891.jpg,3,59,59
cars_train:03892.jpg,2,23,23
cars_train:03893.jpg,2,133,133
cars_train:03894.jpg,2,109,109
cars_train:03895.jpg,0,125,125
cars_train:03896.jpg,1,67,67
cars_train:03897.jpg,4,93,93
cars_train:03898.jpg,1,195,195
cars_train:03899.jpg,2,82,88
cars_train:03900.jpg,0,176,176
cars_train:03901.jpg,4,64,64
cars_train:03902.jpg,1,92,92
cars_train:03903.jpg,4,64,64
cars_train:03904.jpg,3,71,71
cars_train:03905.jpg,4,10,10
cars_train:03906.jpg,3,73,73
cars_train:03907.jpg,3,100,100
cars_train:03908.jpg,1,54,54
cars_train:03909.jpg,0,14,14
cars_train:03910.jpg,2,165,165
cars_train:03911.jpg,4,102,102
cars_train:03912.jpg,3,138,138
cars_train:03913.jpg,2,134,134
cars_train:03914.jpg,2,175,175
cars_train:03915.jpg,0,127,127
cars_train:03916.jpg,2,185,185
cars_train:03917.jpg,1,132,132
cars_train:03918.jpg,3,60,60
cars_train:03919.jpg,4,182,183
cars_train:03920.jpg,2,93,93
cars_train:03921.jpg,4,148,148
cars_train:03922.jpg,0,189,189
cars_train:03923.jpg,3,47,47
cars_train:03924.jpg,2,121,121
cars_train:03925.jpg,2,52,52
cars_train:03926.jpg,0,142,142
cars_train:03927.jpg,2,158,119
cars_train:03928.jpg,0,40,43
cars_train:03929.jpg,3,100,100
cars_train:03930.jpg,4,189,189
cars_train:03931.jpg,2,166,166
cars_train:03932.jpg,0,48,48
cars_train:03933.jpg,4,59,59
cars_train:03934.jpg,0,72,72
cars_train:03935.jpg,2,31,31
cars_train:03936.jpg,2,21,12
cars_train:03937.jpg,0,188,188
cars_train:03938.jpg,1,165,165
cars_train:03939.jpg,1,154,154
cars_train:03940.jpg,0,164,164
cars_train:03941.jpg,4,106,106
cars_train:03942.jpg,4,37,37
cars_train:03943.jpg,0,0,0
cars_train:03944.jpg,4,76,76
cars_train:03945.jpg,0,193,193
cars_train:03946.jpg,3,71,71
cars_train:03947.jpg,2,182,182
cars_train:03948.jpg,3,123,124
cars_train:03949.jpg,4,170,170
cars_train:03950.jpg,4,149,149
cars_train:03951.jpg,0,34,33
cars_train:03952.jpg,0,19,21
cars_train:03953.jpg,1,28,28
cars_train:03954.jpg,2,118,118
cars_train:03955.jpg,0,122,122
cars_train:03956.jpg,1,141,141
cars_train:03957.jpg,0,30,30
cars_train:03958.jpg,1,172,172
cars_train:03959.jpg,1,68,74
cars_train:03960.jpg,3,126,126
cars_train:03961.jpg,0,67,67
cars_train:03962.jpg,0,78,78
cars_train:03963.jpg,0,102,102
cars_train:03964.jpg,3,70,70
cars_train:03965.jpg,3,4,4
cars_train:03966.jpg,2,146,146
cars_train:03967.jpg,2,117,117
cars_train:03968.jpg,2,5,5
cars_train:03969.jpg,0,14,14
cars_train:03970.jpg,2,61,61
cars_train:03971.jpg,4,119,119
cars_train:03972.jpg,4,163,163
cars_train:03973.jpg,3,162,162
cars_train:03974.jpg,3,136,136
cars_train:03975.jpg,1,42,42
cars_train:03976.jpg,0,64,64
cars_train:03977.jpg,3,119,61
cars_train:03978.jpg,1,101,101
cars_train:03979.jpg,0,163,163
cars_train:03980.jpg,4,129,129
cars_train:03981.jpg,3,15,15
cars_train:03982.jpg,4,190,190
cars_train:03983.jpg,0,152,152
cars_train:03984.jpg,4,89,89
cars_train:03985.jpg,1,16,16
cars_train:03986.jpg,1,171,107
cars_train:03987.jpg,2,125,125
cars_train:03988.jpg,2,63,118
cars_train:03989.jpg,0,188,188
cars_train:03990.jpg,4,26,35
cars_train:03991.jpg,2,180,180
cars_train:03992.jpg,3,81,81
cars_train:03993.jpg,3,163,163
cars_train:03994.jpg,2,65,65
cars_train:03995.jpg,2,194,194
cars_train:03996.jpg,4,195,195
cars_train:03997.jpg,4,113,113
cars_train:03998.jpg,3,66,66
cars_train:03999.jpg,4,81,81
cars_train:04000.jpg,0,107,107
cars_train:04001.jpg,3,163,163
cars_train:04002.jpg,2,55,55
cars_train:04003.jpg,2,58,58
cars_train:04004.jpg,2,189,189
cars_train:04005.jpg,1,190,190
cars_train:04006.jpg,3,162,162
cars_train:04007.jpg,1,194,194
cars_train:04008.jpg,3,61,61
cars_train:04009.jpg,0,71,71
cars_train:04010.jpg,2,138,138
cars_train:04011.jpg,4,1,1
cars_train:04012.jpg,1,187,187
cars_train:04013.jpg,2,182,99
cars_train:04014.jpg,4,13,24
cars_train:04015.jpg,4,80,80
cars_train:04016.jpg,2,159,159
cars_train:04017.jpg,3,140,140
cars_train:04018.jpg,2,36,36
cars_train:04019.jpg,0,131,131
cars_train:04020.jpg,3,49,49
cars_train:04021.jpg,0,92,92
cars_train:04022.jpg,4,122,122
cars_train:04023.jpg,1,25,25
cars_train:04024.jpg,1,120,120
cars_train:04025.jpg,3,90,90
cars_train:04026.jpg,2,90,90
cars_train:04027.jpg,2,78,78
cars_train:04028.jpg,3,171,171
cars_train:04029.jpg,0,29,29
cars_train:04030.jpg,4,27,27
cars_train:04031.jpg,0,134,134
cars_train:04032.jpg,1,72,72
cars_train:04033.jpg,3,157,157
cars_train:04034.jpg,0,108,108
cars_train:04035.jpg,0,55,55
cars_train:04036.jpg,1,116,116
cars_train:04037.jpg,2,90,90
cars_train:04038.jpg,2,30,35
cars_train:04039.jpg,2,156,156
cars_train:04040.jpg,3,20,20
cars_train:04041.jpg,1,55,54
cars_train:04042.jpg,4,92,92
cars_train:04043.jpg,4,80,80
cars_train:04044.jpg,4,144,144
cars_train:04045.jpg,4,83,82
cars_train:04046.jpg,3,96,106
cars_train:04047.jpg,0,122,122
cars_train:04048.jpg,3,98,98
cars_train:04049.jpg,3,76,76
cars_train:04050.jpg,2,78,78
cars_train:04051.jpg,2,61,61
cars_train:04052.jpg,4,35,35
cars_train:04053.jpg,2,80,80
cars_train:04054.jpg,1,35,35
cars_train:04055.jpg,2,99,99
cars_train:04056.jpg,0,0,0
cars_train:04057.jpg,4,182,182
cars_train:04058.jpg,3,63,70
cars_train:04059.jpg,0,22,22
cars_train:04060.jpg,2,31,31
cars_train:04061.jpg,2,18,18
cars_train:04062.jpg,1,87,165
cars_train:04063.jpg,4,113,113
cars_train:04064.jpg,2,114,114
cars_train:04065.jpg,2,188,188
cars_train:04066.jpg,1,110,110
cars_train:04067.jpg,3,32,32
cars_train:04068.jpg,4,116,116
cars_train:04069.jpg,2,83,83
cars_train:04070.jpg,0,192,192
cars_train:04071.jpg,4,166,166
cars_train:04072.jpg,1,7,7
cars_train:04073.jpg,3,48,48
cars_train:04074.jpg,4,87,87
cars_train:04075.jpg,4,22,22
cars_train:04076.jpg,1,194,194
cars_train:04077.jpg,0,127,127
cars_train:04078.jpg,0,190,190
cars_train:04079.jpg,2,82,82
cars_train:04080.jpg,2,72,72
cars_train:04081.jpg,4,143,143
cars_train:04082.jpg,3,178,178
cars_train:04083.jpg,4,112,112
cars_train:04084.jpg,1,176,176
cars_train:04085.jpg,1,6,6
cars_train:04086.jpg,4,26,26
cars_train:04087.jpg,3,117,117
cars_train:04088.jpg,0,53,53
cars_train:04089.jpg,4,25,25
cars_train:04090.jpg,2,181,181
cars_train:04091.jpg,4,47,47
cars_train:04092.jpg,3,96,96
cars_train:04093.jpg,1,146,146
cars_train:04094.jpg,3,185,185
cars_train:04095.jpg,4,107,107
cars_train:04096.jpg,3,135,135
cars_train:04097.jpg,4,62,62
cars_train:04098.jpg,3,179,179
cars_train:04099.jpg,1,156,156
cars_train:04100.jpg,1,110,110
cars_train:04101.jpg,1,149,149
cars_train:04102.jpg,0,93,93
cars_train:04103.jpg,2,81,81
cars_train:04104.jpg,1,69,69
cars_train:04105.jpg,2,151,151
cars_train:04106.jpg,2,144,144
cars_train:04107.jpg,0,147,147
cars_train:04108.jpg,0,154,154
cars_train:04109.jpg,1,43,43
cars_train:04110.jpg,3,100,100
cars_train:04111.jpg,4,63,70
cars_train:04112.jpg,1,128,128
cars_train:04113.jpg,0,59,59
cars_train:04114.jpg,2,132,57
cars_train:04115.jpg,1,146,146
cars_train:04116.jpg,0,76,76
cars_train:04117.jpg,4,51,51
cars_train:04118.jpg,3,82,83
cars_train:04119.jpg,3,181,181
cars_train:04120.jpg,1,45,45
cars_train:04121.jpg,1,7,7
cars_train:04122.jpg,0,115,115
cars_train:04123.jpg,2,114,155
cars_train:04124.jpg,4,66,66
cars_train:04125.jpg,2,158,158
cars_train:04126.jpg,1,41,41
cars_train:04127.jpg,1,82,82
cars_train:04128.jpg,4,191,191
cars_train:04129.jpg,0,28,29
cars_train:04130.jpg,1,157,157
cars_train:04131.jpg,3,129,129
cars_train:04132.jpg,1,134,134
cars_train:04133.jpg,4,127,127
cars_train:04134.jpg,2,146,144
cars_train:04135.jpg,0,166,166
cars_train:04136.jpg,0,163,163
cars_train:04137.jpg,1,57,57
cars_train:04138.jpg,3,30,30
cars_train:04139.jpg,2,122,122
cars_train:04140.jpg,1,112,68
cars_train:04141.jpg,3,183,183
cars_train:04142.jpg,1,117,117
cars_train:04143.jpg,2,170,170
cars_train:04144.jpg,0,109,109
cars_train:04145.jpg,0,127,28
cars_train:04146.jpg,4,181,62
cars_train:04147.jpg,2,121,121
cars_train:04148.jpg,2,130,130
cars_train:04149.jpg,1,32,32
cars_train:04150.jpg,3,77,77
cars_train:04151.jpg,3,180,114
cars_train:04152.jpg,0,26,26
cars_train:04153.jpg,0,182,182
cars_train:04154.jpg,0,52,52
cars_train:04155.jpg,1,14,14
cars_train:04156.jpg,2,183,183
cars_train:04157.jpg,2,89,89
cars_train:04158.jpg,2,134,134
cars_train:04159.jpg,3,149,149
cars_train:04160.jpg,2,177,177
cars_train:04161.jpg,4,88,88
cars_train:04162.jpg,2,94,94
cars_train:04163.jpg,1,69,69
cars_train:04164.jpg,3,112,112
cars_train:04165.jpg,2,129,129
cars_train:04166.jpg,4,10,10
cars_train:04167.jpg,4,80,80
cars_train:04168.jpg,3,158,158
cars_train:04169.jpg,4,127,127
cars_train:04170.jpg,1,84,84
cars_train:04171.jpg,3,31,31
cars_train:04172.jpg,2,163,163
cars_train:04173.jpg,0,172,172
cars_train:04174.jpg,0,174,174
cars_train:04175.jpg,3,75,75
cars_train:04176.jpg,3,17,15
cars_train:04177.jpg,1,160,160
cars_train:04178.jpg,0,181,181
cars_train:04179.jpg,4,107,107
cars_train:04180.jpg,0,64,64
cars_train:04181.jpg,4,176,176
cars_train:04182.jpg,0,57,57
cars_train:04183.jpg,0,169,169
cars_train:04184.jpg,0,124,124
cars_train:04185.jpg,1,177,177
cars_train:04186.jpg,4,7,7
cars_train:04187.jpg,4,73,53
cars_train:04188.jpg,0,120,120
cars_train:04189.jpg,3,63,118
cars_train:04190.jpg,0,9,9
cars_train:04191.jpg,2,15,16
cars_train:04192.jpg,0,101,101
cars_train:04193.jpg,3,148,148
cars_train:04194.jpg,1,77,77
cars_train:04195.jpg,1,19,19
cars_train:04196.jpg,4,163,163
cars_train:04197.jpg,2,7,9
cars_train:04198.jpg,1,129,129
cars_train:04199.jpg,2,108,108
cars_train:04200.jpg,0,117,117
cars_train:04201.jpg,3,60,60
cars_train:04202.jpg,4,140,140
cars_train:04203.jpg,2,142,142
cars_train:04204.jpg,1,79,79
cars_train:04205.jpg,1,30,46
cars_train:04206.jpg,3,171,171
cars_train:04207.jpg,0,105,105
cars_train:04208.jpg,1,64,64
cars_train:04209.jpg,3,95,95
cars_train:04210.jpg,1,179,179
cars_train:04211.jpg,3,95,95
cars_train:04212.jpg,2,64,64
cars_train:04213.jpg,2,118,70
cars_train:04214.jpg,2,118,118
cars_train:04215.jpg,0,193,193
cars_train:04216.jpg,1,7,7
cars_train:04217.jpg,3,143,143
cars_train:04218.jpg,1,58,58
cars_train:04219.jpg,2,165,165
cars_train:04220.jpg,4,145,145
cars_train:04221.jpg,0,72,72
cars_train:04222.jpg,1,120,120
cars_train:04223.jpg,3,123,124
cars_train:04224.jpg,4,5,5
cars_train:04225.jpg,4,87,165
cars_train:04226.jpg,3,144,144
cars_train:04227.jpg,2,76,76
cars_train:04228.jpg,0,180,180
cars_train:04229.jpg,0,167,167
cars_train:04230.jpg,4,106,106
cars_train:04231.jpg,2,178,178
cars_train:04232.jpg,4,101,101
cars_train:04233.jpg,3,115,115
cars_train:04234.jpg,0,73,73
cars_train:04235.jpg,4,115,115
cars_train:04236.jpg,3,106,106
cars_train:04237.jpg,0,19,19
cars_train:04238.jpg,4,80,80
cars_train:04239.jpg,3,117,117
cars_train:04240.jpg,0,190,190
cars_train:04241.jpg,4,14,14
cars_train:04242.jpg,1,146,146
cars_train:04243.jpg,1,42,42
cars_train:04244.jpg,1,1,1
cars_train:04245.jpg,3,86,86
cars_train:04246.jpg,3,65,65
cars_train:04247.jpg,1,7,9
cars_train:04248.jpg,3,123,124
cars_train:04249.jpg,3,67,67
cars_train:04250.jpg,4,44,45
cars_train:04251.jpg,3,138,138
cars_train:04252.jpg,4,6,6
cars_train:04253.jpg,1,170,170
cars_train:04254.jpg,1,158,47
cars_train:04255.jpg,1,98,98
cars_train:04256.jpg,0,99,99
cars_train:04257.jpg,3,131,131
cars_train:04258.jpg,4,75,75
cars_train:04259.jpg,2,72,72
cars_train:04260.jpg,4,77,77
cars_train:04261.jpg,1,99,44
cars_train:04262.jpg,0,104,104
cars_train:04263.jpg,0,191,191
cars_train:04264.jpg,0,57,57
cars_train:04265.jpg,1,149,149
cars_train:04266.jpg,4,29,29
cars_train:04267.jpg,2,60,60
cars_train:04268.jpg,1,64,64
cars_train:04269.jpg,4,24,24
cars_train:04270.jpg,0,77,76
cars_train:04271.jpg,2,55,55
cars_train:04272.jpg,3,188,188
cars_train:04273.jpg,2,145,145
cars_train:04274.jpg,2,131,131
cars_train:04275.jpg,2,78,78
cars_train:04276.jpg,0,178,178
cars_train:04277.jpg,4,185,185
cars_train:04278.jpg,0,112,112
cars_train:04279.jpg,2,160,160
cars_train:04280.jpg,1,58,58
cars_train:04281.jpg,4,162,162
cars_train:04282.jpg,0,172,172
cars_train:04283.jpg,2,95,95
cars_train:04284.jpg,0,170,170
cars_train:04285.jpg,4,71,71
cars_train:04286.jpg,0,171,171
cars_train:04287.jpg,1,159,159
cars_train:04288.jpg,3,181,181
cars_train:04289.jpg,4,50,50
cars_train:04290.jpg,2,116,116
cars_train:04291.jpg,3,110,110
cars_train:04292.jpg,3,10,10
cars_train:04293.jpg,3,105,105
cars_train:04294.jpg,3,35,30
cars_train:04295.jpg,0,152,152
cars_train:04296.jpg,1,100,100
cars_train:04297.jpg,0,97,97
cars_train:04298.jpg,3,154,154
cars_train:04299.jpg,3,168,168
cars_train:04300.jpg,2,75,75
cars_train:04301.jpg,4,156,157
cars_train:04302.jpg,4,56,56
cars_train:04303.jpg,2,163,163
cars_train:04304.jpg,0,171,171
cars_train:04305.jpg,0,117,117
cars_train:04306.jpg,1,173,173
cars_train:04307.jpg,2,68,68
cars_train:04308.jpg,2,8,8
cars_train:04309.jpg,4,78,78
cars_train:04310.jpg,2,57,57
cars_train:04311.jpg,3,116,116
cars_train:04312.jpg,0,15,15
cars_train:04313.jpg,4,20,20
cars_train:04314.jpg,1,185,185
cars_train:04315.jpg,2,160,160
cars_train:04316.jpg,3,48,48
cars_train:04317.jpg,3,106,106
cars_train:04318.jpg,3,85,85
cars_train:04319.jpg,2,164,164
cars_train:04320.jpg,2,153,153
cars_train:04321.jpg,4,62,62
cars_train:04322.jpg,3,109,109
cars_train:04323.jpg,3,30,35
cars_train:04324.jpg,3,120,120
cars_train:04325.jpg,4,185,185
cars_train:04326.jpg,2,62,62
cars_train:04327.jpg,0,145,145
cars_train:04328.jpg,1,41,41
cars_train:04329.jpg,0,99,99
cars_train:04330.jpg,2,64,64
cars_train:04331.jpg,3,97,97
cars_train:04332.jpg,3,181,181
cars_train:04333.jpg,3,179,44
cars_train:04334.jpg,3,44,44
cars_train:04335.jpg,2,184,184
cars_train:04336.jpg,3,145,145
cars_train:04337.jpg,3,140,140
cars_train:04338.jpg,3,4,4
cars_train:04339.jpg,1,35,35
cars_train:04340.jpg,1,90,90
cars_train:04341.jpg,4,90,90
cars_train:04342.jpg,4,107,107
cars_train:04343.jpg,3,111,111
cars_train:04344.jpg,2,187,187
cars_train:04345.jpg,1,52,52
cars_train:04346.jpg,1,78,78
cars_train:04347.jpg,0,161,161
cars_train:04348.jpg,3,51,51
cars_train:04349.jpg,1,3,3
cars_train:04350.jpg,1,66,66
cars_train:04351.jpg,4,34,34
cars_train:04352.jpg,0,96,96
cars_train:04353.jpg,4,42,42
cars_train:04354.jpg,1,145,145
cars_train:04355.jpg,1,192,192
cars_train:04356.jpg,2,51,51
cars_train:04357.jpg,3,24,24
cars_train:04358.jpg,0,194,194
cars_train:04359.jpg,4,18,13
cars_train:04360.jpg,3,55,55
cars_train:04361.jpg,2,195,195
cars_train:04362.jpg,4,159,159
cars_train:04363.jpg,0,172,172
cars_train:04364.jpg,1,182,182
cars_train:04365.jpg,2,143,143
cars_train:04366.jpg,3,48,48
cars_train:04367.jpg,3,104,104
cars_train:04368.jpg,0,71,71
cars_train:04369.jpg,1,123,123
cars_train:04370.jpg,4,62,62
cars_train:04371.jpg,2,148,148
cars_train:04372.jpg,2,61,61
cars_train:04373.jpg,1,90,90
cars_train:04374.jpg,3,31,31
cars_train:04375.jpg,4,36,36
cars_train:04376.jpg,3,160,160
cars_train:04377.jpg,2,76,76
cars_train:04378.jpg,2,143,143
cars_train:04379.jpg,1,11,11
cars_train:04380.jpg,3,16,16
cars_train:04381.jpg,3,75,75
cars_train:04382.jpg,0,167,167
cars_train:04383.jpg,3,158,158
cars_train:04384.jpg,3,174,174
cars_train:04385.jpg,3,34,34
cars_train:04386.jpg,4,9,7
cars_train:04387.jpg,1,121,121
cars_train:04388.jpg,1,179,179
cars_train:04389.jpg,4,84,84
cars_train:04390.jpg,1,138,138
cars_train:04391.jpg,2,147,147
cars_train:04392.jpg,0,4,4
cars_train:04393.jpg,2,94,94
cars_train:04394.jpg,0,57,57
cars_train:04395.jpg,0,101,101
cars_train:04396.jpg,0,7,10
cars_train:04397.jpg,2,110,110
cars_train:04398.jpg,0,175,175
cars_train:04399.jpg,4,38,38
cars_train:04400.jpg,1,128,128
cars_train:04401.jpg,3,45,45
cars_train:04402.jpg,1,99,99
cars_train:04403.jpg,0,159,159
cars_train:04404.jpg,4,145,145
cars_train:04405.jpg,3,76,76
cars_train:04406.jpg,1,150,159
cars_train:04407.jpg,1,56,56
cars_train:04408.jpg,2,74,74
cars_train:04409.jpg,3,78,78
cars_train:04410.jpg,3,29,34
cars_train:04411.jpg,1,159,159
cars_train:04412.jpg,3,157,157
cars_train:04413.jpg,3,131,131
cars_train:04414.jpg,1,64,64
cars_train:04415.jpg,1,153,153
cars_train:04416.jpg,2,187,187
cars_train:04417.jpg,4,177,177
cars_train:04418.jpg,0,160,160
cars_train:04419.jpg,2,116,116
cars_train:04420.jpg,3,89,89
cars_train:04421.jpg,2,153,153
cars_train:04422.jpg,3,145,145
cars_train:04423.jpg,3,161,161
cars_train:04424.jpg,4,133,133
cars_train:04425.jpg,0,94,94
cars_train:04426.jpg,4,141,141
cars_train:04427.jpg,3,10,10
cars_train:04428.jpg,0,13,13
cars_train:04429.jpg,1,78,78
cars_train:04430.jpg,3,101,101
cars_train:04431.jpg,2,86,86
cars_train:04432.jpg,3,187,187
cars_train:04433.jpg,1,143,143
cars_train:04434.jpg,3,32,32
cars_train:04435.jpg,0,160,160
cars_train:04436.jpg,0,181,181
cars_train:04437.jpg,2,56,56
cars_train:04438.jpg,2,117,117
cars_train:04439.jpg,2,68,68
cars_train:04440.jpg,1,60,60
cars_train:04441.jpg,3,152,152
cars_train:04442.jpg,2,82,82
cars_train:04443.jpg,1,24,24
cars_train:04444.jpg,1,117,117
cars_train:04445.jpg,1,194,194
cars_train:04446.jpg,3,103,102
cars_train:04447.jpg,2,16,16
cars_train:04448.jpg,0,12,12
cars_train:04449.jpg,2,42,42
cars_train:04450.jpg,2,164,164
cars_train:04451.jpg,3,159,159
cars_train:04452.jpg,2,65,65
cars_train:04453.jpg,4,55,55
cars_train:04454.jpg,0,101,101
cars_train:04455.jpg,3,166,166
cars_train:04456.jpg,3,14,14
cars_train:04457.jpg,4,168,168
cars_train:04458.jpg,2,47,47
cars_train:04459.jpg,3,175,175
cars_train:04460.jpg,0,129,129
cars_train:04461.jpg,1,38,43
cars_train:04462.jpg,3,84,84
cars_train:04463.jpg,1,57,57
cars_train:04464.jpg,4,101,101
cars_train:04465.jpg,2,176,174
cars_train:04466.jpg,1,142,142
cars_train:04467.jpg,2,87,87
cars_train:04468.jpg,4,81,81
cars_train:04469.jpg,2,30,30
cars_train:04470.jpg,4,4,4
cars_train:04471.jpg,1,126,126
cars_train:04472.jpg,3,30,30
cars_train:04473.jpg,0,110,110
cars_train:04474.jpg,4,138,138
cars_train:04475.jpg,1,24,24
cars_train:04476.jpg,0,56,56
cars_train:04477.jpg,2,92,92
cars_train:04478.jpg,1,53,53
cars_train:04479.jpg,2,188,188
cars_train:04480.jpg,4,23,23
cars_train:04481.jpg,4,124,124
cars_train:04482.jpg,3,3,3
cars_train:04483.jpg,0,118,118
cars_train:04484.jpg,1,4,1
cars_train:04485.jpg,3,96,96
cars_train:04486.jpg,4,1,1
cars_train:04487.jpg,4,37,37
cars_train:04488.jpg,4,174,174
cars_train:04489.jpg,1,81,81
cars_train:04490.jpg,3,172,172
cars_train:04491.jpg,2,139,139
cars_train:04492.jpg,2,140,140
cars_train:04493.jpg,0,7,7
cars_train:04494.jpg,1,8,9
cars_train:04495.jpg,2,7,67
cars_train:04496.jpg,2,111,111
cars_train:04497.jpg,3,11,23
cars_train:04498.jpg,2,177,177
cars_train:04499.jpg,0,131,131
cars_train:04500.jpg,0,28,28
cars_train:04501.jpg,2,185,141
cars_train:04502.jpg,0,65,65
cars_train:04503.jpg,3,129,129
cars_train:04504.jpg,3,121,121
cars_train:04505.jpg,4,27,27
cars_train:04506.jpg,1,62,62
cars_train:04507.jpg,3,114,114
cars_train:04508.jpg,1,134,134
cars_train:04509.jpg,0,8,8
cars_train:04510.jpg,0,8,159
cars_train:04511.jpg,1,3,3
cars_train:04512.jpg,4,76,76
cars_train:04513.jpg,4,109,109
cars_train:04514.jpg,1,190,190
cars_train:04515.jpg,4,153,153
cars_train:04516.jpg,2,158,158
cars_train:04517.jpg,0,151,151
cars_train:04518.jpg,2,120,120
cars_train:04519.jpg,0,38,38
cars_train:04520.jpg,4,125,125
cars_train:04521.jpg,1,111,111
cars_train:04522.jpg,0,96,96
cars_train:04523.jpg,1,103,102
cars_train:04524.jpg,3,141,141
cars_train:04525.jpg,4,81,81
cars_train:04526.jpg,0,190,190
cars_train:04527.jpg,4,36,36
cars_train:04528.jpg,4,97,187
cars_train:04529.jpg,1,164,164
cars_train:04530.jpg,3,138,138
cars_train:04531.jpg,0,42,42
cars_train:04532.jpg,4,141,141
cars_train:04533.jpg,2,11,11
cars_train:04534.jpg,2,194,194
cars_train:04535.jpg,3,134,134
cars_train:04536.jpg,0,116,116
cars_train:04537.jpg,1,13,18
cars_train:04538.jpg,2,193,193
cars_train:04539.jpg,2,71,71
cars_train:04540.jpg,0,143,143
cars_train:04541.jpg,2,95,95
cars_train:04542.jpg,1,170,170
cars_train:04543.jpg,0,95,95
cars_train:04544.jpg,4,0,0
cars_train:04545.jpg,3,101,101
cars_train:04546.jpg,2,191,191
cars_train:04547.jpg,2,29,25
cars_train:04548.jpg,3,26,26
cars_train:04549.jpg,4,16,16
cars_train:04550.jpg,1,50,50
cars_train:04551.jpg,0,27,27
cars_train:04552.jpg,1,9,9
cars_train:04553.jpg,2,47,47
cars_train:04554.jpg,4,154,154
cars_train:04555.jpg,3,186,186
cars_train:04556.jpg,0,47,47
cars_train:04557.jpg,0,141,141
cars_train:04558.jpg,1,118,118
cars_train:04559.jpg,2,118,118
cars_train:04560.jpg,1,58,58
cars_train:04561.jpg,2,128,128
cars_train:04562.jpg,4,179,179
cars_train:04563.jpg,3,124,124
cars_train:04564.jpg,2,117,117
cars_train:04565.jpg,1,65,65
cars_train:04566.jpg,4,53,53
cars_train:04567.jpg,1,17,17
cars_train:04568.jpg,2,176,176
cars_train:04569.jpg,1,176,176
cars_train:04570.jpg,0,166,166
cars_train:04571.jpg,1,116,116
cars_train:04572.jpg,2,81,81
cars_train:04573.jpg,4,185,185
cars_train:04574.jpg,1,121,121
cars_train:04575.jpg,1,104,104
cars_train:04576.jpg,0,38,38
cars_train:04577.jpg,3,178,178
cars_train:04578.jpg,3,0,0
cars_train:04579.jpg,2,126,126
cars_train:04580.jpg,4,23,23
cars_train:04581.jpg,0,19,19
cars_train:04582.jpg,2,182,182
cars_train:04583.jpg,4,184,184
cars_train:04584.jpg,4,30,30
cars_train:04585.jpg,0,112,112
cars_train:04586.jpg,4,114,114
cars_train:04587.jpg,0,182,182
cars_train:04588.jpg,3,2,2
cars_train:04589.jpg,1,60,60
cars_train:04590.jpg,3,61,61
cars_train:04591.jpg,0,66,66
cars_train:04592.jpg,4,92,92
cars_train:04593.jpg,3,136,136
cars_train:04594.jpg,3,33,33
cars_train:04595.jpg,3,13,24
cars_train:04596.jpg,4,65,65
cars_train:04597.jpg,0,105,105
cars_train:04598.jpg,2,89,89
cars_train:04599.jpg,1,129,129
cars_train:04600.jpg,2,189,189
cars_train:04601.jpg,4,20,20
cars_train:04602.jpg,4,80,80
cars_train:04603.jpg,0,165,165
cars_train:04604.jpg,2,129,129
cars_train:04605.jpg,0,128,128
cars_train:04606.jpg,3,65,65
cars_train:04607.jpg,4,105,105
cars_train:04608.jpg,1,6,6
cars_train:04609.jpg,4,160,160
cars_train:04610.jpg,0,69,69
cars_train:04611.jpg,1,10,10
cars_train:04612.jpg,4,104,104
cars_train:04613.jpg,3,41,42
cars_train:04614.jpg,0,194,194
cars_train:04615.jpg,1,93,93
cars_train:04616.jpg,4,91,91
cars_train:04617.jpg,2,111,111
cars_train:04618.jpg,2,113,113
cars_train:04619.jpg,1,50,50
cars_train:04620.jpg,2,80,80
cars_train:04621.jpg,2,137,137
cars_train:04622.jpg,0,73,73
cars_train:04623.jpg,2,155,155
cars_train:04624.jpg,0,70,70
cars_train:04625.jpg,3,69,69
cars_train:04626.jpg,2,66,66
cars_train:04627.jpg,4,151,151
cars_train:04628.jpg,1,172,172
cars_train:04629.jpg,4,65,65
cars_train:04630.jpg,4,33,33
cars_train:04631.jpg,1,6,6
cars_train:04632.jpg,2,180,180
cars_train:04633.jpg,1,135,135
cars_train:04634.jpg,0,102,102
cars_train:04635.jpg,2,177,177
cars_train:04636.jpg,2,161,161
cars_train:04637.jpg,0,183,183
cars_train:04638.jpg,2,74,74
cars_train:04639.jpg,1,16,15
cars_train:04640.jpg,4,189,189
cars_train:04641.jpg,2,185,67
cars_train:04642.jpg,0,49,49
cars_train:04643.jpg,3,80,80
cars_train:04644.jpg,4,26,30
cars_train:04645.jpg,1,167,167
cars_train:04646.jpg,2,149,149
cars_train:04647.jpg,0,118,118
cars_train:04648.jpg,1,113,113
cars_train:04649.jpg,0,171,171
cars_train:04650.jpg,0,21,21
cars_train:04651.jpg,2,4,4
cars_train:04652.jpg,1,10,10
cars_train:04653.jpg,4,64,64
cars_train:04654.jpg,4,146,146
cars_train:04655.jpg,1,183,183
cars_train:04656.jpg,4,145,145
cars_train:04657.jpg,4,64,64
cars_train:04658.jpg,3,46,46
cars_train:04659.jpg,2,168,168
cars_train:04660.jpg,1,163,163
cars_train:04661.jpg,0,190,190
cars_train:04662.jpg,1,127,127
cars_train:04663.jpg,0,169,169
cars_train:04664.jpg,3,99,99
cars_train:04665.jpg,0,175,176
cars_train:04666.jpg,1,117,117
cars_train:04667.jpg,1,122,122
cars_train:04668.jpg,0,52,52
cars_train:04669.jpg,2,0,0
cars_train:04670.jpg,1,107,107
cars_train:04671.jpg,0,13,13
cars_train:04672.jpg,1,147,147
cars_train:04673.jpg,2,24,24
cars_train:04674.jpg,2,156,156
cars_train:04675.jpg,4,162,162
cars_train:04676.jpg,0,21,20
cars_train:04677.jpg,0,106,106
cars_train:04678.jpg,3,69,69
cars_train:04679.jpg,3,48,48
cars_train:04680.jpg,3,142,142
cars_train:04681.jpg,4,47,47
cars_train:04682.jpg,0,137,137
cars_train:04683.jpg,1,139,139
cars_train:04684.jpg,1,130,130
cars_train:04685.jpg,2,71,71
cars_train:04686.jpg,2,151,151
cars_train:04687.jpg,2,102,102
cars_train:04688.jpg,0,75,75
cars_train:04689.jpg,0,20,20
cars_train:04690.jpg,2,40,40
cars_train:04691.jpg,2,5,5
cars_train:04692.jpg,3,108,108
cars_train:04693.jpg,3,35,35
cars_train:04694.jpg,0,158,158
cars_train:04695.jpg,1,80,80
cars_train:04696.jpg,3,19,19
cars_train:04697.jpg,4,104,104
cars_train:04698.jpg,4,176,175
cars_train:04699.jpg,3,112,112
cars_train:04700.jpg,0,93,93
cars_train:04701.jpg,0,97,97
cars_train:04702.jpg,1,18,18
cars_train:04703.jpg,4,53,73
cars_train:04704.jpg,1,170,170
cars_train:04705.jpg,0,119,119
cars_train:04706.jpg,0,29,29
cars_train:04707.jpg,3,67,67
cars_train:04708.jpg,2,103,103
cars_train:04709.jpg,1,134,134
cars_train:04710.jpg,0,167,167
cars_train:04711.jpg,3,74,74
cars_train:04712.jpg,1,179,179
cars_train:04713.jpg,4,64,68
cars_train:04714.jpg,2,36,36
cars_train:04715.jpg,3,125,125
cars_train:04716.jpg,4,123,123
cars_train:04717.jpg,3,127,127
cars_train:04718.jpg,3,72,72
cars_train:04719.jpg,0,31,31
cars_train:04720.jpg,3,125,125
cars_train:04721.jpg,1,73,73
cars_train:04722.jpg,0,114,114
cars_train:04723.jpg,2,62,62
cars_train:04724.jpg,1,8,8
cars_train:04725.jpg,1,8,9
cars_train:04726.jpg,0,186,186
cars_train:04727.jpg,3,34,34
cars_train:04728.jpg,4,87,87
cars_train:04729.jpg,0,37,37
cars_train:04730.jpg,2,168,168
cars_train:04731.jpg,4,119,119
cars_train:04732.jpg,3,125,125
cars_train:04733.jpg,2,19,19
cars_train:04734.jpg,1,168,168
cars_train:04735.jpg,0,153,153
cars_train:04736.jpg,3,31,31
cars_train:04737.jpg,0,31,31
cars_train:04738.jpg,0,62,62
cars_train:04739.jpg,3,150,150
cars_train:04740.jpg,2,130,130
cars_train:04741.jpg,2,45,45
cars_train:04742.jpg,0,34,34
cars_train:04743.jpg,3,103,103
cars_train:04744.jpg,2,17,17
cars_train:04745.jpg,0,156,156
cars_train:04746.jpg,4,39,39
cars_train:04747.jpg,0,38,38
cars_train:04748.jpg,3,124,124
cars_train:04749.jpg,3,119,119
cars_train:04750.jpg,4,8,8
cars_train:04751.jpg,2,143,143
cars_train:04752.jpg,4,99,99
cars_train:04753.jpg,4,13,18
cars_train:04754.jpg,1,191,191
cars_train:04755.jpg,0,164,164
cars_train:04756.jpg,1,127,127
cars_train:04757.jpg,3,51,51
cars_train:04758.jpg,3,16,15
cars_train:04759.jpg,1,116,116
cars_train:04760.jpg,2,33,33
cars_train:04761.jpg,3,58,58
cars_train:04762.jpg,1,181,181
cars_train:04763.jpg,2,146,144
cars_train:04764.jpg,0,128,128
cars_train:04765.jpg,2,151,151
cars_train:04766.jpg,0,166,166
cars_train:04767.jpg,4,47,47
cars_train:04768.jpg,3,62,181
cars_train:04769.jpg,2,29,189
cars_train:04770.jpg,2,99,99
cars_train:04771.jpg,1,40,40
cars_train:04772.jpg,3,75,75
cars_train:04773.jpg,4,166,166
cars_train:04774.jpg,4,53,53
cars_train:04775.jpg,4,172,172
cars_train:04776.jpg,0,95,95
cars_train:04777.jpg,2,33,33
cars_train:04778.jpg,2,30,30
cars_train:04779.jpg,2,38,38
cars_train:04780.jpg,4,191,191
cars_train:04781.jpg,0,156,156
cars_train:04782.jpg,2,37,37
cars_train:04783.jpg,0,40,40
cars_train:04784.jpg,2,94,94
cars_train:04785.jpg,1,113,113
cars_train:04786.jpg,2,78,78
cars_train:04787.jpg,1,174,174
cars_train:04788.jpg,4,131,131
cars_train:04789.jpg,1,102,103
cars_train:04790.jpg,0,118,118
cars_train:04791.jpg,1,152,152
cars_train:04792.jpg,1,30,30
cars_train:04793.jpg,4,84,84
cars_train:04794.jpg,2,46,46
cars_train:04795.jpg,2,161,161
cars_train:04796.jpg,1,106,106
cars_train:04797.jpg,4,79,79
cars_train:04798.jpg,1,114,114
cars_train:04799.jpg,4,68,69
cars_train:04800.jpg,1,123,123
cars_train:04801.jpg,0,188,188
cars_train:04802.jpg,2,19,19
cars_train:04803.jpg,1,32,32
cars_train:04804.jpg,2,109,109
cars_train:04805.jpg,2,149,149
cars_train:04806.jpg,3,28,25
cars_train:04807.jpg,0,139,139
cars_train:04808.jpg,1,158,158
cars_train:04809.jpg,4,182,182
cars_train:04810.jpg,3,28,25
cars_train:04811.jpg,4,172,172
cars_train:04812.jpg,2,43,43
cars_train:04813.jpg,0,143,143
cars_train:04814.jpg,2,35,35
cars_train:04815.jpg,0,133,133
cars_train:04816.jpg,1,2,2
cars_train:04817.jpg,1,49,49
cars_train:04818.jpg,1,11,11
cars_train:04819.jpg,3,21,21
cars_train:04820.jpg,1,137,137
cars_train:04821.jpg,3,61,61
cars_train:04822.jpg,2,24,24
cars_train:04823.jpg,1,155,155
cars_train:04824.jpg,2,161,161
cars_train:04825.jpg,0,6,6
cars_train:04826.jpg,4,152,152
cars_train:04827.jpg,4,0,0
cars_train:04828.jpg,3,109,109
cars_train:04829.jpg,1,110,110
cars_train:04830.jpg,4,39,39
cars_train:04831.jpg,4,83,83
cars_train:04832.jpg,1,27,27
cars_train:04833.jpg,1,5,5
cars_train:04834.jpg,4,155,155
cars_train:04835.jpg,4,94,94
cars_train:04836.jpg,3,161,161
cars_train:04837.jpg,1,90,90
cars_train:04838.jpg,1,106,106
cars_train:04839.jpg,3,14,14
cars_train:04840.jpg,4,33,24
cars_train:04841.jpg,0,23,23
cars_train:04842.jpg,0,115,115
cars_train:04843.jpg,3,128,128
cars_train:04844.jpg,3,102,102
cars_train:04845.jpg,2,69,69
cars_train:04846.jpg,2,154,154
cars_train:04847.jpg,0,84,84
cars_train:04848.jpg,4,15,16
cars_train:04849.jpg,0,176,176
cars_train:04850.jpg,4,132,132
cars_train:04851.jpg,1,134,134
cars_train:04852.jpg,4,177,177
cars_train:04853.jpg,2,169,169
cars_train:04854.jpg,2,101,101
cars_train:04855.jpg,2,138,138
cars_train:04856.jpg,0,141,141
cars_train:04857.jpg,0,10,10
cars_train:04858.jpg,3,76,76
cars_train:04859.jpg,4,173,173
cars_train:04860.jpg,0,181,181
cars_train:04861.jpg,0,181,181
cars_train:04862.jpg,2,123,123
cars_train:04863.jpg,2,113,113
cars_train:04864.jpg,0,105,115
cars_train:04865.jpg,3,27,27
cars_train:04866.jpg,2,158,158
cars_train:04867.jpg,1,156,156
cars_train:04868.jpg,1,160,160
cars_train:04869.jpg,0,167,167
cars_train:04870.jpg,2,46,46
cars_train:04871.jpg,4,179,179
cars_train:04872.jpg,3,98,98
cars_train:04873.jpg,2,165,165
cars_train:04874.jpg,3,0,0
cars_train:04875.jpg,4,56,56
cars_train:04876.jpg,0,195,195
cars_train:04877.jpg,2,133,133
cars_train:04878.jpg,0,95,95
cars_train:04879.jpg,3,66,46
cars_train:04880.jpg,0,186,186
cars_train:04881.jpg,4,117,117
cars_train:04882.jpg,1,103,103
cars_train:04883.jpg,4,18,24
cars_train:04884.jpg,1,7,7
cars_train:04885.jpg,3,24,24
cars_train:04886.jpg,4,43,43
cars_train:04887.jpg,1,39,39
cars_train:04888.jpg,0,89,89
cars_train:04889.jpg,1,93,93
cars_train:04890.jpg,3,94,94
cars_train:04891.jpg,4,71,71
cars_train:04892.jpg,1,1,1
cars_train:04893.jpg,2,15,15
cars_train:04894.jpg,0,107,107
cars_train:04895.jpg,1,131,131
cars_train:04896.jpg,1,55,56
cars_train:04897.jpg,0,183,183
cars_train:04898.jpg,3,73,73
cars_train:04899.jpg,2,64,64
cars_train:04900.jpg,4,51,51
cars_train:04901.jpg,1,143,143
cars_train:04902.jpg,4,97,97
cars_train:04903.jpg,2,84,84
cars_train:04904.jpg,1,157,157
cars_train:04905.jpg,4,184,184
cars_train:04906.jpg,0,101,101
cars_train:04907.jpg,3,133,133
cars_train:04908.jpg,4,157,157
cars_train:04909.jpg,1,166,166
cars_train:04910.jpg,4,103,103
cars_train:04911.jpg,1,109,192
cars_train:04912.jpg,0,186,186
cars_train:04913.jpg,3,164,164
cars_train:04914.jpg,4,96,96
cars_train:04915.jpg,2,33,28
cars_train:04916.jpg,4,106,106
cars_train:04917.jpg,2,106,106
cars_train:04918.jpg,3,12,12
cars_train:04919.jpg,0,88,88
cars_train:04920.jpg,0,164,164
cars_train:04921.jpg,0,163,163
cars_train:04922.jpg,1,146,144
cars_train:04923.jpg,3,15,15
cars_train:04924.jpg,1,42,42
cars_train:04925.jpg,0,110,110
cars_train:04926.jpg,0,143,143
cars_train:04927.jpg,2,37,37
cars_train:04928.jpg,0,112,112
cars_train:04929.jpg,4,41,41
cars_train:04930.jpg,1,136,136
cars_train:04931.jpg,2,15,15
cars_train:04932.jpg,1,139,139
cars_train:04933.jpg,0,180,180
cars_train:04934.jpg,0,168,168
cars_train:04935.jpg,3,156,156
cars_train:04936.jpg,4,71,71
cars_train:04937.jpg,2,138,138
cars_train:04938.jpg,4,85,85
cars_train:04939.jpg,4,104,104
cars_train:04940.jpg,2,22,22
cars_train:04941.jpg,3,160,160
cars_train:04942.jpg,4,7,7
cars_train:04943.jpg,2,71,71
cars_train:04944.jpg,3,18,24
cars_train:04945.jpg,1,33,33
cars_train:04946.jpg,2,26,26
cars_train:04947.jpg,0,109,109
cars_train:04948.jpg,1,95,95
cars_train:04949.jpg,1,16,15
cars_train:04950.jpg,2,86,86
cars_train:04951.jpg,2,43,43
cars_train:04952.jpg,4,151,151
cars_train:04953.jpg,1,97,97
cars_train:04954.jpg,3,54,54
cars_train:04955.jpg,4,175,175
cars_train:04956.jpg,4,14,14
cars_train:04957.jpg,4,26,27
cars_train:04958.jpg,3,176,176
cars_train:04959.jpg,2,189,189
cars_train:04960.jpg,4,128,128
cars_train:04961.jpg,3,153,153
cars_train:04962.jpg,3,152,159
cars_train:04963.jpg,4,178,178
cars_train:04964.jpg,1,130,130
cars_train:04965.jpg,0,177,177
cars_train:04966.jpg,2,30,30
cars_train:04967.jpg,0,81,81
cars_train:04968.jpg,2,158,158
cars_train:04969.jpg,0,158,158
cars_train:04970.jpg,1,195,195
cars_train:04971.jpg,3,170,170
cars_train:04972.jpg,1,37,37
cars_train:04973.jpg,2,36,36
cars_train:04974.jpg,1,130,130
cars_train:04975.jpg,0,37,37
cars_train:04976.jpg,3,192,192
cars_train:04977.jpg,3,126,126
cars_train:04978.jpg,2,34,34
cars_train:04979.jpg,4,54,54
cars_train:04980.jpg,1,126,126
cars_train:04981.jpg,2,144,144
cars_train:04982.jpg,1,192,192
cars_train:04983.jpg,0,150,150
cars_train:04984.jpg,2,128,127
cars_train:04985.jpg,2,116,116
cars_train:04986.jpg,0,119,119
cars_train:04987.jpg,0,130,130
cars_train:04988.jpg,4,101,101
cars_train:04989.jpg,1,43,43
cars_train:04990.jpg,0,159,159
cars_train:04991.jpg,2,122,122
cars_train:04992.jpg,3,117,117
cars_train:04993.jpg,0,74,68
cars_train:04994.jpg,1,104,104
cars_train:04995.jpg,3,127,127
cars_train:04996.jpg,3,123,123
cars_train:04997.jpg,3,130,130
cars_train:04998.jpg,3,29,29
cars_train:04999.jpg,0,110,110
cars_train:05000.jpg,3,71,71
cars_train:05001.jpg,3,178,178
cars_train:05002.jpg,0,11,11
cars_train:05003.jpg,4,89,89
cars_train:05004.jpg,3,85,85
cars_train:05005.jpg,1,114,114
cars_train:05006.jpg,1,36,36
cars_train:05007.jpg,0,19,19
cars_train:05008.jpg,2,72,72
cars_train:05009.jpg,0,44,44
cars_train:05010.jpg,0,102,102
cars_train:05011.jpg,3,33,50
cars_train:05012.jpg,1,194,194
cars_train:05013.jpg,1,60,60
cars_train:05014.jpg,0,155,155
cars_train:05015.jpg,1,78,78
cars_train:05016.jpg,4,45,45
cars_train:05017.jpg,1,115,115
cars_train:05018.jpg,1,180,180
cars_train:05019.jpg,1,139,139
cars_train:05020.jpg,4,70,63
cars_train:05021.jpg,2,159,159
cars_train:05022.jpg,4,144,144
cars_train:05023.jpg,1,9,9
cars_train:05024.jpg,1,185,185
cars_train:05025.jpg,4,120,120
cars_train:05026.jpg,2,136,136
cars_train:05027.jpg,3,189,189
cars_train:05028.jpg,2,27,27
cars_train:05029.jpg,0,39,39
cars_train:05030.jpg,0,0,0
cars_train:05031.jpg,3,164,164
cars_train:05032.jpg,1,70,118
cars_train:05033.jpg,1,51,51
cars_train:05034.jpg,2,66,66
cars_train:05035.jpg,2,118,118
cars_train:05036.jpg,1,163,163
cars_train:05037.jpg,2,129,129
cars_train:05038.jpg,4,113,113
cars_train:05039.jpg,4,177,177
cars_train:05040.jpg,0,24,24
cars_train:05041.jpg,1,87,87
cars_train:05042.jpg,0,5,5
cars_train:05043.jpg,2,189,189
cars_train:05044.jpg,1,130,130
cars_train:05045.jpg,3,191,191
cars_train:05046.jpg,0,89,90
cars_train:05047.jpg,3,154,154
cars_train:05048.jpg,1,9,9
cars_train:05049.jpg,2,45,45
cars_train:05050.jpg,3,22,22
cars_train:05051.jpg,4,99,99
cars_train:05052.jpg,3,2,2
cars_train:05053.jpg,1,179,179
cars_train:05054.jpg,4,51,51
cars_train:05055.jpg,0,164,164
cars_train:05056.jpg,2,96,96
cars_train:05057.jpg,3,3,3
cars_train:05058.jpg,0,32,32
cars_train:05059.jpg,3,103,102
cars_train:05060.jpg,2,131,131
cars_train:05061.jpg,2,97,97
cars_train:05062.jpg,0,105,105
cars_train:05063.jpg,4,12,12
cars_train:05064.jpg,2,114,114
cars_train:05065.jpg,3,114,114
cars_train:05066.jpg,0,41,41
cars_train:05067.jpg,1,18,18
cars_train:05068.jpg,2,42,42
cars_train:05069.jpg,4,37,37
cars_train:05070.jpg,4,76,76
cars_train:05071.jpg,0,51,51
cars_train:05072.jpg,4,37,37
cars_train:05073.jpg,2,102,102
cars_train:05074.jpg,2,77,77
cars_train:05075.jpg,4,24,24
cars_train:05076.jpg,3,150,150
cars_train:05077.jpg,0,6,6
cars_train:05078.jpg,0,102,102
cars_train:05079.jpg,3,158,158
cars_train:05080.jpg,1,78,78
cars_train:05081.jpg,2,50,50
cars_train:05082.jpg,4,65,65
cars_train:05083.jpg,2,12,12
cars_train:05084.jpg,4,97,97
cars_train:05085.jpg,0,22,22
cars_train:05086.jpg,4,14,14
cars_train:05087.jpg,3,34,34
cars_train:05088.jpg,1,177,177
cars_train:05089.jpg,0,178,178
cars_train:05090.jpg,3,25,25
cars_train:05091.jpg,4,114,114
cars_train:05092.jpg,3,112,112
cars_train:05093.jpg,2,138,138
cars_train:05094.jpg,3,37,37
cars_train:05095.jpg,3,41,41
cars_train:05096.jpg,1,152,152
cars_train:05097.jpg,4,159,159
cars_train:05098.jpg,0,145,145
cars_train:05099.jpg,2,106,106
cars_train:05100.jpg,2,119,119
cars_train:05101.jpg,2,163,163
cars_train:05102.jpg,1,84,84
cars_train:05103.jpg,1,93,93
cars_train:05104.jpg,3,144,144
cars_train:05105.jpg,0,29,29
cars_train:05106.jpg,2,124,124
cars_train:05107.jpg,2,151,149
cars_train:05108.jpg,3,107,107
cars_train:05109.jpg,0,182,182
cars_train:05110.jpg,0,148,148
cars_train:05111.jpg,3,92,92
cars_train:05112.jpg,2,65,65
cars_train:05113.jpg,0,105,105
cars_train:05114.jpg,0,20,20
cars_train:05115.jpg,4,112,112
cars_train:05116.jpg,2,13,18
cars_train:05117.jpg,3,186,186
cars_train:05118.jpg,4,79,79
cars_train:05119.jpg,2,195,195
cars_train:05120.jpg,1,193,193
cars_train:05121.jpg,0,123,123
cars_train:05122.jpg,2,19,19
cars_train:05123.jpg,0,95,95
cars_train:05124.jpg,0,49,49
cars_train:05125.jpg,0,3,3
cars_train:05126.jpg,0,151,151
cars_train:05127.jpg,2,187,187
cars_train:05128.jpg,3,4,4
cars_train:05129.jpg,1,21,22
cars_train:05130.jpg,3,85,85
cars_train:05131.jpg,3,154,154
cars_train:05132.jpg,1,31,31
cars_train:05133.jpg,0,156,156
cars_train:05134.jpg,1,138,138
cars_train:05135.jpg,1,107,107
cars_train:05136.jpg,0,104,104
cars_train:05137.jpg,0,132,132
cars_train:05138.jpg,1,14,14
cars_train:05139.jpg,4,153,153
cars_train:05140.jpg,2,57,57
cars_train:05141.jpg,1,62,62
cars_train:05142.jpg,1,91,91
cars_train:05143.jpg,4,9,9
cars_train:05144.jpg,3,20,20
cars_train:05145.jpg,3,43,43
cars_train:05146.jpg,1,24,24
cars_train:05147.jpg,2,170,170
cars_train:05148.jpg,0,12,12
cars_train:05149.jpg,1,148,148
cars_train:05150.jpg,3,20,20
cars_train:05151.jpg,1,119,119
cars_train:05152.jpg,3,58,58
cars_train:05153.jpg,0,143,143
cars_train:05154.jpg,1,148,148
cars_train:05155.jpg,3,119,119
cars_train:05156.jpg,3,30,30
cars_train:05157.jpg,2,150,150
cars_train:05158.jpg,2,38,38
cars_train:05159.jpg,1,113,113
cars_train:05160.jpg,0,106,106
cars_train:05161.jpg,4,130,130
cars_train:05162.jpg,4,19,19
cars_train:05163.jpg,0,37,37
cars_train:05164.jpg,2,181,181
cars_train:05165.jpg,0,171,171
cars_train:05166.jpg,3,121,121
cars_train:05167.jpg,3,173,173
cars_train:05168.jpg,0,67,67
cars_train:05169.jpg,0,193,193
cars_train:05170.jpg,4,103,103
cars_train:05171.jpg,0,194,194
cars_train:05172.jpg,4,176,43
cars_train:05173.jpg,0,34,161
cars_train:05174.jpg,4,69,69
cars_train:05175.jpg,1,186,186
cars_train:05176.jpg,4,61,61
cars_train:05177.jpg,4,16,16
cars_train:05178.jpg,4,78,78
cars_train:05179.jpg,4,60,60
cars_train:05180.jpg,4,178,178
cars_train:05181.jpg,2,16,16
cars_train:05182.jpg,4,104,104
cars_train:05183.jpg,3,24,24
cars_train:05184.jpg,3,82,83
cars_train:05185.jpg,4,111,111
cars_train:05186.jpg,1,113,113
cars_train:05187.jpg,1,105,105
cars_train:05188.jpg,1,110,110
cars_train:05189.jpg,3,145,145
cars_train:05190.jpg,2,92,92
cars_train:05191.jpg,2,58,58
cars_train:05192.jpg,3,52,52
cars_train:05193.jpg,4,141,141
cars_train:05194.jpg,1,94,94
cars_train:05195.jpg,0,169,169
cars_train:05196.jpg,4,110,110
cars_train:05197.jpg,3,6,6
cars_train:05198.jpg,3,139,139
cars_train:05199.jpg,4,118,118
cars_train:05200.jpg,4,137,137
cars_train:05201.jpg,0,96,96
cars_train:05202.jpg,2,176,176
cars_train:05203.jpg,1,44,44
cars_train:05204.jpg,3,156,156
cars_train:05205.jpg,2,123,123
cars_train:05206.jpg,2,171,170
cars_train:05207.jpg,0,125,125
cars_train:05208.jpg,1,54,54
cars_train:05209.jpg,2,91,91
cars_train:05210.jpg,4,160,160
cars_train:05211.jpg,2,179,179
cars_train:05212.jpg,2,19,19
cars_train:05213.jpg,2,74,74
cars_train:05214.jpg,2,78,78
cars_train:05215.jpg,1,182,182
cars_train:05216.jpg,3,62,62
cars_train:05217.jpg,2,147,147
cars_train:05218.jpg,2,59,59
cars_train:05219.jpg,4,169,169
cars_train:05220.jpg,2,129,129
cars_train:05221.jpg,4,68,68
cars_train:05222.jpg,0,68,68
cars_train:05223.jpg,4,112,112
cars_train:05224.jpg,3,0,0
cars_train:05225.jpg,2,177,177
cars_train:05226.jpg,4,24,24
cars_train:05227.jpg,4,93,147
cars_train:05228.jpg,2,95,95
cars_train:05229.jpg,0,108,142
cars_train:05230.jpg,4,156,156
cars_train:05231.jpg,2,68,68
cars_train:05232.jpg,0,191,191
cars_train:05233.jpg,2,143,143
cars_train:05234.jpg,0,182,182
cars_train:05235.jpg,3,72,72
cars_train:05236.jpg,2,100,100
cars_train:05237.jpg,4,194,194
cars_train:05238.jpg,4,140,140
cars_train:05239.jpg,4,99,99
cars_train:05240.jpg,0,86,86
cars_train:05241.jpg,2,181,181
cars_train:05242.jpg,4,124,124
cars_train:05243.jpg,2,87,87
cars_train:05244.jpg,1,126,126
cars_train:05245.jpg,2,195,195
cars_train:05246.jpg,2,109,109
cars_train:05247.jpg,4,178,179
cars_train:05248.jpg,3,132,132
cars_train:05249.jpg,0,54,54
cars_train:05250.jpg,4,108,108
cars_train:05251.jpg,2,189,189
cars_train:05252.jpg,2,94,94
cars_train:05253.jpg,0,94,94
cars_train:05254.jpg,4,122,122
cars_train:05255.jpg,2,28,28
cars_train:05256.jpg,0,194,194
cars_train:05257.jpg,4,100,100
cars_train:05258.jpg,3,37,37
cars_train:05259.jpg,0,1,1
cars_train:05260.jpg,4,175,175
cars_train:05261.jpg,0,1,2
cars_train:05262.jpg,4,59,59
cars_train:05263.jpg,3,11,20
cars_train:05264.jpg,2,152,152
cars_train:05265.jpg,0,13,13
cars_train:05266.jpg,3,13,24
cars_train:05267.jpg,1,64,64
cars_train:05268.jpg,2,22,22
cars_train:05269.jpg,0,68,68
cars_train:05270.jpg,1,186,186
cars_train:05271.jpg,0,17,17
cars_train:05272.jpg,1,20,20
cars_train:05273.jpg,1,32,32
cars_train:05274.jpg,4,60,60
cars_train:05275.jpg,0,34,34
cars_train:05276.jpg,1,153,153
cars_train:05277.jpg,0,154,154
cars_train:05278.jpg,2,38,42
cars_train:05279.jpg,1,141,141
cars_train:05280.jpg,3,14,14
cars_train:05281.jpg,4,2,2
cars_train:05282.jpg,1,181,181
cars_train:05283.jpg,2,166,166
cars_train:05284.jpg,0,117,117
cars_train:05285.jpg,4,186,186
cars_train:05286.jpg,0,146,146
cars_train:05287.jpg,3,151,106
cars_train:05288.jpg,0,175,175
cars_train:05289.jpg,4,103,103
cars_train:05290.jpg,1,34,34
cars_train:05291.jpg,1,88,88
cars_train:05292.jpg,4,193,193
cars_train:05293.jpg,0,137,137
cars_train:05294.jpg,0,149,149
cars_train:05295.jpg,2,1,1
cars_train:05296.jpg,0,135,135
cars_train:05297.jpg,3,144,144
cars_train:05298.jpg,2,101,101
cars_train:05299.jpg,2,136,136
cars_train:05300.jpg,4,170,170
cars_train:05301.jpg,4,96,92
cars_train:05302.jpg,3,150,150
cars_train:05303.jpg,1,103,103
cars_train:05304.jpg,0,7,7
cars_train:05305.jpg,4,74,74
cars_train:05306.jpg,4,8,8
cars_train:05307.jpg,0,3,3
cars_train:05308.jpg,3,127,127
cars_train:05309.jpg,1,64,64
cars_train:05310.jpg,1,38,38
cars_train:05311.jpg,4,143,143
cars_train:05312.jpg,4,44,44
cars_train:05313.jpg,4,111,111
cars_train:05314.jpg,2,32,32
cars_train:05315.jpg,2,12,12
cars_train:05316.jpg,0,157,157
cars_train:05317.jpg,4,67,67
cars_train:05318.jpg,2,118,118
cars_train:05319.jpg,0,117,117
cars_train:05320.jpg,4,183,183
cars_train:05321.jpg,1,162,162
cars_train:05322.jpg,1,187,187
cars_train:05323.jpg,3,116,116
cars_train:05324.jpg,3,3,3
cars_train:05325.jpg,1,168,168
cars_train:05326.jpg,0,16,16
cars_train:05327.jpg,4,184,184
cars_train:05328.jpg,4,62,62
cars_train:05329.jpg,3,38,38
cars_train:05330.jpg,0,25,25
cars_train:05331.jpg,4,168,168
cars_train:05332.jpg,3,53,68
cars_train:05333.jpg,4,2,2
cars_train:05334.jpg,0,70,63
cars_train:05335.jpg,1,80,80
cars_train:05336.jpg,1,175,175
cars_train:05337.jpg,2,37,37
cars_train:05338.jpg,2,60,60
cars_train:05339.jpg,2,125,125
cars_train:05340.jpg,4,58,58
cars_train:05341.jpg,1,39,39
cars_train:05342.jpg,1,87,87
cars_train:05343.jpg,0,126,126
cars_train:05344.jpg,3,28,28
cars_train:05345.jpg,2,101,101
cars_train:05346.jpg,4,38,38
cars_train:05347.jpg,1,2,2
cars_train:05348.jpg,4,90,90
cars_train:05349.jpg,1,6,6
cars_train:05350.jpg,4,173,173
cars_train:05351.jpg,1,44,44
cars_train:05352.jpg,0,131,131
cars_train:05353.jpg,0,12,21
cars_train:05354.jpg,4,171,171
cars_train:05355.jpg,1,168,168
cars_train:05356.jpg,0,138,138
cars_train:05357.jpg,3,118,118
cars_train:05358.jpg,4,119,119
cars_train:05359.jpg,3,18,13
cars_train:05360.jpg,4,102,102
cars_train:05361.jpg,2,187,187
cars_train:05362.jpg,1,116,116
cars_train:05363.jpg,1,115,115
cars_train:05364.jpg,3,171,171
cars_train:05365.jpg,0,153,153
cars_train:05366.jpg,1,9,9
cars_train:05367.jpg,1,192,192
cars_train:05368.jpg,1,64,64
cars_train:05369.jpg,3,112,112
cars_train:05370.jpg,3,53,53
cars_train:05371.jpg,2,161,161
cars_train:05372.jpg,0,126,126
cars_train:05373.jpg,3,7,7
cars_train:05374.jpg,0,46,46
cars_train:05375.jpg,1,119,119
cars_train:05376.jpg,0,193,193
cars_train:05377.jpg,0,114,114
cars_train:05378.jpg,2,72,72
cars_train:05379.jpg,1,34,34
cars_train:05380.jpg,0,52,52
cars_train:05381.jpg,1,124,124
cars_train:05382.jpg,4,8,8
cars_train:05383.jpg,1,118,118
cars_train:05384.jpg,4,91,91
cars_train:05385.jpg,1,191,191
cars_train:05386.jpg,3,6,6
cars_train:05387.jpg,1,186,186
cars_train:05388.jpg,1,169,169
cars_train:05389.jpg,4,170,170
cars_train:05390.jpg,1,112,112
cars_train:05391.jpg,1,126,126
cars_train:05392.jpg,0,18,18
cars_train:05393.jpg,2,176,176
cars_train:05394.jpg,4,195,195
cars_train:05395.jpg,0,28,28
cars_train:05396.jpg,2,49,49
cars_train:05397.jpg,1,150,150
cars_train:05398.jpg,2,103,103
cars_train:05399.jpg,3,165,165
cars_train:05400.jpg,1,130,130
cars_train:05401.jpg,1,115,115
cars_train:05402.jpg,3,36,36
cars_train:05403.jpg,3,92,92
cars_train:05404.jpg,2,27,26
cars_train:05405.jpg,1,3,3
cars_train:05406.jpg,1,128,128
cars_train:05407.jpg,0,155,155
cars_train:05408.jpg,2,18,21
cars_train:05409.jpg,2,157,157
cars_train:05410.jpg,3,187,187
cars_train:05411.jpg,2,127,48
cars_train:05412.jpg,4,82,82
cars_train:05413.jpg,3,22,22
cars_train:05414.jpg,2,167,167
cars_train:05415.jpg,3,111,111
cars_train:05416.jpg,4,74,68
cars_train:05417.jpg,4,188,188
cars_train:05418.jpg,1,173,173
cars_train:05419.jpg,4,98,98
cars_train:05420.jpg,2,184,184
cars_train:05421.jpg,2,50,50
cars_train:05422.jpg,4,183,183
cars_train:05423.jpg,0,100,100
cars_train:05424.jpg,0,104,104
cars_train:05425.jpg,1,24,24
cars_train:05426.jpg,4,21,12
cars_train:05427.jpg,1,99,99
cars_train:05428.jpg,0,114,114
cars_train:05429.jpg,3,23,23
cars_train:05430.jpg,3,162,162
cars_train:05431.jpg,0,95,95
cars_train:05432.jpg,3,64,64
cars_train:05433.jpg,1,108,108
cars_train:05434.jpg,2,2,2
cars_train:05435.jpg,0,18,13
cars_train:05436.jpg,4,54,54
cars_train:05437.jpg,4,60,60
cars_train:05438.jpg,1,192,192
cars_train:05439.jpg,0,67,67
cars_train:05440.jpg,4,178,150
cars_train:05441.jpg,0,174,174
cars_train:05442.jpg,3,44,45
cars_train:05443.jpg,2,32,32
cars_train:05444.jpg,3,118,118
cars_train:05445.jpg,4,27,27
cars_train:05446.jpg,2,57,57
cars_train:05447.jpg,0,68,68
cars_train:05448.jpg,3,18,18
cars_train:05449.jpg,0,69,69
cars_train:05450.jpg,3,95,96
cars_train:05451.jpg,3,69,69
cars_train:05452.jpg,0,164,164
cars_train:05453.jpg,0,42,42
cars_train:05454.jpg,3,39,39
cars_train:05455.jpg,3,147,147
cars_train:05456.jpg,4,81,81
cars_train:05457.jpg,2,110,110
cars_train:05458.jpg,0,98,98
cars_train:05459.jpg,4,184,184
cars_train:05460.jpg,1,127,127
cars_train:05461.jpg,0,101,101
cars_train:05462.jpg,1,159,159
cars_train:05463.jpg,3,31,31
cars_train:05464.jpg,0,16,16
cars_train:05465.jpg,1,112,112
cars_train:05466.jpg,1,131,131
cars_train:05467.jpg,1,167,167
cars_train:05468.jpg,4,48,48
cars_train:05469.jpg,4,162,162
cars_train:05470.jpg,1,79,79
cars_train:05471.jpg,2,33,33
cars_train:05472.jpg,1,70,70
cars_train:05473.jpg,2,24,24
cars_train:05474.jpg,3,114,114
cars_train:05475.jpg,3,171,171
cars_train:05476.jpg,3,87,87
cars_train:05477.jpg,2,33,33
cars_train:05478.jpg,2,33,33
cars_train:05479.jpg,4,69,69
cars_train:05480.jpg,2,159,159
cars_train:05481.jpg,2,162,162
cars_train:05482.jpg,3,20,20
cars_train:05483.jpg,4,50,50
cars_train:05484.jpg,1,188,188
cars_train:05485.jpg,0,179,179
cars_train:05486.jpg,1,104,104
cars_train:05487.jpg,2,116,116
cars_train:05488.jpg,0,77,77
cars_train:05489.jpg,3,81,81
cars_train:05490.jpg,1,101,101
cars_train:05491.jpg,4,105,157
cars_train:05492.jpg,3,189,189
cars_train:05493.jpg,3,81,81
cars_train:05494.jpg,3,174,174
cars_train:05495.jpg,0,113,113
cars_train:05496.jpg,1,89,89
cars_train:05497.jpg,2,92,92
cars_train:05498.jpg,0,191,191
cars_train:05499.jpg,1,54,54
cars_train:05500.jpg,3,84,84
cars_train:05501.jpg,2,129,129
cars_train:05502.jpg,0,179,179
cars_train:05503.jpg,0,165,165
cars_train:05504.jpg,0,167,167
cars_train:05505.jpg,1,156,156
cars_train:05506.jpg,3,131,131
cars_train:05507.jpg,2,115,115
cars_train:05508.jpg,1,98,98
cars_train:05509.jpg,4,97,97
cars_train:05510.jpg,4,140,140
cars_train:05511.jpg,0,183,183
cars_train:05512.jpg,3,105,105
cars_train:05513.jpg,3,100,100
cars_train:05514.jpg,2,25,25
cars_train:05515.jpg,3,130,130
cars_train:05516.jpg,0,78,78
cars_train:05517.jpg,1,20,20
cars_train:05518.jpg,4,21,12
cars_train:05519.jpg,4,189,189
cars_train:05520.jpg,3,119,119
cars_train:05521.jpg,0,140,140
cars_train:05522.jpg,1,171,171
cars_train:05523.jpg,0,134,134
cars_train:05524.jpg,3,80,80
cars_train:05525.jpg,0,65,65
cars_train:05526.jpg,2,124,124
cars_train:05527.jpg,0,185,185
cars_train:05528.jpg,2,190,190
cars_train:05529.jpg,4,10,10
cars_train:05530.jpg,0,151,151
cars_train:05531.jpg,1,83,83
cars_train:05532.jpg,4,121,121
cars_train:05533.jpg,3,175,175
cars_train:05534.jpg,4,7,7
cars_train:05535.jpg,4,32,32
cars_train:05536.jpg,2,83,82
cars_train:05537.jpg,1,175,175
cars_train:05538.jpg,2,181,181
cars_train:05539.jpg,3,43,43
cars_train:05540.jpg,3,46,46
cars_train:05541.jpg,0,27,27
cars_train:05542.jpg,3,43,43
cars_train:05543.jpg,0,64,64
cars_train:05544.jpg,0,75,61
cars_train:05545.jpg,0,2,2
cars_train:05546.jpg,2,137,137
cars_train:05547.jpg,2,34,34
cars_train:05548.jpg,0,40,40
cars_train:05549.jpg,3,134,134
cars_train:05550.jpg,1,93,93
cars_train:05551.jpg,2,145,145
cars_train:05552.jpg,1,102,102
cars_train:05553.jpg,0,187,187
cars_train:05554.jpg,3,83,83
cars_train:05555.jpg,2,56,56
cars_train:05556.jpg,2,45,45
cars_train:05557.jpg,4,54,54
cars_train:05558.jpg,1,170,170
cars_train:05559.jpg,0,78,78
cars_train:05560.jpg,2,156,156
cars_train:05561.jpg,2,169,169
cars_train:05562.jpg,4,88,88
cars_train:05563.jpg,1,178,178
cars_train:05564.jpg,3,52,52
cars_train:05565.jpg,4,160,160
cars_train:05566.jpg,3,88,88
cars_train:05567.jpg,3,7,157
cars_train:05568.jpg,2,29,29
cars_train:05569.jpg,0,59,59
cars_train:05570.jpg,4,30,30
cars_train:05571.jpg,4,74,68
cars_train:05572.jpg,4,18,18
cars_train:05573.jpg,4,117,117
cars_train:05574.jpg,2,113,113
cars_train:05575.jpg,0,89,89
cars_train:05576.jpg,0,17,17
cars_train:05577.jpg,1,147,147
cars_train:05578.jpg,0,65,65
cars_train:05579.jpg,1,9,9
cars_train:05580.jpg,2,96,96
cars_train:05581.jpg,3,160,160
cars_train:05582.jpg,4,166,4
cars_train:05583.jpg,0,182,182
cars_train:05584.jpg,0,33,33
cars_train:05585.jpg,0,155,155
cars_train:05586.jpg,0,26,26
cars_train:05587.jpg,1,12,21
cars_train:05588.jpg,4,166,166
cars_train:05589.jpg,0,154,154
cars_train:05590.jpg,3,117,117
cars_train:05591.jpg,4,102,102
cars_train:05592.jpg,2,29,29
cars_train:05593.jpg,0,81,81
cars_train:05594.jpg,1,16,17
cars_train:05595.jpg,4,67,67
cars_train:05596.jpg,3,168,168
cars_train:05597.jpg,3,150,150
cars_train:05598.jpg,0,83,83
cars_train:05599.jpg,2,153,153
cars_train:05600.jpg,3,59,59
cars_train:05601.jpg,3,122,122
cars_train:05602.jpg,3,108,108
cars_train:05603.jpg,2,41,41
cars_train:05604.jpg,1,29,29
cars_train:05605.jpg,0,49,49
cars_train:05606.jpg,2,145,145
cars_train:05607.jpg,1,190,190
cars_train:05608.jpg,4,100,100
cars_train:05609.jpg,0,112,112
cars_train:05610.jpg,2,92,92
cars_train:05611.jpg,1,95,95
cars_train:05612.jpg,4,108,108
cars_train:05613.jpg,3,174,174
cars_train:05614.jpg,1,63,70
cars_train:05615.jpg,2,139,48
cars_train:05616.jpg,4,26,26
cars_train:05617.jpg,0,109,109
cars_train:05618.jpg,2,160,160
cars_train:05619.jpg,4,115,115
cars_train:05620.jpg,1,181,181
cars_train:05621.jpg,0,149,149
cars_train:05622.jpg,3,178,178
cars_train:05623.jpg,4,174,174
cars_train:05624.jpg,0,10,10
cars_train:05625.jpg,1,193,193
cars_train:05626.jpg,1,166,166
cars_train:05627.jpg,2,146,146
cars_train:05628.jpg,4,78,78
cars_train:05629.jpg,3,178,178
cars_train:05630.jpg,3,62,62
cars_train:05631.jpg,2,169,169
cars_train:05632.jpg,0,152,152
cars_train:05633.jpg,1,29,29
cars_train:05634.jpg,3,26,26
cars_train:05635.jpg,1,170,170
cars_train:05636.jpg,3,137,137
cars_train:05637.jpg,2,146,146
cars_train:05638.jpg,2,103,103
cars_train:05639.jpg,4,64,64
cars_train:05640.jpg,2,38,38
cars_train:05641.jpg,4,151,151
cars_train:05642.jpg,3,189,189
cars_train:05643.jpg,1,187,187
cars_train:05644.jpg,1,22,21
cars_train:05645.jpg,2,17,17
cars_train:05646.jpg,1,59,59
cars_train:05647.jpg,4,24,24
cars_train:05648.jpg,1,39,39
cars_train:05649.jpg,4,113,113
cars_train:05650.jpg,1,28,28
cars_train:05651.jpg,3,104,104
cars_train:05652.jpg,3,156,156
cars_train:05653.jpg,3,89,89
cars_train:05654.jpg,2,27,27
cars_train:05655.jpg,1,107,107
cars_train:05656.jpg,1,115,115
cars_train:05657.jpg,0,0,0
cars_train:05658.jpg,2,80,80
cars_train:05659.jpg,2,100,100
cars_train:05660.jpg,3,55,55
cars_train:05661.jpg,3,153,153
cars_train:05662.jpg,3,95,95
cars_train:05663.jpg,4,115,115
cars_train:05664.jpg,4,118,118
cars_train:05665.jpg,3,81,81
cars_train:05666.jpg,0,184,184
cars_train:05667.jpg,3,80,80
cars_train:05668.jpg,0,103,103
cars_train:05669.jpg,1,104,104
cars_train:05670.jpg,4,42,42
cars_train:05671.jpg,2,5,5
cars_train:05672.jpg,3,57,57
cars_train:05673.jpg,3,172,172
cars_train:05674.jpg,0,21,21
cars_train:05675.jpg,2,150,150
cars_train:05676.jpg,2,140,140
cars_train:05677.jpg,2,165,165
cars_train:05678.jpg,3,168,168
cars_train:05679.jpg,1,189,189
cars_train:05680.jpg,4,172,26
cars_train:05681.jpg,3,76,76
cars_train:05682.jpg,0,86,86
cars_train:05683.jpg,4,44,44
cars_train:05684.jpg,4,86,86
cars_train:05685.jpg,0,32,32
cars_train:05686.jpg,1,84,84
cars_train:05687.jpg,4,153,153
cars_train:05688.jpg,1,23,23
cars_train:05689.jpg,1,131,132
cars_train:05690.jpg,3,147,147
cars_train:05691.jpg,3,65,65
cars_train:05692.jpg,4,47,47
cars_train:05693.jpg,4,115,115
cars_train:05694.jpg,2,8,8
cars_train:05695.jpg,1,39,39
cars_train:05696.jpg,2,168,168
cars_train:05697.jpg,4,116,116
cars_train:05698.jpg,2,51,51
cars_train:05699.jpg,1,42,42
cars_train:05700.jpg,3,182,182
cars_train:05701.jpg,2,50,50
cars_train:05702.jpg,0,52,52
cars_train:05703.jpg,0,168,168
cars_train:05704.jpg,4,121,121
cars_train:05705.jpg,1,19,19
cars_train:05706.jpg,0,34,34
cars_train:05707.jpg,2,43,43
cars_train:05708.jpg,0,188,188
cars_train:05709.jpg,0,98,98
cars_train:05710.jpg,0,25,25
cars_train:05711.jpg,2,170,170
cars_train:05712.jpg,1,128,128
cars_train:05713.jpg,1,17,16
cars_train:05714.jpg,1,121,121
cars_train:05715.jpg,0,76,76
cars_train:05716.jpg,2,88,88
cars_train:05717.jpg,3,16,15
cars_train:05718.jpg,1,9,9
cars_train:05719.jpg,0,35,35
cars_train:05720.jpg,4,25,25
cars_train:05721.jpg,1,84,84
cars_train:05722.jpg,0,40,40
cars_train:05723.jpg,2,89,89
cars_train:05724.jpg,4,72,72
cars_train:05725.jpg,1,142,142
cars_train:05726.jpg,2,58,58
cars_train:05727.jpg,0,139,139
cars_train:05728.jpg,0,75,75
cars_train:05729.jpg,3,24,24
cars_train:05730.jpg,4,53,53
cars_train:05731.jpg,3,93,93
cars_train:05732.jpg,1,112,112
cars_train:05733.jpg,2,135,135
cars_train:05734.jpg,3,170,170
cars_train:05735.jpg,3,150,150
cars_train:05736.jpg,4,145,145
cars_train:05737.jpg,1,45,49
cars_train:05738.jpg,4,52,52
cars_train:05739.jpg,1,63,118
cars_train:05740.jpg,3,54,56
cars_train:05741.jpg,0,51,51
cars_train:05742.jpg,4,177,177
cars_train:05743.jpg,2,61,61
cars_train:05744.jpg,1,144,144
cars_train:05745.jpg,4,78,78
cars_train:05746.jpg,0,134,134
cars_train:05747.jpg,2,155,155
cars_train:05748.jpg,4,2,2
cars_train:05749.jpg,2,188,188
cars_train:05750.jpg,0,180,180
cars_train:05751.jpg,3,118,118
cars_train:05752.jpg,0,84,84
cars_train:05753.jpg,2,112,112
cars_train:05754.jpg,1,0,0
cars_train:05755.jpg,1,139,139
cars_train:05756.jpg,2,155,155
cars_train:05757.jpg,3,123,123
cars_train:05758.jpg,2,49,49
cars_train:05759.jpg,0,62,62
cars_train:05760.jpg,1,44,44
cars_train:05761.jpg,4,172,172
cars_train:05762.jpg,2,80,80
cars_train:05763.jpg,2,40,176
cars_train:05764.jpg,2,77,77
cars_train:05765.jpg,1,96,96
cars_train:05766.jpg,1,189,189
cars_train:05767.jpg,0,76,76
cars_train:05768.jpg,4,96,96
cars_train:05769.jpg,1,41,41
cars_train:05770.jpg,3,177,177
cars_train:05771.jpg,1,117,117
cars_train:05772.jpg,1,36,36
cars_train:05773.jpg,0,129,129
cars_train:05774.jpg,3,175,175
cars_train:05775.jpg,2,122,122
cars_train:05776.jpg,4,144,144
cars_train:05777.jpg,1,187,187
cars_train:05778.jpg,4,158,158
cars_train:05779.jpg,2,43,43
cars_train:05780.jpg,0,148,148
cars_train:05781.jpg,0,72,72
cars_train:05782.jpg,2,99,99
cars_train:05783.jpg,1,109,109
cars_train:05784.jpg,1,88,88
cars_train:05785.jpg,1,168,168
cars_train:05786.jpg,1,59,59
cars_train:05787.jpg,1,17,17
cars_train:05788.jpg,2,71,71
cars_train:05789.jpg,1,174,174
cars_train:05790.jpg,4,158,158
cars_train:05791.jpg,4,88,88
cars_train:05792.jpg,3,92,92
cars_train:05793.jpg,3,155,155
cars_train:05794.jpg,1,27,27
cars_train:05795.jpg,1,184,184
cars_train:05796.jpg,0,154,154
cars_train:05797.jpg,3,159,159
cars_train:05798.jpg,4,138,138
cars_train:05799.jpg,3,93,93
cars_train:05800.jpg,3,44,45
cars_train:05801.jpg,4,117,117
cars_train:05802.jpg,3,15,15
cars_train:05803.jpg,1,40,40
cars_train:05804.jpg,2,0,0
cars_train:05805.jpg,0,101,101
cars_train:05806.jpg,3,118,63
cars_train:05807.jpg,2,160,160
cars_train:05808.jpg,2,73,73
cars_train:05809.jpg,3,64,64
cars_train:05810.jpg,3,69,69
cars_train:05811.jpg,4,58,58
cars_train:05812.jpg,1,132,132
cars_train:05813.jpg,3,90,90
cars_train:05814.jpg,4,48,48
cars_train:05815.jpg,2,95,95
cars_train:05816.jpg,1,44,44
cars_train:05817.jpg,3,168,168
cars_train:05818.jpg,2,64,64
cars_train:05819.jpg,2,133,133
cars_train:05820.jpg,4,50,50
cars_train:05821.jpg,3,7,7
cars_train:05822.jpg,3,91,91
cars_train:05823.jpg,0,158,158
cars_train:05824.jpg,1,22,22
cars_train:05825.jpg,0,88,88
cars_train:05826.jpg,1,90,89
cars_train:05827.jpg,3,139,139
cars_train:05828.jpg,0,128,128
cars_train:05829.jpg,2,141,141
cars_train:05830.jpg,1,35,35
cars_train:05831.jpg,1,86,86
cars_train:05832.jpg,3,67,67
cars_train:05833.jpg,2,60,60
cars_train:05834.jpg,2,34,34
cars_train:05835.jpg,1,52,52
cars_train:05836.jpg,3,166,166
cars_train:05837.jpg,2,58,58
cars_train:05838.jpg,0,186,186
cars_train:05839.jpg,0,25,25
cars_train:05840.jpg,1,49,49
cars_train:05841.jpg,0,194,194
cars_train:05842.jpg,1,73,73
cars_train:05843.jpg,3,123,123
cars_train:05844.jpg,0,62,62
cars_train:05845.jpg,0,165,165
cars_train:05846.jpg,3,111,111
cars_train:05847.jpg,1,93,93
cars_train:05848.jpg,0,189,189
cars_train:05849.jpg,3,169,169
cars_train:05850.jpg,4,146,146
cars_train:05851.jpg,4,94,94
cars_train:05852.jpg,2,37,37
cars_train:05853.jpg,2,128,128
cars_train:05854.jpg,1,182,182
cars_train:05855.jpg,0,175,176
cars_train:05856.jpg,0,181,181
cars_train:05857.jpg,2,13,13
cars_train:05858.jpg,1,129,129
cars_train:05859.jpg,3,109,109
cars_train:05860.jpg,2,75,75
cars_train:05861.jpg,4,37,37
cars_train:05862.jpg,2,115,115
cars_train:05863.jpg,1,125,125
cars_train:05864.jpg,4,125,125
cars_train:05865.jpg,0,39,39
cars_train:05866.jpg,3,79,79
cars_train:05867.jpg,0,33,33
cars_train:05868.jpg,4,37,37
cars_train:05869.jpg,3,17,15
cars_train:05870.jpg,4,42,42
cars_train:05871.jpg,3,84,84
cars_train:05872.jpg,3,183,183
cars_train:05873.jpg,3,38,38
cars_train:05874.jpg,1,103,103
cars_train:05875.jpg,3,39,39
cars_train:05876.jpg,3,152,152
cars_train:05877.jpg,3,32,32
cars_train:05878.jpg,0,26,26
cars_train:05879.jpg,1,96,96
cars_train:05880.jpg,4,154,154
cars_train:05881.jpg,2,51,51
cars_train:05882.jpg,1,71,71
cars_train:05883.jpg,1,117,117
cars_train:05884.jpg,0,103,103
cars_train:05885.jpg,3,79,79
cars_train:05886.jpg,4,24,24
cars_train:05887.jpg,3,23,23
cars_train:05888.jpg,2,84,84
cars_train:05889.jpg,1,28,28
cars_train:05890.jpg,1,192,192
cars_train:05891.jpg,1,124,123
cars_train:05892.jpg,0,30,30
cars_train:05893.jpg,1,42,42
cars_train:05894.jpg,3,188,188
cars_train:05895.jpg,1,125,125
cars_train:05896.jpg,2,97,97
cars_train:05897.jpg,1,36,36
cars_train:05898.jpg,0,139,139
cars_train:05899.jpg,0,123,123
cars_train:05900.jpg,2,146,146
cars_train:05901.jpg,4,120,120
cars_train:05902.jpg,3,24,24
cars_train:05903.jpg,1,189,189
cars_train:05904.jpg,0,174,174
cars_train:05905.jpg,4,118,118
cars_train:05906.jpg,4,116,116
cars_train:05907.jpg,1,172,172
cars_train:05908.jpg,2,23,23
cars_train:05909.jpg,1,8,8
cars_train:05910.jpg,4,105,105
cars_train:05911.jpg,1,77,77
cars_train:05912.jpg,3,48,48
cars_train:05913.jpg,2,119,119
cars_train:05914.jpg,1,176,176
cars_train:05915.jpg,3,136,136
cars_train:05916.jpg,2,5,5
cars_train:05917.jpg,3,154,154
cars_train:05918.jpg,3,2,2
cars_train:05919.jpg,3,105,105
cars_train:05920.jpg,2,137,137
cars_train:05921.jpg,2,0,0
cars_train:05922.jpg,0,104,104
cars_train:05923.jpg,3,43,43
cars_train:05924.jpg,1,15,15
cars_train:05925.jpg,4,121,121
cars_train:05926.jpg,4,155,155
cars_train:05927.jpg,1,88,88
cars_train:05928.jpg,3,40,40
cars_train:05929.jpg,0,125,125
cars_train:05930.jpg,4,1,1
cars_train:05931.jpg,4,189,189
cars_train:05932.jpg,0,54,54
cars_train:05933.jpg,1,115,115
cars_train:05934.jpg,2,104,104
cars_train:05935.jpg,1,125,125
cars_train:05936.jpg,2,57,57
cars_train:05937.jpg,2,87,87
cars_train:05938.jpg,4,102,102
cars_train:05939.jpg,4,169,169
cars_train:05940.jpg,1,136,136
cars_train:05941.jpg,2,189,189
cars_train:05942.jpg,2,67,67
cars_train:05943.jpg,3,120,120
cars_train:05944.jpg,3,50,50
cars_train:05945.jpg,0,62,62
cars_train:05946.jpg,3,43,43
cars_train:05947.jpg,0,27,26
cars_train:05948.jpg,0,47,47
cars_train:05949.jpg,0,71,60
cars_train:05950.jpg,3,143,143
cars_train:05951.jpg,4,182,182
cars_train:05952.jpg,3,117,117
cars_train:05953.jpg,3,95,95
cars_train:05954.jpg,1,179,179
cars_train:05955.jpg,2,135,135
cars_train:05956.jpg,3,187,187
cars_train:05957.jpg,2,103,103
cars_train:05958.jpg,4,128,128
cars_train:05959.jpg,3,125,125
cars_train:05960.jpg,1,89,89
cars_train:05961.jpg,2,82,83
cars_train:05962.jpg,2,161,161
cars_train:05963.jpg,1,169,169
cars_train:05964.jpg,1,20,21
cars_train:05965.jpg,2,19,19
cars_train:05966.jpg,3,141,141
cars_train:05967.jpg,3,2,2
cars_train:05968.jpg,0,16,16
cars_train:05969.jpg,0,56,56
cars_train:05970.jpg,3,114,114
cars_train:05971.jpg,2,40,40
cars_train:05972.jpg,2,22,23
cars_train:05973.jpg,0,150,150
cars_train:05974.jpg,3,185,185
cars_train:05975.jpg,4,154,154
cars_train:05976.jpg,0,122,122
cars_train:05977.jpg,4,191,191
cars_train:05978.jpg,1,91,91
cars_train:05979.jpg,2,3,3
cars_train:05980.jpg,1,116,116
cars_train:05981.jpg,4,43,42
cars_train:05982.jpg,2,184,184
cars_train:05983.jpg,0,58,58
cars_train:05984.jpg,1,74,74
cars_train:05985.jpg,1,27,27
cars_train:05986.jpg,4,19,19
cars_train:05987.jpg,2,115,115
cars_train:05988.jpg,4,131,131
cars_train:05989.jpg,1,89,89
cars_train:05990.jpg,2,150,150
cars_train:05991.jpg,4,67,67
cars_train:05992.jpg,2,47,47
cars_train:05993.jpg,4,62,62
cars_train:05994.jpg,3,144,146
cars_train:05995.jpg,3,160,160
cars_train:05996.jpg,3,76,76
cars_train:05997.jpg,4,49,49
cars_train:05998.jpg,3,169,169
cars_train:05999.jpg,1,158,158
cars_train:06000.jpg,4,86,86
cars_train:06001.jpg,2,175,176
cars_train:06002.jpg,1,7,7
cars_train:06003.jpg,4,102,102
cars_train:06004.jpg,1,195,195
cars_train:06005.jpg,1,41,41
cars_train:06006.jpg,2,38,38
cars_train:06007.jpg,3,159,159
cars_train:06008.jpg,2,11,11
cars_train:06009.jpg,2,159,159
cars_train:06010.jpg,1,76,76
cars_train:06011.jpg,4,18,21
cars_train:06012.jpg,4,119,119
cars_train:06013.jpg,1,194,194
cars_train:06014.jpg,3,99,99
cars_train:06015.jpg,4,155,155
cars_train:06016.jpg,2,186,186
cars_train:06017.jpg,4,104,104
cars_train:06018.jpg,4,91,91
cars_train:06019.jpg,2,89,89
cars_train:06020.jpg,3,11,11
cars_train:06021.jpg,2,143,143
cars_train:06022.jpg,2,92,92
cars_train:06023.jpg,1,185,185
cars_train:06024.jpg,4,7,7
cars_train:06025.jpg,2,77,77
cars_train:06026.jpg,1,58,58
cars_train:06027.jpg,0,31,31
cars_train:06028.jpg,0,43,43
cars_train:06029.jpg,0,69,69
cars_train:06030.jpg,4,29,29
cars_train:06031.jpg,4,100,100
cars_train:06032.jpg,1,66,66
cars_train:06033.jpg,0,72,72
cars_train:06034.jpg,2,111,111
cars_train:06035.jpg,3,38,38
cars_train:06036.jpg,3,113,113
cars_train:06037.jpg,0,15,17
cars_train:06038.jpg,1,159,159
cars_train:06039.jpg,1,119,119
cars_train:06040.jpg,4,34,34
cars_train:06041.jpg,3,126,126
cars_train:06042.jpg,3,153,153
cars_train:06043.jpg,3,129,129
cars_train:06044.jpg,0,73,73
cars_train:06045.jpg,1,171,171
cars_train:06046.jpg,3,156,51
cars_train:06047.jpg,3,164,164
cars_train:06048.jpg,3,56,56
cars_train:06049.jpg,2,49,49
cars_train:06050.jpg,2,67,67
cars_train:06051.jpg,1,37,37
cars_train:06052.jpg,1,0,0
cars_train:06053.jpg,2,118,118
cars_train:06054.jpg,1,107,107
cars_train:06055.jpg,4,74,74
cars_train:06056.jpg,4,138,138
cars_train:06057.jpg,1,113,113
cars_train:06058.jpg,3,184,184
cars_train:06059.jpg,2,129,129
cars_train:06060.jpg,2,53,53
cars_train:06061.jpg,1,1,1
cars_train:06062.jpg,3,88,88
cars_train:06063.jpg,1,129,129
cars_train:06064.jpg,4,68,68
cars_train:06065.jpg,2,137,137
cars_train:06066.jpg,4,67,67
cars_train:06067.jpg,0,14,14
cars_train:06068.jpg,2,194,194
cars_train:06069.jpg,4,153,153
cars_train:06070.jpg,0,138,138
cars_train:06071.jpg,1,18,23
cars_train:06072.jpg,0,41,42
cars_train:06073.jpg,3,88,93
cars_train:06074.jpg,0,111,143
cars_train:06075.jpg,4,36,36
cars_train:06076.jpg,2,43,43
cars_train:06077.jpg,0,147,147
cars_train:06078.jpg,1,26,26
cars_train:06079.jpg,2,180,180
cars_train:06080.jpg,0,33,33
cars_train:06081.jpg,2,160,160
cars_train:06082.jpg,3,164,164
cars_train:06083.jpg,0,97,97
cars_train:06084.jpg,1,80,80
cars_train:06085.jpg,1,156,156
cars_train:06086.jpg,3,92,92
cars_train:06087.jpg,4,63,118
cars_train:06088.jpg,0,11,11
cars_train:06089.jpg,2,26,26
cars_train:06090.jpg,3,128,128
cars_train:06091.jpg,3,74,73
cars_train:06092.jpg,4,167,167
cars_train:06093.jpg,0,170,170
cars_train:06094.jpg,0,18,18
cars_train:06095.jpg,1,133,133
cars_train:06096.jpg,3,163,161
cars_train:06097.jpg,4,83,83
cars_train:06098.jpg,3,103,103
cars_train:06099.jpg,4,3,3
cars_train:06100.jpg,1,147,147
cars_train:06101.jpg,0,144,144
cars_train:06102.jpg,4,136,136
cars_train:06103.jpg,3,80,80
cars_train:06104.jpg,3,189,189
cars_train:06105.jpg,0,21,22
cars_train:06106.jpg,4,107,107
cars_train:06107.jpg,2,25,25
cars_train:06108.jpg,2,70,70
cars_train:06109.jpg,4,127,127
cars_train:06110.jpg,4,40,40
cars_train:06111.jpg,2,192,192
cars_train:06112.jpg,2,125,125
cars_train:06113.jpg,4,180,180
cars_train:06114.jpg,2,183,183
cars_train:06115.jpg,0,134,34
cars_train:06116.jpg,4,69,69
cars_train:06117.jpg,4,138,138
cars_train:06118.jpg,1,123,123
cars_train:06119.jpg,4,84,84
cars_train:06120.jpg,3,57,57
cars_train:06121.jpg,3,91,91
cars_train:06122.jpg,0,34,34
cars_train:06123.jpg,3,182,182
cars_train:06124.jpg,0,49,49
cars_train:06125.jpg,2,63,118
cars_train:06126.jpg,2,98,98
cars_train:06127.jpg,1,193,193
cars_train:06128.jpg,3,39,39
cars_train:06129.jpg,0,65,167
cars_train:06130.jpg,1,161,161
cars_train:06131.jpg,4,109,109
cars_train:06132.jpg,1,79,79
cars_train:06133.jpg,3,112,112
cars_train:06134.jpg,0,87,165
cars_train:06135.jpg,0,170,170
cars_train:06136.jpg,4,50,50
cars_train:06137.jpg,2,80,80
cars_train:06138.jpg,1,133,133
cars_train:06139.jpg,4,71,71
cars_train:06140.jpg,1,78,78
cars_train:06141.jpg,1,146,146
cars_train:06142.jpg,3,47,47
cars_train:06143.jpg,3,133,133
cars_train:06144.jpg,0,171,171
cars_train:06145.jpg,0,3,3
cars_train:06146.jpg,3,75,75
cars_train:06147.jpg,3,76,76
cars_train:06148.jpg,4,106,106
cars_train:06149.jpg,2,184,184
cars_train:06150.jpg,3,168,168
cars_train:06151.jpg,4,19,19
cars_train:06152.jpg,2,108,108
cars_train:06153.jpg,2,124,123
cars_train:06154.jpg,4,118,118
cars_train:06155.jpg,0,45,45
cars_train:06156.jpg,3,85,85
cars_train:06157.jpg,2,75,75
cars_train:06158.jpg,0,6,6
cars_train:06159.jpg,2,0,0
cars_train:06160.jpg,0,121,121
cars_train:06161.jpg,4,148,148
cars_train:06162.jpg,1,102,102
cars_train:06163.jpg,3,11,11
cars_train:06164.jpg,0,114,114
cars_train:06165.jpg,1,66,66
cars_train:06166.jpg,1,54,54
cars_train:06167.jpg,3,59,59
cars_train:06168.jpg,4,184,184
cars_train:06169.jpg,2,24,24
cars_train:06170.jpg,3,182,182
cars_train:06171.jpg,4,153,153
cars_train:06172.jpg,1,82,82
cars_train:06173.jpg,3,64,64
cars_train:06174.jpg,3,0,0
cars_train:06175.jpg,3,180,180
cars_train:06176.jpg,0,74,74
cars_train:06177.jpg,2,144,144
cars_train:06178.jpg,4,72,72
cars_train:06179.jpg,4,5,5
cars_train:06180.jpg,1,73,110
cars_train:06181.jpg,4,40,40
cars_train:06182.jpg,1,104,104
cars_train:06183.jpg,3,4,4
cars_train:06184.jpg,4,114,114
cars_train:06185.jpg,1,144,144
cars_train:06186.jpg,3,149,149
cars_train:06187.jpg,2,88,88
cars_train:06188.jpg,1,191,191
cars_train:06189.jpg,1,108,108
cars_train:06190.jpg,4,95,95
cars_train:06191.jpg,4,47,47
cars_train:06192.jpg,1,132,132
cars_train:06193.jpg,0,21,21
cars_train:06194.jpg,2,132,132
cars_train:06195.jpg,0,145,145
cars_train:06196.jpg,4,5,5
cars_train:06197.jpg,3,49,49
cars_train:06198.jpg,3,156,156
cars_train:06199.jpg,2,52,52
cars_train:06200.jpg,2,88,88
cars_train:06201.jpg,2,117,117
cars_train:06202.jpg,1,27,27
cars_train:06203.jpg,3,35,30
cars_train:06204.jpg,1,31,31
cars_train:06205.jpg,3,52,52
cars_train:06206.jpg,4,7,8
cars_train:06207.jpg,1,174,174
cars_train:06208.jpg,4,14,14
cars_train:06209.jpg,4,86,86
cars_train:06210.jpg,0,129,129
cars_train:06211.jpg,3,181,181
cars_train:06212.jpg,3,47,47
cars_train:06213.jpg,3,177,177
cars_train:06214.jpg,2,36,36
cars_train:06215.jpg,4,49,49
cars_train:06216.jpg,4,97,97
cars_train:06217.jpg,2,40,40
cars_train:06218.jpg,4,79,79
cars_train:06219.jpg,4,127,127
cars_train:06220.jpg,3,81,81
cars_train:06221.jpg,3,103,103
cars_train:06222.jpg,2,42,42
cars_train:06223.jpg,3,116,116
cars_train:06224.jpg,4,16,17
cars_train:06225.jpg,4,46,46
cars_train:06226.jpg,1,35,35
cars_train:06227.jpg,4,13,13
cars_train:06228.jpg,4,105,105
cars_train:06229.jpg,3,22,22
cars_train:06230.jpg,3,20,20
cars_train:06231.jpg,4,77,77
cars_train:06232.jpg,3,162,162
cars_train:06233.jpg,1,40,50
cars_train:06234.jpg,3,33,34
cars_train:06235.jpg,2,181,181
cars_train:06236.jpg,4,22,22
cars_train:06237.jpg,1,104,104
cars_train:06238.jpg,3,143,143
cars_train:06239.jpg,3,9,9
cars_train:06240.jpg,0,178,178
cars_train:06241.jpg,4,134,134
cars_train:06242.jpg,3,122,122
cars_train:06243.jpg,2,64,64
cars_train:06244.jpg,1,5,5
cars_train:06245.jpg,1,81,81
cars_train:06246.jpg,4,124,124
cars_train:06247.jpg,0,182,182
cars_train:06248.jpg,3,89,89
cars_train:06249.jpg,0,24,18
cars_train:06250.jpg,2,165,165
cars_train:06251.jpg,1,151,151
cars_train:06252.jpg,3,31,31
cars_train:06253.jpg,1,61,61
cars_train:06254.jpg,4,46,46
cars_train:06255.jpg,4,115,115
cars_train:06256.jpg,4,121,121
cars_train:06257.jpg,3,162,162
cars_train:06258.jpg,2,148,148
cars_train:06259.jpg,3,167,167
cars_train:06260.jpg,1,193,193
cars_train:06261.jpg,1,86,86
cars_train:06262.jpg,1,0,0
cars_train:06263.jpg,0,124,124
cars_train:06264.jpg,4,104,104
cars_train:06265.jpg,2,25,25
cars_train:06266.jpg,4,126,126
cars_train:06267.jpg,2,102,150
cars_train:06268.jpg,4,73,73
cars_train:06269.jpg,2,6,6
cars_train:06270.jpg,2,55,55
cars_train:06271.jpg,4,87,87
cars_train:06272.jpg,3,182,182
cars_train:06273.jpg,3,72,72
cars_train:06274.jpg,1,127,127
cars_train:06275.jpg,3,143,143
cars_train:06276.jpg,1,158,158
cars_train:06277.jpg,4,18,13
cars_train:06278.jpg,1,36,36
cars_train:06279.jpg,2,125,125
cars_train:06280.jpg,2,91,91
cars_train:06281.jpg,2,172,172
cars_train:06282.jpg,2,151,151
cars_train:06283.jpg,2,112,112
cars_train:06284.jpg,3,56,56
cars_train:06285.jpg,0,189,189
cars_train:06286.jpg,3,192,192
cars_train:06287.jpg,3,175,175
cars_train:06288.jpg,4,134,134
cars_train:06289.jpg,2,99,99
cars_train:06290.jpg,4,106,106
cars_train:06291.jpg,3,17,17
cars_train:06292.jpg,4,4,4
cars_train:06293.jpg,3,112,112
cars_train:06294.jpg,1,162,162
cars_train:06295.jpg,0,52,52
cars_train:06296.jpg,3,4,4
cars_train:06297.jpg,2,87,87
cars_train:06298.jpg,4,29,29
cars_train:06299.jpg,3,30,30
cars_train:06300.jpg,4,172,172
cars_train:06301.jpg,0,155,155
cars_train:06302.jpg,2,3,3
cars_train:06303.jpg,3,104,104
cars_train:06304.jpg,4,149,149
cars_train:06305.jpg,1,53,53
cars_train:06306.jpg,2,97,97
cars_train:06307.jpg,4,57,57
cars_train:06308.jpg,2,36,36
cars_train:06309.jpg,2,6,6
cars_train:06310.jpg,2,106,106
cars_train:06311.jpg,0,144,144
cars_train:06312.jpg,2,94,94
cars_train:06313.jpg,2,4,4
cars_train:06314.jpg,0,55,55
cars_train:06315.jpg,2,148,148
cars_train:06316.jpg,0,82,82
cars_train:06317.jpg,1,30,30
cars_train:06318.jpg,0,152,152
cars_train:06319.jpg,4,94,94
cars_train:06320.jpg,3,87,87
cars_train:06321.jpg,2,67,67
cars_train:06322.jpg,4,137,137
cars_train:06323.jpg,4,96,96
cars_train:06324.jpg,4,107,107
cars_train:06325.jpg,2,130,130
cars_train:06326.jpg,2,40,40
cars_train:06327.jpg,0,97,97
cars_train:06328.jpg,2,2,2
cars_train:06329.jpg,2,162,162
cars_train:06330.jpg,3,122,122
cars_train:06331.jpg,3,146,147
cars_train:06332.jpg,0,75,75
cars_train:06333.jpg,3,84,84
cars_train:06334.jpg,2,91,91
cars_train:06335.jpg,4,18,18
cars_train:06336.jpg,1,120,120
cars_train:06337.jpg,2,121,121
cars_train:06338.jpg,2,173,173
cars_train:06339.jpg,0,86,86
cars_train:06340.jpg,1,192,192
cars_train:06341.jpg,3,152,152
cars_train:06342.jpg,0,176,176
cars_train:06343.jpg,4,190,190
cars_train:06344.jpg,0,22,22
cars_train:06345.jpg,4,51,51
cars_train:06346.jpg,3,77,77
cars_train:06347.jpg,2,133,133
cars_train:06348.jpg,2,167,167
cars_train:06349.jpg,4,148,148
cars_train:06350.jpg,1,97,97
cars_train:06351.jpg,1,131,131
cars_train:06352.jpg,2,160,160
cars_train:06353.jpg,1,82,83
cars_train:06354.jpg,0,57,57
cars_train:06355.jpg,0,55,55
cars_train:06356.jpg,3,73,73
cars_train:06357.jpg,1,70,63
cars_train:06358.jpg,0,45,45
cars_train:06359.jpg,0,90,90
cars_train:06360.jpg,1,87,87
cars_train:06361.jpg,2,65,65
cars_train:06362.jpg,2,17,17
cars_train:06363.jpg,1,124,124
cars_train:06364.jpg,1,160,160
cars_train:06365.jpg,4,171,171
cars_train:06366.jpg,0,56,56
cars_train:06367.jpg,0,184,184
cars_train:06368.jpg,1,133,139
cars_train:06369.jpg,0,43,43
cars_train:06370.jpg,3,153,153
cars_train:06371.jpg,1,178,179
cars_train:06372.jpg,2,55,55
cars_train:06373.jpg,3,195,195
cars_train:06374.jpg,3,180,180
cars_train:06375.jpg,4,8,7
cars_train:06376.jpg,0,125,125
cars_train:06377.jpg,2,48,48
cars_train:06378.jpg,2,52,52
cars_train:06379.jpg,2,143,143
cars_train:06380.jpg,3,159,159
cars_train:06381.jpg,3,8,7
cars_train:06382.jpg,3,116,116
cars_train:06383.jpg,2,96,96
cars_train:06384.jpg,0,100,100
cars_train:06385.jpg,0,108,108
cars_train:06386.jpg,3,54,54
cars_train:06387.jpg,2,27,27
cars_train:06388.jpg,4,4,4
cars_train:06389.jpg,0,140,140
cars_train:06390.jpg,0,188,188
cars_train:06391.jpg,1,111,111
cars_train:06392.jpg,2,44,44
cars_train:06393.jpg,0,169,169
cars_train:06394.jpg,0,140,140
cars_train:06395.jpg,0,38,38
cars_train:06396.jpg,2,53,53
cars_train:06397.jpg,2,178,178
cars_train:06398.jpg,2,125,125
cars_train:06399.jpg,3,160,160
cars_train:06400.jpg,1,142,142
cars_train:06401.jpg,4,101,101
cars_train:06402.jpg,4,112,112
cars_train:06403.jpg,0,132,132
cars_train:06404.jpg,2,123,123
cars_train:06405.jpg,3,38,38
cars_train:06406.jpg,4,2,2
cars_train:06407.jpg,3,124,124
cars_train:06408.jpg,3,138,138
cars_train:06409.jpg,0,184,184
cars_train:06410.jpg,3,79,79
cars_train:06411.jpg,2,37,37
cars_train:06412.jpg,4,142,142
cars_train:06413.jpg,4,151,151
cars_train:06414.jpg,1,119,119
cars_train:06415.jpg,4,170,170
cars_train:06416.jpg,3,187,187
cars_train:06417.jpg,1,143,143
cars_train:06418.jpg,0,161,161
cars_train:06419.jpg,0,108,108
cars_train:06420.jpg,0,109,109
cars_train:06421.jpg,1,160,160
cars_train:06422.jpg,0,3,3
cars_train:06423.jpg,3,176,176
cars_train:06424.jpg,4,92,92
cars_train:06425.jpg,3,137,137
cars_train:06426.jpg,1,33,33
cars_train:06427.jpg,4,181,181
cars_train:06428.jpg,4,107,107
cars_train:06429.jpg,1,145,145
cars_train:06430.jpg,2,180,180
cars_train:06431.jpg,1,47,47
cars_train:06432.jpg,3,18,24
cars_train:06433.jpg,3,10,10
cars_train:06434.jpg,0,186,186
cars_train:06435.jpg,3,147,147
cars_train:06436.jpg,4,138,138
cars_train:06437.jpg,1,118,70
cars_train:06438.jpg,3,71,71
cars_train:06439.jpg,3,143,143
cars_train:06440.jpg,0,180,180
cars_train:06441.jpg,4,75,75
cars_train:06442.jpg,3,192,192
cars_train:06443.jpg,0,30,30
cars_train:06444.jpg,0,66,66
cars_train:06445.jpg,4,113,113
cars_train:06446.jpg,0,121,121
cars_train:06447.jpg,2,75,75
cars_train:06448.jpg,0,87,87
cars_train:06449.jpg,2,150,150
cars_train:06450.jpg,1,12,12
cars_train:06451.jpg,4,164,164
cars_train:06452.jpg,0,144,144
cars_train:06453.jpg,2,9,9
cars_train:06454.jpg,1,137,137
cars_train:06455.jpg,2,131,131
cars_train:06456.jpg,4,68,68
cars_train:06457.jpg,2,44,44
cars_train:06458.jpg,4,28,29
cars_train:06459.jpg,0,67,67
cars_train:06460.jpg,3,88,88
cars_train:06461.jpg,3,93,93
cars_train:06462.jpg,2,191,191
cars_train:06463.jpg,2,112,112
cars_train:06464.jpg,2,112,112
cars_train:06465.jpg,4,195,195
cars_train:06466.jpg,4,74,74
cars_train:06467.jpg,2,45,45
cars_train:06468.jpg,0,83,82
cars_train:06469.jpg,4,66,66
cars_train:06470.jpg,1,118,118
cars_train:06471.jpg,3,194,194
cars_train:06472.jpg,0,165,165
cars_train:06473.jpg,2,157,157
cars_train:06474.jpg,2,139,139
cars_train:06475.jpg,4,22,22
cars_train:06476.jpg,2,130,130
cars_train:06477.jpg,4,82,82
cars_train:06478.jpg,4,98,98
cars_train:06479.jpg,1,177,177
cars_train:06480.jpg,3,6,4
cars_train:06481.jpg,1,118,118
cars_train:06482.jpg,0,166,166
cars_train:06483.jpg,4,138,138
cars_train:06484.jpg,4,122,122
cars_train:06485.jpg,4,9,9
cars_train:06486.jpg,4,28,29
cars_train:06487.jpg,1,132,132
cars_train:06488.jpg,2,96,96
cars_train:06489.jpg,1,181,181
cars_train:06490.jpg,1,76,76
cars_train:06491.jpg,0,118,118
cars_train:06492.jpg,0,175,175
cars_train:06493.jpg,2,127,128
cars_train:06494.jpg,3,100,102
cars_train:06495.jpg,0,108,108
cars_train:06496.jpg,2,186,186
cars_train:06497.jpg,4,125,125
cars_train:06498.jpg,1,35,35
cars_train:06499.jpg,3,113,113
cars_train:06500.jpg,3,134,134
cars_train:06501.jpg,0,103,103
cars_train:06502.jpg,4,69,69
cars_train:06503.jpg,0,79,79
cars_train:06504.jpg,0,160,156
cars_train:06505.jpg,0,43,43
cars_train:06506.jpg,2,83,83
cars_train:06507.jpg,4,138,138
cars_train:06508.jpg,3,57,57
cars_train:06509.jpg,3,21,20
cars_train:06510.jpg,3,149,149
cars_train:06511.jpg,0,81,81
cars_train:06512.jpg,3,66,66
cars_train:06513.jpg,2,64,64
cars_train:06514.jpg,3,53,73
cars_train:06515.jpg,3,11,11
cars_train:06516.jpg,1,2,2
cars_train:06517.jpg,4,168,168
cars_train:06518.jpg,4,6,6
cars_train:06519.jpg,4,169,169
cars_train:06520.jpg,3,43,43
cars_train:06521.jpg,2,102,102
cars_train:06522.jpg,4,131,131
cars_train:06523.jpg,2,174,174
cars_train:06524.jpg,0,170,170
cars_train:06525.jpg,1,72,72
cars_train:06526.jpg,3,149,149
cars_train:06527.jpg,1,137,137
cars_train:06528.jpg,2,53,53
cars_train:06529.jpg,4,10,8
cars_train:06530.jpg,2,7,7
cars_train:06531.jpg,4,38,38
cars_train:06532.jpg,4,169,169
cars_train:06533.jpg,1,126,126
cars_train:06534.jpg,1,77,173
cars_train:06535.jpg,1,72,72
cars_train:06536.jpg,1,20,20
cars_train:06537.jpg,1,68,68
cars_train:06538.jpg,0,5,5
cars_train:06539.jpg,3,8,8
cars_train:06540.jpg,2,118,63
cars_train:06541.jpg,0,68,74
cars_train:06542.jpg,2,163,163
cars_train:06543.jpg,3,161,161
cars_train:06544.jpg,3,111,111
cars_train:06545.jpg,1,20,20
cars_train:06546.jpg,2,21,21
cars_train:06547.jpg,1,69,69
cars_train:06548.jpg,1,88,88
cars_train:06549.jpg,2,42,42
cars_train:06550.jpg,2,51,51
cars_train:06551.jpg,2,82,82
cars_train:06552.jpg,0,126,126
cars_train:06553.jpg,1,18,18
cars_train:06554.jpg,4,87,87
cars_train:06555.jpg,1,148,148
cars_train:06556.jpg,3,52,52
cars_train:06557.jpg,3,26,26
cars_train:06558.jpg,3,101,101
cars_train:06559.jpg,2,31,32
cars_train:06560.jpg,4,193,193
cars_train:06561.jpg,1,189,189
cars_train:06562.jpg,0,137,137
cars_train:06563.jpg,3,70,118
cars_train:06564.jpg,0,89,89
cars_train:06565.jpg,2,23,23
cars_train:06566.jpg,3,52,52
cars_train:06567.jpg,0,58,58
cars_train:06568.jpg,4,16,16
cars_train:06569.jpg,2,141,141
cars_train:06570.jpg,4,12,12
cars_train:06571.jpg,3,1,1
cars_train:06572.jpg,1,176,176
cars_train:06573.jpg,1,188,188
cars_train:06574.jpg,3,27,27
cars_train:06575.jpg,0,46,46
cars_train:06576.jpg,0,183,182
cars_train:06577.jpg,1,64,64
cars_train:06578.jpg,2,124,124
cars_train:06579.jpg,0,63,70
cars_train:06580.jpg,1,174,174
cars_train:06581.jpg,4,21,20
cars_train:06582.jpg,4,128,128
cars_train:06583.jpg,4,39,39
cars_train:06584.jpg,4,121,121
cars_train:06585.jpg,0,189,189
cars_train:06586.jpg,1,13,18
cars_train:06587.jpg,1,52,52
cars_train:06588.jpg,0,50,50
cars_train:06589.jpg,3,54,54
cars_train:06590.jpg,4,75,75
cars_train:06591.jpg,0,105,105
cars_train:06592.jpg,2,69,69
cars_train:06593.jpg,2,24,24
cars_train:06594.jpg,3,104,104
cars_train:06595.jpg,1,82,82
cars_train:06596.jpg,0,82,82
cars_train:06597.jpg,3,107,107
cars_train:06598.jpg,3,32,32
cars_train:06599.jpg,3,91,91
cars_train:06600.jpg,2,13,24
cars_train:06601.jpg,0,124,123
cars_train:06602.jpg,4,182,183
cars_train:06603.jpg,1,6,6
cars_train:06604.jpg,2,168,168
cars_train:06605.jpg,4,31,31
cars_train:06606.jpg,0,151,143
cars_train:06607.jpg,1,126,126
cars_train:06608.jpg,0,195,195
cars_train:06609.jpg,3,110,110
cars_train:06610.jpg,0,17,17
cars_train:06611.jpg,3,53,68
cars_train:06612.jpg,0,71,71
cars_train:06613.jpg,4,111,111
cars_train:06614.jpg,2,3,3
cars_train:06615.jpg,2,111,111
cars_train:06616.jpg,3,22,22
cars_train:06617.jpg,4,143,143
cars_train:06618.jpg,1,60,60
cars_train:06619.jpg,1,114,114
cars_train:06620.jpg,4,31,31
cars_train:06621.jpg,3,144,144
cars_train:06622.jpg,4,174,174
cars_train:06623.jpg,2,123,123
cars_train:06624.jpg,3,1,1
cars_train:06625.jpg,3,104,104
cars_train:06626.jpg,4,118,118
cars_train:06627.jpg,4,114,114
cars_train:06628.jpg,4,58,58
cars_train:06629.jpg,2,108,108
cars_train:06630.jpg,0,50,50
cars_train:06631.jpg,2,169,169
cars_train:06632.jpg,4,194,194
cars_train:06633.jpg,2,34,34
cars_train:06634.jpg,4,173,173
cars_train:06635.jpg,1,43,43
cars_train:06636.jpg,1,40,40
cars_train:06637.jpg,4,150,150
cars_train:06638.jpg,1,182,182
cars_train:06639.jpg,4,146,146
cars_train:06640.jpg,1,68,53
cars_train:06641.jpg,4,152,152
cars_train:06642.jpg,3,120,120
cars_train:06643.jpg,2,63,63
cars_train:06644.jpg,0,6,139
cars_train:06645.jpg,2,48,48
cars_train:06646.jpg,1,15,15
cars_train:06647.jpg,4,70,70
cars_train:06648.jpg,2,100,100
cars_train:06649.jpg,4,107,107
cars_train:06650.jpg,4,75,75
cars_train:06651.jpg,3,93,93
cars_train:06652.jpg,2,149,149
cars_train:06653.jpg,3,38,38
cars_train:06654.jpg,4,165,165
cars_train:06655.jpg,2,142,142
cars_train:06656.jpg,4,167,167
cars_train:06657.jpg,0,80,80
cars_train:06658.jpg,4,187,187
cars_train:06659.jpg,1,145,145
cars_train:06660.jpg,3,5,5
cars_train:06661.jpg,4,163,163
cars_train:06662.jpg,1,31,31
cars_train:06663.jpg,3,31,31
cars_train:06664.jpg,2,17,17
cars_train:06665.jpg,3,48,48
cars_train:06666.jpg,3,78,78
cars_train:06667.jpg,1,59,59
cars_train:06668.jpg,0,165,165
cars_train:06669.jpg,0,133,133
cars_train:06670.jpg,3,105,105
cars_train:06671.jpg,1,157,157
cars_train:06672.jpg,1,180,180
cars_train:06673.jpg,3,188,188
cars_train:06674.jpg,2,187,186
cars_train:06675.jpg,2,9,9
cars_train:06676.jpg,2,31,31
cars_train:06677.jpg,2,19,23
cars_train:06678.jpg,2,20,20
cars_train:06679.jpg,3,146,146
cars_train:06680.jpg,4,131,129
cars_train:06681.jpg,1,141,141
cars_train:06682.jpg,3,117,117
cars_train:06683.jpg,4,8,8
cars_train:06684.jpg,0,56,56
cars_train:06685.jpg,1,150,150
cars_train:06686.jpg,0,139,139
cars_train:06687.jpg,4,95,95
cars_train:06688.jpg,2,102,102
cars_train:06689.jpg,2,184,184
cars_train:06690.jpg,3,78,78
cars_train:06691.jpg,0,89,89
cars_train:06692.jpg,1,70,118
cars_train:06693.jpg,4,60,60
cars_train:06694.jpg,0,97,97
cars_train:06695.jpg,4,81,81
cars_train:06696.jpg,1,29,29
cars_train:06697.jpg,2,173,173
cars_train:06698.jpg,2,164,164
cars_train:06699.jpg,2,140,140
cars_train:06700.jpg,0,146,146
cars_train:06701.jpg,3,46,46
cars_train:06702.jpg,3,49,49
cars_train:06703.jpg,2,26,26
cars_train:06704.jpg,3,24,24
cars_train:06705.jpg,1,21,13
cars_train:06706.jpg,4,176,176
cars_train:06707.jpg,1,104,104
cars_train:06708.jpg,1,11,11
cars_train:06709.jpg,1,101,101
cars_train:06710.jpg,4,174,174
cars_train:06711.jpg,2,89,89
cars_train:06712.jpg,4,35,34
cars_train:06713.jpg,2,45,44
cars_train:06714.jpg,1,32,32
cars_train:06715.jpg,2,52,52
cars_train:06716.jpg,2,20,20
cars_train:06717.jpg,3,165,165
cars_train:06718.jpg,3,5,5
cars_train:06719.jpg,1,46,46
cars_train:06720.jpg,2,124,124
cars_train:06721.jpg,4,150,150
cars_train:06722.jpg,2,167,167
cars_train:06723.jpg,2,115,115
cars_train:06724.jpg,2,128,128
cars_train:06725.jpg,0,144,144
cars_train:06726.jpg,4,65,65
cars_train:06727.jpg,2,169,169
cars_train:06728.jpg,1,47,47
cars_train:06729.jpg,4,40,40
cars_train:06730.jpg,2,186,186
cars_train:06731.jpg,4,82,83
cars_train:06732.jpg,0,146,146
cars_train:06733.jpg,4,133,133
cars_train:06734.jpg,0,25,25
cars_train:06735.jpg,0,91,91
cars_train:06736.jpg,3,147,147
cars_train:06737.jpg,1,109,109
cars_train:06738.jpg,2,79,54
cars_train:06739.jpg,1,53,53
cars_train:06740.jpg,4,165,165
cars_train:06741.jpg,4,19,19
cars_train:06742.jpg,1,75,75
cars_train:06743.jpg,4,192,183
cars_train:06744.jpg,4,91,91
cars_train:06745.jpg,3,136,136
cars_train:06746.jpg,0,112,112
cars_train:06747.jpg,1,71,71
cars_train:06748.jpg,1,85,85
cars_train:06749.jpg,2,120,120
cars_train:06750.jpg,0,94,94
cars_train:06751.jpg,4,2,2
cars_train:06752.jpg,3,26,26
cars_train:06753.jpg,1,146,146
cars_train:06754.jpg,0,118,63
cars_train:06755.jpg,4,134,134
cars_train:06756.jpg,1,21,21
cars_train:06757.jpg,4,55,55
cars_train:06758.jpg,4,33,33
cars_train:06759.jpg,1,195,195
cars_train:06760.jpg,2,114,114
cars_train:06761.jpg,2,108,108
cars_train:06762.jpg,2,81,81
cars_train:06763.jpg,0,79,79
cars_train:06764.jpg,2,136,136
cars_train:06765.jpg,3,67,67
cars_train:06766.jpg,3,157,157
cars_train:06767.jpg,4,61,61
cars_train:06768.jpg,2,39,39
cars_train:06769.jpg,1,178,178
cars_train:06770.jpg,1,75,75
cars_train:06771.jpg,0,9,9
cars_train:06772.jpg,4,71,71
cars_train:06773.jpg,2,138,138
cars_train:06774.jpg,0,4,4
cars_train:06775.jpg,2,105,105
cars_train:06776.jpg,3,167,167
cars_train:06777.jpg,1,182,182
cars_train:06778.jpg,4,21,12
cars_train:06779.jpg,2,59,59
cars_train:06780.jpg,4,60,60
cars_train:06781.jpg,4,43,43
cars_train:06782.jpg,0,7,7
cars_train:06783.jpg,3,191,191
cars_train:06784.jpg,0,2,2
cars_train:06785.jpg,1,179,179
cars_train:06786.jpg,3,127,127
cars_train:06787.jpg,2,46,46
cars_train:06788.jpg,2,107,107
cars_train:06789.jpg,4,142,142
cars_train:06790.jpg,3,81,81
cars_train:06791.jpg,1,166,166
cars_train:06792.jpg,2,38,38
cars_train:06793.jpg,0,20,20
cars_train:06794.jpg,2,46,46
cars_train:06795.jpg,3,155,155
cars_train:06796.jpg,4,89,89
cars_train:06797.jpg,0,145,123
cars_train:06798.jpg,1,98,98
cars_train:06799.jpg,2,111,111
cars_train:06800.jpg,2,41,41
cars_train:06801.jpg,2,58,58
cars_train:06802.jpg,4,66,66
cars_train:06803.jpg,0,88,88
cars_train:06804.jpg,2,84,84
cars_train:06805.jpg,3,142,142
cars_train:06806.jpg,4,125,125
cars_train:06807.jpg,2,60,183
cars_train:06808.jpg,3,148,148
cars_train:06809.jpg,4,105,105
cars_train:06810.jpg,4,71,71
cars_train:06811.jpg,1,105,105
cars_train:06812.jpg,0,132,132
cars_train:06813.jpg,1,118,118
cars_train:06814.jpg,3,105,105
cars_train:06815.jpg,1,53,53
cars_train:06816.jpg,0,2,128
cars_train:06817.jpg,2,105,105
cars_train:06818.jpg,3,135,135
cars_train:06819.jpg,2,191,191
cars_train:06820.jpg,3,165,165
cars_train:06821.jpg,2,189,189
cars_train:06822.jpg,4,147,147
cars_train:06823.jpg,2,30,30
cars_train:06824.jpg,2,109,109
cars_train:06825.jpg,0,113,113
cars_train:06826.jpg,4,21,20
cars_train:06827.jpg,3,141,141
cars_train:06828.jpg,0,91,91
cars_train:06829.jpg,2,34,34
cars_train:06830.jpg,1,19,19
cars_train:06831.jpg,3,165,165
cars_train:06832.jpg,0,7,7
cars_train:06833.jpg,3,0,0
cars_train:06834.jpg,3,66,66
cars_train:06835.jpg,4,181,181
cars_train:06836.jpg,0,102,101
cars_train:06837.jpg,4,163,163
cars_train:06838.jpg,3,163,163
cars_train:06839.jpg,1,1,4
cars_train:06840.jpg,4,160,160
cars_train:06841.jpg,3,176,176
cars_train:06842.jpg,1,134,134
cars_train:06843.jpg,1,135,135
cars_train:06844.jpg,4,177,177
cars_train:06845.jpg,2,13,18
cars_train:06846.jpg,1,137,137
cars_train:06847.jpg,2,86,86
cars_train:06848.jpg,2,73,73
cars_train:06849.jpg,1,47,47
cars_train:06850.jpg,4,4,4
cars_train:06851.jpg,4,144,144
cars_train:06852.jpg,3,23,23
cars_train:06853.jpg,3,120,120
cars_train:06854.jpg,3,157,174
cars_train:06855.jpg,4,144,144
cars_train:06856.jpg,4,70,118
cars_train:06857.jpg,2,13,13
cars_train:06858.jpg,2,179,101
cars_train:06859.jpg,4,11,11
cars_train:06860.jpg,3,39,39
cars_train:06861.jpg,1,161,161
cars_train:06862.jpg,4,61,61
cars_train:06863.jpg,0,49,49
cars_train:06864.jpg,1,74,74
cars_train:06865.jpg,4,147,147
cars_train:06866.jpg,1,186,186
cars_train:06867.jpg,3,184,184
cars_train:06868.jpg,4,83,83
cars_train:06869.jpg,4,14,14
cars_train:06870.jpg,2,195,195
cars_train:06871.jpg,4,17,17
cars_train:06872.jpg,3,177,177
cars_train:06873.jpg,2,17,17
cars_train:06874.jpg,3,154,154
cars_train:06875.jpg,4,124,124
cars_train:06876.jpg,2,70,70
cars_train:06877.jpg,1,138,138
cars_train:06878.jpg,1,113,113
cars_train:06879.jpg,3,28,28
cars_train:06880.jpg,4,71,71
cars_train:06881.jpg,3,83,83
cars_train:06882.jpg,4,78,78
cars_train:06883.jpg,2,58,58
cars_train:06884.jpg,3,154,154
cars_train:06885.jpg,4,29,29
cars_train:06886.jpg,3,56,56
cars_train:06887.jpg,1,100,100
cars_train:06888.jpg,0,85,85
cars_train:06889.jpg,4,181,181
cars_train:06890.jpg,2,107,107
cars_train:06891.jpg,3,28,28
cars_train:06892.jpg,1,30,30
cars_train:06893.jpg,4,114,114
cars_train:06894.jpg,2,26,26
cars_train:06895.jpg,2,153,153
cars_train:06896.jpg,2,8,8
cars_train:06897.jpg,1,161,161
cars_train:06898.jpg,3,65,65
cars_train:06899.jpg,0,147,147
cars_train:06900.jpg,0,143,143
cars_train:06901.jpg,1,81,81
cars_train:06902.jpg,0,54,54
cars_train:06903.jpg,1,96,96
cars_train:06904.jpg,2,11,11
cars_train:06905.jpg,2,113,113
cars_train:06906.jpg,4,9,9
cars_train:06907.jpg,4,31,31
cars_train:06908.jpg,0,145,145
cars_train:06909.jpg,3,146,146
cars_train:06910.jpg,4,100,100
cars_train:06911.jpg,1,176,176
cars_train:06912.jpg,4,114,114
cars_train:06913.jpg,3,90,90
cars_train:06914.jpg,2,19,19
cars_train:06915.jpg,3,41,41
cars_train:06916.jpg,4,24,24
cars_train:06917.jpg,4,59,59
cars_train:06918.jpg,0,138,138
cars_train:06919.jpg,1,29,29
cars_train:06920.jpg,4,155,155
cars_train:06921.jpg,2,8,8
cars_train:06922.jpg,0,132,132
cars_train:06923.jpg,3,54,54
cars_train:06924.jpg,1,47,47
cars_train:06925.jpg,2,59,59
cars_train:06926.jpg,1,149,149
cars_train:06927.jpg,3,177,177
cars_train:06928.jpg,2,137,137
cars_train:06929.jpg,0,109,109
cars_train:06930.jpg,2,141,141
cars_train:06931.jpg,0,86,86
cars_train:06932.jpg,3,126,126
cars_train:06933.jpg,4,144,144
cars_train:06934.jpg,0,29,29
cars_train:06935.jpg,4,192,192
cars_train:06936.jpg,1,140,140
cars_train:06937.jpg,0,90,90
cars_train:06938.jpg,0,78,78
cars_train:06939.jpg,0,124,124
cars_train:06940.jpg,0,75,75
cars_train:06941.jpg,3,54,54
cars_train:06942.jpg,3,133,133
cars_train:06943.jpg,2,122,0
cars_train:06944.jpg,0,78,78
cars_train:06945.jpg,1,29,28
cars_train:06946.jpg,0,69,69
cars_train:06947.jpg,1,16,16
cars_train:06948.jpg,1,93,93
cars_train:06949.jpg,3,25,172
cars_train:06950.jpg,0,166,166
cars_train:06951.jpg,2,132,132
cars_train:06952.jpg,1,40,40
cars_train:06953.jpg,1,38,38
cars_train:06954.jpg,0,19,19
cars_train:06955.jpg,3,141,141
cars_train:06956.jpg,1,22,22
cars_train:06957.jpg,2,136,136
cars_train:06958.jpg,0,178,178
cars_train:06959.jpg,0,79,79
cars_train:06960.jpg,0,193,193
cars_train:06961.jpg,3,146,146
cars_train:06962.jpg,1,91,91
cars_train:06963.jpg,1,108,108
cars_train:06964.jpg,2,107,107
cars_train:06965.jpg,4,183,183
cars_train:06966.jpg,4,84,84
cars_train:06967.jpg,0,112,112
cars_train:06968.jpg,4,130,130
cars_train:06969.jpg,3,20,20
cars_train:06970.jpg,2,95,95
cars_train:06971.jpg,2,70,63
cars_train:06972.jpg,1,51,51
cars_train:06973.jpg,0,137,137
cars_train:06974.jpg,3,2,2
cars_train:06975.jpg,0,153,153
cars_train:06976.jpg,2,81,81
cars_train:06977.jpg,4,148,148
cars_train:06978.jpg,4,86,86
cars_train:06979.jpg,0,100,100
cars_train:06980.jpg,4,166,166
cars_train:06981.jpg,4,173,173
cars_train:06982.jpg,2,141,141
cars_train:06983.jpg,2,172,172
cars_train:06984.jpg,2,14,14
cars_train:06985.jpg,0,79,79
cars_train:06986.jpg,3,99,99
cars_train:06987.jpg,2,134,134
cars_train:06988.jpg,3,173,173
cars_train:06989.jpg,3,169,169
cars_train:06990.jpg,3,148,148
cars_train:06991.jpg,0,12,12
cars_train:06992.jpg,3,135,135
cars_train:06993.jpg,2,88,88
cars_train:06994.jpg,3,43,43
cars_train:06995.jpg,3,102,102
cars_train:06996.jpg,1,91,91
cars_train:06997.jpg,0,36,36
cars_train:06998.jpg,0,174,175
cars_train:06999.jpg,2,79,79
cars_train:07000.jpg,4,176,176
cars_train:07001.jpg,2,117,117
cars_train:07002.jpg,3,17,17
cars_train:07003.jpg,3,185,185
cars_train:07004.jpg,2,154,154
cars_train:07005.jpg,4,10,10
cars_train:07006.jpg,4,187,187
cars_train:07007.jpg,0,129,129
cars_train:07008.jpg,3,11,11
cars_train:07009.jpg,0,154,154
cars_train:07010.jpg,3,119,119
cars_train:07011.jpg,2,142,47
cars_train:07012.jpg,4,95,95
cars_train:07013.jpg,2,166,166
cars_train:07014.jpg,4,117,117
cars_train:07015.jpg,3,132,132
cars_train:07016.jpg,0,140,140
cars_train:07017.jpg,3,50,50
cars_train:07018.jpg,4,172,172
cars_train:07019.jpg,3,68,74
cars_train:07020.jpg,4,88,88
cars_train:07021.jpg,2,94,94
cars_train:07022.jpg,1,27,27
cars_train:07023.jpg,1,115,115
cars_train:07024.jpg,4,159,159
cars_train:07025.jpg,1,0,0
cars_train:07026.jpg,0,195,195
cars_train:07027.jpg,3,37,37
cars_train:07028.jpg,0,17,17
cars_train:07029.jpg,4,50,51
cars_train:07030.jpg,2,96,96
cars_train:07031.jpg,4,27,27
cars_train:07032.jpg,4,109,109
cars_train:07033.jpg,2,138,138
cars_train:07034.jpg,3,33,33
cars_train:07035.jpg,3,74,74
cars_train:07036.jpg,1,71,71
cars_train:07037.jpg,4,180,180
cars_train:07038.jpg,0,146,146
cars_train:07039.jpg,2,21,19
cars_train:07040.jpg,1,30,30
cars_train:07041.jpg,2,116,116
cars_train:07042.jpg,2,174,174
cars_train:07043.jpg,1,101,101
cars_train:07044.jpg,3,89,89
cars_train:07045.jpg,3,29,29
cars_train:07046.jpg,2,79,79
cars_train:07047.jpg,3,70,63
cars_train:07048.jpg,2,10,10
cars_train:07049.jpg,4,190,190
cars_train:07050.jpg,4,3,3
cars_train:07051.jpg,4,34,34
cars_train:07052.jpg,1,58,58
cars_train:07053.jpg,2,15,17
cars_train:07054.jpg,2,114,114
cars_train:07055.jpg,4,165,165
cars_train:07056.jpg,3,34,34
cars_train:07057.jpg,0,93,93
cars_train:07058.jpg,2,47,107
cars_train:07059.jpg,0,18,13
cars_train:07060.jpg,3,104,46
cars_train:07061.jpg,3,6,6
cars_train:07062.jpg,3,117,117
cars_train:07063.jpg,1,140,140
cars_train:07064.jpg,0,85,85
cars_train:07065.jpg,0,115,115
cars_train:07066.jpg,1,193,193
cars_train:07067.jpg,4,193,193
cars_train:07068.jpg,3,56,56
cars_train:07069.jpg,3,122,122
cars_train:07070.jpg,3,77,77
cars_train:07071.jpg,4,122,122
cars_train:07072.jpg,0,126,126
cars_train:07073.jpg,2,191,191
cars_train:07074.jpg,0,77,77
cars_train:07075.jpg,0,53,53
cars_train:07076.jpg,1,16,16
cars_train:07077.jpg,3,62,62
cars_train:07078.jpg,2,139,139
cars_train:07079.jpg,2,107,107
cars_train:07080.jpg,3,151,151
cars_train:07081.jpg,4,33,33
cars_train:07082.jpg,3,44,44
cars_train:07083.jpg,4,105,105
cars_train:07084.jpg,0,50,50
cars_train:07085.jpg,2,67,67
cars_train:07086.jpg,3,50,50
cars_train:07087.jpg,0,85,85
cars_train:07088.jpg,1,146,146
cars_train:07089.jpg,2,58,58
cars_train:07090.jpg,2,14,14
cars_train:07091.jpg,4,97,97
cars_train:07092.jpg,3,190,190
cars_train:07093.jpg,3,138,138
cars_train:07094.jpg,4,155,155
cars_train:07095.jpg,3,106,106
cars_train:07096.jpg,3,162,162
cars_train:07097.jpg,3,70,63
cars_train:07098.jpg,3,106,106
cars_train:07099.jpg,0,106,158
cars_train:07100.jpg,2,156,156
cars_train:07101.jpg,4,85,86
cars_train:07102.jpg,1,184,184
cars_train:07103.jpg,4,14,14
cars_train:07104.jpg,4,77,77
cars_train:07105.jpg,2,96,96
cars_train:07106.jpg,4,158,158
cars_train:07107.jpg,1,96,96
cars_train:07108.jpg,4,44,44
cars_train:07109.jpg,0,39,39
cars_train:07110.jpg,1,59,59
cars_train:07111.jpg,2,125,125
cars_train:07112.jpg,3,49,49
cars_train:07113.jpg,2,167,167
cars_train:07114.jpg,1,143,143
cars_train:07115.jpg,1,21,21
cars_train:07116.jpg,4,56,56
cars_train:07117.jpg,0,116,116
cars_train:07118.jpg,2,10,10
cars_train:07119.jpg,0,32,32
cars_train:07120.jpg,4,80,80
cars_train:07121.jpg,2,2,2
cars_train:07122.jpg,3,59,59
cars_train:07123.jpg,0,77,77
cars_train:07124.jpg,4,157,157
cars_train:07125.jpg,0,165,87
cars_train:07126.jpg,0,51,51
cars_train:07127.jpg,1,158,158
cars_train:07128.jpg,2,103,103
cars_train:07129.jpg,3,154,154
cars_train:07130.jpg,1,15,15
cars_train:07131.jpg,4,32,32
cars_train:07132.jpg,3,45,45
cars_train:07133.jpg,0,172,172
cars_train:07134.jpg,1,31,31
cars_train:07135.jpg,3,157,157
cars_train:07136.jpg,4,183,183
cars_train:07137.jpg,1,117,117
cars_train:07138.jpg,1,67,67
cars_train:07139.jpg,1,63,63
cars_train:07140.jpg,0,161,163
cars_train:07141.jpg,2,159,159
cars_train:07142.jpg,2,18,18
cars_train:07143.jpg,2,113,113
cars_train:07144.jpg,3,26,27
cars_train:07145.jpg,0,148,148
cars_train:07146.jpg,1,28,28
cars_train:07147.jpg,3,191,191
cars_train:07148.jpg,4,110,110
cars_train:07149.jpg,1,177,177
cars_train:07150.jpg,2,61,61
cars_train:07151.jpg,4,175,175
cars_train:07152.jpg,1,63,118
cars_train:07153.jpg,4,118,118
cars_train:07154.jpg,0,39,39
cars_train:07155.jpg,2,27,27
cars_train:07156.jpg,3,107,107
cars_train:07157.jpg,4,41,41
cars_train:07158.jpg,2,110,110
cars_train:07159.jpg,1,109,109
cars_train:07160.jpg,1,168,168
cars_train:07161.jpg,2,65,65
cars_train:07162.jpg,1,107,107
cars_train:07163.jpg,4,103,104
cars_train:07164.jpg,2,153,153
cars_train:07165.jpg,4,59,59
cars_train:07166.jpg,1,72,72
cars_train:07167.jpg,4,57,57
cars_train:07168.jpg,3,41,41
cars_train:07169.jpg,4,6,6
cars_train:07170.jpg,3,84,84
cars_train:07171.jpg,1,5,5
cars_train:07172.jpg,0,181,181
cars_train:07173.jpg,3,28,29
cars_train:07174.jpg,4,5,5
cars_train:07175.jpg,0,2,2
cars_train:07176.jpg,4,164,164
cars_train:07177.jpg,0,192,192
cars_train:07178.jpg,2,126,126
cars_train:07179.jpg,4,132,132
cars_train:07180.jpg,3,166,166
cars_train:07181.jpg,4,135,135
cars_train:07182.jpg,0,91,91
cars_train:07183.jpg,1,121,121
cars_train:07184.jpg,3,188,188
cars_train:07185.jpg,1,150,150
cars_train:07186.jpg,3,65,65
cars_train:07187.jpg,1,33,33
cars_train:07188.jpg,2,134,134
cars_train:07189.jpg,4,132,17
cars_train:07190.jpg,2,79,79
cars_train:07191.jpg,2,3,3
cars_train:07192.jpg,1,64,52
cars_train:07193.jpg,0,35,35
cars_train:07194.jpg,2,53,73
cars_train:07195.jpg,4,17,17
cars_train:07196.jpg,4,50,50
cars_train:07197.jpg,4,107,107
cars_train:07198.jpg,2,103,103
cars_train:07199.jpg,1,151,151
cars_train:07200.jpg,3,146,146
cars_train:07201.jpg,2,132,132
cars_train:07202.jpg,4,195,195
cars_train:07203.jpg,0,152,152
cars_train:07204.jpg,0,179,179
cars_train:07205.jpg,2,71,71
cars_train:07206.jpg,3,11,20
cars_train:07207.jpg,0,141,141
cars_train:07208.jpg,2,132,132
cars_train:07209.jpg,3,96,96
cars_train:07210.jpg,0,173,173
cars_train:07211.jpg,1,137,137
cars_train:07212.jpg,2,74,74
cars_train:07213.jpg,2,17,17
cars_train:07214.jpg,2,3,3
cars_train:07215.jpg,3,134,134
cars_train:07216.jpg,3,82,82
cars_train:07217.jpg,1,163,163
cars_train:07218.jpg,1,148,148
cars_train:07219.jpg,2,100,100
cars_train:07220.jpg,2,163,163
cars_train:07221.jpg,0,103,103
cars_train:07222.jpg,4,108,108
cars_train:07223.jpg,1,148,148
cars_train:07224.jpg,2,108,108
cars_train:07225.jpg,4,167,167
cars_train:07226.jpg,2,84,84
cars_train:07227.jpg,3,144,144
cars_train:07228.jpg,1,33,33
cars_train:07229.jpg,3,88,88
cars_train:07230.jpg,3,128,128
cars_train:07231.jpg,0,172,172
cars_train:07232.jpg,3,45,44
cars_train:07233.jpg,1,46,46
cars_train:07234.jpg,4,168,168
cars_train:07235.jpg,3,63,63
cars_train:07236.jpg,4,46,46
cars_train:07237.jpg,2,63,63
cars_train:07238.jpg,1,47,47
cars_train:07239.jpg,0,111,111
cars_train:07240.jpg,1,114,114
cars_train:07241.jpg,4,11,11
cars_train:07242.jpg,0,91,91
cars_train:07243.jpg,1,99,99
cars_train:07244.jpg,2,93,93
cars_train:07245.jpg,4,73,53
cars_train:07246.jpg,4,168,168
cars_train:07247.jpg,2,82,82
cars_train:07248.jpg,1,93,93
cars_train:07249.jpg,0,88,88
cars_train:07250.jpg,2,132,132
cars_train:07251.jpg,3,166,104
cars_train:07252.jpg,2,30,30
cars_train:07253.jpg,2,98,98
cars_train:07254.jpg,4,65,65
cars_train:07255.jpg,3,158,158
cars_train:07256.jpg,3,68,68
cars_train:07257.jpg,3,64,64
cars_train:07258.jpg,2,23,23
cars_train:07259.jpg,2,187,187
cars_train:07260.jpg,1,89,89
cars_train:07261.jpg,2,61,61
cars_train:07262.jpg,2,27,26
cars_train:07263.jpg,1,31,31
cars_train:07264.jpg,3,80,80
cars_train:07265.jpg,3,55,56
cars_train:07266.jpg,0,120,120
cars_train:07267.jpg,4,80,80
cars_train:07268.jpg,3,134,137
cars_train:07269.jpg,0,29,29
cars_train:07270.jpg,1,106,106
cars_train:07271.jpg,1,123,123
cars_train:07272.jpg,1,175,175
cars_train:07273.jpg,4,15,15
cars_train:07274.jpg,4,145,145
cars_train:07275.jpg,0,190,190
cars_train:07276.jpg,3,58,58
cars_train:07277.jpg,1,38,38
cars_train:07278.jpg,2,7,9
cars_train:07279.jpg,4,0,0
cars_train:07280.jpg,0,186,186
cars_train:07281.jpg,4,149,149
cars_train:07282.jpg,2,168,168
cars_train:07283.jpg,3,81,81
cars_train:07284.jpg,1,126,126
cars_train:07285.jpg,3,40,40
cars_train:07286.jpg,3,34,34
cars_train:07287.jpg,1,131,131
cars_train:07288.jpg,2,185,185
cars_train:07289.jpg,3,167,167
cars_train:07290.jpg,3,0,0
cars_train:07291.jpg,4,98,98
cars_train:07292.jpg,0,32,32
cars_train:07293.jpg,0,146,146
cars_train:07294.jpg,3,145,145
cars_train:07295.jpg,2,22,22
cars_train:07296.jpg,1,44,45
cars_train:07297.jpg,3,88,88
cars_train:07298.jpg,3,116,116
cars_train:07299.jpg,0,131,131
cars_train:07300.jpg,3,121,121
cars_train:07301.jpg,3,182,182
cars_train:07302.jpg,4,62,62
cars_train:07303.jpg,0,124,124
cars_train:07304.jpg,2,179,179
cars_train:07305.jpg,3,175,175
cars_train:07306.jpg,2,177,158
cars_train:07307.jpg,4,11,11
cars_train:07308.jpg,2,31,31
cars_train:07309.jpg,4,141,141
cars_train:07310.jpg,4,79,79
cars_train:07311.jpg,1,31,31
cars_train:07312.jpg,3,18,18
cars_train:07313.jpg,1,18,18
cars_train:07314.jpg,0,164,164
cars_train:07315.jpg,4,122,122
cars_train:07316.jpg,3,124,124
cars_train:07317.jpg,4,94,94
cars_train:07318.jpg,2,146,146
cars_train:07319.jpg,1,136,136
cars_train:07320.jpg,3,75,75
cars_train:07321.jpg,2,68,68
cars_train:07322.jpg,0,125,125
cars_train:07323.jpg,3,133,133
cars_train:07324.jpg,2,139,139
cars_train:07325.jpg,0,59,59
cars_train:07326.jpg,2,77,77
cars_train:07327.jpg,2,116,116
cars_train:07328.jpg,3,73,73
cars_train:07329.jpg,0,133,133
cars_train:07330.jpg,4,139,139
cars_train:07331.jpg,3,94,94
cars_train:07332.jpg,3,93,93
cars_train:07333.jpg,2,170,170
cars_train:07334.jpg,2,78,78
cars_train:07335.jpg,3,159,159
cars_train:07336.jpg,3,134,134
cars_train:07337.jpg,0,142,142
cars_train:07338.jpg,4,46,46
cars_train:07339.jpg,1,23,23
cars_train:07340.jpg,3,10,10
cars_train:07341.jpg,3,49,49
cars_train:07342.jpg,3,87,87
cars_train:07343.jpg,0,173,173
cars_train:07344.jpg,2,94,94
cars_train:07345.jpg,3,189,189
cars_train:07346.jpg,3,2,2
cars_train:07347.jpg,1,122,122
cars_train:07348.jpg,4,139,139
cars_train:07349.jpg,0,61,61
cars_train:07350.jpg,2,127,127
cars_train:07351.jpg,1,6,6
cars_train:07352.jpg,0,141,141
cars_train:07353.jpg,0,42,42
cars_train:07354.jpg,0,35,30
cars_train:07355.jpg,0,84,84
cars_train:07356.jpg,0,173,173
cars_train:07357.jpg,3,137,137
cars_train:07358.jpg,2,186,186
cars_train:07359.jpg,2,162,162
cars_train:07360.jpg,2,191,191
cars_train:07361.jpg,3,73,73
cars_train:07362.jpg,1,150,150
cars_train:07363.jpg,4,32,32
cars_train:07364.jpg,3,3,3
cars_train:07365.jpg,4,156,156
cars_train:07366.jpg,4,34,34
cars_train:07367.jpg,3,150,150
cars_train:07368.jpg,0,136,136
cars_train:07369.jpg,4,194,194
cars_train:07370.jpg,3,92,92
cars_train:07371.jpg,1,83,83
cars_train:07372.jpg,0,177,177
cars_train:07373.jpg,3,192,192
cars_train:07374.jpg,0,157,157
cars_train:07375.jpg,1,187,187
cars_train:07376.jpg,2,179,179
cars_train:07377.jpg,0,13,20
cars_train:07378.jpg,4,84,84
cars_train:07379.jpg,2,65,65
cars_train:07380.jpg,0,85,85
cars_train:07381.jpg,4,83,82
cars_train:07382.jpg,2,141,141
cars_train:07383.jpg,0,17,16
cars_train:07384.jpg,4,17,17
cars_train:07385.jpg,2,41,41
cars_train:07386.jpg,0,9,9
cars_train:07387.jpg,1,74,74
cars_train:07388.jpg,3,58,58
cars_train:07389.jpg,0,31,31
cars_train:07390.jpg,2,109,109
cars_train:07391.jpg,2,145,145
cars_train:07392.jpg,0,2,2
cars_train:07393.jpg,2,186,186
cars_train:07394.jpg,3,108,108
cars_train:07395.jpg,3,73,68
cars_train:07396.jpg,4,43,43
cars_train:07397.jpg,3,82,83
cars_train:07398.jpg,2,119,119
cars_train:07399.jpg,2,171,171
cars_train:07400.jpg,2,181,181
cars_train:07401.jpg,3,150,150
cars_train:07402.jpg,1,192,192
cars_train:07403.jpg,3,181,181
cars_train:07404.jpg,3,193,193
cars_train:07405.jpg,2,55,55
cars_train:07406.jpg,2,69,69
cars_train:07407.jpg,0,32,32
cars_train:07408.jpg,0,14,14
cars_train:07409.jpg,3,167,167
cars_train:07410.jpg,3,187,187
cars_train:07411.jpg,0,78,78
cars_train:07412.jpg,2,98,98
cars_train:07413.jpg,2,194,194
cars_train:07414.jpg,0,180,180
cars_train:07415.jpg,0,120,120
cars_train:07416.jpg,1,78,78
cars_train:07417.jpg,4,32,32
cars_train:07418.jpg,2,126,126
cars_train:07419.jpg,3,58,58
cars_train:07420.jpg,3,131,131
cars_train:07421.jpg,1,167,167
cars_train:07422.jpg,1,119,119
cars_train:07423.jpg,1,13,18
cars_train:07424.jpg,4,185,185
cars_train:07425.jpg,4,56,56
cars_train:07426.jpg,4,52,52
cars_train:07427.jpg,4,116,116
cars_train:07428.jpg,0,130,130
cars_train:07429.jpg,0,80,80
cars_train:07430.jpg,2,93,93
cars_train:07431.jpg,2,54,54
cars_train:07432.jpg,2,66,66
cars_train:07433.jpg,3,40,40
cars_train:07434.jpg,3,132,132
cars_train:07435.jpg,4,184,184
cars_train:07436.jpg,0,130,130
cars_train:07437.jpg,4,65,65
cars_train:07438.jpg,1,171,171
cars_train:07439.jpg,2,11,11
cars_train:07440.jpg,3,50,50
cars_train:07441.jpg,1,192,192
cars_train:07442.jpg,4,85,85
cars_train:07443.jpg,0,128,128
cars_train:07444.jpg,2,170,170
cars_train:07445.jpg,1,3,3
cars_train:07446.jpg,1,116,116
cars_train:07447.jpg,2,94,94
cars_train:07448.jpg,3,171,171
cars_train:07449.jpg,0,149,149
cars_train:07450.jpg,4,4,4
cars_train:07451.jpg,3,44,44
cars_train:07452.jpg,4,195,195
cars_train:07453.jpg,2,83,83
cars_train:07454.jpg,2,192,192
cars_train:07455.jpg,3,195,195
cars_train:07456.jpg,2,171,171
cars_train:07457.jpg,2,190,190
cars_train:07458.jpg,0,42,43
cars_train:07459.jpg,0,133,133
cars_train:07460.jpg,3,111,111
cars_train:07461.jpg,2,175,175
cars_train:07462.jpg,2,112,112
cars_train:07463.jpg,0,3,3
cars_train:07464.jpg,4,106,106
cars_train:07465.jpg,1,93,93
cars_train:07466.jpg,4,103,103
cars_train:07467.jpg,3,151,151
cars_train:07468.jpg,3,15,15
cars_train:07469.jpg,0,56,56
cars_train:07470.jpg,2,138,138
cars_train:07471.jpg,0,8,8
cars_train:07472.jpg,0,64,64
cars_train:07473.jpg,4,150,150
cars_train:07474.jpg,1,84,84
cars_train:07475.jpg,1,108,108
cars_train:07476.jpg,3,159,159
cars_train:07477.jpg,4,188,185
cars_train:07478.jpg,1,82,82
cars_train:07479.jpg,1,55,55
cars_train:07480.jpg,0,36,36
cars_train:07481.jpg,2,72,72
cars_train:07482.jpg,1,97,97
cars_train:07483.jpg,4,5,5
cars_train:07484.jpg,1,55,55
cars_train:07485.jpg,2,88,88
cars_train:07486.jpg,0,139,139
cars_train:07487.jpg,4,0,0
cars_train:07488.jpg,3,96,96
cars_train:07489.jpg,3,171,171
cars_train:07490.jpg,1,52,52
cars_train:07491.jpg,3,44,44
cars_train:07492.jpg,2,181,181
cars_train:07493.jpg,4,17,17
cars_train:07494.jpg,2,166,166
cars_train:07495.jpg,1,43,43
cars_train:07496.jpg,2,15,15
cars_train:07497.jpg,3,79,79
cars_train:07498.jpg,1,63,63
cars_train:07499.jpg,0,59,36
cars_train:07500.jpg,1,195,195
cars_train:07501.jpg,1,25,25
cars_train:07502.jpg,3,78,78
cars_train:07503.jpg,3,22,22
cars_train:07504.jpg,3,144,144
cars_train:07505.jpg,0,162,162
cars_train:07506.jpg,1,176,176
cars_train:07507.jpg,1,164,164
cars_train:07508.jpg,0,127,127
cars_train:07509.jpg,2,47,47
cars_train:07510.jpg,1,167,167
cars_train:07511.jpg,4,36,36
cars_train:07512.jpg,1,136,136
cars_train:07513.jpg,3,174,174
cars_train:07514.jpg,4,62,62
cars_train:07515.jpg,3,155,155
cars_train:07516.jpg,1,106,106
cars_train:07517.jpg,0,128,128
cars_train:07518.jpg,0,47,47
cars_train:07519.jpg,4,78,78
cars_train:07520.jpg,3,166,166
cars_train:07521.jpg,0,128,128
cars_train:07522.jpg,1,81,81
cars_train:07523.jpg,0,97,97
cars_train:07524.jpg,0,26,27
cars_train:07525.jpg,0,73,73
cars_train:07526.jpg,4,61,64
cars_train:07527.jpg,0,158,158
cars_train:07528.jpg,1,48,48
cars_train:07529.jpg,2,49,49
cars_train:07530.jpg,2,46,48
cars_train:07531.jpg,0,149,149
cars_train:07532.jpg,4,146,146
cars_train:07533.jpg,0,52,52
cars_train:07534.jpg,0,74,74
cars_train:07535.jpg,1,15,15
cars_train:07536.jpg,1,50,50
cars_train:07537.jpg,1,195,195
cars_train:07538.jpg,1,50,50
cars_train:07539.jpg,1,90,90
cars_train:07540.jpg,1,190,190
cars_train:07541.jpg,4,71,71
cars_train:07542.jpg,4,150,150
cars_train:07543.jpg,3,113,110
cars_train:07544.jpg,1,170,5
cars_train:07545.jpg,2,55,54
cars_train:07546.jpg,1,140,140
cars_train:07547.jpg,1,49,49
cars_train:07548.jpg,1,71,71
cars_train:07549.jpg,3,142,142
cars_train:07550.jpg,4,180,180
cars_train:07551.jpg,1,191,191
cars_train:07552.jpg,0,89,89
cars_train:07553.jpg,1,23,23
cars_train:07554.jpg,3,75,75
cars_train:07555.jpg,4,96,96
cars_train:07556.jpg,3,89,89
cars_train:07557.jpg,0,29,29
cars_train:07558.jpg,2,173,173
cars_train:07559.jpg,0,96,96
cars_train:07560.jpg,2,150,149
cars_train:07561.jpg,2,78,78
cars_train:07562.jpg,4,23,23
cars_train:07563.jpg,2,66,66
cars_train:07564.jpg,4,79,79
cars_train:07565.jpg,4,84,84
cars_train:07566.jpg,3,16,16
cars_train:07567.jpg,1,155,155
cars_train:07568.jpg,1,154,154
cars_train:07569.jpg,0,51,51
cars_train:07570.jpg,2,54,54
cars_train:07571.jpg,0,152,152
cars_train:07572.jpg,1,12,21
cars_train:07573.jpg,4,91,91
cars_train:07574.jpg,1,25,25
cars_train:07575.jpg,2,54,54
cars_train:07576.jpg,2,97,97
cars_train:07577.jpg,0,28,28
cars_train:07578.jpg,1,51,51
cars_train:07579.jpg,3,148,148
cars_train:07580.jpg,1,153,153
cars_train:07581.jpg,3,137,137
cars_train:07582.jpg,1,180,180
cars_train:07583.jpg,2,172,172
cars_train:07584.jpg,4,64,73
cars_train:07585.jpg,3,49,49
cars_train:07586.jpg,3,13,13
cars_train:07587.jpg,1,67,67
cars_train:07588.jpg,0,147,147
cars_train:07589.jpg,0,107,107
cars_train:07590.jpg,0,23,23
cars_train:07591.jpg,4,86,86
cars_train:07592.jpg,4,31,31
cars_train:07593.jpg,4,142,142
cars_train:07594.jpg,4,195,195
cars_train:07595.jpg,4,141,141
cars_train:07596.jpg,2,149,149
cars_train:07597.jpg,0,126,126
cars_train:07598.jpg,1,42,42
cars_train:07599.jpg,0,9,9
cars_train:07600.jpg,4,49,49
cars_train:07601.jpg,0,171,171
cars_train:07602.jpg,1,92,92
cars_train:07603.jpg,0,64,64
cars_train:07604.jpg,3,82,82
cars_train:07605.jpg,1,43,43
cars_train:07606.jpg,0,163,163
cars_train:07607.jpg,1,173,173
cars_train:07608.jpg,3,173,173
cars_train:07609.jpg,2,194,194
cars_train:07610.jpg,2,10,10
cars_train:07611.jpg,0,130,130
cars_train:07612.jpg,0,116,116
cars_train:07613.jpg,1,111,111
cars_train:07614.jpg,0,62,62
cars_train:07615.jpg,2,93,93
cars_train:07616.jpg,1,172,172
cars_train:07617.jpg,0,146,146
cars_train:07618.jpg,0,43,43
cars_train:07619.jpg,4,45,45
cars_train:07620.jpg,2,138,138
cars_train:07621.jpg,2,95,95
cars_train:07622.jpg,1,72,72
cars_train:07623.jpg,3,176,176
cars_train:07624.jpg,4,96,58
cars_train:07625.jpg,0,49,49
cars_train:07626.jpg,4,74,74
cars_train:07627.jpg,2,155,155
cars_train:07628.jpg,1,181,181
cars_train:07629.jpg,0,148,148
cars_train:07630.jpg,0,178,178
cars_train:07631.jpg,4,85,85
cars_train:07632.jpg,3,142,142
cars_train:07633.jpg,2,193,193
cars_train:07634.jpg,3,191,191
cars_train:07635.jpg,1,45,44
cars_train:07636.jpg,1,175,175
cars_train:07637.jpg,1,183,183
cars_train:07638.jpg,4,109,109
cars_train:07639.jpg,4,30,30
cars_train:07640.jpg,0,150,150
cars_train:07641.jpg,0,147,147
cars_train:07642.jpg,4,179,179
cars_train:07643.jpg,3,78,78
cars_train:07644.jpg,2,94,94
cars_train:07645.jpg,2,83,83
cars_train:07646.jpg,1,14,99
cars_train:07647.jpg,4,149,149
cars_train:07648.jpg,1,188,188
cars_train:07649.jpg,4,17,17
cars_train:07650.jpg,2,178,178
cars_train:07651.jpg,1,32,32
cars_train:07652.jpg,1,176,176
cars_train:07653.jpg,1,170,170
cars_train:07654.jpg,2,102,102
cars_train:07655.jpg,3,106,106
cars_train:07656.jpg,0,91,91
cars_train:07657.jpg,3,33,33
cars_train:07658.jpg,2,152,152
cars_train:07659.jpg,2,191,191
cars_train:07660.jpg,2,89,89
cars_train:07661.jpg,4,3,3
cars_train:07662.jpg,4,130,130
cars_train:07663.jpg,1,2,2
cars_train:07664.jpg,1,68,73
cars_train:07665.jpg,2,50,50
cars_train:07666.jpg,1,5,5
cars_train:07667.jpg,0,145,145
cars_train:07668.jpg,4,179,179
cars_train:07669.jpg,2,28,28
cars_train:07670.jpg,4,58,58
cars_train:07671.jpg,4,169,169
cars_train:07672.jpg,4,35,35
cars_train:07673.jpg,4,44,44
cars_train:07674.jpg,2,104,104
cars_train:07675.jpg,2,163,163
cars_train:07676.jpg,1,67,67
cars_train:07677.jpg,2,108,108
cars_train:07678.jpg,4,32,32
cars_train:07679.jpg,3,42,41
cars_train:07680.jpg,1,69,69
cars_train:07681.jpg,0,12,21
cars_train:07682.jpg,4,119,119
cars_train:07683.jpg,3,194,194
cars_train:07684.jpg,4,0,0
cars_train:07685.jpg,4,119,119
cars_train:07686.jpg,3,108,108
cars_train:07687.jpg,1,128,128
cars_train:07688.jpg,1,163,163
cars_train:07689.jpg,0,26,26
cars_train:07690.jpg,1,100,100
cars_train:07691.jpg,2,140,140
cars_train:07692.jpg,2,41,41
cars_train:07693.jpg,3,16,16
cars_train:07694.jpg,3,162,162
cars_train:07695.jpg,1,128,128
cars_train:07696.jpg,0,5,5
cars_train:07697.jpg,0,142,142
cars_train:07698.jpg,3,179,56
cars_train:07699.jpg,0,53,53
cars_train:07700.jpg,2,80,80
cars_train:07701.jpg,0,164,164
cars_train:07702.jpg,1,193,193
cars_train:07703.jpg,3,64,61
cars_train:07704.jpg,2,8,9
cars_train:07705.jpg,3,116,116
cars_train:07706.jpg,1,3,3
cars_train:07707.jpg,4,183,183
cars_train:07708.jpg,3,124,124
cars_train:07709.jpg,3,37,37
cars_train:07710.jpg,2,154,154
cars_train:07711.jpg,2,144,144
cars_train:07712.jpg,3,163,163
cars_train:07713.jpg,3,66,66
cars_train:07714.jpg,3,78,78
cars_train:07715.jpg,2,181,181
cars_train:07716.jpg,4,110,110
cars_train:07717.jpg,1,156,156
cars_train:07718.jpg,0,32,32
cars_train:07719.jpg,2,145,145
cars_train:07720.jpg,2,153,153
cars_train:07721.jpg,2,29,29
cars_train:07722.jpg,2,165,87
cars_train:07723.jpg,3,129,129
cars_train:07724.jpg,0,104,104
cars_train:07725.jpg,2,187,187
cars_train:07726.jpg,1,65,65
cars_train:07727.jpg,3,14,14
cars_train:07728.jpg,1,184,184
cars_train:07729.jpg,0,142,142
cars_train:07730.jpg,2,119,119
cars_train:07731.jpg,4,34,34
cars_train:07732.jpg,4,112,112
cars_train:07733.jpg,2,154,154
cars_train:07734.jpg,3,78,78
cars_train:07735.jpg,1,80,80
cars_train:07736.jpg,3,152,152
cars_train:07737.jpg,3,83,83
cars_train:07738.jpg,4,120,120
cars_train:07739.jpg,0,45,45
cars_train:07740.jpg,0,10,10
cars_train:07741.jpg,4,165,165
cars_train:07742.jpg,3,140,140
cars_train:07743.jpg,3,178,179
cars_train:07744.jpg,1,124,123
cars_train:07745.jpg,3,65,65
cars_train:07746.jpg,2,155,155
cars_train:07747.jpg,4,160,160
cars_train:07748.jpg,4,166,166
cars_train:07749.jpg,2,54,54
cars_train:07750.jpg,2,123,123
cars_train:07751.jpg,2,28,28
cars_train:07752.jpg,0,3,3
cars_train:07753.jpg,1,144,144
cars_train:07754.jpg,4,41,41
cars_train:07755.jpg,3,128,128
cars_train:07756.jpg,0,72,72
cars_train:07757.jpg,2,119,119
cars_train:07758.jpg,3,157,157
cars_train:07759.jpg,2,35,35
cars_train:07760.jpg,4,139,139
cars_train:07761.jpg,4,122,122
cars_train:07762.jpg,4,93,93
cars_train:07763.jpg,2,76,76
cars_train:07764.jpg,3,35,35
cars_train:07765.jpg,4,13,12
cars_train:07766.jpg,1,45,45
cars_train:07767.jpg,3,32,32
cars_train:07768.jpg,2,97,97
cars_train:07769.jpg,0,6,6
cars_train:07770.jpg,2,188,188
cars_train:07771.jpg,3,146,146
cars_train:07772.jpg,1,114,114
cars_train:07773.jpg,3,130,130
cars_train:07774.jpg,0,16,16
cars_train:07775.jpg,3,105,105
cars_train:07776.jpg,0,121,121
cars_train:07777.jpg,0,172,172
cars_train:07778.jpg,1,42,42
cars_train:07779.jpg,1,190,190
cars_train:07780.jpg,4,66,66
cars_train:07781.jpg,3,87,87
cars_train:07782.jpg,2,84,84
cars_train:07783.jpg,0,103,103
cars_train:07784.jpg,1,67,67
cars_train:07785.jpg,4,94,94
cars_train:07786.jpg,1,120,120
cars_train:07787.jpg,1,80,80
cars_train:07788.jpg,0,191,191
cars_train:07789.jpg,1,43,43
cars_train:07790.jpg,2,101,159
cars_train:07791.jpg,2,170,170
cars_train:07792.jpg,2,185,185
cars_train:07793.jpg,4,30,30
cars_train:07794.jpg,4,120,120
cars_train:07795.jpg,4,142,142
cars_train:07796.jpg,3,172,172
cars_train:07797.jpg,1,43,43
cars_train:07798.jpg,3,160,160
cars_train:07799.jpg,3,178,178
cars_train:07800.jpg,2,5,5
cars_train:07801.jpg,1,80,80
cars_train:07802.jpg,0,72,72
cars_train:07803.jpg,2,79,79
cars_train:07804.jpg,4,91,91
cars_train:07805.jpg,3,26,27
cars_train:07806.jpg,3,177,177
cars_train:07807.jpg,0,176,176
cars_train:07808.jpg,4,192,192
cars_train:07809.jpg,3,72,72
cars_train:07810.jpg,4,153,153
cars_train:07811.jpg,1,147,147
cars_train:07812.jpg,4,37,37
cars_train:07813.jpg,1,110,110
cars_train:07814.jpg,1,172,172
cars_train:07815.jpg,0,188,188
cars_train:07816.jpg,4,131,131
cars_train:07817.jpg,2,160,160
cars_train:07818.jpg,3,90,89
cars_train:07819.jpg,1,183,183
cars_train:07820.jpg,1,111,111
cars_train:07821.jpg,4,171,171
cars_train:07822.jpg,2,18,13
cars_train:07823.jpg,4,189,189
cars_train:07824.jpg,1,72,72
cars_train:07825.jpg,4,161,161
cars_train:07826.jpg,3,151,151
cars_train:07827.jpg,0,174,174
cars_train:07828.jpg,2,118,118
cars_train:07829.jpg,4,101,101
cars_train:07830.jpg,4,109,109
cars_train:07831.jpg,0,56,56
cars_train:07832.jpg,4,95,95
cars_train:07833.jpg,1,6,6
cars_train:07834.jpg,1,175,175
cars_train:07835.jpg,0,156,156
cars_train:07836.jpg,1,92,92
cars_train:07837.jpg,1,111,111
cars_train:07838.jpg,4,147,147
cars_train:07839.jpg,3,173,173
cars_train:07840.jpg,0,104,104
cars_train:07841.jpg,1,28,28
cars_train:07842.jpg,0,76,76
cars_train:07843.jpg,1,116,116
cars_train:07844.jpg,0,119,119
cars_train:07845.jpg,4,170,170
cars_train:07846.jpg,4,195,195
cars_train:07847.jpg,2,155,155
cars_train:07848.jpg,0,49,49
cars_train:07849.jpg,4,101,101
cars_train:07850.jpg,0,58,58
cars_train:07851.jpg,4,163,163
cars_train:07852.jpg,0,73,74
cars_train:07853.jpg,0,51,51
cars_train:07854.jpg,1,20,20
cars_train:07855.jpg,3,94,94
cars_train:07856.jpg,2,155,155
cars_train:07857.jpg,3,165,165
cars_train:07858.jpg,0,193,193
cars_train:07859.jpg,0,171,171
cars_train:07860.jpg,4,5,5
cars_train:07861.jpg,0,61,61
cars_train:07862.jpg,0,122,122
cars_train:07863.jpg,4,73,73
cars_train:07864.jpg,2,131,131
cars_train:07865.jpg,0,152,152
cars_train:07866.jpg,3,190,190
cars_train:07867.jpg,2,44,44
cars_train:07868.jpg,4,68,68
cars_train:07869.jpg,1,91,91
cars_train:07870.jpg,1,103,103
cars_train:07871.jpg,2,74,74
cars_train:07872.jpg,4,147,147
cars_train:07873.jpg,3,144,144
cars_train:07874.jpg,3,47,47
cars_train:07875.jpg,4,110,110
cars_train:07876.jpg,3,55,55
cars_train:07877.jpg,4,159,172
cars_train:07878.jpg,4,23,23
cars_train:07879.jpg,4,18,13
cars_train:07880.jpg,3,25,25
cars_train:07881.jpg,0,129,129
cars_train:07882.jpg,2,159,159
cars_train:07883.jpg,0,94,94
cars_train:07884.jpg,1,165,165
cars_train:07885.jpg,2,20,20
cars_train:07886.jpg,4,136,136
cars_train:07887.jpg,0,133,133
cars_train:07888.jpg,2,163,163
cars_train:07889.jpg,3,23,19
cars_train:07890.jpg,3,191,191
cars_train:07891.jpg,4,151,151
cars_train:07892.jpg,4,49,49
cars_train:07893.jpg,3,161,161
cars_train:07894.jpg,2,49,49
cars_train:07895.jpg,3,195,195
cars_train:07896.jpg,0,34,34
cars_train:07897.jpg,4,1,127
cars_train:07898.jpg,3,92,92
cars_train:07899.jpg,2,92,92
cars_train:07900.jpg,2,193,193
cars_train:07901.jpg,0,37,37
cars_train:07902.jpg,3,146,144
cars_train:07903.jpg,0,158,158
cars_train:07904.jpg,1,73,68
cars_train:07905.jpg,3,106,106
cars_train:07906.jpg,4,118,118
cars_train:07907.jpg,1,67,67
cars_train:07908.jpg,2,48,48
cars_train:07909.jpg,2,99,99
cars_train:07910.jpg,3,50,50
cars_train:07911.jpg,2,73,73
cars_train:07912.jpg,4,95,95
cars_train:07913.jpg,2,80,80
cars_train:07914.jpg,1,160,160
cars_train:07915.jpg,0,135,135
cars_train:07916.jpg,3,3,3
cars_train:07917.jpg,0,187,187
cars_train:07918.jpg,0,115,115
cars_train:07919.jpg,3,170,170
cars_train:07920.jpg,4,140,140
cars_train:07921.jpg,0,46,46
cars_train:07922.jpg,3,33,33
cars_train:07923.jpg,1,94,94
cars_train:07924.jpg,4,93,93
cars_train:07925.jpg,0,54,54
cars_train:07926.jpg,2,171,171
cars_train:07927.jpg,4,118,118
cars_train:07928.jpg,4,158,158
cars_train:07929.jpg,1,183,183
cars_train:07930.jpg,1,15,15
cars_train:07931.jpg,1,55,55
cars_train:07932.jpg,2,172,172
cars_train:07933.jpg,0,107,107
cars_train:07934.jpg,2,182,182
cars_train:07935.jpg,0,178,179
cars_train:07936.jpg,2,166,166
cars_train:07937.jpg,3,108,108
cars_train:07938.jpg,4,23,23
cars_train:07939.jpg,4,188,188
cars_train:07940.jpg,2,46,46
cars_train:07941.jpg,2,156,156
cars_train:07942.jpg,3,130,130
cars_train:07943.jpg,4,61,61
cars_train:07944.jpg,4,157,157
cars_train:07945.jpg,0,127,127
cars_train:07946.jpg,4,142,142
cars_train:07947.jpg,2,88,88
cars_train:07948.jpg,3,43,43
cars_train:07949.jpg,4,190,190
cars_train:07950.jpg,0,119,119
cars_train:07951.jpg,4,48,48
cars_train:07952.jpg,3,127,127
cars_train:07953.jpg,4,76,76
cars_train:07954.jpg,1,55,55
cars_train:07955.jpg,0,116,116
cars_train:07956.jpg,0,50,50
cars_train:07957.jpg,1,180,183
cars_train:07958.jpg,0,191,191
cars_train:07959.jpg,4,156,156
cars_train:07960.jpg,1,1,1
cars_train:07961.jpg,4,127,127
cars_train:07962.jpg,1,128,128
cars_train:07963.jpg,3,68,74
cars_train:07964.jpg,1,41,40
cars_train:07965.jpg,1,81,81
cars_train:07966.jpg,4,0,0
cars_train:07967.jpg,4,94,94
cars_train:07968.jpg,2,51,51
cars_train:07969.jpg,2,61,61
cars_train:07970.jpg,3,170,170
cars_train:07971.jpg,2,98,98
cars_train:07972.jpg,1,106,11
cars_train:07973.jpg,1,81,81
cars_train:07974.jpg,1,52,52
cars_train:07975.jpg,0,174,174
cars_train:07976.jpg,2,12,12
cars_train:07977.jpg,4,167,167
cars_train:07978.jpg,0,150,150
cars_train:07979.jpg,2,81,81
cars_train:07980.jpg,4,69,69
cars_train:07981.jpg,0,92,92
cars_train:07982.jpg,4,175,175
cars_train:07983.jpg,1,92,92
cars_train:07984.jpg,3,178,178
cars_train:07985.jpg,0,118,118
cars_train:07986.jpg,2,144,144
cars_train:07987.jpg,0,186,186
cars_train:07988.jpg,1,133,133
cars_train:07989.jpg,4,189,189
cars_train:07990.jpg,2,42,6
cars_train:07991.jpg,4,153,153
cars_train:07992.jpg,2,136,136
cars_train:07993.jpg,4,102,102
cars_train:07994.jpg,1,30,30
cars_train:07995.jpg,0,107,107
cars_train:07996.jpg,4,170,170
cars_train:07997.jpg,1,141,141
cars_train:07998.jpg,1,75,75
cars_train:07999.jpg,0,69,69
cars_train:08000.jpg,1,161,161
cars_train:08001.jpg,1,148,148
cars_train:08002.jpg,2,160,160
cars_train:08003.jpg,4,130,130
cars_train:08004.jpg,4,29,29
cars_train:08005.jpg,2,2,2
cars_train:08006.jpg,1,139,139
cars_train:08007.jpg,2,35,35
cars_train:08008.jpg,0,65,65
cars_train:08009.jpg,0,161,161
cars_train:08010.jpg,2,16,16
cars_train:08011.jpg,0,0,0
cars_train:08012.jpg,2,149,149
cars_train:08013.jpg,4,118,118
cars_train:08014.jpg,4,11,11
cars_train:08015.jpg,3,39,39
cars_train:08016.jpg,1,4,4
cars_train:08017.jpg,0,64,64
cars_train:08018.jpg,2,5,5
cars_train:08019.jpg,4,137,137
cars_train:08020.jpg,1,86,86
cars_train:08021.jpg,1,27,27
cars_train:08022.jpg,1,151,151
cars_train:08023.jpg,1,140,140
cars_train:08024.jpg,0,158,158
cars_train:08025.jpg,4,118,118
cars_train:08026.jpg,0,23,19
cars_train:08027.jpg,1,12,12
cars_train:08028.jpg,1,12,12
cars_train:08029.jpg,0,105,105
cars_train:08030.jpg,2,98,98
cars_train:08031.jpg,2,0,0
cars_train:08032.jpg,2,33,33
cars_train:08033.jpg,0,35,30
cars_train:08034.jpg,0,137,137
cars_train:08035.jpg,1,72,72
cars_train:08036.jpg,3,186,186
cars_train:08037.jpg,0,70,70
cars_train:08038.jpg,2,79,79
cars_train:08039.jpg,0,146,123
cars_train:08040.jpg,1,56,56
cars_train:08041.jpg,0,164,164
cars_train:08042.jpg,1,49,49
cars_train:08043.jpg,2,16,15
cars_train:08044.jpg,3,9,9
cars_train:08045.jpg,3,138,138
cars_train:08046.jpg,4,187,187
cars_train:08047.jpg,2,78,78
cars_train:08048.jpg,2,35,35
cars_train:08049.jpg,3,63,70
cars_train:08050.jpg,1,93,93
cars_train:08051.jpg,3,10,10
cars_train:08052.jpg,1,153,153
cars_train:08053.jpg,3,23,23
cars_train:08054.jpg,4,116,116
cars_train:08055.jpg,2,21,21
cars_train:08056.jpg,3,118,118
cars_train:08057.jpg,3,142,142
cars_train:08058.jpg,4,31,31
cars_train:08059.jpg,4,120,120
cars_train:08060.jpg,0,144,144
cars_train:08061.jpg,1,165,165
cars_train:08062.jpg,3,53,53
cars_train:08063.jpg,2,120,120
cars_train:08064.jpg,3,131,131
cars_train:08065.jpg,4,147,147
cars_train:08066.jpg,3,114,114
cars_train:08067.jpg,1,149,149
cars_train:08068.jpg,3,36,36
cars_train:08069.jpg,0,154,154
cars_train:08070.jpg,4,61,61
cars_train:08071.jpg,2,192,192
cars_train:08072.jpg,2,125,125
cars_train:08073.jpg,2,41,41
cars_train:08074.jpg,1,62,62
cars_train:08075.jpg,0,62,62
cars_train:08076.jpg,0,104,104
cars_train:08077.jpg,4,65,65
cars_train:08078.jpg,1,181,181
cars_train:08079.jpg,3,113,113
cars_train:08080.jpg,1,74,73
cars_train:08081.jpg,1,22,22
cars_train:08082.jpg,4,36,36
cars_train:08083.jpg,0,163,163
cars_train:08084.jpg,4,129,129
cars_train:08085.jpg,3,9,9
cars_train:08086.jpg,1,11,11
cars_train:08087.jpg,0,122,122
cars_train:08088.jpg,1,189,189
cars_train:08089.jpg,3,128,128
cars_train:08090.jpg,2,89,89
cars_train:08091.jpg,1,94,94
cars_train:08092.jpg,3,86,86
cars_train:08093.jpg,0,101,101
cars_train:08094.jpg,0,53,53
cars_train:08095.jpg,2,44,44
cars_train:08096.jpg,0,7,7
cars_train:08097.jpg,4,54,54
cars_train:08098.jpg,2,180,180
cars_train:08099.jpg,3,115,115
cars_train:08100.jpg,2,80,80
cars_train:08101.jpg,2,167,167
cars_train:08102.jpg,1,163,163
cars_train:08103.jpg,0,188,188
cars_train:08104.jpg,0,186,186
cars_train:08105.jpg,2,84,84
cars_train:08106.jpg,4,150,150
cars_train:08107.jpg,1,78,78
cars_train:08108.jpg,2,59,59
cars_train:08109.jpg,1,154,154
cars_train:08110.jpg,3,185,185
cars_train:08111.jpg,0,169,169
cars_train:08112.jpg,4,96,96
cars_train:08113.jpg,0,116,116
cars_train:08114.jpg,4,165,87
cars_train:08115.jpg,1,159,159
cars_train:08116.jpg,2,162,162
cars_train:08117.jpg,2,74,74
cars_train:08118.jpg,3,31,31
cars_train:08119.jpg,0,66,66
cars_train:08120.jpg,2,127,127
cars_train:08121.jpg,1,152,152
cars_train:08122.jpg,3,51,51
cars_train:08123.jpg,4,177,177
cars_train:08124.jpg,2,39,39
cars_train:08125.jpg,0,54,54
cars_train:08126.jpg,4,116,116
cars_train:08127.jpg,0,4,4
cars_train:08128.jpg,3,111,111
cars_train:08129.jpg,3,45,45
cars_train:08130.jpg,3,45,45
cars_train:08131.jpg,2,118,118
cars_train:08132.jpg,0,152,152
cars_train:08133.jpg,0,2,2
cars_train:08134.jpg,4,123,123
cars_train:08135.jpg,4,84,84
cars_train:08136.jpg,2,186,186
cars_train:08137.jpg,0,16,16
cars_train:08138.jpg,0,180,180
cars_train:08139.jpg,0,187,187
cars_train:08140.jpg,1,77,77
cars_train:08141.jpg,3,195,195
cars_train:08142.jpg,0,162,162
cars_train:08143.jpg,0,111,111
cars_train:08144.jpg,2,16,16
