lambda_key,lambda,stage,fold,transition,metric,n,mean,std,median,p05,p25,p75,p95,min,max
lambda_0_1,0.1,1,0,f1-f2,raw_change,3671,8.129701844856775,1.379119094969844,7.959610048789936,5.945196741707665,7.183378148589105,9.020427561442602,10.554630907022016,5.062648904541461,14.477616978838412
lambda_0_1,0.1,1,0,f1-f2,normalized_change,3671,0.7107064534959241,0.027153780483700544,0.710784350941041,0.666038745323351,0.6927695037182585,0.727490676814196,0.7574936921205548,0.6314497505729252,0.8004643182506377
lambda_0_1,0.1,1,0,f1-f2,cosine_distance,3671,0.2397755251978545,0.027920327780986506,0.2371518196148612,0.19799293529634754,0.21995991678819815,0.25836619016523593,0.289042908294627,0.16309638415279715,0.332424813537915
lambda_0_1,0.1,1,0,f2-f3,raw_change,3671,4.776915440836728,0.5153877168610683,4.682603351332841,4.117564754799662,4.451476597636516,5.001227850574407,5.715982506495133,3.73432893789722,8.270425903934408
lambda_0_1,0.1,1,0,f2-f3,normalized_change,3671,0.8878748021157266,0.04262445063602944,0.8855134669068239,0.8230423064097312,0.8613941065193113,0.9116680862592101,0.958679442882642,0.7567123078062072,1.1152928367621036
lambda_0_1,0.1,1,0,f2-f3,cosine_distance,3671,0.5099872272449464,0.06832978678391112,0.5012407733847052,0.418514387718054,0.46595918372490086,0.5413320092696142,0.6333271266863093,0.3459541292320125,0.9022616107069136
lambda_0_1,0.1,1,0,f3-f4,raw_change,3671,3.895556686237823,0.7296144445437877,3.8337070695146043,2.841583505032348,3.3198835602569963,4.392891740760437,5.220790179562318,2.275038510806034,6.641611589291674
lambda_0_1,0.1,1,0,f3-f4,normalized_change,3671,1.099199676273243,0.10352859460300814,1.107787740235599,0.913159479676531,1.0310225205163608,1.1811406130012727,1.2452095466913642,0.7553476305207877,1.4241162323066283
lambda_0_1,0.1,1,0,f3-f4,cosine_distance,3671,0.7781156554035256,0.145589164274846,0.794276245260418,0.5117049709228628,0.6864355360564781,0.8837698838712238,0.9921666895371718,0.3205613247552185,1.1903677763534812
lambda_0_1,0.1,1,0,f4-f5,raw_change,3671,3.611028666227569,1.1105868548491402,3.4777468425991716,2.076514425597831,2.7388407318401127,4.324970383113431,5.764108186614244,1.5776862382737198,6.989509025964184
lambda_0_1,0.1,1,0,f4-f5,normalized_change,3671,1.3762715885697452,0.2914774618683914,1.4307950357718213,0.8621465072118748,1.1492960553510057,1.6141872023852524,1.780417603033997,0.685352291472969,1.9762730532490278
lambda_0_1,0.1,1,0,f4-f5,cosine_distance,3671,0.8547243389750361,0.2597607221847475,0.8650109902208456,0.42676439091594237,0.653447753163286,1.0366250069408485,1.2840220513108418,0.2673941107316059,1.5943773960113647
lambda_0_1,0.1,1,1,f1-f2,raw_change,3671,8.09094441119749,1.187876810514789,7.995928370945339,6.279183786352,7.3016447988213224,8.787865642410196,10.253421226131398,5.121853601774967,13.19864398097016
lambda_0_1,0.1,1,1,f1-f2,normalized_change,3671,0.7210756740117379,0.027599049899414148,0.7198568258359405,0.6798157587756551,0.7020905241359549,0.7367209252654079,0.7712249223959541,0.6424511367213848,0.8439930627496423
lambda_0_1,0.1,1,1,f1-f2,cosine_distance,3671,0.24769077356541178,0.03081975493953978,0.24430388401809022,0.20024647071421486,0.2278911941777385,0.266111250186941,0.3030734785608175,0.15894532388961935,0.4108509635748917
lambda_0_1,0.1,1,1,f2-f3,raw_change,3671,4.61906645708979,0.5684727786008831,4.524399562085266,3.8509036567371613,4.237219758542266,4.929028299970046,5.64003342130804,3.3577909564418924,8.042384019938396
lambda_0_1,0.1,1,1,f2-f3,normalized_change,3671,0.8962391884227316,0.043970316415484934,0.8913756174822127,0.8356874487100963,0.866381837573188,0.9171116870879812,0.9794135268093689,0.7759922805215735,1.1508091705015058
lambda_0_1,0.1,1,1,f2-f3,cosine_distance,3671,0.5212454421208377,0.06764334705229158,0.5104573219665804,0.43570044772285926,0.4774068730699674,0.5478023577889943,0.6532234613179634,0.367345042778475,0.915353019286438
lambda_0_1,0.1,1,1,f3-f4,raw_change,3671,3.763700703019386,0.7789576950368491,3.646412617186519,2.7449715325772583,3.271374460905615,4.153720112242392,4.993430052893272,2.305661910406045,8.928480885089808
lambda_0_1,0.1,1,1,f3-f4,normalized_change,3671,1.1086730298744512,0.11784486174613469,1.1088371295002775,0.9088477524825835,1.0390988593390622,1.1729932913369934,1.3015555740344271,0.7527323133781523,1.6119382096427857
lambda_0_1,0.1,1,1,f3-f4,cosine_distance,3671,0.7657315939759748,0.13994190371138374,0.7953990805311845,0.4633980479249111,0.6952044367318679,0.8665803977437667,0.9395772398619682,0.3245566164069664,1.0168453843743057
lambda_0_1,0.1,1,1,f4-f5,raw_change,3671,3.77386249804511,1.1894851249587757,3.5727217477903492,2.215384786013745,2.882238754175851,4.518584779407485,5.818978921950514,1.545993317401994,8.697585900596403
lambda_0_1,0.1,1,1,f4-f5,normalized_change,3671,1.437436051658458,0.294321113476467,1.478676519382566,0.9006549754088837,1.2221162875532838,1.6968622651748824,1.822338731923567,0.6416805510020087,1.9492703740293864
lambda_0_1,0.1,1,1,f4-f5,cosine_distance,3671,0.9885413900797952,0.27559926583690586,1.0237426293931908,0.4663494028616165,0.808749282781332,1.2003378395401345,1.359306772035083,0.23093007057405612,1.6719055473933015
lambda_0_1,0.1,1,2,f1-f2,raw_change,3671,9.234192596798838,1.697540631174834,9.197474363347949,6.72878394200924,8.011332171901728,10.315070866601562,12.086481970209647,4.949120393158715,17.09963891414454
lambda_0_1,0.1,1,2,f1-f2,normalized_change,3671,0.737552852686883,0.03406048892116541,0.7358649674078496,0.6861009048624858,0.7148130191965246,0.7587493089925823,0.7969703557841492,0.6318099328664796,0.8798699083209536
lambda_0_1,0.1,1,2,f1-f2,cosine_distance,3671,0.25021405719595263,0.03896415527567126,0.24312488589765802,0.20353144149281738,0.22489687321101892,0.2661424512471177,0.32556803894950637,0.16980774022193645,0.5244757525057087
lambda_0_1,0.1,1,2,f2-f3,raw_change,3671,4.817183686696937,0.8568790013860834,4.661196272910533,3.739709287177069,4.219928595314624,5.253530971991547,6.4177055926984945,3.4315134409519237,9.463370128669965
lambda_0_1,0.1,1,2,f2-f3,normalized_change,3671,0.914517358369428,0.060641808389694504,0.8998903967164282,0.8398658859447725,0.8726719486271232,0.9464388073207077,1.0343251001543066,0.7671225405467779,1.1924756085031187
lambda_0_1,0.1,1,2,f2-f3,cosine_distance,3671,0.568603762688856,0.09833688186160876,0.5451860156046803,0.44772961166193925,0.4967158120279048,0.6222789288776018,0.7610941738698056,0.35468708382499214,0.9732283675791628
lambda_0_1,0.1,1,2,f3-f4,raw_change,3671,3.2133665600576005,0.6564112530383076,3.0449108896493136,2.4855590019501017,2.7756223989172004,3.4992494267690195,4.373114729133626,2.0783648333824543,7.381274325312351
lambda_0_1,0.1,1,2,f3-f4,normalized_change,3671,1.0401487211282763,0.1396294875873302,1.043505516174057,0.8117451125180423,0.9377599773634417,1.1329367369525531,1.257591430359375,0.7000859978237399,1.5198818814611503
lambda_0_1,0.1,1,2,f3-f4,cosine_distance,3671,0.6778776282559958,0.19025803840556968,0.6934424451528756,0.3688993964851893,0.511932764036888,0.8476666904420902,0.9471846450136433,0.272184134725744,1.0445532009721918
lambda_0_1,0.1,1,2,f4-f5,raw_change,3671,3.25371045889053,1.1381827281521315,2.9700278552827464,1.8621039318226558,2.412695640044844,3.893587316786429,5.645170814744711,1.2860821070112336,7.2384161123647806
lambda_0_1,0.1,1,2,f4-f5,normalized_change,3671,1.3422743094913754,0.3407454154191957,1.2987815291207656,0.813287342387194,1.1060242736319412,1.5647449747519462,1.9546206381741191,0.5903130890409356,2.194159066496904
lambda_0_1,0.1,1,2,f4-f5,cosine_distance,3671,0.9458372314902741,0.35792407598296655,0.9399980383677184,0.36897739851436506,0.6766392690282399,1.1971470674398472,1.591402487246387,0.18872421612391876,1.7470849903475052
lambda_0_1,0.1,1,3,f1-f2,raw_change,3670,9.259949041830403,1.6785696938522183,9.177822638730444,6.682168892698712,8.041178351856106,10.40068267019518,12.083133630385015,5.4429935474930575,16.772989301731513
lambda_0_1,0.1,1,3,f1-f2,normalized_change,3670,0.7352149636603881,0.03148661322671364,0.7334644446418219,0.6864526496027332,0.7133127355130932,0.7566928052170631,0.786598745226088,0.6320087624932599,0.8757340166740502
lambda_0_1,0.1,1,3,f1-f2,cosine_distance,3670,0.2513796265372835,0.0368887322734866,0.24568027245152924,0.20412211434638874,0.2266350739035626,0.2707807934840947,0.3173648937008165,0.1698694997577339,0.5071123921783243
lambda_0_1,0.1,1,3,f2-f3,raw_change,3670,5.029759722802634,1.0625797695966717,4.79700511817939,3.8349275836256105,4.273322586177156,5.480659197771857,7.2630955714722765,3.456067495553165,10.54291220311426
lambda_0_1,0.1,1,3,f2-f3,normalized_change,3670,0.9275710683730174,0.06987086419814062,0.9091978734427706,0.8453151801549387,0.8820879407227862,0.9537605447119152,1.0714940082813396,0.7725449425906743,1.2378185618656896
lambda_0_1,0.1,1,3,f2-f3,cosine_distance,3670,0.5842419191652399,0.11099796315869928,0.5513798503005767,0.44884314199614783,0.5064872385920164,0.6376175690848934,0.8242412481908513,0.3548102636901044,1.0098006412850773
lambda_0_1,0.1,1,3,f3-f4,raw_change,3670,3.4017334014470877,0.7953384594159242,3.188607926918233,2.521317498668615,2.831931796750697,3.8030749944808324,4.8978285491188505,2.1277294340537183,8.581408653700725
lambda_0_1,0.1,1,3,f3-f4,normalized_change,3670,1.0447164027106235,0.13360482487860517,1.055333960491398,0.8248442993728455,0.9354039228091984,1.1533513732071472,1.2501030218347238,0.7375044952234816,1.330813300210674
lambda_0_1,0.1,1,3,f3-f4,cosine_distance,3670,0.7008242012632419,0.1988330544909677,0.7051518662932471,0.3893107852933745,0.5308071366695303,0.8712304762528023,1.0088907071546085,0.3082176040486787,1.1958223878583343
lambda_0_1,0.1,1,3,f4-f5,raw_change,3670,2.958300190162552,0.8133697046228048,2.825524148220092,1.8445440295382576,2.334967415670148,3.4450941735111744,4.529500010447337,1.389611625080137,6.5053097114800655
lambda_0_1,0.1,1,3,f4-f5,normalized_change,3670,1.218887248591281,0.2772470958748462,1.1831717587148796,0.78920475058751,1.0015757542760568,1.4644799571385037,1.6759257012067745,0.5952485736040795,1.7612710748459504
lambda_0_1,0.1,1,3,f4-f5,cosine_distance,3670,0.8275420697646817,0.2657155507607386,0.8837039604881505,0.3427803925969538,0.6123403623380271,1.0375588436267396,1.1878830420744446,0.18663844302974075,1.4354337990027677
lambda_0_1,0.1,1,4,f1-f2,raw_change,3670,9.926051960790256,1.932197018979264,9.850997867877464,6.925199771272501,8.556026398661633,11.094868639060664,13.285761767144495,5.626244794432562,17.188208722035753
lambda_0_1,0.1,1,4,f1-f2,normalized_change,3670,0.7521146229677611,0.038199931151130274,0.75119224631228,0.6895522000674446,0.7261182874580294,0.7775202810311658,0.8153289210081812,0.642131506777994,0.8816778809230212
lambda_0_1,0.1,1,4,f1-f2,cosine_distance,3670,0.2677149325242928,0.04770717356557743,0.25858477330432783,0.2058367692438356,0.23550976561094156,0.2905896461914435,0.3588465153610915,0.17218153764455668,0.4926503968216578
lambda_0_1,0.1,1,4,f2-f3,raw_change,3670,5.079828095821484,1.016953792467343,4.961407881397933,3.751367034504517,4.284920636895544,5.653972846500736,7.002408666854591,3.347717074035644,9.474286704345008
lambda_0_1,0.1,1,4,f2-f3,normalized_change,3670,0.9404002110168113,0.07330430745783283,0.9277444640511056,0.83756964578099,0.885892066702125,0.9887062083963528,1.0726718970204332,0.7734434281780015,1.2067477969210658
lambda_0_1,0.1,1,4,f2-f3,cosine_distance,3670,0.6064551502627602,0.12253582614005738,0.5928460689342747,0.4274885642455954,0.5082339604198556,0.6969886165756034,0.8205364902297122,0.36546401492250413,0.9995948285916576
lambda_0_1,0.1,1,4,f3-f4,raw_change,3670,3.422845890171959,0.8931946544015488,3.174219435909638,2.5145234413802124,2.8245322907303927,3.712617037735104,5.287210339263452,2.1575462303139905,11.234720442094584
lambda_0_1,0.1,1,4,f3-f4,normalized_change,3670,1.0524519986016143,0.16401890369664554,1.0285947480550055,0.826090143303401,0.9082754134040347,1.2015574374318994,1.3199476434787416,0.7315701385704652,1.453999363940534
lambda_0_1,0.1,1,4,f3-f4,cosine_distance,3670,0.6967725629981365,0.23249384119738506,0.6541760681294828,0.38746171498832627,0.48406083732968785,0.9197219557460774,1.0752615449732252,0.3029473828969409,1.2765279486952799
lambda_0_1,0.1,1,4,f4-f5,raw_change,3670,3.108600905918284,1.069386433313575,2.8409065638795172,1.8360750511503119,2.3187875105009734,3.6956460629709573,5.241524371711416,1.3929286752146646,8.656423807154157
lambda_0_1,0.1,1,4,f4-f5,normalized_change,3670,1.2132774112301556,0.2831559429907483,1.17679051522139,0.8098169900682268,1.0002928011450842,1.3858159277158766,1.7331625883138249,0.5706402040197394,2.0051804299103377
lambda_0_1,0.1,1,4,f4-f5,cosine_distance,3670,0.861062214440362,0.31132592134850046,0.8510408167278977,0.37784590127701984,0.6199458888913076,1.0811725357423916,1.406443089771278,0.16908772355330137,1.6009523929750524
lambda_0_1,0.1,2,0,f1-f2,raw_change,3671,12.414301804735421,2.675680669190659,12.163314843272307,8.254041144252174,10.383692745560694,14.191382657247086,17.106528343486474,7.240991301069009,21.600383364193405
lambda_0_1,0.1,2,0,f1-f2,normalized_change,3671,0.7745174076732184,0.03909796919390831,0.7698731021099765,0.7154634093241347,0.7472298108986251,0.8012908595070444,0.8426281399737243,0.6495450299156365,0.8976077833272378
lambda_0_1,0.1,2,0,f1-f2,cosine_distance,3671,0.28168513448970606,0.05734495198373955,0.2673233835239165,0.21259135506417987,0.24393569210133054,0.3048903051754128,0.39510412585832205,0.17883135242931203,0.5568258943590307
lambda_0_1,0.1,2,0,f2-f3,raw_change,3671,5.808551326542801,1.395608738675845,5.369592899628722,4.2018027195838465,4.764866006449999,6.592797316494128,8.494374426285258,3.8791917025581255,12.54279055609934
lambda_0_1,0.1,2,0,f2-f3,normalized_change,3671,0.9674805806040913,0.08338444475546607,0.9438736702122176,0.8648526016525552,0.9100956636659332,1.0113984711672186,1.122757893426443,0.7682618933752668,1.3233853579301653
lambda_0_1,0.1,2,0,f2-f3,cosine_distance,3671,0.6519755337233236,0.12612928547224153,0.6286893609750404,0.4811801456640301,0.5521192115752154,0.744334012105888,0.8779002240035398,0.35367666255948305,0.9772879002628392
lambda_0_1,0.1,2,0,f3-f4,raw_change,3671,3.6972502798126254,1.0980042560711076,3.4434458498570377,2.4221798225333053,2.922864004447442,4.186184152599351,5.716619410166683,2.1379284015989435,9.939319790627867
lambda_0_1,0.1,2,0,f3-f4,normalized_change,3671,1.0530431641748121,0.15718735170355752,1.048983423013764,0.7985062104337471,0.9278092693296714,1.1827185360133812,1.29706980263965,0.6826630103955209,1.508166183488804
lambda_0_1,0.1,2,0,f3-f4,cosine_distance,3671,0.69469299149265,0.21853249637343364,0.6848026063538042,0.37285057108787106,0.4999462025989934,0.8894365376308984,1.0485822356820922,0.2641752330211399,1.1546463565174045
lambda_0_1,0.1,2,0,f4-f5,raw_change,3671,3.3801027734283497,1.1963117340010516,3.0357490919632277,1.8675582434686655,2.393161460847129,4.320947360185224,5.552455432337572,1.4831871579152485,6.775344237084358
lambda_0_1,0.1,2,0,f4-f5,normalized_change,3671,1.2268865687911712,0.2961188883123629,1.168228377798685,0.8257854528849927,1.0278936308674878,1.3585134191331965,1.863024588179905,0.6886067648253211,2.1092566383133
lambda_0_1,0.1,2,0,f4-f5,cosine_distance,3671,0.8421760357006984,0.2996619400098104,0.7985353123730567,0.38511721723979336,0.6270624113535492,1.0491297661790702,1.363673683917578,0.27458664076711536,1.6298516892685848
lambda_0_1,0.1,2,1,f1-f2,raw_change,3671,12.425261217509057,2.494530693822258,12.285556711705006,8.575565599096535,10.556325211858345,14.058675902843712,16.90540105645261,6.941546512511635,24.112794710744677
lambda_0_1,0.1,2,1,f1-f2,normalized_change,3671,0.7814362364276769,0.037504853619633564,0.7816441324352648,0.7181995059152441,0.7566658256523733,0.806528323453678,0.8426683936214082,0.6716805888218867,0.8994080856860217
lambda_0_1,0.1,2,1,f1-f2,cosine_distance,3671,0.2877095676469439,0.055981532419463624,0.2702686573089045,0.22375706504026532,0.24746435396986194,0.31691092899519363,0.3974912131245108,0.16711164643528653,0.5575833602551663
lambda_0_1,0.1,2,1,f2-f3,raw_change,3671,5.789896328410069,1.5542447330542841,5.341834439451115,4.097190653206465,4.625373486905772,6.524114807144191,9.295717220169857,3.729527689340003,18.331443703361696
lambda_0_1,0.1,2,1,f2-f3,normalized_change,3671,0.9875510907975106,0.09014518504409649,0.9705711766432225,0.875835370927416,0.9221032602133215,1.029795634850019,1.1824577735666504,0.7957119656042757,1.3431246171895506
lambda_0_1,0.1,2,1,f2-f3,cosine_distance,3671,0.6844935438552937,0.1309715515082843,0.6633461178913216,0.5045925872821304,0.5794639012884384,0.7750499436137505,0.9297799780153491,0.3933930665257951,1.005626941941255
lambda_0_1,0.1,2,1,f3-f4,raw_change,3671,3.3904278215578203,1.2527109717455787,2.9357318673166275,2.2551675819294523,2.563399300067207,3.7592854188034837,6.103834955800894,2.0280522886732597,16.404643557343523
lambda_0_1,0.1,2,1,f3-f4,normalized_change,3671,0.9855477768347636,0.16807682652908043,0.9848844805097765,0.7331718818208421,0.8500080556994706,1.0999695346028928,1.2745684797990535,0.6627629171660862,1.6270851153623358
lambda_0_1,0.1,2,1,f3-f4,cosine_distance,3671,0.6136626364872763,0.23159993597181244,0.5861156107018067,0.29994666494788724,0.41162652165740643,0.8015560408456578,1.0161739316926142,0.2394132405829208,1.151973537659336
lambda_0_1,0.1,2,1,f4-f5,raw_change,3671,3.290622893544186,1.1403537123989946,2.9562094056576806,1.862618622837422,2.4708747027529907,4.142346925827226,5.34429867844796,1.3333297622217193,11.069042068157682
lambda_0_1,0.1,2,1,f4-f5,normalized_change,3671,1.242359384269648,0.30273961363662955,1.1923114741278606,0.8276902496009115,1.0367560714188242,1.3477492516031941,1.9070723436591996,0.567306266830317,2.076578071096738
lambda_0_1,0.1,2,1,f4-f5,cosine_distance,3671,0.9439006039726758,0.33063483679093714,0.9608234097893978,0.398893281194997,0.6838638701090801,1.188635993295461,1.475700794400939,0.17502002215129375,1.619241136468768
lambda_0_1,0.1,2,2,f1-f2,raw_change,3671,12.328942766889744,2.5095983101026995,12.127666098437544,8.512665975102717,10.501299389695834,13.910097112284838,16.789893967339516,6.787227960312192,21.050512564825542
lambda_0_1,0.1,2,2,f1-f2,normalized_change,3671,0.7745703186901634,0.03818103989539599,0.7735935692683125,0.715959054751113,0.7490189854309763,0.7993850080345153,0.8359685914187519,0.6607789919465283,0.9373084023280819
lambda_0_1,0.1,2,2,f1-f2,cosine_distance,3671,0.281077016028944,0.058710278828482225,0.265167988843807,0.2207686565569586,0.24248860857345744,0.300713833143992,0.39949624689171276,0.1824057606920576,0.6409607654729483
lambda_0_1,0.1,2,2,f2-f3,raw_change,3671,5.814969438274445,1.4656746225174975,5.423709780281698,4.102169298889093,4.741954241242354,6.598069806793054,8.747025953118637,3.7880927030300784,12.260680116715601
lambda_0_1,0.1,2,2,f2-f3,normalized_change,3671,0.968226208581705,0.08285642717462222,0.948707844985493,0.8688767372905128,0.9032733956928447,1.0200710520366654,1.1283539443093618,0.7702224607179454,1.2580479277124494
lambda_0_1,0.1,2,2,f2-f3,cosine_distance,3671,0.6570626654221668,0.13185105048541237,0.6351748561571913,0.48362566137513485,0.5500927879607802,0.757063120083827,0.8891849562737719,0.361705106160386,1.0168585870174804
lambda_0_1,0.1,2,2,f3-f4,raw_change,3671,3.466692950233739,1.0878637548517396,3.0947214679947646,2.3948766337282237,2.691657741724161,3.960908275940997,5.751678885400492,1.9764149888840452,8.956641212171165
lambda_0_1,0.1,2,2,f3-f4,normalized_change,3671,0.9984105341899171,0.15936208622785647,0.9849211782589834,0.7535359974809883,0.8778559617826704,1.1100284810215126,1.2523994611481215,0.688555666797074,1.5278713175082839
lambda_0_1,0.1,2,2,f3-f4,cosine_distance,3671,0.6263730883483649,0.21565788318301696,0.6005638468181398,0.3175211488324875,0.4354966951171379,0.8250493697931696,0.9629145017460944,0.25825426740830015,1.0730270617214845
lambda_0_1,0.1,2,2,f4-f5,raw_change,3671,3.449105571375428,1.3731175964913007,3.167556159974447,1.7490365142337079,2.2652476437774083,4.508708148652591,5.744652095306689,1.174111057673476,7.579089770703767
lambda_0_1,0.1,2,2,f4-f5,normalized_change,3671,1.258987026130224,0.34082833564408094,1.2097163555869404,0.7940999851005026,1.0263356021399725,1.3763541944645814,1.9663365576780807,0.5618977345410345,2.199025755385832
lambda_0_1,0.1,2,2,f4-f5,cosine_distance,3671,0.974305576719541,0.4009167707038164,0.9459355510142156,0.344552544362946,0.6470673658076782,1.2983920398756141,1.613399612338366,0.16892475180094002,1.7129929342612613
lambda_0_1,0.1,2,3,f1-f2,raw_change,3670,12.296619819452625,2.4304958817068067,12.0158246151161,8.723615008460476,10.534556693923541,13.949578756139555,16.65035710212103,6.942778562647727,20.458159161314654
lambda_0_1,0.1,2,3,f1-f2,normalized_change,3670,0.7793860345146105,0.03462690737473629,0.7801238945728962,0.7252199251854775,0.7545471755785742,0.8023774138982194,0.8382427108500216,0.668438182503474,0.8808972410692802
lambda_0_1,0.1,2,3,f1-f2,cosine_distance,3670,0.28190883191777333,0.05423582511879939,0.26829627964519487,0.2183834865148894,0.2440394903133244,0.30663105146821723,0.390032738910087,0.1917854690649865,0.521403868879075
lambda_0_1,0.1,2,3,f2-f3,raw_change,3670,5.671858627421931,1.5793549608343902,5.322719485852953,3.97560514179897,4.44468156090935,6.382079496394997,9.026520259082693,3.6725482797398508,14.143789308863258
lambda_0_1,0.1,2,3,f2-f3,normalized_change,3670,0.9723888910572344,0.0918534526816894,0.94544644909934,0.8675482381475708,0.9050955421497595,1.0241760323051081,1.1663996910726255,0.757164542813919,1.3219476726802852
lambda_0_1,0.1,2,3,f2-f3,cosine_distance,3670,0.6606385849784674,0.1380283713013253,0.6220151920414919,0.4793314809792487,0.55117486405218,0.759294923769228,0.9213077486864,0.34393381230205033,0.9905669880828214
lambda_0_1,0.1,2,3,f3-f4,raw_change,3670,3.4211387772439097,1.219974848941266,3.0658294528685817,2.3325208850465002,2.629066728792095,3.7886350842097727,5.700784286912342,1.9939213761713916,14.571528581511766
lambda_0_1,0.1,2,3,f3-f4,normalized_change,3670,1.0082785202913311,0.16765420722907634,1.0207533888519031,0.747621265434997,0.8553339673999223,1.1559010160570118,1.2559527634197774,0.6972031946355561,1.3731737914721707
lambda_0_1,0.1,2,3,f3-f4,cosine_distance,3670,0.6557078293193696,0.24473157726220718,0.6369095124094458,0.32495897420178255,0.4286303351147315,0.8606935770641151,1.052096346793887,0.2779693622805328,1.2502007502072303
lambda_0_1,0.1,2,3,f4-f5,raw_change,3670,2.929423979179582,1.035357386819416,2.6404062033023923,1.7511629329371665,2.2047992321561845,3.440027623018361,4.751273936088943,1.2808095387877214,11.301904505431592
lambda_0_1,0.1,2,3,f4-f5,normalized_change,3670,1.1386024743391947,0.2552972534982514,1.0981771308606239,0.7595591169115763,0.9737333233283663,1.2851837109022086,1.6591191465089574,0.5396238184774306,1.7703332496836608
lambda_0_1,0.1,2,3,f4-f5,cosine_distance,3670,0.7757706538182859,0.26012082631677264,0.7980153033135962,0.31967524781054335,0.5977200194005713,0.9765553691127122,1.1602695180540905,0.15786363721821794,1.3809253153692327
lambda_0_1,0.1,2,4,f1-f2,raw_change,3670,12.361840709657045,2.508286845143462,12.077035249974141,8.528742305735559,10.659988981203066,13.743440992153788,16.975826289886154,6.77252822881967,20.87042100816421
lambda_0_1,0.1,2,4,f1-f2,normalized_change,3670,0.781510120940662,0.03817536849274001,0.7811755519603325,0.7240639575603882,0.7548670791344634,0.8060143283741477,0.849070893128778,0.6715951955532056,0.9007426857004504
lambda_0_1,0.1,2,4,f1-f2,cosine_distance,3670,0.2883147423436667,0.060731456989243024,0.2735509487144935,0.2159184106324343,0.24836488292084186,0.3110039341700566,0.41781237420032824,0.19208242982244772,0.5593899747555826
lambda_0_1,0.1,2,4,f2-f3,raw_change,3670,5.707997115459466,1.405850181864706,5.50894650433967,3.9182776104863613,4.5406818818389825,6.553110776569255,8.323230833732666,3.6552451649956534,11.599101081751211
lambda_0_1,0.1,2,4,f2-f3,normalized_change,3670,0.9799921702163518,0.0857523109213649,0.9585019947786804,0.872004876403703,0.9130904215692655,1.037023675868753,1.1404841428783818,0.7472793887668019,1.297684617046892
lambda_0_1,0.1,2,4,f2-f3,cosine_distance,3670,0.667618507544393,0.1333298200793461,0.6523562099378746,0.47130155012787256,0.5541695892799168,0.779056268004941,0.8870301222945628,0.3269677163792777,1.0307857175124548
lambda_0_1,0.1,2,4,f3-f4,raw_change,3670,3.5936121543259962,1.1742901905555134,3.1883657316516234,2.454500272489331,2.800990701110088,4.005047436026037,6.220956020681264,2.120203600821827,13.45166692263372
lambda_0_1,0.1,2,4,f3-f4,normalized_change,3670,1.034387486939267,0.17330801427490045,0.9953369233879208,0.8034279701787453,0.8906949986985115,1.1673116345216148,1.3457952714359294,0.7431992051610813,1.495635290646154
lambda_0_1,0.1,2,4,f3-f4,cosine_distance,3670,0.6734700720325397,0.24355867547773558,0.5975956660048517,0.37493307620738187,0.46363981162422485,0.8877121015305713,1.1035352596319774,0.31315935803036654,1.2302076936702717
lambda_0_1,0.1,2,4,f4-f5,raw_change,3670,3.2670537953506487,1.1928194240844976,2.9981557416604425,1.7621039440985673,2.3199783212360527,4.099902825213037,5.372264220889957,1.2032656689039452,9.825298964190463
lambda_0_1,0.1,2,4,f4-f5,normalized_change,3670,1.1947959336590415,0.2699002019214664,1.1848551988171336,0.8021740695187962,0.9942624508550905,1.3117280068704353,1.7163665974043298,0.5754346542759275,2.054372300825206
lambda_0_1,0.1,2,4,f4-f5,cosine_distance,3670,0.8823606915728968,0.3377266977114689,0.8643847391916919,0.35642384640713154,0.6103882963156191,1.1790986086299222,1.4196158820082099,0.1815170957731802,1.5582139942274127
lambda_0_7,0.7,1,0,f1-f2,raw_change,3671,4.238827093894107,0.529151555717674,4.178115454720228,3.4783606829644445,3.8917385749978095,4.539574224969517,5.066072282314076,2.915213867875004,8.090272460602389
lambda_0_7,0.7,1,0,f1-f2,normalized_change,3671,0.3584111446124684,0.014100062034056731,0.35750179199390164,0.33709738703900194,0.3491391700963211,0.366806982519813,0.38207449330851495,0.31593928071676397,0.42237829028943413
lambda_0_7,0.7,1,0,f1-f2,cosine_distance,3671,0.04471784676497517,0.006130693062052593,0.04410313412087141,0.036231747646624735,0.040394377191005415,0.04805692578886828,0.056329107574138226,0.02941872769398657,0.0750197013088999
lambda_0_7,0.7,1,0,f2-f3,raw_change,3671,3.82622721040433,0.437966618882743,3.778381781728423,3.272480345132479,3.5284086366229044,4.032250635733922,4.565494323242671,3.0048750629037637,6.8644767941889855
lambda_0_7,0.7,1,0,f2-f3,normalized_change,3671,0.43076202381868894,0.02459066566983871,0.4284601160119596,0.3938375632977113,0.41247314614685004,0.4459510292791269,0.47627584000436934,0.37285504173095424,0.5341618061743587
lambda_0_7,0.7,1,0,f2-f3,cosine_distance,3671,0.08748564896913695,0.013313471144215586,0.0856464907212886,0.0691793894803594,0.07761385171211582,0.09577065929781392,0.11212946190698764,0.05673098206958116,0.14096840132145017
lambda_0_7,0.7,1,0,f3-f4,raw_change,3671,3.8806169951539617,0.5122320156422397,3.790390209397529,3.2839613976885653,3.5481127059635176,4.094899667195956,4.795265186330376,2.9167905601259414,8.137581837568003
lambda_0_7,0.7,1,0,f3-f4,normalized_change,3671,0.5627192159854332,0.04445772996060097,0.5599491572367928,0.4990261152826819,0.5297002591664748,0.5901782681271606,0.6451230943817392,0.4657236772471972,0.7588733091675424
lambda_0_7,0.7,1,0,f3-f4,cosine_distance,3671,0.17405417018151423,0.03177730167208033,0.17078387786062443,0.13147140495135262,0.1508386902409175,0.19227870285449528,0.23502302996972535,0.11022063393929182,0.3440565586924088
lambda_0_7,0.7,1,0,f4-f5,raw_change,3671,4.694555700222783,0.7029683405501431,4.565904696926864,3.8742783815206865,4.242282404997191,4.973338857729704,5.914106285993132,3.5223619630855696,10.231748336337482
lambda_0_7,0.7,1,0,f4-f5,normalized_change,3671,0.8427681247126951,0.08554654897620949,0.8332920516403899,0.7140952456487646,0.7865428430149628,0.8928358644944417,0.9950150351568328,0.6402512643051744,1.3074069812572577
lambda_0_7,0.7,1,0,f4-f5,cosine_distance,3671,0.39323111199901856,0.07785145847052473,0.3806942654520822,0.279883940790705,0.34244375562152984,0.4363153713500872,0.5368011635292507,0.22785294707967185,0.7690375983364605
lambda_0_7,0.7,1,1,f1-f2,raw_change,3671,4.128685478313139,0.5303249119611949,4.08138592353478,3.3431076374250313,3.7554289389002626,4.4194427193954215,5.082248801117671,2.85603527999275,7.10341094696741
lambda_0_7,0.7,1,1,f1-f2,normalized_change,3671,0.351674206164037,0.013878461336416842,0.3505153671058094,0.331340422807305,0.34231557583852146,0.3594330790034387,0.37579602882649055,0.3136944923607483,0.42925927754008814
lambda_0_7,0.7,1,1,f1-f2,cosine_distance,3671,0.043313508839693926,0.006002948415411147,0.042481086719856176,0.034841663542863444,0.03935129300344009,0.04657502835687005,0.054302330953235334,0.029423043694439932,0.07450231555684983
lambda_0_7,0.7,1,1,f2-f3,raw_change,3671,3.7927755873330167,0.4551869268543778,3.7351744579867012,3.1665333943120686,3.4928542458758196,4.008105007690209,4.63482215236618,2.773276964068206,6.341453391144369
lambda_0_7,0.7,1,1,f2-f3,normalized_change,3671,0.4261858584076696,0.02388785877704587,0.4237236674962773,0.39187745973585003,0.4100259401675398,0.4396166460578544,0.4696729344408598,0.3626652800173783,0.5322384862913677
lambda_0_7,0.7,1,1,f2-f3,cosine_distance,3671,0.08606883979384487,0.013116731714486908,0.08446910786013251,0.06789944078843779,0.07715318521725745,0.09236821669159062,0.11100576660037137,0.05561781917338737,0.15283347268914227
lambda_0_7,0.7,1,1,f3-f4,raw_change,3671,3.7581729856966466,0.45742523197595003,3.678683130029204,3.17281690006564,3.4547141290406267,3.968051969996709,4.603888980539498,2.600477751243002,6.342917484071499
lambda_0_7,0.7,1,1,f3-f4,normalized_change,3671,0.5399431908154937,0.042569136447590535,0.5339879460874954,0.47853772243739134,0.5094959845655114,0.5673818250268983,0.6185766584934205,0.4263777798508058,0.7128585384625711
lambda_0_7,0.7,1,1,f3-f4,cosine_distance,3671,0.1587128522526019,0.02879299856200941,0.15337115040691252,0.11977486917520475,0.13778696974128485,0.17586380828335652,0.2135730913648098,0.09142799960141301,0.292573584034989
lambda_0_7,0.7,1,1,f4-f5,raw_change,3671,4.54245599174902,0.6819099678265174,4.460398010278485,3.560214465546392,4.072686348613102,4.907435014094623,5.810845163550698,3.11758447369999,8.787567167749737
lambda_0_7,0.7,1,1,f4-f5,normalized_change,3671,0.7997804874746015,0.07807252030847643,0.7871653417592763,0.687055401085381,0.7478902907081031,0.8507123255513273,0.9375464186814784,0.5986643633574302,1.1172449209441855
lambda_0_7,0.7,1,1,f4-f5,cosine_distance,3671,0.3535706362956691,0.0696827375810844,0.3415174943166226,0.2590115150395009,0.30492325128827863,0.39557016960262914,0.47766604729069645,0.19612680916288727,0.6825907873725428
lambda_0_7,0.7,1,2,f1-f2,raw_change,3671,4.214665919167252,0.4919178222263847,4.199836290752134,3.5116610571096247,3.880225906730947,4.500686851546886,5.002618565776757,2.7664418892762317,7.410988113671143
lambda_0_7,0.7,1,2,f1-f2,normalized_change,3671,0.35510366338332094,0.01285705844280357,0.35486012720028376,0.33497418784154376,0.34636840904571664,0.363646984258317,0.3767557409575293,0.311822499742373,0.3987676855215347
lambda_0_7,0.7,1,2,f1-f2,cosine_distance,3671,0.041652604188749644,0.005613622213263445,0.04112715661112776,0.0331651089260403,0.037659846919670115,0.045315241248629345,0.05171342325482914,0.0286760508521815,0.06485955264170662
lambda_0_7,0.7,1,2,f2-f3,raw_change,3671,3.7849215197611175,0.4230390189453466,3.7292415397267034,3.215831840724315,3.5046874498710463,3.9918545946348463,4.548347185828048,2.835133829980559,6.919216820086041
lambda_0_7,0.7,1,2,f2-f3,normalized_change,3671,0.4274180422024158,0.02349768696519822,0.4266157302891626,0.3909936081568175,0.4099848813388634,0.4437448015213953,0.4663964989238825,0.3762436533159252,0.5215771205103117
lambda_0_7,0.7,1,2,f2-f3,cosine_distance,3671,0.08456436160480252,0.012605917239116905,0.08359210239474146,0.06639910064333981,0.07498757407928486,0.09288421410827868,0.10640613505196261,0.05482851363228114,0.14074063124659653
lambda_0_7,0.7,1,2,f3-f4,raw_change,3671,3.739346491907021,0.37890091600603093,3.6918679257911697,3.23940647269305,3.4723981156629877,3.9376230214448817,4.399362706396819,2.953031553202294,6.357898399531005
lambda_0_7,0.7,1,2,f3-f4,normalized_change,3671,0.5493470472781508,0.042570311554447564,0.543217788732282,0.4882736888582467,0.518462289651245,0.5765631941901939,0.627509684861829,0.4578755557305193,0.7135783225807
lambda_0_7,0.7,1,2,f3-f4,cosine_distance,3671,0.16470292354454394,0.02955203599322542,0.1591881976321503,0.12489730115792425,0.14341685899195378,0.18260475478380128,0.22029582427943356,0.10730078195512271,0.29484004569230304
lambda_0_7,0.7,1,2,f4-f5,raw_change,3671,4.531575864179456,0.612831028593641,4.452289144481165,3.75326224308758,4.091256506216785,4.834619084497911,5.623134920859471,3.3020138798450676,10.37675912534327
lambda_0_7,0.7,1,2,f4-f5,normalized_change,3671,0.824251950511609,0.08537043884609744,0.8162535515474376,0.7045732186836174,0.7661230937332453,0.8718591438334182,0.9818066762929079,0.6191203675497932,1.1618344160696361
lambda_0_7,0.7,1,2,f4-f5,cosine_distance,3671,0.377163811102936,0.07755404825266982,0.36638177015519424,0.27318984094383525,0.32186390787605246,0.4200794376298769,0.5299782067522082,0.20945430592768988,0.7565401181600637
lambda_0_7,0.7,1,3,f1-f2,raw_change,3670,4.103092938441205,0.49026209283044725,4.079666874742753,3.384270293370276,3.755607711339883,4.414220124113664,4.935910158963859,2.7664503273017553,6.911229682292165
lambda_0_7,0.7,1,3,f1-f2,normalized_change,3670,0.357374571819548,0.013566419214020168,0.35626249669465837,0.33757999569584146,0.34765407406690596,0.3658887858052955,0.3819969911164912,0.32184427880462657,0.41053313778913897
lambda_0_7,0.7,1,3,f1-f2,cosine_distance,3670,0.04604674598763488,0.005748387889627327,0.04521179810740239,0.03814146907826796,0.04194290414919852,0.04944137179819305,0.056750139434980466,0.030261647331177866,0.0715509205195074
lambda_0_7,0.7,1,3,f2-f3,raw_change,3670,3.7417564729222867,0.41384383078981724,3.7042207316888645,3.1672209730229524,3.456222797923415,3.974347447194285,4.440050157766756,2.6507842610445653,6.465594603176942
lambda_0_7,0.7,1,3,f2-f3,normalized_change,3670,0.429729160392037,0.023095246393472713,0.42907634862495175,0.39641440012474266,0.412217908503136,0.4435191576030876,0.4703925443744799,0.3744391525761322,0.5228552725079901
lambda_0_7,0.7,1,3,f2-f3,cosine_distance,3670,0.08798373500884106,0.012632259459998943,0.08709779862018985,0.07033452509502564,0.07846295285818589,0.0954849455279792,0.11096354771270671,0.0584936479154059,0.14270355774458443
lambda_0_7,0.7,1,3,f3-f4,raw_change,3670,3.74257643518115,0.402899298768408,3.7157476183841807,3.1916987841383264,3.4390390026333266,3.9731452349171645,4.41790267740415,2.957416533626287,6.586307580348798
lambda_0_7,0.7,1,3,f3-f4,normalized_change,3670,0.5499750922500889,0.04283821081220372,0.545451406657419,0.4866725279136106,0.5183869549140298,0.5775625075197883,0.6272788936615478,0.45553494317303916,0.7648760141469358
lambda_0_7,0.7,1,3,f3-f4,cosine_distance,3670,0.1652500944128717,0.029461376312263296,0.16109874372693994,0.12458005565433801,0.1430407068403849,0.18314667005655477,0.2197754124645957,0.10624358715793847,0.3404937422907891
lambda_0_7,0.7,1,3,f4-f5,raw_change,3670,4.575043898954756,0.6170764391069907,4.536543125735333,3.676893653071436,4.1735435377754255,4.881143018310768,5.627147542220963,3.2040573587197856,9.095712635058737
lambda_0_7,0.7,1,3,f4-f5,normalized_change,3670,0.828717574085981,0.08803091848331099,0.8245166473535424,0.6937859762125713,0.7655445581421995,0.8837359401846246,0.9751587877511514,0.6246365160342026,1.2964574026160876
lambda_0_7,0.7,1,3,f4-f5,cosine_distance,3670,0.381572151432701,0.07807755856816853,0.3776353704847741,0.2659933906168732,0.32450687499073416,0.4297630467911862,0.5226760112226874,0.20746316435270473,0.735089472710547
lambda_0_7,0.7,1,4,f1-f2,raw_change,3670,4.27313049568684,0.5053679952409866,4.262178722359949,3.456243195747582,3.93912098799671,4.560872035029961,5.120368783930381,3.1223954259162108,6.6693169893157735
lambda_0_7,0.7,1,4,f1-f2,normalized_change,3670,0.3592370187099075,0.01346455005561843,0.35872300235472176,0.3388555019589008,0.34996351093425193,0.36733309139204895,0.3832047282180814,0.3139699340092198,0.41099471506266266
lambda_0_7,0.7,1,4,f1-f2,cosine_distance,3670,0.043614618812575404,0.005663812038218822,0.0432259717835744,0.03556388647072175,0.039231877410151744,0.04672615882328085,0.05466303958662335,0.03095219696708784,0.06820251230256891
lambda_0_7,0.7,1,4,f2-f3,raw_change,3670,3.8144573798805217,0.3930709583435092,3.7691585495366926,3.303652284794107,3.5522300297599636,4.015353231442729,4.526496187373263,2.7764964979643554,5.869791367892446
lambda_0_7,0.7,1,4,f2-f3,normalized_change,3670,0.43029378989839867,0.024717790080979588,0.4280077400254058,0.39408515076529493,0.41226329851404697,0.44716802534346645,0.4739083585824318,0.36924677620520413,0.5167894929472405
lambda_0_7,0.7,1,4,f2-f3,cosine_distance,3670,0.08865418111349287,0.013159495488771064,0.0870639657532642,0.07034524760412024,0.07847743774984506,0.0971359783133667,0.11229723902946909,0.06050580950245221,0.13970030346535522
lambda_0_7,0.7,1,4,f3-f4,raw_change,3670,3.864430185162143,0.41299143735394506,3.8284331037512693,3.3026016015140924,3.560922863238449,4.0862776047522775,4.600961698271231,3.0487850299112385,6.295385406193594
lambda_0_7,0.7,1,4,f3-f4,normalized_change,3670,0.5559192592055582,0.04436966712415312,0.5481904030889077,0.49355395143785175,0.5246795621599324,0.5806678751598948,0.63921015965115,0.46626276278296347,0.7482686838609229
lambda_0_7,0.7,1,4,f3-f4,cosine_distance,3670,0.1690096085217394,0.031737217812867195,0.1622615196853343,0.12769890320199517,0.14665812380430204,0.18516621996494156,0.2306181528395142,0.11355130346146058,0.3266869876146832
lambda_0_7,0.7,1,4,f4-f5,raw_change,3670,4.527223302032022,0.667471797471102,4.413086263685376,3.611906378151305,4.080008767138918,4.899310280649766,5.725458995992023,3.0757332527167276,8.900949014540126
lambda_0_7,0.7,1,4,f4-f5,normalized_change,3670,0.8168618315210061,0.08126869536272832,0.8113233512866075,0.6926119688512846,0.7586839596691748,0.8659478744850055,0.9590649535401087,0.6150842535635243,1.2441699444678016
lambda_0_7,0.7,1,4,f4-f5,cosine_distance,3670,0.37164629431373564,0.07427567334952023,0.3620809607069652,0.2640968152026595,0.3189865558342611,0.41457218299086157,0.5067201443274872,0.20542620713939697,0.7595226182500077
lambda_0_7,0.7,2,0,f1-f2,raw_change,3671,4.980961734211106,0.7027035687438373,4.880162198261903,4.0824630582302905,4.541134357108135,5.295475495655957,6.2280992873920304,3.46971735314758,9.119061393875187
lambda_0_7,0.7,2,0,f1-f2,normalized_change,3671,0.3581773548372782,0.013670954208163942,0.356743961131662,0.33856127637673916,0.34925994575081265,0.3664027640657481,0.3810473934342571,0.31678140102668323,0.4400901039675115
lambda_0_7,0.7,2,0,f1-f2,cosine_distance,3671,0.04042345885668098,0.005287071228366673,0.039802921355218235,0.03307233998576253,0.036643448375995924,0.04346260049501027,0.050043432375274144,0.028220867776827308,0.06610331395585323
lambda_0_7,0.7,2,0,f2-f3,raw_change,3671,4.3695919934617775,0.6138093145758401,4.245829369824036,3.7085083509421644,3.979569862212321,4.571775743771074,5.4666578909542025,3.3561022999881565,8.819075950221768
lambda_0_7,0.7,2,0,f2-f3,normalized_change,3671,0.4264691441214038,0.025794866205585708,0.4237124876219291,0.38908567326147525,0.40769113291746384,0.4420818836266531,0.473333056238449,0.3687438719986322,0.5431723438377591
lambda_0_7,0.7,2,0,f2-f3,cosine_distance,3671,0.08175837073872559,0.013828581976560199,0.079535685855182,0.06279446237944447,0.0717064347360038,0.09016093028519317,0.10661827341022251,0.05255939613510918,0.15232720342657435
lambda_0_7,0.7,2,0,f3-f4,raw_change,3671,4.3889679491729625,0.7192418610383483,4.261532596140019,3.602429731006297,3.9476445904969792,4.642551953512253,5.652047514055289,3.2155925369744707,10.205106934970484
lambda_0_7,0.7,2,0,f3-f4,normalized_change,3671,0.5645854304651513,0.053060858592642916,0.5605377144218505,0.4910133124152258,0.5248978056617442,0.5954514973775297,0.6598780689628627,0.4499987842523951,0.8545720493883187
lambda_0_7,0.7,2,0,f3-f4,cosine_distance,3671,0.17523861831296791,0.039237916840722,0.17026169293788884,0.12444627783601525,0.14646639673113682,0.19607596377524683,0.2464089001923903,0.09985736102254827,0.4116186618987545
lambda_0_7,0.7,2,0,f4-f5,raw_change,3671,5.388736194687212,1.1086125094012589,5.143963466071042,4.283049640661607,4.7322375938594945,5.695505888814005,7.285352229018372,3.9610601561879073,16.042665456566365
lambda_0_7,0.7,2,0,f4-f5,normalized_change,3671,0.8761616168709567,0.10580330425994347,0.8650639439699953,0.736132367574621,0.8007220329382987,0.932004618312267,1.052483454541789,0.6758866500577931,1.571697708777987
lambda_0_7,0.7,2,0,f4-f5,cosine_distance,3671,0.43029280007032433,0.0924544323328927,0.4138142196106569,0.3060950038125901,0.36428102955065095,0.4854905441138648,0.6014853472777822,0.24934843439262888,0.820650242614238
lambda_0_7,0.7,2,1,f1-f2,raw_change,3671,5.141926447860367,0.673606529192733,5.061503333414233,4.10997639837038,4.6915350825960935,5.581448688203969,6.229296782690204,3.6369367176349976,8.736912224426232
lambda_0_7,0.7,2,1,f1-f2,normalized_change,3671,0.3578269107239704,0.012816703474203887,0.35740294319683386,0.33731207971761396,0.3494984867655233,0.3654691403781495,0.3785758280913588,0.32539011155239034,0.41585461554834124
lambda_0_7,0.7,2,1,f1-f2,cosine_distance,3671,0.03946229654437354,0.00581273763206584,0.03838743919584431,0.032037468313313666,0.03552767603609114,0.04217062525681242,0.05000565587397093,0.027769398512177856,0.07166835837250796
lambda_0_7,0.7,2,1,f2-f3,raw_change,3671,4.512445654279995,0.5675126551801463,4.442617190288884,3.7557953701689932,4.147004734226343,4.802266857044149,5.505878904080845,3.323525673247334,9.131683947875995
lambda_0_7,0.7,2,1,f2-f3,normalized_change,3671,0.42760178863182163,0.02383359174790299,0.42387092673451293,0.39548979649384414,0.41127997971334374,0.4412911652569843,0.4674829585024646,0.3734976715988243,0.5723812127112463
lambda_0_7,0.7,2,1,f2-f3,cosine_distance,3671,0.08110619265689299,0.013800787837750156,0.07836566724330318,0.06438109381971929,0.07148518494111317,0.08782271986485701,0.10601022505642754,0.055037325825294636,0.17843836929894163
lambda_0_7,0.7,2,1,f3-f4,raw_change,3671,4.426163213302043,0.5509485028170893,4.369109510930942,3.71363209210213,4.061138718589302,4.703871037266525,5.409729428999953,3.281941265690841,10.808919082116349
lambda_0_7,0.7,2,1,f3-f4,normalized_change,3671,0.5579730472783366,0.04563252374384149,0.5524057491152902,0.49367384891790905,0.5276404699094784,0.5828348846951082,0.641988860361904,0.4481510390418472,0.8790508680934888
lambda_0_7,0.7,2,1,f3-f4,cosine_distance,3671,0.16963166914229882,0.033261134977723074,0.16415866525541567,0.12540184148482592,0.14689501274849792,0.1865882381649558,0.23279655257043463,0.10272252633093681,0.4173253156454674
lambda_0_7,0.7,2,1,f4-f5,raw_change,3671,5.409858332648984,0.9811452817484022,5.252834631762929,4.1035646415087506,4.742973838545804,5.894398519092353,7.114735795808079,3.505933324726308,13.982069403713048
lambda_0_7,0.7,2,1,f4-f5,normalized_change,3671,0.8675540072879706,0.0959105412615878,0.8591081025590649,0.7245731898338822,0.7991308821689164,0.9212279914607993,1.0372561446704376,0.6374444131253113,1.3871160632939257
lambda_0_7,0.7,2,1,f4-f5,cosine_distance,3671,0.42111810133876004,0.08551616990294182,0.4133283290618234,0.2964413840428076,0.3588823029863917,0.47078252122114395,0.570087775742364,0.22524040214451913,0.7980495647146519
lambda_0_7,0.7,2,2,f1-f2,raw_change,3671,5.260233346179535,0.6586405457609226,5.235647875270306,4.357272122634308,4.814206078251225,5.628512998367755,6.212136253180679,3.746398943965527,10.673294385168779
lambda_0_7,0.7,2,2,f1-f2,normalized_change,3671,0.35896192387917525,0.011551237967947705,0.3583968083862188,0.34136910318554403,0.3514137294338673,0.3668555987791207,0.37777624144178695,0.31549480944039876,0.4011825011520194
lambda_0_7,0.7,2,2,f1-f2,cosine_distance,3671,0.037210760361657824,0.005034237094776526,0.03635598003240337,0.03024827197707819,0.03361274037223905,0.04049393938016821,0.04681113938774156,0.018418880057085585,0.05840361110851944
lambda_0_7,0.7,2,2,f2-f3,raw_change,3671,4.5394313703215,0.5595029614665523,4.454976856997726,3.8274856225791547,4.1628447569321025,4.811594615262701,5.485142561598934,3.5469662697613518,9.687586901150226
lambda_0_7,0.7,2,2,f2-f3,normalized_change,3671,0.4269453180091114,0.02278014509461338,0.4250628195193629,0.3917547330415606,0.41039110488695973,0.44140121264961846,0.4687864328178376,0.3802393008336253,0.5305531061475051
lambda_0_7,0.7,2,2,f2-f3,cosine_distance,3671,0.0785821505322692,0.01249497734717013,0.0781056974185741,0.06151556999118368,0.06855643896285285,0.08618602020505728,0.09992656320541793,0.052178088537849665,0.14667732757459784
lambda_0_7,0.7,2,2,f3-f4,raw_change,3671,4.370768648362622,0.5221626076329614,4.305653265793188,3.7340911906194556,3.9923832766904095,4.615582292460081,5.212879593389079,3.4395503558692044,9.009831013456802
lambda_0_7,0.7,2,2,f3-f4,normalized_change,3671,0.5539532322476088,0.04510482376583737,0.5482908883206289,0.48855850414542057,0.5209504666452904,0.5801845925165569,0.6357321808284677,0.45794872472903525,0.7550047912379372
lambda_0_7,0.7,2,2,f3-f4,cosine_distance,3671,0.1664404077469074,0.03288341210562275,0.16051441994709204,0.12179432818213781,0.14299839631936112,0.18427424588779712,0.22787644028829696,0.10264363310796498,0.3365243781305902
lambda_0_7,0.7,2,2,f4-f5,raw_change,3671,5.466304064410334,1.0024567203264363,5.286593652389003,4.328019994379342,4.805975837625429,5.8428138704892785,7.155244696594318,3.797398883591171,14.888375468731782
lambda_0_7,0.7,2,2,f4-f5,normalized_change,3671,0.8884625505048586,0.10580263730447191,0.877190667557088,0.7412254410361857,0.815801513144044,0.9409431184167569,1.093155871596725,0.6769150404622862,1.5997672370571705
lambda_0_7,0.7,2,2,f4-f5,cosine_distance,3671,0.44530555054551924,0.09668933575272359,0.4350893251897924,0.31165887721131685,0.3737959486092365,0.49566512330786433,0.6304594462917534,0.25829186059453546,0.8661882733320924
lambda_0_7,0.7,2,3,f1-f2,raw_change,3670,4.932539997958346,0.6487446790329038,4.89799289336473,4.0623550262768955,4.461900170316936,5.343638024551407,5.936714800047752,3.5154939192810275,9.14736541361305
lambda_0_7,0.7,2,3,f1-f2,normalized_change,3670,0.35606745785383986,0.012506034023225482,0.3549127163745943,0.3377707621593445,0.3475491262580199,0.36310832045013414,0.37953591751600335,0.32497754115013266,0.40834935615032086
lambda_0_7,0.7,2,3,f1-f2,cosine_distance,3670,0.03934419681425908,0.005320470138481558,0.0383943998064909,0.03250387652497488,0.035913858906923946,0.04204317203619892,0.048855115064773184,0.026491113511032394,0.07011926230567023
lambda_0_7,0.7,2,3,f2-f3,raw_change,3670,4.333763572320537,0.5261052727487814,4.274233795884921,3.6056599921205947,3.9744001841043914,4.663307573620382,5.186819925213106,3.242324074853309,7.9682655105001645
lambda_0_7,0.7,2,3,f2-f3,normalized_change,3670,0.4248022630131972,0.02266680864374322,0.42257333100728933,0.39287036285183885,0.40829413412408017,0.43797051097374473,0.46716460824023587,0.3683019148318948,0.5335376310353144
lambda_0_7,0.7,2,3,f2-f3,cosine_distance,3670,0.07986071013468844,0.013047512526087792,0.07800857711622594,0.06316041997900296,0.07036078283893485,0.08700733228164126,0.10455581192225037,0.051220244318588626,0.15242360228889018
lambda_0_7,0.7,2,3,f3-f4,raw_change,3670,4.2171905823020515,0.49493554983149196,4.149060768275163,3.5693117187825636,3.8562384880606912,4.48115371229131,5.096792613582028,3.226796547415459,7.265408148922469
lambda_0_7,0.7,2,3,f3-f4,normalized_change,3670,0.5484604008562355,0.040561413169713456,0.5455797020063643,0.4866226839332118,0.5184184114899908,0.5776705047737565,0.6190051444069499,0.4504204026876632,0.7302604609838989
lambda_0_7,0.7,2,3,f3-f4,cosine_distance,3670,0.16257368766981511,0.028762324213674837,0.1591351737133308,0.12107616634769225,0.14098053189393173,0.1826565754499094,0.21420180586649115,0.10075918680452556,0.3120713523985019
lambda_0_7,0.7,2,3,f4-f5,raw_change,3670,5.27534711952407,0.8422744357480426,5.150457716275232,4.146154780437048,4.720424903671269,5.675187941601612,6.776431933801964,3.685413295614429,12.301181500438496
lambda_0_7,0.7,2,3,f4-f5,normalized_change,3670,0.8773735789148347,0.09965312655919019,0.8714832208133669,0.7293444087997444,0.8059677740774451,0.9405200531695703,1.0496382475681583,0.6804363655556432,1.403455172078729
lambda_0_7,0.7,2,3,f4-f5,cosine_distance,3670,0.4345387820733216,0.09017686189946358,0.4281396404530095,0.3027589682146938,0.369066097206297,0.48933368977375824,0.6012393165066983,0.25454430260455285,0.8613513763064499
lambda_0_7,0.7,2,4,f1-f2,raw_change,3670,5.271136317498289,0.706834405676405,5.2377214858016945,4.171506552884293,4.816854622903707,5.669097716140915,6.3640159687539075,3.774969207554874,10.185337499709377
lambda_0_7,0.7,2,4,f1-f2,normalized_change,3670,0.3595956683222394,0.0120247468061435,0.3595536474688299,0.34147206964542165,0.351328014177721,0.36642926219262606,0.3807770837759309,0.3198722660303157,0.40496951620558763
lambda_0_7,0.7,2,4,f1-f2,cosine_distance,3670,0.037881869011770396,0.005388461797656657,0.037059716381569574,0.03065129871106791,0.03399103992857519,0.04100796175324545,0.04802855285450993,0.020752705752907774,0.06979577995839048
lambda_0_7,0.7,2,4,f2-f3,raw_change,3670,4.535055171505157,0.5685018171152005,4.461192814961116,3.815519366106667,4.1684136100340545,4.784908045654241,5.458308157213789,3.2346306137712935,8.366739198941021
lambda_0_7,0.7,2,4,f2-f3,normalized_change,3670,0.4260372408854115,0.02231204084854096,0.42415068792008526,0.39660430306756156,0.40767220984554314,0.44103363055273037,0.4663984858757344,0.35826624824822284,0.5070702147440869
lambda_0_7,0.7,2,4,f2-f3,cosine_distance,3670,0.0795962925372542,0.011970242639952791,0.07889364565666201,0.0626565015428458,0.06984418165983505,0.08746015326872919,0.10217595767768098,0.04837876417792797,0.12308310284580559
lambda_0_7,0.7,2,4,f3-f4,raw_change,3670,4.455812716967568,0.5594374608582523,4.384570380464813,3.7777747893927445,4.056402702017103,4.708812522865285,5.397446899466939,3.3937133754491935,8.134914670552117
lambda_0_7,0.7,2,4,f3-f4,normalized_change,3670,0.5589673275040138,0.048079767500119296,0.5523949457279838,0.4936928284189477,0.5223862933361783,0.5917588950784929,0.6507582350895522,0.46643700745758615,0.8278160668742762
lambda_0_7,0.7,2,4,f3-f4,cosine_distance,3670,0.1695572502519634,0.03576472823873389,0.16297811658951583,0.12433015489814855,0.14231112133081825,0.19270874101529795,0.24002433214131144,0.108339565258879,0.39979479283400465
lambda_0_7,0.7,2,4,f4-f5,raw_change,3670,5.414979170152364,1.050448667229562,5.239288620682745,4.16433557706965,4.744942810408522,5.93543103023425,7.046734657723136,3.5736987648660574,14.568556106007273
lambda_0_7,0.7,2,4,f4-f5,normalized_change,3670,0.8782899660119571,0.10147333150839948,0.8673588239172151,0.732691563272915,0.8055827659281654,0.93253585896877,1.0467354694109618,0.6803368658116806,1.5002396075221678
lambda_0_7,0.7,2,4,f4-f5,cosine_distance,3670,0.4346903377874085,0.09043946416660073,0.42358337703646126,0.30118051116542455,0.3689894099041313,0.4821200984164852,0.5947678578897386,0.25818722943688177,0.8813779751324038
lambda_0_9,0.9,1,0,f1-f2,raw_change,3671,2.295120197349367,0.30072233483755756,2.251667601582332,1.9140733675836603,2.0902896141447425,2.4378957083983517,2.857329825611906,1.6278267794953343,4.0998288483818905
lambda_0_9,0.9,1,0,f1-f2,normalized_change,3671,0.2728306151552891,0.018346562625871258,0.27083881683251176,0.2470036473105257,0.25921728653418874,0.28445739262214553,0.3065089599928146,0.23061586456321984,0.34173911327122636
lambda_0_9,0.9,1,0,f1-f2,cosine_distance,3671,0.03785219915822676,0.005337958166380662,0.037065799989241865,0.030570208545967648,0.03389047473290674,0.04104998739550875,0.04778853107687692,0.026142337073575495,0.05974129581341947
lambda_0_9,0.9,1,0,f2-f3,raw_change,3671,2.5847791385906236,0.32134242955886094,2.521568951053553,2.2137668282400176,2.3685594963403798,2.7276036166408826,3.2156378626603397,1.9180991516569283,5.357209421591788
lambda_0_9,0.9,1,0,f2-f3,normalized_change,3671,0.32389304329530993,0.021673532307413652,0.3217990567265037,0.2911502383972302,0.3079814136438348,0.338223536836039,0.3625432802163472,0.26184270731721504,0.41374649365468463
lambda_0_9,0.9,1,0,f2-f3,cosine_distance,3671,0.053877895485670915,0.007362970201490751,0.05303655029209309,0.0432758392435072,0.04838920651057704,0.05852051095124999,0.06727112781849309,0.03486316162325254,0.08932011704843856
lambda_0_9,0.9,1,0,f3-f4,raw_change,3671,2.9877397977233557,0.3411769173674836,2.9282494639995473,2.564186944043542,2.74736497813622,3.15292136646248,3.6253000549096344,2.362366144419348,5.530161594751176
lambda_0_9,0.9,1,0,f3-f4,normalized_change,3671,0.39143669962523153,0.03039857399563459,0.3867752208588964,0.34901422826014655,0.36963825594238087,0.40976619850799945,0.45029679258446276,0.31552797710708763,0.4975712297893108
lambda_0_9,0.9,1,0,f3-f4,cosine_distance,3671,0.07943143364614752,0.012914160200765289,0.07688741719424752,0.0624893730132523,0.07024315810487286,0.0864844123953396,0.10540354558479675,0.050718432010094516,0.1319101651518504
lambda_0_9,0.9,1,0,f4-f5,raw_change,3671,4.043078192945571,0.5749149738232063,3.9365729336111075,3.273769417319888,3.663348547812749,4.313603361336613,5.154935038918363,2.9607550634572988,8.466747687053838
lambda_0_9,0.9,1,0,f4-f5,normalized_change,3671,0.5541356412918166,0.052874405132002256,0.5502848351983903,0.47787227401106136,0.5150398197591807,0.5860205201266875,0.6543886734317569,0.42279443306750064,0.8115888123667192
lambda_0_9,0.9,1,0,f4-f5,cosine_distance,3671,0.16003653640791463,0.031870866233652394,0.15622942445300225,0.11693480173753029,0.13525522358942643,0.17923462332256268,0.21734431350630384,0.09343497369425768,0.3428741055776322
lambda_0_9,0.9,1,1,f1-f2,raw_change,3671,2.4607011853041794,0.27783399413259297,2.4213604249880953,2.065570100139431,2.271951083930969,2.5994247876006136,2.9979148448987774,1.893701883658155,4.2533457765538545
lambda_0_9,0.9,1,1,f1-f2,normalized_change,3671,0.2663790492947255,0.016470669343167547,0.26463135295125423,0.2434552398083894,0.25389349988461285,0.27652117664216114,0.2956471960778947,0.22378447969078294,0.3354769463201163
lambda_0_9,0.9,1,1,f1-f2,cosine_distance,3671,0.03558381626591266,0.004794499373492693,0.034909191899747505,0.029236392884955276,0.03186306207829348,0.03849722160097463,0.0441031145921828,0.02498439523956153,0.057404733376162365
lambda_0_9,0.9,1,1,f2-f3,raw_change,3671,2.7755106912123995,0.2926104366650463,2.7344904303875923,2.3859899364579507,2.5728997438634864,2.9168875279812188,3.3248448965710717,2.1622071940391447,4.912557000877663
lambda_0_9,0.9,1,1,f2-f3,normalized_change,3671,0.32289953863278525,0.02217763596604742,0.3198072910601326,0.29119555383342977,0.30732014824415943,0.33640833749337384,0.36446040456418477,0.2652781734353114,0.4265314980812142
lambda_0_9,0.9,1,1,f2-f3,cosine_distance,3671,0.0535762612807936,0.007760641754309227,0.05229126333701306,0.042862555882520637,0.048087578765700634,0.057981189168771874,0.0686033482092841,0.035406034194974456,0.09462699703463973
lambda_0_9,0.9,1,1,f3-f4,raw_change,3671,3.2081503038916575,0.373653843935609,3.152853092409054,2.704519176442373,2.941283202559296,3.409271946755144,3.882127084042592,2.5090643616465145,5.8295974868168114
lambda_0_9,0.9,1,1,f3-f4,normalized_change,3671,0.399867909035551,0.03157986490844891,0.39721813551052687,0.3518918672504175,0.3772829653521265,0.420803960787414,0.4554563441376236,0.31274663505891215,0.5146357310935747
lambda_0_9,0.9,1,1,f3-f4,cosine_distance,3671,0.08352088519892349,0.013799751684465717,0.08179188002319271,0.06381235795642343,0.07359759404859528,0.09202091441445237,0.1088776036535073,0.04999611614856192,0.14210615639505975
lambda_0_9,0.9,1,1,f4-f5,raw_change,3671,4.566114416951764,0.6373103285709492,4.478797873717795,3.7639222401061136,4.135749295781697,4.841944433538245,5.678629856726685,3.3375362031439115,10.608788089074324
lambda_0_9,0.9,1,1,f4-f5,normalized_change,3671,0.6076555926081698,0.07174344770844286,0.5979769910866,0.5107646574933372,0.5592289133412245,0.6417289245624567,0.7272904093857173,0.4455205125726138,0.9749386293352497
lambda_0_9,0.9,1,1,f4-f5,cosine_distance,3671,0.19500887445230627,0.04846894814374802,0.18696095491028186,0.13421589808582723,0.1618420407271996,0.21705895205830328,0.28438546556850736,0.10469068430712991,0.45973928405744346
lambda_0_9,0.9,1,2,f1-f2,raw_change,3671,2.34421466108794,0.2766812557543302,2.324230059368688,1.9409608963080298,2.1517837845385106,2.494015913344836,2.85668233223661,1.6897072691724955,3.7345038092780656
lambda_0_9,0.9,1,2,f1-f2,normalized_change,3671,0.280509122193696,0.019092910469566245,0.2786452676856172,0.2505736051567272,0.2677997228054714,0.29314304640534117,0.31391182730899103,0.22752354675798117,0.3634464686570632
lambda_0_9,0.9,1,2,f1-f2,cosine_distance,3671,0.04013025391326988,0.005518631580228081,0.0394164041620888,0.03180888445155389,0.03639989267610244,0.04368236994199187,0.04981160811526619,0.026214524983539378,0.06668308516499821
lambda_0_9,0.9,1,2,f2-f3,raw_change,3671,2.5987763539812776,0.3090346144610412,2.5462445336514707,2.19173882495784,2.3884280521124146,2.754979843106624,3.1865560307074623,1.9799011855471442,4.179045117622204
lambda_0_9,0.9,1,2,f2-f3,normalized_change,3671,0.3232409697161054,0.023472586429803325,0.321306804409245,0.2883447694173968,0.3063093933768648,0.33843883268020963,0.3655778518406403,0.2627411940737809,0.4153201208215055
lambda_0_9,0.9,1,2,f2-f3,cosine_distance,3671,0.05359775537696226,0.007902915252454401,0.052717195731110444,0.042351634025531826,0.04787449023923518,0.05836205072241868,0.06828846824090878,0.035106855899162404,0.08965307985963133
lambda_0_9,0.9,1,2,f3-f4,raw_change,3671,3.0714522213336966,0.33780975273954345,3.0265383913437645,2.6389651684508397,2.838259964963478,3.2346597816501403,3.712317135063734,2.2705297533578173,5.074911944465193
lambda_0_9,0.9,1,2,f3-f4,normalized_change,3671,0.39763746750927337,0.03424025714314505,0.39353037296778687,0.34795571046754614,0.3742676126667479,0.41676109206444145,0.46329392960770777,0.3154370858137689,0.5146389488981785
lambda_0_9,0.9,1,2,f3-f4,cosine_distance,3671,0.08196698856206325,0.01484780416867696,0.07941485832031536,0.06203549226187183,0.07185627021896068,0.08946858676035574,0.11092070443419416,0.05102997292556599,0.14166548250533306
lambda_0_9,0.9,1,2,f4-f5,raw_change,3671,4.242025420444761,0.5582326035327113,4.152022129766751,3.5106459887162402,3.843436136167691,4.547067467574932,5.223068990547053,3.1614648216693855,7.342785415320145
lambda_0_9,0.9,1,2,f4-f5,normalized_change,3671,0.5721468400241458,0.05683270076321637,0.5665977004539041,0.48859552856712507,0.5287765847102006,0.6089802136742708,0.6750802670255978,0.4378342689981847,0.8145428999506248
lambda_0_9,0.9,1,2,f4-f5,cosine_distance,3671,0.1698781139095219,0.0348228058938054,0.16528884296909763,0.12237662713002284,0.1436339800772845,0.19097572720199224,0.23519940229924718,0.09711742947161128,0.35965709724389827
lambda_0_9,0.9,1,3,f1-f2,raw_change,3670,2.2926303929394636,0.266244496578997,2.264353516281653,1.9183042827340089,2.111704960640955,2.440121169656539,2.7682892408687927,1.719054231525763,3.8721645750943865
lambda_0_9,0.9,1,3,f1-f2,normalized_change,3670,0.2677458223921545,0.016650067001813068,0.26664698083679483,0.24100916685797535,0.2557890169247201,0.279756809877839,0.29594597587122995,0.22369058546015588,0.33058329497900485
lambda_0_9,0.9,1,3,f1-f2,cosine_distance,3670,0.03625483102684634,0.004754351969499264,0.035773124693908476,0.029036133347481546,0.03275101961007276,0.03951389032871663,0.04459254585263931,0.0247675955627793,0.05621845742859566
lambda_0_9,0.9,1,3,f2-f3,raw_change,3670,2.606529301751933,0.2860555138905554,2.5705220344746675,2.22289300434354,2.4180662017986627,2.7512498565135193,3.1164775194557492,2.005007154016443,4.502328010774402
lambda_0_9,0.9,1,3,f2-f3,normalized_change,3670,0.323308412337181,0.022213252279044228,0.32228544226934275,0.2911338742331196,0.30600607747575814,0.3375132495673577,0.36256423906307356,0.26667966907809254,0.40939906080138727
lambda_0_9,0.9,1,3,f2-f3,cosine_distance,3670,0.05381689607187768,0.007728529189828955,0.05319601059572371,0.04309298689711624,0.047811181382334866,0.0584284400239872,0.06795114084752939,0.03616306859626739,0.08764419019310743
lambda_0_9,0.9,1,3,f3-f4,raw_change,3670,3.0034543873253168,0.3290663907664545,2.945960001638669,2.599908307836443,2.77180086337043,3.165921183809076,3.6186373023481027,2.320189142767557,5.302098738944477
lambda_0_9,0.9,1,3,f3-f4,normalized_change,3670,0.3963723284757566,0.032699351920161344,0.3908531814584798,0.35199419546739286,0.3718745238113775,0.41661671271318435,0.45909323236226984,0.3307513140763743,0.5369130143780874
lambda_0_9,0.9,1,3,f3-f4,cosine_distance,3670,0.08185609331609943,0.014364709626418833,0.0786479682994356,0.06369587629693482,0.07123635363475248,0.08985693493876698,0.11039807585952242,0.0554734910706437,0.15374248265948198
lambda_0_9,0.9,1,3,f4-f5,raw_change,3670,4.130082472155909,0.5293136549087778,4.05373608283417,3.451749180659135,3.7715447451776187,4.401388927294477,5.01393337076913,2.9048274863189634,8.25600706012758
lambda_0_9,0.9,1,3,f4-f5,normalized_change,3670,0.5755136894236802,0.05789635637802315,0.5702023909780772,0.48827441582090814,0.534103693512486,0.6135767703036692,0.6823778479396817,0.4215856327897735,0.7980362346598056
lambda_0_9,0.9,1,3,f4-f5,cosine_distance,3670,0.17466837408870894,0.037913755072919726,0.1686649335515107,0.12049237828289364,0.14837204880953558,0.19654642810839837,0.24843144534138673,0.08961038637484786,0.3477144562366987
lambda_0_9,0.9,1,4,f1-f2,raw_change,3670,2.5339006897377723,0.2869062712828639,2.4873700493158104,2.1492593173981875,2.338284385975143,2.684462370732885,3.0802657821889774,1.9444784621235935,4.331477151374658
lambda_0_9,0.9,1,4,f1-f2,normalized_change,3670,0.26570974105436773,0.01728470932270226,0.2640430898202989,0.24086024778195733,0.25300951412109285,0.2767346197909188,0.2968903339575448,0.22641904243515093,0.3366395494531914
lambda_0_9,0.9,1,4,f1-f2,cosine_distance,3670,0.03527841151831382,0.0050002592007165475,0.03466092139224913,0.028417932593417506,0.03152952921398938,0.038329588523620756,0.044487686381515526,0.023972776969656384,0.05828369038292924
lambda_0_9,0.9,1,4,f2-f3,raw_change,3670,2.8221040619736915,0.2933436780570052,2.7939621946938855,2.4167568641374007,2.620334827237912,2.968647079006056,3.3654619578805955,2.193112653688158,4.80784150899165
lambda_0_9,0.9,1,4,f2-f3,normalized_change,3670,0.319350910797125,0.0220847926270154,0.3183964281428664,0.2860194398488346,0.30231880264234434,0.3342684434738511,0.3588899341580575,0.26848640162937476,0.3984571447366137
lambda_0_9,0.9,1,4,f2-f3,cosine_distance,3670,0.052306142313529404,0.007691502371968469,0.051779143280226814,0.04113541795816894,0.04628816249131648,0.05728845553826903,0.06648231691156556,0.03623338843481583,0.08279336771136803
lambda_0_9,0.9,1,4,f3-f4,raw_change,3670,3.3649479755623646,0.3990738308474398,3.300799716103146,2.855379488682765,3.0929692653845464,3.569204794774842,4.0778455331383805,2.493796490160271,6.112929827214725
lambda_0_9,0.9,1,4,f3-f4,normalized_change,3670,0.40917393197499885,0.03681613527471523,0.40480760132540644,0.35500537023235723,0.38397107145295317,0.4321952747251729,0.4750215546496364,0.29882759679642396,0.5777557139217807
lambda_0_9,0.9,1,4,f3-f4,cosine_distance,3670,0.08805062400952862,0.0168305629839954,0.08522809091505501,0.06492668013269899,0.07640784309171142,0.09776202153799707,0.11953006900895252,0.04509041877413367,0.1829679006294176
lambda_0_9,0.9,1,4,f4-f5,raw_change,3670,4.708895569457446,0.7317883084359689,4.578360902758855,3.872459815963428,4.224458499662854,5.051314429775974,5.884051513112209,3.332122947125601,12.20158999050911
lambda_0_9,0.9,1,4,f4-f5,normalized_change,3670,0.6180113121888672,0.06749470922220668,0.611386783702393,0.5197937862332785,0.5735862045603285,0.6558685847589424,0.7324806759199537,0.4785753161806865,1.1198260285919515
lambda_0_9,0.9,1,4,f4-f5,cosine_distance,3670,0.203588365578998,0.047669250988317036,0.1961454533113775,0.14081983856622476,0.17197293662812135,0.22793481910057542,0.2841745532125051,0.1191331076216513,0.6237801024958749
lambda_0_9,0.9,2,0,f1-f2,raw_change,3671,2.8626467035461673,0.35613095766739233,2.8504606459960473,2.3564176077137216,2.599001734198559,3.05220696123715,3.4673298330725077,2.057886999384688,5.136620029424414
lambda_0_9,0.9,2,0,f1-f2,normalized_change,3671,0.2701988676184271,0.016421348007209065,0.2681365857642803,0.24787488044726008,0.2582875476833328,0.2797677730537699,0.29910749884951165,0.23171794167095058,0.3732766863137768
lambda_0_9,0.9,2,0,f1-f2,cosine_distance,3671,0.036351702410054997,0.004998077254741492,0.03551347789531378,0.030031492045709485,0.03269600932291966,0.03908777550290904,0.04507486479773165,0.023266404433452514,0.07179841938957932
lambda_0_9,0.9,2,0,f2-f3,raw_change,3671,3.133682039901357,0.41341273293999126,3.0370422232818064,2.670063993034395,2.8428308436534726,3.3367263736047548,3.8825325720478614,2.387065876338955,6.353219370341503
lambda_0_9,0.9,2,0,f2-f3,normalized_change,3671,0.32025944123059835,0.025230323264994144,0.31744938985660015,0.285334055446541,0.3026354400269381,0.3348172462760046,0.363168011856052,0.2702379177884004,0.47401515213003637
lambda_0_9,0.9,2,0,f2-f3,cosine_distance,3671,0.052699855539265344,0.009049896793585687,0.051334669357955165,0.04115256733446482,0.04663884702891008,0.05748706128387959,0.06805964128617509,0.036705223281620625,0.11884103077599162
lambda_0_9,0.9,2,0,f3-f4,raw_change,3671,3.616066698518789,0.474991900873677,3.529343774153576,3.0272872596744436,3.2666969669093318,3.879974170116678,4.444169481100117,2.8218995457030736,7.4295322327364985
lambda_0_9,0.9,2,0,f3-f4,normalized_change,3671,0.3972399073962681,0.03790123512952578,0.393062854597469,0.3469202002397258,0.36768274358528363,0.4208210948863094,0.47156710573872784,0.32277682499921634,0.566715619642081
lambda_0_9,0.9,2,0,f3-f4,cosine_distance,3671,0.08290204998643755,0.01694142558450177,0.08041306276291282,0.06183323494515247,0.06988763037402912,0.09241055211041577,0.1174615878274371,0.05333977320518701,0.1699724933613025
lambda_0_9,0.9,2,0,f4-f5,raw_change,3671,5.295192889036996,0.9120657174545737,5.168564392979744,4.113908452059288,4.688848712779691,5.738655748385773,7.006452745669372,3.748459260971113,13.764128784647792
lambda_0_9,0.9,2,0,f4-f5,normalized_change,3671,0.6284816188745473,0.0724528856352874,0.6223286155411157,0.5176429364484499,0.5742463201653925,0.6779174630322022,0.7455784735403119,0.48502755010329857,1.1155556534580768
lambda_0_9,0.9,2,0,f4-f5,cosine_distance,3671,0.21314968885965305,0.04977591431315671,0.20668975014631186,0.1419053455945989,0.17513279511932534,0.24729427734587467,0.29929258452493895,0.12383470758204818,0.5358848146615964
lambda_0_9,0.9,2,1,f1-f2,raw_change,3671,2.936808468427066,0.37423385005708776,2.896950188310727,2.388948502987753,2.682900130207312,3.138116942516443,3.593375181258393,2.1720364042213407,5.200936926536419
lambda_0_9,0.9,2,1,f1-f2,normalized_change,3671,0.2543623354974824,0.013835002760011872,0.2526447330044315,0.23502305305495497,0.24435518028082676,0.2628357008215595,0.2776260260227224,0.21710088859630128,0.3222613600970752
lambda_0_9,0.9,2,1,f1-f2,cosine_distance,3671,0.031247603600198362,0.003951453246184191,0.030639789473788093,0.02594311580826758,0.028392247786764635,0.0335163833128439,0.037771546703363024,0.02096718510943474,0.0522084959743061
lambda_0_9,0.9,2,1,f2-f3,raw_change,3671,3.248280893013331,0.42379916628303727,3.1920248900228936,2.7272762861212434,2.97123260327764,3.4159811222134397,4.0326093028873995,2.4549229810497843,6.239705554034534
lambda_0_9,0.9,2,1,f2-f3,normalized_change,3671,0.3085346110881544,0.02190729574745708,0.30568038987156193,0.27707612295513695,0.29326569725869067,0.32094102555101567,0.34945217087552516,0.25925592775343503,0.4030380692564235
lambda_0_9,0.9,2,1,f2-f3,cosine_distance,3671,0.04803140328824486,0.007449232308150541,0.04684268242621703,0.03784132354989411,0.04282698798700374,0.05213034442256109,0.06177872684367863,0.0323644047257452,0.08440819427388846
lambda_0_9,0.9,2,1,f3-f4,raw_change,3671,3.8280073517013844,0.5829677006298665,3.7250833359539777,3.086834977531714,3.4360392578899015,4.1001281416717035,4.838088944942086,2.8836084266000013,7.7721782233187895
lambda_0_9,0.9,2,1,f3-f4,normalized_change,3671,0.398779883431213,0.03831187160441398,0.39360395184212504,0.34475700277568444,0.3707908237457902,0.4225705278441104,0.4654925889019412,0.2990071817058147,0.5699965190580886
lambda_0_9,0.9,2,1,f3-f4,cosine_distance,3671,0.08353695017500931,0.017326133476993015,0.080413398213105,0.06090157724372941,0.07091857793933942,0.0933662582573263,0.11479744648540963,0.04563212162726138,0.1766413468749679
lambda_0_9,0.9,2,1,f4-f5,raw_change,3671,5.748059618634514,1.3026992197593543,5.436263749909053,4.490346328010007,4.992230144753187,6.101504071098023,7.882713412461866,3.6562929829573587,18.124440915485508
lambda_0_9,0.9,2,1,f4-f5,normalized_change,3671,0.6591630466142446,0.09694719616289707,0.6400045166868304,0.5404533896018897,0.594967430636419,0.695627897684225,0.8435702211224672,0.4943622616815658,1.3179583337160172
lambda_0_9,0.9,2,1,f4-f5,cosine_distance,3671,0.23813743724856198,0.06981882250859929,0.2220409690774896,0.15599022043852695,0.19132584290919558,0.2652958717244323,0.3708596709191617,0.12944279743343168,0.6030569077912187
lambda_0_9,0.9,2,2,f1-f2,raw_change,3671,2.8994656195876005,0.3990702964904446,2.8609553091101403,2.3420051777800457,2.6341259568651565,3.0972185654557047,3.6347286311554123,2.04149193872353,5.0830258138678115
lambda_0_9,0.9,2,2,f1-f2,normalized_change,3671,0.2744613914541217,0.017056218496235703,0.27307103079791467,0.24832629683022556,0.26285915629046447,0.2854685939346592,0.30378007816499025,0.23448228055741555,0.35990913553606085
lambda_0_9,0.9,2,2,f1-f2,cosine_distance,3671,0.03802140929716859,0.005022657887433202,0.03740567322884458,0.03089459508891329,0.03449694406026632,0.041072218422501805,0.046947027441730405,0.027041471395971683,0.0668556716411739
lambda_0_9,0.9,2,2,f2-f3,raw_change,3671,3.1472728719031933,0.43962673001500174,3.0566934067266445,2.624251823665963,2.8584797994088182,3.322342175282558,3.9694679127274544,2.440299106598325,5.867075542012426
lambda_0_9,0.9,2,2,f2-f3,normalized_change,3671,0.31842299542353186,0.024162511815148006,0.3148008593303075,0.2835077185318159,0.3016093074181806,0.33423518855378775,0.36286661101620754,0.2576762477104664,0.41533687342878334
lambda_0_9,0.9,2,2,f2-f3,cosine_distance,3671,0.05211823624585465,0.008352482767374481,0.05061726785696696,0.04059430116453078,0.046235706791525055,0.057279579357842836,0.06804001124247339,0.033432414819309364,0.09020574614560539
lambda_0_9,0.9,2,2,f3-f4,raw_change,3671,3.731823396082441,0.5423254689999334,3.6381123623694127,3.0694675736846166,3.354278871508626,3.9697978456306444,4.737691855277636,2.6613229170657733,7.5406831124284555
lambda_0_9,0.9,2,2,f3-f4,normalized_change,3671,0.40363312421442765,0.04473128213835319,0.39786630681045076,0.34307122866607187,0.37038747391931337,0.42877031720424535,0.48598768015051863,0.3071364136288891,0.5849696396163702
lambda_0_9,0.9,2,2,f3-f4,cosine_distance,3671,0.08596667067770804,0.020661321747798434,0.0821991037043589,0.0605879977500135,0.07094034874902849,0.09618155110382315,0.12475906826755118,0.04758977724197033,0.18648023083880727
lambda_0_9,0.9,2,2,f4-f5,raw_change,3671,5.44208522801054,1.1551432932233416,5.258236756311891,4.121393788186997,4.672918720254312,5.90257169556164,7.377041087766417,3.7028006175922283,14.380969788238886
lambda_0_9,0.9,2,2,f4-f5,normalized_change,3671,0.6297237304298574,0.08172334318727834,0.6208210953965112,0.5106386761052659,0.5762025882764739,0.6751705425129879,0.7753362453329672,0.4338371514614331,1.0896007401941823
lambda_0_9,0.9,2,2,f4-f5,cosine_distance,3671,0.21292341153808442,0.0547159590328186,0.20518167210208882,0.13768262319394486,0.1762254753907802,0.24220130262081807,0.3167909313121893,0.0985664599229713,0.5092307570364518
lambda_0_9,0.9,2,3,f1-f2,raw_change,3670,2.876819475922693,0.3811604825759109,2.8300600581375983,2.3902267287863785,2.621037242694269,3.0480644136093598,3.5774767686372138,2.0899108089270984,5.665816974169964
lambda_0_9,0.9,2,3,f1-f2,normalized_change,3670,0.26074113482821204,0.015647050162164892,0.2595682245518381,0.2361234236067183,0.2503235105599396,0.26995108475609775,0.28781162849408976,0.21922807018109766,0.3202080435484563
lambda_0_9,0.9,2,3,f1-f2,cosine_distance,3670,0.033537565900335575,0.004503174627571303,0.03293596960931999,0.027032048047326156,0.03038211984778308,0.03628468120159398,0.04159372312916385,0.02069012700784756,0.052643915478570724
lambda_0_9,0.9,2,3,f2-f3,raw_change,3670,3.176882205422883,0.45820304214873847,3.1030326545000104,2.623213403316596,2.8726356678258695,3.3567490816785392,3.99557087931426,2.3970011455775238,6.2219785596701405
lambda_0_9,0.9,2,3,f2-f3,normalized_change,3670,0.31221178513420145,0.02358191862541834,0.3097888730750523,0.2791094669646729,0.29477047470117823,0.3248428025255961,0.35604655517300393,0.26298373019476373,0.4154022395366216
lambda_0_9,0.9,2,3,f2-f3,cosine_distance,3670,0.04966721505498027,0.008223806170133309,0.04858426229099794,0.039078255271612426,0.04360372653203684,0.053653707884110946,0.06529914150421529,0.029766435400027214,0.090310380211585
lambda_0_9,0.9,2,3,f3-f4,raw_change,3670,3.7518308610170137,0.5985245666055538,3.6348089291674412,3.074186192584598,3.3762797844238723,3.9847316136312703,4.835625856219308,2.5624151671945214,8.727502168750263
lambda_0_9,0.9,2,3,f3-f4,normalized_change,3670,0.4012152557316788,0.0404351991560675,0.39563026875657864,0.34688150037245163,0.3701467995116315,0.4269099725219926,0.4730315538663732,0.31118270193525155,0.5991835565505435
lambda_0_9,0.9,2,3,f3-f4,cosine_distance,3670,0.08478709920774663,0.01834549395453861,0.08128796117912834,0.06161388467211236,0.07074841798941692,0.09539740865183033,0.11855644877960225,0.04955531948426206,0.19693312649578354
lambda_0_9,0.9,2,3,f4-f5,raw_change,3670,5.633258917840132,1.2976741395804074,5.4274578040201735,4.275896291396954,4.868638801962475,6.010517465975646,7.764244017538891,3.468389917016063,20.90746627537892
lambda_0_9,0.9,2,3,f4-f5,normalized_change,3670,0.6561987709706895,0.09515362773354477,0.6453108709275275,0.5177986606510053,0.5942812800097268,0.7040746376265827,0.8266592938578526,0.4192123316825542,1.152004474396131
lambda_0_9,0.9,2,3,f4-f5,cosine_distance,3670,0.23528743918505157,0.06683968434673654,0.2245083559202809,0.14260315132917167,0.19067071857729176,0.2697944364497569,0.3574961141497964,0.09158779460008326,0.5530135309621991
lambda_0_9,0.9,2,4,f1-f2,raw_change,3670,2.9260214486318623,0.3865564184566547,2.885179443214775,2.41498498304748,2.652657093403199,3.1229756598850162,3.590444839367163,2.2508291353428946,5.490134964549709
lambda_0_9,0.9,2,4,f1-f2,normalized_change,3670,0.2536031905656497,0.016035417686144894,0.2522755120682146,0.22918312712573377,0.2416898460022765,0.26341120713527255,0.2829475495983887,0.21546878470207595,0.31328279543338944
lambda_0_9,0.9,2,4,f1-f2,cosine_distance,3670,0.03105262806628453,0.004462941841679133,0.03048671122182728,0.024745766117381735,0.027741388510288345,0.03356691003244622,0.03980905127797175,0.021492210585136617,0.049611754251066675
lambda_0_9,0.9,2,4,f2-f3,raw_change,3670,3.202293653509449,0.3944587095304866,3.1439458466694,2.708413429302696,2.9324132916716117,3.3806972124541286,3.9312984523066157,2.3408597052599434,5.9118771031370585
lambda_0_9,0.9,2,4,f2-f3,normalized_change,3670,0.30480075938318224,0.02241218749745086,0.30489487942707094,0.27132431038137844,0.2874989982765362,0.3191555828517494,0.34577260277282945,0.25593329265948694,0.3978451493009462
lambda_0_9,0.9,2,4,f2-f3,cosine_distance,3670,0.04680804548773373,0.007674642534968953,0.04642974668099514,0.03612384694604569,0.0403236690626389,0.05163256391379867,0.06142247684909375,0.031643636991559476,0.08237103054098005
lambda_0_9,0.9,2,4,f3-f4,raw_change,3670,3.875465715875076,0.5771604863764626,3.778660719628751,3.1966502664052627,3.4842136471564538,4.139546436804842,4.886143887054056,2.781594041752426,8.979777412459953
lambda_0_9,0.9,2,4,f3-f4,normalized_change,3670,0.40430732509387396,0.040982713458507514,0.4005429586145986,0.3420319910377658,0.3771508446361086,0.4292495852576766,0.47798089730293064,0.29401298746938886,0.6041408483093512
lambda_0_9,0.9,2,4,f3-f4,cosine_distance,3670,0.08604302748594865,0.018863906052816796,0.08322320306954761,0.05970363009898385,0.07328102337894699,0.0966983597064606,0.12119787671441097,0.044193045442775025,0.1916497726225288
lambda_0_9,0.9,2,4,f4-f5,raw_change,3670,5.800658510225145,1.2929680923916147,5.589242958861249,4.486197706978131,4.995693087445898,6.2063213345653745,7.886442420264788,3.743598496475758,18.348039296807432
lambda_0_9,0.9,2,4,f4-f5,normalized_change,3670,0.6694882579910889,0.09388523823366482,0.6551139360078834,0.5447297558177318,0.6101257704503009,0.7148373415964747,0.8196851527462188,0.46461910011217383,1.2643475816003549
lambda_0_9,0.9,2,4,f4-f5,cosine_distance,3670,0.24475189560566304,0.0671777232854947,0.23331466795796596,0.1591758993759901,0.20069863222809495,0.27618162739620133,0.36244895900472,0.11273318217751427,0.6621686100470181
lambda_1_0,1.0,1,0,f1-f2,raw_change,3671,2.202428971512848,0.2519323408267086,2.1623227425366487,1.8827508824303103,2.0387788157972615,2.3238345089902124,2.6427683915872398,1.6786880025389803,4.071017449312475
lambda_1_0,1.0,1,0,f1-f2,normalized_change,3671,0.26588942928413317,0.017160480009261837,0.26493165985396344,0.24082019364415913,0.2528152351196846,0.27673360883549475,0.29568772854036374,0.2199369464563931,0.34519141447469986
lambda_1_0,1.0,1,0,f1-f2,cosine_distance,3671,0.034648589547275926,0.004436158684193907,0.03423240369344982,0.02842911846750462,0.03131012747526429,0.03720706583844813,0.04281061334378883,0.02378822161036742,0.059419330360105715
lambda_1_0,1.0,1,0,f2-f3,raw_change,3671,2.574445590267134,0.3111597569967448,2.528358159389678,2.1787785504983477,2.3865854009215535,2.7008500528009973,3.0976374186145614,1.9972420870871987,5.487751479661374
lambda_1_0,1.0,1,0,f2-f3,normalized_change,3671,0.30584176782196704,0.02317639800194205,0.3030706857217575,0.2709298240650311,0.2895805993880629,0.3213279696945883,0.34604025332050453,0.25349475417823814,0.4252938249036916
lambda_1_0,1.0,1,0,f2-f3,cosine_distance,3671,0.045954074707185155,0.0071079942509829856,0.04515411600670516,0.03562349548401034,0.04090613937019677,0.05042947715138102,0.05833951738865262,0.030160751695057497,0.09005987683347516
lambda_1_0,1.0,1,0,f3-f4,raw_change,3671,3.134156026295953,0.3907817652094839,3.0873255692788617,2.6493207568370907,2.877580721655127,3.314060997333698,3.7546657619148496,2.409002122144928,6.311996247248496
lambda_1_0,1.0,1,0,f3-f4,normalized_change,3671,0.3661517505071644,0.03134635470257389,0.36366406592025086,0.3193472479254297,0.3449493622163167,0.3825282995203967,0.4265948529622117,0.29947911987672227,0.5311537154913335
lambda_1_0,1.0,1,0,f3-f4,cosine_distance,3671,0.06682742845825725,0.012295526867184865,0.06494427288425397,0.04960526662623471,0.05858750071106239,0.07284564072879274,0.09108561648072966,0.04315206132739546,0.14665711379171298
lambda_1_0,1.0,1,0,f4-f5,raw_change,3671,4.630056403988484,0.6786535114929725,4.519096995814833,3.794573566812156,4.180292481572476,4.961789422223754,5.714150093309424,3.3154138376828866,10.210382904144357
lambda_1_0,1.0,1,0,f4-f5,normalized_change,3671,0.5368949268228447,0.054912171670142285,0.5346258525412833,0.45554349990604726,0.5005014226011872,0.5704970932485092,0.6294890524191503,0.3846308858313787,0.8301593304234997
lambda_1_0,1.0,1,0,f4-f5,cosine_distance,3671,0.14692990727436625,0.03260901410621897,0.14347224651137436,0.10292126895992393,0.12442726598763854,0.16517188306574548,0.20462865294150262,0.07289228889497057,0.37042232867334324
lambda_1_0,1.0,1,1,f1-f2,raw_change,3671,2.0910403292507396,0.22419536776313434,2.0690377419471453,1.7826696287500075,1.9332488605699951,2.2102037421447074,2.514119729556564,1.5877089473691788,3.2464481731379564
lambda_1_0,1.0,1,1,f1-f2,normalized_change,3671,0.2773838691332661,0.018973609884436138,0.27592061212056984,0.2491478089256423,0.26320126339283856,0.29019798265541885,0.3116614200896789,0.23221022140993836,0.3451041111116261
lambda_1_0,1.0,1,1,f1-f2,cosine_distance,3671,0.036359964304824494,0.004991883815922673,0.035763418183621054,0.029122220792835496,0.03255413026914783,0.03972134379392661,0.0454213897150772,0.024892085192977143,0.05685578624377552
lambda_1_0,1.0,1,1,f2-f3,raw_change,3671,2.463117253054613,0.22796615042189577,2.4441090412394817,2.1403357882671,2.3142293041812882,2.5835552888546305,2.8682653558563103,1.9454206283218367,4.057239120892065
lambda_1_0,1.0,1,1,f2-f3,normalized_change,3671,0.31490774397200827,0.019643870584555596,0.31251711093097884,0.28557884912400383,0.3014423897436027,0.3274727609800089,0.34982439290303,0.2578565242202425,0.3869305723401731
lambda_1_0,1.0,1,1,f2-f3,cosine_distance,3671,0.04823352307773199,0.0062782829836057034,0.04736864471256652,0.0392334648732221,0.04395373201446867,0.05201510708473045,0.05979939260218453,0.03258461155745185,0.07225049274553841
lambda_1_0,1.0,1,1,f3-f4,raw_change,3671,3.006340096893283,0.3052673708585664,2.9641275377818705,2.626412300371367,2.7935931934083102,3.1518496552203965,3.5676780859723642,2.417815133339876,5.043704403577087
lambda_1_0,1.0,1,1,f3-f4,normalized_change,3671,0.3756272298545098,0.028957024815178305,0.3738115386684977,0.33131983736210996,0.3559253730394167,0.39295012091961057,0.43016429217817775,0.29715066857137346,0.5062434646606209
lambda_1_0,1.0,1,1,f3-f4,cosine_distance,3671,0.06979860917621908,0.011236802551720805,0.06863977967022783,0.05284961443950714,0.06220579197432102,0.076300960988199,0.09049692456662645,0.04379761576056096,0.13464147731840181
lambda_1_0,1.0,1,1,f4-f5,raw_change,3671,4.288403492839192,0.6145188124172493,4.171877734514037,3.5416273980944757,3.8789459883846815,4.561687921279397,5.469967067161614,3.245357279140518,9.242541937434963
lambda_1_0,1.0,1,1,f4-f5,normalized_change,3671,0.5281719931634459,0.056583867498350586,0.5202036567525616,0.4554610268787944,0.4895880927366362,0.5546463964129493,0.6410059438363546,0.41410183620486535,0.8140595254376909
lambda_1_0,1.0,1,1,f4-f5,cosine_distance,3671,0.14151615391873057,0.034806741053559756,0.1356558042080802,0.101182373949189,0.11804753342676244,0.15397988454714767,0.2128106390489078,0.08192726168085607,0.3575207843811261
lambda_1_0,1.0,1,2,f1-f2,raw_change,3671,2.171873196440263,0.2229006844643499,2.146024281540005,1.8644429967671003,2.0176534084071713,2.284948353550865,2.579608919230222,1.6914572442132343,3.3774200424868166
lambda_1_0,1.0,1,2,f1-f2,normalized_change,3671,0.28283478609527013,0.019229023138426796,0.2808168836000817,0.2540956566445161,0.26895301088309465,0.2958569564472091,0.3160738836224184,0.23772738367609136,0.38050564074311355
lambda_1_0,1.0,1,2,f1-f2,cosine_distance,3671,0.03802780784493128,0.005269887288568846,0.03721477479251423,0.03072146131834841,0.034195568676243626,0.04132958507526635,0.0469073043525291,0.026866984826526275,0.06875188005611832
lambda_1_0,1.0,1,2,f2-f3,raw_change,3671,2.4993019112319526,0.24671011162571338,2.4634296980944197,2.1714787250738516,2.331469541934207,2.6124998904745746,2.9712345499030155,2.029823714844684,3.891030955591441
lambda_1_0,1.0,1,2,f2-f3,normalized_change,3671,0.3144463003519092,0.02213558848406527,0.31216067571993217,0.28205136988145896,0.29759046036401177,0.32869997390363925,0.3561035744013722,0.2640773171702242,0.39068279353528096
lambda_1_0,1.0,1,2,f2-f3,cosine_distance,3671,0.047834718491846624,0.006983789617402647,0.046937497830299546,0.03808154837671601,0.042534476738402216,0.05205803607132631,0.06202752030045189,0.03344484151206062,0.07549900361374218
lambda_1_0,1.0,1,2,f3-f4,raw_change,3671,3.0406087079116526,0.2965053268032518,2.976325257802294,2.6637185203931373,2.835687925282037,3.210458043209582,3.585924562394757,2.4676532221568226,5.0436277093673505
lambda_1_0,1.0,1,2,f3-f4,normalized_change,3671,0.37254865342843263,0.029072008823838164,0.37063847333414285,0.3277119517566255,0.3506238966639289,0.39230566696419555,0.42207382099896573,0.30540376478805503,0.4728571668585248
lambda_1_0,1.0,1,2,f3-f4,cosine_distance,3671,0.06861876660291008,0.011469981615406232,0.06724600893508659,0.05159112126130999,0.06031888183161288,0.07597682585002763,0.0895686240315875,0.04529119784322366,0.11136581718042549
lambda_1_0,1.0,1,2,f4-f5,raw_change,3671,4.524545179679666,0.5915307332455549,4.462357287487044,3.742267770200504,4.116060604388853,4.850991387183983,5.547902893953246,3.1993420462413567,9.346979828664454
lambda_1_0,1.0,1,2,f4-f5,normalized_change,3671,0.5464453709251321,0.05511890707192894,0.5425223557959102,0.4612904861216168,0.5068600850199997,0.5834557760750776,0.6383037543015051,0.38231881472133006,0.8155545087963573
lambda_1_0,1.0,1,2,f4-f5,cosine_distance,3671,0.15334078659357486,0.033564380597585174,0.1489218718411215,0.10579468365241163,0.12946899554361363,0.17332434157792814,0.21357729307189388,0.07277907632952518,0.3478923116092343
lambda_1_0,1.0,1,3,f1-f2,raw_change,3670,2.228114261564096,0.22243341355053545,2.1943952278539847,1.9322509020160243,2.0761235762058714,2.3468899261565466,2.6424930090442498,1.7821323078454638,3.268063672007179
lambda_1_0,1.0,1,3,f1-f2,normalized_change,3670,0.27647004578178597,0.01846113121082097,0.27432315615132785,0.2505788030361097,0.26373669645335773,0.28771361887463975,0.3091709157441896,0.22605106886132004,0.3545283061791361
lambda_1_0,1.0,1,3,f1-f2,cosine_distance,3670,0.03662629985535807,0.004864375110713966,0.036034427284412696,0.029855019334296344,0.033280942075533115,0.039332123421991494,0.04535306616640101,0.02479769220045558,0.059805687125476625
lambda_1_0,1.0,1,3,f2-f3,raw_change,3670,2.5890962899879444,0.25783462450793954,2.560129013277951,2.2355440269071307,2.409322138299231,2.7176001822527702,3.05176137913403,2.0762425095068937,4.12149552760316
lambda_1_0,1.0,1,3,f2-f3,normalized_change,3670,0.3115615592631338,0.020949883123696323,0.3101652196394434,0.2787538388084327,0.29629232722830173,0.3263524887156153,0.34675456781222663,0.2624022760977664,0.39990706612100757
lambda_1_0,1.0,1,3,f2-f3,cosine_distance,3670,0.04693325860479579,0.0064784818867487425,0.04618475586566606,0.037613425751360195,0.04213767234840629,0.051074005199788275,0.05782188349570704,0.03272945994728538,0.08168347726113367
lambda_1_0,1.0,1,3,f3-f4,raw_change,3670,3.1151030888088753,0.3516275955027466,3.0542790175958716,2.651471076484482,2.884444902464552,3.2970793037379234,3.7243490973022424,2.397384392118291,5.278985777555652
lambda_1_0,1.0,1,3,f3-f4,normalized_change,3670,0.3650261437338834,0.03390855146813485,0.3588917597124377,0.3211846438380617,0.34001983203834657,0.38415968030670034,0.4331822817127975,0.295464246083114,0.5077817539340631
lambda_1_0,1.0,1,3,f3-f4,cosine_distance,3670,0.06579851244383376,0.013161553116194305,0.0632069600976522,0.050084584942940755,0.05564941642805335,0.07275890590901035,0.0942383009613854,0.04248013719813337,0.13327884766626152
lambda_1_0,1.0,1,3,f4-f5,raw_change,3670,4.639395344860267,0.6689116819046976,4.5565165550754845,3.7974066585857673,4.131007632883119,5.0033308013938145,5.7615867650377375,3.337402598792733,8.891147144673187
lambda_1_0,1.0,1,3,f4-f5,normalized_change,3670,0.5340738210462388,0.057815354996992745,0.5292695317019707,0.44864873840886405,0.49167925523940603,0.5723460789244801,0.62789953790725,0.40932589712651335,0.8504330418307547
lambda_1_0,1.0,1,3,f4-f5,cosine_distance,3670,0.14564613604988585,0.034272672259488275,0.1408749953936262,0.09899124730798416,0.11982819526632377,0.16786349082838958,0.20346687594476062,0.07900270192883674,0.39015231017943053
lambda_1_0,1.0,1,4,f1-f2,raw_change,3670,2.0453306874031876,0.2481438304831092,2.009513271160454,1.7105417644505618,1.8750819570296728,2.1631954661694897,2.5351880629173733,1.5251073899531467,3.3077243671391603
lambda_1_0,1.0,1,4,f1-f2,normalized_change,3670,0.27338199684052344,0.018554681364307744,0.271742521809752,0.24467459183043222,0.26044997024067035,0.2848753096982855,0.30515864859252123,0.22532827297683378,0.3584576388057725
lambda_1_0,1.0,1,4,f1-f2,cosine_distance,3670,0.035700270896061516,0.004893059600366873,0.03503006463904579,0.028470620134819456,0.032408120076086844,0.03873483536814937,0.04400081548524962,0.024021818962581487,0.06097619059653947
lambda_1_0,1.0,1,4,f2-f3,raw_change,3670,2.403676042705394,0.2605234493671339,2.3623102947856798,2.0738943641961978,2.2140887034459893,2.534344865014087,2.89354092123369,1.8660121957967473,3.9178188474510347
lambda_1_0,1.0,1,4,f2-f3,normalized_change,3670,0.3118598441885383,0.023192281360812774,0.3106176355192515,0.2746204283469752,0.2961847714300686,0.3266384579019612,0.3506585995554592,0.24361592983127367,0.3939813014888284
lambda_1_0,1.0,1,4,f2-f3,cosine_distance,3670,0.04675523900564668,0.006876442812627717,0.04608570252382688,0.03607961732197008,0.04204405916593809,0.05127118235037406,0.05869047162766613,0.028913874326486066,0.0738699479824223
lambda_1_0,1.0,1,4,f3-f4,raw_change,3670,2.913652909924313,0.3392815815462462,2.8419379352450957,2.511829489010064,2.69879310972131,3.0483653025985085,3.5594772170516524,2.275658822564282,5.18804476313817
lambda_1_0,1.0,1,4,f3-f4,normalized_change,3670,0.3663365623227659,0.02885921119045775,0.36492643915157363,0.3216074855800279,0.34555148224533166,0.38559865018087514,0.4142231614659945,0.2863612962750818,0.5025880821633808
lambda_1_0,1.0,1,4,f3-f4,cosine_distance,3670,0.06552292353739114,0.010979327360018921,0.06426556927058558,0.049797939314221176,0.05757495955963843,0.0725930892211025,0.08401762880594066,0.03884960353237166,0.12764645175167733
lambda_1_0,1.0,1,4,f4-f5,raw_change,3670,4.131451408508221,0.5591584830178538,4.036120744779829,3.4317739078896614,3.7613445819462386,4.366815202267009,5.13049668920708,3.006125752836277,8.23695207559847
lambda_1_0,1.0,1,4,f4-f5,normalized_change,3670,0.507865933902679,0.05077297826341437,0.5002332177240985,0.43347094460558433,0.47043226192961674,0.5437355879189929,0.5964625038847189,0.378542554810473,0.7487271473127575
lambda_1_0,1.0,1,4,f4-f5,cosine_distance,3670,0.12843655724319897,0.02773539192917696,0.12361053989004828,0.09141987753434141,0.1081686234354127,0.1454260402158001,0.1788323813107417,0.06716467181232766,0.2905191251100836
lambda_1_0,1.0,2,0,f1-f2,raw_change,3671,2.4862666015098207,0.321978383601485,2.4285071029274903,2.1075184820201938,2.27881357183072,2.625055568179146,3.0688301145687147,1.8605497326864153,4.708818399612688
lambda_1_0,1.0,2,0,f1-f2,normalized_change,3671,0.24821453719351283,0.017975110472272057,0.24655709853222235,0.22315014886547346,0.23560724484395024,0.25816123007527114,0.28133620419719835,0.20017266624768212,0.3410598692734417
lambda_1_0,1.0,2,0,f1-f2,cosine_distance,3671,0.030710488972998173,0.004485824078884785,0.03025041939816142,0.024846470804269605,0.027551666482767745,0.03289468130848755,0.03909301769774287,0.020237464243543224,0.05970226926776745
lambda_1_0,1.0,2,0,f2-f3,raw_change,3671,2.8781062476470316,0.4131461300028146,2.7926138108262832,2.3822333180028914,2.6318426490795197,3.014018118769374,3.6801705625097005,2.148926258147513,5.981073507574117
lambda_1_0,1.0,2,0,f2-f3,normalized_change,3671,0.2862286064616464,0.026265948732232626,0.2827576471510958,0.25035870929190573,0.26798771908776514,0.30070442229517924,0.32941490546646857,0.23020006757315686,0.4500518446187867
lambda_1_0,1.0,2,0,f2-f3,cosine_distance,3671,0.041157493183979425,0.007962784647122738,0.03986487579344955,0.031235161895573293,0.03577335921025443,0.04515470369708441,0.05398538416373205,0.025705987300511657,0.10248160528355998
lambda_1_0,1.0,2,0,f3-f4,raw_change,3671,3.5854131998530683,0.5821281114302588,3.487755931869447,2.8875182063306015,3.2044675525494486,3.813797627709712,4.637665501182218,2.630897923359804,9.460906410119323
lambda_1_0,1.0,2,0,f3-f4,normalized_change,3671,0.35582192083809144,0.03703864282093109,0.351621040644801,0.30344463036072966,0.33025764788001155,0.3759191346672017,0.4190517869509379,0.2747359577183337,0.6144678670257172
lambda_1_0,1.0,2,0,f3-f4,cosine_distance,3671,0.06487491175632677,0.014439953835750958,0.06262190062154604,0.046059351041903174,0.054906561896651884,0.07211453881399543,0.089360813732831,0.03753506915402549,0.1824098922444447
lambda_1_0,1.0,2,0,f4-f5,raw_change,3671,5.779015456354672,1.3197559081377874,5.4568985282506635,4.380934657601105,4.944715358490495,6.226699230421919,8.124846425681618,3.8620422983201164,22.369920146425805
lambda_1_0,1.0,2,0,f4-f5,normalized_change,3671,0.5819792997337059,0.08816477852094422,0.5677853690657219,0.4721595234912703,0.521950988455063,0.625025167342402,0.7384186005135693,0.39644135149358867,1.407665367351194
lambda_1_0,1.0,2,0,f4-f5,cosine_distance,3671,0.17920465036969832,0.05560828306015953,0.16643965473798894,0.11437613249000317,0.14116256415646788,0.2043328926260815,0.28705118659435785,0.08088423954906188,0.5433324203763759
lambda_1_0,1.0,2,1,f1-f2,raw_change,3671,2.439153505905849,0.3137799639627126,2.4014452726943203,1.9393166461719487,2.246808641147977,2.585409149097014,3.0693605703984232,1.766466501212439,3.737598416033457
lambda_1_0,1.0,2,1,f1-f2,normalized_change,3671,0.2603289235888412,0.0160332354615509,0.2590948776698654,0.2360126974932759,0.248275146490812,0.27148713326459306,0.2871335716896698,0.21024490095382958,0.32246756585607655
lambda_1_0,1.0,2,1,f1-f2,cosine_distance,3671,0.033158603149221984,0.004098511563815864,0.03290790108309272,0.02701948983105268,0.030151513959592924,0.03603360974432268,0.04018704558233316,0.022026800315553263,0.04882793880195646
lambda_1_0,1.0,2,1,f2-f3,raw_change,3671,2.80049979107902,0.3366135509160306,2.7393711039223994,2.3488376861261777,2.593770657873416,2.9345077245531312,3.457181341928553,2.193520978534478,4.827637819153873
lambda_1_0,1.0,2,1,f2-f3,normalized_change,3671,0.2944133675585177,0.019499491033550163,0.29174596993257546,0.2644471067121412,0.28134494192168125,0.3069899132824652,0.32851377247694374,0.24504249298040212,0.3852507559242275
lambda_1_0,1.0,2,1,f2-f3,cosine_distance,3671,0.042951532734694875,0.005850768219979582,0.04197559684830976,0.0347037670851697,0.03895354264827794,0.04655388706883801,0.053346808927412614,0.0292862636109138,0.07556433313971833
lambda_1_0,1.0,2,1,f3-f4,raw_change,3671,3.5176896854637425,0.5216889397049558,3.400223355809103,2.924900366840033,3.1536885405923307,3.727068444597557,4.560559930447303,2.638660117996467,7.03505657316474
lambda_1_0,1.0,2,1,f3-f4,normalized_change,3671,0.3660907541956414,0.034902621934613166,0.3650262560817284,0.31042030591809533,0.3424352418368167,0.3875498351957843,0.4265151050221987,0.28679326470797906,0.5018327514299145
lambda_1_0,1.0,2,1,f3-f4,cosine_distance,3671,0.06820856941075384,0.013527780262878743,0.06702536540086579,0.04796185942220477,0.05870917972658496,0.07576582567456253,0.09206538040437828,0.04068528412932115,0.125044043973923
lambda_1_0,1.0,2,1,f4-f5,raw_change,3671,5.482805955135586,1.2909504609189342,5.155783744035406,4.103706415221314,4.680753289776616,5.888681045451898,8.022192238131293,3.3280488198057827,15.69963738732607
lambda_1_0,1.0,2,1,f4-f5,normalized_change,3671,0.5739410764675602,0.09078956875610106,0.5549578384966194,0.4647028994908809,0.513348014885133,0.6124350019511786,0.7554176400324343,0.4016839773789708,1.1034693941110418
lambda_1_0,1.0,2,1,f4-f5,cosine_distance,3671,0.17305745351187263,0.05748955856832011,0.15811106957855547,0.11140561161217727,0.13532737945580187,0.19463257333757333,0.29321497803029484,0.08033854814323516,0.5555885546866848
lambda_1_0,1.0,2,2,f1-f2,raw_change,3671,2.493669561813082,0.28863310486273014,2.4806871873003775,2.073222332288002,2.291807931713423,2.6425208264705216,2.9922590746344015,1.9256774361327986,4.160091023529627
lambda_1_0,1.0,2,2,f1-f2,normalized_change,3671,0.2639786378332347,0.01737892657167323,0.2619745304950125,0.23931959841583675,0.2514529424579919,0.27527080987114183,0.2955578698818708,0.19761077107629843,0.3329716895735867
lambda_1_0,1.0,2,2,f1-f2,cosine_distance,3671,0.034317095311156925,0.004647229067687724,0.03375043921520937,0.028106375810567796,0.03080869869366687,0.037239833307412096,0.04251557574967113,0.01957029148614331,0.05563088801998517
lambda_1_0,1.0,2,2,f2-f3,raw_change,3671,2.831637287102101,0.321947606066804,2.789411714645711,2.4134308787150873,2.6099211347724114,2.983400986428216,3.423929604871743,2.3177811052932644,4.743010137364695
lambda_1_0,1.0,2,2,f2-f3,normalized_change,3671,0.2964566417399637,0.023283774041351648,0.2954795882243853,0.2636999605747745,0.27761637816932305,0.3093999747059739,0.3403005872225596,0.2505186725408032,0.3791879178405596
lambda_1_0,1.0,2,2,f2-f3,cosine_distance,3671,0.043778115491569694,0.00713432032431039,0.0431885851712297,0.03439920825199683,0.03823432823352363,0.04731845548766456,0.05750608384397221,0.03006639124583077,0.07217569580314198
lambda_1_0,1.0,2,2,f3-f4,raw_change,3671,3.5098841029120207,0.444294187546369,3.4050799406332026,2.961505245906541,3.2074335035482617,3.7469999713078206,4.336996643630363,2.726502505076196,6.5238008932270715
lambda_1_0,1.0,2,2,f3-f4,normalized_change,3671,0.3650118025669042,0.034177214078084515,0.3631684622508065,0.31366217764953097,0.34132474295766974,0.3852289417201279,0.42436210365673943,0.29163658800117886,0.5361638545433198
lambda_1_0,1.0,2,2,f3-f4,cosine_distance,3671,0.06775134089687603,0.01328392658407393,0.06617449947205756,0.04879758439429721,0.05853514206227517,0.07479045178812616,0.09096858959508969,0.04251904717546573,0.14916221179587097
lambda_1_0,1.0,2,2,f4-f5,raw_change,3671,5.703869224101922,1.0777727218975588,5.563908012328831,4.255960586864694,5.097108366027019,6.146409992367746,7.540386233973452,3.6239739380175084,16.353023522872828
lambda_1_0,1.0,2,2,f4-f5,normalized_change,3671,0.59749192561567,0.07678364535157774,0.5889341475803513,0.48787939551255155,0.5490919625358371,0.6405739356992773,0.7262617731877021,0.3978860600004089,1.016864617152461
lambda_1_0,1.0,2,2,f4-f5,cosine_distance,3671,0.18808040246037583,0.04981760885382035,0.18085008367782596,0.12234893500696925,0.15570460769131295,0.21633977335734683,0.27561305191042124,0.08111917851111694,0.45967738155144666
lambda_1_0,1.0,2,3,f1-f2,raw_change,3670,2.496111368028521,0.32967501410404737,2.4239840409022806,2.1005243517302614,2.2848087762639375,2.6215749816213743,3.170562529807979,1.9023789663639756,4.52794757911707
lambda_1_0,1.0,2,3,f1-f2,normalized_change,3670,0.2574766899374352,0.017093879902584753,0.25555619528305623,0.2329647986467741,0.24562633495139435,0.26773969104158146,0.28847848802682013,0.2099889637532167,0.3372053391766073
lambda_1_0,1.0,2,3,f1-f2,cosine_distance,3670,0.03251571460514908,0.004363508755480316,0.03195148448425961,0.02636439028103123,0.029490704161907605,0.034919300893371114,0.040735257972219,0.02171516819522823,0.05495972067133548
lambda_1_0,1.0,2,3,f2-f3,raw_change,3670,2.8823239715093263,0.4187928724866844,2.802395813706875,2.395253679039753,2.628224934171066,3.0084247829945228,3.67594861914595,2.1957261992795427,5.823288946286202
lambda_1_0,1.0,2,3,f2-f3,normalized_change,3670,0.292401076979658,0.021633786659285562,0.2907846968480118,0.26176207812374913,0.27655645517797817,0.305312710342202,0.32998087097576356,0.23753716406631512,0.4090195276381483
lambda_1_0,1.0,2,3,f2-f3,cosine_distance,3670,0.04237969001842838,0.0066534064167113926,0.04154165889457678,0.03367953516632364,0.03755958595419431,0.04609573310739001,0.0539972604365602,0.028009445602727667,0.08509273233293724
lambda_1_0,1.0,2,3,f3-f4,raw_change,3670,3.5676809335265633,0.6721547882495613,3.40238053667336,2.8651512116432363,3.1562687017726287,3.7924668575887717,4.787832633432101,2.5246072816462077,8.60700084386646
lambda_1_0,1.0,2,3,f3-f4,normalized_change,3670,0.3577269232371439,0.04191372872988371,0.34980153131486014,0.3046264620072066,0.3264197268071578,0.38155945384085316,0.43565543954798364,0.28574157054109484,0.5730824954852023
lambda_1_0,1.0,2,3,f3-f4,cosine_distance,3670,0.0651652041689703,0.016592379248696065,0.06159004829289916,0.04597401294935839,0.052774419581775506,0.07371488644662971,0.09664271239841692,0.039650043070696306,0.16617021360488404
lambda_1_0,1.0,2,3,f4-f5,raw_change,3670,5.8081493560177515,1.5774057505504575,5.497204939108644,4.293056092049341,4.827975655911351,6.229221973429681,8.517930173424576,3.703086574305363,21.862074317023925
lambda_1_0,1.0,2,3,f4-f5,normalized_change,3670,0.5826629342342724,0.09910505742984564,0.5720043403047297,0.45605218510236384,0.5167930786752877,0.6274393498869992,0.7556800201293271,0.3918275877434562,1.2961094069749317
lambda_1_0,1.0,2,3,f4-f5,cosine_distance,3670,0.17910195031747883,0.06087812110237766,0.16978625635932693,0.10671848268743556,0.13664984001920302,0.20514908936213583,0.2931106072583681,0.07771021838734093,0.5722640382316551
lambda_1_0,1.0,2,4,f1-f2,raw_change,3670,2.475281872125715,0.3149978226808511,2.438348184080856,2.0760556828603636,2.2601309219735644,2.6367366155049803,3.072084020820901,1.7927377722210767,3.916508160664848
lambda_1_0,1.0,2,4,f1-f2,normalized_change,3670,0.2606865138436944,0.01767629713321715,0.2587529853933641,0.2343886884386146,0.24898092780619854,0.2706152760975792,0.29039794430536514,0.2090897758454031,0.3309343495606827
lambda_1_0,1.0,2,4,f1-f2,cosine_distance,3670,0.03333165029151755,0.004583671153204125,0.032706462512985646,0.02668868335609271,0.03026184174806626,0.03573684230992527,0.041670308738906724,0.021639239054619064,0.05407701273522192
lambda_1_0,1.0,2,4,f2-f3,raw_change,3670,2.8430017616115055,0.3510471561369165,2.792435258524034,2.415020829166305,2.595689163229581,2.991078515351737,3.5202925962884257,2.2380408654532298,5.711470697965405
lambda_1_0,1.0,2,4,f2-f3,normalized_change,3670,0.29544099629748277,0.024263678413690575,0.29309481231853407,0.2587345863480859,0.27694040410360893,0.3135862466960661,0.33785196799652584,0.24228548447129217,0.3764779115816811
lambda_1_0,1.0,2,4,f2-f3,cosine_distance,3670,0.04319289678588864,0.00710550706091589,0.04218917130711741,0.03302517765497263,0.03786792566895428,0.04843280400999367,0.055609296163557434,0.02854443411786667,0.06995366506122802
lambda_1_0,1.0,2,4,f3-f4,raw_change,3670,3.529227433692972,0.5524668182409244,3.417027808111421,2.894349968143555,3.176291825197313,3.7415969002383482,4.564472879329452,2.6982950277368234,7.75311213182026
lambda_1_0,1.0,2,4,f3-f4,normalized_change,3670,0.3618603551139394,0.039287873017452166,0.35719850518134927,0.31009145205038136,0.33308829020374775,0.3860615569605007,0.4244424096792186,0.27477094639231925,0.600201198844363
lambda_1_0,1.0,2,4,f3-f4,cosine_distance,3670,0.06657990789474849,0.01563048885672793,0.06391270340142258,0.047768748659266745,0.055744769697540636,0.07505562332744714,0.0918183060460218,0.036918341101783714,0.18223056562238182
lambda_1_0,1.0,2,4,f4-f5,raw_change,3670,5.559679371737252,1.1551194231004582,5.350271762186706,4.231023648651407,4.885374650873482,5.974050810642453,7.327624462727655,3.5391294500180304,17.5701212628907
lambda_1_0,1.0,2,4,f4-f5,normalized_change,3670,0.5726270348087005,0.07917467706039324,0.5667496206278764,0.45662131389762994,0.5176604096669137,0.6190342567056902,0.7058901605480195,0.3971609201186069,1.051775577924786
lambda_1_0,1.0,2,4,f4-f5,cosine_distance,3670,0.17047313311396625,0.04635609754972948,0.16527485174481188,0.106254358187566,0.13850402905157783,0.19621303321397335,0.25365664754348727,0.07772742094176732,0.45269036574347876
