dataset_index,partition,sample_id
0,train,cars_train:00001.jpg
1,train,cars_train:00002.jpg
2,train,cars_train:00003.jpg
3,train,cars_train:00004.jpg
4,train,cars_train:00005.jpg
5,train,cars_train:00006.jpg
6,train,cars_train:00007.jpg
7,train,cars_train:00008.jpg
8,train,cars_train:00009.jpg
9,train,cars_train:00010.jpg
10,train,cars_train:00011.jpg
11,train,cars_train:00012.jpg
12,train,cars_train:00013.jpg
13,train,cars_train:00014.jpg
17,train,cars_train:00018.jpg
18,train,cars_train:00019.jpg
21,train,cars_train:00022.jpg
22,train,cars_train:00023.jpg
24,train,cars_train:00025.jpg
25,train,cars_train:00026.jpg
27,train,cars_train:00028.jpg
29,train,cars_train:00030.jpg
30,train,cars_train:00031.jpg
31,train,cars_train:00032.jpg
32,train,cars_train:00033.jpg
33,train,cars_train:00034.jpg
34,train,cars_train:00035.jpg
35,train,cars_train:00036.jpg
36,train,cars_train:00037.jpg
37,train,cars_train:00038.jpg
38,train,cars_train:00039.jpg
39,train,cars_train:00040.jpg
40,train,cars_train:00041.jpg
42,train,cars_train:00043.jpg
43,train,cars_train:00044.jpg
44,train,cars_train:00045.jpg
45,train,cars_train:00046.jpg
47,train,cars_train:00048.jpg
48,train,cars_train:00049.jpg
49,train,cars_train:00050.jpg
50,train,cars_train:00051.jpg
51,train,cars_train:00052.jpg
53,train,cars_train:00054.jpg
54,train,cars_train:00055.jpg
55,train,cars_train:00056.jpg
56,train,cars_train:00057.jpg
57,train,cars_train:00058.jpg
58,train,cars_train:00059.jpg
59,train,cars_train:00060.jpg
60,train,cars_train:00061.jpg
61,train,cars_train:00062.jpg
62,train,cars_train:00063.jpg
63,train,cars_train:00064.jpg
64,train,cars_train:00065.jpg
66,train,cars_train:00067.jpg
67,train,cars_train:00068.jpg
68,train,cars_train:00069.jpg
70,train,cars_train:00071.jpg
71,train,cars_train:00072.jpg
73,train,cars_train:00074.jpg
74,train,cars_train:00075.jpg
75,train,cars_train:00076.jpg
76,train,cars_train:00077.jpg
77,train,cars_train:00078.jpg
78,train,cars_train:00079.jpg
80,train,cars_train:00081.jpg
81,train,cars_train:00082.jpg
82,train,cars_train:00083.jpg
83,train,cars_train:00084.jpg
84,train,cars_train:00085.jpg
85,train,cars_train:00086.jpg
86,train,cars_train:00087.jpg
87,train,cars_train:00088.jpg
89,train,cars_train:00090.jpg
91,train,cars_train:00092.jpg
92,train,cars_train:00093.jpg
93,train,cars_train:00094.jpg
95,train,cars_train:00096.jpg
96,train,cars_train:00097.jpg
98,train,cars_train:00099.jpg
99,train,cars_train:00100.jpg
101,train,cars_train:00102.jpg
102,train,cars_train:00103.jpg
103,train,cars_train:00104.jpg
104,train,cars_train:00105.jpg
108,train,cars_train:00109.jpg
109,train,cars_train:00110.jpg
110,train,cars_train:00111.jpg
111,train,cars_train:00112.jpg
112,train,cars_train:00113.jpg
113,train,cars_train:00114.jpg
114,train,cars_train:00115.jpg
115,train,cars_train:00116.jpg
116,train,cars_train:00117.jpg
117,train,cars_train:00118.jpg
118,train,cars_train:00119.jpg
119,train,cars_train:00120.jpg
121,train,cars_train:00122.jpg
122,train,cars_train:00123.jpg
123,train,cars_train:00124.jpg
124,train,cars_train:00125.jpg
125,train,cars_train:00126.jpg
126,train,cars_train:00127.jpg
127,train,cars_train:00128.jpg
128,train,cars_train:00129.jpg
129,train,cars_train:00130.jpg
130,train,cars_train:00131.jpg
132,train,cars_train:00133.jpg
133,train,cars_train:00134.jpg
134,train,cars_train:00135.jpg
135,train,cars_train:00136.jpg
137,train,cars_train:00138.jpg
138,train,cars_train:00139.jpg
139,train,cars_train:00140.jpg
140,train,cars_train:00141.jpg
141,train,cars_train:00142.jpg
142,train,cars_train:00143.jpg
143,train,cars_train:00144.jpg
144,train,cars_train:00145.jpg
145,train,cars_train:00146.jpg
147,train,cars_train:00148.jpg
148,train,cars_train:00149.jpg
149,train,cars_train:00150.jpg
150,train,cars_train:00151.jpg
151,train,cars_train:00152.jpg
152,train,cars_train:00153.jpg
154,train,cars_train:00155.jpg
155,train,cars_train:00156.jpg
156,train,cars_train:00157.jpg
157,train,cars_train:00158.jpg
159,train,cars_train:00160.jpg
160,train,cars_train:00161.jpg
162,train,cars_train:00163.jpg
164,train,cars_train:00165.jpg
165,train,cars_train:00166.jpg
166,train,cars_train:00167.jpg
167,train,cars_train:00168.jpg
168,train,cars_train:00169.jpg
170,train,cars_train:00171.jpg
171,train,cars_train:00172.jpg
172,train,cars_train:00173.jpg
173,train,cars_train:00174.jpg
174,train,cars_train:00175.jpg
175,train,cars_train:00176.jpg
176,train,cars_train:00177.jpg
177,train,cars_train:00178.jpg
178,train,cars_train:00179.jpg
181,train,cars_train:00182.jpg
182,train,cars_train:00183.jpg
183,train,cars_train:00184.jpg
184,train,cars_train:00185.jpg
185,train,cars_train:00186.jpg
186,train,cars_train:00187.jpg
188,train,cars_train:00189.jpg
189,train,cars_train:00190.jpg
190,train,cars_train:00191.jpg
192,train,cars_train:00193.jpg
193,train,cars_train:00194.jpg
194,train,cars_train:00195.jpg
195,train,cars_train:00196.jpg
196,train,cars_train:00197.jpg
197,train,cars_train:00198.jpg
198,train,cars_train:00199.jpg
199,train,cars_train:00200.jpg
200,train,cars_train:00201.jpg
201,train,cars_train:00202.jpg
202,train,cars_train:00203.jpg
203,train,cars_train:00204.jpg
204,train,cars_train:00205.jpg
205,train,cars_train:00206.jpg
206,train,cars_train:00207.jpg
207,train,cars_train:00208.jpg
209,train,cars_train:00210.jpg
210,train,cars_train:00211.jpg
211,train,cars_train:00212.jpg
212,train,cars_train:00213.jpg
213,train,cars_train:00214.jpg
215,train,cars_train:00216.jpg
216,train,cars_train:00217.jpg
217,train,cars_train:00218.jpg
222,train,cars_train:00223.jpg
223,train,cars_train:00224.jpg
224,train,cars_train:00225.jpg
226,train,cars_train:00227.jpg
227,train,cars_train:00228.jpg
228,train,cars_train:00229.jpg
229,train,cars_train:00230.jpg
230,train,cars_train:00231.jpg
231,train,cars_train:00232.jpg
235,train,cars_train:00236.jpg
236,train,cars_train:00237.jpg
237,train,cars_train:00238.jpg
238,train,cars_train:00239.jpg
239,train,cars_train:00240.jpg
242,train,cars_train:00243.jpg
244,train,cars_train:00245.jpg
245,train,cars_train:00246.jpg
246,train,cars_train:00247.jpg
247,train,cars_train:00248.jpg
248,train,cars_train:00249.jpg
249,train,cars_train:00250.jpg
250,train,cars_train:00251.jpg
253,train,cars_train:00254.jpg
254,train,cars_train:00255.jpg
255,train,cars_train:00256.jpg
256,train,cars_train:00257.jpg
258,train,cars_train:00259.jpg
259,train,cars_train:00260.jpg
260,train,cars_train:00261.jpg
261,train,cars_train:00262.jpg
262,train,cars_train:00263.jpg
263,train,cars_train:00264.jpg
264,train,cars_train:00265.jpg
265,train,cars_train:00266.jpg
266,train,cars_train:00267.jpg
267,train,cars_train:00268.jpg
268,train,cars_train:00269.jpg
270,train,cars_train:00271.jpg
271,train,cars_train:00272.jpg
273,train,cars_train:00274.jpg
274,train,cars_train:00275.jpg
275,train,cars_train:00276.jpg
276,train,cars_train:00277.jpg
277,train,cars_train:00278.jpg
278,train,cars_train:00279.jpg
279,train,cars_train:00280.jpg
280,train,cars_train:00281.jpg
281,train,cars_train:00282.jpg
282,train,cars_train:00283.jpg
284,train,cars_train:00285.jpg
285,train,cars_train:00286.jpg
286,train,cars_train:00287.jpg
287,train,cars_train:00288.jpg
288,train,cars_train:00289.jpg
289,train,cars_train:00290.jpg
290,train,cars_train:00291.jpg
292,train,cars_train:00293.jpg
293,train,cars_train:00294.jpg
295,train,cars_train:00296.jpg
296,train,cars_train:00297.jpg
298,train,cars_train:00299.jpg
299,train,cars_train:00300.jpg
301,train,cars_train:00302.jpg
302,train,cars_train:00303.jpg
303,train,cars_train:00304.jpg
304,train,cars_train:00305.jpg
305,train,cars_train:00306.jpg
307,train,cars_train:00308.jpg
309,train,cars_train:00310.jpg
310,train,cars_train:00311.jpg
311,train,cars_train:00312.jpg
312,train,cars_train:00313.jpg
313,train,cars_train:00314.jpg
314,train,cars_train:00315.jpg
315,train,cars_train:00316.jpg
317,train,cars_train:00318.jpg
318,train,cars_train:00319.jpg
320,train,cars_train:00321.jpg
321,train,cars_train:00322.jpg
322,train,cars_train:00323.jpg
323,train,cars_train:00324.jpg
326,train,cars_train:00327.jpg
327,train,cars_train:00328.jpg
328,train,cars_train:00329.jpg
329,train,cars_train:00330.jpg
330,train,cars_train:00331.jpg
331,train,cars_train:00332.jpg
332,train,cars_train:00333.jpg
333,train,cars_train:00334.jpg
334,train,cars_train:00335.jpg
335,train,cars_train:00336.jpg
338,train,cars_train:00339.jpg
339,train,cars_train:00340.jpg
340,train,cars_train:00341.jpg
341,train,cars_train:00342.jpg
342,train,cars_train:00343.jpg
343,train,cars_train:00344.jpg
344,train,cars_train:00345.jpg
345,train,cars_train:00346.jpg
347,train,cars_train:00348.jpg
348,train,cars_train:00349.jpg
350,train,cars_train:00351.jpg
352,train,cars_train:00353.jpg
353,train,cars_train:00354.jpg
354,train,cars_train:00355.jpg
355,train,cars_train:00356.jpg
356,train,cars_train:00357.jpg
357,train,cars_train:00358.jpg
358,train,cars_train:00359.jpg
359,train,cars_train:00360.jpg
361,train,cars_train:00362.jpg
362,train,cars_train:00363.jpg
363,train,cars_train:00364.jpg
364,train,cars_train:00365.jpg
365,train,cars_train:00366.jpg
366,train,cars_train:00367.jpg
367,train,cars_train:00368.jpg
368,train,cars_train:00369.jpg
369,train,cars_train:00370.jpg
370,train,cars_train:00371.jpg
371,train,cars_train:00372.jpg
372,train,cars_train:00373.jpg
374,train,cars_train:00375.jpg
375,train,cars_train:00376.jpg
376,train,cars_train:00377.jpg
377,train,cars_train:00378.jpg
379,train,cars_train:00380.jpg
380,train,cars_train:00381.jpg
381,train,cars_train:00382.jpg
382,train,cars_train:00383.jpg
383,train,cars_train:00384.jpg
384,train,cars_train:00385.jpg
385,train,cars_train:00386.jpg
389,train,cars_train:00390.jpg
390,train,cars_train:00391.jpg
391,train,cars_train:00392.jpg
392,train,cars_train:00393.jpg
393,train,cars_train:00394.jpg
394,train,cars_train:00395.jpg
395,train,cars_train:00396.jpg
396,train,cars_train:00397.jpg
397,train,cars_train:00398.jpg
398,train,cars_train:00399.jpg
400,train,cars_train:00401.jpg
401,train,cars_train:00402.jpg
402,train,cars_train:00403.jpg
403,train,cars_train:00404.jpg
404,train,cars_train:00405.jpg
405,train,cars_train:00406.jpg
406,train,cars_train:00407.jpg
407,train,cars_train:00408.jpg
408,train,cars_train:00409.jpg
411,train,cars_train:00412.jpg
412,train,cars_train:00413.jpg
414,train,cars_train:00415.jpg
416,train,cars_train:00417.jpg
418,train,cars_train:00419.jpg
419,train,cars_train:00420.jpg
420,train,cars_train:00421.jpg
421,train,cars_train:00422.jpg
422,train,cars_train:00423.jpg
423,train,cars_train:00424.jpg
425,train,cars_train:00426.jpg
426,train,cars_train:00427.jpg
427,train,cars_train:00428.jpg
428,train,cars_train:00429.jpg
430,train,cars_train:00431.jpg
431,train,cars_train:00432.jpg
432,train,cars_train:00433.jpg
433,train,cars_train:00434.jpg
435,train,cars_train:00436.jpg
436,train,cars_train:00437.jpg
437,train,cars_train:00438.jpg
438,train,cars_train:00439.jpg
441,train,cars_train:00442.jpg
443,train,cars_train:00444.jpg
444,train,cars_train:00445.jpg
445,train,cars_train:00446.jpg
446,train,cars_train:00447.jpg
447,train,cars_train:00448.jpg
448,train,cars_train:00449.jpg
449,train,cars_train:00450.jpg
450,train,cars_train:00451.jpg
451,train,cars_train:00452.jpg
452,train,cars_train:00453.jpg
455,train,cars_train:00456.jpg
456,train,cars_train:00457.jpg
457,train,cars_train:00458.jpg
458,train,cars_train:00459.jpg
459,train,cars_train:00460.jpg
460,train,cars_train:00461.jpg
461,train,cars_train:00462.jpg
462,train,cars_train:00463.jpg
463,train,cars_train:00464.jpg
465,train,cars_train:00466.jpg
466,train,cars_train:00467.jpg
467,train,cars_train:00468.jpg
468,train,cars_train:00469.jpg
469,train,cars_train:00470.jpg
470,train,cars_train:00471.jpg
473,train,cars_train:00474.jpg
476,train,cars_train:00477.jpg
477,train,cars_train:00478.jpg
478,train,cars_train:00479.jpg
479,train,cars_train:00480.jpg
480,train,cars_train:00481.jpg
481,train,cars_train:00482.jpg
482,train,cars_train:00483.jpg
484,train,cars_train:00485.jpg
485,train,cars_train:00486.jpg
486,train,cars_train:00487.jpg
487,train,cars_train:00488.jpg
489,train,cars_train:00490.jpg
490,train,cars_train:00491.jpg
491,train,cars_train:00492.jpg
492,train,cars_train:00493.jpg
494,train,cars_train:00495.jpg
495,train,cars_train:00496.jpg
496,train,cars_train:00497.jpg
497,train,cars_train:00498.jpg
498,train,cars_train:00499.jpg
499,train,cars_train:00500.jpg
500,train,cars_train:00501.jpg
501,train,cars_train:00502.jpg
504,train,cars_train:00505.jpg
506,train,cars_train:00507.jpg
507,train,cars_train:00508.jpg
509,train,cars_train:00510.jpg
510,train,cars_train:00511.jpg
511,train,cars_train:00512.jpg
512,train,cars_train:00513.jpg
513,train,cars_train:00514.jpg
514,train,cars_train:00515.jpg
515,train,cars_train:00516.jpg
516,train,cars_train:00517.jpg
518,train,cars_train:00519.jpg
522,train,cars_train:00523.jpg
523,train,cars_train:00524.jpg
526,train,cars_train:00527.jpg
527,train,cars_train:00528.jpg
528,train,cars_train:00529.jpg
529,train,cars_train:00530.jpg
530,train,cars_train:00531.jpg
531,train,cars_train:00532.jpg
532,train,cars_train:00533.jpg
534,train,cars_train:00535.jpg
535,train,cars_train:00536.jpg
536,train,cars_train:00537.jpg
537,train,cars_train:00538.jpg
538,train,cars_train:00539.jpg
539,train,cars_train:00540.jpg
540,train,cars_train:00541.jpg
541,train,cars_train:00542.jpg
542,train,cars_train:00543.jpg
543,train,cars_train:00544.jpg
544,train,cars_train:00545.jpg
545,train,cars_train:00546.jpg
548,train,cars_train:00549.jpg
549,train,cars_train:00550.jpg
550,train,cars_train:00551.jpg
552,train,cars_train:00553.jpg
553,train,cars_train:00554.jpg
554,train,cars_train:00555.jpg
555,train,cars_train:00556.jpg
557,train,cars_train:00558.jpg
558,train,cars_train:00559.jpg
559,train,cars_train:00560.jpg
560,train,cars_train:00561.jpg
561,train,cars_train:00562.jpg
562,train,cars_train:00563.jpg
563,train,cars_train:00564.jpg
564,train,cars_train:00565.jpg
567,train,cars_train:00568.jpg
568,train,cars_train:00569.jpg
570,train,cars_train:00571.jpg
571,train,cars_train:00572.jpg
572,train,cars_train:00573.jpg
573,train,cars_train:00574.jpg
574,train,cars_train:00575.jpg
575,train,cars_train:00576.jpg
576,train,cars_train:00577.jpg
577,train,cars_train:00578.jpg
579,train,cars_train:00580.jpg
580,train,cars_train:00581.jpg
581,train,cars_train:00582.jpg
582,train,cars_train:00583.jpg
583,train,cars_train:00584.jpg
584,train,cars_train:00585.jpg
585,train,cars_train:00586.jpg
586,train,cars_train:00587.jpg
587,train,cars_train:00588.jpg
588,train,cars_train:00589.jpg
589,train,cars_train:00590.jpg
590,train,cars_train:00591.jpg
591,train,cars_train:00592.jpg
592,train,cars_train:00593.jpg
593,train,cars_train:00594.jpg
594,train,cars_train:00595.jpg
596,train,cars_train:00597.jpg
598,train,cars_train:00599.jpg
599,train,cars_train:00600.jpg
600,train,cars_train:00601.jpg
601,train,cars_train:00602.jpg
603,train,cars_train:00604.jpg
604,train,cars_train:00605.jpg
605,train,cars_train:00606.jpg
606,train,cars_train:00607.jpg
607,train,cars_train:00608.jpg
608,train,cars_train:00609.jpg
609,train,cars_train:00610.jpg
610,train,cars_train:00611.jpg
611,train,cars_train:00612.jpg
612,train,cars_train:00613.jpg
613,train,cars_train:00614.jpg
614,train,cars_train:00615.jpg
615,train,cars_train:00616.jpg
616,train,cars_train:00617.jpg
618,train,cars_train:00619.jpg
619,train,cars_train:00620.jpg
620,train,cars_train:00621.jpg
621,train,cars_train:00622.jpg
623,train,cars_train:00624.jpg
624,train,cars_train:00625.jpg
625,train,cars_train:00626.jpg
626,train,cars_train:00627.jpg
628,train,cars_train:00629.jpg
630,train,cars_train:00631.jpg
631,train,cars_train:00632.jpg
632,train,cars_train:00633.jpg
633,train,cars_train:00634.jpg
634,train,cars_train:00635.jpg
635,train,cars_train:00636.jpg
636,train,cars_train:00637.jpg
638,train,cars_train:00639.jpg
639,train,cars_train:00640.jpg
640,train,cars_train:00641.jpg
641,train,cars_train:00642.jpg
642,train,cars_train:00643.jpg
643,train,cars_train:00644.jpg
644,train,cars_train:00645.jpg
645,train,cars_train:00646.jpg
646,train,cars_train:00647.jpg
648,train,cars_train:00649.jpg
649,train,cars_train:00650.jpg
650,train,cars_train:00651.jpg
651,train,cars_train:00652.jpg
652,train,cars_train:00653.jpg
653,train,cars_train:00654.jpg
654,train,cars_train:00655.jpg
655,train,cars_train:00656.jpg
656,train,cars_train:00657.jpg
657,train,cars_train:00658.jpg
659,train,cars_train:00660.jpg
660,train,cars_train:00661.jpg
661,train,cars_train:00662.jpg
662,train,cars_train:00663.jpg
663,train,cars_train:00664.jpg
664,train,cars_train:00665.jpg
665,train,cars_train:00666.jpg
666,train,cars_train:00667.jpg
667,train,cars_train:00668.jpg
668,train,cars_train:00669.jpg
670,train,cars_train:00671.jpg
671,train,cars_train:00672.jpg
672,train,cars_train:00673.jpg
673,train,cars_train:00674.jpg
674,train,cars_train:00675.jpg
676,train,cars_train:00677.jpg
677,train,cars_train:00678.jpg
678,train,cars_train:00679.jpg
679,train,cars_train:00680.jpg
680,train,cars_train:00681.jpg
681,train,cars_train:00682.jpg
684,train,cars_train:00685.jpg
685,train,cars_train:00686.jpg
686,train,cars_train:00687.jpg
687,train,cars_train:00688.jpg
693,train,cars_train:00694.jpg
694,train,cars_train:00695.jpg
695,train,cars_train:00696.jpg
697,train,cars_train:00698.jpg
698,train,cars_train:00699.jpg
699,train,cars_train:00700.jpg
700,train,cars_train:00701.jpg
701,train,cars_train:00702.jpg
702,train,cars_train:00703.jpg
704,train,cars_train:00705.jpg
705,train,cars_train:00706.jpg
706,train,cars_train:00707.jpg
707,train,cars_train:00708.jpg
709,train,cars_train:00710.jpg
710,train,cars_train:00711.jpg
711,train,cars_train:00712.jpg
713,train,cars_train:00714.jpg
714,train,cars_train:00715.jpg
715,train,cars_train:00716.jpg
716,train,cars_train:00717.jpg
717,train,cars_train:00718.jpg
719,train,cars_train:00720.jpg
720,train,cars_train:00721.jpg
721,train,cars_train:00722.jpg
722,train,cars_train:00723.jpg
724,train,cars_train:00725.jpg
725,train,cars_train:00726.jpg
726,train,cars_train:00727.jpg
728,train,cars_train:00729.jpg
729,train,cars_train:00730.jpg
730,train,cars_train:00731.jpg
731,train,cars_train:00732.jpg
733,train,cars_train:00734.jpg
734,train,cars_train:00735.jpg
736,train,cars_train:00737.jpg
737,train,cars_train:00738.jpg
738,train,cars_train:00739.jpg
739,train,cars_train:00740.jpg
740,train,cars_train:00741.jpg
741,train,cars_train:00742.jpg
743,train,cars_train:00744.jpg
744,train,cars_train:00745.jpg
745,train,cars_train:00746.jpg
746,train,cars_train:00747.jpg
747,train,cars_train:00748.jpg
748,train,cars_train:00749.jpg
749,train,cars_train:00750.jpg
751,train,cars_train:00752.jpg
752,train,cars_train:00753.jpg
753,train,cars_train:00754.jpg
754,train,cars_train:00755.jpg
756,train,cars_train:00757.jpg
757,train,cars_train:00758.jpg
758,train,cars_train:00759.jpg
759,train,cars_train:00760.jpg
760,train,cars_train:00761.jpg
761,train,cars_train:00762.jpg
762,train,cars_train:00763.jpg
763,train,cars_train:00764.jpg
765,train,cars_train:00766.jpg
766,train,cars_train:00767.jpg
767,train,cars_train:00768.jpg
768,train,cars_train:00769.jpg
769,train,cars_train:00770.jpg
770,train,cars_train:00771.jpg
771,train,cars_train:00772.jpg
772,train,cars_train:00773.jpg
775,train,cars_train:00776.jpg
776,train,cars_train:00777.jpg
778,train,cars_train:00779.jpg
779,train,cars_train:00780.jpg
780,train,cars_train:00781.jpg
781,train,cars_train:00782.jpg
782,train,cars_train:00783.jpg
784,train,cars_train:00785.jpg
785,train,cars_train:00786.jpg
787,train,cars_train:00788.jpg
788,train,cars_train:00789.jpg
789,train,cars_train:00790.jpg
790,train,cars_train:00791.jpg
791,train,cars_train:00792.jpg
792,train,cars_train:00793.jpg
793,train,cars_train:00794.jpg
794,train,cars_train:00795.jpg
795,train,cars_train:00796.jpg
797,train,cars_train:00798.jpg
798,train,cars_train:00799.jpg
799,train,cars_train:00800.jpg
800,train,cars_train:00801.jpg
801,train,cars_train:00802.jpg
802,train,cars_train:00803.jpg
803,train,cars_train:00804.jpg
805,train,cars_train:00806.jpg
806,train,cars_train:00807.jpg
807,train,cars_train:00808.jpg
808,train,cars_train:00809.jpg
809,train,cars_train:00810.jpg
812,train,cars_train:00813.jpg
813,train,cars_train:00814.jpg
814,train,cars_train:00815.jpg
815,train,cars_train:00816.jpg
816,train,cars_train:00817.jpg
817,train,cars_train:00818.jpg
818,train,cars_train:00819.jpg
819,train,cars_train:00820.jpg
820,train,cars_train:00821.jpg
821,train,cars_train:00822.jpg
822,train,cars_train:00823.jpg
823,train,cars_train:00824.jpg
825,train,cars_train:00826.jpg
826,train,cars_train:00827.jpg
827,train,cars_train:00828.jpg
828,train,cars_train:00829.jpg
829,train,cars_train:00830.jpg
832,train,cars_train:00833.jpg
833,train,cars_train:00834.jpg
834,train,cars_train:00835.jpg
835,train,cars_train:00836.jpg
836,train,cars_train:00837.jpg
837,train,cars_train:00838.jpg
839,train,cars_train:00840.jpg
840,train,cars_train:00841.jpg
841,train,cars_train:00842.jpg
843,train,cars_train:00844.jpg
844,train,cars_train:00845.jpg
845,train,cars_train:00846.jpg
849,train,cars_train:00850.jpg
850,train,cars_train:00851.jpg
851,train,cars_train:00852.jpg
852,train,cars_train:00853.jpg
854,train,cars_train:00855.jpg
855,train,cars_train:00856.jpg
856,train,cars_train:00857.jpg
857,train,cars_train:00858.jpg
858,train,cars_train:00859.jpg
859,train,cars_train:00860.jpg
860,train,cars_train:00861.jpg
861,train,cars_train:00862.jpg
863,train,cars_train:00864.jpg
864,train,cars_train:00865.jpg
865,train,cars_train:00866.jpg
866,train,cars_train:00867.jpg
867,train,cars_train:00868.jpg
868,train,cars_train:00869.jpg
869,train,cars_train:00870.jpg
870,train,cars_train:00871.jpg
871,train,cars_train:00872.jpg
872,train,cars_train:00873.jpg
873,train,cars_train:00874.jpg
874,train,cars_train:00875.jpg
875,train,cars_train:00876.jpg
876,train,cars_train:00877.jpg
877,train,cars_train:00878.jpg
878,train,cars_train:00879.jpg
879,train,cars_train:00880.jpg
880,train,cars_train:00881.jpg
881,train,cars_train:00882.jpg
882,train,cars_train:00883.jpg
884,train,cars_train:00885.jpg
885,train,cars_train:00886.jpg
887,train,cars_train:00888.jpg
888,train,cars_train:00889.jpg
889,train,cars_train:00890.jpg
890,train,cars_train:00891.jpg
891,train,cars_train:00892.jpg
893,train,cars_train:00894.jpg
894,train,cars_train:00895.jpg
895,train,cars_train:00896.jpg
896,train,cars_train:00897.jpg
897,train,cars_train:00898.jpg
898,train,cars_train:00899.jpg
899,train,cars_train:00900.jpg
900,train,cars_train:00901.jpg
902,train,cars_train:00903.jpg
903,train,cars_train:00904.jpg
904,train,cars_train:00905.jpg
905,train,cars_train:00906.jpg
906,train,cars_train:00907.jpg
907,train,cars_train:00908.jpg
908,train,cars_train:00909.jpg
909,train,cars_train:00910.jpg
910,train,cars_train:00911.jpg
911,train,cars_train:00912.jpg
912,train,cars_train:00913.jpg
914,train,cars_train:00915.jpg
916,train,cars_train:00917.jpg
917,train,cars_train:00918.jpg
918,train,cars_train:00919.jpg
919,train,cars_train:00920.jpg
920,train,cars_train:00921.jpg
922,train,cars_train:00923.jpg
923,train,cars_train:00924.jpg
924,train,cars_train:00925.jpg
926,train,cars_train:00927.jpg
927,train,cars_train:00928.jpg
928,train,cars_train:00929.jpg
931,train,cars_train:00932.jpg
932,train,cars_train:00933.jpg
933,train,cars_train:00934.jpg
935,train,cars_train:00936.jpg
936,train,cars_train:00937.jpg
937,train,cars_train:00938.jpg
938,train,cars_train:00939.jpg
939,train,cars_train:00940.jpg
940,train,cars_train:00941.jpg
941,train,cars_train:00942.jpg
942,train,cars_train:00943.jpg
943,train,cars_train:00944.jpg
944,train,cars_train:00945.jpg
946,train,cars_train:00947.jpg
947,train,cars_train:00948.jpg
948,train,cars_train:00949.jpg
949,train,cars_train:00950.jpg
950,train,cars_train:00951.jpg
951,train,cars_train:00952.jpg
952,train,cars_train:00953.jpg
953,train,cars_train:00954.jpg
954,train,cars_train:00955.jpg
955,train,cars_train:00956.jpg
956,train,cars_train:00957.jpg
957,train,cars_train:00958.jpg
958,train,cars_train:00959.jpg
960,train,cars_train:00961.jpg
961,train,cars_train:00962.jpg
962,train,cars_train:00963.jpg
963,train,cars_train:00964.jpg
964,train,cars_train:00965.jpg
965,train,cars_train:00966.jpg
966,train,cars_train:00967.jpg
967,train,cars_train:00968.jpg
968,train,cars_train:00969.jpg
969,train,cars_train:00970.jpg
970,train,cars_train:00971.jpg
971,train,cars_train:00972.jpg
972,train,cars_train:00973.jpg
973,train,cars_train:00974.jpg
974,train,cars_train:00975.jpg
975,train,cars_train:00976.jpg
977,train,cars_train:00978.jpg
978,train,cars_train:00979.jpg
979,train,cars_train:00980.jpg
981,train,cars_train:00982.jpg
982,train,cars_train:00983.jpg
983,train,cars_train:00984.jpg
984,train,cars_train:00985.jpg
985,train,cars_train:00986.jpg
986,train,cars_train:00987.jpg
987,train,cars_train:00988.jpg
988,train,cars_train:00989.jpg
989,train,cars_train:00990.jpg
990,train,cars_train:00991.jpg
991,train,cars_train:00992.jpg
992,train,cars_train:00993.jpg
993,train,cars_train:00994.jpg
995,train,cars_train:00996.jpg
996,train,cars_train:00997.jpg
997,train,cars_train:00998.jpg
998,train,cars_train:00999.jpg
999,train,cars_train:01000.jpg
1000,train,cars_train:01001.jpg
1001,train,cars_train:01002.jpg
1002,train,cars_train:01003.jpg
1004,train,cars_train:01005.jpg
1005,train,cars_train:01006.jpg
1006,train,cars_train:01007.jpg
1007,train,cars_train:01008.jpg
1008,train,cars_train:01009.jpg
1009,train,cars_train:01010.jpg
1010,train,cars_train:01011.jpg
1011,train,cars_train:01012.jpg
1014,train,cars_train:01015.jpg
1015,train,cars_train:01016.jpg
1016,train,cars_train:01017.jpg
1017,train,cars_train:01018.jpg
1018,train,cars_train:01019.jpg
1019,train,cars_train:01020.jpg
1020,train,cars_train:01021.jpg
1021,train,cars_train:01022.jpg
1022,train,cars_train:01023.jpg
1023,train,cars_train:01024.jpg
1025,train,cars_train:01026.jpg
1026,train,cars_train:01027.jpg
1028,train,cars_train:01029.jpg
1029,train,cars_train:01030.jpg
1030,train,cars_train:01031.jpg
1033,train,cars_train:01034.jpg
1034,train,cars_train:01035.jpg
1035,train,cars_train:01036.jpg
1037,train,cars_train:01038.jpg
1038,train,cars_train:01039.jpg
1039,train,cars_train:01040.jpg
1040,train,cars_train:01041.jpg
1041,train,cars_train:01042.jpg
1042,train,cars_train:01043.jpg
1044,train,cars_train:01045.jpg
1045,train,cars_train:01046.jpg
1046,train,cars_train:01047.jpg
1047,train,cars_train:01048.jpg
1049,train,cars_train:01050.jpg
1050,train,cars_train:01051.jpg
1051,train,cars_train:01052.jpg
1052,train,cars_train:01053.jpg
1053,train,cars_train:01054.jpg
1054,train,cars_train:01055.jpg
1055,train,cars_train:01056.jpg
1056,train,cars_train:01057.jpg
1057,train,cars_train:01058.jpg
1060,train,cars_train:01061.jpg
1061,train,cars_train:01062.jpg
1063,train,cars_train:01064.jpg
1064,train,cars_train:01065.jpg
1065,train,cars_train:01066.jpg
1067,train,cars_train:01068.jpg
1068,train,cars_train:01069.jpg
1069,train,cars_train:01070.jpg
1070,train,cars_train:01071.jpg
1072,train,cars_train:01073.jpg
1073,train,cars_train:01074.jpg
1074,train,cars_train:01075.jpg
1075,train,cars_train:01076.jpg
1076,train,cars_train:01077.jpg
1077,train,cars_train:01078.jpg
1078,train,cars_train:01079.jpg
1079,train,cars_train:01080.jpg
1080,train,cars_train:01081.jpg
1081,train,cars_train:01082.jpg
1082,train,cars_train:01083.jpg
1083,train,cars_train:01084.jpg
1084,train,cars_train:01085.jpg
1085,train,cars_train:01086.jpg
1086,train,cars_train:01087.jpg
1087,train,cars_train:01088.jpg
1088,train,cars_train:01089.jpg
1089,train,cars_train:01090.jpg
1090,train,cars_train:01091.jpg
1091,train,cars_train:01092.jpg
1092,train,cars_train:01093.jpg
1093,train,cars_train:01094.jpg
1094,train,cars_train:01095.jpg
1095,train,cars_train:01096.jpg
1096,train,cars_train:01097.jpg
1097,train,cars_train:01098.jpg
1098,train,cars_train:01099.jpg
1099,train,cars_train:01100.jpg
1100,train,cars_train:01101.jpg
1101,train,cars_train:01102.jpg
1102,train,cars_train:01103.jpg
1103,train,cars_train:01104.jpg
1105,train,cars_train:01106.jpg
1106,train,cars_train:01107.jpg
1107,train,cars_train:01108.jpg
1108,train,cars_train:01109.jpg
1109,train,cars_train:01110.jpg
1112,train,cars_train:01113.jpg
1113,train,cars_train:01114.jpg
1114,train,cars_train:01115.jpg
1115,train,cars_train:01116.jpg
1116,train,cars_train:01117.jpg
1117,train,cars_train:01118.jpg
1118,train,cars_train:01119.jpg
1120,train,cars_train:01121.jpg
1122,train,cars_train:01123.jpg
1123,train,cars_train:01124.jpg
1124,train,cars_train:01125.jpg
1125,train,cars_train:01126.jpg
1126,train,cars_train:01127.jpg
1127,train,cars_train:01128.jpg
1128,train,cars_train:01129.jpg
1131,train,cars_train:01132.jpg
1132,train,cars_train:01133.jpg
1134,train,cars_train:01135.jpg
1135,train,cars_train:01136.jpg
1136,train,cars_train:01137.jpg
1137,train,cars_train:01138.jpg
1138,train,cars_train:01139.jpg
1140,train,cars_train:01141.jpg
1141,train,cars_train:01142.jpg
1142,train,cars_train:01143.jpg
1143,train,cars_train:01144.jpg
1144,train,cars_train:01145.jpg
1145,train,cars_train:01146.jpg
1146,train,cars_train:01147.jpg
1147,train,cars_train:01148.jpg
1148,train,cars_train:01149.jpg
1149,train,cars_train:01150.jpg
1150,train,cars_train:01151.jpg
1152,train,cars_train:01153.jpg
1153,train,cars_train:01154.jpg
1154,train,cars_train:01155.jpg
1155,train,cars_train:01156.jpg
1157,train,cars_train:01158.jpg
1158,train,cars_train:01159.jpg
1159,train,cars_train:01160.jpg
1160,train,cars_train:01161.jpg
1161,train,cars_train:01162.jpg
1162,train,cars_train:01163.jpg
1163,train,cars_train:01164.jpg
1165,train,cars_train:01166.jpg
1166,train,cars_train:01167.jpg
1168,train,cars_train:01169.jpg
1169,train,cars_train:01170.jpg
1170,train,cars_train:01171.jpg
1171,train,cars_train:01172.jpg
1172,train,cars_train:01173.jpg
1173,train,cars_train:01174.jpg
1174,train,cars_train:01175.jpg
1175,train,cars_train:01176.jpg
1177,train,cars_train:01178.jpg
1179,train,cars_train:01180.jpg
1180,train,cars_train:01181.jpg
1182,train,cars_train:01183.jpg
1183,train,cars_train:01184.jpg
1186,train,cars_train:01187.jpg
1188,train,cars_train:01189.jpg
1189,train,cars_train:01190.jpg
1190,train,cars_train:01191.jpg
1191,train,cars_train:01192.jpg
1192,train,cars_train:01193.jpg
1193,train,cars_train:01194.jpg
1194,train,cars_train:01195.jpg
1195,train,cars_train:01196.jpg
1196,train,cars_train:01197.jpg
1197,train,cars_train:01198.jpg
1198,train,cars_train:01199.jpg
1199,train,cars_train:01200.jpg
1200,train,cars_train:01201.jpg
1201,train,cars_train:01202.jpg
1205,train,cars_train:01206.jpg
1206,train,cars_train:01207.jpg
1207,train,cars_train:01208.jpg
1208,train,cars_train:01209.jpg
1209,train,cars_train:01210.jpg
1210,train,cars_train:01211.jpg
1211,train,cars_train:01212.jpg
1213,train,cars_train:01214.jpg
1214,train,cars_train:01215.jpg
1215,train,cars_train:01216.jpg
1216,train,cars_train:01217.jpg
1217,train,cars_train:01218.jpg
1218,train,cars_train:01219.jpg
1219,train,cars_train:01220.jpg
1220,train,cars_train:01221.jpg
1221,train,cars_train:01222.jpg
1222,train,cars_train:01223.jpg
1223,train,cars_train:01224.jpg
1224,train,cars_train:01225.jpg
1225,train,cars_train:01226.jpg
1226,train,cars_train:01227.jpg
1227,train,cars_train:01228.jpg
1228,train,cars_train:01229.jpg
1230,train,cars_train:01231.jpg
1231,train,cars_train:01232.jpg
1232,train,cars_train:01233.jpg
1233,train,cars_train:01234.jpg
1234,train,cars_train:01235.jpg
1235,train,cars_train:01236.jpg
1236,train,cars_train:01237.jpg
1237,train,cars_train:01238.jpg
1238,train,cars_train:01239.jpg
1239,train,cars_train:01240.jpg
1240,train,cars_train:01241.jpg
1241,train,cars_train:01242.jpg
1242,train,cars_train:01243.jpg
1246,train,cars_train:01247.jpg
1247,train,cars_train:01248.jpg
1248,train,cars_train:01249.jpg
1249,train,cars_train:01250.jpg
1250,train,cars_train:01251.jpg
1251,train,cars_train:01252.jpg
1252,train,cars_train:01253.jpg
1253,train,cars_train:01254.jpg
1254,train,cars_train:01255.jpg
1256,train,cars_train:01257.jpg
1257,train,cars_train:01258.jpg
1258,train,cars_train:01259.jpg
1259,train,cars_train:01260.jpg
1260,train,cars_train:01261.jpg
1261,train,cars_train:01262.jpg
1262,train,cars_train:01263.jpg
1263,train,cars_train:01264.jpg
1264,train,cars_train:01265.jpg
1265,train,cars_train:01266.jpg
1266,train,cars_train:01267.jpg
1267,train,cars_train:01268.jpg
1270,train,cars_train:01271.jpg
1272,train,cars_train:01273.jpg
1273,train,cars_train:01274.jpg
1274,train,cars_train:01275.jpg
1275,train,cars_train:01276.jpg
1276,train,cars_train:01277.jpg
1277,train,cars_train:01278.jpg
1279,train,cars_train:01280.jpg
1280,train,cars_train:01281.jpg
1281,train,cars_train:01282.jpg
1282,train,cars_train:01283.jpg
1284,train,cars_train:01285.jpg
1285,train,cars_train:01286.jpg
1286,train,cars_train:01287.jpg
1287,train,cars_train:01288.jpg
1288,train,cars_train:01289.jpg
1289,train,cars_train:01290.jpg
1290,train,cars_train:01291.jpg
1291,train,cars_train:01292.jpg
1292,train,cars_train:01293.jpg
1295,train,cars_train:01296.jpg
1296,train,cars_train:01297.jpg
1297,train,cars_train:01298.jpg
1298,train,cars_train:01299.jpg
1300,train,cars_train:01301.jpg
1301,train,cars_train:01302.jpg
1303,train,cars_train:01304.jpg
1304,train,cars_train:01305.jpg
1305,train,cars_train:01306.jpg
1306,train,cars_train:01307.jpg
1307,train,cars_train:01308.jpg
1308,train,cars_train:01309.jpg
1309,train,cars_train:01310.jpg
1310,train,cars_train:01311.jpg
1312,train,cars_train:01313.jpg
1314,train,cars_train:01315.jpg
1315,train,cars_train:01316.jpg
1316,train,cars_train:01317.jpg
1317,train,cars_train:01318.jpg
1318,train,cars_train:01319.jpg
1319,train,cars_train:01320.jpg
1320,train,cars_train:01321.jpg
1321,train,cars_train:01322.jpg
1322,train,cars_train:01323.jpg
1323,train,cars_train:01324.jpg
1326,train,cars_train:01327.jpg
1328,train,cars_train:01329.jpg
1330,train,cars_train:01331.jpg
1331,train,cars_train:01332.jpg
1332,train,cars_train:01333.jpg
1333,train,cars_train:01334.jpg
1334,train,cars_train:01335.jpg
1335,train,cars_train:01336.jpg
1336,train,cars_train:01337.jpg
1338,train,cars_train:01339.jpg
1339,train,cars_train:01340.jpg
1340,train,cars_train:01341.jpg
1341,train,cars_train:01342.jpg
1342,train,cars_train:01343.jpg
1343,train,cars_train:01344.jpg
1344,train,cars_train:01345.jpg
1345,train,cars_train:01346.jpg
1346,train,cars_train:01347.jpg
1347,train,cars_train:01348.jpg
1351,train,cars_train:01352.jpg
1352,train,cars_train:01353.jpg
1353,train,cars_train:01354.jpg
1354,train,cars_train:01355.jpg
1356,train,cars_train:01357.jpg
1358,train,cars_train:01359.jpg
1359,train,cars_train:01360.jpg
1360,train,cars_train:01361.jpg
1361,train,cars_train:01362.jpg
1362,train,cars_train:01363.jpg
1363,train,cars_train:01364.jpg
1364,train,cars_train:01365.jpg
1365,train,cars_train:01366.jpg
1366,train,cars_train:01367.jpg
1367,train,cars_train:01368.jpg
1368,train,cars_train:01369.jpg
1369,train,cars_train:01370.jpg
1370,train,cars_train:01371.jpg
1371,train,cars_train:01372.jpg
1372,train,cars_train:01373.jpg
1373,train,cars_train:01374.jpg
1374,train,cars_train:01375.jpg
1376,train,cars_train:01377.jpg
1377,train,cars_train:01378.jpg
1378,train,cars_train:01379.jpg
1379,train,cars_train:01380.jpg
1380,train,cars_train:01381.jpg
1381,train,cars_train:01382.jpg
1382,train,cars_train:01383.jpg
1383,train,cars_train:01384.jpg
1384,train,cars_train:01385.jpg
1386,train,cars_train:01387.jpg
1387,train,cars_train:01388.jpg
1388,train,cars_train:01389.jpg
1390,train,cars_train:01391.jpg
1391,train,cars_train:01392.jpg
1392,train,cars_train:01393.jpg
1393,train,cars_train:01394.jpg
1394,train,cars_train:01395.jpg
1395,train,cars_train:01396.jpg
1396,train,cars_train:01397.jpg
1397,train,cars_train:01398.jpg
1398,train,cars_train:01399.jpg
1400,train,cars_train:01401.jpg
1401,train,cars_train:01402.jpg
1402,train,cars_train:01403.jpg
1403,train,cars_train:01404.jpg
1404,train,cars_train:01405.jpg
1405,train,cars_train:01406.jpg
1406,train,cars_train:01407.jpg
1407,train,cars_train:01408.jpg
1408,train,cars_train:01409.jpg
1409,train,cars_train:01410.jpg
1411,train,cars_train:01412.jpg
1412,train,cars_train:01413.jpg
1413,train,cars_train:01414.jpg
1414,train,cars_train:01415.jpg
1416,train,cars_train:01417.jpg
1417,train,cars_train:01418.jpg
1418,train,cars_train:01419.jpg
1419,train,cars_train:01420.jpg
1421,train,cars_train:01422.jpg
1422,train,cars_train:01423.jpg
1423,train,cars_train:01424.jpg
1424,train,cars_train:01425.jpg
1425,train,cars_train:01426.jpg
1426,train,cars_train:01427.jpg
1427,train,cars_train:01428.jpg
1428,train,cars_train:01429.jpg
1429,train,cars_train:01430.jpg
1430,train,cars_train:01431.jpg
1431,train,cars_train:01432.jpg
1432,train,cars_train:01433.jpg
1433,train,cars_train:01434.jpg
1434,train,cars_train:01435.jpg
1436,train,cars_train:01437.jpg
1437,train,cars_train:01438.jpg
1438,train,cars_train:01439.jpg
1440,train,cars_train:01441.jpg
1442,train,cars_train:01443.jpg
1443,train,cars_train:01444.jpg
1445,train,cars_train:01446.jpg
1447,train,cars_train:01448.jpg
1448,train,cars_train:01449.jpg
1449,train,cars_train:01450.jpg
1450,train,cars_train:01451.jpg
1451,train,cars_train:01452.jpg
1452,train,cars_train:01453.jpg
1453,train,cars_train:01454.jpg
1455,train,cars_train:01456.jpg
1456,train,cars_train:01457.jpg
1457,train,cars_train:01458.jpg
1458,train,cars_train:01459.jpg
1460,train,cars_train:01461.jpg
1461,train,cars_train:01462.jpg
1462,train,cars_train:01463.jpg
1463,train,cars_train:01464.jpg
1464,train,cars_train:01465.jpg
1465,train,cars_train:01466.jpg
1466,train,cars_train:01467.jpg
1467,train,cars_train:01468.jpg
1468,train,cars_train:01469.jpg
1469,train,cars_train:01470.jpg
1470,train,cars_train:01471.jpg
1472,train,cars_train:01473.jpg
1473,train,cars_train:01474.jpg
1474,train,cars_train:01475.jpg
1475,train,cars_train:01476.jpg
1477,train,cars_train:01478.jpg
1478,train,cars_train:01479.jpg
1481,train,cars_train:01482.jpg
1482,train,cars_train:01483.jpg
1483,train,cars_train:01484.jpg
1484,train,cars_train:01485.jpg
1485,train,cars_train:01486.jpg
1486,train,cars_train:01487.jpg
1487,train,cars_train:01488.jpg
1488,train,cars_train:01489.jpg
1490,train,cars_train:01491.jpg
1491,train,cars_train:01492.jpg
1492,train,cars_train:01493.jpg
1493,train,cars_train:01494.jpg
1494,train,cars_train:01495.jpg
1495,train,cars_train:01496.jpg
1496,train,cars_train:01497.jpg
1498,train,cars_train:01499.jpg
1499,train,cars_train:01500.jpg
1500,train,cars_train:01501.jpg
1501,train,cars_train:01502.jpg
1502,train,cars_train:01503.jpg
1503,train,cars_train:01504.jpg
1504,train,cars_train:01505.jpg
1505,train,cars_train:01506.jpg
1506,train,cars_train:01507.jpg
1507,train,cars_train:01508.jpg
1508,train,cars_train:01509.jpg
1509,train,cars_train:01510.jpg
1510,train,cars_train:01511.jpg
1511,train,cars_train:01512.jpg
1512,train,cars_train:01513.jpg
1513,train,cars_train:01514.jpg
1514,train,cars_train:01515.jpg
1515,train,cars_train:01516.jpg
1517,train,cars_train:01518.jpg
1519,train,cars_train:01520.jpg
1521,train,cars_train:01522.jpg
1522,train,cars_train:01523.jpg
1523,train,cars_train:01524.jpg
1524,train,cars_train:01525.jpg
1525,train,cars_train:01526.jpg
1526,train,cars_train:01527.jpg
1528,train,cars_train:01529.jpg
1529,train,cars_train:01530.jpg
1530,train,cars_train:01531.jpg
1531,train,cars_train:01532.jpg
1533,train,cars_train:01534.jpg
1534,train,cars_train:01535.jpg
1535,train,cars_train:01536.jpg
1536,train,cars_train:01537.jpg
1537,train,cars_train:01538.jpg
1538,train,cars_train:01539.jpg
1539,train,cars_train:01540.jpg
1540,train,cars_train:01541.jpg
1541,train,cars_train:01542.jpg
1543,train,cars_train:01544.jpg
1544,train,cars_train:01545.jpg
1545,train,cars_train:01546.jpg
1546,train,cars_train:01547.jpg
1547,train,cars_train:01548.jpg
1549,train,cars_train:01550.jpg
1551,train,cars_train:01552.jpg
1552,train,cars_train:01553.jpg
1553,train,cars_train:01554.jpg
1554,train,cars_train:01555.jpg
1555,train,cars_train:01556.jpg
1556,train,cars_train:01557.jpg
1558,train,cars_train:01559.jpg
1559,train,cars_train:01560.jpg
1560,train,cars_train:01561.jpg
1561,train,cars_train:01562.jpg
1562,train,cars_train:01563.jpg
1563,train,cars_train:01564.jpg
1564,train,cars_train:01565.jpg
1565,train,cars_train:01566.jpg
1566,train,cars_train:01567.jpg
1567,train,cars_train:01568.jpg
1568,train,cars_train:01569.jpg
1569,train,cars_train:01570.jpg
1571,train,cars_train:01572.jpg
1572,train,cars_train:01573.jpg
1573,train,cars_train:01574.jpg
1574,train,cars_train:01575.jpg
1575,train,cars_train:01576.jpg
1576,train,cars_train:01577.jpg
1577,train,cars_train:01578.jpg
1578,train,cars_train:01579.jpg
1579,train,cars_train:01580.jpg
1581,train,cars_train:01582.jpg
1582,train,cars_train:01583.jpg
1583,train,cars_train:01584.jpg
1584,train,cars_train:01585.jpg
1586,train,cars_train:01587.jpg
1587,train,cars_train:01588.jpg
1588,train,cars_train:01589.jpg
1589,train,cars_train:01590.jpg
1590,train,cars_train:01591.jpg
1591,train,cars_train:01592.jpg
1592,train,cars_train:01593.jpg
1593,train,cars_train:01594.jpg
1595,train,cars_train:01596.jpg
1596,train,cars_train:01597.jpg
1597,train,cars_train:01598.jpg
1599,train,cars_train:01600.jpg
1600,train,cars_train:01601.jpg
1601,train,cars_train:01602.jpg
1603,train,cars_train:01604.jpg
1604,train,cars_train:01605.jpg
1605,train,cars_train:01606.jpg
1606,train,cars_train:01607.jpg
1607,train,cars_train:01608.jpg
1608,train,cars_train:01609.jpg
1610,train,cars_train:01611.jpg
1611,train,cars_train:01612.jpg
1613,train,cars_train:01614.jpg
1614,train,cars_train:01615.jpg
1615,train,cars_train:01616.jpg
1616,train,cars_train:01617.jpg
1617,train,cars_train:01618.jpg
1618,train,cars_train:01619.jpg
1619,train,cars_train:01620.jpg
1620,train,cars_train:01621.jpg
1622,train,cars_train:01623.jpg
1623,train,cars_train:01624.jpg
1625,train,cars_train:01626.jpg
1626,train,cars_train:01627.jpg
1627,train,cars_train:01628.jpg
1628,train,cars_train:01629.jpg
1630,train,cars_train:01631.jpg
1632,train,cars_train:01633.jpg
1633,train,cars_train:01634.jpg
1634,train,cars_train:01635.jpg
1635,train,cars_train:01636.jpg
1639,train,cars_train:01640.jpg
1640,train,cars_train:01641.jpg
1641,train,cars_train:01642.jpg
1642,train,cars_train:01643.jpg
1643,train,cars_train:01644.jpg
1644,train,cars_train:01645.jpg
1645,train,cars_train:01646.jpg
1646,train,cars_train:01647.jpg
1647,train,cars_train:01648.jpg
1648,train,cars_train:01649.jpg
1649,train,cars_train:01650.jpg
1650,train,cars_train:01651.jpg
1652,train,cars_train:01653.jpg
1653,train,cars_train:01654.jpg
1654,train,cars_train:01655.jpg
1655,train,cars_train:01656.jpg
1656,train,cars_train:01657.jpg
1659,train,cars_train:01660.jpg
1660,train,cars_train:01661.jpg
1661,train,cars_train:01662.jpg
1662,train,cars_train:01663.jpg
1663,train,cars_train:01664.jpg
1665,train,cars_train:01666.jpg
1666,train,cars_train:01667.jpg
1667,train,cars_train:01668.jpg
1669,train,cars_train:01670.jpg
1670,train,cars_train:01671.jpg
1672,train,cars_train:01673.jpg
1673,train,cars_train:01674.jpg
1674,train,cars_train:01675.jpg
1675,train,cars_train:01676.jpg
1676,train,cars_train:01677.jpg
1677,train,cars_train:01678.jpg
1678,train,cars_train:01679.jpg
1681,train,cars_train:01682.jpg
1682,train,cars_train:01683.jpg
1683,train,cars_train:01684.jpg
1684,train,cars_train:01685.jpg
1685,train,cars_train:01686.jpg
1686,train,cars_train:01687.jpg
1687,train,cars_train:01688.jpg
1688,train,cars_train:01689.jpg
1689,train,cars_train:01690.jpg
1690,train,cars_train:01691.jpg
1691,train,cars_train:01692.jpg
1692,train,cars_train:01693.jpg
1693,train,cars_train:01694.jpg
1694,train,cars_train:01695.jpg
1695,train,cars_train:01696.jpg
1696,train,cars_train:01697.jpg
1697,train,cars_train:01698.jpg
1698,train,cars_train:01699.jpg
1699,train,cars_train:01700.jpg
1700,train,cars_train:01701.jpg
1701,train,cars_train:01702.jpg
1702,train,cars_train:01703.jpg
1703,train,cars_train:01704.jpg
1704,train,cars_train:01705.jpg
1705,train,cars_train:01706.jpg
1706,train,cars_train:01707.jpg
1707,train,cars_train:01708.jpg
1708,train,cars_train:01709.jpg
1711,train,cars_train:01712.jpg
1712,train,cars_train:01713.jpg
1713,train,cars_train:01714.jpg
1714,train,cars_train:01715.jpg
1715,train,cars_train:01716.jpg
1716,train,cars_train:01717.jpg
1718,train,cars_train:01719.jpg
1720,train,cars_train:01721.jpg
1721,train,cars_train:01722.jpg
1722,train,cars_train:01723.jpg
1723,train,cars_train:01724.jpg
1724,train,cars_train:01725.jpg
1725,train,cars_train:01726.jpg
1726,train,cars_train:01727.jpg
1727,train,cars_train:01728.jpg
1728,train,cars_train:01729.jpg
1729,train,cars_train:01730.jpg
1730,train,cars_train:01731.jpg
1731,train,cars_train:01732.jpg
1732,train,cars_train:01733.jpg
1733,train,cars_train:01734.jpg
1736,train,cars_train:01737.jpg
1737,train,cars_train:01738.jpg
1738,train,cars_train:01739.jpg
1740,train,cars_train:01741.jpg
1741,train,cars_train:01742.jpg
1742,train,cars_train:01743.jpg
1743,train,cars_train:01744.jpg
1744,train,cars_train:01745.jpg
1745,train,cars_train:01746.jpg
1746,train,cars_train:01747.jpg
1747,train,cars_train:01748.jpg
1748,train,cars_train:01749.jpg
1751,train,cars_train:01752.jpg
1752,train,cars_train:01753.jpg
1753,train,cars_train:01754.jpg
1754,train,cars_train:01755.jpg
1755,train,cars_train:01756.jpg
1756,train,cars_train:01757.jpg
1757,train,cars_train:01758.jpg
1758,train,cars_train:01759.jpg
1760,train,cars_train:01761.jpg
1761,train,cars_train:01762.jpg
1762,train,cars_train:01763.jpg
1763,train,cars_train:01764.jpg
1765,train,cars_train:01766.jpg
1766,train,cars_train:01767.jpg
1767,train,cars_train:01768.jpg
1768,train,cars_train:01769.jpg
1769,train,cars_train:01770.jpg
1770,train,cars_train:01771.jpg
1771,train,cars_train:01772.jpg
1772,train,cars_train:01773.jpg
1773,train,cars_train:01774.jpg
1774,train,cars_train:01775.jpg
1775,train,cars_train:01776.jpg
1776,train,cars_train:01777.jpg
1778,train,cars_train:01779.jpg
1780,train,cars_train:01781.jpg
1781,train,cars_train:01782.jpg
1782,train,cars_train:01783.jpg
1783,train,cars_train:01784.jpg
1785,train,cars_train:01786.jpg
1786,train,cars_train:01787.jpg
1788,train,cars_train:01789.jpg
1789,train,cars_train:01790.jpg
1790,train,cars_train:01791.jpg
1791,train,cars_train:01792.jpg
1792,train,cars_train:01793.jpg
1793,train,cars_train:01794.jpg
1794,train,cars_train:01795.jpg
1795,train,cars_train:01796.jpg
1796,train,cars_train:01797.jpg
1798,train,cars_train:01799.jpg
1800,train,cars_train:01801.jpg
1801,train,cars_train:01802.jpg
1802,train,cars_train:01803.jpg
1803,train,cars_train:01804.jpg
1804,train,cars_train:01805.jpg
1805,train,cars_train:01806.jpg
1806,train,cars_train:01807.jpg
1807,train,cars_train:01808.jpg
1809,train,cars_train:01810.jpg
1810,train,cars_train:01811.jpg
1811,train,cars_train:01812.jpg
1812,train,cars_train:01813.jpg
1813,train,cars_train:01814.jpg
1814,train,cars_train:01815.jpg
1815,train,cars_train:01816.jpg
1816,train,cars_train:01817.jpg
1817,train,cars_train:01818.jpg
1818,train,cars_train:01819.jpg
1819,train,cars_train:01820.jpg
1821,train,cars_train:01822.jpg
1822,train,cars_train:01823.jpg
1823,train,cars_train:01824.jpg
1824,train,cars_train:01825.jpg
1825,train,cars_train:01826.jpg
1826,train,cars_train:01827.jpg
1827,train,cars_train:01828.jpg
1828,train,cars_train:01829.jpg
1829,train,cars_train:01830.jpg
1830,train,cars_train:01831.jpg
1831,train,cars_train:01832.jpg
1832,train,cars_train:01833.jpg
1833,train,cars_train:01834.jpg
1834,train,cars_train:01835.jpg
1835,train,cars_train:01836.jpg
1836,train,cars_train:01837.jpg
1838,train,cars_train:01839.jpg
1839,train,cars_train:01840.jpg
1840,train,cars_train:01841.jpg
1841,train,cars_train:01842.jpg
1842,train,cars_train:01843.jpg
1844,train,cars_train:01845.jpg
1845,train,cars_train:01846.jpg
1846,train,cars_train:01847.jpg
1847,train,cars_train:01848.jpg
1849,train,cars_train:01850.jpg
1850,train,cars_train:01851.jpg
1851,train,cars_train:01852.jpg
1852,train,cars_train:01853.jpg
1853,train,cars_train:01854.jpg
1855,train,cars_train:01856.jpg
1856,train,cars_train:01857.jpg
1857,train,cars_train:01858.jpg
1858,train,cars_train:01859.jpg
1862,train,cars_train:01863.jpg
1863,train,cars_train:01864.jpg
1864,train,cars_train:01865.jpg
1865,train,cars_train:01866.jpg
1866,train,cars_train:01867.jpg
1867,train,cars_train:01868.jpg
1869,train,cars_train:01870.jpg
1871,train,cars_train:01872.jpg
1872,train,cars_train:01873.jpg
1873,train,cars_train:01874.jpg
1874,train,cars_train:01875.jpg
1876,train,cars_train:01877.jpg
1877,train,cars_train:01878.jpg
1879,train,cars_train:01880.jpg
1880,train,cars_train:01881.jpg
1882,train,cars_train:01883.jpg
1883,train,cars_train:01884.jpg
1884,train,cars_train:01885.jpg
1885,train,cars_train:01886.jpg
1886,train,cars_train:01887.jpg
1887,train,cars_train:01888.jpg
1888,train,cars_train:01889.jpg
1889,train,cars_train:01890.jpg
1890,train,cars_train:01891.jpg
1891,train,cars_train:01892.jpg
1892,train,cars_train:01893.jpg
1893,train,cars_train:01894.jpg
1894,train,cars_train:01895.jpg
1895,train,cars_train:01896.jpg
1896,train,cars_train:01897.jpg
1897,train,cars_train:01898.jpg
1899,train,cars_train:01900.jpg
1900,train,cars_train:01901.jpg
1901,train,cars_train:01902.jpg
1902,train,cars_train:01903.jpg
1903,train,cars_train:01904.jpg
1904,train,cars_train:01905.jpg
1905,train,cars_train:01906.jpg
1906,train,cars_train:01907.jpg
1907,train,cars_train:01908.jpg
1908,train,cars_train:01909.jpg
1909,train,cars_train:01910.jpg
1910,train,cars_train:01911.jpg
1911,train,cars_train:01912.jpg
1912,train,cars_train:01913.jpg
1914,train,cars_train:01915.jpg
1915,train,cars_train:01916.jpg
1916,train,cars_train:01917.jpg
1917,train,cars_train:01918.jpg
1918,train,cars_train:01919.jpg
1920,train,cars_train:01921.jpg
1921,train,cars_train:01922.jpg
1922,train,cars_train:01923.jpg
1923,train,cars_train:01924.jpg
1924,train,cars_train:01925.jpg
1925,train,cars_train:01926.jpg
1926,train,cars_train:01927.jpg
1927,train,cars_train:01928.jpg
1928,train,cars_train:01929.jpg
1930,train,cars_train:01931.jpg
1931,train,cars_train:01932.jpg
1932,train,cars_train:01933.jpg
1934,train,cars_train:01935.jpg
1935,train,cars_train:01936.jpg
1936,train,cars_train:01937.jpg
1937,train,cars_train:01938.jpg
1938,train,cars_train:01939.jpg
1939,train,cars_train:01940.jpg
1941,train,cars_train:01942.jpg
1942,train,cars_train:01943.jpg
1943,train,cars_train:01944.jpg
1944,train,cars_train:01945.jpg
1947,train,cars_train:01948.jpg
1948,train,cars_train:01949.jpg
1949,train,cars_train:01950.jpg
1952,train,cars_train:01953.jpg
1953,train,cars_train:01954.jpg
1954,train,cars_train:01955.jpg
1955,train,cars_train:01956.jpg
1957,train,cars_train:01958.jpg
1958,train,cars_train:01959.jpg
1959,train,cars_train:01960.jpg
1960,train,cars_train:01961.jpg
1961,train,cars_train:01962.jpg
1962,train,cars_train:01963.jpg
1963,train,cars_train:01964.jpg
1964,train,cars_train:01965.jpg
1965,train,cars_train:01966.jpg
1967,train,cars_train:01968.jpg
1968,train,cars_train:01969.jpg
1969,train,cars_train:01970.jpg
1970,train,cars_train:01971.jpg
1971,train,cars_train:01972.jpg
1972,train,cars_train:01973.jpg
1973,train,cars_train:01974.jpg
1974,train,cars_train:01975.jpg
1975,train,cars_train:01976.jpg
1976,train,cars_train:01977.jpg
1977,train,cars_train:01978.jpg
1978,train,cars_train:01979.jpg
1979,train,cars_train:01980.jpg
1980,train,cars_train:01981.jpg
1981,train,cars_train:01982.jpg
1982,train,cars_train:01983.jpg
1983,train,cars_train:01984.jpg
1984,train,cars_train:01985.jpg
1986,train,cars_train:01987.jpg
1988,train,cars_train:01989.jpg
1990,train,cars_train:01991.jpg
1991,train,cars_train:01992.jpg
1992,train,cars_train:01993.jpg
1996,train,cars_train:01997.jpg
1997,train,cars_train:01998.jpg
1998,train,cars_train:01999.jpg
1999,train,cars_train:02000.jpg
2000,train,cars_train:02001.jpg
2001,train,cars_train:02002.jpg
2002,train,cars_train:02003.jpg
2003,train,cars_train:02004.jpg
2004,train,cars_train:02005.jpg
2005,train,cars_train:02006.jpg
2006,train,cars_train:02007.jpg
2007,train,cars_train:02008.jpg
2008,train,cars_train:02009.jpg
2009,train,cars_train:02010.jpg
2010,train,cars_train:02011.jpg
2013,train,cars_train:02014.jpg
2014,train,cars_train:02015.jpg
2017,train,cars_train:02018.jpg
2020,train,cars_train:02021.jpg
2023,train,cars_train:02024.jpg
2024,train,cars_train:02025.jpg
2025,train,cars_train:02026.jpg
2026,train,cars_train:02027.jpg
2029,train,cars_train:02030.jpg
2030,train,cars_train:02031.jpg
2031,train,cars_train:02032.jpg
2032,train,cars_train:02033.jpg
2033,train,cars_train:02034.jpg
2035,train,cars_train:02036.jpg
2036,train,cars_train:02037.jpg
2037,train,cars_train:02038.jpg
2038,train,cars_train:02039.jpg
2039,train,cars_train:02040.jpg
2041,train,cars_train:02042.jpg
2042,train,cars_train:02043.jpg
2043,train,cars_train:02044.jpg
2047,train,cars_train:02048.jpg
2048,train,cars_train:02049.jpg
2049,train,cars_train:02050.jpg
2051,train,cars_train:02052.jpg
2052,train,cars_train:02053.jpg
2053,train,cars_train:02054.jpg
2054,train,cars_train:02055.jpg
2055,train,cars_train:02056.jpg
2056,train,cars_train:02057.jpg
2057,train,cars_train:02058.jpg
2058,train,cars_train:02059.jpg
2059,train,cars_train:02060.jpg
2060,train,cars_train:02061.jpg
2062,train,cars_train:02063.jpg
2064,train,cars_train:02065.jpg
2065,train,cars_train:02066.jpg
2066,train,cars_train:02067.jpg
2067,train,cars_train:02068.jpg
2068,train,cars_train:02069.jpg
2069,train,cars_train:02070.jpg
2070,train,cars_train:02071.jpg
2072,train,cars_train:02073.jpg
2074,train,cars_train:02075.jpg
2076,train,cars_train:02077.jpg
2077,train,cars_train:02078.jpg
2078,train,cars_train:02079.jpg
2081,train,cars_train:02082.jpg
2082,train,cars_train:02083.jpg
2084,train,cars_train:02085.jpg
2085,train,cars_train:02086.jpg
2086,train,cars_train:02087.jpg
2087,train,cars_train:02088.jpg
2088,train,cars_train:02089.jpg
2089,train,cars_train:02090.jpg
2090,train,cars_train:02091.jpg
2091,train,cars_train:02092.jpg
2093,train,cars_train:02094.jpg
2095,train,cars_train:02096.jpg
2096,train,cars_train:02097.jpg
2097,train,cars_train:02098.jpg
2098,train,cars_train:02099.jpg
2099,train,cars_train:02100.jpg
2100,train,cars_train:02101.jpg
2101,train,cars_train:02102.jpg
2102,train,cars_train:02103.jpg
2104,train,cars_train:02105.jpg
2105,train,cars_train:02106.jpg
2106,train,cars_train:02107.jpg
2107,train,cars_train:02108.jpg
2108,train,cars_train:02109.jpg
2112,train,cars_train:02113.jpg
2113,train,cars_train:02114.jpg
2114,train,cars_train:02115.jpg
2116,train,cars_train:02117.jpg
2119,train,cars_train:02120.jpg
2120,train,cars_train:02121.jpg
2121,train,cars_train:02122.jpg
2122,train,cars_train:02123.jpg
2123,train,cars_train:02124.jpg
2124,train,cars_train:02125.jpg
2125,train,cars_train:02126.jpg
2127,train,cars_train:02128.jpg
2130,train,cars_train:02131.jpg
2132,train,cars_train:02133.jpg
2133,train,cars_train:02134.jpg
2134,train,cars_train:02135.jpg
2135,train,cars_train:02136.jpg
2136,train,cars_train:02137.jpg
2137,train,cars_train:02138.jpg
2138,train,cars_train:02139.jpg
2139,train,cars_train:02140.jpg
2140,train,cars_train:02141.jpg
2142,train,cars_train:02143.jpg
2143,train,cars_train:02144.jpg
2144,train,cars_train:02145.jpg
2148,train,cars_train:02149.jpg
2149,train,cars_train:02150.jpg
2150,train,cars_train:02151.jpg
2152,train,cars_train:02153.jpg
2153,train,cars_train:02154.jpg
2155,train,cars_train:02156.jpg
2157,train,cars_train:02158.jpg
2158,train,cars_train:02159.jpg
2159,train,cars_train:02160.jpg
2161,train,cars_train:02162.jpg
2162,train,cars_train:02163.jpg
2163,train,cars_train:02164.jpg
2164,train,cars_train:02165.jpg
2165,train,cars_train:02166.jpg
2166,train,cars_train:02167.jpg
2167,train,cars_train:02168.jpg
2168,train,cars_train:02169.jpg
2170,train,cars_train:02171.jpg
2171,train,cars_train:02172.jpg
2173,train,cars_train:02174.jpg
2174,train,cars_train:02175.jpg
2175,train,cars_train:02176.jpg
2177,train,cars_train:02178.jpg
2178,train,cars_train:02179.jpg
2179,train,cars_train:02180.jpg
2180,train,cars_train:02181.jpg
2181,train,cars_train:02182.jpg
2182,train,cars_train:02183.jpg
2183,train,cars_train:02184.jpg
2184,train,cars_train:02185.jpg
2185,train,cars_train:02186.jpg
2186,train,cars_train:02187.jpg
2187,train,cars_train:02188.jpg
2188,train,cars_train:02189.jpg
2189,train,cars_train:02190.jpg
2190,train,cars_train:02191.jpg
2191,train,cars_train:02192.jpg
2192,train,cars_train:02193.jpg
2194,train,cars_train:02195.jpg
2195,train,cars_train:02196.jpg
2196,train,cars_train:02197.jpg
2197,train,cars_train:02198.jpg
2198,train,cars_train:02199.jpg
2199,train,cars_train:02200.jpg
2200,train,cars_train:02201.jpg
2201,train,cars_train:02202.jpg
2202,train,cars_train:02203.jpg
2204,train,cars_train:02205.jpg
2205,train,cars_train:02206.jpg
2207,train,cars_train:02208.jpg
2209,train,cars_train:02210.jpg
2212,train,cars_train:02213.jpg
2213,train,cars_train:02214.jpg
2214,train,cars_train:02215.jpg
2215,train,cars_train:02216.jpg
2216,train,cars_train:02217.jpg
2217,train,cars_train:02218.jpg
2218,train,cars_train:02219.jpg
2219,train,cars_train:02220.jpg
2220,train,cars_train:02221.jpg
2221,train,cars_train:02222.jpg
2222,train,cars_train:02223.jpg
2223,train,cars_train:02224.jpg
2224,train,cars_train:02225.jpg
2225,train,cars_train:02226.jpg
2226,train,cars_train:02227.jpg
2227,train,cars_train:02228.jpg
2228,train,cars_train:02229.jpg
2235,train,cars_train:02236.jpg
2236,train,cars_train:02237.jpg
2237,train,cars_train:02238.jpg
2238,train,cars_train:02239.jpg
2239,train,cars_train:02240.jpg
2240,train,cars_train:02241.jpg
2241,train,cars_train:02242.jpg
2242,train,cars_train:02243.jpg
2243,train,cars_train:02244.jpg
2245,train,cars_train:02246.jpg
2247,train,cars_train:02248.jpg
2248,train,cars_train:02249.jpg
2249,train,cars_train:02250.jpg
2250,train,cars_train:02251.jpg
2251,train,cars_train:02252.jpg
2253,train,cars_train:02254.jpg
2255,train,cars_train:02256.jpg
2256,train,cars_train:02257.jpg
2257,train,cars_train:02258.jpg
2258,train,cars_train:02259.jpg
2260,train,cars_train:02261.jpg
2261,train,cars_train:02262.jpg
2263,train,cars_train:02264.jpg
2264,train,cars_train:02265.jpg
2265,train,cars_train:02266.jpg
2266,train,cars_train:02267.jpg
2267,train,cars_train:02268.jpg
2268,train,cars_train:02269.jpg
2269,train,cars_train:02270.jpg
2270,train,cars_train:02271.jpg
2272,train,cars_train:02273.jpg
2273,train,cars_train:02274.jpg
2274,train,cars_train:02275.jpg
2276,train,cars_train:02277.jpg
2277,train,cars_train:02278.jpg
2278,train,cars_train:02279.jpg
2279,train,cars_train:02280.jpg
2280,train,cars_train:02281.jpg
2281,train,cars_train:02282.jpg
2282,train,cars_train:02283.jpg
2283,train,cars_train:02284.jpg
2286,train,cars_train:02287.jpg
2288,train,cars_train:02289.jpg
2289,train,cars_train:02290.jpg
2290,train,cars_train:02291.jpg
2292,train,cars_train:02293.jpg
2293,train,cars_train:02294.jpg
2294,train,cars_train:02295.jpg
2295,train,cars_train:02296.jpg
2296,train,cars_train:02297.jpg
2297,train,cars_train:02298.jpg
2299,train,cars_train:02300.jpg
2300,train,cars_train:02301.jpg
2301,train,cars_train:02302.jpg
2302,train,cars_train:02303.jpg
2304,train,cars_train:02305.jpg
2307,train,cars_train:02308.jpg
2308,train,cars_train:02309.jpg
2310,train,cars_train:02311.jpg
2312,train,cars_train:02313.jpg
2314,train,cars_train:02315.jpg
2315,train,cars_train:02316.jpg
2317,train,cars_train:02318.jpg
2318,train,cars_train:02319.jpg
2319,train,cars_train:02320.jpg
2320,train,cars_train:02321.jpg
2321,train,cars_train:02322.jpg
2322,train,cars_train:02323.jpg
2323,train,cars_train:02324.jpg
2325,train,cars_train:02326.jpg
2327,train,cars_train:02328.jpg
2328,train,cars_train:02329.jpg
2329,train,cars_train:02330.jpg
2331,train,cars_train:02332.jpg
2332,train,cars_train:02333.jpg
2333,train,cars_train:02334.jpg
2337,train,cars_train:02338.jpg
2338,train,cars_train:02339.jpg
2339,train,cars_train:02340.jpg
2340,train,cars_train:02341.jpg
2341,train,cars_train:02342.jpg
2342,train,cars_train:02343.jpg
2343,train,cars_train:02344.jpg
2344,train,cars_train:02345.jpg
2345,train,cars_train:02346.jpg
2346,train,cars_train:02347.jpg
2347,train,cars_train:02348.jpg
2348,train,cars_train:02349.jpg
2350,train,cars_train:02351.jpg
2351,train,cars_train:02352.jpg
2352,train,cars_train:02353.jpg
2353,train,cars_train:02354.jpg
2354,train,cars_train:02355.jpg
2355,train,cars_train:02356.jpg
2356,train,cars_train:02357.jpg
2357,train,cars_train:02358.jpg
2358,train,cars_train:02359.jpg
2361,train,cars_train:02362.jpg
2362,train,cars_train:02363.jpg
2364,train,cars_train:02365.jpg
2365,train,cars_train:02366.jpg
2366,train,cars_train:02367.jpg
2367,train,cars_train:02368.jpg
2368,train,cars_train:02369.jpg
2369,train,cars_train:02370.jpg
2371,train,cars_train:02372.jpg
2372,train,cars_train:02373.jpg
2373,train,cars_train:02374.jpg
2374,train,cars_train:02375.jpg
2375,train,cars_train:02376.jpg
2376,train,cars_train:02377.jpg
2377,train,cars_train:02378.jpg
2378,train,cars_train:02379.jpg
2379,train,cars_train:02380.jpg
2380,train,cars_train:02381.jpg
2381,train,cars_train:02382.jpg
2382,train,cars_train:02383.jpg
2383,train,cars_train:02384.jpg
2384,train,cars_train:02385.jpg
2385,train,cars_train:02386.jpg
2386,train,cars_train:02387.jpg
2387,train,cars_train:02388.jpg
2389,train,cars_train:02390.jpg
2390,train,cars_train:02391.jpg
2391,train,cars_train:02392.jpg
2392,train,cars_train:02393.jpg
2393,train,cars_train:02394.jpg
2394,train,cars_train:02395.jpg
2395,train,cars_train:02396.jpg
2396,train,cars_train:02397.jpg
2397,train,cars_train:02398.jpg
2399,train,cars_train:02400.jpg
2401,train,cars_train:02402.jpg
2402,train,cars_train:02403.jpg
2403,train,cars_train:02404.jpg
2404,train,cars_train:02405.jpg
2405,train,cars_train:02406.jpg
2406,train,cars_train:02407.jpg
2407,train,cars_train:02408.jpg
2408,train,cars_train:02409.jpg
2409,train,cars_train:02410.jpg
2410,train,cars_train:02411.jpg
2411,train,cars_train:02412.jpg
2412,train,cars_train:02413.jpg
2414,train,cars_train:02415.jpg
2415,train,cars_train:02416.jpg
2416,train,cars_train:02417.jpg
2417,train,cars_train:02418.jpg
2419,train,cars_train:02420.jpg
2420,train,cars_train:02421.jpg
2422,train,cars_train:02423.jpg
2423,train,cars_train:02424.jpg
2425,train,cars_train:02426.jpg
2426,train,cars_train:02427.jpg
2428,train,cars_train:02429.jpg
2429,train,cars_train:02430.jpg
2430,train,cars_train:02431.jpg
2431,train,cars_train:02432.jpg
2432,train,cars_train:02433.jpg
2433,train,cars_train:02434.jpg
2434,train,cars_train:02435.jpg
2436,train,cars_train:02437.jpg
2438,train,cars_train:02439.jpg
2439,train,cars_train:02440.jpg
2440,train,cars_train:02441.jpg
2442,train,cars_train:02443.jpg
2443,train,cars_train:02444.jpg
2444,train,cars_train:02445.jpg
2445,train,cars_train:02446.jpg
2446,train,cars_train:02447.jpg
2447,train,cars_train:02448.jpg
2448,train,cars_train:02449.jpg
2449,train,cars_train:02450.jpg
2450,train,cars_train:02451.jpg
2452,train,cars_train:02453.jpg
2453,train,cars_train:02454.jpg
2454,train,cars_train:02455.jpg
2455,train,cars_train:02456.jpg
2457,train,cars_train:02458.jpg
2458,train,cars_train:02459.jpg
2459,train,cars_train:02460.jpg
2460,train,cars_train:02461.jpg
2461,train,cars_train:02462.jpg
2462,train,cars_train:02463.jpg
2463,train,cars_train:02464.jpg
2465,train,cars_train:02466.jpg
2466,train,cars_train:02467.jpg
2467,train,cars_train:02468.jpg
2468,train,cars_train:02469.jpg
2469,train,cars_train:02470.jpg
2470,train,cars_train:02471.jpg
2471,train,cars_train:02472.jpg
2473,train,cars_train:02474.jpg
2474,train,cars_train:02475.jpg
2475,train,cars_train:02476.jpg
2476,train,cars_train:02477.jpg
2477,train,cars_train:02478.jpg
2478,train,cars_train:02479.jpg
2479,train,cars_train:02480.jpg
2480,train,cars_train:02481.jpg
2481,train,cars_train:02482.jpg
2482,train,cars_train:02483.jpg
2483,train,cars_train:02484.jpg
2484,train,cars_train:02485.jpg
2485,train,cars_train:02486.jpg
2486,train,cars_train:02487.jpg
2487,train,cars_train:02488.jpg
2488,train,cars_train:02489.jpg
2489,train,cars_train:02490.jpg
2490,train,cars_train:02491.jpg
2491,train,cars_train:02492.jpg
2492,train,cars_train:02493.jpg
2493,train,cars_train:02494.jpg
2494,train,cars_train:02495.jpg
2496,train,cars_train:02497.jpg
2497,train,cars_train:02498.jpg
2498,train,cars_train:02499.jpg
2499,train,cars_train:02500.jpg
2500,train,cars_train:02501.jpg
2501,train,cars_train:02502.jpg
2502,train,cars_train:02503.jpg
2503,train,cars_train:02504.jpg
2504,train,cars_train:02505.jpg
2507,train,cars_train:02508.jpg
2508,train,cars_train:02509.jpg
2509,train,cars_train:02510.jpg
2511,train,cars_train:02512.jpg
2512,train,cars_train:02513.jpg
2513,train,cars_train:02514.jpg
2514,train,cars_train:02515.jpg
2515,train,cars_train:02516.jpg
2516,train,cars_train:02517.jpg
2517,train,cars_train:02518.jpg
2518,train,cars_train:02519.jpg
2519,train,cars_train:02520.jpg
2520,train,cars_train:02521.jpg
2521,train,cars_train:02522.jpg
2522,train,cars_train:02523.jpg
2523,train,cars_train:02524.jpg
2524,train,cars_train:02525.jpg
2526,train,cars_train:02527.jpg
2527,train,cars_train:02528.jpg
2528,train,cars_train:02529.jpg
2529,train,cars_train:02530.jpg
2530,train,cars_train:02531.jpg
2531,train,cars_train:02532.jpg
2532,train,cars_train:02533.jpg
2533,train,cars_train:02534.jpg
2535,train,cars_train:02536.jpg
2536,train,cars_train:02537.jpg
2537,train,cars_train:02538.jpg
2538,train,cars_train:02539.jpg
2540,train,cars_train:02541.jpg
2541,train,cars_train:02542.jpg
2542,train,cars_train:02543.jpg
2543,train,cars_train:02544.jpg
2544,train,cars_train:02545.jpg
2545,train,cars_train:02546.jpg
2547,train,cars_train:02548.jpg
2550,train,cars_train:02551.jpg
2551,train,cars_train:02552.jpg
2552,train,cars_train:02553.jpg
2553,train,cars_train:02554.jpg
2554,train,cars_train:02555.jpg
2555,train,cars_train:02556.jpg
2557,train,cars_train:02558.jpg
2558,train,cars_train:02559.jpg
2559,train,cars_train:02560.jpg
2560,train,cars_train:02561.jpg
2561,train,cars_train:02562.jpg
2563,train,cars_train:02564.jpg
2565,train,cars_train:02566.jpg
2566,train,cars_train:02567.jpg
2568,train,cars_train:02569.jpg
2569,train,cars_train:02570.jpg
2570,train,cars_train:02571.jpg
2571,train,cars_train:02572.jpg
2572,train,cars_train:02573.jpg
2573,train,cars_train:02574.jpg
2574,train,cars_train:02575.jpg
2575,train,cars_train:02576.jpg
2576,train,cars_train:02577.jpg
2577,train,cars_train:02578.jpg
2578,train,cars_train:02579.jpg
2579,train,cars_train:02580.jpg
2581,train,cars_train:02582.jpg
2582,train,cars_train:02583.jpg
2583,train,cars_train:02584.jpg
2584,train,cars_train:02585.jpg
2585,train,cars_train:02586.jpg
2586,train,cars_train:02587.jpg
2587,train,cars_train:02588.jpg
2588,train,cars_train:02589.jpg
2590,train,cars_train:02591.jpg
2591,train,cars_train:02592.jpg
2592,train,cars_train:02593.jpg
2594,train,cars_train:02595.jpg
2595,train,cars_train:02596.jpg
2596,train,cars_train:02597.jpg
2597,train,cars_train:02598.jpg
2599,train,cars_train:02600.jpg
2600,train,cars_train:02601.jpg
2602,train,cars_train:02603.jpg
2604,train,cars_train:02605.jpg
2605,train,cars_train:02606.jpg
2607,train,cars_train:02608.jpg
2608,train,cars_train:02609.jpg
2609,train,cars_train:02610.jpg
2610,train,cars_train:02611.jpg
2611,train,cars_train:02612.jpg
2612,train,cars_train:02613.jpg
2613,train,cars_train:02614.jpg
2614,train,cars_train:02615.jpg
2615,train,cars_train:02616.jpg
2616,train,cars_train:02617.jpg
2617,train,cars_train:02618.jpg
2618,train,cars_train:02619.jpg
2619,train,cars_train:02620.jpg
2620,train,cars_train:02621.jpg
2621,train,cars_train:02622.jpg
2622,train,cars_train:02623.jpg
2623,train,cars_train:02624.jpg
2626,train,cars_train:02627.jpg
2628,train,cars_train:02629.jpg
2629,train,cars_train:02630.jpg
2630,train,cars_train:02631.jpg
2631,train,cars_train:02632.jpg
2634,train,cars_train:02635.jpg
2635,train,cars_train:02636.jpg
2636,train,cars_train:02637.jpg
2637,train,cars_train:02638.jpg
2639,train,cars_train:02640.jpg
2640,train,cars_train:02641.jpg
2641,train,cars_train:02642.jpg
2642,train,cars_train:02643.jpg
2643,train,cars_train:02644.jpg
2644,train,cars_train:02645.jpg
2645,train,cars_train:02646.jpg
2646,train,cars_train:02647.jpg
2647,train,cars_train:02648.jpg
2648,train,cars_train:02649.jpg
2649,train,cars_train:02650.jpg
2651,train,cars_train:02652.jpg
2652,train,cars_train:02653.jpg
2654,train,cars_train:02655.jpg
2655,train,cars_train:02656.jpg
2657,train,cars_train:02658.jpg
2658,train,cars_train:02659.jpg
2659,train,cars_train:02660.jpg
2660,train,cars_train:02661.jpg
2661,train,cars_train:02662.jpg
2662,train,cars_train:02663.jpg
2663,train,cars_train:02664.jpg
2664,train,cars_train:02665.jpg
2665,train,cars_train:02666.jpg
2666,train,cars_train:02667.jpg
2668,train,cars_train:02669.jpg
2669,train,cars_train:02670.jpg
2670,train,cars_train:02671.jpg
2671,train,cars_train:02672.jpg
2672,train,cars_train:02673.jpg
2673,train,cars_train:02674.jpg
2674,train,cars_train:02675.jpg
2675,train,cars_train:02676.jpg
2676,train,cars_train:02677.jpg
2677,train,cars_train:02678.jpg
2678,train,cars_train:02679.jpg
2679,train,cars_train:02680.jpg
2680,train,cars_train:02681.jpg
2681,train,cars_train:02682.jpg
2682,train,cars_train:02683.jpg
2683,train,cars_train:02684.jpg
2685,train,cars_train:02686.jpg
2686,train,cars_train:02687.jpg
2688,train,cars_train:02689.jpg
2689,train,cars_train:02690.jpg
2690,train,cars_train:02691.jpg
2691,train,cars_train:02692.jpg
2692,train,cars_train:02693.jpg
2693,train,cars_train:02694.jpg
2695,train,cars_train:02696.jpg
2697,train,cars_train:02698.jpg
2698,train,cars_train:02699.jpg
2699,train,cars_train:02700.jpg
2700,train,cars_train:02701.jpg
2701,train,cars_train:02702.jpg
2702,train,cars_train:02703.jpg
2703,train,cars_train:02704.jpg
2705,train,cars_train:02706.jpg
2706,train,cars_train:02707.jpg
2707,train,cars_train:02708.jpg
2708,train,cars_train:02709.jpg
2710,train,cars_train:02711.jpg
2711,train,cars_train:02712.jpg
2712,train,cars_train:02713.jpg
2714,train,cars_train:02715.jpg
2715,train,cars_train:02716.jpg
2718,train,cars_train:02719.jpg
2719,train,cars_train:02720.jpg
2720,train,cars_train:02721.jpg
2721,train,cars_train:02722.jpg
2722,train,cars_train:02723.jpg
2724,train,cars_train:02725.jpg
2725,train,cars_train:02726.jpg
2728,train,cars_train:02729.jpg
2729,train,cars_train:02730.jpg
2730,train,cars_train:02731.jpg
2731,train,cars_train:02732.jpg
2733,train,cars_train:02734.jpg
2734,train,cars_train:02735.jpg
2735,train,cars_train:02736.jpg
2736,train,cars_train:02737.jpg
2737,train,cars_train:02738.jpg
2738,train,cars_train:02739.jpg
2739,train,cars_train:02740.jpg
2740,train,cars_train:02741.jpg
2741,train,cars_train:02742.jpg
2742,train,cars_train:02743.jpg
2744,train,cars_train:02745.jpg
2746,train,cars_train:02747.jpg
2747,train,cars_train:02748.jpg
2748,train,cars_train:02749.jpg
2751,train,cars_train:02752.jpg
2752,train,cars_train:02753.jpg
2753,train,cars_train:02754.jpg
2756,train,cars_train:02757.jpg
2757,train,cars_train:02758.jpg
2758,train,cars_train:02759.jpg
2759,train,cars_train:02760.jpg
2760,train,cars_train:02761.jpg
2761,train,cars_train:02762.jpg
2762,train,cars_train:02763.jpg
2763,train,cars_train:02764.jpg
2764,train,cars_train:02765.jpg
2766,train,cars_train:02767.jpg
2767,train,cars_train:02768.jpg
2769,train,cars_train:02770.jpg
2770,train,cars_train:02771.jpg
2771,train,cars_train:02772.jpg
2773,train,cars_train:02774.jpg
2776,train,cars_train:02777.jpg
2777,train,cars_train:02778.jpg
2780,train,cars_train:02781.jpg
2782,train,cars_train:02783.jpg
2783,train,cars_train:02784.jpg
2784,train,cars_train:02785.jpg
2785,train,cars_train:02786.jpg
2787,train,cars_train:02788.jpg
2788,train,cars_train:02789.jpg
2789,train,cars_train:02790.jpg
2790,train,cars_train:02791.jpg
2791,train,cars_train:02792.jpg
2792,train,cars_train:02793.jpg
2793,train,cars_train:02794.jpg
2794,train,cars_train:02795.jpg
2795,train,cars_train:02796.jpg
2796,train,cars_train:02797.jpg
2797,train,cars_train:02798.jpg
2798,train,cars_train:02799.jpg
2801,train,cars_train:02802.jpg
2802,train,cars_train:02803.jpg
2803,train,cars_train:02804.jpg
2804,train,cars_train:02805.jpg
2805,train,cars_train:02806.jpg
2806,train,cars_train:02807.jpg
2807,train,cars_train:02808.jpg
2808,train,cars_train:02809.jpg
2809,train,cars_train:02810.jpg
2811,train,cars_train:02812.jpg
2812,train,cars_train:02813.jpg
2813,train,cars_train:02814.jpg
2815,train,cars_train:02816.jpg
2816,train,cars_train:02817.jpg
2817,train,cars_train:02818.jpg
2818,train,cars_train:02819.jpg
2820,train,cars_train:02821.jpg
2821,train,cars_train:02822.jpg
2822,train,cars_train:02823.jpg
2823,train,cars_train:02824.jpg
2824,train,cars_train:02825.jpg
2826,train,cars_train:02827.jpg
2827,train,cars_train:02828.jpg
2828,train,cars_train:02829.jpg
2829,train,cars_train:02830.jpg
2830,train,cars_train:02831.jpg
2831,train,cars_train:02832.jpg
2832,train,cars_train:02833.jpg
2833,train,cars_train:02834.jpg
2835,train,cars_train:02836.jpg
2836,train,cars_train:02837.jpg
2837,train,cars_train:02838.jpg
2838,train,cars_train:02839.jpg
2839,train,cars_train:02840.jpg
2840,train,cars_train:02841.jpg
2841,train,cars_train:02842.jpg
2842,train,cars_train:02843.jpg
2843,train,cars_train:02844.jpg
2845,train,cars_train:02846.jpg
2847,train,cars_train:02848.jpg
2848,train,cars_train:02849.jpg
2849,train,cars_train:02850.jpg
2850,train,cars_train:02851.jpg
2852,train,cars_train:02853.jpg
2854,train,cars_train:02855.jpg
2855,train,cars_train:02856.jpg
2856,train,cars_train:02857.jpg
2857,train,cars_train:02858.jpg
2859,train,cars_train:02860.jpg
2860,train,cars_train:02861.jpg
2861,train,cars_train:02862.jpg
2864,train,cars_train:02865.jpg
2865,train,cars_train:02866.jpg
2867,train,cars_train:02868.jpg
2869,train,cars_train:02870.jpg
2872,train,cars_train:02873.jpg
2873,train,cars_train:02874.jpg
2874,train,cars_train:02875.jpg
2875,train,cars_train:02876.jpg
2877,train,cars_train:02878.jpg
2878,train,cars_train:02879.jpg
2879,train,cars_train:02880.jpg
2880,train,cars_train:02881.jpg
2882,train,cars_train:02883.jpg
2885,train,cars_train:02886.jpg
2886,train,cars_train:02887.jpg
2887,train,cars_train:02888.jpg
2888,train,cars_train:02889.jpg
2889,train,cars_train:02890.jpg
2892,train,cars_train:02893.jpg
2893,train,cars_train:02894.jpg
2894,train,cars_train:02895.jpg
2895,train,cars_train:02896.jpg
2896,train,cars_train:02897.jpg
2897,train,cars_train:02898.jpg
2898,train,cars_train:02899.jpg
2899,train,cars_train:02900.jpg
2900,train,cars_train:02901.jpg
2901,train,cars_train:02902.jpg
2902,train,cars_train:02903.jpg
2903,train,cars_train:02904.jpg
2904,train,cars_train:02905.jpg
2905,train,cars_train:02906.jpg
2906,train,cars_train:02907.jpg
2907,train,cars_train:02908.jpg
2908,train,cars_train:02909.jpg
2909,train,cars_train:02910.jpg
2910,train,cars_train:02911.jpg
2911,train,cars_train:02912.jpg
2912,train,cars_train:02913.jpg
2913,train,cars_train:02914.jpg
2914,train,cars_train:02915.jpg
2915,train,cars_train:02916.jpg
2916,train,cars_train:02917.jpg
2917,train,cars_train:02918.jpg
2918,train,cars_train:02919.jpg
2919,train,cars_train:02920.jpg
2921,train,cars_train:02922.jpg
2922,train,cars_train:02923.jpg
2923,train,cars_train:02924.jpg
2924,train,cars_train:02925.jpg
2925,train,cars_train:02926.jpg
2926,train,cars_train:02927.jpg
2927,train,cars_train:02928.jpg
2930,train,cars_train:02931.jpg
2931,train,cars_train:02932.jpg
2933,train,cars_train:02934.jpg
2934,train,cars_train:02935.jpg
2935,train,cars_train:02936.jpg
2936,train,cars_train:02937.jpg
2938,train,cars_train:02939.jpg
2940,train,cars_train:02941.jpg
2941,train,cars_train:02942.jpg
2942,train,cars_train:02943.jpg
2943,train,cars_train:02944.jpg
2944,train,cars_train:02945.jpg
2945,train,cars_train:02946.jpg
2946,train,cars_train:02947.jpg
2947,train,cars_train:02948.jpg
2948,train,cars_train:02949.jpg
2949,train,cars_train:02950.jpg
2950,train,cars_train:02951.jpg
2951,train,cars_train:02952.jpg
2952,train,cars_train:02953.jpg
2953,train,cars_train:02954.jpg
2954,train,cars_train:02955.jpg
2955,train,cars_train:02956.jpg
2956,train,cars_train:02957.jpg
2957,train,cars_train:02958.jpg
2958,train,cars_train:02959.jpg
2959,train,cars_train:02960.jpg
2961,train,cars_train:02962.jpg
2962,train,cars_train:02963.jpg
2963,train,cars_train:02964.jpg
2964,train,cars_train:02965.jpg
2965,train,cars_train:02966.jpg
2968,train,cars_train:02969.jpg
2969,train,cars_train:02970.jpg
2970,train,cars_train:02971.jpg
2971,train,cars_train:02972.jpg
2972,train,cars_train:02973.jpg
2973,train,cars_train:02974.jpg
2974,train,cars_train:02975.jpg
2975,train,cars_train:02976.jpg
2976,train,cars_train:02977.jpg
2977,train,cars_train:02978.jpg
2978,train,cars_train:02979.jpg
2979,train,cars_train:02980.jpg
2980,train,cars_train:02981.jpg
2981,train,cars_train:02982.jpg
2982,train,cars_train:02983.jpg
2983,train,cars_train:02984.jpg
2984,train,cars_train:02985.jpg
2985,train,cars_train:02986.jpg
2986,train,cars_train:02987.jpg
2987,train,cars_train:02988.jpg
2988,train,cars_train:02989.jpg
2989,train,cars_train:02990.jpg
2990,train,cars_train:02991.jpg
2992,train,cars_train:02993.jpg
2993,train,cars_train:02994.jpg
2994,train,cars_train:02995.jpg
2997,train,cars_train:02998.jpg
2998,train,cars_train:02999.jpg
2999,train,cars_train:03000.jpg
3000,train,cars_train:03001.jpg
3001,train,cars_train:03002.jpg
3002,train,cars_train:03003.jpg
3003,train,cars_train:03004.jpg
3004,train,cars_train:03005.jpg
3005,train,cars_train:03006.jpg
3006,train,cars_train:03007.jpg
3007,train,cars_train:03008.jpg
3008,train,cars_train:03009.jpg
3011,train,cars_train:03012.jpg
3012,train,cars_train:03013.jpg
3014,train,cars_train:03015.jpg
3015,train,cars_train:03016.jpg
3016,train,cars_train:03017.jpg
3017,train,cars_train:03018.jpg
3018,train,cars_train:03019.jpg
3020,train,cars_train:03021.jpg
3021,train,cars_train:03022.jpg
3022,train,cars_train:03023.jpg
3023,train,cars_train:03024.jpg
3024,train,cars_train:03025.jpg
3025,train,cars_train:03026.jpg
3026,train,cars_train:03027.jpg
3027,train,cars_train:03028.jpg
3028,train,cars_train:03029.jpg
3029,train,cars_train:03030.jpg
3031,train,cars_train:03032.jpg
3033,train,cars_train:03034.jpg
3034,train,cars_train:03035.jpg
3035,train,cars_train:03036.jpg
3036,train,cars_train:03037.jpg
3037,train,cars_train:03038.jpg
3038,train,cars_train:03039.jpg
3039,train,cars_train:03040.jpg
3043,train,cars_train:03044.jpg
3044,train,cars_train:03045.jpg
3045,train,cars_train:03046.jpg
3046,train,cars_train:03047.jpg
3047,train,cars_train:03048.jpg
3049,train,cars_train:03050.jpg
3050,train,cars_train:03051.jpg
3051,train,cars_train:03052.jpg
3052,train,cars_train:03053.jpg
3053,train,cars_train:03054.jpg
3054,train,cars_train:03055.jpg
3055,train,cars_train:03056.jpg
3056,train,cars_train:03057.jpg
3057,train,cars_train:03058.jpg
3058,train,cars_train:03059.jpg
3059,train,cars_train:03060.jpg
3060,train,cars_train:03061.jpg
3061,train,cars_train:03062.jpg
3062,train,cars_train:03063.jpg
3063,train,cars_train:03064.jpg
3064,train,cars_train:03065.jpg
3065,train,cars_train:03066.jpg
3066,train,cars_train:03067.jpg
3067,train,cars_train:03068.jpg
3068,train,cars_train:03069.jpg
3070,train,cars_train:03071.jpg
3071,train,cars_train:03072.jpg
3072,train,cars_train:03073.jpg
3074,train,cars_train:03075.jpg
3075,train,cars_train:03076.jpg
3076,train,cars_train:03077.jpg
3077,train,cars_train:03078.jpg
3080,train,cars_train:03081.jpg
3081,train,cars_train:03082.jpg
3082,train,cars_train:03083.jpg
3083,train,cars_train:03084.jpg
3084,train,cars_train:03085.jpg
3085,train,cars_train:03086.jpg
3086,train,cars_train:03087.jpg
3087,train,cars_train:03088.jpg
3088,train,cars_train:03089.jpg
3089,train,cars_train:03090.jpg
3090,train,cars_train:03091.jpg
3092,train,cars_train:03093.jpg
3093,train,cars_train:03094.jpg
3094,train,cars_train:03095.jpg
3095,train,cars_train:03096.jpg
3097,train,cars_train:03098.jpg
3098,train,cars_train:03099.jpg
3099,train,cars_train:03100.jpg
3101,train,cars_train:03102.jpg
3102,train,cars_train:03103.jpg
3103,train,cars_train:03104.jpg
3104,train,cars_train:03105.jpg
3105,train,cars_train:03106.jpg
3106,train,cars_train:03107.jpg
3107,train,cars_train:03108.jpg
3109,train,cars_train:03110.jpg
3110,train,cars_train:03111.jpg
3111,train,cars_train:03112.jpg
3112,train,cars_train:03113.jpg
3113,train,cars_train:03114.jpg
3114,train,cars_train:03115.jpg
3115,train,cars_train:03116.jpg
3116,train,cars_train:03117.jpg
3117,train,cars_train:03118.jpg
3118,train,cars_train:03119.jpg
3120,train,cars_train:03121.jpg
3123,train,cars_train:03124.jpg
3124,train,cars_train:03125.jpg
3125,train,cars_train:03126.jpg
3126,train,cars_train:03127.jpg
3127,train,cars_train:03128.jpg
3128,train,cars_train:03129.jpg
3131,train,cars_train:03132.jpg
3132,train,cars_train:03133.jpg
3133,train,cars_train:03134.jpg
3134,train,cars_train:03135.jpg
3136,train,cars_train:03137.jpg
3137,train,cars_train:03138.jpg
3138,train,cars_train:03139.jpg
3139,train,cars_train:03140.jpg
3140,train,cars_train:03141.jpg
3141,train,cars_train:03142.jpg
3142,train,cars_train:03143.jpg
3143,train,cars_train:03144.jpg
3146,train,cars_train:03147.jpg
3147,train,cars_train:03148.jpg
3148,train,cars_train:03149.jpg
3149,train,cars_train:03150.jpg
3150,train,cars_train:03151.jpg
3151,train,cars_train:03152.jpg
3155,train,cars_train:03156.jpg
3156,train,cars_train:03157.jpg
3157,train,cars_train:03158.jpg
3158,train,cars_train:03159.jpg
3159,train,cars_train:03160.jpg
3160,train,cars_train:03161.jpg
3161,train,cars_train:03162.jpg
3162,train,cars_train:03163.jpg
3163,train,cars_train:03164.jpg
3164,train,cars_train:03165.jpg
3166,train,cars_train:03167.jpg
3167,train,cars_train:03168.jpg
3168,train,cars_train:03169.jpg
3169,train,cars_train:03170.jpg
3170,train,cars_train:03171.jpg
3171,train,cars_train:03172.jpg
3172,train,cars_train:03173.jpg
3173,train,cars_train:03174.jpg
3174,train,cars_train:03175.jpg
3176,train,cars_train:03177.jpg
3177,train,cars_train:03178.jpg
3178,train,cars_train:03179.jpg
3179,train,cars_train:03180.jpg
3180,train,cars_train:03181.jpg
3181,train,cars_train:03182.jpg
3182,train,cars_train:03183.jpg
3183,train,cars_train:03184.jpg
3184,train,cars_train:03185.jpg
3185,train,cars_train:03186.jpg
3187,train,cars_train:03188.jpg
3188,train,cars_train:03189.jpg
3189,train,cars_train:03190.jpg
3190,train,cars_train:03191.jpg
3191,train,cars_train:03192.jpg
3192,train,cars_train:03193.jpg
3193,train,cars_train:03194.jpg
3195,train,cars_train:03196.jpg
3196,train,cars_train:03197.jpg
3197,train,cars_train:03198.jpg
3198,train,cars_train:03199.jpg
3199,train,cars_train:03200.jpg
3200,train,cars_train:03201.jpg
3201,train,cars_train:03202.jpg
3203,train,cars_train:03204.jpg
3204,train,cars_train:03205.jpg
3206,train,cars_train:03207.jpg
3207,train,cars_train:03208.jpg
3208,train,cars_train:03209.jpg
3209,train,cars_train:03210.jpg
3210,train,cars_train:03211.jpg
3211,train,cars_train:03212.jpg
3213,train,cars_train:03214.jpg
3215,train,cars_train:03216.jpg
3216,train,cars_train:03217.jpg
3217,train,cars_train:03218.jpg
3218,train,cars_train:03219.jpg
3219,train,cars_train:03220.jpg
3220,train,cars_train:03221.jpg
3222,train,cars_train:03223.jpg
3224,train,cars_train:03225.jpg
3226,train,cars_train:03227.jpg
3227,train,cars_train:03228.jpg
3229,train,cars_train:03230.jpg
3230,train,cars_train:03231.jpg
3232,train,cars_train:03233.jpg
3233,train,cars_train:03234.jpg
3235,train,cars_train:03236.jpg
3236,train,cars_train:03237.jpg
3237,train,cars_train:03238.jpg
3238,train,cars_train:03239.jpg
3239,train,cars_train:03240.jpg
3240,train,cars_train:03241.jpg
3241,train,cars_train:03242.jpg
3243,train,cars_train:03244.jpg
3244,train,cars_train:03245.jpg
3245,train,cars_train:03246.jpg
3246,train,cars_train:03247.jpg
3247,train,cars_train:03248.jpg
3249,train,cars_train:03250.jpg
3250,train,cars_train:03251.jpg
3251,train,cars_train:03252.jpg
3252,train,cars_train:03253.jpg
3253,train,cars_train:03254.jpg
3254,train,cars_train:03255.jpg
3255,train,cars_train:03256.jpg
3257,train,cars_train:03258.jpg
3258,train,cars_train:03259.jpg
3259,train,cars_train:03260.jpg
3260,train,cars_train:03261.jpg
3261,train,cars_train:03262.jpg
3262,train,cars_train:03263.jpg
3263,train,cars_train:03264.jpg
3264,train,cars_train:03265.jpg
3267,train,cars_train:03268.jpg
3268,train,cars_train:03269.jpg
3269,train,cars_train:03270.jpg
3272,train,cars_train:03273.jpg
3273,train,cars_train:03274.jpg
3274,train,cars_train:03275.jpg
3276,train,cars_train:03277.jpg
3277,train,cars_train:03278.jpg
3279,train,cars_train:03280.jpg
3280,train,cars_train:03281.jpg
3281,train,cars_train:03282.jpg
3282,train,cars_train:03283.jpg
3283,train,cars_train:03284.jpg
3284,train,cars_train:03285.jpg
3287,train,cars_train:03288.jpg
3288,train,cars_train:03289.jpg
3290,train,cars_train:03291.jpg
3291,train,cars_train:03292.jpg
3292,train,cars_train:03293.jpg
3294,train,cars_train:03295.jpg
3295,train,cars_train:03296.jpg
3296,train,cars_train:03297.jpg
3298,train,cars_train:03299.jpg
3299,train,cars_train:03300.jpg
3300,train,cars_train:03301.jpg
3301,train,cars_train:03302.jpg
3302,train,cars_train:03303.jpg
3303,train,cars_train:03304.jpg
3305,train,cars_train:03306.jpg
3306,train,cars_train:03307.jpg
3307,train,cars_train:03308.jpg
3308,train,cars_train:03309.jpg
3309,train,cars_train:03310.jpg
3311,train,cars_train:03312.jpg
3313,train,cars_train:03314.jpg
3314,train,cars_train:03315.jpg
3315,train,cars_train:03316.jpg
3316,train,cars_train:03317.jpg
3317,train,cars_train:03318.jpg
3318,train,cars_train:03319.jpg
3319,train,cars_train:03320.jpg
3320,train,cars_train:03321.jpg
3322,train,cars_train:03323.jpg
3323,train,cars_train:03324.jpg
3325,train,cars_train:03326.jpg
3326,train,cars_train:03327.jpg
3327,train,cars_train:03328.jpg
3328,train,cars_train:03329.jpg
3330,train,cars_train:03331.jpg
3331,train,cars_train:03332.jpg
3333,train,cars_train:03334.jpg
3334,train,cars_train:03335.jpg
3336,train,cars_train:03337.jpg
3337,train,cars_train:03338.jpg
3338,train,cars_train:03339.jpg
3339,train,cars_train:03340.jpg
3340,train,cars_train:03341.jpg
3341,train,cars_train:03342.jpg
3343,train,cars_train:03344.jpg
3344,train,cars_train:03345.jpg
3345,train,cars_train:03346.jpg
3346,train,cars_train:03347.jpg
3347,train,cars_train:03348.jpg
3350,train,cars_train:03351.jpg
3351,train,cars_train:03352.jpg
3352,train,cars_train:03353.jpg
3354,train,cars_train:03355.jpg
3355,train,cars_train:03356.jpg
3357,train,cars_train:03358.jpg
3358,train,cars_train:03359.jpg
3359,train,cars_train:03360.jpg
3360,train,cars_train:03361.jpg
3361,train,cars_train:03362.jpg
3362,train,cars_train:03363.jpg
3363,train,cars_train:03364.jpg
3365,train,cars_train:03366.jpg
3366,train,cars_train:03367.jpg
3367,train,cars_train:03368.jpg
3368,train,cars_train:03369.jpg
3369,train,cars_train:03370.jpg
3370,train,cars_train:03371.jpg
3371,train,cars_train:03372.jpg
3372,train,cars_train:03373.jpg
3373,train,cars_train:03374.jpg
3375,train,cars_train:03376.jpg
3377,train,cars_train:03378.jpg
3379,train,cars_train:03380.jpg
3380,train,cars_train:03381.jpg
3381,train,cars_train:03382.jpg
3383,train,cars_train:03384.jpg
3384,train,cars_train:03385.jpg
3385,train,cars_train:03386.jpg
3387,train,cars_train:03388.jpg
3388,train,cars_train:03389.jpg
3389,train,cars_train:03390.jpg
3390,train,cars_train:03391.jpg
3391,train,cars_train:03392.jpg
3392,train,cars_train:03393.jpg
3393,train,cars_train:03394.jpg
3395,train,cars_train:03396.jpg
3397,train,cars_train:03398.jpg
3398,train,cars_train:03399.jpg
3399,train,cars_train:03400.jpg
3400,train,cars_train:03401.jpg
3401,train,cars_train:03402.jpg
3402,train,cars_train:03403.jpg
3403,train,cars_train:03404.jpg
3404,train,cars_train:03405.jpg
3406,train,cars_train:03407.jpg
3407,train,cars_train:03408.jpg
3408,train,cars_train:03409.jpg
3410,train,cars_train:03411.jpg
3411,train,cars_train:03412.jpg
3412,train,cars_train:03413.jpg
3413,train,cars_train:03414.jpg
3414,train,cars_train:03415.jpg
3418,train,cars_train:03419.jpg
3421,train,cars_train:03422.jpg
3422,train,cars_train:03423.jpg
3423,train,cars_train:03424.jpg
3425,train,cars_train:03426.jpg
3426,train,cars_train:03427.jpg
3427,train,cars_train:03428.jpg
3428,train,cars_train:03429.jpg
3429,train,cars_train:03430.jpg
3430,train,cars_train:03431.jpg
3432,train,cars_train:03433.jpg
3433,train,cars_train:03434.jpg
3434,train,cars_train:03435.jpg
3435,train,cars_train:03436.jpg
3436,train,cars_train:03437.jpg
3438,train,cars_train:03439.jpg
3439,train,cars_train:03440.jpg
3440,train,cars_train:03441.jpg
3442,train,cars_train:03443.jpg
3443,train,cars_train:03444.jpg
3445,train,cars_train:03446.jpg
3446,train,cars_train:03447.jpg
3448,train,cars_train:03449.jpg
3449,train,cars_train:03450.jpg
3450,train,cars_train:03451.jpg
3451,train,cars_train:03452.jpg
3452,train,cars_train:03453.jpg
3453,train,cars_train:03454.jpg
3454,train,cars_train:03455.jpg
3455,train,cars_train:03456.jpg
3456,train,cars_train:03457.jpg
3457,train,cars_train:03458.jpg
3458,train,cars_train:03459.jpg
3459,train,cars_train:03460.jpg
3460,train,cars_train:03461.jpg
3461,train,cars_train:03462.jpg
3462,train,cars_train:03463.jpg
3463,train,cars_train:03464.jpg
3464,train,cars_train:03465.jpg
3465,train,cars_train:03466.jpg
3466,train,cars_train:03467.jpg
3467,train,cars_train:03468.jpg
3469,train,cars_train:03470.jpg
3470,train,cars_train:03471.jpg
3471,train,cars_train:03472.jpg
3472,train,cars_train:03473.jpg
3473,train,cars_train:03474.jpg
3474,train,cars_train:03475.jpg
3475,train,cars_train:03476.jpg
3476,train,cars_train:03477.jpg
3477,train,cars_train:03478.jpg
3478,train,cars_train:03479.jpg
3479,train,cars_train:03480.jpg
3480,train,cars_train:03481.jpg
3483,train,cars_train:03484.jpg
3484,train,cars_train:03485.jpg
3485,train,cars_train:03486.jpg
3488,train,cars_train:03489.jpg
3489,train,cars_train:03490.jpg
3490,train,cars_train:03491.jpg
3492,train,cars_train:03493.jpg
3493,train,cars_train:03494.jpg
3494,train,cars_train:03495.jpg
3495,train,cars_train:03496.jpg
3496,train,cars_train:03497.jpg
3497,train,cars_train:03498.jpg
3498,train,cars_train:03499.jpg
3499,train,cars_train:03500.jpg
3501,train,cars_train:03502.jpg
3502,train,cars_train:03503.jpg
3503,train,cars_train:03504.jpg
3504,train,cars_train:03505.jpg
3505,train,cars_train:03506.jpg
3506,train,cars_train:03507.jpg
3507,train,cars_train:03508.jpg
3508,train,cars_train:03509.jpg
3509,train,cars_train:03510.jpg
3510,train,cars_train:03511.jpg
3511,train,cars_train:03512.jpg
3512,train,cars_train:03513.jpg
3515,train,cars_train:03516.jpg
3516,train,cars_train:03517.jpg
3517,train,cars_train:03518.jpg
3518,train,cars_train:03519.jpg
3519,train,cars_train:03520.jpg
3520,train,cars_train:03521.jpg
3521,train,cars_train:03522.jpg
3522,train,cars_train:03523.jpg
3523,train,cars_train:03524.jpg
3525,train,cars_train:03526.jpg
3526,train,cars_train:03527.jpg
3528,train,cars_train:03529.jpg
3529,train,cars_train:03530.jpg
3530,train,cars_train:03531.jpg
3531,train,cars_train:03532.jpg
3532,train,cars_train:03533.jpg
3535,train,cars_train:03536.jpg
3536,train,cars_train:03537.jpg
3537,train,cars_train:03538.jpg
3538,train,cars_train:03539.jpg
3539,train,cars_train:03540.jpg
3540,train,cars_train:03541.jpg
3541,train,cars_train:03542.jpg
3543,train,cars_train:03544.jpg
3545,train,cars_train:03546.jpg
3546,train,cars_train:03547.jpg
3547,train,cars_train:03548.jpg
3548,train,cars_train:03549.jpg
3551,train,cars_train:03552.jpg
3552,train,cars_train:03553.jpg
3554,train,cars_train:03555.jpg
3555,train,cars_train:03556.jpg
3556,train,cars_train:03557.jpg
3557,train,cars_train:03558.jpg
3558,train,cars_train:03559.jpg
3559,train,cars_train:03560.jpg
3560,train,cars_train:03561.jpg
3561,train,cars_train:03562.jpg
3562,train,cars_train:03563.jpg
3564,train,cars_train:03565.jpg
3565,train,cars_train:03566.jpg
3566,train,cars_train:03567.jpg
3567,train,cars_train:03568.jpg
3568,train,cars_train:03569.jpg
3569,train,cars_train:03570.jpg
3571,train,cars_train:03572.jpg
3572,train,cars_train:03573.jpg
3573,train,cars_train:03574.jpg
3574,train,cars_train:03575.jpg
3575,train,cars_train:03576.jpg
3576,train,cars_train:03577.jpg
3577,train,cars_train:03578.jpg
3578,train,cars_train:03579.jpg
3579,train,cars_train:03580.jpg
3580,train,cars_train:03581.jpg
3582,train,cars_train:03583.jpg
3583,train,cars_train:03584.jpg
3584,train,cars_train:03585.jpg
3585,train,cars_train:03586.jpg
3587,train,cars_train:03588.jpg
3589,train,cars_train:03590.jpg
3590,train,cars_train:03591.jpg
3591,train,cars_train:03592.jpg
3593,train,cars_train:03594.jpg
3594,train,cars_train:03595.jpg
3595,train,cars_train:03596.jpg
3596,train,cars_train:03597.jpg
3597,train,cars_train:03598.jpg
3598,train,cars_train:03599.jpg
3599,train,cars_train:03600.jpg
3600,train,cars_train:03601.jpg
3601,train,cars_train:03602.jpg
3602,train,cars_train:03603.jpg
3603,train,cars_train:03604.jpg
3604,train,cars_train:03605.jpg
3605,train,cars_train:03606.jpg
3607,train,cars_train:03608.jpg
3608,train,cars_train:03609.jpg
3609,train,cars_train:03610.jpg
3610,train,cars_train:03611.jpg
3611,train,cars_train:03612.jpg
3612,train,cars_train:03613.jpg
3614,train,cars_train:03615.jpg
3615,train,cars_train:03616.jpg
3616,train,cars_train:03617.jpg
3618,train,cars_train:03619.jpg
3619,train,cars_train:03620.jpg
3620,train,cars_train:03621.jpg
3621,train,cars_train:03622.jpg
3622,train,cars_train:03623.jpg
3623,train,cars_train:03624.jpg
3626,train,cars_train:03627.jpg
3627,train,cars_train:03628.jpg
3628,train,cars_train:03629.jpg
3629,train,cars_train:03630.jpg
3630,train,cars_train:03631.jpg
3632,train,cars_train:03633.jpg
3633,train,cars_train:03634.jpg
3634,train,cars_train:03635.jpg
3635,train,cars_train:03636.jpg
3636,train,cars_train:03637.jpg
3638,train,cars_train:03639.jpg
3639,train,cars_train:03640.jpg
3641,train,cars_train:03642.jpg
3643,train,cars_train:03644.jpg
3646,train,cars_train:03647.jpg
3647,train,cars_train:03648.jpg
3648,train,cars_train:03649.jpg
3650,train,cars_train:03651.jpg
3651,train,cars_train:03652.jpg
3652,train,cars_train:03653.jpg
3654,train,cars_train:03655.jpg
3655,train,cars_train:03656.jpg
3656,train,cars_train:03657.jpg
3657,train,cars_train:03658.jpg
3658,train,cars_train:03659.jpg
3659,train,cars_train:03660.jpg
3660,train,cars_train:03661.jpg
3661,train,cars_train:03662.jpg
3663,train,cars_train:03664.jpg
3664,train,cars_train:03665.jpg
3665,train,cars_train:03666.jpg
3666,train,cars_train:03667.jpg
3667,train,cars_train:03668.jpg
3668,train,cars_train:03669.jpg
3669,train,cars_train:03670.jpg
3671,train,cars_train:03672.jpg
3672,train,cars_train:03673.jpg
3673,train,cars_train:03674.jpg
3675,train,cars_train:03676.jpg
3676,train,cars_train:03677.jpg
3677,train,cars_train:03678.jpg
3678,train,cars_train:03679.jpg
3679,train,cars_train:03680.jpg
3680,train,cars_train:03681.jpg
3681,train,cars_train:03682.jpg
3682,train,cars_train:03683.jpg
3683,train,cars_train:03684.jpg
3684,train,cars_train:03685.jpg
3686,train,cars_train:03687.jpg
3687,train,cars_train:03688.jpg
3688,train,cars_train:03689.jpg
3689,train,cars_train:03690.jpg
3690,train,cars_train:03691.jpg
3691,train,cars_train:03692.jpg
3692,train,cars_train:03693.jpg
3693,train,cars_train:03694.jpg
3694,train,cars_train:03695.jpg
3695,train,cars_train:03696.jpg
3696,train,cars_train:03697.jpg
3697,train,cars_train:03698.jpg
3698,train,cars_train:03699.jpg
3700,train,cars_train:03701.jpg
3701,train,cars_train:03702.jpg
3704,train,cars_train:03705.jpg
3705,train,cars_train:03706.jpg
3708,train,cars_train:03709.jpg
3709,train,cars_train:03710.jpg
3711,train,cars_train:03712.jpg
3712,train,cars_train:03713.jpg
3714,train,cars_train:03715.jpg
3715,train,cars_train:03716.jpg
3716,train,cars_train:03717.jpg
3717,train,cars_train:03718.jpg
3718,train,cars_train:03719.jpg
3720,train,cars_train:03721.jpg
3721,train,cars_train:03722.jpg
3722,train,cars_train:03723.jpg
3723,train,cars_train:03724.jpg
3724,train,cars_train:03725.jpg
3725,train,cars_train:03726.jpg
3726,train,cars_train:03727.jpg
3728,train,cars_train:03729.jpg
3729,train,cars_train:03730.jpg
3730,train,cars_train:03731.jpg
3731,train,cars_train:03732.jpg
3732,train,cars_train:03733.jpg
3734,train,cars_train:03735.jpg
3735,train,cars_train:03736.jpg
3736,train,cars_train:03737.jpg
3737,train,cars_train:03738.jpg
3738,train,cars_train:03739.jpg
3740,train,cars_train:03741.jpg
3741,train,cars_train:03742.jpg
3742,train,cars_train:03743.jpg
3743,train,cars_train:03744.jpg
3744,train,cars_train:03745.jpg
3745,train,cars_train:03746.jpg
3746,train,cars_train:03747.jpg
3747,train,cars_train:03748.jpg
3748,train,cars_train:03749.jpg
3749,train,cars_train:03750.jpg
3750,train,cars_train:03751.jpg
3751,train,cars_train:03752.jpg
3752,train,cars_train:03753.jpg
3754,train,cars_train:03755.jpg
3755,train,cars_train:03756.jpg
3756,train,cars_train:03757.jpg
3758,train,cars_train:03759.jpg
3761,train,cars_train:03762.jpg
3762,train,cars_train:03763.jpg
3764,train,cars_train:03765.jpg
3766,train,cars_train:03767.jpg
3767,train,cars_train:03768.jpg
3768,train,cars_train:03769.jpg
3769,train,cars_train:03770.jpg
3770,train,cars_train:03771.jpg
3771,train,cars_train:03772.jpg
3776,train,cars_train:03777.jpg
3777,train,cars_train:03778.jpg
3778,train,cars_train:03779.jpg
3779,train,cars_train:03780.jpg
3780,train,cars_train:03781.jpg
3781,train,cars_train:03782.jpg
3782,train,cars_train:03783.jpg
3783,train,cars_train:03784.jpg
3785,train,cars_train:03786.jpg
3786,train,cars_train:03787.jpg
3787,train,cars_train:03788.jpg
3788,train,cars_train:03789.jpg
3789,train,cars_train:03790.jpg
3790,train,cars_train:03791.jpg
3791,train,cars_train:03792.jpg
3793,train,cars_train:03794.jpg
3795,train,cars_train:03796.jpg
3796,train,cars_train:03797.jpg
3797,train,cars_train:03798.jpg
3798,train,cars_train:03799.jpg
3799,train,cars_train:03800.jpg
3800,train,cars_train:03801.jpg
3801,train,cars_train:03802.jpg
3805,train,cars_train:03806.jpg
3806,train,cars_train:03807.jpg
3807,train,cars_train:03808.jpg
3808,train,cars_train:03809.jpg
3809,train,cars_train:03810.jpg
3811,train,cars_train:03812.jpg
3812,train,cars_train:03813.jpg
3813,train,cars_train:03814.jpg
3814,train,cars_train:03815.jpg
3815,train,cars_train:03816.jpg
3816,train,cars_train:03817.jpg
3817,train,cars_train:03818.jpg
3818,train,cars_train:03819.jpg
3819,train,cars_train:03820.jpg
3821,train,cars_train:03822.jpg
3822,train,cars_train:03823.jpg
3824,train,cars_train:03825.jpg
3825,train,cars_train:03826.jpg
3826,train,cars_train:03827.jpg
3827,train,cars_train:03828.jpg
3828,train,cars_train:03829.jpg
3830,train,cars_train:03831.jpg
3831,train,cars_train:03832.jpg
3833,train,cars_train:03834.jpg
3834,train,cars_train:03835.jpg
3835,train,cars_train:03836.jpg
3836,train,cars_train:03837.jpg
3837,train,cars_train:03838.jpg
3838,train,cars_train:03839.jpg
3840,train,cars_train:03841.jpg
3841,train,cars_train:03842.jpg
3842,train,cars_train:03843.jpg
3843,train,cars_train:03844.jpg
3844,train,cars_train:03845.jpg
3846,train,cars_train:03847.jpg
3847,train,cars_train:03848.jpg
3848,train,cars_train:03849.jpg
3850,train,cars_train:03851.jpg
3851,train,cars_train:03852.jpg
3852,train,cars_train:03853.jpg
3853,train,cars_train:03854.jpg
3857,train,cars_train:03858.jpg
3860,train,cars_train:03861.jpg
3861,train,cars_train:03862.jpg
3863,train,cars_train:03864.jpg
3864,train,cars_train:03865.jpg
3865,train,cars_train:03866.jpg
3867,train,cars_train:03868.jpg
3869,train,cars_train:03870.jpg
3872,train,cars_train:03873.jpg
3873,train,cars_train:03874.jpg
3874,train,cars_train:03875.jpg
3876,train,cars_train:03877.jpg
3877,train,cars_train:03878.jpg
3878,train,cars_train:03879.jpg
3879,train,cars_train:03880.jpg
3881,train,cars_train:03882.jpg
3882,train,cars_train:03883.jpg
3886,train,cars_train:03887.jpg
3887,train,cars_train:03888.jpg
3888,train,cars_train:03889.jpg
3889,train,cars_train:03890.jpg
3890,train,cars_train:03891.jpg
3894,train,cars_train:03895.jpg
3895,train,cars_train:03896.jpg
3896,train,cars_train:03897.jpg
3897,train,cars_train:03898.jpg
3899,train,cars_train:03900.jpg
3900,train,cars_train:03901.jpg
3901,train,cars_train:03902.jpg
3902,train,cars_train:03903.jpg
3903,train,cars_train:03904.jpg
3904,train,cars_train:03905.jpg
3905,train,cars_train:03906.jpg
3906,train,cars_train:03907.jpg
3907,train,cars_train:03908.jpg
3908,train,cars_train:03909.jpg
3910,train,cars_train:03911.jpg
3911,train,cars_train:03912.jpg
3914,train,cars_train:03915.jpg
3916,train,cars_train:03917.jpg
3917,train,cars_train:03918.jpg
3918,train,cars_train:03919.jpg
3920,train,cars_train:03921.jpg
3921,train,cars_train:03922.jpg
3922,train,cars_train:03923.jpg
3925,train,cars_train:03926.jpg
3927,train,cars_train:03928.jpg
3928,train,cars_train:03929.jpg
3929,train,cars_train:03930.jpg
3931,train,cars_train:03932.jpg
3932,train,cars_train:03933.jpg
3933,train,cars_train:03934.jpg
3936,train,cars_train:03937.jpg
3937,train,cars_train:03938.jpg
3938,train,cars_train:03939.jpg
3939,train,cars_train:03940.jpg
3940,train,cars_train:03941.jpg
3941,train,cars_train:03942.jpg
3942,train,cars_train:03943.jpg
3943,train,cars_train:03944.jpg
3944,train,cars_train:03945.jpg
3945,train,cars_train:03946.jpg
3947,train,cars_train:03948.jpg
3948,train,cars_train:03949.jpg
3949,train,cars_train:03950.jpg
3950,train,cars_train:03951.jpg
3951,train,cars_train:03952.jpg
3952,train,cars_train:03953.jpg
3954,train,cars_train:03955.jpg
3955,train,cars_train:03956.jpg
3956,train,cars_train:03957.jpg
3957,train,cars_train:03958.jpg
3958,train,cars_train:03959.jpg
3959,train,cars_train:03960.jpg
3960,train,cars_train:03961.jpg
3961,train,cars_train:03962.jpg
3962,train,cars_train:03963.jpg
3963,train,cars_train:03964.jpg
3964,train,cars_train:03965.jpg
3968,train,cars_train:03969.jpg
3970,train,cars_train:03971.jpg
3971,train,cars_train:03972.jpg
3972,train,cars_train:03973.jpg
3973,train,cars_train:03974.jpg
3974,train,cars_train:03975.jpg
3975,train,cars_train:03976.jpg
3976,train,cars_train:03977.jpg
3977,train,cars_train:03978.jpg
3978,train,cars_train:03979.jpg
3979,train,cars_train:03980.jpg
3980,train,cars_train:03981.jpg
3981,train,cars_train:03982.jpg
3982,train,cars_train:03983.jpg
3983,train,cars_train:03984.jpg
3984,train,cars_train:03985.jpg
3985,train,cars_train:03986.jpg
3988,train,cars_train:03989.jpg
3989,train,cars_train:03990.jpg
3991,train,cars_train:03992.jpg
3992,train,cars_train:03993.jpg
3995,train,cars_train:03996.jpg
3996,train,cars_train:03997.jpg
3997,train,cars_train:03998.jpg
3998,train,cars_train:03999.jpg
3999,train,cars_train:04000.jpg
4000,train,cars_train:04001.jpg
4004,train,cars_train:04005.jpg
4005,train,cars_train:04006.jpg
4006,train,cars_train:04007.jpg
4007,train,cars_train:04008.jpg
4008,train,cars_train:04009.jpg
4010,train,cars_train:04011.jpg
4011,train,cars_train:04012.jpg
4013,train,cars_train:04014.jpg
4014,train,cars_train:04015.jpg
4016,train,cars_train:04017.jpg
4018,train,cars_train:04019.jpg
4019,train,cars_train:04020.jpg
4020,train,cars_train:04021.jpg
4021,train,cars_train:04022.jpg
4022,train,cars_train:04023.jpg
4023,train,cars_train:04024.jpg
4024,train,cars_train:04025.jpg
4027,train,cars_train:04028.jpg
4028,train,cars_train:04029.jpg
4029,train,cars_train:04030.jpg
4030,train,cars_train:04031.jpg
4031,train,cars_train:04032.jpg
4032,train,cars_train:04033.jpg
4033,train,cars_train:04034.jpg
4034,train,cars_train:04035.jpg
4035,train,cars_train:04036.jpg
4039,train,cars_train:04040.jpg
4040,train,cars_train:04041.jpg
4041,train,cars_train:04042.jpg
4042,train,cars_train:04043.jpg
4043,train,cars_train:04044.jpg
4044,train,cars_train:04045.jpg
4045,train,cars_train:04046.jpg
4046,train,cars_train:04047.jpg
4047,train,cars_train:04048.jpg
4048,train,cars_train:04049.jpg
4051,train,cars_train:04052.jpg
4053,train,cars_train:04054.jpg
4055,train,cars_train:04056.jpg
4056,train,cars_train:04057.jpg
4057,train,cars_train:04058.jpg
4058,train,cars_train:04059.jpg
4061,train,cars_train:04062.jpg
4062,train,cars_train:04063.jpg
4065,train,cars_train:04066.jpg
4066,train,cars_train:04067.jpg
4067,train,cars_train:04068.jpg
4069,train,cars_train:04070.jpg
4070,train,cars_train:04071.jpg
4071,train,cars_train:04072.jpg
4072,train,cars_train:04073.jpg
4073,train,cars_train:04074.jpg
4074,train,cars_train:04075.jpg
4075,train,cars_train:04076.jpg
4076,train,cars_train:04077.jpg
4077,train,cars_train:04078.jpg
4080,train,cars_train:04081.jpg
4081,train,cars_train:04082.jpg
4082,train,cars_train:04083.jpg
4083,train,cars_train:04084.jpg
4084,train,cars_train:04085.jpg
4085,train,cars_train:04086.jpg
4086,train,cars_train:04087.jpg
4087,train,cars_train:04088.jpg
4088,train,cars_train:04089.jpg
4090,train,cars_train:04091.jpg
4091,train,cars_train:04092.jpg
4092,train,cars_train:04093.jpg
4093,train,cars_train:04094.jpg
4094,train,cars_train:04095.jpg
4095,train,cars_train:04096.jpg
4096,train,cars_train:04097.jpg
4097,train,cars_train:04098.jpg
4098,train,cars_train:04099.jpg
4099,train,cars_train:04100.jpg
4100,train,cars_train:04101.jpg
4101,train,cars_train:04102.jpg
4103,train,cars_train:04104.jpg
4106,train,cars_train:04107.jpg
4107,train,cars_train:04108.jpg
4108,train,cars_train:04109.jpg
4109,train,cars_train:04110.jpg
4110,train,cars_train:04111.jpg
4111,train,cars_train:04112.jpg
4112,train,cars_train:04113.jpg
4114,train,cars_train:04115.jpg
4115,train,cars_train:04116.jpg
4116,train,cars_train:04117.jpg
4117,train,cars_train:04118.jpg
4118,train,cars_train:04119.jpg
4119,train,cars_train:04120.jpg
4120,train,cars_train:04121.jpg
4121,train,cars_train:04122.jpg
4123,train,cars_train:04124.jpg
4125,train,cars_train:04126.jpg
4126,train,cars_train:04127.jpg
4127,train,cars_train:04128.jpg
4128,train,cars_train:04129.jpg
4129,train,cars_train:04130.jpg
4130,train,cars_train:04131.jpg
4131,train,cars_train:04132.jpg
4132,train,cars_train:04133.jpg
4134,train,cars_train:04135.jpg
4135,train,cars_train:04136.jpg
4136,train,cars_train:04137.jpg
4137,train,cars_train:04138.jpg
4139,train,cars_train:04140.jpg
4140,train,cars_train:04141.jpg
4141,train,cars_train:04142.jpg
4143,train,cars_train:04144.jpg
4144,train,cars_train:04145.jpg
4145,train,cars_train:04146.jpg
4148,train,cars_train:04149.jpg
4149,train,cars_train:04150.jpg
4150,train,cars_train:04151.jpg
4151,train,cars_train:04152.jpg
4152,train,cars_train:04153.jpg
4153,train,cars_train:04154.jpg
4154,train,cars_train:04155.jpg
4158,train,cars_train:04159.jpg
4160,train,cars_train:04161.jpg
4162,train,cars_train:04163.jpg
4163,train,cars_train:04164.jpg
4165,train,cars_train:04166.jpg
4166,train,cars_train:04167.jpg
4167,train,cars_train:04168.jpg
4168,train,cars_train:04169.jpg
4169,train,cars_train:04170.jpg
4170,train,cars_train:04171.jpg
4172,train,cars_train:04173.jpg
4173,train,cars_train:04174.jpg
4174,train,cars_train:04175.jpg
4175,train,cars_train:04176.jpg
4176,train,cars_train:04177.jpg
4177,train,cars_train:04178.jpg
4178,train,cars_train:04179.jpg
4179,train,cars_train:04180.jpg
4180,train,cars_train:04181.jpg
4181,train,cars_train:04182.jpg
4182,train,cars_train:04183.jpg
4183,train,cars_train:04184.jpg
4184,train,cars_train:04185.jpg
4185,train,cars_train:04186.jpg
4186,train,cars_train:04187.jpg
4187,train,cars_train:04188.jpg
4188,train,cars_train:04189.jpg
4189,train,cars_train:04190.jpg
4191,train,cars_train:04192.jpg
4192,train,cars_train:04193.jpg
4193,train,cars_train:04194.jpg
4194,train,cars_train:04195.jpg
4195,train,cars_train:04196.jpg
4197,train,cars_train:04198.jpg
4199,train,cars_train:04200.jpg
4200,train,cars_train:04201.jpg
4201,train,cars_train:04202.jpg
4203,train,cars_train:04204.jpg
4204,train,cars_train:04205.jpg
4205,train,cars_train:04206.jpg
4206,train,cars_train:04207.jpg
4207,train,cars_train:04208.jpg
4208,train,cars_train:04209.jpg
4209,train,cars_train:04210.jpg
4210,train,cars_train:04211.jpg
4214,train,cars_train:04215.jpg
4215,train,cars_train:04216.jpg
4216,train,cars_train:04217.jpg
4217,train,cars_train:04218.jpg
4219,train,cars_train:04220.jpg
4220,train,cars_train:04221.jpg
4221,train,cars_train:04222.jpg
4222,train,cars_train:04223.jpg
4223,train,cars_train:04224.jpg
4224,train,cars_train:04225.jpg
4225,train,cars_train:04226.jpg
4227,train,cars_train:04228.jpg
4228,train,cars_train:04229.jpg
4229,train,cars_train:04230.jpg
4231,train,cars_train:04232.jpg
4232,train,cars_train:04233.jpg
4233,train,cars_train:04234.jpg
4234,train,cars_train:04235.jpg
4235,train,cars_train:04236.jpg
4236,train,cars_train:04237.jpg
4237,train,cars_train:04238.jpg
4238,train,cars_train:04239.jpg
4239,train,cars_train:04240.jpg
4240,train,cars_train:04241.jpg
4241,train,cars_train:04242.jpg
4242,train,cars_train:04243.jpg
4243,train,cars_train:04244.jpg
4244,train,cars_train:04245.jpg
4245,train,cars_train:04246.jpg
4246,train,cars_train:04247.jpg
4247,train,cars_train:04248.jpg
4248,train,cars_train:04249.jpg
4249,train,cars_train:04250.jpg
4250,train,cars_train:04251.jpg
4251,train,cars_train:04252.jpg
4252,train,cars_train:04253.jpg
4253,train,cars_train:04254.jpg
4254,train,cars_train:04255.jpg
4255,train,cars_train:04256.jpg
4256,train,cars_train:04257.jpg
4257,train,cars_train:04258.jpg
4259,train,cars_train:04260.jpg
4260,train,cars_train:04261.jpg
4261,train,cars_train:04262.jpg
4262,train,cars_train:04263.jpg
4263,train,cars_train:04264.jpg
4264,train,cars_train:04265.jpg
4265,train,cars_train:04266.jpg
4267,train,cars_train:04268.jpg
4268,train,cars_train:04269.jpg
4269,train,cars_train:04270.jpg
4271,train,cars_train:04272.jpg
4275,train,cars_train:04276.jpg
4276,train,cars_train:04277.jpg
4277,train,cars_train:04278.jpg
4279,train,cars_train:04280.jpg
4280,train,cars_train:04281.jpg
4281,train,cars_train:04282.jpg
4283,train,cars_train:04284.jpg
4284,train,cars_train:04285.jpg
4285,train,cars_train:04286.jpg
4286,train,cars_train:04287.jpg
4287,train,cars_train:04288.jpg
4288,train,cars_train:04289.jpg
4290,train,cars_train:04291.jpg
4291,train,cars_train:04292.jpg
4292,train,cars_train:04293.jpg
4293,train,cars_train:04294.jpg
4294,train,cars_train:04295.jpg
4295,train,cars_train:04296.jpg
4296,train,cars_train:04297.jpg
4297,train,cars_train:04298.jpg
4298,train,cars_train:04299.jpg
4300,train,cars_train:04301.jpg
4301,train,cars_train:04302.jpg
4303,train,cars_train:04304.jpg
4304,train,cars_train:04305.jpg
4305,train,cars_train:04306.jpg
4308,train,cars_train:04309.jpg
4310,train,cars_train:04311.jpg
4311,train,cars_train:04312.jpg
4312,train,cars_train:04313.jpg
4313,train,cars_train:04314.jpg
4315,train,cars_train:04316.jpg
4316,train,cars_train:04317.jpg
4317,train,cars_train:04318.jpg
4320,train,cars_train:04321.jpg
4321,train,cars_train:04322.jpg
4322,train,cars_train:04323.jpg
4323,train,cars_train:04324.jpg
4324,train,cars_train:04325.jpg
4326,train,cars_train:04327.jpg
4327,train,cars_train:04328.jpg
4328,train,cars_train:04329.jpg
4330,train,cars_train:04331.jpg
4331,train,cars_train:04332.jpg
4332,train,cars_train:04333.jpg
4333,train,cars_train:04334.jpg
4335,train,cars_train:04336.jpg
4336,train,cars_train:04337.jpg
4337,train,cars_train:04338.jpg
4338,train,cars_train:04339.jpg
4339,train,cars_train:04340.jpg
4340,train,cars_train:04341.jpg
4341,train,cars_train:04342.jpg
4342,train,cars_train:04343.jpg
4344,train,cars_train:04345.jpg
4345,train,cars_train:04346.jpg
4346,train,cars_train:04347.jpg
4347,train,cars_train:04348.jpg
4348,train,cars_train:04349.jpg
4349,train,cars_train:04350.jpg
4350,train,cars_train:04351.jpg
4351,train,cars_train:04352.jpg
4352,train,cars_train:04353.jpg
4353,train,cars_train:04354.jpg
4354,train,cars_train:04355.jpg
4356,train,cars_train:04357.jpg
4357,train,cars_train:04358.jpg
4358,train,cars_train:04359.jpg
4359,train,cars_train:04360.jpg
4361,train,cars_train:04362.jpg
4362,train,cars_train:04363.jpg
4363,train,cars_train:04364.jpg
4365,train,cars_train:04366.jpg
4366,train,cars_train:04367.jpg
4367,train,cars_train:04368.jpg
4368,train,cars_train:04369.jpg
4369,train,cars_train:04370.jpg
4372,train,cars_train:04373.jpg
4373,train,cars_train:04374.jpg
4374,train,cars_train:04375.jpg
4375,train,cars_train:04376.jpg
4378,train,cars_train:04379.jpg
4379,train,cars_train:04380.jpg
4380,train,cars_train:04381.jpg
4381,train,cars_train:04382.jpg
4382,train,cars_train:04383.jpg
4383,train,cars_train:04384.jpg
4384,train,cars_train:04385.jpg
4385,train,cars_train:04386.jpg
4386,train,cars_train:04387.jpg
4387,train,cars_train:04388.jpg
4388,train,cars_train:04389.jpg
4389,train,cars_train:04390.jpg
4391,train,cars_train:04392.jpg
4393,train,cars_train:04394.jpg
4394,train,cars_train:04395.jpg
4395,train,cars_train:04396.jpg
4397,train,cars_train:04398.jpg
4398,train,cars_train:04399.jpg
4399,train,cars_train:04400.jpg
4400,train,cars_train:04401.jpg
4401,train,cars_train:04402.jpg
4402,train,cars_train:04403.jpg
4403,train,cars_train:04404.jpg
4404,train,cars_train:04405.jpg
4405,train,cars_train:04406.jpg
4406,train,cars_train:04407.jpg
4408,train,cars_train:04409.jpg
4409,train,cars_train:04410.jpg
4410,train,cars_train:04411.jpg
4411,train,cars_train:04412.jpg
4412,train,cars_train:04413.jpg
4413,train,cars_train:04414.jpg
4414,train,cars_train:04415.jpg
4416,train,cars_train:04417.jpg
4417,train,cars_train:04418.jpg
4419,train,cars_train:04420.jpg
4421,train,cars_train:04422.jpg
4422,train,cars_train:04423.jpg
4423,train,cars_train:04424.jpg
4424,train,cars_train:04425.jpg
4425,train,cars_train:04426.jpg
4426,train,cars_train:04427.jpg
4427,train,cars_train:04428.jpg
4428,train,cars_train:04429.jpg
4429,train,cars_train:04430.jpg
4431,train,cars_train:04432.jpg
4432,train,cars_train:04433.jpg
4433,train,cars_train:04434.jpg
4434,train,cars_train:04435.jpg
4435,train,cars_train:04436.jpg
4439,train,cars_train:04440.jpg
4440,train,cars_train:04441.jpg
4442,train,cars_train:04443.jpg
4443,train,cars_train:04444.jpg
4444,train,cars_train:04445.jpg
4445,train,cars_train:04446.jpg
4447,train,cars_train:04448.jpg
4450,train,cars_train:04451.jpg
4452,train,cars_train:04453.jpg
4453,train,cars_train:04454.jpg
4454,train,cars_train:04455.jpg
4455,train,cars_train:04456.jpg
4456,train,cars_train:04457.jpg
4458,train,cars_train:04459.jpg
4459,train,cars_train:04460.jpg
4460,train,cars_train:04461.jpg
4461,train,cars_train:04462.jpg
4462,train,cars_train:04463.jpg
4463,train,cars_train:04464.jpg
4465,train,cars_train:04466.jpg
4467,train,cars_train:04468.jpg
4469,train,cars_train:04470.jpg
4470,train,cars_train:04471.jpg
4471,train,cars_train:04472.jpg
4472,train,cars_train:04473.jpg
4473,train,cars_train:04474.jpg
4474,train,cars_train:04475.jpg
4475,train,cars_train:04476.jpg
4477,train,cars_train:04478.jpg
4479,train,cars_train:04480.jpg
4480,train,cars_train:04481.jpg
4481,train,cars_train:04482.jpg
4482,train,cars_train:04483.jpg
4483,train,cars_train:04484.jpg
4484,train,cars_train:04485.jpg
4485,train,cars_train:04486.jpg
4486,train,cars_train:04487.jpg
4487,train,cars_train:04488.jpg
4488,train,cars_train:04489.jpg
4489,train,cars_train:04490.jpg
4492,train,cars_train:04493.jpg
4493,train,cars_train:04494.jpg
4496,train,cars_train:04497.jpg
4498,train,cars_train:04499.jpg
4499,train,cars_train:04500.jpg
4501,train,cars_train:04502.jpg
4502,train,cars_train:04503.jpg
4503,train,cars_train:04504.jpg
4504,train,cars_train:04505.jpg
4505,train,cars_train:04506.jpg
4506,train,cars_train:04507.jpg
4507,train,cars_train:04508.jpg
4508,train,cars_train:04509.jpg
4509,train,cars_train:04510.jpg
4510,train,cars_train:04511.jpg
4511,train,cars_train:04512.jpg
4512,train,cars_train:04513.jpg
4513,train,cars_train:04514.jpg
4514,train,cars_train:04515.jpg
4516,train,cars_train:04517.jpg
4518,train,cars_train:04519.jpg
4519,train,cars_train:04520.jpg
4520,train,cars_train:04521.jpg
4521,train,cars_train:04522.jpg
4522,train,cars_train:04523.jpg
4523,train,cars_train:04524.jpg
4524,train,cars_train:04525.jpg
4525,train,cars_train:04526.jpg
4526,train,cars_train:04527.jpg
4527,train,cars_train:04528.jpg
4528,train,cars_train:04529.jpg
4529,train,cars_train:04530.jpg
4530,train,cars_train:04531.jpg
4531,train,cars_train:04532.jpg
4534,train,cars_train:04535.jpg
4535,train,cars_train:04536.jpg
4536,train,cars_train:04537.jpg
4539,train,cars_train:04540.jpg
4541,train,cars_train:04542.jpg
4542,train,cars_train:04543.jpg
4543,train,cars_train:04544.jpg
4544,train,cars_train:04545.jpg
4547,train,cars_train:04548.jpg
4548,train,cars_train:04549.jpg
4549,train,cars_train:04550.jpg
4550,train,cars_train:04551.jpg
4551,train,cars_train:04552.jpg
4553,train,cars_train:04554.jpg
4554,train,cars_train:04555.jpg
4555,train,cars_train:04556.jpg
4556,train,cars_train:04557.jpg
4557,train,cars_train:04558.jpg
4559,train,cars_train:04560.jpg
4561,train,cars_train:04562.jpg
4562,train,cars_train:04563.jpg
4564,train,cars_train:04565.jpg
4565,train,cars_train:04566.jpg
4566,train,cars_train:04567.jpg
4568,train,cars_train:04569.jpg
4569,train,cars_train:04570.jpg
4570,train,cars_train:04571.jpg
4572,train,cars_train:04573.jpg
4573,train,cars_train:04574.jpg
4574,train,cars_train:04575.jpg
4575,train,cars_train:04576.jpg
4576,train,cars_train:04577.jpg
4577,train,cars_train:04578.jpg
4579,train,cars_train:04580.jpg
4580,train,cars_train:04581.jpg
4582,train,cars_train:04583.jpg
4583,train,cars_train:04584.jpg
4584,train,cars_train:04585.jpg
4585,train,cars_train:04586.jpg
4586,train,cars_train:04587.jpg
4587,train,cars_train:04588.jpg
4588,train,cars_train:04589.jpg
4589,train,cars_train:04590.jpg
4590,train,cars_train:04591.jpg
4591,train,cars_train:04592.jpg
4592,train,cars_train:04593.jpg
4593,train,cars_train:04594.jpg
4594,train,cars_train:04595.jpg
4595,train,cars_train:04596.jpg
4596,train,cars_train:04597.jpg
4598,train,cars_train:04599.jpg
4600,train,cars_train:04601.jpg
4601,train,cars_train:04602.jpg
4602,train,cars_train:04603.jpg
4604,train,cars_train:04605.jpg
4605,train,cars_train:04606.jpg
4606,train,cars_train:04607.jpg
4607,train,cars_train:04608.jpg
4608,train,cars_train:04609.jpg
4609,train,cars_train:04610.jpg
4610,train,cars_train:04611.jpg
4611,train,cars_train:04612.jpg
4612,train,cars_train:04613.jpg
4613,train,cars_train:04614.jpg
4614,train,cars_train:04615.jpg
4615,train,cars_train:04616.jpg
4618,train,cars_train:04619.jpg
4621,train,cars_train:04622.jpg
4623,train,cars_train:04624.jpg
4624,train,cars_train:04625.jpg
4626,train,cars_train:04627.jpg
4627,train,cars_train:04628.jpg
4628,train,cars_train:04629.jpg
4629,train,cars_train:04630.jpg
4630,train,cars_train:04631.jpg
4632,train,cars_train:04633.jpg
4633,train,cars_train:04634.jpg
4636,train,cars_train:04637.jpg
4638,train,cars_train:04639.jpg
4639,train,cars_train:04640.jpg
4641,train,cars_train:04642.jpg
4642,train,cars_train:04643.jpg
4643,train,cars_train:04644.jpg
4644,train,cars_train:04645.jpg
4646,train,cars_train:04647.jpg
4647,train,cars_train:04648.jpg
4648,train,cars_train:04649.jpg
4649,train,cars_train:04650.jpg
4651,train,cars_train:04652.jpg
4652,train,cars_train:04653.jpg
4653,train,cars_train:04654.jpg
4654,train,cars_train:04655.jpg
4655,train,cars_train:04656.jpg
4656,train,cars_train:04657.jpg
4657,train,cars_train:04658.jpg
4659,train,cars_train:04660.jpg
4660,train,cars_train:04661.jpg
4661,train,cars_train:04662.jpg
4662,train,cars_train:04663.jpg
4663,train,cars_train:04664.jpg
4664,train,cars_train:04665.jpg
4665,train,cars_train:04666.jpg
4666,train,cars_train:04667.jpg
4667,train,cars_train:04668.jpg
4669,train,cars_train:04670.jpg
4670,train,cars_train:04671.jpg
4671,train,cars_train:04672.jpg
4674,train,cars_train:04675.jpg
4675,train,cars_train:04676.jpg
4676,train,cars_train:04677.jpg
4677,train,cars_train:04678.jpg
4678,train,cars_train:04679.jpg
4679,train,cars_train:04680.jpg
4680,train,cars_train:04681.jpg
4681,train,cars_train:04682.jpg
4682,train,cars_train:04683.jpg
4683,train,cars_train:04684.jpg
4687,train,cars_train:04688.jpg
4688,train,cars_train:04689.jpg
4691,train,cars_train:04692.jpg
4692,train,cars_train:04693.jpg
4693,train,cars_train:04694.jpg
4694,train,cars_train:04695.jpg
4695,train,cars_train:04696.jpg
4696,train,cars_train:04697.jpg
4697,train,cars_train:04698.jpg
4698,train,cars_train:04699.jpg
4699,train,cars_train:04700.jpg
4700,train,cars_train:04701.jpg
4701,train,cars_train:04702.jpg
4702,train,cars_train:04703.jpg
4703,train,cars_train:04704.jpg
4704,train,cars_train:04705.jpg
4705,train,cars_train:04706.jpg
4706,train,cars_train:04707.jpg
4708,train,cars_train:04709.jpg
4709,train,cars_train:04710.jpg
4710,train,cars_train:04711.jpg
4711,train,cars_train:04712.jpg
4712,train,cars_train:04713.jpg
4714,train,cars_train:04715.jpg
4715,train,cars_train:04716.jpg
4716,train,cars_train:04717.jpg
4717,train,cars_train:04718.jpg
4718,train,cars_train:04719.jpg
4719,train,cars_train:04720.jpg
4720,train,cars_train:04721.jpg
4721,train,cars_train:04722.jpg
4723,train,cars_train:04724.jpg
4724,train,cars_train:04725.jpg
4725,train,cars_train:04726.jpg
4726,train,cars_train:04727.jpg
4727,train,cars_train:04728.jpg
4728,train,cars_train:04729.jpg
4730,train,cars_train:04731.jpg
4731,train,cars_train:04732.jpg
4733,train,cars_train:04734.jpg
4734,train,cars_train:04735.jpg
4735,train,cars_train:04736.jpg
4736,train,cars_train:04737.jpg
4737,train,cars_train:04738.jpg
4738,train,cars_train:04739.jpg
4741,train,cars_train:04742.jpg
4742,train,cars_train:04743.jpg
4744,train,cars_train:04745.jpg
4745,train,cars_train:04746.jpg
4746,train,cars_train:04747.jpg
4747,train,cars_train:04748.jpg
4748,train,cars_train:04749.jpg
4749,train,cars_train:04750.jpg
4751,train,cars_train:04752.jpg
4752,train,cars_train:04753.jpg
4753,train,cars_train:04754.jpg
4754,train,cars_train:04755.jpg
4755,train,cars_train:04756.jpg
4756,train,cars_train:04757.jpg
4757,train,cars_train:04758.jpg
4758,train,cars_train:04759.jpg
4760,train,cars_train:04761.jpg
4761,train,cars_train:04762.jpg
4763,train,cars_train:04764.jpg
4765,train,cars_train:04766.jpg
4766,train,cars_train:04767.jpg
4767,train,cars_train:04768.jpg
4770,train,cars_train:04771.jpg
4771,train,cars_train:04772.jpg
4772,train,cars_train:04773.jpg
4773,train,cars_train:04774.jpg
4774,train,cars_train:04775.jpg
4775,train,cars_train:04776.jpg
4779,train,cars_train:04780.jpg
4780,train,cars_train:04781.jpg
4782,train,cars_train:04783.jpg
4784,train,cars_train:04785.jpg
4786,train,cars_train:04787.jpg
4787,train,cars_train:04788.jpg
4788,train,cars_train:04789.jpg
4789,train,cars_train:04790.jpg
4790,train,cars_train:04791.jpg
4791,train,cars_train:04792.jpg
4792,train,cars_train:04793.jpg
4795,train,cars_train:04796.jpg
4796,train,cars_train:04797.jpg
4797,train,cars_train:04798.jpg
4798,train,cars_train:04799.jpg
4799,train,cars_train:04800.jpg
4800,train,cars_train:04801.jpg
4802,train,cars_train:04803.jpg
4805,train,cars_train:04806.jpg
4806,train,cars_train:04807.jpg
4807,train,cars_train:04808.jpg
4808,train,cars_train:04809.jpg
4809,train,cars_train:04810.jpg
4810,train,cars_train:04811.jpg
4812,train,cars_train:04813.jpg
4814,train,cars_train:04815.jpg
4815,train,cars_train:04816.jpg
4816,train,cars_train:04817.jpg
4817,train,cars_train:04818.jpg
4818,train,cars_train:04819.jpg
4819,train,cars_train:04820.jpg
4820,train,cars_train:04821.jpg
4822,train,cars_train:04823.jpg
4824,train,cars_train:04825.jpg
4825,train,cars_train:04826.jpg
4826,train,cars_train:04827.jpg
4827,train,cars_train:04828.jpg
4828,train,cars_train:04829.jpg
4829,train,cars_train:04830.jpg
4830,train,cars_train:04831.jpg
4831,train,cars_train:04832.jpg
4832,train,cars_train:04833.jpg
4833,train,cars_train:04834.jpg
4834,train,cars_train:04835.jpg
4835,train,cars_train:04836.jpg
4836,train,cars_train:04837.jpg
4837,train,cars_train:04838.jpg
4838,train,cars_train:04839.jpg
4839,train,cars_train:04840.jpg
4840,train,cars_train:04841.jpg
4841,train,cars_train:04842.jpg
4842,train,cars_train:04843.jpg
4843,train,cars_train:04844.jpg
4846,train,cars_train:04847.jpg
4847,train,cars_train:04848.jpg
4848,train,cars_train:04849.jpg
4849,train,cars_train:04850.jpg
4850,train,cars_train:04851.jpg
4851,train,cars_train:04852.jpg
4855,train,cars_train:04856.jpg
4856,train,cars_train:04857.jpg
4857,train,cars_train:04858.jpg
4858,train,cars_train:04859.jpg
4859,train,cars_train:04860.jpg
4860,train,cars_train:04861.jpg
4863,train,cars_train:04864.jpg
4864,train,cars_train:04865.jpg
4866,train,cars_train:04867.jpg
4867,train,cars_train:04868.jpg
4868,train,cars_train:04869.jpg
4870,train,cars_train:04871.jpg
4871,train,cars_train:04872.jpg
4873,train,cars_train:04874.jpg
4874,train,cars_train:04875.jpg
4875,train,cars_train:04876.jpg
4877,train,cars_train:04878.jpg
4878,train,cars_train:04879.jpg
4879,train,cars_train:04880.jpg
4880,train,cars_train:04881.jpg
4881,train,cars_train:04882.jpg
4882,train,cars_train:04883.jpg
4883,train,cars_train:04884.jpg
4884,train,cars_train:04885.jpg
4885,train,cars_train:04886.jpg
4886,train,cars_train:04887.jpg
4887,train,cars_train:04888.jpg
4888,train,cars_train:04889.jpg
4889,train,cars_train:04890.jpg
4890,train,cars_train:04891.jpg
4891,train,cars_train:04892.jpg
4893,train,cars_train:04894.jpg
4894,train,cars_train:04895.jpg
4895,train,cars_train:04896.jpg
4896,train,cars_train:04897.jpg
4897,train,cars_train:04898.jpg
4899,train,cars_train:04900.jpg
4900,train,cars_train:04901.jpg
4901,train,cars_train:04902.jpg
4903,train,cars_train:04904.jpg
4904,train,cars_train:04905.jpg
4905,train,cars_train:04906.jpg
4906,train,cars_train:04907.jpg
4907,train,cars_train:04908.jpg
4908,train,cars_train:04909.jpg
4909,train,cars_train:04910.jpg
4910,train,cars_train:04911.jpg
4911,train,cars_train:04912.jpg
4912,train,cars_train:04913.jpg
4913,train,cars_train:04914.jpg
4915,train,cars_train:04916.jpg
4917,train,cars_train:04918.jpg
4918,train,cars_train:04919.jpg
4919,train,cars_train:04920.jpg
4920,train,cars_train:04921.jpg
4921,train,cars_train:04922.jpg
4922,train,cars_train:04923.jpg
4923,train,cars_train:04924.jpg
4924,train,cars_train:04925.jpg
4925,train,cars_train:04926.jpg
4927,train,cars_train:04928.jpg
4928,train,cars_train:04929.jpg
4929,train,cars_train:04930.jpg
4931,train,cars_train:04932.jpg
4932,train,cars_train:04933.jpg
4933,train,cars_train:04934.jpg
4934,train,cars_train:04935.jpg
4935,train,cars_train:04936.jpg
4937,train,cars_train:04938.jpg
4938,train,cars_train:04939.jpg
4940,train,cars_train:04941.jpg
4941,train,cars_train:04942.jpg
4943,train,cars_train:04944.jpg
4944,train,cars_train:04945.jpg
4946,train,cars_train:04947.jpg
4947,train,cars_train:04948.jpg
4948,train,cars_train:04949.jpg
4951,train,cars_train:04952.jpg
4952,train,cars_train:04953.jpg
4953,train,cars_train:04954.jpg
4954,train,cars_train:04955.jpg
4955,train,cars_train:04956.jpg
4956,train,cars_train:04957.jpg
4957,train,cars_train:04958.jpg
4959,train,cars_train:04960.jpg
4960,train,cars_train:04961.jpg
4961,train,cars_train:04962.jpg
4962,train,cars_train:04963.jpg
4963,train,cars_train:04964.jpg
4964,train,cars_train:04965.jpg
4966,train,cars_train:04967.jpg
4968,train,cars_train:04969.jpg
4969,train,cars_train:04970.jpg
4970,train,cars_train:04971.jpg
4971,train,cars_train:04972.jpg
4973,train,cars_train:04974.jpg
4974,train,cars_train:04975.jpg
4975,train,cars_train:04976.jpg
4976,train,cars_train:04977.jpg
4978,train,cars_train:04979.jpg
4979,train,cars_train:04980.jpg
4981,train,cars_train:04982.jpg
4982,train,cars_train:04983.jpg
4985,train,cars_train:04986.jpg
4986,train,cars_train:04987.jpg
4987,train,cars_train:04988.jpg
4988,train,cars_train:04989.jpg
4989,train,cars_train:04990.jpg
4991,train,cars_train:04992.jpg
4992,train,cars_train:04993.jpg
4993,train,cars_train:04994.jpg
4994,train,cars_train:04995.jpg
4995,train,cars_train:04996.jpg
4996,train,cars_train:04997.jpg
4997,train,cars_train:04998.jpg
4998,train,cars_train:04999.jpg
4999,train,cars_train:05000.jpg
5000,train,cars_train:05001.jpg
5001,train,cars_train:05002.jpg
5002,train,cars_train:05003.jpg
5003,train,cars_train:05004.jpg
5004,train,cars_train:05005.jpg
5005,train,cars_train:05006.jpg
5006,train,cars_train:05007.jpg
5008,train,cars_train:05009.jpg
5009,train,cars_train:05010.jpg
5010,train,cars_train:05011.jpg
5011,train,cars_train:05012.jpg
5012,train,cars_train:05013.jpg
5013,train,cars_train:05014.jpg
5014,train,cars_train:05015.jpg
5015,train,cars_train:05016.jpg
5016,train,cars_train:05017.jpg
5017,train,cars_train:05018.jpg
5018,train,cars_train:05019.jpg
5019,train,cars_train:05020.jpg
5021,train,cars_train:05022.jpg
5022,train,cars_train:05023.jpg
5023,train,cars_train:05024.jpg
5024,train,cars_train:05025.jpg
5026,train,cars_train:05027.jpg
5028,train,cars_train:05029.jpg
5029,train,cars_train:05030.jpg
5030,train,cars_train:05031.jpg
5031,train,cars_train:05032.jpg
5032,train,cars_train:05033.jpg
5035,train,cars_train:05036.jpg
5037,train,cars_train:05038.jpg
5038,train,cars_train:05039.jpg
5039,train,cars_train:05040.jpg
5040,train,cars_train:05041.jpg
5041,train,cars_train:05042.jpg
5043,train,cars_train:05044.jpg
5044,train,cars_train:05045.jpg
5045,train,cars_train:05046.jpg
5046,train,cars_train:05047.jpg
5047,train,cars_train:05048.jpg
5049,train,cars_train:05050.jpg
5050,train,cars_train:05051.jpg
5051,train,cars_train:05052.jpg
5052,train,cars_train:05053.jpg
5053,train,cars_train:05054.jpg
5054,train,cars_train:05055.jpg
5056,train,cars_train:05057.jpg
5057,train,cars_train:05058.jpg
5058,train,cars_train:05059.jpg
5061,train,cars_train:05062.jpg
5062,train,cars_train:05063.jpg
5064,train,cars_train:05065.jpg
5065,train,cars_train:05066.jpg
5066,train,cars_train:05067.jpg
5068,train,cars_train:05069.jpg
5069,train,cars_train:05070.jpg
5070,train,cars_train:05071.jpg
5071,train,cars_train:05072.jpg
5074,train,cars_train:05075.jpg
5075,train,cars_train:05076.jpg
5076,train,cars_train:05077.jpg
5077,train,cars_train:05078.jpg
5078,train,cars_train:05079.jpg
5079,train,cars_train:05080.jpg
5081,train,cars_train:05082.jpg
5083,train,cars_train:05084.jpg
5084,train,cars_train:05085.jpg
5085,train,cars_train:05086.jpg
5086,train,cars_train:05087.jpg
5087,train,cars_train:05088.jpg
5088,train,cars_train:05089.jpg
5089,train,cars_train:05090.jpg
5090,train,cars_train:05091.jpg
5091,train,cars_train:05092.jpg
5093,train,cars_train:05094.jpg
5094,train,cars_train:05095.jpg
5095,train,cars_train:05096.jpg
5096,train,cars_train:05097.jpg
5097,train,cars_train:05098.jpg
5101,train,cars_train:05102.jpg
5102,train,cars_train:05103.jpg
5103,train,cars_train:05104.jpg
5104,train,cars_train:05105.jpg
5107,train,cars_train:05108.jpg
5108,train,cars_train:05109.jpg
5109,train,cars_train:05110.jpg
5110,train,cars_train:05111.jpg
5112,train,cars_train:05113.jpg
5113,train,cars_train:05114.jpg
5114,train,cars_train:05115.jpg
5116,train,cars_train:05117.jpg
5117,train,cars_train:05118.jpg
5119,train,cars_train:05120.jpg
5120,train,cars_train:05121.jpg
5122,train,cars_train:05123.jpg
5123,train,cars_train:05124.jpg
5124,train,cars_train:05125.jpg
5125,train,cars_train:05126.jpg
5127,train,cars_train:05128.jpg
5128,train,cars_train:05129.jpg
5129,train,cars_train:05130.jpg
5130,train,cars_train:05131.jpg
5131,train,cars_train:05132.jpg
5132,train,cars_train:05133.jpg
5133,train,cars_train:05134.jpg
5134,train,cars_train:05135.jpg
5135,train,cars_train:05136.jpg
5136,train,cars_train:05137.jpg
5137,train,cars_train:05138.jpg
5138,train,cars_train:05139.jpg
5140,train,cars_train:05141.jpg
5141,train,cars_train:05142.jpg
5142,train,cars_train:05143.jpg
5143,train,cars_train:05144.jpg
5144,train,cars_train:05145.jpg
5145,train,cars_train:05146.jpg
5147,train,cars_train:05148.jpg
5148,train,cars_train:05149.jpg
5149,train,cars_train:05150.jpg
5150,train,cars_train:05151.jpg
5151,train,cars_train:05152.jpg
5152,train,cars_train:05153.jpg
5153,train,cars_train:05154.jpg
5154,train,cars_train:05155.jpg
5155,train,cars_train:05156.jpg
5158,train,cars_train:05159.jpg
5159,train,cars_train:05160.jpg
5160,train,cars_train:05161.jpg
5161,train,cars_train:05162.jpg
5162,train,cars_train:05163.jpg
5164,train,cars_train:05165.jpg
5165,train,cars_train:05166.jpg
5166,train,cars_train:05167.jpg
5167,train,cars_train:05168.jpg
5168,train,cars_train:05169.jpg
5169,train,cars_train:05170.jpg
5170,train,cars_train:05171.jpg
5171,train,cars_train:05172.jpg
5172,train,cars_train:05173.jpg
5173,train,cars_train:05174.jpg
5174,train,cars_train:05175.jpg
5175,train,cars_train:05176.jpg
5176,train,cars_train:05177.jpg
5177,train,cars_train:05178.jpg
5178,train,cars_train:05179.jpg
5179,train,cars_train:05180.jpg
5181,train,cars_train:05182.jpg
5182,train,cars_train:05183.jpg
5183,train,cars_train:05184.jpg
5184,train,cars_train:05185.jpg
5185,train,cars_train:05186.jpg
5186,train,cars_train:05187.jpg
5187,train,cars_train:05188.jpg
5188,train,cars_train:05189.jpg
5191,train,cars_train:05192.jpg
5192,train,cars_train:05193.jpg
5193,train,cars_train:05194.jpg
5194,train,cars_train:05195.jpg
5195,train,cars_train:05196.jpg
5196,train,cars_train:05197.jpg
5197,train,cars_train:05198.jpg
5198,train,cars_train:05199.jpg
5199,train,cars_train:05200.jpg
5200,train,cars_train:05201.jpg
5202,train,cars_train:05203.jpg
5203,train,cars_train:05204.jpg
5206,train,cars_train:05207.jpg
5207,train,cars_train:05208.jpg
5209,train,cars_train:05210.jpg
5214,train,cars_train:05215.jpg
5215,train,cars_train:05216.jpg
5218,train,cars_train:05219.jpg
5220,train,cars_train:05221.jpg
5221,train,cars_train:05222.jpg
5222,train,cars_train:05223.jpg
5223,train,cars_train:05224.jpg
5225,train,cars_train:05226.jpg
5226,train,cars_train:05227.jpg
5228,train,cars_train:05229.jpg
5229,train,cars_train:05230.jpg
5231,train,cars_train:05232.jpg
5233,train,cars_train:05234.jpg
5234,train,cars_train:05235.jpg
5236,train,cars_train:05237.jpg
5237,train,cars_train:05238.jpg
5238,train,cars_train:05239.jpg
5239,train,cars_train:05240.jpg
5241,train,cars_train:05242.jpg
5243,train,cars_train:05244.jpg
5246,train,cars_train:05247.jpg
5247,train,cars_train:05248.jpg
5248,train,cars_train:05249.jpg
5249,train,cars_train:05250.jpg
5252,train,cars_train:05253.jpg
5253,train,cars_train:05254.jpg
5255,train,cars_train:05256.jpg
5256,train,cars_train:05257.jpg
5257,train,cars_train:05258.jpg
5258,train,cars_train:05259.jpg
5259,train,cars_train:05260.jpg
5260,train,cars_train:05261.jpg
5261,train,cars_train:05262.jpg
5262,train,cars_train:05263.jpg
5264,train,cars_train:05265.jpg
5265,train,cars_train:05266.jpg
5266,train,cars_train:05267.jpg
5268,train,cars_train:05269.jpg
5269,train,cars_train:05270.jpg
5270,train,cars_train:05271.jpg
5271,train,cars_train:05272.jpg
5272,train,cars_train:05273.jpg
5273,train,cars_train:05274.jpg
5274,train,cars_train:05275.jpg
5275,train,cars_train:05276.jpg
5276,train,cars_train:05277.jpg
5278,train,cars_train:05279.jpg
5279,train,cars_train:05280.jpg
5280,train,cars_train:05281.jpg
5281,train,cars_train:05282.jpg
5283,train,cars_train:05284.jpg
5284,train,cars_train:05285.jpg
5285,train,cars_train:05286.jpg
5286,train,cars_train:05287.jpg
5287,train,cars_train:05288.jpg
5288,train,cars_train:05289.jpg
5289,train,cars_train:05290.jpg
5290,train,cars_train:05291.jpg
5291,train,cars_train:05292.jpg
5292,train,cars_train:05293.jpg
5293,train,cars_train:05294.jpg
5295,train,cars_train:05296.jpg
5296,train,cars_train:05297.jpg
5299,train,cars_train:05300.jpg
5300,train,cars_train:05301.jpg
5301,train,cars_train:05302.jpg
5302,train,cars_train:05303.jpg
5303,train,cars_train:05304.jpg
5304,train,cars_train:05305.jpg
5305,train,cars_train:05306.jpg
5306,train,cars_train:05307.jpg
5307,train,cars_train:05308.jpg
5308,train,cars_train:05309.jpg
5309,train,cars_train:05310.jpg
5310,train,cars_train:05311.jpg
5311,train,cars_train:05312.jpg
5312,train,cars_train:05313.jpg
5315,train,cars_train:05316.jpg
5316,train,cars_train:05317.jpg
5318,train,cars_train:05319.jpg
5319,train,cars_train:05320.jpg
5320,train,cars_train:05321.jpg
5321,train,cars_train:05322.jpg
5322,train,cars_train:05323.jpg
5323,train,cars_train:05324.jpg
5324,train,cars_train:05325.jpg
5325,train,cars_train:05326.jpg
5326,train,cars_train:05327.jpg
5327,train,cars_train:05328.jpg
5328,train,cars_train:05329.jpg
5329,train,cars_train:05330.jpg
5330,train,cars_train:05331.jpg
5331,train,cars_train:05332.jpg
5332,train,cars_train:05333.jpg
5333,train,cars_train:05334.jpg
5334,train,cars_train:05335.jpg
5335,train,cars_train:05336.jpg
5339,train,cars_train:05340.jpg
5340,train,cars_train:05341.jpg
5341,train,cars_train:05342.jpg
5342,train,cars_train:05343.jpg
5343,train,cars_train:05344.jpg
5345,train,cars_train:05346.jpg
5346,train,cars_train:05347.jpg
5347,train,cars_train:05348.jpg
5348,train,cars_train:05349.jpg
5349,train,cars_train:05350.jpg
5350,train,cars_train:05351.jpg
5351,train,cars_train:05352.jpg
5352,train,cars_train:05353.jpg
5353,train,cars_train:05354.jpg
5354,train,cars_train:05355.jpg
5355,train,cars_train:05356.jpg
5356,train,cars_train:05357.jpg
5357,train,cars_train:05358.jpg
5358,train,cars_train:05359.jpg
5359,train,cars_train:05360.jpg
5361,train,cars_train:05362.jpg
5362,train,cars_train:05363.jpg
5363,train,cars_train:05364.jpg
5364,train,cars_train:05365.jpg
5365,train,cars_train:05366.jpg
5366,train,cars_train:05367.jpg
5367,train,cars_train:05368.jpg
5368,train,cars_train:05369.jpg
5369,train,cars_train:05370.jpg
5371,train,cars_train:05372.jpg
5372,train,cars_train:05373.jpg
5373,train,cars_train:05374.jpg
5374,train,cars_train:05375.jpg
5375,train,cars_train:05376.jpg
5376,train,cars_train:05377.jpg
5378,train,cars_train:05379.jpg
5379,train,cars_train:05380.jpg
5380,train,cars_train:05381.jpg
5381,train,cars_train:05382.jpg
5382,train,cars_train:05383.jpg
5383,train,cars_train:05384.jpg
5384,train,cars_train:05385.jpg
5385,train,cars_train:05386.jpg
5386,train,cars_train:05387.jpg
5387,train,cars_train:05388.jpg
5388,train,cars_train:05389.jpg
5389,train,cars_train:05390.jpg
5390,train,cars_train:05391.jpg
5391,train,cars_train:05392.jpg
5393,train,cars_train:05394.jpg
5394,train,cars_train:05395.jpg
5396,train,cars_train:05397.jpg
5398,train,cars_train:05399.jpg
5399,train,cars_train:05400.jpg
5400,train,cars_train:05401.jpg
5401,train,cars_train:05402.jpg
5402,train,cars_train:05403.jpg
5404,train,cars_train:05405.jpg
5405,train,cars_train:05406.jpg
5406,train,cars_train:05407.jpg
5409,train,cars_train:05410.jpg
5411,train,cars_train:05412.jpg
5412,train,cars_train:05413.jpg
5414,train,cars_train:05415.jpg
5415,train,cars_train:05416.jpg
5416,train,cars_train:05417.jpg
5417,train,cars_train:05418.jpg
5418,train,cars_train:05419.jpg
5421,train,cars_train:05422.jpg
5422,train,cars_train:05423.jpg
5423,train,cars_train:05424.jpg
5424,train,cars_train:05425.jpg
5425,train,cars_train:05426.jpg
5426,train,cars_train:05427.jpg
5427,train,cars_train:05428.jpg
5428,train,cars_train:05429.jpg
5429,train,cars_train:05430.jpg
5430,train,cars_train:05431.jpg
5431,train,cars_train:05432.jpg
5432,train,cars_train:05433.jpg
5434,train,cars_train:05435.jpg
5435,train,cars_train:05436.jpg
5436,train,cars_train:05437.jpg
5437,train,cars_train:05438.jpg
5438,train,cars_train:05439.jpg
5439,train,cars_train:05440.jpg
5440,train,cars_train:05441.jpg
5441,train,cars_train:05442.jpg
5443,train,cars_train:05444.jpg
5444,train,cars_train:05445.jpg
5446,train,cars_train:05447.jpg
5447,train,cars_train:05448.jpg
5448,train,cars_train:05449.jpg
5449,train,cars_train:05450.jpg
5450,train,cars_train:05451.jpg
5451,train,cars_train:05452.jpg
5452,train,cars_train:05453.jpg
5453,train,cars_train:05454.jpg
5454,train,cars_train:05455.jpg
5455,train,cars_train:05456.jpg
5457,train,cars_train:05458.jpg
5458,train,cars_train:05459.jpg
5459,train,cars_train:05460.jpg
5460,train,cars_train:05461.jpg
5461,train,cars_train:05462.jpg
5462,train,cars_train:05463.jpg
5463,train,cars_train:05464.jpg
5464,train,cars_train:05465.jpg
5465,train,cars_train:05466.jpg
5466,train,cars_train:05467.jpg
5467,train,cars_train:05468.jpg
5468,train,cars_train:05469.jpg
5469,train,cars_train:05470.jpg
5471,train,cars_train:05472.jpg
5473,train,cars_train:05474.jpg
5474,train,cars_train:05475.jpg
5475,train,cars_train:05476.jpg
5478,train,cars_train:05479.jpg
5481,train,cars_train:05482.jpg
5482,train,cars_train:05483.jpg
5483,train,cars_train:05484.jpg
5484,train,cars_train:05485.jpg
5485,train,cars_train:05486.jpg
5487,train,cars_train:05488.jpg
5488,train,cars_train:05489.jpg
5489,train,cars_train:05490.jpg
5490,train,cars_train:05491.jpg
5491,train,cars_train:05492.jpg
5492,train,cars_train:05493.jpg
5493,train,cars_train:05494.jpg
5494,train,cars_train:05495.jpg
5495,train,cars_train:05496.jpg
5497,train,cars_train:05498.jpg
5498,train,cars_train:05499.jpg
5499,train,cars_train:05500.jpg
5501,train,cars_train:05502.jpg
5502,train,cars_train:05503.jpg
5503,train,cars_train:05504.jpg
5504,train,cars_train:05505.jpg
5505,train,cars_train:05506.jpg
5507,train,cars_train:05508.jpg
5508,train,cars_train:05509.jpg
5509,train,cars_train:05510.jpg
5510,train,cars_train:05511.jpg
5511,train,cars_train:05512.jpg
5512,train,cars_train:05513.jpg
5514,train,cars_train:05515.jpg
5515,train,cars_train:05516.jpg
5516,train,cars_train:05517.jpg
5517,train,cars_train:05518.jpg
5518,train,cars_train:05519.jpg
5519,train,cars_train:05520.jpg
5520,train,cars_train:05521.jpg
5521,train,cars_train:05522.jpg
5522,train,cars_train:05523.jpg
5523,train,cars_train:05524.jpg
5524,train,cars_train:05525.jpg
5526,train,cars_train:05527.jpg
5528,train,cars_train:05529.jpg
5529,train,cars_train:05530.jpg
5530,train,cars_train:05531.jpg
5531,train,cars_train:05532.jpg
5532,train,cars_train:05533.jpg
5533,train,cars_train:05534.jpg
5534,train,cars_train:05535.jpg
5536,train,cars_train:05537.jpg
5538,train,cars_train:05539.jpg
5539,train,cars_train:05540.jpg
5540,train,cars_train:05541.jpg
5541,train,cars_train:05542.jpg
5542,train,cars_train:05543.jpg
5543,train,cars_train:05544.jpg
5544,train,cars_train:05545.jpg
5547,train,cars_train:05548.jpg
5548,train,cars_train:05549.jpg
5549,train,cars_train:05550.jpg
5551,train,cars_train:05552.jpg
5552,train,cars_train:05553.jpg
5553,train,cars_train:05554.jpg
5556,train,cars_train:05557.jpg
5557,train,cars_train:05558.jpg
5558,train,cars_train:05559.jpg
5561,train,cars_train:05562.jpg
5562,train,cars_train:05563.jpg
5563,train,cars_train:05564.jpg
5564,train,cars_train:05565.jpg
5565,train,cars_train:05566.jpg
5566,train,cars_train:05567.jpg
5568,train,cars_train:05569.jpg
5569,train,cars_train:05570.jpg
5570,train,cars_train:05571.jpg
5571,train,cars_train:05572.jpg
5572,train,cars_train:05573.jpg
5574,train,cars_train:05575.jpg
5575,train,cars_train:05576.jpg
5576,train,cars_train:05577.jpg
5577,train,cars_train:05578.jpg
5578,train,cars_train:05579.jpg
5580,train,cars_train:05581.jpg
5581,train,cars_train:05582.jpg
5582,train,cars_train:05583.jpg
5583,train,cars_train:05584.jpg
5584,train,cars_train:05585.jpg
5585,train,cars_train:05586.jpg
5586,train,cars_train:05587.jpg
5587,train,cars_train:05588.jpg
5588,train,cars_train:05589.jpg
5589,train,cars_train:05590.jpg
5590,train,cars_train:05591.jpg
5592,train,cars_train:05593.jpg
5593,train,cars_train:05594.jpg
5594,train,cars_train:05595.jpg
5595,train,cars_train:05596.jpg
5596,train,cars_train:05597.jpg
5597,train,cars_train:05598.jpg
5599,train,cars_train:05600.jpg
5600,train,cars_train:05601.jpg
5601,train,cars_train:05602.jpg
5603,train,cars_train:05604.jpg
5604,train,cars_train:05605.jpg
5606,train,cars_train:05607.jpg
5607,train,cars_train:05608.jpg
5608,train,cars_train:05609.jpg
5610,train,cars_train:05611.jpg
5611,train,cars_train:05612.jpg
5612,train,cars_train:05613.jpg
5613,train,cars_train:05614.jpg
5615,train,cars_train:05616.jpg
5616,train,cars_train:05617.jpg
5618,train,cars_train:05619.jpg
5619,train,cars_train:05620.jpg
5620,train,cars_train:05621.jpg
5621,train,cars_train:05622.jpg
5622,train,cars_train:05623.jpg
5623,train,cars_train:05624.jpg
5624,train,cars_train:05625.jpg
5625,train,cars_train:05626.jpg
5627,train,cars_train:05628.jpg
5628,train,cars_train:05629.jpg
5629,train,cars_train:05630.jpg
5631,train,cars_train:05632.jpg
5632,train,cars_train:05633.jpg
5633,train,cars_train:05634.jpg
5634,train,cars_train:05635.jpg
5635,train,cars_train:05636.jpg
5638,train,cars_train:05639.jpg
5640,train,cars_train:05641.jpg
5641,train,cars_train:05642.jpg
5642,train,cars_train:05643.jpg
5643,train,cars_train:05644.jpg
5645,train,cars_train:05646.jpg
5646,train,cars_train:05647.jpg
5647,train,cars_train:05648.jpg
5648,train,cars_train:05649.jpg
5649,train,cars_train:05650.jpg
5650,train,cars_train:05651.jpg
5651,train,cars_train:05652.jpg
5652,train,cars_train:05653.jpg
5654,train,cars_train:05655.jpg
5655,train,cars_train:05656.jpg
5656,train,cars_train:05657.jpg
5659,train,cars_train:05660.jpg
5660,train,cars_train:05661.jpg
5661,train,cars_train:05662.jpg
5662,train,cars_train:05663.jpg
5663,train,cars_train:05664.jpg
5664,train,cars_train:05665.jpg
5665,train,cars_train:05666.jpg
5666,train,cars_train:05667.jpg
5667,train,cars_train:05668.jpg
5668,train,cars_train:05669.jpg
5669,train,cars_train:05670.jpg
5671,train,cars_train:05672.jpg
5672,train,cars_train:05673.jpg
5673,train,cars_train:05674.jpg
5677,train,cars_train:05678.jpg
5678,train,cars_train:05679.jpg
5679,train,cars_train:05680.jpg
5680,train,cars_train:05681.jpg
5681,train,cars_train:05682.jpg
5682,train,cars_train:05683.jpg
5683,train,cars_train:05684.jpg
5684,train,cars_train:05685.jpg
5685,train,cars_train:05686.jpg
5686,train,cars_train:05687.jpg
5687,train,cars_train:05688.jpg
5688,train,cars_train:05689.jpg
5689,train,cars_train:05690.jpg
5690,train,cars_train:05691.jpg
5691,train,cars_train:05692.jpg
5692,train,cars_train:05693.jpg
5694,train,cars_train:05695.jpg
5696,train,cars_train:05697.jpg
5698,train,cars_train:05699.jpg
5699,train,cars_train:05700.jpg
5701,train,cars_train:05702.jpg
5702,train,cars_train:05703.jpg
5703,train,cars_train:05704.jpg
5704,train,cars_train:05705.jpg
5705,train,cars_train:05706.jpg
5707,train,cars_train:05708.jpg
5708,train,cars_train:05709.jpg
5709,train,cars_train:05710.jpg
5711,train,cars_train:05712.jpg
5712,train,cars_train:05713.jpg
5713,train,cars_train:05714.jpg
5714,train,cars_train:05715.jpg
5716,train,cars_train:05717.jpg
5717,train,cars_train:05718.jpg
5718,train,cars_train:05719.jpg
5719,train,cars_train:05720.jpg
5720,train,cars_train:05721.jpg
5721,train,cars_train:05722.jpg
5723,train,cars_train:05724.jpg
5724,train,cars_train:05725.jpg
5726,train,cars_train:05727.jpg
5727,train,cars_train:05728.jpg
5728,train,cars_train:05729.jpg
5729,train,cars_train:05730.jpg
5730,train,cars_train:05731.jpg
5731,train,cars_train:05732.jpg
5733,train,cars_train:05734.jpg
5734,train,cars_train:05735.jpg
5735,train,cars_train:05736.jpg
5736,train,cars_train:05737.jpg
5737,train,cars_train:05738.jpg
5738,train,cars_train:05739.jpg
5739,train,cars_train:05740.jpg
5740,train,cars_train:05741.jpg
5741,train,cars_train:05742.jpg
5743,train,cars_train:05744.jpg
5744,train,cars_train:05745.jpg
5745,train,cars_train:05746.jpg
5747,train,cars_train:05748.jpg
5749,train,cars_train:05750.jpg
5750,train,cars_train:05751.jpg
5751,train,cars_train:05752.jpg
5753,train,cars_train:05754.jpg
5754,train,cars_train:05755.jpg
5756,train,cars_train:05757.jpg
5758,train,cars_train:05759.jpg
5759,train,cars_train:05760.jpg
5760,train,cars_train:05761.jpg
5764,train,cars_train:05765.jpg
5765,train,cars_train:05766.jpg
5766,train,cars_train:05767.jpg
5767,train,cars_train:05768.jpg
5768,train,cars_train:05769.jpg
5769,train,cars_train:05770.jpg
5770,train,cars_train:05771.jpg
5771,train,cars_train:05772.jpg
5772,train,cars_train:05773.jpg
5773,train,cars_train:05774.jpg
5775,train,cars_train:05776.jpg
5776,train,cars_train:05777.jpg
5777,train,cars_train:05778.jpg
5779,train,cars_train:05780.jpg
5780,train,cars_train:05781.jpg
5782,train,cars_train:05783.jpg
5783,train,cars_train:05784.jpg
5784,train,cars_train:05785.jpg
5785,train,cars_train:05786.jpg
5786,train,cars_train:05787.jpg
5788,train,cars_train:05789.jpg
5789,train,cars_train:05790.jpg
5790,train,cars_train:05791.jpg
5791,train,cars_train:05792.jpg
5792,train,cars_train:05793.jpg
5793,train,cars_train:05794.jpg
5794,train,cars_train:05795.jpg
5795,train,cars_train:05796.jpg
5796,train,cars_train:05797.jpg
5797,train,cars_train:05798.jpg
5798,train,cars_train:05799.jpg
5799,train,cars_train:05800.jpg
5800,train,cars_train:05801.jpg
5801,train,cars_train:05802.jpg
5802,train,cars_train:05803.jpg
5804,train,cars_train:05805.jpg
5805,train,cars_train:05806.jpg
5808,train,cars_train:05809.jpg
5809,train,cars_train:05810.jpg
5810,train,cars_train:05811.jpg
5811,train,cars_train:05812.jpg
5812,train,cars_train:05813.jpg
5813,train,cars_train:05814.jpg
5815,train,cars_train:05816.jpg
5816,train,cars_train:05817.jpg
5819,train,cars_train:05820.jpg
5820,train,cars_train:05821.jpg
5821,train,cars_train:05822.jpg
5822,train,cars_train:05823.jpg
5823,train,cars_train:05824.jpg
5824,train,cars_train:05825.jpg
5825,train,cars_train:05826.jpg
5826,train,cars_train:05827.jpg
5827,train,cars_train:05828.jpg
5829,train,cars_train:05830.jpg
5830,train,cars_train:05831.jpg
5831,train,cars_train:05832.jpg
5834,train,cars_train:05835.jpg
5835,train,cars_train:05836.jpg
5837,train,cars_train:05838.jpg
5838,train,cars_train:05839.jpg
5839,train,cars_train:05840.jpg
5840,train,cars_train:05841.jpg
5841,train,cars_train:05842.jpg
5842,train,cars_train:05843.jpg
5843,train,cars_train:05844.jpg
5844,train,cars_train:05845.jpg
5845,train,cars_train:05846.jpg
5846,train,cars_train:05847.jpg
5847,train,cars_train:05848.jpg
5848,train,cars_train:05849.jpg
5849,train,cars_train:05850.jpg
5850,train,cars_train:05851.jpg
5853,train,cars_train:05854.jpg
5854,train,cars_train:05855.jpg
5855,train,cars_train:05856.jpg
5857,train,cars_train:05858.jpg
5858,train,cars_train:05859.jpg
5860,train,cars_train:05861.jpg
5862,train,cars_train:05863.jpg
5863,train,cars_train:05864.jpg
5864,train,cars_train:05865.jpg
5865,train,cars_train:05866.jpg
5866,train,cars_train:05867.jpg
5867,train,cars_train:05868.jpg
5868,train,cars_train:05869.jpg
5869,train,cars_train:05870.jpg
5870,train,cars_train:05871.jpg
5871,train,cars_train:05872.jpg
5872,train,cars_train:05873.jpg
5873,train,cars_train:05874.jpg
5874,train,cars_train:05875.jpg
5875,train,cars_train:05876.jpg
5876,train,cars_train:05877.jpg
5877,train,cars_train:05878.jpg
5878,train,cars_train:05879.jpg
5879,train,cars_train:05880.jpg
5881,train,cars_train:05882.jpg
5882,train,cars_train:05883.jpg
5883,train,cars_train:05884.jpg
5884,train,cars_train:05885.jpg
5885,train,cars_train:05886.jpg
5886,train,cars_train:05887.jpg
5888,train,cars_train:05889.jpg
5889,train,cars_train:05890.jpg
5890,train,cars_train:05891.jpg
5891,train,cars_train:05892.jpg
5892,train,cars_train:05893.jpg
5893,train,cars_train:05894.jpg
5894,train,cars_train:05895.jpg
5896,train,cars_train:05897.jpg
5897,train,cars_train:05898.jpg
5898,train,cars_train:05899.jpg
5900,train,cars_train:05901.jpg
5901,train,cars_train:05902.jpg
5902,train,cars_train:05903.jpg
5903,train,cars_train:05904.jpg
5904,train,cars_train:05905.jpg
5905,train,cars_train:05906.jpg
5906,train,cars_train:05907.jpg
5908,train,cars_train:05909.jpg
5909,train,cars_train:05910.jpg
5910,train,cars_train:05911.jpg
5911,train,cars_train:05912.jpg
5913,train,cars_train:05914.jpg
5914,train,cars_train:05915.jpg
5916,train,cars_train:05917.jpg
5917,train,cars_train:05918.jpg
5918,train,cars_train:05919.jpg
5921,train,cars_train:05922.jpg
5922,train,cars_train:05923.jpg
5923,train,cars_train:05924.jpg
5924,train,cars_train:05925.jpg
5925,train,cars_train:05926.jpg
5926,train,cars_train:05927.jpg
5927,train,cars_train:05928.jpg
5928,train,cars_train:05929.jpg
5929,train,cars_train:05930.jpg
5930,train,cars_train:05931.jpg
5931,train,cars_train:05932.jpg
5932,train,cars_train:05933.jpg
5934,train,cars_train:05935.jpg
5937,train,cars_train:05938.jpg
5938,train,cars_train:05939.jpg
5939,train,cars_train:05940.jpg
5942,train,cars_train:05943.jpg
5943,train,cars_train:05944.jpg
5944,train,cars_train:05945.jpg
5945,train,cars_train:05946.jpg
5946,train,cars_train:05947.jpg
5947,train,cars_train:05948.jpg
5948,train,cars_train:05949.jpg
5949,train,cars_train:05950.jpg
5950,train,cars_train:05951.jpg
5951,train,cars_train:05952.jpg
5952,train,cars_train:05953.jpg
5953,train,cars_train:05954.jpg
5955,train,cars_train:05956.jpg
5957,train,cars_train:05958.jpg
5958,train,cars_train:05959.jpg
5959,train,cars_train:05960.jpg
5962,train,cars_train:05963.jpg
5963,train,cars_train:05964.jpg
5965,train,cars_train:05966.jpg
5966,train,cars_train:05967.jpg
5967,train,cars_train:05968.jpg
5968,train,cars_train:05969.jpg
5969,train,cars_train:05970.jpg
5972,train,cars_train:05973.jpg
5973,train,cars_train:05974.jpg
5974,train,cars_train:05975.jpg
5975,train,cars_train:05976.jpg
5976,train,cars_train:05977.jpg
5977,train,cars_train:05978.jpg
5979,train,cars_train:05980.jpg
5980,train,cars_train:05981.jpg
5982,train,cars_train:05983.jpg
5983,train,cars_train:05984.jpg
5984,train,cars_train:05985.jpg
5985,train,cars_train:05986.jpg
5987,train,cars_train:05988.jpg
5988,train,cars_train:05989.jpg
5990,train,cars_train:05991.jpg
5992,train,cars_train:05993.jpg
5993,train,cars_train:05994.jpg
5994,train,cars_train:05995.jpg
5995,train,cars_train:05996.jpg
5996,train,cars_train:05997.jpg
5997,train,cars_train:05998.jpg
5998,train,cars_train:05999.jpg
5999,train,cars_train:06000.jpg
6001,train,cars_train:06002.jpg
6002,train,cars_train:06003.jpg
6003,train,cars_train:06004.jpg
6004,train,cars_train:06005.jpg
6006,train,cars_train:06007.jpg
6009,train,cars_train:06010.jpg
6010,train,cars_train:06011.jpg
6011,train,cars_train:06012.jpg
6012,train,cars_train:06013.jpg
6013,train,cars_train:06014.jpg
6014,train,cars_train:06015.jpg
6016,train,cars_train:06017.jpg
6017,train,cars_train:06018.jpg
6019,train,cars_train:06020.jpg
6022,train,cars_train:06023.jpg
6023,train,cars_train:06024.jpg
6025,train,cars_train:06026.jpg
6026,train,cars_train:06027.jpg
6027,train,cars_train:06028.jpg
6028,train,cars_train:06029.jpg
6029,train,cars_train:06030.jpg
6030,train,cars_train:06031.jpg
6031,train,cars_train:06032.jpg
6032,train,cars_train:06033.jpg
6034,train,cars_train:06035.jpg
6035,train,cars_train:06036.jpg
6036,train,cars_train:06037.jpg
6037,train,cars_train:06038.jpg
6038,train,cars_train:06039.jpg
6039,train,cars_train:06040.jpg
6040,train,cars_train:06041.jpg
6041,train,cars_train:06042.jpg
6042,train,cars_train:06043.jpg
6043,train,cars_train:06044.jpg
6044,train,cars_train:06045.jpg
6045,train,cars_train:06046.jpg
6046,train,cars_train:06047.jpg
6047,train,cars_train:06048.jpg
6050,train,cars_train:06051.jpg
6051,train,cars_train:06052.jpg
6053,train,cars_train:06054.jpg
6054,train,cars_train:06055.jpg
6055,train,cars_train:06056.jpg
6056,train,cars_train:06057.jpg
6057,train,cars_train:06058.jpg
6060,train,cars_train:06061.jpg
6061,train,cars_train:06062.jpg
6062,train,cars_train:06063.jpg
6063,train,cars_train:06064.jpg
6065,train,cars_train:06066.jpg
6066,train,cars_train:06067.jpg
6068,train,cars_train:06069.jpg
6069,train,cars_train:06070.jpg
6070,train,cars_train:06071.jpg
6071,train,cars_train:06072.jpg
6072,train,cars_train:06073.jpg
6073,train,cars_train:06074.jpg
6074,train,cars_train:06075.jpg
6076,train,cars_train:06077.jpg
6077,train,cars_train:06078.jpg
6079,train,cars_train:06080.jpg
6081,train,cars_train:06082.jpg
6082,train,cars_train:06083.jpg
6083,train,cars_train:06084.jpg
6084,train,cars_train:06085.jpg
6085,train,cars_train:06086.jpg
6086,train,cars_train:06087.jpg
6087,train,cars_train:06088.jpg
6089,train,cars_train:06090.jpg
6090,train,cars_train:06091.jpg
6091,train,cars_train:06092.jpg
6092,train,cars_train:06093.jpg
6093,train,cars_train:06094.jpg
6094,train,cars_train:06095.jpg
6095,train,cars_train:06096.jpg
6096,train,cars_train:06097.jpg
6097,train,cars_train:06098.jpg
6098,train,cars_train:06099.jpg
6099,train,cars_train:06100.jpg
6100,train,cars_train:06101.jpg
6101,train,cars_train:06102.jpg
6102,train,cars_train:06103.jpg
6103,train,cars_train:06104.jpg
6104,train,cars_train:06105.jpg
6105,train,cars_train:06106.jpg
6108,train,cars_train:06109.jpg
6109,train,cars_train:06110.jpg
6112,train,cars_train:06113.jpg
6114,train,cars_train:06115.jpg
6115,train,cars_train:06116.jpg
6116,train,cars_train:06117.jpg
6117,train,cars_train:06118.jpg
6118,train,cars_train:06119.jpg
6119,train,cars_train:06120.jpg
6120,train,cars_train:06121.jpg
6121,train,cars_train:06122.jpg
6122,train,cars_train:06123.jpg
6123,train,cars_train:06124.jpg
6126,train,cars_train:06127.jpg
6127,train,cars_train:06128.jpg
6128,train,cars_train:06129.jpg
6129,train,cars_train:06130.jpg
6130,train,cars_train:06131.jpg
6131,train,cars_train:06132.jpg
6132,train,cars_train:06133.jpg
6133,train,cars_train:06134.jpg
6134,train,cars_train:06135.jpg
6135,train,cars_train:06136.jpg
6137,train,cars_train:06138.jpg
6138,train,cars_train:06139.jpg
6139,train,cars_train:06140.jpg
6140,train,cars_train:06141.jpg
6141,train,cars_train:06142.jpg
6142,train,cars_train:06143.jpg
6143,train,cars_train:06144.jpg
6144,train,cars_train:06145.jpg
6145,train,cars_train:06146.jpg
6146,train,cars_train:06147.jpg
6147,train,cars_train:06148.jpg
6149,train,cars_train:06150.jpg
6150,train,cars_train:06151.jpg
6153,train,cars_train:06154.jpg
6154,train,cars_train:06155.jpg
6155,train,cars_train:06156.jpg
6157,train,cars_train:06158.jpg
6159,train,cars_train:06160.jpg
6160,train,cars_train:06161.jpg
6161,train,cars_train:06162.jpg
6162,train,cars_train:06163.jpg
6163,train,cars_train:06164.jpg
6164,train,cars_train:06165.jpg
6165,train,cars_train:06166.jpg
6166,train,cars_train:06167.jpg
6167,train,cars_train:06168.jpg
6169,train,cars_train:06170.jpg
6170,train,cars_train:06171.jpg
6171,train,cars_train:06172.jpg
6172,train,cars_train:06173.jpg
6173,train,cars_train:06174.jpg
6174,train,cars_train:06175.jpg
6175,train,cars_train:06176.jpg
6177,train,cars_train:06178.jpg
6178,train,cars_train:06179.jpg
6179,train,cars_train:06180.jpg
6180,train,cars_train:06181.jpg
6181,train,cars_train:06182.jpg
6182,train,cars_train:06183.jpg
6183,train,cars_train:06184.jpg
6184,train,cars_train:06185.jpg
6185,train,cars_train:06186.jpg
6187,train,cars_train:06188.jpg
6188,train,cars_train:06189.jpg
6189,train,cars_train:06190.jpg
6190,train,cars_train:06191.jpg
6191,train,cars_train:06192.jpg
6192,train,cars_train:06193.jpg
6194,train,cars_train:06195.jpg
6195,train,cars_train:06196.jpg
6196,train,cars_train:06197.jpg
6197,train,cars_train:06198.jpg
6201,train,cars_train:06202.jpg
6202,train,cars_train:06203.jpg
6203,train,cars_train:06204.jpg
6204,train,cars_train:06205.jpg
6205,train,cars_train:06206.jpg
6206,train,cars_train:06207.jpg
6207,train,cars_train:06208.jpg
6208,train,cars_train:06209.jpg
6209,train,cars_train:06210.jpg
6210,train,cars_train:06211.jpg
6211,train,cars_train:06212.jpg
6212,train,cars_train:06213.jpg
6214,train,cars_train:06215.jpg
6215,train,cars_train:06216.jpg
6217,train,cars_train:06218.jpg
6218,train,cars_train:06219.jpg
6219,train,cars_train:06220.jpg
6220,train,cars_train:06221.jpg
6222,train,cars_train:06223.jpg
6223,train,cars_train:06224.jpg
6224,train,cars_train:06225.jpg
6225,train,cars_train:06226.jpg
6226,train,cars_train:06227.jpg
6227,train,cars_train:06228.jpg
6228,train,cars_train:06229.jpg
6229,train,cars_train:06230.jpg
6230,train,cars_train:06231.jpg
6231,train,cars_train:06232.jpg
6232,train,cars_train:06233.jpg
6233,train,cars_train:06234.jpg
6235,train,cars_train:06236.jpg
6236,train,cars_train:06237.jpg
6237,train,cars_train:06238.jpg
6238,train,cars_train:06239.jpg
6239,train,cars_train:06240.jpg
6240,train,cars_train:06241.jpg
6241,train,cars_train:06242.jpg
6243,train,cars_train:06244.jpg
6244,train,cars_train:06245.jpg
6245,train,cars_train:06246.jpg
6246,train,cars_train:06247.jpg
6247,train,cars_train:06248.jpg
6248,train,cars_train:06249.jpg
6250,train,cars_train:06251.jpg
6251,train,cars_train:06252.jpg
6252,train,cars_train:06253.jpg
6253,train,cars_train:06254.jpg
6254,train,cars_train:06255.jpg
6255,train,cars_train:06256.jpg
6256,train,cars_train:06257.jpg
6258,train,cars_train:06259.jpg
6259,train,cars_train:06260.jpg
6260,train,cars_train:06261.jpg
6261,train,cars_train:06262.jpg
6262,train,cars_train:06263.jpg
6263,train,cars_train:06264.jpg
6265,train,cars_train:06266.jpg
6267,train,cars_train:06268.jpg
6270,train,cars_train:06271.jpg
6271,train,cars_train:06272.jpg
6272,train,cars_train:06273.jpg
6273,train,cars_train:06274.jpg
6274,train,cars_train:06275.jpg
6275,train,cars_train:06276.jpg
6276,train,cars_train:06277.jpg
6277,train,cars_train:06278.jpg
6283,train,cars_train:06284.jpg
6284,train,cars_train:06285.jpg
6285,train,cars_train:06286.jpg
6286,train,cars_train:06287.jpg
6287,train,cars_train:06288.jpg
6289,train,cars_train:06290.jpg
6290,train,cars_train:06291.jpg
6291,train,cars_train:06292.jpg
6292,train,cars_train:06293.jpg
6293,train,cars_train:06294.jpg
6294,train,cars_train:06295.jpg
6295,train,cars_train:06296.jpg
6297,train,cars_train:06298.jpg
6298,train,cars_train:06299.jpg
6299,train,cars_train:06300.jpg
6300,train,cars_train:06301.jpg
6302,train,cars_train:06303.jpg
6303,train,cars_train:06304.jpg
6304,train,cars_train:06305.jpg
6306,train,cars_train:06307.jpg
6310,train,cars_train:06311.jpg
6313,train,cars_train:06314.jpg
6315,train,cars_train:06316.jpg
6316,train,cars_train:06317.jpg
6317,train,cars_train:06318.jpg
6318,train,cars_train:06319.jpg
6319,train,cars_train:06320.jpg
6321,train,cars_train:06322.jpg
6322,train,cars_train:06323.jpg
6323,train,cars_train:06324.jpg
6326,train,cars_train:06327.jpg
6329,train,cars_train:06330.jpg
6330,train,cars_train:06331.jpg
6331,train,cars_train:06332.jpg
6332,train,cars_train:06333.jpg
6334,train,cars_train:06335.jpg
6335,train,cars_train:06336.jpg
6338,train,cars_train:06339.jpg
6339,train,cars_train:06340.jpg
6340,train,cars_train:06341.jpg
6341,train,cars_train:06342.jpg
6342,train,cars_train:06343.jpg
6343,train,cars_train:06344.jpg
6344,train,cars_train:06345.jpg
6345,train,cars_train:06346.jpg
6348,train,cars_train:06349.jpg
6349,train,cars_train:06350.jpg
6350,train,cars_train:06351.jpg
6352,train,cars_train:06353.jpg
6353,train,cars_train:06354.jpg
6354,train,cars_train:06355.jpg
6355,train,cars_train:06356.jpg
6356,train,cars_train:06357.jpg
6357,train,cars_train:06358.jpg
6358,train,cars_train:06359.jpg
6359,train,cars_train:06360.jpg
6362,train,cars_train:06363.jpg
6363,train,cars_train:06364.jpg
6364,train,cars_train:06365.jpg
6365,train,cars_train:06366.jpg
6366,train,cars_train:06367.jpg
6367,train,cars_train:06368.jpg
6368,train,cars_train:06369.jpg
6369,train,cars_train:06370.jpg
6370,train,cars_train:06371.jpg
6372,train,cars_train:06373.jpg
6373,train,cars_train:06374.jpg
6374,train,cars_train:06375.jpg
6375,train,cars_train:06376.jpg
6379,train,cars_train:06380.jpg
6380,train,cars_train:06381.jpg
6381,train,cars_train:06382.jpg
6383,train,cars_train:06384.jpg
6384,train,cars_train:06385.jpg
6385,train,cars_train:06386.jpg
6387,train,cars_train:06388.jpg
6388,train,cars_train:06389.jpg
6389,train,cars_train:06390.jpg
6390,train,cars_train:06391.jpg
6392,train,cars_train:06393.jpg
6393,train,cars_train:06394.jpg
6394,train,cars_train:06395.jpg
6398,train,cars_train:06399.jpg
6399,train,cars_train:06400.jpg
6400,train,cars_train:06401.jpg
6401,train,cars_train:06402.jpg
6402,train,cars_train:06403.jpg
6404,train,cars_train:06405.jpg
6405,train,cars_train:06406.jpg
6406,train,cars_train:06407.jpg
6407,train,cars_train:06408.jpg
6408,train,cars_train:06409.jpg
6409,train,cars_train:06410.jpg
6411,train,cars_train:06412.jpg
6412,train,cars_train:06413.jpg
6413,train,cars_train:06414.jpg
6414,train,cars_train:06415.jpg
6415,train,cars_train:06416.jpg
6416,train,cars_train:06417.jpg
6417,train,cars_train:06418.jpg
6418,train,cars_train:06419.jpg
6419,train,cars_train:06420.jpg
6420,train,cars_train:06421.jpg
6421,train,cars_train:06422.jpg
6422,train,cars_train:06423.jpg
6423,train,cars_train:06424.jpg
6424,train,cars_train:06425.jpg
6425,train,cars_train:06426.jpg
6426,train,cars_train:06427.jpg
6427,train,cars_train:06428.jpg
6428,train,cars_train:06429.jpg
6430,train,cars_train:06431.jpg
6431,train,cars_train:06432.jpg
6432,train,cars_train:06433.jpg
6433,train,cars_train:06434.jpg
6434,train,cars_train:06435.jpg
6435,train,cars_train:06436.jpg
6436,train,cars_train:06437.jpg
6437,train,cars_train:06438.jpg
6438,train,cars_train:06439.jpg
6439,train,cars_train:06440.jpg
6440,train,cars_train:06441.jpg
6441,train,cars_train:06442.jpg
6442,train,cars_train:06443.jpg
6443,train,cars_train:06444.jpg
6444,train,cars_train:06445.jpg
6445,train,cars_train:06446.jpg
6447,train,cars_train:06448.jpg
6449,train,cars_train:06450.jpg
6450,train,cars_train:06451.jpg
6451,train,cars_train:06452.jpg
6453,train,cars_train:06454.jpg
6455,train,cars_train:06456.jpg
6457,train,cars_train:06458.jpg
6458,train,cars_train:06459.jpg
6459,train,cars_train:06460.jpg
6460,train,cars_train:06461.jpg
6464,train,cars_train:06465.jpg
6465,train,cars_train:06466.jpg
6467,train,cars_train:06468.jpg
6468,train,cars_train:06469.jpg
6469,train,cars_train:06470.jpg
6470,train,cars_train:06471.jpg
6471,train,cars_train:06472.jpg
6474,train,cars_train:06475.jpg
6476,train,cars_train:06477.jpg
6477,train,cars_train:06478.jpg
6478,train,cars_train:06479.jpg
6479,train,cars_train:06480.jpg
6480,train,cars_train:06481.jpg
6481,train,cars_train:06482.jpg
6482,train,cars_train:06483.jpg
6483,train,cars_train:06484.jpg
6484,train,cars_train:06485.jpg
6485,train,cars_train:06486.jpg
6486,train,cars_train:06487.jpg
6488,train,cars_train:06489.jpg
6489,train,cars_train:06490.jpg
6490,train,cars_train:06491.jpg
6491,train,cars_train:06492.jpg
6493,train,cars_train:06494.jpg
6494,train,cars_train:06495.jpg
6496,train,cars_train:06497.jpg
6497,train,cars_train:06498.jpg
6498,train,cars_train:06499.jpg
6499,train,cars_train:06500.jpg
6500,train,cars_train:06501.jpg
6501,train,cars_train:06502.jpg
6502,train,cars_train:06503.jpg
6503,train,cars_train:06504.jpg
6504,train,cars_train:06505.jpg
6506,train,cars_train:06507.jpg
6507,train,cars_train:06508.jpg
6508,train,cars_train:06509.jpg
6509,train,cars_train:06510.jpg
6510,train,cars_train:06511.jpg
6511,train,cars_train:06512.jpg
6513,train,cars_train:06514.jpg
6514,train,cars_train:06515.jpg
6515,train,cars_train:06516.jpg
6516,train,cars_train:06517.jpg
6517,train,cars_train:06518.jpg
6518,train,cars_train:06519.jpg
6519,train,cars_train:06520.jpg
6521,train,cars_train:06522.jpg
6523,train,cars_train:06524.jpg
6524,train,cars_train:06525.jpg
6525,train,cars_train:06526.jpg
6526,train,cars_train:06527.jpg
6528,train,cars_train:06529.jpg
6530,train,cars_train:06531.jpg
6531,train,cars_train:06532.jpg
6532,train,cars_train:06533.jpg
6533,train,cars_train:06534.jpg
6534,train,cars_train:06535.jpg
6535,train,cars_train:06536.jpg
6536,train,cars_train:06537.jpg
6537,train,cars_train:06538.jpg
6538,train,cars_train:06539.jpg
6540,train,cars_train:06541.jpg
6542,train,cars_train:06543.jpg
6543,train,cars_train:06544.jpg
6544,train,cars_train:06545.jpg
6546,train,cars_train:06547.jpg
6547,train,cars_train:06548.jpg
6551,train,cars_train:06552.jpg
6552,train,cars_train:06553.jpg
6553,train,cars_train:06554.jpg
6554,train,cars_train:06555.jpg
6555,train,cars_train:06556.jpg
6556,train,cars_train:06557.jpg
6557,train,cars_train:06558.jpg
6559,train,cars_train:06560.jpg
6560,train,cars_train:06561.jpg
6561,train,cars_train:06562.jpg
6562,train,cars_train:06563.jpg
6563,train,cars_train:06564.jpg
6565,train,cars_train:06566.jpg
6566,train,cars_train:06567.jpg
6567,train,cars_train:06568.jpg
6569,train,cars_train:06570.jpg
6570,train,cars_train:06571.jpg
6571,train,cars_train:06572.jpg
6572,train,cars_train:06573.jpg
6573,train,cars_train:06574.jpg
6574,train,cars_train:06575.jpg
6575,train,cars_train:06576.jpg
6576,train,cars_train:06577.jpg
6578,train,cars_train:06579.jpg
6579,train,cars_train:06580.jpg
6580,train,cars_train:06581.jpg
6581,train,cars_train:06582.jpg
6582,train,cars_train:06583.jpg
6583,train,cars_train:06584.jpg
6584,train,cars_train:06585.jpg
6585,train,cars_train:06586.jpg
6586,train,cars_train:06587.jpg
6587,train,cars_train:06588.jpg
6588,train,cars_train:06589.jpg
6589,train,cars_train:06590.jpg
6590,train,cars_train:06591.jpg
6593,train,cars_train:06594.jpg
6594,train,cars_train:06595.jpg
6595,train,cars_train:06596.jpg
6596,train,cars_train:06597.jpg
6597,train,cars_train:06598.jpg
6598,train,cars_train:06599.jpg
6600,train,cars_train:06601.jpg
6601,train,cars_train:06602.jpg
6602,train,cars_train:06603.jpg
6604,train,cars_train:06605.jpg
6605,train,cars_train:06606.jpg
6606,train,cars_train:06607.jpg
6607,train,cars_train:06608.jpg
6608,train,cars_train:06609.jpg
6609,train,cars_train:06610.jpg
6610,train,cars_train:06611.jpg
6611,train,cars_train:06612.jpg
6612,train,cars_train:06613.jpg
6615,train,cars_train:06616.jpg
6616,train,cars_train:06617.jpg
6617,train,cars_train:06618.jpg
6618,train,cars_train:06619.jpg
6619,train,cars_train:06620.jpg
6620,train,cars_train:06621.jpg
6621,train,cars_train:06622.jpg
6623,train,cars_train:06624.jpg
6624,train,cars_train:06625.jpg
6625,train,cars_train:06626.jpg
6626,train,cars_train:06627.jpg
6627,train,cars_train:06628.jpg
6629,train,cars_train:06630.jpg
6631,train,cars_train:06632.jpg
6633,train,cars_train:06634.jpg
6634,train,cars_train:06635.jpg
6635,train,cars_train:06636.jpg
6636,train,cars_train:06637.jpg
6637,train,cars_train:06638.jpg
6638,train,cars_train:06639.jpg
6639,train,cars_train:06640.jpg
6640,train,cars_train:06641.jpg
6641,train,cars_train:06642.jpg
6643,train,cars_train:06644.jpg
6645,train,cars_train:06646.jpg
6646,train,cars_train:06647.jpg
6648,train,cars_train:06649.jpg
6649,train,cars_train:06650.jpg
6650,train,cars_train:06651.jpg
6652,train,cars_train:06653.jpg
6653,train,cars_train:06654.jpg
6655,train,cars_train:06656.jpg
6656,train,cars_train:06657.jpg
6657,train,cars_train:06658.jpg
6658,train,cars_train:06659.jpg
6659,train,cars_train:06660.jpg
6660,train,cars_train:06661.jpg
6661,train,cars_train:06662.jpg
6662,train,cars_train:06663.jpg
6664,train,cars_train:06665.jpg
6665,train,cars_train:06666.jpg
6666,train,cars_train:06667.jpg
6667,train,cars_train:06668.jpg
6668,train,cars_train:06669.jpg
6669,train,cars_train:06670.jpg
6670,train,cars_train:06671.jpg
6671,train,cars_train:06672.jpg
6672,train,cars_train:06673.jpg
6678,train,cars_train:06679.jpg
6679,train,cars_train:06680.jpg
6680,train,cars_train:06681.jpg
6681,train,cars_train:06682.jpg
6682,train,cars_train:06683.jpg
6683,train,cars_train:06684.jpg
6684,train,cars_train:06685.jpg
6685,train,cars_train:06686.jpg
6686,train,cars_train:06687.jpg
6689,train,cars_train:06690.jpg
6690,train,cars_train:06691.jpg
6691,train,cars_train:06692.jpg
6692,train,cars_train:06693.jpg
6693,train,cars_train:06694.jpg
6694,train,cars_train:06695.jpg
6695,train,cars_train:06696.jpg
6699,train,cars_train:06700.jpg
6700,train,cars_train:06701.jpg
6701,train,cars_train:06702.jpg
6703,train,cars_train:06704.jpg
6704,train,cars_train:06705.jpg
6705,train,cars_train:06706.jpg
6706,train,cars_train:06707.jpg
6707,train,cars_train:06708.jpg
6708,train,cars_train:06709.jpg
6709,train,cars_train:06710.jpg
6711,train,cars_train:06712.jpg
6713,train,cars_train:06714.jpg
6716,train,cars_train:06717.jpg
6717,train,cars_train:06718.jpg
6718,train,cars_train:06719.jpg
6720,train,cars_train:06721.jpg
6724,train,cars_train:06725.jpg
6725,train,cars_train:06726.jpg
6727,train,cars_train:06728.jpg
6728,train,cars_train:06729.jpg
6730,train,cars_train:06731.jpg
6731,train,cars_train:06732.jpg
6732,train,cars_train:06733.jpg
6733,train,cars_train:06734.jpg
6734,train,cars_train:06735.jpg
6735,train,cars_train:06736.jpg
6736,train,cars_train:06737.jpg
6738,train,cars_train:06739.jpg
6739,train,cars_train:06740.jpg
6740,train,cars_train:06741.jpg
6741,train,cars_train:06742.jpg
6742,train,cars_train:06743.jpg
6743,train,cars_train:06744.jpg
6744,train,cars_train:06745.jpg
6745,train,cars_train:06746.jpg
6746,train,cars_train:06747.jpg
6747,train,cars_train:06748.jpg
6749,train,cars_train:06750.jpg
6750,train,cars_train:06751.jpg
6751,train,cars_train:06752.jpg
6752,train,cars_train:06753.jpg
6753,train,cars_train:06754.jpg
6754,train,cars_train:06755.jpg
6755,train,cars_train:06756.jpg
6756,train,cars_train:06757.jpg
6757,train,cars_train:06758.jpg
6758,train,cars_train:06759.jpg
6762,train,cars_train:06763.jpg
6764,train,cars_train:06765.jpg
6765,train,cars_train:06766.jpg
6766,train,cars_train:06767.jpg
6768,train,cars_train:06769.jpg
6769,train,cars_train:06770.jpg
6770,train,cars_train:06771.jpg
6771,train,cars_train:06772.jpg
6773,train,cars_train:06774.jpg
6775,train,cars_train:06776.jpg
6776,train,cars_train:06777.jpg
6777,train,cars_train:06778.jpg
6779,train,cars_train:06780.jpg
6780,train,cars_train:06781.jpg
6781,train,cars_train:06782.jpg
6782,train,cars_train:06783.jpg
6783,train,cars_train:06784.jpg
6784,train,cars_train:06785.jpg
6785,train,cars_train:06786.jpg
6788,train,cars_train:06789.jpg
6789,train,cars_train:06790.jpg
6790,train,cars_train:06791.jpg
6792,train,cars_train:06793.jpg
6794,train,cars_train:06795.jpg
6795,train,cars_train:06796.jpg
6796,train,cars_train:06797.jpg
6797,train,cars_train:06798.jpg
6801,train,cars_train:06802.jpg
6802,train,cars_train:06803.jpg
6804,train,cars_train:06805.jpg
6805,train,cars_train:06806.jpg
6807,train,cars_train:06808.jpg
6808,train,cars_train:06809.jpg
6809,train,cars_train:06810.jpg
6810,train,cars_train:06811.jpg
6811,train,cars_train:06812.jpg
6812,train,cars_train:06813.jpg
6813,train,cars_train:06814.jpg
6814,train,cars_train:06815.jpg
6815,train,cars_train:06816.jpg
6817,train,cars_train:06818.jpg
6819,train,cars_train:06820.jpg
6821,train,cars_train:06822.jpg
6824,train,cars_train:06825.jpg
6825,train,cars_train:06826.jpg
6826,train,cars_train:06827.jpg
6827,train,cars_train:06828.jpg
6829,train,cars_train:06830.jpg
6830,train,cars_train:06831.jpg
6831,train,cars_train:06832.jpg
6832,train,cars_train:06833.jpg
6833,train,cars_train:06834.jpg
6834,train,cars_train:06835.jpg
6835,train,cars_train:06836.jpg
6836,train,cars_train:06837.jpg
6837,train,cars_train:06838.jpg
6838,train,cars_train:06839.jpg
6839,train,cars_train:06840.jpg
6840,train,cars_train:06841.jpg
6841,train,cars_train:06842.jpg
6842,train,cars_train:06843.jpg
6843,train,cars_train:06844.jpg
6845,train,cars_train:06846.jpg
6848,train,cars_train:06849.jpg
6849,train,cars_train:06850.jpg
6850,train,cars_train:06851.jpg
6851,train,cars_train:06852.jpg
6852,train,cars_train:06853.jpg
6853,train,cars_train:06854.jpg
6854,train,cars_train:06855.jpg
6855,train,cars_train:06856.jpg
6858,train,cars_train:06859.jpg
6859,train,cars_train:06860.jpg
6860,train,cars_train:06861.jpg
6861,train,cars_train:06862.jpg
6862,train,cars_train:06863.jpg
6863,train,cars_train:06864.jpg
6864,train,cars_train:06865.jpg
6865,train,cars_train:06866.jpg
6866,train,cars_train:06867.jpg
6867,train,cars_train:06868.jpg
6868,train,cars_train:06869.jpg
6870,train,cars_train:06871.jpg
6871,train,cars_train:06872.jpg
6873,train,cars_train:06874.jpg
6874,train,cars_train:06875.jpg
6876,train,cars_train:06877.jpg
6877,train,cars_train:06878.jpg
6878,train,cars_train:06879.jpg
6879,train,cars_train:06880.jpg
6880,train,cars_train:06881.jpg
6881,train,cars_train:06882.jpg
6883,train,cars_train:06884.jpg
6884,train,cars_train:06885.jpg
6885,train,cars_train:06886.jpg
6886,train,cars_train:06887.jpg
6887,train,cars_train:06888.jpg
6888,train,cars_train:06889.jpg
6890,train,cars_train:06891.jpg
6891,train,cars_train:06892.jpg
6892,train,cars_train:06893.jpg
6896,train,cars_train:06897.jpg
6897,train,cars_train:06898.jpg
6898,train,cars_train:06899.jpg
6899,train,cars_train:06900.jpg
6900,train,cars_train:06901.jpg
6901,train,cars_train:06902.jpg
6902,train,cars_train:06903.jpg
6905,train,cars_train:06906.jpg
6906,train,cars_train:06907.jpg
6907,train,cars_train:06908.jpg
6908,train,cars_train:06909.jpg
6909,train,cars_train:06910.jpg
6910,train,cars_train:06911.jpg
6911,train,cars_train:06912.jpg
6912,train,cars_train:06913.jpg
6914,train,cars_train:06915.jpg
6915,train,cars_train:06916.jpg
6916,train,cars_train:06917.jpg
6917,train,cars_train:06918.jpg
6918,train,cars_train:06919.jpg
6919,train,cars_train:06920.jpg
6921,train,cars_train:06922.jpg
6922,train,cars_train:06923.jpg
6923,train,cars_train:06924.jpg
6925,train,cars_train:06926.jpg
6926,train,cars_train:06927.jpg
6928,train,cars_train:06929.jpg
6930,train,cars_train:06931.jpg
6931,train,cars_train:06932.jpg
6932,train,cars_train:06933.jpg
6933,train,cars_train:06934.jpg
6934,train,cars_train:06935.jpg
6935,train,cars_train:06936.jpg
6936,train,cars_train:06937.jpg
6937,train,cars_train:06938.jpg
6938,train,cars_train:06939.jpg
6939,train,cars_train:06940.jpg
6940,train,cars_train:06941.jpg
6941,train,cars_train:06942.jpg
6943,train,cars_train:06944.jpg
6944,train,cars_train:06945.jpg
6945,train,cars_train:06946.jpg
6946,train,cars_train:06947.jpg
6947,train,cars_train:06948.jpg
6948,train,cars_train:06949.jpg
6949,train,cars_train:06950.jpg
6951,train,cars_train:06952.jpg
6952,train,cars_train:06953.jpg
6953,train,cars_train:06954.jpg
6954,train,cars_train:06955.jpg
6955,train,cars_train:06956.jpg
6957,train,cars_train:06958.jpg
6958,train,cars_train:06959.jpg
6959,train,cars_train:06960.jpg
6960,train,cars_train:06961.jpg
6961,train,cars_train:06962.jpg
6962,train,cars_train:06963.jpg
6964,train,cars_train:06965.jpg
6965,train,cars_train:06966.jpg
6966,train,cars_train:06967.jpg
6967,train,cars_train:06968.jpg
6968,train,cars_train:06969.jpg
6971,train,cars_train:06972.jpg
6972,train,cars_train:06973.jpg
6973,train,cars_train:06974.jpg
6974,train,cars_train:06975.jpg
6976,train,cars_train:06977.jpg
6977,train,cars_train:06978.jpg
6978,train,cars_train:06979.jpg
6979,train,cars_train:06980.jpg
6980,train,cars_train:06981.jpg
6984,train,cars_train:06985.jpg
6985,train,cars_train:06986.jpg
6987,train,cars_train:06988.jpg
6988,train,cars_train:06989.jpg
6989,train,cars_train:06990.jpg
6990,train,cars_train:06991.jpg
6991,train,cars_train:06992.jpg
6993,train,cars_train:06994.jpg
6994,train,cars_train:06995.jpg
6995,train,cars_train:06996.jpg
6996,train,cars_train:06997.jpg
6997,train,cars_train:06998.jpg
6999,train,cars_train:07000.jpg
7001,train,cars_train:07002.jpg
7002,train,cars_train:07003.jpg
7004,train,cars_train:07005.jpg
7005,train,cars_train:07006.jpg
7006,train,cars_train:07007.jpg
7007,train,cars_train:07008.jpg
7008,train,cars_train:07009.jpg
7009,train,cars_train:07010.jpg
7011,train,cars_train:07012.jpg
7013,train,cars_train:07014.jpg
7014,train,cars_train:07015.jpg
7015,train,cars_train:07016.jpg
7016,train,cars_train:07017.jpg
7017,train,cars_train:07018.jpg
7018,train,cars_train:07019.jpg
7019,train,cars_train:07020.jpg
7021,train,cars_train:07022.jpg
7022,train,cars_train:07023.jpg
7023,train,cars_train:07024.jpg
7024,train,cars_train:07025.jpg
7025,train,cars_train:07026.jpg
7026,train,cars_train:07027.jpg
7027,train,cars_train:07028.jpg
7028,train,cars_train:07029.jpg
7030,train,cars_train:07031.jpg
7031,train,cars_train:07032.jpg
7033,train,cars_train:07034.jpg
7034,train,cars_train:07035.jpg
7035,train,cars_train:07036.jpg
7036,train,cars_train:07037.jpg
7037,train,cars_train:07038.jpg
7039,train,cars_train:07040.jpg
7042,train,cars_train:07043.jpg
7043,train,cars_train:07044.jpg
7044,train,cars_train:07045.jpg
7046,train,cars_train:07047.jpg
7048,train,cars_train:07049.jpg
7049,train,cars_train:07050.jpg
7050,train,cars_train:07051.jpg
7051,train,cars_train:07052.jpg
7054,train,cars_train:07055.jpg
7055,train,cars_train:07056.jpg
7056,train,cars_train:07057.jpg
7058,train,cars_train:07059.jpg
7059,train,cars_train:07060.jpg
7060,train,cars_train:07061.jpg
7061,train,cars_train:07062.jpg
7062,train,cars_train:07063.jpg
7063,train,cars_train:07064.jpg
7064,train,cars_train:07065.jpg
7065,train,cars_train:07066.jpg
7066,train,cars_train:07067.jpg
7067,train,cars_train:07068.jpg
7068,train,cars_train:07069.jpg
7069,train,cars_train:07070.jpg
7070,train,cars_train:07071.jpg
7071,train,cars_train:07072.jpg
7073,train,cars_train:07074.jpg
7074,train,cars_train:07075.jpg
7075,train,cars_train:07076.jpg
7076,train,cars_train:07077.jpg
7079,train,cars_train:07080.jpg
7080,train,cars_train:07081.jpg
7081,train,cars_train:07082.jpg
7082,train,cars_train:07083.jpg
7083,train,cars_train:07084.jpg
7085,train,cars_train:07086.jpg
7086,train,cars_train:07087.jpg
7087,train,cars_train:07088.jpg
7090,train,cars_train:07091.jpg
7091,train,cars_train:07092.jpg
7092,train,cars_train:07093.jpg
7093,train,cars_train:07094.jpg
7094,train,cars_train:07095.jpg
7095,train,cars_train:07096.jpg
7096,train,cars_train:07097.jpg
7097,train,cars_train:07098.jpg
7098,train,cars_train:07099.jpg
7100,train,cars_train:07101.jpg
7101,train,cars_train:07102.jpg
7102,train,cars_train:07103.jpg
7103,train,cars_train:07104.jpg
7105,train,cars_train:07106.jpg
7106,train,cars_train:07107.jpg
7107,train,cars_train:07108.jpg
7108,train,cars_train:07109.jpg
7109,train,cars_train:07110.jpg
7111,train,cars_train:07112.jpg
7113,train,cars_train:07114.jpg
7114,train,cars_train:07115.jpg
7115,train,cars_train:07116.jpg
7116,train,cars_train:07117.jpg
7118,train,cars_train:07119.jpg
7119,train,cars_train:07120.jpg
7121,train,cars_train:07122.jpg
7122,train,cars_train:07123.jpg
7123,train,cars_train:07124.jpg
7124,train,cars_train:07125.jpg
7125,train,cars_train:07126.jpg
7126,train,cars_train:07127.jpg
7128,train,cars_train:07129.jpg
7129,train,cars_train:07130.jpg
7130,train,cars_train:07131.jpg
7131,train,cars_train:07132.jpg
7132,train,cars_train:07133.jpg
7133,train,cars_train:07134.jpg
7134,train,cars_train:07135.jpg
7135,train,cars_train:07136.jpg
7136,train,cars_train:07137.jpg
7137,train,cars_train:07138.jpg
7138,train,cars_train:07139.jpg
7139,train,cars_train:07140.jpg
7143,train,cars_train:07144.jpg
7144,train,cars_train:07145.jpg
7145,train,cars_train:07146.jpg
7146,train,cars_train:07147.jpg
7147,train,cars_train:07148.jpg
7148,train,cars_train:07149.jpg
7150,train,cars_train:07151.jpg
7151,train,cars_train:07152.jpg
7152,train,cars_train:07153.jpg
7153,train,cars_train:07154.jpg
7155,train,cars_train:07156.jpg
7156,train,cars_train:07157.jpg
7158,train,cars_train:07159.jpg
7159,train,cars_train:07160.jpg
7161,train,cars_train:07162.jpg
7162,train,cars_train:07163.jpg
7164,train,cars_train:07165.jpg
7165,train,cars_train:07166.jpg
7166,train,cars_train:07167.jpg
7167,train,cars_train:07168.jpg
7168,train,cars_train:07169.jpg
7169,train,cars_train:07170.jpg
7170,train,cars_train:07171.jpg
7171,train,cars_train:07172.jpg
7172,train,cars_train:07173.jpg
7173,train,cars_train:07174.jpg
7174,train,cars_train:07175.jpg
7175,train,cars_train:07176.jpg
7176,train,cars_train:07177.jpg
7178,train,cars_train:07179.jpg
7179,train,cars_train:07180.jpg
7180,train,cars_train:07181.jpg
7181,train,cars_train:07182.jpg
7182,train,cars_train:07183.jpg
7183,train,cars_train:07184.jpg
7184,train,cars_train:07185.jpg
7185,train,cars_train:07186.jpg
7186,train,cars_train:07187.jpg
7188,train,cars_train:07189.jpg
7191,train,cars_train:07192.jpg
7192,train,cars_train:07193.jpg
7194,train,cars_train:07195.jpg
7195,train,cars_train:07196.jpg
7196,train,cars_train:07197.jpg
7198,train,cars_train:07199.jpg
7199,train,cars_train:07200.jpg
7201,train,cars_train:07202.jpg
7202,train,cars_train:07203.jpg
7203,train,cars_train:07204.jpg
7205,train,cars_train:07206.jpg
7206,train,cars_train:07207.jpg
7208,train,cars_train:07209.jpg
7209,train,cars_train:07210.jpg
7210,train,cars_train:07211.jpg
7214,train,cars_train:07215.jpg
7215,train,cars_train:07216.jpg
7216,train,cars_train:07217.jpg
7217,train,cars_train:07218.jpg
7220,train,cars_train:07221.jpg
7221,train,cars_train:07222.jpg
7222,train,cars_train:07223.jpg
7224,train,cars_train:07225.jpg
7226,train,cars_train:07227.jpg
7227,train,cars_train:07228.jpg
7228,train,cars_train:07229.jpg
7229,train,cars_train:07230.jpg
7230,train,cars_train:07231.jpg
7231,train,cars_train:07232.jpg
7232,train,cars_train:07233.jpg
7233,train,cars_train:07234.jpg
7234,train,cars_train:07235.jpg
7235,train,cars_train:07236.jpg
7237,train,cars_train:07238.jpg
7238,train,cars_train:07239.jpg
7239,train,cars_train:07240.jpg
7240,train,cars_train:07241.jpg
7241,train,cars_train:07242.jpg
7242,train,cars_train:07243.jpg
7244,train,cars_train:07245.jpg
7245,train,cars_train:07246.jpg
7247,train,cars_train:07248.jpg
7248,train,cars_train:07249.jpg
7250,train,cars_train:07251.jpg
7253,train,cars_train:07254.jpg
7254,train,cars_train:07255.jpg
7255,train,cars_train:07256.jpg
7256,train,cars_train:07257.jpg
7259,train,cars_train:07260.jpg
7262,train,cars_train:07263.jpg
7263,train,cars_train:07264.jpg
7264,train,cars_train:07265.jpg
7265,train,cars_train:07266.jpg
7266,train,cars_train:07267.jpg
7267,train,cars_train:07268.jpg
7268,train,cars_train:07269.jpg
7269,train,cars_train:07270.jpg
7270,train,cars_train:07271.jpg
7271,train,cars_train:07272.jpg
7272,train,cars_train:07273.jpg
7273,train,cars_train:07274.jpg
7274,train,cars_train:07275.jpg
7275,train,cars_train:07276.jpg
7276,train,cars_train:07277.jpg
7278,train,cars_train:07279.jpg
7279,train,cars_train:07280.jpg
7280,train,cars_train:07281.jpg
7282,train,cars_train:07283.jpg
7283,train,cars_train:07284.jpg
7284,train,cars_train:07285.jpg
7285,train,cars_train:07286.jpg
7286,train,cars_train:07287.jpg
7288,train,cars_train:07289.jpg
7289,train,cars_train:07290.jpg
7290,train,cars_train:07291.jpg
7291,train,cars_train:07292.jpg
7292,train,cars_train:07293.jpg
7293,train,cars_train:07294.jpg
7295,train,cars_train:07296.jpg
7296,train,cars_train:07297.jpg
7297,train,cars_train:07298.jpg
7298,train,cars_train:07299.jpg
7299,train,cars_train:07300.jpg
7300,train,cars_train:07301.jpg
7301,train,cars_train:07302.jpg
7302,train,cars_train:07303.jpg
7304,train,cars_train:07305.jpg
7306,train,cars_train:07307.jpg
7308,train,cars_train:07309.jpg
7309,train,cars_train:07310.jpg
7310,train,cars_train:07311.jpg
7311,train,cars_train:07312.jpg
7312,train,cars_train:07313.jpg
7313,train,cars_train:07314.jpg
7314,train,cars_train:07315.jpg
7315,train,cars_train:07316.jpg
7316,train,cars_train:07317.jpg
7318,train,cars_train:07319.jpg
7319,train,cars_train:07320.jpg
7321,train,cars_train:07322.jpg
7322,train,cars_train:07323.jpg
7324,train,cars_train:07325.jpg
7327,train,cars_train:07328.jpg
7328,train,cars_train:07329.jpg
7329,train,cars_train:07330.jpg
7330,train,cars_train:07331.jpg
7331,train,cars_train:07332.jpg
7334,train,cars_train:07335.jpg
7335,train,cars_train:07336.jpg
7336,train,cars_train:07337.jpg
7337,train,cars_train:07338.jpg
7338,train,cars_train:07339.jpg
7339,train,cars_train:07340.jpg
7340,train,cars_train:07341.jpg
7341,train,cars_train:07342.jpg
7342,train,cars_train:07343.jpg
7344,train,cars_train:07345.jpg
7345,train,cars_train:07346.jpg
7346,train,cars_train:07347.jpg
7347,train,cars_train:07348.jpg
7348,train,cars_train:07349.jpg
7350,train,cars_train:07351.jpg
7351,train,cars_train:07352.jpg
7352,train,cars_train:07353.jpg
7353,train,cars_train:07354.jpg
7354,train,cars_train:07355.jpg
7355,train,cars_train:07356.jpg
7356,train,cars_train:07357.jpg
7360,train,cars_train:07361.jpg
7361,train,cars_train:07362.jpg
7362,train,cars_train:07363.jpg
7363,train,cars_train:07364.jpg
7364,train,cars_train:07365.jpg
7365,train,cars_train:07366.jpg
7366,train,cars_train:07367.jpg
7367,train,cars_train:07368.jpg
7368,train,cars_train:07369.jpg
7369,train,cars_train:07370.jpg
7370,train,cars_train:07371.jpg
7371,train,cars_train:07372.jpg
7372,train,cars_train:07373.jpg
7373,train,cars_train:07374.jpg
7374,train,cars_train:07375.jpg
7376,train,cars_train:07377.jpg
7377,train,cars_train:07378.jpg
7379,train,cars_train:07380.jpg
7380,train,cars_train:07381.jpg
7382,train,cars_train:07383.jpg
7383,train,cars_train:07384.jpg
7385,train,cars_train:07386.jpg
7386,train,cars_train:07387.jpg
7387,train,cars_train:07388.jpg
7388,train,cars_train:07389.jpg
7391,train,cars_train:07392.jpg
7393,train,cars_train:07394.jpg
7394,train,cars_train:07395.jpg
7395,train,cars_train:07396.jpg
7396,train,cars_train:07397.jpg
7400,train,cars_train:07401.jpg
7401,train,cars_train:07402.jpg
7402,train,cars_train:07403.jpg
7403,train,cars_train:07404.jpg
7406,train,cars_train:07407.jpg
7407,train,cars_train:07408.jpg
7408,train,cars_train:07409.jpg
7409,train,cars_train:07410.jpg
7410,train,cars_train:07411.jpg
7413,train,cars_train:07414.jpg
7414,train,cars_train:07415.jpg
7415,train,cars_train:07416.jpg
7416,train,cars_train:07417.jpg
7418,train,cars_train:07419.jpg
7419,train,cars_train:07420.jpg
7420,train,cars_train:07421.jpg
7421,train,cars_train:07422.jpg
7422,train,cars_train:07423.jpg
7423,train,cars_train:07424.jpg
7424,train,cars_train:07425.jpg
7425,train,cars_train:07426.jpg
7426,train,cars_train:07427.jpg
7427,train,cars_train:07428.jpg
7428,train,cars_train:07429.jpg
7432,train,cars_train:07433.jpg
7433,train,cars_train:07434.jpg
7434,train,cars_train:07435.jpg
7435,train,cars_train:07436.jpg
7436,train,cars_train:07437.jpg
7437,train,cars_train:07438.jpg
7439,train,cars_train:07440.jpg
7440,train,cars_train:07441.jpg
7441,train,cars_train:07442.jpg
7442,train,cars_train:07443.jpg
7444,train,cars_train:07445.jpg
7445,train,cars_train:07446.jpg
7447,train,cars_train:07448.jpg
7448,train,cars_train:07449.jpg
7449,train,cars_train:07450.jpg
7450,train,cars_train:07451.jpg
7451,train,cars_train:07452.jpg
7454,train,cars_train:07455.jpg
7457,train,cars_train:07458.jpg
7458,train,cars_train:07459.jpg
7459,train,cars_train:07460.jpg
7462,train,cars_train:07463.jpg
7463,train,cars_train:07464.jpg
7464,train,cars_train:07465.jpg
7465,train,cars_train:07466.jpg
7466,train,cars_train:07467.jpg
7467,train,cars_train:07468.jpg
7468,train,cars_train:07469.jpg
7470,train,cars_train:07471.jpg
7471,train,cars_train:07472.jpg
7472,train,cars_train:07473.jpg
7473,train,cars_train:07474.jpg
7474,train,cars_train:07475.jpg
7475,train,cars_train:07476.jpg
7476,train,cars_train:07477.jpg
7477,train,cars_train:07478.jpg
7478,train,cars_train:07479.jpg
7479,train,cars_train:07480.jpg
7481,train,cars_train:07482.jpg
7482,train,cars_train:07483.jpg
7483,train,cars_train:07484.jpg
7485,train,cars_train:07486.jpg
7486,train,cars_train:07487.jpg
7487,train,cars_train:07488.jpg
7488,train,cars_train:07489.jpg
7489,train,cars_train:07490.jpg
7490,train,cars_train:07491.jpg
7492,train,cars_train:07493.jpg
7494,train,cars_train:07495.jpg
7496,train,cars_train:07497.jpg
7497,train,cars_train:07498.jpg
7498,train,cars_train:07499.jpg
7499,train,cars_train:07500.jpg
7500,train,cars_train:07501.jpg
7501,train,cars_train:07502.jpg
7502,train,cars_train:07503.jpg
7503,train,cars_train:07504.jpg
7504,train,cars_train:07505.jpg
7505,train,cars_train:07506.jpg
7506,train,cars_train:07507.jpg
7507,train,cars_train:07508.jpg
7509,train,cars_train:07510.jpg
7510,train,cars_train:07511.jpg
7511,train,cars_train:07512.jpg
7512,train,cars_train:07513.jpg
7513,train,cars_train:07514.jpg
7514,train,cars_train:07515.jpg
7515,train,cars_train:07516.jpg
7516,train,cars_train:07517.jpg
7517,train,cars_train:07518.jpg
7518,train,cars_train:07519.jpg
7519,train,cars_train:07520.jpg
7520,train,cars_train:07521.jpg
7521,train,cars_train:07522.jpg
7522,train,cars_train:07523.jpg
7523,train,cars_train:07524.jpg
7524,train,cars_train:07525.jpg
7525,train,cars_train:07526.jpg
7526,train,cars_train:07527.jpg
7527,train,cars_train:07528.jpg
7530,train,cars_train:07531.jpg
7531,train,cars_train:07532.jpg
7532,train,cars_train:07533.jpg
7533,train,cars_train:07534.jpg
7534,train,cars_train:07535.jpg
7535,train,cars_train:07536.jpg
7536,train,cars_train:07537.jpg
7537,train,cars_train:07538.jpg
7538,train,cars_train:07539.jpg
7539,train,cars_train:07540.jpg
7540,train,cars_train:07541.jpg
7541,train,cars_train:07542.jpg
7542,train,cars_train:07543.jpg
7543,train,cars_train:07544.jpg
7545,train,cars_train:07546.jpg
7546,train,cars_train:07547.jpg
7547,train,cars_train:07548.jpg
7548,train,cars_train:07549.jpg
7549,train,cars_train:07550.jpg
7550,train,cars_train:07551.jpg
7551,train,cars_train:07552.jpg
7552,train,cars_train:07553.jpg
7553,train,cars_train:07554.jpg
7554,train,cars_train:07555.jpg
7555,train,cars_train:07556.jpg
7556,train,cars_train:07557.jpg
7558,train,cars_train:07559.jpg
7561,train,cars_train:07562.jpg
7563,train,cars_train:07564.jpg
7564,train,cars_train:07565.jpg
7565,train,cars_train:07566.jpg
7566,train,cars_train:07567.jpg
7567,train,cars_train:07568.jpg
7568,train,cars_train:07569.jpg
7570,train,cars_train:07571.jpg
7571,train,cars_train:07572.jpg
7572,train,cars_train:07573.jpg
7573,train,cars_train:07574.jpg
7576,train,cars_train:07577.jpg
7577,train,cars_train:07578.jpg
7578,train,cars_train:07579.jpg
7579,train,cars_train:07580.jpg
7580,train,cars_train:07581.jpg
7581,train,cars_train:07582.jpg
7583,train,cars_train:07584.jpg
7584,train,cars_train:07585.jpg
7585,train,cars_train:07586.jpg
7586,train,cars_train:07587.jpg
7587,train,cars_train:07588.jpg
7588,train,cars_train:07589.jpg
7589,train,cars_train:07590.jpg
7590,train,cars_train:07591.jpg
7591,train,cars_train:07592.jpg
7592,train,cars_train:07593.jpg
7593,train,cars_train:07594.jpg
7594,train,cars_train:07595.jpg
7596,train,cars_train:07597.jpg
7597,train,cars_train:07598.jpg
7598,train,cars_train:07599.jpg
7599,train,cars_train:07600.jpg
7600,train,cars_train:07601.jpg
7601,train,cars_train:07602.jpg
7602,train,cars_train:07603.jpg
7603,train,cars_train:07604.jpg
7604,train,cars_train:07605.jpg
7605,train,cars_train:07606.jpg
7606,train,cars_train:07607.jpg
7607,train,cars_train:07608.jpg
7610,train,cars_train:07611.jpg
7611,train,cars_train:07612.jpg
7612,train,cars_train:07613.jpg
7613,train,cars_train:07614.jpg
7615,train,cars_train:07616.jpg
7616,train,cars_train:07617.jpg
7617,train,cars_train:07618.jpg
7618,train,cars_train:07619.jpg
7621,train,cars_train:07622.jpg
7622,train,cars_train:07623.jpg
7623,train,cars_train:07624.jpg
7624,train,cars_train:07625.jpg
7625,train,cars_train:07626.jpg
7627,train,cars_train:07628.jpg
7628,train,cars_train:07629.jpg
7629,train,cars_train:07630.jpg
7630,train,cars_train:07631.jpg
7631,train,cars_train:07632.jpg
7633,train,cars_train:07634.jpg
7634,train,cars_train:07635.jpg
7635,train,cars_train:07636.jpg
7636,train,cars_train:07637.jpg
7637,train,cars_train:07638.jpg
7638,train,cars_train:07639.jpg
7639,train,cars_train:07640.jpg
7640,train,cars_train:07641.jpg
7641,train,cars_train:07642.jpg
7642,train,cars_train:07643.jpg
7645,train,cars_train:07646.jpg
7646,train,cars_train:07647.jpg
7647,train,cars_train:07648.jpg
7648,train,cars_train:07649.jpg
7650,train,cars_train:07651.jpg
7651,train,cars_train:07652.jpg
7652,train,cars_train:07653.jpg
7654,train,cars_train:07655.jpg
7655,train,cars_train:07656.jpg
7656,train,cars_train:07657.jpg
7660,train,cars_train:07661.jpg
7661,train,cars_train:07662.jpg
7662,train,cars_train:07663.jpg
7663,train,cars_train:07664.jpg
7665,train,cars_train:07666.jpg
7666,train,cars_train:07667.jpg
7667,train,cars_train:07668.jpg
7669,train,cars_train:07670.jpg
7670,train,cars_train:07671.jpg
7671,train,cars_train:07672.jpg
7672,train,cars_train:07673.jpg
7675,train,cars_train:07676.jpg
7677,train,cars_train:07678.jpg
7678,train,cars_train:07679.jpg
7679,train,cars_train:07680.jpg
7680,train,cars_train:07681.jpg
7681,train,cars_train:07682.jpg
7682,train,cars_train:07683.jpg
7683,train,cars_train:07684.jpg
7684,train,cars_train:07685.jpg
7685,train,cars_train:07686.jpg
7686,train,cars_train:07687.jpg
7687,train,cars_train:07688.jpg
7688,train,cars_train:07689.jpg
7689,train,cars_train:07690.jpg
7692,train,cars_train:07693.jpg
7693,train,cars_train:07694.jpg
7694,train,cars_train:07695.jpg
7695,train,cars_train:07696.jpg
7696,train,cars_train:07697.jpg
7697,train,cars_train:07698.jpg
7698,train,cars_train:07699.jpg
7700,train,cars_train:07701.jpg
7701,train,cars_train:07702.jpg
7702,train,cars_train:07703.jpg
7704,train,cars_train:07705.jpg
7705,train,cars_train:07706.jpg
7706,train,cars_train:07707.jpg
7707,train,cars_train:07708.jpg
7708,train,cars_train:07709.jpg
7711,train,cars_train:07712.jpg
7712,train,cars_train:07713.jpg
7713,train,cars_train:07714.jpg
7715,train,cars_train:07716.jpg
7716,train,cars_train:07717.jpg
7717,train,cars_train:07718.jpg
7722,train,cars_train:07723.jpg
7723,train,cars_train:07724.jpg
7725,train,cars_train:07726.jpg
7726,train,cars_train:07727.jpg
7727,train,cars_train:07728.jpg
7728,train,cars_train:07729.jpg
7730,train,cars_train:07731.jpg
7731,train,cars_train:07732.jpg
7733,train,cars_train:07734.jpg
7734,train,cars_train:07735.jpg
7735,train,cars_train:07736.jpg
7736,train,cars_train:07737.jpg
7737,train,cars_train:07738.jpg
7738,train,cars_train:07739.jpg
7739,train,cars_train:07740.jpg
7740,train,cars_train:07741.jpg
7741,train,cars_train:07742.jpg
7742,train,cars_train:07743.jpg
7743,train,cars_train:07744.jpg
7744,train,cars_train:07745.jpg
7746,train,cars_train:07747.jpg
7747,train,cars_train:07748.jpg
7751,train,cars_train:07752.jpg
7752,train,cars_train:07753.jpg
7753,train,cars_train:07754.jpg
7754,train,cars_train:07755.jpg
7755,train,cars_train:07756.jpg
7757,train,cars_train:07758.jpg
7759,train,cars_train:07760.jpg
7760,train,cars_train:07761.jpg
7761,train,cars_train:07762.jpg
7763,train,cars_train:07764.jpg
7764,train,cars_train:07765.jpg
7765,train,cars_train:07766.jpg
7766,train,cars_train:07767.jpg
7768,train,cars_train:07769.jpg
7770,train,cars_train:07771.jpg
7771,train,cars_train:07772.jpg
7772,train,cars_train:07773.jpg
7773,train,cars_train:07774.jpg
7774,train,cars_train:07775.jpg
7775,train,cars_train:07776.jpg
7776,train,cars_train:07777.jpg
7777,train,cars_train:07778.jpg
7778,train,cars_train:07779.jpg
7779,train,cars_train:07780.jpg
7780,train,cars_train:07781.jpg
7782,train,cars_train:07783.jpg
7783,train,cars_train:07784.jpg
7784,train,cars_train:07785.jpg
7785,train,cars_train:07786.jpg
7786,train,cars_train:07787.jpg
7787,train,cars_train:07788.jpg
7788,train,cars_train:07789.jpg
7792,train,cars_train:07793.jpg
7793,train,cars_train:07794.jpg
7794,train,cars_train:07795.jpg
7795,train,cars_train:07796.jpg
7796,train,cars_train:07797.jpg
7797,train,cars_train:07798.jpg
7798,train,cars_train:07799.jpg
7800,train,cars_train:07801.jpg
7801,train,cars_train:07802.jpg
7803,train,cars_train:07804.jpg
7804,train,cars_train:07805.jpg
7805,train,cars_train:07806.jpg
7806,train,cars_train:07807.jpg
7807,train,cars_train:07808.jpg
7808,train,cars_train:07809.jpg
7809,train,cars_train:07810.jpg
7810,train,cars_train:07811.jpg
7811,train,cars_train:07812.jpg
7812,train,cars_train:07813.jpg
7813,train,cars_train:07814.jpg
7814,train,cars_train:07815.jpg
7815,train,cars_train:07816.jpg
7817,train,cars_train:07818.jpg
7818,train,cars_train:07819.jpg
7819,train,cars_train:07820.jpg
7820,train,cars_train:07821.jpg
7822,train,cars_train:07823.jpg
7823,train,cars_train:07824.jpg
7824,train,cars_train:07825.jpg
7825,train,cars_train:07826.jpg
7826,train,cars_train:07827.jpg
7828,train,cars_train:07829.jpg
7829,train,cars_train:07830.jpg
7830,train,cars_train:07831.jpg
7831,train,cars_train:07832.jpg
7832,train,cars_train:07833.jpg
7833,train,cars_train:07834.jpg
7834,train,cars_train:07835.jpg
7835,train,cars_train:07836.jpg
7836,train,cars_train:07837.jpg
7837,train,cars_train:07838.jpg
7838,train,cars_train:07839.jpg
7839,train,cars_train:07840.jpg
7840,train,cars_train:07841.jpg
7841,train,cars_train:07842.jpg
7842,train,cars_train:07843.jpg
7843,train,cars_train:07844.jpg
7844,train,cars_train:07845.jpg
7845,train,cars_train:07846.jpg
7847,train,cars_train:07848.jpg
7848,train,cars_train:07849.jpg
7849,train,cars_train:07850.jpg
7850,train,cars_train:07851.jpg
7851,train,cars_train:07852.jpg
7852,train,cars_train:07853.jpg
7853,train,cars_train:07854.jpg
7854,train,cars_train:07855.jpg
7856,train,cars_train:07857.jpg
7857,train,cars_train:07858.jpg
7858,train,cars_train:07859.jpg
7859,train,cars_train:07860.jpg
7860,train,cars_train:07861.jpg
7861,train,cars_train:07862.jpg
7862,train,cars_train:07863.jpg
7864,train,cars_train:07865.jpg
7865,train,cars_train:07866.jpg
7867,train,cars_train:07868.jpg
7868,train,cars_train:07869.jpg
7869,train,cars_train:07870.jpg
7871,train,cars_train:07872.jpg
7872,train,cars_train:07873.jpg
7873,train,cars_train:07874.jpg
7874,train,cars_train:07875.jpg
7875,train,cars_train:07876.jpg
7876,train,cars_train:07877.jpg
7877,train,cars_train:07878.jpg
7878,train,cars_train:07879.jpg
7879,train,cars_train:07880.jpg
7880,train,cars_train:07881.jpg
7882,train,cars_train:07883.jpg
7883,train,cars_train:07884.jpg
7885,train,cars_train:07886.jpg
7886,train,cars_train:07887.jpg
7888,train,cars_train:07889.jpg
7889,train,cars_train:07890.jpg
7890,train,cars_train:07891.jpg
7891,train,cars_train:07892.jpg
7892,train,cars_train:07893.jpg
7894,train,cars_train:07895.jpg
7895,train,cars_train:07896.jpg
7896,train,cars_train:07897.jpg
7897,train,cars_train:07898.jpg
7900,train,cars_train:07901.jpg
7901,train,cars_train:07902.jpg
7902,train,cars_train:07903.jpg
7903,train,cars_train:07904.jpg
7904,train,cars_train:07905.jpg
7905,train,cars_train:07906.jpg
7906,train,cars_train:07907.jpg
7909,train,cars_train:07910.jpg
7911,train,cars_train:07912.jpg
7913,train,cars_train:07914.jpg
7914,train,cars_train:07915.jpg
7915,train,cars_train:07916.jpg
7916,train,cars_train:07917.jpg
7917,train,cars_train:07918.jpg
7918,train,cars_train:07919.jpg
7919,train,cars_train:07920.jpg
7920,train,cars_train:07921.jpg
7921,train,cars_train:07922.jpg
7922,train,cars_train:07923.jpg
7923,train,cars_train:07924.jpg
7924,train,cars_train:07925.jpg
7926,train,cars_train:07927.jpg
7927,train,cars_train:07928.jpg
7928,train,cars_train:07929.jpg
7929,train,cars_train:07930.jpg
7930,train,cars_train:07931.jpg
7932,train,cars_train:07933.jpg
7934,train,cars_train:07935.jpg
7936,train,cars_train:07937.jpg
7937,train,cars_train:07938.jpg
7938,train,cars_train:07939.jpg
7941,train,cars_train:07942.jpg
7942,train,cars_train:07943.jpg
7943,train,cars_train:07944.jpg
7944,train,cars_train:07945.jpg
7945,train,cars_train:07946.jpg
7947,train,cars_train:07948.jpg
7948,train,cars_train:07949.jpg
7949,train,cars_train:07950.jpg
7950,train,cars_train:07951.jpg
7951,train,cars_train:07952.jpg
7952,train,cars_train:07953.jpg
7953,train,cars_train:07954.jpg
7954,train,cars_train:07955.jpg
7955,train,cars_train:07956.jpg
7956,train,cars_train:07957.jpg
7957,train,cars_train:07958.jpg
7958,train,cars_train:07959.jpg
7959,train,cars_train:07960.jpg
7960,train,cars_train:07961.jpg
7961,train,cars_train:07962.jpg
7962,train,cars_train:07963.jpg
7963,train,cars_train:07964.jpg
7964,train,cars_train:07965.jpg
7965,train,cars_train:07966.jpg
7966,train,cars_train:07967.jpg
7969,train,cars_train:07970.jpg
7971,train,cars_train:07972.jpg
7972,train,cars_train:07973.jpg
7973,train,cars_train:07974.jpg
7974,train,cars_train:07975.jpg
7976,train,cars_train:07977.jpg
7977,train,cars_train:07978.jpg
7979,train,cars_train:07980.jpg
7980,train,cars_train:07981.jpg
7981,train,cars_train:07982.jpg
7982,train,cars_train:07983.jpg
7983,train,cars_train:07984.jpg
7984,train,cars_train:07985.jpg
7986,train,cars_train:07987.jpg
7987,train,cars_train:07988.jpg
7988,train,cars_train:07989.jpg
7990,train,cars_train:07991.jpg
7992,train,cars_train:07993.jpg
7993,train,cars_train:07994.jpg
7994,train,cars_train:07995.jpg
7995,train,cars_train:07996.jpg
7996,train,cars_train:07997.jpg
7997,train,cars_train:07998.jpg
7998,train,cars_train:07999.jpg
7999,train,cars_train:08000.jpg
8000,train,cars_train:08001.jpg
8002,train,cars_train:08003.jpg
8003,train,cars_train:08004.jpg
8005,train,cars_train:08006.jpg
8007,train,cars_train:08008.jpg
8008,train,cars_train:08009.jpg
8010,train,cars_train:08011.jpg
8012,train,cars_train:08013.jpg
8013,train,cars_train:08014.jpg
8014,train,cars_train:08015.jpg
8015,train,cars_train:08016.jpg
8016,train,cars_train:08017.jpg
8018,train,cars_train:08019.jpg
8019,train,cars_train:08020.jpg
8020,train,cars_train:08021.jpg
8021,train,cars_train:08022.jpg
8022,train,cars_train:08023.jpg
8023,train,cars_train:08024.jpg
8024,train,cars_train:08025.jpg
8025,train,cars_train:08026.jpg
8026,train,cars_train:08027.jpg
8027,train,cars_train:08028.jpg
8028,train,cars_train:08029.jpg
8032,train,cars_train:08033.jpg
8033,train,cars_train:08034.jpg
8034,train,cars_train:08035.jpg
8035,train,cars_train:08036.jpg
8036,train,cars_train:08037.jpg
8038,train,cars_train:08039.jpg
8039,train,cars_train:08040.jpg
8040,train,cars_train:08041.jpg
8041,train,cars_train:08042.jpg
8043,train,cars_train:08044.jpg
8044,train,cars_train:08045.jpg
8045,train,cars_train:08046.jpg
8048,train,cars_train:08049.jpg
8049,train,cars_train:08050.jpg
8050,train,cars_train:08051.jpg
8051,train,cars_train:08052.jpg
8052,train,cars_train:08053.jpg
8053,train,cars_train:08054.jpg
8055,train,cars_train:08056.jpg
8056,train,cars_train:08057.jpg
8057,train,cars_train:08058.jpg
8058,train,cars_train:08059.jpg
8059,train,cars_train:08060.jpg
8060,train,cars_train:08061.jpg
8061,train,cars_train:08062.jpg
8063,train,cars_train:08064.jpg
8064,train,cars_train:08065.jpg
8065,train,cars_train:08066.jpg
8066,train,cars_train:08067.jpg
8067,train,cars_train:08068.jpg
8068,train,cars_train:08069.jpg
8069,train,cars_train:08070.jpg
8073,train,cars_train:08074.jpg
8074,train,cars_train:08075.jpg
8075,train,cars_train:08076.jpg
8076,train,cars_train:08077.jpg
8077,train,cars_train:08078.jpg
8078,train,cars_train:08079.jpg
8079,train,cars_train:08080.jpg
8080,train,cars_train:08081.jpg
8081,train,cars_train:08082.jpg
8082,train,cars_train:08083.jpg
8083,train,cars_train:08084.jpg
8084,train,cars_train:08085.jpg
8085,train,cars_train:08086.jpg
8086,train,cars_train:08087.jpg
8087,train,cars_train:08088.jpg
8088,train,cars_train:08089.jpg
8090,train,cars_train:08091.jpg
8091,train,cars_train:08092.jpg
8092,train,cars_train:08093.jpg
8093,train,cars_train:08094.jpg
8095,train,cars_train:08096.jpg
8096,train,cars_train:08097.jpg
8098,train,cars_train:08099.jpg
8101,train,cars_train:08102.jpg
8102,train,cars_train:08103.jpg
8103,train,cars_train:08104.jpg
8105,train,cars_train:08106.jpg
8106,train,cars_train:08107.jpg
8108,train,cars_train:08109.jpg
8109,train,cars_train:08110.jpg
8110,train,cars_train:08111.jpg
8111,train,cars_train:08112.jpg
8112,train,cars_train:08113.jpg
8113,train,cars_train:08114.jpg
8114,train,cars_train:08115.jpg
8117,train,cars_train:08118.jpg
8118,train,cars_train:08119.jpg
8120,train,cars_train:08121.jpg
8121,train,cars_train:08122.jpg
8122,train,cars_train:08123.jpg
8124,train,cars_train:08125.jpg
8125,train,cars_train:08126.jpg
8126,train,cars_train:08127.jpg
8127,train,cars_train:08128.jpg
8128,train,cars_train:08129.jpg
8129,train,cars_train:08130.jpg
8131,train,cars_train:08132.jpg
8132,train,cars_train:08133.jpg
8133,train,cars_train:08134.jpg
8134,train,cars_train:08135.jpg
8136,train,cars_train:08137.jpg
8137,train,cars_train:08138.jpg
8138,train,cars_train:08139.jpg
8139,train,cars_train:08140.jpg
8140,train,cars_train:08141.jpg
8141,train,cars_train:08142.jpg
8142,train,cars_train:08143.jpg
14,heldout,cars_train:00015.jpg
15,heldout,cars_train:00016.jpg
16,heldout,cars_train:00017.jpg
19,heldout,cars_train:00020.jpg
20,heldout,cars_train:00021.jpg
23,heldout,cars_train:00024.jpg
26,heldout,cars_train:00027.jpg
28,heldout,cars_train:00029.jpg
41,heldout,cars_train:00042.jpg
46,heldout,cars_train:00047.jpg
52,heldout,cars_train:00053.jpg
65,heldout,cars_train:00066.jpg
69,heldout,cars_train:00070.jpg
72,heldout,cars_train:00073.jpg
79,heldout,cars_train:00080.jpg
88,heldout,cars_train:00089.jpg
90,heldout,cars_train:00091.jpg
94,heldout,cars_train:00095.jpg
97,heldout,cars_train:00098.jpg
100,heldout,cars_train:00101.jpg
105,heldout,cars_train:00106.jpg
106,heldout,cars_train:00107.jpg
107,heldout,cars_train:00108.jpg
120,heldout,cars_train:00121.jpg
131,heldout,cars_train:00132.jpg
136,heldout,cars_train:00137.jpg
146,heldout,cars_train:00147.jpg
153,heldout,cars_train:00154.jpg
158,heldout,cars_train:00159.jpg
161,heldout,cars_train:00162.jpg
163,heldout,cars_train:00164.jpg
169,heldout,cars_train:00170.jpg
179,heldout,cars_train:00180.jpg
180,heldout,cars_train:00181.jpg
187,heldout,cars_train:00188.jpg
191,heldout,cars_train:00192.jpg
208,heldout,cars_train:00209.jpg
214,heldout,cars_train:00215.jpg
218,heldout,cars_train:00219.jpg
219,heldout,cars_train:00220.jpg
220,heldout,cars_train:00221.jpg
221,heldout,cars_train:00222.jpg
225,heldout,cars_train:00226.jpg
232,heldout,cars_train:00233.jpg
233,heldout,cars_train:00234.jpg
234,heldout,cars_train:00235.jpg
240,heldout,cars_train:00241.jpg
241,heldout,cars_train:00242.jpg
243,heldout,cars_train:00244.jpg
251,heldout,cars_train:00252.jpg
252,heldout,cars_train:00253.jpg
257,heldout,cars_train:00258.jpg
269,heldout,cars_train:00270.jpg
272,heldout,cars_train:00273.jpg
283,heldout,cars_train:00284.jpg
291,heldout,cars_train:00292.jpg
294,heldout,cars_train:00295.jpg
297,heldout,cars_train:00298.jpg
300,heldout,cars_train:00301.jpg
306,heldout,cars_train:00307.jpg
308,heldout,cars_train:00309.jpg
316,heldout,cars_train:00317.jpg
319,heldout,cars_train:00320.jpg
324,heldout,cars_train:00325.jpg
325,heldout,cars_train:00326.jpg
336,heldout,cars_train:00337.jpg
337,heldout,cars_train:00338.jpg
346,heldout,cars_train:00347.jpg
349,heldout,cars_train:00350.jpg
351,heldout,cars_train:00352.jpg
360,heldout,cars_train:00361.jpg
373,heldout,cars_train:00374.jpg
378,heldout,cars_train:00379.jpg
386,heldout,cars_train:00387.jpg
387,heldout,cars_train:00388.jpg
388,heldout,cars_train:00389.jpg
399,heldout,cars_train:00400.jpg
409,heldout,cars_train:00410.jpg
410,heldout,cars_train:00411.jpg
413,heldout,cars_train:00414.jpg
415,heldout,cars_train:00416.jpg
417,heldout,cars_train:00418.jpg
424,heldout,cars_train:00425.jpg
429,heldout,cars_train:00430.jpg
434,heldout,cars_train:00435.jpg
439,heldout,cars_train:00440.jpg
440,heldout,cars_train:00441.jpg
442,heldout,cars_train:00443.jpg
453,heldout,cars_train:00454.jpg
454,heldout,cars_train:00455.jpg
464,heldout,cars_train:00465.jpg
471,heldout,cars_train:00472.jpg
472,heldout,cars_train:00473.jpg
474,heldout,cars_train:00475.jpg
475,heldout,cars_train:00476.jpg
483,heldout,cars_train:00484.jpg
488,heldout,cars_train:00489.jpg
493,heldout,cars_train:00494.jpg
502,heldout,cars_train:00503.jpg
503,heldout,cars_train:00504.jpg
505,heldout,cars_train:00506.jpg
508,heldout,cars_train:00509.jpg
517,heldout,cars_train:00518.jpg
519,heldout,cars_train:00520.jpg
520,heldout,cars_train:00521.jpg
521,heldout,cars_train:00522.jpg
524,heldout,cars_train:00525.jpg
525,heldout,cars_train:00526.jpg
533,heldout,cars_train:00534.jpg
546,heldout,cars_train:00547.jpg
547,heldout,cars_train:00548.jpg
551,heldout,cars_train:00552.jpg
556,heldout,cars_train:00557.jpg
565,heldout,cars_train:00566.jpg
566,heldout,cars_train:00567.jpg
569,heldout,cars_train:00570.jpg
578,heldout,cars_train:00579.jpg
595,heldout,cars_train:00596.jpg
597,heldout,cars_train:00598.jpg
602,heldout,cars_train:00603.jpg
617,heldout,cars_train:00618.jpg
622,heldout,cars_train:00623.jpg
627,heldout,cars_train:00628.jpg
629,heldout,cars_train:00630.jpg
637,heldout,cars_train:00638.jpg
647,heldout,cars_train:00648.jpg
658,heldout,cars_train:00659.jpg
669,heldout,cars_train:00670.jpg
675,heldout,cars_train:00676.jpg
682,heldout,cars_train:00683.jpg
683,heldout,cars_train:00684.jpg
688,heldout,cars_train:00689.jpg
689,heldout,cars_train:00690.jpg
690,heldout,cars_train:00691.jpg
691,heldout,cars_train:00692.jpg
692,heldout,cars_train:00693.jpg
696,heldout,cars_train:00697.jpg
703,heldout,cars_train:00704.jpg
708,heldout,cars_train:00709.jpg
712,heldout,cars_train:00713.jpg
718,heldout,cars_train:00719.jpg
723,heldout,cars_train:00724.jpg
727,heldout,cars_train:00728.jpg
732,heldout,cars_train:00733.jpg
735,heldout,cars_train:00736.jpg
742,heldout,cars_train:00743.jpg
750,heldout,cars_train:00751.jpg
755,heldout,cars_train:00756.jpg
764,heldout,cars_train:00765.jpg
773,heldout,cars_train:00774.jpg
774,heldout,cars_train:00775.jpg
777,heldout,cars_train:00778.jpg
783,heldout,cars_train:00784.jpg
786,heldout,cars_train:00787.jpg
796,heldout,cars_train:00797.jpg
804,heldout,cars_train:00805.jpg
810,heldout,cars_train:00811.jpg
811,heldout,cars_train:00812.jpg
824,heldout,cars_train:00825.jpg
830,heldout,cars_train:00831.jpg
831,heldout,cars_train:00832.jpg
838,heldout,cars_train:00839.jpg
842,heldout,cars_train:00843.jpg
846,heldout,cars_train:00847.jpg
847,heldout,cars_train:00848.jpg
848,heldout,cars_train:00849.jpg
853,heldout,cars_train:00854.jpg
862,heldout,cars_train:00863.jpg
883,heldout,cars_train:00884.jpg
886,heldout,cars_train:00887.jpg
892,heldout,cars_train:00893.jpg
901,heldout,cars_train:00902.jpg
913,heldout,cars_train:00914.jpg
915,heldout,cars_train:00916.jpg
921,heldout,cars_train:00922.jpg
925,heldout,cars_train:00926.jpg
929,heldout,cars_train:00930.jpg
930,heldout,cars_train:00931.jpg
934,heldout,cars_train:00935.jpg
945,heldout,cars_train:00946.jpg
959,heldout,cars_train:00960.jpg
976,heldout,cars_train:00977.jpg
980,heldout,cars_train:00981.jpg
994,heldout,cars_train:00995.jpg
1003,heldout,cars_train:01004.jpg
1012,heldout,cars_train:01013.jpg
1013,heldout,cars_train:01014.jpg
1024,heldout,cars_train:01025.jpg
1027,heldout,cars_train:01028.jpg
1031,heldout,cars_train:01032.jpg
1032,heldout,cars_train:01033.jpg
1036,heldout,cars_train:01037.jpg
1043,heldout,cars_train:01044.jpg
1048,heldout,cars_train:01049.jpg
1058,heldout,cars_train:01059.jpg
1059,heldout,cars_train:01060.jpg
1062,heldout,cars_train:01063.jpg
1066,heldout,cars_train:01067.jpg
1071,heldout,cars_train:01072.jpg
1104,heldout,cars_train:01105.jpg
1110,heldout,cars_train:01111.jpg
1111,heldout,cars_train:01112.jpg
1119,heldout,cars_train:01120.jpg
1121,heldout,cars_train:01122.jpg
1129,heldout,cars_train:01130.jpg
1130,heldout,cars_train:01131.jpg
1133,heldout,cars_train:01134.jpg
1139,heldout,cars_train:01140.jpg
1151,heldout,cars_train:01152.jpg
1156,heldout,cars_train:01157.jpg
1164,heldout,cars_train:01165.jpg
1167,heldout,cars_train:01168.jpg
1176,heldout,cars_train:01177.jpg
1178,heldout,cars_train:01179.jpg
1181,heldout,cars_train:01182.jpg
1184,heldout,cars_train:01185.jpg
1185,heldout,cars_train:01186.jpg
1187,heldout,cars_train:01188.jpg
1202,heldout,cars_train:01203.jpg
1203,heldout,cars_train:01204.jpg
1204,heldout,cars_train:01205.jpg
1212,heldout,cars_train:01213.jpg
1229,heldout,cars_train:01230.jpg
1243,heldout,cars_train:01244.jpg
1244,heldout,cars_train:01245.jpg
1245,heldout,cars_train:01246.jpg
1255,heldout,cars_train:01256.jpg
1268,heldout,cars_train:01269.jpg
1269,heldout,cars_train:01270.jpg
1271,heldout,cars_train:01272.jpg
1278,heldout,cars_train:01279.jpg
1283,heldout,cars_train:01284.jpg
1293,heldout,cars_train:01294.jpg
1294,heldout,cars_train:01295.jpg
1299,heldout,cars_train:01300.jpg
1302,heldout,cars_train:01303.jpg
1311,heldout,cars_train:01312.jpg
1313,heldout,cars_train:01314.jpg
1324,heldout,cars_train:01325.jpg
1325,heldout,cars_train:01326.jpg
1327,heldout,cars_train:01328.jpg
1329,heldout,cars_train:01330.jpg
1337,heldout,cars_train:01338.jpg
1348,heldout,cars_train:01349.jpg
1349,heldout,cars_train:01350.jpg
1350,heldout,cars_train:01351.jpg
1355,heldout,cars_train:01356.jpg
1357,heldout,cars_train:01358.jpg
1375,heldout,cars_train:01376.jpg
1385,heldout,cars_train:01386.jpg
1389,heldout,cars_train:01390.jpg
1399,heldout,cars_train:01400.jpg
1410,heldout,cars_train:01411.jpg
1415,heldout,cars_train:01416.jpg
1420,heldout,cars_train:01421.jpg
1435,heldout,cars_train:01436.jpg
1439,heldout,cars_train:01440.jpg
1441,heldout,cars_train:01442.jpg
1444,heldout,cars_train:01445.jpg
1446,heldout,cars_train:01447.jpg
1454,heldout,cars_train:01455.jpg
1459,heldout,cars_train:01460.jpg
1471,heldout,cars_train:01472.jpg
1476,heldout,cars_train:01477.jpg
1479,heldout,cars_train:01480.jpg
1480,heldout,cars_train:01481.jpg
1489,heldout,cars_train:01490.jpg
1497,heldout,cars_train:01498.jpg
1516,heldout,cars_train:01517.jpg
1518,heldout,cars_train:01519.jpg
1520,heldout,cars_train:01521.jpg
1527,heldout,cars_train:01528.jpg
1532,heldout,cars_train:01533.jpg
1542,heldout,cars_train:01543.jpg
1548,heldout,cars_train:01549.jpg
1550,heldout,cars_train:01551.jpg
1557,heldout,cars_train:01558.jpg
1570,heldout,cars_train:01571.jpg
1580,heldout,cars_train:01581.jpg
1585,heldout,cars_train:01586.jpg
1594,heldout,cars_train:01595.jpg
1598,heldout,cars_train:01599.jpg
1602,heldout,cars_train:01603.jpg
1609,heldout,cars_train:01610.jpg
1612,heldout,cars_train:01613.jpg
1621,heldout,cars_train:01622.jpg
1624,heldout,cars_train:01625.jpg
1629,heldout,cars_train:01630.jpg
1631,heldout,cars_train:01632.jpg
1636,heldout,cars_train:01637.jpg
1637,heldout,cars_train:01638.jpg
1638,heldout,cars_train:01639.jpg
1651,heldout,cars_train:01652.jpg
1657,heldout,cars_train:01658.jpg
1658,heldout,cars_train:01659.jpg
1664,heldout,cars_train:01665.jpg
1668,heldout,cars_train:01669.jpg
1671,heldout,cars_train:01672.jpg
1679,heldout,cars_train:01680.jpg
1680,heldout,cars_train:01681.jpg
1709,heldout,cars_train:01710.jpg
1710,heldout,cars_train:01711.jpg
1717,heldout,cars_train:01718.jpg
1719,heldout,cars_train:01720.jpg
1734,heldout,cars_train:01735.jpg
1735,heldout,cars_train:01736.jpg
1739,heldout,cars_train:01740.jpg
1749,heldout,cars_train:01750.jpg
1750,heldout,cars_train:01751.jpg
1759,heldout,cars_train:01760.jpg
1764,heldout,cars_train:01765.jpg
1777,heldout,cars_train:01778.jpg
1779,heldout,cars_train:01780.jpg
1784,heldout,cars_train:01785.jpg
1787,heldout,cars_train:01788.jpg
1797,heldout,cars_train:01798.jpg
1799,heldout,cars_train:01800.jpg
1808,heldout,cars_train:01809.jpg
1820,heldout,cars_train:01821.jpg
1837,heldout,cars_train:01838.jpg
1843,heldout,cars_train:01844.jpg
1848,heldout,cars_train:01849.jpg
1854,heldout,cars_train:01855.jpg
1859,heldout,cars_train:01860.jpg
1860,heldout,cars_train:01861.jpg
1861,heldout,cars_train:01862.jpg
1868,heldout,cars_train:01869.jpg
1870,heldout,cars_train:01871.jpg
1875,heldout,cars_train:01876.jpg
1878,heldout,cars_train:01879.jpg
1881,heldout,cars_train:01882.jpg
1898,heldout,cars_train:01899.jpg
1913,heldout,cars_train:01914.jpg
1919,heldout,cars_train:01920.jpg
1929,heldout,cars_train:01930.jpg
1933,heldout,cars_train:01934.jpg
1940,heldout,cars_train:01941.jpg
1945,heldout,cars_train:01946.jpg
1946,heldout,cars_train:01947.jpg
1950,heldout,cars_train:01951.jpg
1951,heldout,cars_train:01952.jpg
1956,heldout,cars_train:01957.jpg
1966,heldout,cars_train:01967.jpg
1985,heldout,cars_train:01986.jpg
1987,heldout,cars_train:01988.jpg
1989,heldout,cars_train:01990.jpg
1993,heldout,cars_train:01994.jpg
1994,heldout,cars_train:01995.jpg
1995,heldout,cars_train:01996.jpg
2011,heldout,cars_train:02012.jpg
2012,heldout,cars_train:02013.jpg
2015,heldout,cars_train:02016.jpg
2016,heldout,cars_train:02017.jpg
2018,heldout,cars_train:02019.jpg
2019,heldout,cars_train:02020.jpg
2021,heldout,cars_train:02022.jpg
2022,heldout,cars_train:02023.jpg
2027,heldout,cars_train:02028.jpg
2028,heldout,cars_train:02029.jpg
2034,heldout,cars_train:02035.jpg
2040,heldout,cars_train:02041.jpg
2044,heldout,cars_train:02045.jpg
2045,heldout,cars_train:02046.jpg
2046,heldout,cars_train:02047.jpg
2050,heldout,cars_train:02051.jpg
2061,heldout,cars_train:02062.jpg
2063,heldout,cars_train:02064.jpg
2071,heldout,cars_train:02072.jpg
2073,heldout,cars_train:02074.jpg
2075,heldout,cars_train:02076.jpg
2079,heldout,cars_train:02080.jpg
2080,heldout,cars_train:02081.jpg
2083,heldout,cars_train:02084.jpg
2092,heldout,cars_train:02093.jpg
2094,heldout,cars_train:02095.jpg
2103,heldout,cars_train:02104.jpg
2109,heldout,cars_train:02110.jpg
2110,heldout,cars_train:02111.jpg
2111,heldout,cars_train:02112.jpg
2115,heldout,cars_train:02116.jpg
2117,heldout,cars_train:02118.jpg
2118,heldout,cars_train:02119.jpg
2126,heldout,cars_train:02127.jpg
2128,heldout,cars_train:02129.jpg
2129,heldout,cars_train:02130.jpg
2131,heldout,cars_train:02132.jpg
2141,heldout,cars_train:02142.jpg
2145,heldout,cars_train:02146.jpg
2146,heldout,cars_train:02147.jpg
2147,heldout,cars_train:02148.jpg
2151,heldout,cars_train:02152.jpg
2154,heldout,cars_train:02155.jpg
2156,heldout,cars_train:02157.jpg
2160,heldout,cars_train:02161.jpg
2169,heldout,cars_train:02170.jpg
2172,heldout,cars_train:02173.jpg
2176,heldout,cars_train:02177.jpg
2193,heldout,cars_train:02194.jpg
2203,heldout,cars_train:02204.jpg
2206,heldout,cars_train:02207.jpg
2208,heldout,cars_train:02209.jpg
2210,heldout,cars_train:02211.jpg
2211,heldout,cars_train:02212.jpg
2229,heldout,cars_train:02230.jpg
2230,heldout,cars_train:02231.jpg
2231,heldout,cars_train:02232.jpg
2232,heldout,cars_train:02233.jpg
2233,heldout,cars_train:02234.jpg
2234,heldout,cars_train:02235.jpg
2244,heldout,cars_train:02245.jpg
2246,heldout,cars_train:02247.jpg
2252,heldout,cars_train:02253.jpg
2254,heldout,cars_train:02255.jpg
2259,heldout,cars_train:02260.jpg
2262,heldout,cars_train:02263.jpg
2271,heldout,cars_train:02272.jpg
2275,heldout,cars_train:02276.jpg
2284,heldout,cars_train:02285.jpg
2285,heldout,cars_train:02286.jpg
2287,heldout,cars_train:02288.jpg
2291,heldout,cars_train:02292.jpg
2298,heldout,cars_train:02299.jpg
2303,heldout,cars_train:02304.jpg
2305,heldout,cars_train:02306.jpg
2306,heldout,cars_train:02307.jpg
2309,heldout,cars_train:02310.jpg
2311,heldout,cars_train:02312.jpg
2313,heldout,cars_train:02314.jpg
2316,heldout,cars_train:02317.jpg
2324,heldout,cars_train:02325.jpg
2326,heldout,cars_train:02327.jpg
2330,heldout,cars_train:02331.jpg
2334,heldout,cars_train:02335.jpg
2335,heldout,cars_train:02336.jpg
2336,heldout,cars_train:02337.jpg
2349,heldout,cars_train:02350.jpg
2359,heldout,cars_train:02360.jpg
2360,heldout,cars_train:02361.jpg
2363,heldout,cars_train:02364.jpg
2370,heldout,cars_train:02371.jpg
2388,heldout,cars_train:02389.jpg
2398,heldout,cars_train:02399.jpg
2400,heldout,cars_train:02401.jpg
2413,heldout,cars_train:02414.jpg
2418,heldout,cars_train:02419.jpg
2421,heldout,cars_train:02422.jpg
2424,heldout,cars_train:02425.jpg
2427,heldout,cars_train:02428.jpg
2435,heldout,cars_train:02436.jpg
2437,heldout,cars_train:02438.jpg
2441,heldout,cars_train:02442.jpg
2451,heldout,cars_train:02452.jpg
2456,heldout,cars_train:02457.jpg
2464,heldout,cars_train:02465.jpg
2472,heldout,cars_train:02473.jpg
2495,heldout,cars_train:02496.jpg
2505,heldout,cars_train:02506.jpg
2506,heldout,cars_train:02507.jpg
2510,heldout,cars_train:02511.jpg
2525,heldout,cars_train:02526.jpg
2534,heldout,cars_train:02535.jpg
2539,heldout,cars_train:02540.jpg
2546,heldout,cars_train:02547.jpg
2548,heldout,cars_train:02549.jpg
2549,heldout,cars_train:02550.jpg
2556,heldout,cars_train:02557.jpg
2562,heldout,cars_train:02563.jpg
2564,heldout,cars_train:02565.jpg
2567,heldout,cars_train:02568.jpg
2580,heldout,cars_train:02581.jpg
2589,heldout,cars_train:02590.jpg
2593,heldout,cars_train:02594.jpg
2598,heldout,cars_train:02599.jpg
2601,heldout,cars_train:02602.jpg
2603,heldout,cars_train:02604.jpg
2606,heldout,cars_train:02607.jpg
2624,heldout,cars_train:02625.jpg
2625,heldout,cars_train:02626.jpg
2627,heldout,cars_train:02628.jpg
2632,heldout,cars_train:02633.jpg
2633,heldout,cars_train:02634.jpg
2638,heldout,cars_train:02639.jpg
2650,heldout,cars_train:02651.jpg
2653,heldout,cars_train:02654.jpg
2656,heldout,cars_train:02657.jpg
2667,heldout,cars_train:02668.jpg
2684,heldout,cars_train:02685.jpg
2687,heldout,cars_train:02688.jpg
2694,heldout,cars_train:02695.jpg
2696,heldout,cars_train:02697.jpg
2704,heldout,cars_train:02705.jpg
2709,heldout,cars_train:02710.jpg
2713,heldout,cars_train:02714.jpg
2716,heldout,cars_train:02717.jpg
2717,heldout,cars_train:02718.jpg
2723,heldout,cars_train:02724.jpg
2726,heldout,cars_train:02727.jpg
2727,heldout,cars_train:02728.jpg
2732,heldout,cars_train:02733.jpg
2743,heldout,cars_train:02744.jpg
2745,heldout,cars_train:02746.jpg
2749,heldout,cars_train:02750.jpg
2750,heldout,cars_train:02751.jpg
2754,heldout,cars_train:02755.jpg
2755,heldout,cars_train:02756.jpg
2765,heldout,cars_train:02766.jpg
2768,heldout,cars_train:02769.jpg
2772,heldout,cars_train:02773.jpg
2774,heldout,cars_train:02775.jpg
2775,heldout,cars_train:02776.jpg
2778,heldout,cars_train:02779.jpg
2779,heldout,cars_train:02780.jpg
2781,heldout,cars_train:02782.jpg
2786,heldout,cars_train:02787.jpg
2799,heldout,cars_train:02800.jpg
2800,heldout,cars_train:02801.jpg
2810,heldout,cars_train:02811.jpg
2814,heldout,cars_train:02815.jpg
2819,heldout,cars_train:02820.jpg
2825,heldout,cars_train:02826.jpg
2834,heldout,cars_train:02835.jpg
2844,heldout,cars_train:02845.jpg
2846,heldout,cars_train:02847.jpg
2851,heldout,cars_train:02852.jpg
2853,heldout,cars_train:02854.jpg
2858,heldout,cars_train:02859.jpg
2862,heldout,cars_train:02863.jpg
2863,heldout,cars_train:02864.jpg
2866,heldout,cars_train:02867.jpg
2868,heldout,cars_train:02869.jpg
2870,heldout,cars_train:02871.jpg
2871,heldout,cars_train:02872.jpg
2876,heldout,cars_train:02877.jpg
2881,heldout,cars_train:02882.jpg
2883,heldout,cars_train:02884.jpg
2884,heldout,cars_train:02885.jpg
2890,heldout,cars_train:02891.jpg
2891,heldout,cars_train:02892.jpg
2920,heldout,cars_train:02921.jpg
2928,heldout,cars_train:02929.jpg
2929,heldout,cars_train:02930.jpg
2932,heldout,cars_train:02933.jpg
2937,heldout,cars_train:02938.jpg
2939,heldout,cars_train:02940.jpg
2960,heldout,cars_train:02961.jpg
2966,heldout,cars_train:02967.jpg
2967,heldout,cars_train:02968.jpg
2991,heldout,cars_train:02992.jpg
2995,heldout,cars_train:02996.jpg
2996,heldout,cars_train:02997.jpg
3009,heldout,cars_train:03010.jpg
3010,heldout,cars_train:03011.jpg
3013,heldout,cars_train:03014.jpg
3019,heldout,cars_train:03020.jpg
3030,heldout,cars_train:03031.jpg
3032,heldout,cars_train:03033.jpg
3040,heldout,cars_train:03041.jpg
3041,heldout,cars_train:03042.jpg
3042,heldout,cars_train:03043.jpg
3048,heldout,cars_train:03049.jpg
3069,heldout,cars_train:03070.jpg
3073,heldout,cars_train:03074.jpg
3078,heldout,cars_train:03079.jpg
3079,heldout,cars_train:03080.jpg
3091,heldout,cars_train:03092.jpg
3096,heldout,cars_train:03097.jpg
3100,heldout,cars_train:03101.jpg
3108,heldout,cars_train:03109.jpg
3119,heldout,cars_train:03120.jpg
3121,heldout,cars_train:03122.jpg
3122,heldout,cars_train:03123.jpg
3129,heldout,cars_train:03130.jpg
3130,heldout,cars_train:03131.jpg
3135,heldout,cars_train:03136.jpg
3144,heldout,cars_train:03145.jpg
3145,heldout,cars_train:03146.jpg
3152,heldout,cars_train:03153.jpg
3153,heldout,cars_train:03154.jpg
3154,heldout,cars_train:03155.jpg
3165,heldout,cars_train:03166.jpg
3175,heldout,cars_train:03176.jpg
3186,heldout,cars_train:03187.jpg
3194,heldout,cars_train:03195.jpg
3202,heldout,cars_train:03203.jpg
3205,heldout,cars_train:03206.jpg
3212,heldout,cars_train:03213.jpg
3214,heldout,cars_train:03215.jpg
3221,heldout,cars_train:03222.jpg
3223,heldout,cars_train:03224.jpg
3225,heldout,cars_train:03226.jpg
3228,heldout,cars_train:03229.jpg
3231,heldout,cars_train:03232.jpg
3234,heldout,cars_train:03235.jpg
3242,heldout,cars_train:03243.jpg
3248,heldout,cars_train:03249.jpg
3256,heldout,cars_train:03257.jpg
3265,heldout,cars_train:03266.jpg
3266,heldout,cars_train:03267.jpg
3270,heldout,cars_train:03271.jpg
3271,heldout,cars_train:03272.jpg
3275,heldout,cars_train:03276.jpg
3278,heldout,cars_train:03279.jpg
3285,heldout,cars_train:03286.jpg
3286,heldout,cars_train:03287.jpg
3289,heldout,cars_train:03290.jpg
3293,heldout,cars_train:03294.jpg
3297,heldout,cars_train:03298.jpg
3304,heldout,cars_train:03305.jpg
3310,heldout,cars_train:03311.jpg
3312,heldout,cars_train:03313.jpg
3321,heldout,cars_train:03322.jpg
3324,heldout,cars_train:03325.jpg
3329,heldout,cars_train:03330.jpg
3332,heldout,cars_train:03333.jpg
3335,heldout,cars_train:03336.jpg
3342,heldout,cars_train:03343.jpg
3348,heldout,cars_train:03349.jpg
3349,heldout,cars_train:03350.jpg
3353,heldout,cars_train:03354.jpg
3356,heldout,cars_train:03357.jpg
3364,heldout,cars_train:03365.jpg
3374,heldout,cars_train:03375.jpg
3376,heldout,cars_train:03377.jpg
3378,heldout,cars_train:03379.jpg
3382,heldout,cars_train:03383.jpg
3386,heldout,cars_train:03387.jpg
3394,heldout,cars_train:03395.jpg
3396,heldout,cars_train:03397.jpg
3405,heldout,cars_train:03406.jpg
3409,heldout,cars_train:03410.jpg
3415,heldout,cars_train:03416.jpg
3416,heldout,cars_train:03417.jpg
3417,heldout,cars_train:03418.jpg
3419,heldout,cars_train:03420.jpg
3420,heldout,cars_train:03421.jpg
3424,heldout,cars_train:03425.jpg
3431,heldout,cars_train:03432.jpg
3437,heldout,cars_train:03438.jpg
3441,heldout,cars_train:03442.jpg
3444,heldout,cars_train:03445.jpg
3447,heldout,cars_train:03448.jpg
3468,heldout,cars_train:03469.jpg
3481,heldout,cars_train:03482.jpg
3482,heldout,cars_train:03483.jpg
3486,heldout,cars_train:03487.jpg
3487,heldout,cars_train:03488.jpg
3491,heldout,cars_train:03492.jpg
3500,heldout,cars_train:03501.jpg
3513,heldout,cars_train:03514.jpg
3514,heldout,cars_train:03515.jpg
3524,heldout,cars_train:03525.jpg
3527,heldout,cars_train:03528.jpg
3533,heldout,cars_train:03534.jpg
3534,heldout,cars_train:03535.jpg
3542,heldout,cars_train:03543.jpg
3544,heldout,cars_train:03545.jpg
3549,heldout,cars_train:03550.jpg
3550,heldout,cars_train:03551.jpg
3553,heldout,cars_train:03554.jpg
3563,heldout,cars_train:03564.jpg
3570,heldout,cars_train:03571.jpg
3581,heldout,cars_train:03582.jpg
3586,heldout,cars_train:03587.jpg
3588,heldout,cars_train:03589.jpg
3592,heldout,cars_train:03593.jpg
3606,heldout,cars_train:03607.jpg
3613,heldout,cars_train:03614.jpg
3617,heldout,cars_train:03618.jpg
3624,heldout,cars_train:03625.jpg
3625,heldout,cars_train:03626.jpg
3631,heldout,cars_train:03632.jpg
3637,heldout,cars_train:03638.jpg
3640,heldout,cars_train:03641.jpg
3642,heldout,cars_train:03643.jpg
3644,heldout,cars_train:03645.jpg
3645,heldout,cars_train:03646.jpg
3649,heldout,cars_train:03650.jpg
3653,heldout,cars_train:03654.jpg
3662,heldout,cars_train:03663.jpg
3670,heldout,cars_train:03671.jpg
3674,heldout,cars_train:03675.jpg
3685,heldout,cars_train:03686.jpg
3699,heldout,cars_train:03700.jpg
3702,heldout,cars_train:03703.jpg
3703,heldout,cars_train:03704.jpg
3706,heldout,cars_train:03707.jpg
3707,heldout,cars_train:03708.jpg
3710,heldout,cars_train:03711.jpg
3713,heldout,cars_train:03714.jpg
3719,heldout,cars_train:03720.jpg
3727,heldout,cars_train:03728.jpg
3733,heldout,cars_train:03734.jpg
3739,heldout,cars_train:03740.jpg
3753,heldout,cars_train:03754.jpg
3757,heldout,cars_train:03758.jpg
3759,heldout,cars_train:03760.jpg
3760,heldout,cars_train:03761.jpg
3763,heldout,cars_train:03764.jpg
3765,heldout,cars_train:03766.jpg
3772,heldout,cars_train:03773.jpg
3773,heldout,cars_train:03774.jpg
3774,heldout,cars_train:03775.jpg
3775,heldout,cars_train:03776.jpg
3784,heldout,cars_train:03785.jpg
3792,heldout,cars_train:03793.jpg
3794,heldout,cars_train:03795.jpg
3802,heldout,cars_train:03803.jpg
3803,heldout,cars_train:03804.jpg
3804,heldout,cars_train:03805.jpg
3810,heldout,cars_train:03811.jpg
3820,heldout,cars_train:03821.jpg
3823,heldout,cars_train:03824.jpg
3829,heldout,cars_train:03830.jpg
3832,heldout,cars_train:03833.jpg
3839,heldout,cars_train:03840.jpg
3845,heldout,cars_train:03846.jpg
3849,heldout,cars_train:03850.jpg
3854,heldout,cars_train:03855.jpg
3855,heldout,cars_train:03856.jpg
3856,heldout,cars_train:03857.jpg
3858,heldout,cars_train:03859.jpg
3859,heldout,cars_train:03860.jpg
3862,heldout,cars_train:03863.jpg
3866,heldout,cars_train:03867.jpg
3868,heldout,cars_train:03869.jpg
3870,heldout,cars_train:03871.jpg
3871,heldout,cars_train:03872.jpg
3875,heldout,cars_train:03876.jpg
3880,heldout,cars_train:03881.jpg
3883,heldout,cars_train:03884.jpg
3884,heldout,cars_train:03885.jpg
3885,heldout,cars_train:03886.jpg
3891,heldout,cars_train:03892.jpg
3892,heldout,cars_train:03893.jpg
3893,heldout,cars_train:03894.jpg
3898,heldout,cars_train:03899.jpg
3909,heldout,cars_train:03910.jpg
3912,heldout,cars_train:03913.jpg
3913,heldout,cars_train:03914.jpg
3915,heldout,cars_train:03916.jpg
3919,heldout,cars_train:03920.jpg
3923,heldout,cars_train:03924.jpg
3924,heldout,cars_train:03925.jpg
3926,heldout,cars_train:03927.jpg
3930,heldout,cars_train:03931.jpg
3934,heldout,cars_train:03935.jpg
3935,heldout,cars_train:03936.jpg
3946,heldout,cars_train:03947.jpg
3953,heldout,cars_train:03954.jpg
3965,heldout,cars_train:03966.jpg
3966,heldout,cars_train:03967.jpg
3967,heldout,cars_train:03968.jpg
3969,heldout,cars_train:03970.jpg
3986,heldout,cars_train:03987.jpg
3987,heldout,cars_train:03988.jpg
3990,heldout,cars_train:03991.jpg
3993,heldout,cars_train:03994.jpg
3994,heldout,cars_train:03995.jpg
4001,heldout,cars_train:04002.jpg
4002,heldout,cars_train:04003.jpg
4003,heldout,cars_train:04004.jpg
4009,heldout,cars_train:04010.jpg
4012,heldout,cars_train:04013.jpg
4015,heldout,cars_train:04016.jpg
4017,heldout,cars_train:04018.jpg
4025,heldout,cars_train:04026.jpg
4026,heldout,cars_train:04027.jpg
4036,heldout,cars_train:04037.jpg
4037,heldout,cars_train:04038.jpg
4038,heldout,cars_train:04039.jpg
4049,heldout,cars_train:04050.jpg
4050,heldout,cars_train:04051.jpg
4052,heldout,cars_train:04053.jpg
4054,heldout,cars_train:04055.jpg
4059,heldout,cars_train:04060.jpg
4060,heldout,cars_train:04061.jpg
4063,heldout,cars_train:04064.jpg
4064,heldout,cars_train:04065.jpg
4068,heldout,cars_train:04069.jpg
4078,heldout,cars_train:04079.jpg
4079,heldout,cars_train:04080.jpg
4089,heldout,cars_train:04090.jpg
4102,heldout,cars_train:04103.jpg
4104,heldout,cars_train:04105.jpg
4105,heldout,cars_train:04106.jpg
4113,heldout,cars_train:04114.jpg
4122,heldout,cars_train:04123.jpg
4124,heldout,cars_train:04125.jpg
4133,heldout,cars_train:04134.jpg
4138,heldout,cars_train:04139.jpg
4142,heldout,cars_train:04143.jpg
4146,heldout,cars_train:04147.jpg
4147,heldout,cars_train:04148.jpg
4155,heldout,cars_train:04156.jpg
4156,heldout,cars_train:04157.jpg
4157,heldout,cars_train:04158.jpg
4159,heldout,cars_train:04160.jpg
4161,heldout,cars_train:04162.jpg
4164,heldout,cars_train:04165.jpg
4171,heldout,cars_train:04172.jpg
4190,heldout,cars_train:04191.jpg
4196,heldout,cars_train:04197.jpg
4198,heldout,cars_train:04199.jpg
4202,heldout,cars_train:04203.jpg
4211,heldout,cars_train:04212.jpg
4212,heldout,cars_train:04213.jpg
4213,heldout,cars_train:04214.jpg
4218,heldout,cars_train:04219.jpg
4226,heldout,cars_train:04227.jpg
4230,heldout,cars_train:04231.jpg
4258,heldout,cars_train:04259.jpg
4266,heldout,cars_train:04267.jpg
4270,heldout,cars_train:04271.jpg
4272,heldout,cars_train:04273.jpg
4273,heldout,cars_train:04274.jpg
4274,heldout,cars_train:04275.jpg
4278,heldout,cars_train:04279.jpg
4282,heldout,cars_train:04283.jpg
4289,heldout,cars_train:04290.jpg
4299,heldout,cars_train:04300.jpg
4302,heldout,cars_train:04303.jpg
4306,heldout,cars_train:04307.jpg
4307,heldout,cars_train:04308.jpg
4309,heldout,cars_train:04310.jpg
4314,heldout,cars_train:04315.jpg
4318,heldout,cars_train:04319.jpg
4319,heldout,cars_train:04320.jpg
4325,heldout,cars_train:04326.jpg
4329,heldout,cars_train:04330.jpg
4334,heldout,cars_train:04335.jpg
4343,heldout,cars_train:04344.jpg
4355,heldout,cars_train:04356.jpg
4360,heldout,cars_train:04361.jpg
4364,heldout,cars_train:04365.jpg
4370,heldout,cars_train:04371.jpg
4371,heldout,cars_train:04372.jpg
4376,heldout,cars_train:04377.jpg
4377,heldout,cars_train:04378.jpg
4390,heldout,cars_train:04391.jpg
4392,heldout,cars_train:04393.jpg
4396,heldout,cars_train:04397.jpg
4407,heldout,cars_train:04408.jpg
4415,heldout,cars_train:04416.jpg
4418,heldout,cars_train:04419.jpg
4420,heldout,cars_train:04421.jpg
4430,heldout,cars_train:04431.jpg
4436,heldout,cars_train:04437.jpg
4437,heldout,cars_train:04438.jpg
4438,heldout,cars_train:04439.jpg
4441,heldout,cars_train:04442.jpg
4446,heldout,cars_train:04447.jpg
4448,heldout,cars_train:04449.jpg
4449,heldout,cars_train:04450.jpg
4451,heldout,cars_train:04452.jpg
4457,heldout,cars_train:04458.jpg
4464,heldout,cars_train:04465.jpg
4466,heldout,cars_train:04467.jpg
4468,heldout,cars_train:04469.jpg
4476,heldout,cars_train:04477.jpg
4478,heldout,cars_train:04479.jpg
4490,heldout,cars_train:04491.jpg
4491,heldout,cars_train:04492.jpg
4494,heldout,cars_train:04495.jpg
4495,heldout,cars_train:04496.jpg
4497,heldout,cars_train:04498.jpg
4500,heldout,cars_train:04501.jpg
4515,heldout,cars_train:04516.jpg
4517,heldout,cars_train:04518.jpg
4532,heldout,cars_train:04533.jpg
4533,heldout,cars_train:04534.jpg
4537,heldout,cars_train:04538.jpg
4538,heldout,cars_train:04539.jpg
4540,heldout,cars_train:04541.jpg
4545,heldout,cars_train:04546.jpg
4546,heldout,cars_train:04547.jpg
4552,heldout,cars_train:04553.jpg
4558,heldout,cars_train:04559.jpg
4560,heldout,cars_train:04561.jpg
4563,heldout,cars_train:04564.jpg
4567,heldout,cars_train:04568.jpg
4571,heldout,cars_train:04572.jpg
4578,heldout,cars_train:04579.jpg
4581,heldout,cars_train:04582.jpg
4597,heldout,cars_train:04598.jpg
4599,heldout,cars_train:04600.jpg
4603,heldout,cars_train:04604.jpg
4616,heldout,cars_train:04617.jpg
4617,heldout,cars_train:04618.jpg
4619,heldout,cars_train:04620.jpg
4620,heldout,cars_train:04621.jpg
4622,heldout,cars_train:04623.jpg
4625,heldout,cars_train:04626.jpg
4631,heldout,cars_train:04632.jpg
4634,heldout,cars_train:04635.jpg
4635,heldout,cars_train:04636.jpg
4637,heldout,cars_train:04638.jpg
4640,heldout,cars_train:04641.jpg
4645,heldout,cars_train:04646.jpg
4650,heldout,cars_train:04651.jpg
4658,heldout,cars_train:04659.jpg
4668,heldout,cars_train:04669.jpg
4672,heldout,cars_train:04673.jpg
4673,heldout,cars_train:04674.jpg
4684,heldout,cars_train:04685.jpg
4685,heldout,cars_train:04686.jpg
4686,heldout,cars_train:04687.jpg
4689,heldout,cars_train:04690.jpg
4690,heldout,cars_train:04691.jpg
4707,heldout,cars_train:04708.jpg
4713,heldout,cars_train:04714.jpg
4722,heldout,cars_train:04723.jpg
4729,heldout,cars_train:04730.jpg
4732,heldout,cars_train:04733.jpg
4739,heldout,cars_train:04740.jpg
4740,heldout,cars_train:04741.jpg
4743,heldout,cars_train:04744.jpg
4750,heldout,cars_train:04751.jpg
4759,heldout,cars_train:04760.jpg
4762,heldout,cars_train:04763.jpg
4764,heldout,cars_train:04765.jpg
4768,heldout,cars_train:04769.jpg
4769,heldout,cars_train:04770.jpg
4776,heldout,cars_train:04777.jpg
4777,heldout,cars_train:04778.jpg
4778,heldout,cars_train:04779.jpg
4781,heldout,cars_train:04782.jpg
4783,heldout,cars_train:04784.jpg
4785,heldout,cars_train:04786.jpg
4793,heldout,cars_train:04794.jpg
4794,heldout,cars_train:04795.jpg
4801,heldout,cars_train:04802.jpg
4803,heldout,cars_train:04804.jpg
4804,heldout,cars_train:04805.jpg
4811,heldout,cars_train:04812.jpg
4813,heldout,cars_train:04814.jpg
4821,heldout,cars_train:04822.jpg
4823,heldout,cars_train:04824.jpg
4844,heldout,cars_train:04845.jpg
4845,heldout,cars_train:04846.jpg
4852,heldout,cars_train:04853.jpg
4853,heldout,cars_train:04854.jpg
4854,heldout,cars_train:04855.jpg
4861,heldout,cars_train:04862.jpg
4862,heldout,cars_train:04863.jpg
4865,heldout,cars_train:04866.jpg
4869,heldout,cars_train:04870.jpg
4872,heldout,cars_train:04873.jpg
4876,heldout,cars_train:04877.jpg
4892,heldout,cars_train:04893.jpg
4898,heldout,cars_train:04899.jpg
4902,heldout,cars_train:04903.jpg
4914,heldout,cars_train:04915.jpg
4916,heldout,cars_train:04917.jpg
4926,heldout,cars_train:04927.jpg
4930,heldout,cars_train:04931.jpg
4936,heldout,cars_train:04937.jpg
4939,heldout,cars_train:04940.jpg
4942,heldout,cars_train:04943.jpg
4945,heldout,cars_train:04946.jpg
4949,heldout,cars_train:04950.jpg
4950,heldout,cars_train:04951.jpg
4958,heldout,cars_train:04959.jpg
4965,heldout,cars_train:04966.jpg
4967,heldout,cars_train:04968.jpg
4972,heldout,cars_train:04973.jpg
4977,heldout,cars_train:04978.jpg
4980,heldout,cars_train:04981.jpg
4983,heldout,cars_train:04984.jpg
4984,heldout,cars_train:04985.jpg
4990,heldout,cars_train:04991.jpg
5007,heldout,cars_train:05008.jpg
5020,heldout,cars_train:05021.jpg
5025,heldout,cars_train:05026.jpg
5027,heldout,cars_train:05028.jpg
5033,heldout,cars_train:05034.jpg
5034,heldout,cars_train:05035.jpg
5036,heldout,cars_train:05037.jpg
5042,heldout,cars_train:05043.jpg
5048,heldout,cars_train:05049.jpg
5055,heldout,cars_train:05056.jpg
5059,heldout,cars_train:05060.jpg
5060,heldout,cars_train:05061.jpg
5063,heldout,cars_train:05064.jpg
5067,heldout,cars_train:05068.jpg
5072,heldout,cars_train:05073.jpg
5073,heldout,cars_train:05074.jpg
5080,heldout,cars_train:05081.jpg
5082,heldout,cars_train:05083.jpg
5092,heldout,cars_train:05093.jpg
5098,heldout,cars_train:05099.jpg
5099,heldout,cars_train:05100.jpg
5100,heldout,cars_train:05101.jpg
5105,heldout,cars_train:05106.jpg
5106,heldout,cars_train:05107.jpg
5111,heldout,cars_train:05112.jpg
5115,heldout,cars_train:05116.jpg
5118,heldout,cars_train:05119.jpg
5121,heldout,cars_train:05122.jpg
5126,heldout,cars_train:05127.jpg
5139,heldout,cars_train:05140.jpg
5146,heldout,cars_train:05147.jpg
5156,heldout,cars_train:05157.jpg
5157,heldout,cars_train:05158.jpg
5163,heldout,cars_train:05164.jpg
5180,heldout,cars_train:05181.jpg
5189,heldout,cars_train:05190.jpg
5190,heldout,cars_train:05191.jpg
5201,heldout,cars_train:05202.jpg
5204,heldout,cars_train:05205.jpg
5205,heldout,cars_train:05206.jpg
5208,heldout,cars_train:05209.jpg
5210,heldout,cars_train:05211.jpg
5211,heldout,cars_train:05212.jpg
5212,heldout,cars_train:05213.jpg
5213,heldout,cars_train:05214.jpg
5216,heldout,cars_train:05217.jpg
5217,heldout,cars_train:05218.jpg
5219,heldout,cars_train:05220.jpg
5224,heldout,cars_train:05225.jpg
5227,heldout,cars_train:05228.jpg
5230,heldout,cars_train:05231.jpg
5232,heldout,cars_train:05233.jpg
5235,heldout,cars_train:05236.jpg
5240,heldout,cars_train:05241.jpg
5242,heldout,cars_train:05243.jpg
5244,heldout,cars_train:05245.jpg
5245,heldout,cars_train:05246.jpg
5250,heldout,cars_train:05251.jpg
5251,heldout,cars_train:05252.jpg
5254,heldout,cars_train:05255.jpg
5263,heldout,cars_train:05264.jpg
5267,heldout,cars_train:05268.jpg
5277,heldout,cars_train:05278.jpg
5282,heldout,cars_train:05283.jpg
5294,heldout,cars_train:05295.jpg
5297,heldout,cars_train:05298.jpg
5298,heldout,cars_train:05299.jpg
5313,heldout,cars_train:05314.jpg
5314,heldout,cars_train:05315.jpg
5317,heldout,cars_train:05318.jpg
5336,heldout,cars_train:05337.jpg
5337,heldout,cars_train:05338.jpg
5338,heldout,cars_train:05339.jpg
5344,heldout,cars_train:05345.jpg
5360,heldout,cars_train:05361.jpg
5370,heldout,cars_train:05371.jpg
5377,heldout,cars_train:05378.jpg
5392,heldout,cars_train:05393.jpg
5395,heldout,cars_train:05396.jpg
5397,heldout,cars_train:05398.jpg
5403,heldout,cars_train:05404.jpg
5407,heldout,cars_train:05408.jpg
5408,heldout,cars_train:05409.jpg
5410,heldout,cars_train:05411.jpg
5413,heldout,cars_train:05414.jpg
5419,heldout,cars_train:05420.jpg
5420,heldout,cars_train:05421.jpg
5433,heldout,cars_train:05434.jpg
5442,heldout,cars_train:05443.jpg
5445,heldout,cars_train:05446.jpg
5456,heldout,cars_train:05457.jpg
5470,heldout,cars_train:05471.jpg
5472,heldout,cars_train:05473.jpg
5476,heldout,cars_train:05477.jpg
5477,heldout,cars_train:05478.jpg
5479,heldout,cars_train:05480.jpg
5480,heldout,cars_train:05481.jpg
5486,heldout,cars_train:05487.jpg
5496,heldout,cars_train:05497.jpg
5500,heldout,cars_train:05501.jpg
5506,heldout,cars_train:05507.jpg
5513,heldout,cars_train:05514.jpg
5525,heldout,cars_train:05526.jpg
5527,heldout,cars_train:05528.jpg
5535,heldout,cars_train:05536.jpg
5537,heldout,cars_train:05538.jpg
5545,heldout,cars_train:05546.jpg
5546,heldout,cars_train:05547.jpg
5550,heldout,cars_train:05551.jpg
5554,heldout,cars_train:05555.jpg
5555,heldout,cars_train:05556.jpg
5559,heldout,cars_train:05560.jpg
5560,heldout,cars_train:05561.jpg
5567,heldout,cars_train:05568.jpg
5573,heldout,cars_train:05574.jpg
5579,heldout,cars_train:05580.jpg
5591,heldout,cars_train:05592.jpg
5598,heldout,cars_train:05599.jpg
5602,heldout,cars_train:05603.jpg
5605,heldout,cars_train:05606.jpg
5609,heldout,cars_train:05610.jpg
5614,heldout,cars_train:05615.jpg
5617,heldout,cars_train:05618.jpg
5626,heldout,cars_train:05627.jpg
5630,heldout,cars_train:05631.jpg
5636,heldout,cars_train:05637.jpg
5637,heldout,cars_train:05638.jpg
5639,heldout,cars_train:05640.jpg
5644,heldout,cars_train:05645.jpg
5653,heldout,cars_train:05654.jpg
5657,heldout,cars_train:05658.jpg
5658,heldout,cars_train:05659.jpg
5670,heldout,cars_train:05671.jpg
5674,heldout,cars_train:05675.jpg
5675,heldout,cars_train:05676.jpg
5676,heldout,cars_train:05677.jpg
5693,heldout,cars_train:05694.jpg
5695,heldout,cars_train:05696.jpg
5697,heldout,cars_train:05698.jpg
5700,heldout,cars_train:05701.jpg
5706,heldout,cars_train:05707.jpg
5710,heldout,cars_train:05711.jpg
5715,heldout,cars_train:05716.jpg
5722,heldout,cars_train:05723.jpg
5725,heldout,cars_train:05726.jpg
5732,heldout,cars_train:05733.jpg
5742,heldout,cars_train:05743.jpg
5746,heldout,cars_train:05747.jpg
5748,heldout,cars_train:05749.jpg
5752,heldout,cars_train:05753.jpg
5755,heldout,cars_train:05756.jpg
5757,heldout,cars_train:05758.jpg
5761,heldout,cars_train:05762.jpg
5762,heldout,cars_train:05763.jpg
5763,heldout,cars_train:05764.jpg
5774,heldout,cars_train:05775.jpg
5778,heldout,cars_train:05779.jpg
5781,heldout,cars_train:05782.jpg
5787,heldout,cars_train:05788.jpg
5803,heldout,cars_train:05804.jpg
5806,heldout,cars_train:05807.jpg
5807,heldout,cars_train:05808.jpg
5814,heldout,cars_train:05815.jpg
5817,heldout,cars_train:05818.jpg
5818,heldout,cars_train:05819.jpg
5828,heldout,cars_train:05829.jpg
5832,heldout,cars_train:05833.jpg
5833,heldout,cars_train:05834.jpg
5836,heldout,cars_train:05837.jpg
5851,heldout,cars_train:05852.jpg
5852,heldout,cars_train:05853.jpg
5856,heldout,cars_train:05857.jpg
5859,heldout,cars_train:05860.jpg
5861,heldout,cars_train:05862.jpg
5880,heldout,cars_train:05881.jpg
5887,heldout,cars_train:05888.jpg
5895,heldout,cars_train:05896.jpg
5899,heldout,cars_train:05900.jpg
5907,heldout,cars_train:05908.jpg
5912,heldout,cars_train:05913.jpg
5915,heldout,cars_train:05916.jpg
5919,heldout,cars_train:05920.jpg
5920,heldout,cars_train:05921.jpg
5933,heldout,cars_train:05934.jpg
5935,heldout,cars_train:05936.jpg
5936,heldout,cars_train:05937.jpg
5940,heldout,cars_train:05941.jpg
5941,heldout,cars_train:05942.jpg
5954,heldout,cars_train:05955.jpg
5956,heldout,cars_train:05957.jpg
5960,heldout,cars_train:05961.jpg
5961,heldout,cars_train:05962.jpg
5964,heldout,cars_train:05965.jpg
5970,heldout,cars_train:05971.jpg
5971,heldout,cars_train:05972.jpg
5978,heldout,cars_train:05979.jpg
5981,heldout,cars_train:05982.jpg
5986,heldout,cars_train:05987.jpg
5989,heldout,cars_train:05990.jpg
5991,heldout,cars_train:05992.jpg
6000,heldout,cars_train:06001.jpg
6005,heldout,cars_train:06006.jpg
6007,heldout,cars_train:06008.jpg
6008,heldout,cars_train:06009.jpg
6015,heldout,cars_train:06016.jpg
6018,heldout,cars_train:06019.jpg
6020,heldout,cars_train:06021.jpg
6021,heldout,cars_train:06022.jpg
6024,heldout,cars_train:06025.jpg
6033,heldout,cars_train:06034.jpg
6048,heldout,cars_train:06049.jpg
6049,heldout,cars_train:06050.jpg
6052,heldout,cars_train:06053.jpg
6058,heldout,cars_train:06059.jpg
6059,heldout,cars_train:06060.jpg
6064,heldout,cars_train:06065.jpg
6067,heldout,cars_train:06068.jpg
6075,heldout,cars_train:06076.jpg
6078,heldout,cars_train:06079.jpg
6080,heldout,cars_train:06081.jpg
6088,heldout,cars_train:06089.jpg
6106,heldout,cars_train:06107.jpg
6107,heldout,cars_train:06108.jpg
6110,heldout,cars_train:06111.jpg
6111,heldout,cars_train:06112.jpg
6113,heldout,cars_train:06114.jpg
6124,heldout,cars_train:06125.jpg
6125,heldout,cars_train:06126.jpg
6136,heldout,cars_train:06137.jpg
6148,heldout,cars_train:06149.jpg
6151,heldout,cars_train:06152.jpg
6152,heldout,cars_train:06153.jpg
6156,heldout,cars_train:06157.jpg
6158,heldout,cars_train:06159.jpg
6168,heldout,cars_train:06169.jpg
6176,heldout,cars_train:06177.jpg
6186,heldout,cars_train:06187.jpg
6193,heldout,cars_train:06194.jpg
6198,heldout,cars_train:06199.jpg
6199,heldout,cars_train:06200.jpg
6200,heldout,cars_train:06201.jpg
6213,heldout,cars_train:06214.jpg
6216,heldout,cars_train:06217.jpg
6221,heldout,cars_train:06222.jpg
6234,heldout,cars_train:06235.jpg
6242,heldout,cars_train:06243.jpg
6249,heldout,cars_train:06250.jpg
6257,heldout,cars_train:06258.jpg
6264,heldout,cars_train:06265.jpg
6266,heldout,cars_train:06267.jpg
6268,heldout,cars_train:06269.jpg
6269,heldout,cars_train:06270.jpg
6278,heldout,cars_train:06279.jpg
6279,heldout,cars_train:06280.jpg
6280,heldout,cars_train:06281.jpg
6281,heldout,cars_train:06282.jpg
6282,heldout,cars_train:06283.jpg
6288,heldout,cars_train:06289.jpg
6296,heldout,cars_train:06297.jpg
6301,heldout,cars_train:06302.jpg
6305,heldout,cars_train:06306.jpg
6307,heldout,cars_train:06308.jpg
6308,heldout,cars_train:06309.jpg
6309,heldout,cars_train:06310.jpg
6311,heldout,cars_train:06312.jpg
6312,heldout,cars_train:06313.jpg
6314,heldout,cars_train:06315.jpg
6320,heldout,cars_train:06321.jpg
6324,heldout,cars_train:06325.jpg
6325,heldout,cars_train:06326.jpg
6327,heldout,cars_train:06328.jpg
6328,heldout,cars_train:06329.jpg
6333,heldout,cars_train:06334.jpg
6336,heldout,cars_train:06337.jpg
6337,heldout,cars_train:06338.jpg
6346,heldout,cars_train:06347.jpg
6347,heldout,cars_train:06348.jpg
6351,heldout,cars_train:06352.jpg
6360,heldout,cars_train:06361.jpg
6361,heldout,cars_train:06362.jpg
6371,heldout,cars_train:06372.jpg
6376,heldout,cars_train:06377.jpg
6377,heldout,cars_train:06378.jpg
6378,heldout,cars_train:06379.jpg
6382,heldout,cars_train:06383.jpg
6386,heldout,cars_train:06387.jpg
6391,heldout,cars_train:06392.jpg
6395,heldout,cars_train:06396.jpg
6396,heldout,cars_train:06397.jpg
6397,heldout,cars_train:06398.jpg
6403,heldout,cars_train:06404.jpg
6410,heldout,cars_train:06411.jpg
6429,heldout,cars_train:06430.jpg
6446,heldout,cars_train:06447.jpg
6448,heldout,cars_train:06449.jpg
6452,heldout,cars_train:06453.jpg
6454,heldout,cars_train:06455.jpg
6456,heldout,cars_train:06457.jpg
6461,heldout,cars_train:06462.jpg
6462,heldout,cars_train:06463.jpg
6463,heldout,cars_train:06464.jpg
6466,heldout,cars_train:06467.jpg
6472,heldout,cars_train:06473.jpg
6473,heldout,cars_train:06474.jpg
6475,heldout,cars_train:06476.jpg
6487,heldout,cars_train:06488.jpg
6492,heldout,cars_train:06493.jpg
6495,heldout,cars_train:06496.jpg
6505,heldout,cars_train:06506.jpg
6512,heldout,cars_train:06513.jpg
6520,heldout,cars_train:06521.jpg
6522,heldout,cars_train:06523.jpg
6527,heldout,cars_train:06528.jpg
6529,heldout,cars_train:06530.jpg
6539,heldout,cars_train:06540.jpg
6541,heldout,cars_train:06542.jpg
6545,heldout,cars_train:06546.jpg
6548,heldout,cars_train:06549.jpg
6549,heldout,cars_train:06550.jpg
6550,heldout,cars_train:06551.jpg
6558,heldout,cars_train:06559.jpg
6564,heldout,cars_train:06565.jpg
6568,heldout,cars_train:06569.jpg
6577,heldout,cars_train:06578.jpg
6591,heldout,cars_train:06592.jpg
6592,heldout,cars_train:06593.jpg
6599,heldout,cars_train:06600.jpg
6603,heldout,cars_train:06604.jpg
6613,heldout,cars_train:06614.jpg
6614,heldout,cars_train:06615.jpg
6622,heldout,cars_train:06623.jpg
6628,heldout,cars_train:06629.jpg
6630,heldout,cars_train:06631.jpg
6632,heldout,cars_train:06633.jpg
6642,heldout,cars_train:06643.jpg
6644,heldout,cars_train:06645.jpg
6647,heldout,cars_train:06648.jpg
6651,heldout,cars_train:06652.jpg
6654,heldout,cars_train:06655.jpg
6663,heldout,cars_train:06664.jpg
6673,heldout,cars_train:06674.jpg
6674,heldout,cars_train:06675.jpg
6675,heldout,cars_train:06676.jpg
6676,heldout,cars_train:06677.jpg
6677,heldout,cars_train:06678.jpg
6687,heldout,cars_train:06688.jpg
6688,heldout,cars_train:06689.jpg
6696,heldout,cars_train:06697.jpg
6697,heldout,cars_train:06698.jpg
6698,heldout,cars_train:06699.jpg
6702,heldout,cars_train:06703.jpg
6710,heldout,cars_train:06711.jpg
6712,heldout,cars_train:06713.jpg
6714,heldout,cars_train:06715.jpg
6715,heldout,cars_train:06716.jpg
6719,heldout,cars_train:06720.jpg
6721,heldout,cars_train:06722.jpg
6722,heldout,cars_train:06723.jpg
6723,heldout,cars_train:06724.jpg
6726,heldout,cars_train:06727.jpg
6729,heldout,cars_train:06730.jpg
6737,heldout,cars_train:06738.jpg
6748,heldout,cars_train:06749.jpg
6759,heldout,cars_train:06760.jpg
6760,heldout,cars_train:06761.jpg
6761,heldout,cars_train:06762.jpg
6763,heldout,cars_train:06764.jpg
6767,heldout,cars_train:06768.jpg
6772,heldout,cars_train:06773.jpg
6774,heldout,cars_train:06775.jpg
6778,heldout,cars_train:06779.jpg
6786,heldout,cars_train:06787.jpg
6787,heldout,cars_train:06788.jpg
6791,heldout,cars_train:06792.jpg
6793,heldout,cars_train:06794.jpg
6798,heldout,cars_train:06799.jpg
6799,heldout,cars_train:06800.jpg
6800,heldout,cars_train:06801.jpg
6803,heldout,cars_train:06804.jpg
6806,heldout,cars_train:06807.jpg
6816,heldout,cars_train:06817.jpg
6818,heldout,cars_train:06819.jpg
6820,heldout,cars_train:06821.jpg
6822,heldout,cars_train:06823.jpg
6823,heldout,cars_train:06824.jpg
6828,heldout,cars_train:06829.jpg
6844,heldout,cars_train:06845.jpg
6846,heldout,cars_train:06847.jpg
6847,heldout,cars_train:06848.jpg
6856,heldout,cars_train:06857.jpg
6857,heldout,cars_train:06858.jpg
6869,heldout,cars_train:06870.jpg
6872,heldout,cars_train:06873.jpg
6875,heldout,cars_train:06876.jpg
6882,heldout,cars_train:06883.jpg
6889,heldout,cars_train:06890.jpg
6893,heldout,cars_train:06894.jpg
6894,heldout,cars_train:06895.jpg
6895,heldout,cars_train:06896.jpg
6903,heldout,cars_train:06904.jpg
6904,heldout,cars_train:06905.jpg
6913,heldout,cars_train:06914.jpg
6920,heldout,cars_train:06921.jpg
6924,heldout,cars_train:06925.jpg
6927,heldout,cars_train:06928.jpg
6929,heldout,cars_train:06930.jpg
6942,heldout,cars_train:06943.jpg
6950,heldout,cars_train:06951.jpg
6956,heldout,cars_train:06957.jpg
6963,heldout,cars_train:06964.jpg
6969,heldout,cars_train:06970.jpg
6970,heldout,cars_train:06971.jpg
6975,heldout,cars_train:06976.jpg
6981,heldout,cars_train:06982.jpg
6982,heldout,cars_train:06983.jpg
6983,heldout,cars_train:06984.jpg
6986,heldout,cars_train:06987.jpg
6992,heldout,cars_train:06993.jpg
6998,heldout,cars_train:06999.jpg
7000,heldout,cars_train:07001.jpg
7003,heldout,cars_train:07004.jpg
7010,heldout,cars_train:07011.jpg
7012,heldout,cars_train:07013.jpg
7020,heldout,cars_train:07021.jpg
7029,heldout,cars_train:07030.jpg
7032,heldout,cars_train:07033.jpg
7038,heldout,cars_train:07039.jpg
7040,heldout,cars_train:07041.jpg
7041,heldout,cars_train:07042.jpg
7045,heldout,cars_train:07046.jpg
7047,heldout,cars_train:07048.jpg
7052,heldout,cars_train:07053.jpg
7053,heldout,cars_train:07054.jpg
7057,heldout,cars_train:07058.jpg
7072,heldout,cars_train:07073.jpg
7077,heldout,cars_train:07078.jpg
7078,heldout,cars_train:07079.jpg
7084,heldout,cars_train:07085.jpg
7088,heldout,cars_train:07089.jpg
7089,heldout,cars_train:07090.jpg
7099,heldout,cars_train:07100.jpg
7104,heldout,cars_train:07105.jpg
7110,heldout,cars_train:07111.jpg
7112,heldout,cars_train:07113.jpg
7117,heldout,cars_train:07118.jpg
7120,heldout,cars_train:07121.jpg
7127,heldout,cars_train:07128.jpg
7140,heldout,cars_train:07141.jpg
7141,heldout,cars_train:07142.jpg
7142,heldout,cars_train:07143.jpg
7149,heldout,cars_train:07150.jpg
7154,heldout,cars_train:07155.jpg
7157,heldout,cars_train:07158.jpg
7160,heldout,cars_train:07161.jpg
7163,heldout,cars_train:07164.jpg
7177,heldout,cars_train:07178.jpg
7187,heldout,cars_train:07188.jpg
7189,heldout,cars_train:07190.jpg
7190,heldout,cars_train:07191.jpg
7193,heldout,cars_train:07194.jpg
7197,heldout,cars_train:07198.jpg
7200,heldout,cars_train:07201.jpg
7204,heldout,cars_train:07205.jpg
7207,heldout,cars_train:07208.jpg
7211,heldout,cars_train:07212.jpg
7212,heldout,cars_train:07213.jpg
7213,heldout,cars_train:07214.jpg
7218,heldout,cars_train:07219.jpg
7219,heldout,cars_train:07220.jpg
7223,heldout,cars_train:07224.jpg
7225,heldout,cars_train:07226.jpg
7236,heldout,cars_train:07237.jpg
7243,heldout,cars_train:07244.jpg
7246,heldout,cars_train:07247.jpg
7249,heldout,cars_train:07250.jpg
7251,heldout,cars_train:07252.jpg
7252,heldout,cars_train:07253.jpg
7257,heldout,cars_train:07258.jpg
7258,heldout,cars_train:07259.jpg
7260,heldout,cars_train:07261.jpg
7261,heldout,cars_train:07262.jpg
7277,heldout,cars_train:07278.jpg
7281,heldout,cars_train:07282.jpg
7287,heldout,cars_train:07288.jpg
7294,heldout,cars_train:07295.jpg
7303,heldout,cars_train:07304.jpg
7305,heldout,cars_train:07306.jpg
7307,heldout,cars_train:07308.jpg
7317,heldout,cars_train:07318.jpg
7320,heldout,cars_train:07321.jpg
7323,heldout,cars_train:07324.jpg
7325,heldout,cars_train:07326.jpg
7326,heldout,cars_train:07327.jpg
7332,heldout,cars_train:07333.jpg
7333,heldout,cars_train:07334.jpg
7343,heldout,cars_train:07344.jpg
7349,heldout,cars_train:07350.jpg
7357,heldout,cars_train:07358.jpg
7358,heldout,cars_train:07359.jpg
7359,heldout,cars_train:07360.jpg
7375,heldout,cars_train:07376.jpg
7378,heldout,cars_train:07379.jpg
7381,heldout,cars_train:07382.jpg
7384,heldout,cars_train:07385.jpg
7389,heldout,cars_train:07390.jpg
7390,heldout,cars_train:07391.jpg
7392,heldout,cars_train:07393.jpg
7397,heldout,cars_train:07398.jpg
7398,heldout,cars_train:07399.jpg
7399,heldout,cars_train:07400.jpg
7404,heldout,cars_train:07405.jpg
7405,heldout,cars_train:07406.jpg
7411,heldout,cars_train:07412.jpg
7412,heldout,cars_train:07413.jpg
7417,heldout,cars_train:07418.jpg
7429,heldout,cars_train:07430.jpg
7430,heldout,cars_train:07431.jpg
7431,heldout,cars_train:07432.jpg
7438,heldout,cars_train:07439.jpg
7443,heldout,cars_train:07444.jpg
7446,heldout,cars_train:07447.jpg
7452,heldout,cars_train:07453.jpg
7453,heldout,cars_train:07454.jpg
7455,heldout,cars_train:07456.jpg
7456,heldout,cars_train:07457.jpg
7460,heldout,cars_train:07461.jpg
7461,heldout,cars_train:07462.jpg
7469,heldout,cars_train:07470.jpg
7480,heldout,cars_train:07481.jpg
7484,heldout,cars_train:07485.jpg
7491,heldout,cars_train:07492.jpg
7493,heldout,cars_train:07494.jpg
7495,heldout,cars_train:07496.jpg
7508,heldout,cars_train:07509.jpg
7528,heldout,cars_train:07529.jpg
7529,heldout,cars_train:07530.jpg
7544,heldout,cars_train:07545.jpg
7557,heldout,cars_train:07558.jpg
7559,heldout,cars_train:07560.jpg
7560,heldout,cars_train:07561.jpg
7562,heldout,cars_train:07563.jpg
7569,heldout,cars_train:07570.jpg
7574,heldout,cars_train:07575.jpg
7575,heldout,cars_train:07576.jpg
7582,heldout,cars_train:07583.jpg
7595,heldout,cars_train:07596.jpg
7608,heldout,cars_train:07609.jpg
7609,heldout,cars_train:07610.jpg
7614,heldout,cars_train:07615.jpg
7619,heldout,cars_train:07620.jpg
7620,heldout,cars_train:07621.jpg
7626,heldout,cars_train:07627.jpg
7632,heldout,cars_train:07633.jpg
7643,heldout,cars_train:07644.jpg
7644,heldout,cars_train:07645.jpg
7649,heldout,cars_train:07650.jpg
7653,heldout,cars_train:07654.jpg
7657,heldout,cars_train:07658.jpg
7658,heldout,cars_train:07659.jpg
7659,heldout,cars_train:07660.jpg
7664,heldout,cars_train:07665.jpg
7668,heldout,cars_train:07669.jpg
7673,heldout,cars_train:07674.jpg
7674,heldout,cars_train:07675.jpg
7676,heldout,cars_train:07677.jpg
7690,heldout,cars_train:07691.jpg
7691,heldout,cars_train:07692.jpg
7699,heldout,cars_train:07700.jpg
7703,heldout,cars_train:07704.jpg
7709,heldout,cars_train:07710.jpg
7710,heldout,cars_train:07711.jpg
7714,heldout,cars_train:07715.jpg
7718,heldout,cars_train:07719.jpg
7719,heldout,cars_train:07720.jpg
7720,heldout,cars_train:07721.jpg
7721,heldout,cars_train:07722.jpg
7724,heldout,cars_train:07725.jpg
7729,heldout,cars_train:07730.jpg
7732,heldout,cars_train:07733.jpg
7745,heldout,cars_train:07746.jpg
7748,heldout,cars_train:07749.jpg
7749,heldout,cars_train:07750.jpg
7750,heldout,cars_train:07751.jpg
7756,heldout,cars_train:07757.jpg
7758,heldout,cars_train:07759.jpg
7762,heldout,cars_train:07763.jpg
7767,heldout,cars_train:07768.jpg
7769,heldout,cars_train:07770.jpg
7781,heldout,cars_train:07782.jpg
7789,heldout,cars_train:07790.jpg
7790,heldout,cars_train:07791.jpg
7791,heldout,cars_train:07792.jpg
7799,heldout,cars_train:07800.jpg
7802,heldout,cars_train:07803.jpg
7816,heldout,cars_train:07817.jpg
7821,heldout,cars_train:07822.jpg
7827,heldout,cars_train:07828.jpg
7846,heldout,cars_train:07847.jpg
7855,heldout,cars_train:07856.jpg
7863,heldout,cars_train:07864.jpg
7866,heldout,cars_train:07867.jpg
7870,heldout,cars_train:07871.jpg
7881,heldout,cars_train:07882.jpg
7884,heldout,cars_train:07885.jpg
7887,heldout,cars_train:07888.jpg
7893,heldout,cars_train:07894.jpg
7898,heldout,cars_train:07899.jpg
7899,heldout,cars_train:07900.jpg
7907,heldout,cars_train:07908.jpg
7908,heldout,cars_train:07909.jpg
7910,heldout,cars_train:07911.jpg
7912,heldout,cars_train:07913.jpg
7925,heldout,cars_train:07926.jpg
7931,heldout,cars_train:07932.jpg
7933,heldout,cars_train:07934.jpg
7935,heldout,cars_train:07936.jpg
7939,heldout,cars_train:07940.jpg
7940,heldout,cars_train:07941.jpg
7946,heldout,cars_train:07947.jpg
7967,heldout,cars_train:07968.jpg
7968,heldout,cars_train:07969.jpg
7970,heldout,cars_train:07971.jpg
7975,heldout,cars_train:07976.jpg
7978,heldout,cars_train:07979.jpg
7985,heldout,cars_train:07986.jpg
7989,heldout,cars_train:07990.jpg
7991,heldout,cars_train:07992.jpg
8001,heldout,cars_train:08002.jpg
8004,heldout,cars_train:08005.jpg
8006,heldout,cars_train:08007.jpg
8009,heldout,cars_train:08010.jpg
8011,heldout,cars_train:08012.jpg
8017,heldout,cars_train:08018.jpg
8029,heldout,cars_train:08030.jpg
8030,heldout,cars_train:08031.jpg
8031,heldout,cars_train:08032.jpg
8037,heldout,cars_train:08038.jpg
8042,heldout,cars_train:08043.jpg
8046,heldout,cars_train:08047.jpg
8047,heldout,cars_train:08048.jpg
8054,heldout,cars_train:08055.jpg
8062,heldout,cars_train:08063.jpg
8070,heldout,cars_train:08071.jpg
8071,heldout,cars_train:08072.jpg
8072,heldout,cars_train:08073.jpg
8089,heldout,cars_train:08090.jpg
8094,heldout,cars_train:08095.jpg
8097,heldout,cars_train:08098.jpg
8099,heldout,cars_train:08100.jpg
8100,heldout,cars_train:08101.jpg
8104,heldout,cars_train:08105.jpg
8107,heldout,cars_train:08108.jpg
8115,heldout,cars_train:08116.jpg
8116,heldout,cars_train:08117.jpg
8119,heldout,cars_train:08120.jpg
8123,heldout,cars_train:08124.jpg
8130,heldout,cars_train:08131.jpg
8135,heldout,cars_train:08136.jpg
8143,heldout,cars_train:08144.jpg
