dataset_index,partition,sample_id
0,train,0
2,train,2
3,train,3
5,train,5
6,train,6
7,train,7
9,train,9
11,train,11
12,train,12
13,train,13
14,train,14
15,train,15
16,train,16
17,train,17
18,train,18
19,train,19
20,train,20
21,train,21
22,train,22
23,train,23
24,train,24
25,train,25
26,train,26
27,train,27
28,train,28
29,train,29
30,train,30
31,train,31
32,train,32
33,train,33
35,train,35
36,train,36
37,train,37
38,train,38
39,train,39
40,train,40
41,train,41
42,train,42
43,train,43
44,train,44
46,train,46
47,train,47
48,train,48
49,train,49
50,train,50
51,train,51
52,train,52
53,train,53
54,train,54
55,train,55
56,train,56
57,train,57
59,train,59
60,train,60
63,train,63
64,train,64
66,train,66
67,train,67
68,train,68
69,train,69
70,train,70
71,train,71
72,train,72
73,train,73
74,train,74
75,train,75
76,train,76
77,train,77
79,train,79
80,train,80
83,train,83
84,train,84
85,train,85
86,train,86
87,train,87
88,train,88
89,train,89
90,train,90
92,train,92
93,train,93
94,train,94
95,train,95
96,train,96
98,train,98
99,train,99
100,train,100
101,train,101
104,train,104
105,train,105
107,train,107
108,train,108
109,train,109
110,train,110
113,train,113
114,train,114
115,train,115
116,train,116
118,train,118
119,train,119
120,train,120
121,train,121
123,train,123
124,train,124
126,train,126
127,train,127
128,train,128
129,train,129
130,train,130
132,train,132
133,train,133
135,train,135
136,train,136
139,train,139
140,train,140
141,train,141
143,train,143
144,train,144
145,train,145
146,train,146
150,train,150
151,train,151
152,train,152
153,train,153
154,train,154
155,train,155
156,train,156
157,train,157
158,train,158
159,train,159
160,train,160
161,train,161
162,train,162
163,train,163
164,train,164
165,train,165
166,train,166
167,train,167
168,train,168
169,train,169
171,train,171
172,train,172
173,train,173
174,train,174
176,train,176
180,train,180
181,train,181
182,train,182
183,train,183
184,train,184
185,train,185
186,train,186
187,train,187
188,train,188
189,train,189
190,train,190
192,train,192
193,train,193
194,train,194
195,train,195
196,train,196
197,train,197
198,train,198
199,train,199
200,train,200
201,train,201
202,train,202
203,train,203
204,train,204
205,train,205
206,train,206
208,train,208
209,train,209
210,train,210
211,train,211
212,train,212
213,train,213
214,train,214
215,train,215
216,train,216
218,train,218
219,train,219
220,train,220
221,train,221
222,train,222
223,train,223
224,train,224
225,train,225
226,train,226
227,train,227
229,train,229
230,train,230
231,train,231
233,train,233
234,train,234
235,train,235
236,train,236
237,train,237
239,train,239
240,train,240
241,train,241
243,train,243
244,train,244
245,train,245
246,train,246
248,train,248
249,train,249
252,train,252
253,train,253
254,train,254
255,train,255
256,train,256
257,train,257
259,train,259
260,train,260
261,train,261
262,train,262
263,train,263
265,train,265
266,train,266
267,train,267
269,train,269
270,train,270
271,train,271
272,train,272
273,train,273
274,train,274
275,train,275
276,train,276
278,train,278
279,train,279
280,train,280
281,train,281
282,train,282
283,train,283
284,train,284
285,train,285
286,train,286
287,train,287
288,train,288
289,train,289
290,train,290
291,train,291
292,train,292
293,train,293
296,train,296
297,train,297
298,train,298
299,train,299
300,train,300
301,train,301
302,train,302
303,train,303
304,train,304
305,train,305
308,train,308
309,train,309
310,train,310
311,train,311
313,train,313
315,train,315
316,train,316
317,train,317
318,train,318
319,train,319
320,train,320
321,train,321
323,train,323
324,train,324
325,train,325
327,train,327
328,train,328
329,train,329
330,train,330
331,train,331
334,train,334
335,train,335
336,train,336
337,train,337
338,train,338
339,train,339
340,train,340
342,train,342
344,train,344
345,train,345
348,train,348
350,train,350
351,train,351
352,train,352
353,train,353
354,train,354
355,train,355
357,train,357
358,train,358
361,train,361
362,train,362
363,train,363
364,train,364
366,train,366
367,train,367
368,train,368
370,train,370
372,train,372
373,train,373
374,train,374
375,train,375
376,train,376
377,train,377
379,train,379
380,train,380
381,train,381
382,train,382
383,train,383
385,train,385
386,train,386
387,train,387
388,train,388
389,train,389
390,train,390
392,train,392
393,train,393
394,train,394
395,train,395
396,train,396
397,train,397
399,train,399
400,train,400
402,train,402
403,train,403
404,train,404
405,train,405
409,train,409
411,train,411
413,train,413
414,train,414
415,train,415
416,train,416
418,train,418
419,train,419
420,train,420
423,train,423
424,train,424
425,train,425
426,train,426
427,train,427
428,train,428
429,train,429
430,train,430
432,train,432
433,train,433
434,train,434
435,train,435
436,train,436
437,train,437
438,train,438
439,train,439
443,train,443
444,train,444
445,train,445
446,train,446
447,train,447
449,train,449
451,train,451
452,train,452
453,train,453
455,train,455
457,train,457
458,train,458
459,train,459
462,train,462
463,train,463
464,train,464
465,train,465
466,train,466
467,train,467
468,train,468
470,train,470
473,train,473
474,train,474
475,train,475
476,train,476
477,train,477
478,train,478
479,train,479
480,train,480
481,train,481
484,train,484
485,train,485
486,train,486
487,train,487
488,train,488
489,train,489
490,train,490
491,train,491
492,train,492
494,train,494
496,train,496
497,train,497
498,train,498
499,train,499
500,train,500
501,train,501
503,train,503
504,train,504
505,train,505
506,train,506
507,train,507
509,train,509
511,train,511
512,train,512
513,train,513
515,train,515
517,train,517
518,train,518
519,train,519
520,train,520
522,train,522
523,train,523
524,train,524
525,train,525
526,train,526
528,train,528
529,train,529
530,train,530
531,train,531
532,train,532
533,train,533
534,train,534
535,train,535
536,train,536
537,train,537
538,train,538
541,train,541
543,train,543
544,train,544
545,train,545
546,train,546
547,train,547
549,train,549
550,train,550
551,train,551
552,train,552
553,train,553
554,train,554
555,train,555
556,train,556
557,train,557
558,train,558
559,train,559
560,train,560
562,train,562
563,train,563
564,train,564
565,train,565
566,train,566
567,train,567
569,train,569
570,train,570
571,train,571
572,train,572
573,train,573
574,train,574
575,train,575
576,train,576
577,train,577
578,train,578
579,train,579
581,train,581
582,train,582
583,train,583
584,train,584
585,train,585
586,train,586
587,train,587
588,train,588
589,train,589
591,train,591
592,train,592
593,train,593
594,train,594
597,train,597
598,train,598
600,train,600
601,train,601
602,train,602
603,train,603
605,train,605
606,train,606
608,train,608
609,train,609
610,train,610
611,train,611
612,train,612
613,train,613
614,train,614
615,train,615
616,train,616
617,train,617
618,train,618
619,train,619
620,train,620
621,train,621
624,train,624
625,train,625
626,train,626
627,train,627
628,train,628
629,train,629
632,train,632
633,train,633
634,train,634
635,train,635
636,train,636
637,train,637
638,train,638
639,train,639
640,train,640
641,train,641
642,train,642
643,train,643
644,train,644
645,train,645
646,train,646
647,train,647
648,train,648
650,train,650
651,train,651
652,train,652
653,train,653
654,train,654
655,train,655
656,train,656
657,train,657
658,train,658
659,train,659
660,train,660
661,train,661
662,train,662
663,train,663
664,train,664
665,train,665
666,train,666
667,train,667
668,train,668
670,train,670
671,train,671
672,train,672
673,train,673
675,train,675
676,train,676
677,train,677
678,train,678
679,train,679
680,train,680
681,train,681
682,train,682
683,train,683
684,train,684
685,train,685
686,train,686
687,train,687
688,train,688
690,train,690
691,train,691
693,train,693
695,train,695
697,train,697
698,train,698
699,train,699
700,train,700
701,train,701
702,train,702
703,train,703
704,train,704
705,train,705
706,train,706
707,train,707
708,train,708
711,train,711
712,train,712
713,train,713
715,train,715
716,train,716
717,train,717
718,train,718
720,train,720
721,train,721
724,train,724
726,train,726
727,train,727
728,train,728
729,train,729
730,train,730
731,train,731
732,train,732
733,train,733
734,train,734
735,train,735
736,train,736
737,train,737
738,train,738
739,train,739
740,train,740
742,train,742
743,train,743
744,train,744
745,train,745
746,train,746
747,train,747
748,train,748
749,train,749
750,train,750
752,train,752
753,train,753
754,train,754
756,train,756
757,train,757
759,train,759
761,train,761
763,train,763
764,train,764
765,train,765
766,train,766
767,train,767
768,train,768
770,train,770
771,train,771
772,train,772
773,train,773
774,train,774
775,train,775
778,train,778
779,train,779
780,train,780
781,train,781
782,train,782
783,train,783
785,train,785
786,train,786
787,train,787
789,train,789
792,train,792
793,train,793
794,train,794
796,train,796
797,train,797
798,train,798
799,train,799
800,train,800
801,train,801
802,train,802
803,train,803
804,train,804
805,train,805
806,train,806
807,train,807
808,train,808
810,train,810
811,train,811
812,train,812
813,train,813
815,train,815
816,train,816
817,train,817
818,train,818
819,train,819
820,train,820
821,train,821
822,train,822
824,train,824
825,train,825
826,train,826
827,train,827
828,train,828
829,train,829
830,train,830
831,train,831
832,train,832
833,train,833
835,train,835
836,train,836
839,train,839
840,train,840
841,train,841
843,train,843
844,train,844
845,train,845
847,train,847
848,train,848
849,train,849
850,train,850
851,train,851
852,train,852
854,train,854
855,train,855
856,train,856
857,train,857
858,train,858
859,train,859
860,train,860
861,train,861
863,train,863
864,train,864
865,train,865
866,train,866
868,train,868
869,train,869
870,train,870
871,train,871
872,train,872
875,train,875
877,train,877
878,train,878
879,train,879
880,train,880
881,train,881
882,train,882
883,train,883
885,train,885
886,train,886
887,train,887
888,train,888
890,train,890
891,train,891
892,train,892
893,train,893
894,train,894
895,train,895
896,train,896
897,train,897
898,train,898
901,train,901
902,train,902
903,train,903
904,train,904
905,train,905
906,train,906
908,train,908
910,train,910
911,train,911
912,train,912
914,train,914
915,train,915
916,train,916
917,train,917
918,train,918
919,train,919
920,train,920
921,train,921
922,train,922
923,train,923
924,train,924
925,train,925
926,train,926
927,train,927
928,train,928
929,train,929
930,train,930
931,train,931
932,train,932
933,train,933
934,train,934
935,train,935
936,train,936
937,train,937
938,train,938
939,train,939
940,train,940
941,train,941
942,train,942
943,train,943
944,train,944
945,train,945
948,train,948
951,train,951
952,train,952
953,train,953
954,train,954
956,train,956
958,train,958
959,train,959
961,train,961
965,train,965
967,train,967
969,train,969
971,train,971
972,train,972
973,train,973
974,train,974
975,train,975
976,train,976
977,train,977
978,train,978
979,train,979
980,train,980
981,train,981
982,train,982
984,train,984
985,train,985
986,train,986
987,train,987
989,train,989
990,train,990
991,train,991
992,train,992
993,train,993
994,train,994
995,train,995
997,train,997
998,train,998
999,train,999
1000,train,1000
1001,train,1001
1002,train,1002
1003,train,1003
1004,train,1004
1006,train,1006
1007,train,1007
1009,train,1009
1012,train,1012
1013,train,1013
1014,train,1014
1015,train,1015
1016,train,1016
1017,train,1017
1018,train,1018
1019,train,1019
1020,train,1020
1021,train,1021
1023,train,1023
1024,train,1024
1025,train,1025
1026,train,1026
1027,train,1027
1028,train,1028
1030,train,1030
1031,train,1031
1034,train,1034
1035,train,1035
1036,train,1036
1037,train,1037
1038,train,1038
1039,train,1039
1041,train,1041
1042,train,1042
1043,train,1043
1046,train,1046
1050,train,1050
1051,train,1051
1053,train,1053
1054,train,1054
1055,train,1055
1056,train,1056
1057,train,1057
1058,train,1058
1059,train,1059
1060,train,1060
1064,train,1064
1065,train,1065
1066,train,1066
1067,train,1067
1068,train,1068
1069,train,1069
1070,train,1070
1071,train,1071
1072,train,1072
1073,train,1073
1074,train,1074
1076,train,1076
1077,train,1077
1078,train,1078
1079,train,1079
1080,train,1080
1081,train,1081
1083,train,1083
1085,train,1085
1086,train,1086
1088,train,1088
1089,train,1089
1090,train,1090
1091,train,1091
1092,train,1092
1093,train,1093
1094,train,1094
1095,train,1095
1096,train,1096
1098,train,1098
1101,train,1101
1102,train,1102
1103,train,1103
1104,train,1104
1105,train,1105
1106,train,1106
1107,train,1107
1108,train,1108
1109,train,1109
1110,train,1110
1111,train,1111
1112,train,1112
1113,train,1113
1114,train,1114
1115,train,1115
1116,train,1116
1117,train,1117
1118,train,1118
1119,train,1119
1120,train,1120
1121,train,1121
1122,train,1122
1123,train,1123
1124,train,1124
1125,train,1125
1126,train,1126
1127,train,1127
1128,train,1128
1129,train,1129
1130,train,1130
1132,train,1132
1134,train,1134
1135,train,1135
1136,train,1136
1137,train,1137
1138,train,1138
1139,train,1139
1140,train,1140
1142,train,1142
1143,train,1143
1146,train,1146
1147,train,1147
1149,train,1149
1150,train,1150
1151,train,1151
1152,train,1152
1153,train,1153
1154,train,1154
1155,train,1155
1156,train,1156
1157,train,1157
1158,train,1158
1159,train,1159
1160,train,1160
1161,train,1161
1162,train,1162
1163,train,1163
1164,train,1164
1165,train,1165
1166,train,1166
1167,train,1167
1168,train,1168
1169,train,1169
1170,train,1170
1171,train,1171
1172,train,1172
1173,train,1173
1174,train,1174
1175,train,1175
1177,train,1177
1179,train,1179
1180,train,1180
1181,train,1181
1182,train,1182
1183,train,1183
1186,train,1186
1187,train,1187
1189,train,1189
1190,train,1190
1192,train,1192
1194,train,1194
1196,train,1196
1197,train,1197
1198,train,1198
1200,train,1200
1201,train,1201
1202,train,1202
1203,train,1203
1204,train,1204
1207,train,1207
1208,train,1208
1209,train,1209
1210,train,1210
1211,train,1211
1212,train,1212
1213,train,1213
1215,train,1215
1216,train,1216
1217,train,1217
1218,train,1218
1220,train,1220
1222,train,1222
1223,train,1223
1224,train,1224
1225,train,1225
1226,train,1226
1227,train,1227
1229,train,1229
1232,train,1232
1233,train,1233
1234,train,1234
1235,train,1235
1236,train,1236
1237,train,1237
1238,train,1238
1239,train,1239
1240,train,1240
1241,train,1241
1242,train,1242
1243,train,1243
1245,train,1245
1246,train,1246
1247,train,1247
1248,train,1248
1249,train,1249
1250,train,1250
1251,train,1251
1254,train,1254
1255,train,1255
1256,train,1256
1257,train,1257
1258,train,1258
1259,train,1259
1260,train,1260
1261,train,1261
1262,train,1262
1263,train,1263
1264,train,1264
1265,train,1265
1266,train,1266
1267,train,1267
1268,train,1268
1269,train,1269
1270,train,1270
1271,train,1271
1273,train,1273
1275,train,1275
1276,train,1276
1278,train,1278
1279,train,1279
1280,train,1280
1281,train,1281
1282,train,1282
1283,train,1283
1284,train,1284
1285,train,1285
1286,train,1286
1287,train,1287
1288,train,1288
1289,train,1289
1291,train,1291
1292,train,1292
1293,train,1293
1294,train,1294
1295,train,1295
1296,train,1296
1297,train,1297
1298,train,1298
1299,train,1299
1301,train,1301
1302,train,1302
1303,train,1303
1304,train,1304
1305,train,1305
1306,train,1306
1308,train,1308
1311,train,1311
1312,train,1312
1313,train,1313
1314,train,1314
1315,train,1315
1316,train,1316
1317,train,1317
1318,train,1318
1319,train,1319
1320,train,1320
1322,train,1322
1323,train,1323
1325,train,1325
1326,train,1326
1328,train,1328
1330,train,1330
1333,train,1333
1334,train,1334
1336,train,1336
1337,train,1337
1338,train,1338
1339,train,1339
1340,train,1340
1341,train,1341
1342,train,1342
1343,train,1343
1345,train,1345
1347,train,1347
1348,train,1348
1349,train,1349
1350,train,1350
1351,train,1351
1352,train,1352
1353,train,1353
1354,train,1354
1356,train,1356
1357,train,1357
1359,train,1359
1360,train,1360
1362,train,1362
1363,train,1363
1364,train,1364
1366,train,1366
1367,train,1367
1369,train,1369
1370,train,1370
1371,train,1371
1372,train,1372
1373,train,1373
1375,train,1375
1379,train,1379
1380,train,1380
1382,train,1382
1384,train,1384
1385,train,1385
1386,train,1386
1387,train,1387
1388,train,1388
1389,train,1389
1390,train,1390
1391,train,1391
1392,train,1392
1393,train,1393
1394,train,1394
1395,train,1395
1396,train,1396
1397,train,1397
1398,train,1398
1399,train,1399
1400,train,1400
1401,train,1401
1402,train,1402
1404,train,1404
1407,train,1407
1408,train,1408
1409,train,1409
1411,train,1411
1412,train,1412
1413,train,1413
1414,train,1414
1416,train,1416
1417,train,1417
1418,train,1418
1419,train,1419
1420,train,1420
1422,train,1422
1424,train,1424
1425,train,1425
1428,train,1428
1429,train,1429
1430,train,1430
1431,train,1431
1432,train,1432
1434,train,1434
1435,train,1435
1436,train,1436
1438,train,1438
1439,train,1439
1440,train,1440
1443,train,1443
1444,train,1444
1445,train,1445
1446,train,1446
1447,train,1447
1449,train,1449
1450,train,1450
1451,train,1451
1452,train,1452
1453,train,1453
1454,train,1454
1455,train,1455
1456,train,1456
1457,train,1457
1458,train,1458
1459,train,1459
1460,train,1460
1461,train,1461
1464,train,1464
1465,train,1465
1466,train,1466
1467,train,1467
1468,train,1468
1469,train,1469
1471,train,1471
1473,train,1473
1474,train,1474
1476,train,1476
1477,train,1477
1479,train,1479
1480,train,1480
1481,train,1481
1483,train,1483
1484,train,1484
1485,train,1485
1486,train,1486
1487,train,1487
1489,train,1489
1490,train,1490
1491,train,1491
1493,train,1493
1494,train,1494
1495,train,1495
1496,train,1496
1497,train,1497
1499,train,1499
1500,train,1500
1501,train,1501
1502,train,1502
1503,train,1503
1504,train,1504
1505,train,1505
1506,train,1506
1507,train,1507
1509,train,1509
1510,train,1510
1511,train,1511
1512,train,1512
1513,train,1513
1514,train,1514
1515,train,1515
1517,train,1517
1518,train,1518
1519,train,1519
1520,train,1520
1522,train,1522
1523,train,1523
1524,train,1524
1525,train,1525
1526,train,1526
1527,train,1527
1528,train,1528
1529,train,1529
1530,train,1530
1531,train,1531
1532,train,1532
1534,train,1534
1535,train,1535
1536,train,1536
1537,train,1537
1538,train,1538
1539,train,1539
1540,train,1540
1542,train,1542
1544,train,1544
1545,train,1545
1546,train,1546
1547,train,1547
1548,train,1548
1549,train,1549
1551,train,1551
1552,train,1552
1553,train,1553
1554,train,1554
1555,train,1555
1557,train,1557
1558,train,1558
1559,train,1559
1560,train,1560
1561,train,1561
1562,train,1562
1563,train,1563
1564,train,1564
1565,train,1565
1566,train,1566
1568,train,1568
1569,train,1569
1570,train,1570
1571,train,1571
1572,train,1572
1573,train,1573
1575,train,1575
1576,train,1576
1577,train,1577
1578,train,1578
1580,train,1580
1581,train,1581
1582,train,1582
1584,train,1584
1586,train,1586
1589,train,1589
1590,train,1590
1591,train,1591
1592,train,1592
1593,train,1593
1595,train,1595
1596,train,1596
1599,train,1599
1600,train,1600
1601,train,1601
1602,train,1602
1603,train,1603
1605,train,1605
1606,train,1606
1607,train,1607
1608,train,1608
1611,train,1611
1612,train,1612
1613,train,1613
1614,train,1614
1615,train,1615
1616,train,1616
1618,train,1618
1619,train,1619
1620,train,1620
1621,train,1621
1622,train,1622
1623,train,1623
1627,train,1627
1628,train,1628
1629,train,1629
1630,train,1630
1631,train,1631
1632,train,1632
1633,train,1633
1634,train,1634
1635,train,1635
1636,train,1636
1637,train,1637
1638,train,1638
1639,train,1639
1640,train,1640
1641,train,1641
1642,train,1642
1643,train,1643
1645,train,1645
1646,train,1646
1648,train,1648
1649,train,1649
1650,train,1650
1651,train,1651
1653,train,1653
1654,train,1654
1655,train,1655
1656,train,1656
1657,train,1657
1658,train,1658
1659,train,1659
1660,train,1660
1661,train,1661
1664,train,1664
1665,train,1665
1667,train,1667
1668,train,1668
1669,train,1669
1670,train,1670
1671,train,1671
1672,train,1672
1674,train,1674
1675,train,1675
1676,train,1676
1677,train,1677
1678,train,1678
1679,train,1679
1680,train,1680
1682,train,1682
1684,train,1684
1685,train,1685
1686,train,1686
1687,train,1687
1690,train,1690
1691,train,1691
1692,train,1692
1693,train,1693
1694,train,1694
1695,train,1695
1696,train,1696
1699,train,1699
1702,train,1702
1703,train,1703
1704,train,1704
1705,train,1705
1706,train,1706
1707,train,1707
1708,train,1708
1709,train,1709
1710,train,1710
1711,train,1711
1714,train,1714
1715,train,1715
1716,train,1716
1717,train,1717
1718,train,1718
1719,train,1719
1720,train,1720
1722,train,1722
1723,train,1723
1724,train,1724
1726,train,1726
1727,train,1727
1728,train,1728
1729,train,1729
1730,train,1730
1731,train,1731
1732,train,1732
1733,train,1733
1734,train,1734
1735,train,1735
1736,train,1736
1737,train,1737
1738,train,1738
1739,train,1739
1740,train,1740
1742,train,1742
1743,train,1743
1744,train,1744
1745,train,1745
1746,train,1746
1747,train,1747
1748,train,1748
1749,train,1749
1750,train,1750
1751,train,1751
1753,train,1753
1755,train,1755
1756,train,1756
1757,train,1757
1758,train,1758
1759,train,1759
1760,train,1760
1761,train,1761
1762,train,1762
1763,train,1763
1764,train,1764
1765,train,1765
1767,train,1767
1768,train,1768
1769,train,1769
1771,train,1771
1773,train,1773
1774,train,1774
1776,train,1776
1777,train,1777
1778,train,1778
1779,train,1779
1781,train,1781
1782,train,1782
1783,train,1783
1784,train,1784
1785,train,1785
1786,train,1786
1787,train,1787
1788,train,1788
1789,train,1789
1790,train,1790
1791,train,1791
1792,train,1792
1794,train,1794
1795,train,1795
1797,train,1797
1798,train,1798
1800,train,1800
1801,train,1801
1802,train,1802
1803,train,1803
1804,train,1804
1805,train,1805
1807,train,1807
1809,train,1809
1810,train,1810
1811,train,1811
1814,train,1814
1815,train,1815
1818,train,1818
1819,train,1819
1820,train,1820
1821,train,1821
1822,train,1822
1823,train,1823
1825,train,1825
1826,train,1826
1827,train,1827
1828,train,1828
1830,train,1830
1831,train,1831
1832,train,1832
1833,train,1833
1834,train,1834
1836,train,1836
1837,train,1837
1839,train,1839
1841,train,1841
1842,train,1842
1843,train,1843
1844,train,1844
1846,train,1846
1847,train,1847
1848,train,1848
1849,train,1849
1850,train,1850
1851,train,1851
1852,train,1852
1853,train,1853
1854,train,1854
1855,train,1855
1858,train,1858
1859,train,1859
1860,train,1860
1862,train,1862
1863,train,1863
1864,train,1864
1865,train,1865
1866,train,1866
1867,train,1867
1868,train,1868
1869,train,1869
1870,train,1870
1871,train,1871
1872,train,1872
1873,train,1873
1874,train,1874
1875,train,1875
1876,train,1876
1879,train,1879
1881,train,1881
1882,train,1882
1883,train,1883
1884,train,1884
1885,train,1885
1886,train,1886
1889,train,1889
1890,train,1890
1891,train,1891
1892,train,1892
1893,train,1893
1894,train,1894
1895,train,1895
1896,train,1896
1898,train,1898
1900,train,1900
1901,train,1901
1902,train,1902
1903,train,1903
1904,train,1904
1905,train,1905
1906,train,1906
1907,train,1907
1908,train,1908
1909,train,1909
1910,train,1910
1911,train,1911
1912,train,1912
1913,train,1913
1914,train,1914
1915,train,1915
1916,train,1916
1919,train,1919
1920,train,1920
1921,train,1921
1922,train,1922
1923,train,1923
1924,train,1924
1925,train,1925
1926,train,1926
1927,train,1927
1928,train,1928
1930,train,1930
1931,train,1931
1932,train,1932
1933,train,1933
1934,train,1934
1936,train,1936
1937,train,1937
1940,train,1940
1942,train,1942
1943,train,1943
1944,train,1944
1945,train,1945
1946,train,1946
1947,train,1947
1948,train,1948
1949,train,1949
1950,train,1950
1952,train,1952
1954,train,1954
1955,train,1955
1956,train,1956
1957,train,1957
1958,train,1958
1959,train,1959
1960,train,1960
1961,train,1961
1962,train,1962
1963,train,1963
1964,train,1964
1965,train,1965
1968,train,1968
1970,train,1970
1971,train,1971
1972,train,1972
1973,train,1973
1974,train,1974
1976,train,1976
1977,train,1977
1978,train,1978
1979,train,1979
1980,train,1980
1981,train,1981
1982,train,1982
1987,train,1987
1988,train,1988
1989,train,1989
1990,train,1990
1991,train,1991
1992,train,1992
1993,train,1993
1994,train,1994
1995,train,1995
1999,train,1999
2001,train,2001
2002,train,2002
2003,train,2003
2005,train,2005
2006,train,2006
2007,train,2007
2008,train,2008
2009,train,2009
2011,train,2011
2012,train,2012
2013,train,2013
2014,train,2014
2015,train,2015
2017,train,2017
2018,train,2018
2019,train,2019
2020,train,2020
2021,train,2021
2022,train,2022
2023,train,2023
2024,train,2024
2025,train,2025
2026,train,2026
2029,train,2029
2030,train,2030
2031,train,2031
2033,train,2033
2034,train,2034
2035,train,2035
2036,train,2036
2038,train,2038
2040,train,2040
2041,train,2041
2042,train,2042
2043,train,2043
2044,train,2044
2045,train,2045
2046,train,2046
2047,train,2047
2048,train,2048
2050,train,2050
2051,train,2051
2052,train,2052
2053,train,2053
2055,train,2055
2056,train,2056
2057,train,2057
2058,train,2058
2059,train,2059
2061,train,2061
2062,train,2062
2063,train,2063
2064,train,2064
2065,train,2065
2066,train,2066
2067,train,2067
2068,train,2068
2069,train,2069
2070,train,2070
2071,train,2071
2072,train,2072
2073,train,2073
2075,train,2075
2076,train,2076
2077,train,2077
2078,train,2078
2079,train,2079
2080,train,2080
2082,train,2082
2083,train,2083
2084,train,2084
2085,train,2085
2087,train,2087
2088,train,2088
2089,train,2089
2091,train,2091
2092,train,2092
2093,train,2093
2095,train,2095
2096,train,2096
2097,train,2097
2098,train,2098
2099,train,2099
2100,train,2100
2101,train,2101
2102,train,2102
2104,train,2104
2105,train,2105
2106,train,2106
2108,train,2108
2110,train,2110
2111,train,2111
2112,train,2112
2113,train,2113
2114,train,2114
2115,train,2115
2116,train,2116
2118,train,2118
2119,train,2119
2120,train,2120
2121,train,2121
2122,train,2122
2123,train,2123
2124,train,2124
2125,train,2125
2127,train,2127
2129,train,2129
2130,train,2130
2131,train,2131
2132,train,2132
2133,train,2133
2134,train,2134
2135,train,2135
2136,train,2136
2137,train,2137
2138,train,2138
2139,train,2139
2140,train,2140
2141,train,2141
2142,train,2142
2146,train,2146
2147,train,2147
2148,train,2148
2149,train,2149
2150,train,2150
2153,train,2153
2154,train,2154
2155,train,2155
2156,train,2156
2157,train,2157
2158,train,2158
2159,train,2159
2160,train,2160
2161,train,2161
2164,train,2164
2167,train,2167
2168,train,2168
2169,train,2169
2170,train,2170
2171,train,2171
2172,train,2172
2173,train,2173
2174,train,2174
2176,train,2176
2179,train,2179
2180,train,2180
2181,train,2181
2183,train,2183
2185,train,2185
2186,train,2186
2187,train,2187
2188,train,2188
2189,train,2189
2190,train,2190
2191,train,2191
2192,train,2192
2193,train,2193
2194,train,2194
2196,train,2196
2197,train,2197
2198,train,2198
2199,train,2199
2200,train,2200
2201,train,2201
2203,train,2203
2205,train,2205
2206,train,2206
2207,train,2207
2210,train,2210
2211,train,2211
2212,train,2212
2213,train,2213
2215,train,2215
2216,train,2216
2217,train,2217
2218,train,2218
2219,train,2219
2220,train,2220
2222,train,2222
2223,train,2223
2224,train,2224
2225,train,2225
2227,train,2227
2229,train,2229
2230,train,2230
2231,train,2231
2233,train,2233
2234,train,2234
2235,train,2235
2236,train,2236
2237,train,2237
2238,train,2238
2239,train,2239
2240,train,2240
2241,train,2241
2242,train,2242
2244,train,2244
2245,train,2245
2247,train,2247
2248,train,2248
2249,train,2249
2250,train,2250
2251,train,2251
2254,train,2254
2256,train,2256
2257,train,2257
2259,train,2259
2260,train,2260
2261,train,2261
2265,train,2265
2267,train,2267
2268,train,2268
2269,train,2269
2270,train,2270
2271,train,2271
2272,train,2272
2273,train,2273
2274,train,2274
2275,train,2275
2276,train,2276
2277,train,2277
2278,train,2278
2279,train,2279
2281,train,2281
2282,train,2282
2285,train,2285
2286,train,2286
2287,train,2287
2289,train,2289
2290,train,2290
2291,train,2291
2293,train,2293
2294,train,2294
2295,train,2295
2297,train,2297
2298,train,2298
2300,train,2300
2301,train,2301
2302,train,2302
2304,train,2304
2305,train,2305
2307,train,2307
2308,train,2308
2309,train,2309
2311,train,2311
2312,train,2312
2313,train,2313
2316,train,2316
2317,train,2317
2319,train,2319
2321,train,2321
2323,train,2323
2324,train,2324
2325,train,2325
2327,train,2327
2328,train,2328
2329,train,2329
2330,train,2330
2331,train,2331
2332,train,2332
2333,train,2333
2335,train,2335
2336,train,2336
2337,train,2337
2338,train,2338
2339,train,2339
2340,train,2340
2341,train,2341
2342,train,2342
2343,train,2343
2344,train,2344
2348,train,2348
2349,train,2349
2351,train,2351
2352,train,2352
2353,train,2353
2354,train,2354
2355,train,2355
2356,train,2356
2357,train,2357
2358,train,2358
2359,train,2359
2362,train,2362
2363,train,2363
2364,train,2364
2365,train,2365
2366,train,2366
2368,train,2368
2371,train,2371
2372,train,2372
2373,train,2373
2374,train,2374
2375,train,2375
2377,train,2377
2378,train,2378
2379,train,2379
2380,train,2380
2382,train,2382
2384,train,2384
2386,train,2386
2387,train,2387
2388,train,2388
2389,train,2389
2390,train,2390
2391,train,2391
2392,train,2392
2393,train,2393
2394,train,2394
2395,train,2395
2397,train,2397
2398,train,2398
2399,train,2399
2400,train,2400
2401,train,2401
2402,train,2402
2403,train,2403
2404,train,2404
2405,train,2405
2406,train,2406
2407,train,2407
2408,train,2408
2409,train,2409
2410,train,2410
2411,train,2411
2412,train,2412
2413,train,2413
2414,train,2414
2415,train,2415
2416,train,2416
2417,train,2417
2418,train,2418
2419,train,2419
2421,train,2421
2423,train,2423
2424,train,2424
2425,train,2425
2426,train,2426
2427,train,2427
2428,train,2428
2429,train,2429
2430,train,2430
2431,train,2431
2432,train,2432
2433,train,2433
2434,train,2434
2435,train,2435
2436,train,2436
2437,train,2437
2438,train,2438
2439,train,2439
2440,train,2440
2441,train,2441
2442,train,2442
2443,train,2443
2444,train,2444
2445,train,2445
2446,train,2446
2447,train,2447
2448,train,2448
2449,train,2449
2450,train,2450
2452,train,2452
2453,train,2453
2454,train,2454
2457,train,2457
2459,train,2459
2461,train,2461
2462,train,2462
2465,train,2465
2466,train,2466
2467,train,2467
2468,train,2468
2469,train,2469
2470,train,2470
2471,train,2471
2472,train,2472
2474,train,2474
2475,train,2475
2476,train,2476
2477,train,2477
2478,train,2478
2479,train,2479
2480,train,2480
2481,train,2481
2482,train,2482
2483,train,2483
2484,train,2484
2485,train,2485
2486,train,2486
2487,train,2487
2488,train,2488
2489,train,2489
2490,train,2490
2492,train,2492
2493,train,2493
2494,train,2494
2495,train,2495
2496,train,2496
2497,train,2497
2499,train,2499
2500,train,2500
2501,train,2501
2503,train,2503
2505,train,2505
2507,train,2507
2508,train,2508
2509,train,2509
2510,train,2510
2511,train,2511
2512,train,2512
2514,train,2514
2515,train,2515
2517,train,2517
2518,train,2518
2520,train,2520
2521,train,2521
2523,train,2523
2524,train,2524
2525,train,2525
2526,train,2526
2527,train,2527
2528,train,2528
2529,train,2529
2532,train,2532
2534,train,2534
2535,train,2535
2536,train,2536
2537,train,2537
2538,train,2538
2539,train,2539
2541,train,2541
2542,train,2542
2543,train,2543
2544,train,2544
2545,train,2545
2547,train,2547
2549,train,2549
2551,train,2551
2552,train,2552
2553,train,2553
2554,train,2554
2556,train,2556
2557,train,2557
2558,train,2558
2560,train,2560
2561,train,2561
2562,train,2562
2563,train,2563
2565,train,2565
2567,train,2567
2570,train,2570
2571,train,2571
2574,train,2574
2576,train,2576
2577,train,2577
2580,train,2580
2582,train,2582
2584,train,2584
2585,train,2585
2586,train,2586
2587,train,2587
2588,train,2588
2589,train,2589
2590,train,2590
2591,train,2591
2592,train,2592
2593,train,2593
2595,train,2595
2596,train,2596
2597,train,2597
2598,train,2598
2599,train,2599
2600,train,2600
2601,train,2601
2602,train,2602
2603,train,2603
2604,train,2604
2605,train,2605
2607,train,2607
2608,train,2608
2609,train,2609
2610,train,2610
2611,train,2611
2613,train,2613
2614,train,2614
2615,train,2615
2616,train,2616
2617,train,2617
2619,train,2619
2620,train,2620
2621,train,2621
2622,train,2622
2623,train,2623
2624,train,2624
2625,train,2625
2626,train,2626
2628,train,2628
2629,train,2629
2631,train,2631
2632,train,2632
2633,train,2633
2634,train,2634
2636,train,2636
2637,train,2637
2638,train,2638
2640,train,2640
2641,train,2641
2644,train,2644
2645,train,2645
2646,train,2646
2648,train,2648
2649,train,2649
2650,train,2650
2651,train,2651
2652,train,2652
2653,train,2653
2654,train,2654
2657,train,2657
2658,train,2658
2659,train,2659
2660,train,2660
2662,train,2662
2664,train,2664
2665,train,2665
2666,train,2666
2667,train,2667
2668,train,2668
2669,train,2669
2670,train,2670
2671,train,2671
2672,train,2672
2673,train,2673
2674,train,2674
2675,train,2675
2676,train,2676
2677,train,2677
2678,train,2678
2679,train,2679
2680,train,2680
2681,train,2681
2682,train,2682
2683,train,2683
2684,train,2684
2685,train,2685
2686,train,2686
2687,train,2687
2688,train,2688
2689,train,2689
2690,train,2690
2694,train,2694
2695,train,2695
2696,train,2696
2697,train,2697
2698,train,2698
2699,train,2699
2700,train,2700
2701,train,2701
2702,train,2702
2705,train,2705
2706,train,2706
2707,train,2707
2708,train,2708
2709,train,2709
2710,train,2710
2711,train,2711
2712,train,2712
2713,train,2713
2714,train,2714
2715,train,2715
2717,train,2717
2718,train,2718
2720,train,2720
2721,train,2721
2723,train,2723
2724,train,2724
2725,train,2725
2726,train,2726
2727,train,2727
2729,train,2729
2730,train,2730
2731,train,2731
2733,train,2733
2734,train,2734
2736,train,2736
2737,train,2737
2738,train,2738
2739,train,2739
2740,train,2740
2742,train,2742
2743,train,2743
2744,train,2744
2745,train,2745
2746,train,2746
2748,train,2748
2749,train,2749
2750,train,2750
2753,train,2753
2754,train,2754
2756,train,2756
2758,train,2758
2759,train,2759
2761,train,2761
2762,train,2762
2763,train,2763
2764,train,2764
2765,train,2765
2766,train,2766
2768,train,2768
2770,train,2770
2771,train,2771
2772,train,2772
2774,train,2774
2775,train,2775
2776,train,2776
2778,train,2778
2779,train,2779
2780,train,2780
2781,train,2781
2782,train,2782
2783,train,2783
2784,train,2784
2785,train,2785
2786,train,2786
2787,train,2787
2788,train,2788
2790,train,2790
2791,train,2791
2792,train,2792
2793,train,2793
2795,train,2795
2796,train,2796
2797,train,2797
2798,train,2798
2800,train,2800
2802,train,2802
2803,train,2803
2805,train,2805
2807,train,2807
2808,train,2808
2809,train,2809
2810,train,2810
2811,train,2811
2812,train,2812
2814,train,2814
2815,train,2815
2816,train,2816
2817,train,2817
2819,train,2819
2820,train,2820
2821,train,2821
2822,train,2822
2824,train,2824
2825,train,2825
2826,train,2826
2828,train,2828
2829,train,2829
2830,train,2830
2832,train,2832
2833,train,2833
2837,train,2837
2838,train,2838
2839,train,2839
2840,train,2840
2841,train,2841
2842,train,2842
2845,train,2845
2847,train,2847
2848,train,2848
2851,train,2851
2852,train,2852
2854,train,2854
2855,train,2855
2856,train,2856
2859,train,2859
2860,train,2860
2862,train,2862
2863,train,2863
2864,train,2864
2865,train,2865
2866,train,2866
2867,train,2867
2868,train,2868
2869,train,2869
2870,train,2870
2871,train,2871
2872,train,2872
2873,train,2873
2874,train,2874
2875,train,2875
2877,train,2877
2878,train,2878
2880,train,2880
2881,train,2881
2882,train,2882
2883,train,2883
2885,train,2885
2886,train,2886
2887,train,2887
2888,train,2888
2889,train,2889
2890,train,2890
2891,train,2891
2892,train,2892
2893,train,2893
2894,train,2894
2895,train,2895
2896,train,2896
2897,train,2897
2898,train,2898
2899,train,2899
2900,train,2900
2903,train,2903
2904,train,2904
2905,train,2905
2906,train,2906
2907,train,2907
2909,train,2909
2910,train,2910
2911,train,2911
2912,train,2912
2913,train,2913
2914,train,2914
2916,train,2916
2917,train,2917
2918,train,2918
2919,train,2919
2922,train,2922
2923,train,2923
2925,train,2925
2926,train,2926
2928,train,2928
2929,train,2929
2930,train,2930
2932,train,2932
2933,train,2933
2937,train,2937
2939,train,2939
2940,train,2940
2941,train,2941
2942,train,2942
2943,train,2943
2944,train,2944
2945,train,2945
2946,train,2946
2949,train,2949
2952,train,2952
2953,train,2953
2954,train,2954
2955,train,2955
2958,train,2958
2959,train,2959
2960,train,2960
2962,train,2962
2963,train,2963
2964,train,2964
2966,train,2966
2967,train,2967
2968,train,2968
2969,train,2969
2970,train,2970
2971,train,2971
2972,train,2972
2973,train,2973
2976,train,2976
2977,train,2977
2978,train,2978
2979,train,2979
2980,train,2980
2981,train,2981
2982,train,2982
2983,train,2983
2984,train,2984
2985,train,2985
2986,train,2986
2987,train,2987
2988,train,2988
2989,train,2989
2990,train,2990
2992,train,2992
2993,train,2993
2994,train,2994
2996,train,2996
2997,train,2997
2998,train,2998
2999,train,2999
3000,train,3000
3002,train,3002
3003,train,3003
3004,train,3004
3005,train,3005
3006,train,3006
3007,train,3007
3008,train,3008
3010,train,3010
3012,train,3012
3013,train,3013
3014,train,3014
3015,train,3015
3018,train,3018
3019,train,3019
3020,train,3020
3021,train,3021
3022,train,3022
3023,train,3023
3024,train,3024
3025,train,3025
3026,train,3026
3027,train,3027
3028,train,3028
3029,train,3029
3030,train,3030
3031,train,3031
3032,train,3032
3033,train,3033
3035,train,3035
3037,train,3037
3038,train,3038
3039,train,3039
3040,train,3040
3041,train,3041
3042,train,3042
3043,train,3043
3044,train,3044
3045,train,3045
3047,train,3047
3048,train,3048
3049,train,3049
3050,train,3050
3052,train,3052
3053,train,3053
3054,train,3054
3055,train,3055
3056,train,3056
3057,train,3057
3058,train,3058
3059,train,3059
3061,train,3061
3062,train,3062
3063,train,3063
3064,train,3064
3065,train,3065
3066,train,3066
3067,train,3067
3069,train,3069
3070,train,3070
3071,train,3071
3072,train,3072
3073,train,3073
3074,train,3074
3075,train,3075
3076,train,3076
3077,train,3077
3078,train,3078
3079,train,3079
3080,train,3080
3081,train,3081
3083,train,3083
3084,train,3084
3085,train,3085
3086,train,3086
3088,train,3088
3089,train,3089
3090,train,3090
3091,train,3091
3092,train,3092
3093,train,3093
3094,train,3094
3096,train,3096
3097,train,3097
3098,train,3098
3099,train,3099
3100,train,3100
3101,train,3101
3102,train,3102
3105,train,3105
3106,train,3106
3107,train,3107
3108,train,3108
3109,train,3109
3110,train,3110
3111,train,3111
3112,train,3112
3113,train,3113
3115,train,3115
3116,train,3116
3118,train,3118
3119,train,3119
3120,train,3120
3121,train,3121
3122,train,3122
3123,train,3123
3124,train,3124
3125,train,3125
3127,train,3127
3129,train,3129
3130,train,3130
3131,train,3131
3132,train,3132
3133,train,3133
3134,train,3134
3135,train,3135
3136,train,3136
3137,train,3137
3139,train,3139
3140,train,3140
3141,train,3141
3142,train,3142
3143,train,3143
3144,train,3144
3146,train,3146
3147,train,3147
3148,train,3148
3149,train,3149
3150,train,3150
3153,train,3153
3154,train,3154
3155,train,3155
3156,train,3156
3160,train,3160
3161,train,3161
3162,train,3162
3163,train,3163
3164,train,3164
3165,train,3165
3167,train,3167
3168,train,3168
3169,train,3169
3171,train,3171
3172,train,3172
3175,train,3175
3176,train,3176
3177,train,3177
3178,train,3178
3179,train,3179
3180,train,3180
3181,train,3181
3183,train,3183
3184,train,3184
3185,train,3185
3186,train,3186
3188,train,3188
3189,train,3189
3190,train,3190
3191,train,3191
3193,train,3193
3194,train,3194
3195,train,3195
3196,train,3196
3197,train,3197
3199,train,3199
3200,train,3200
3201,train,3201
3202,train,3202
3203,train,3203
3204,train,3204
3205,train,3205
3206,train,3206
3207,train,3207
3208,train,3208
3209,train,3209
3210,train,3210
3211,train,3211
3212,train,3212
3214,train,3214
3215,train,3215
3216,train,3216
3217,train,3217
3218,train,3218
3219,train,3219
3221,train,3221
3224,train,3224
3226,train,3226
3227,train,3227
3228,train,3228
3229,train,3229
3230,train,3230
3232,train,3232
3233,train,3233
3234,train,3234
3235,train,3235
3236,train,3236
3237,train,3237
3239,train,3239
3240,train,3240
3241,train,3241
3242,train,3242
3243,train,3243
3244,train,3244
3245,train,3245
3246,train,3246
3247,train,3247
3248,train,3248
3249,train,3249
3250,train,3250
3251,train,3251
3252,train,3252
3255,train,3255
3257,train,3257
3258,train,3258
3259,train,3259
3261,train,3261
3262,train,3262
3263,train,3263
3264,train,3264
3265,train,3265
3266,train,3266
3267,train,3267
3268,train,3268
3269,train,3269
3270,train,3270
3271,train,3271
3272,train,3272
3273,train,3273
3274,train,3274
3276,train,3276
3277,train,3277
3279,train,3279
3280,train,3280
3281,train,3281
3282,train,3282
3283,train,3283
3284,train,3284
3285,train,3285
3286,train,3286
3287,train,3287
3288,train,3288
3289,train,3289
3291,train,3291
3292,train,3292
3293,train,3293
3294,train,3294
3296,train,3296
3297,train,3297
3298,train,3298
3299,train,3299
3300,train,3300
3302,train,3302
3303,train,3303
3304,train,3304
3305,train,3305
3306,train,3306
3307,train,3307
3309,train,3309
3310,train,3310
3312,train,3312
3314,train,3314
3316,train,3316
3317,train,3317
3319,train,3319
3320,train,3320
3321,train,3321
3322,train,3322
3323,train,3323
3324,train,3324
3325,train,3325
3327,train,3327
3328,train,3328
3329,train,3329
3330,train,3330
3332,train,3332
3333,train,3333
3334,train,3334
3336,train,3336
3337,train,3337
3338,train,3338
3340,train,3340
3341,train,3341
3342,train,3342
3343,train,3343
3344,train,3344
3345,train,3345
3346,train,3346
3348,train,3348
3349,train,3349
3350,train,3350
3352,train,3352
3353,train,3353
3354,train,3354
3355,train,3355
3356,train,3356
3357,train,3357
3358,train,3358
3359,train,3359
3360,train,3360
3361,train,3361
3363,train,3363
3364,train,3364
3366,train,3366
3368,train,3368
3369,train,3369
3370,train,3370
3373,train,3373
3374,train,3374
3375,train,3375
3376,train,3376
3377,train,3377
3378,train,3378
3379,train,3379
3380,train,3380
3381,train,3381
3382,train,3382
3383,train,3383
3384,train,3384
3385,train,3385
3386,train,3386
3387,train,3387
3388,train,3388
3389,train,3389
3390,train,3390
3391,train,3391
3392,train,3392
3393,train,3393
3394,train,3394
3395,train,3395
3396,train,3396
3397,train,3397
3398,train,3398
3399,train,3399
3400,train,3400
3402,train,3402
3403,train,3403
3404,train,3404
3406,train,3406
3407,train,3407
3408,train,3408
3409,train,3409
3410,train,3410
3411,train,3411
3412,train,3412
3413,train,3413
3414,train,3414
3415,train,3415
3416,train,3416
3417,train,3417
3418,train,3418
3421,train,3421
3422,train,3422
3423,train,3423
3424,train,3424
3425,train,3425
3427,train,3427
3428,train,3428
3429,train,3429
3430,train,3430
3431,train,3431
3432,train,3432
3433,train,3433
3434,train,3434
3435,train,3435
3436,train,3436
3438,train,3438
3440,train,3440
3441,train,3441
3442,train,3442
3443,train,3443
3444,train,3444
3445,train,3445
3446,train,3446
3447,train,3447
3448,train,3448
3449,train,3449
3451,train,3451
3452,train,3452
3453,train,3453
3454,train,3454
3455,train,3455
3456,train,3456
3457,train,3457
3458,train,3458
3459,train,3459
3460,train,3460
3461,train,3461
3462,train,3462
3464,train,3464
3465,train,3465
3466,train,3466
3467,train,3467
3468,train,3468
3469,train,3469
3470,train,3470
3471,train,3471
3472,train,3472
3474,train,3474
3475,train,3475
3476,train,3476
3479,train,3479
3480,train,3480
3481,train,3481
3482,train,3482
3483,train,3483
3487,train,3487
3488,train,3488
3489,train,3489
3490,train,3490
3491,train,3491
3492,train,3492
3493,train,3493
3494,train,3494
3495,train,3495
3496,train,3496
3497,train,3497
3498,train,3498
3499,train,3499
3501,train,3501
3502,train,3502
3503,train,3503
3504,train,3504
3505,train,3505
3506,train,3506
3507,train,3507
3508,train,3508
3509,train,3509
3511,train,3511
3512,train,3512
3513,train,3513
3516,train,3516
3518,train,3518
3519,train,3519
3520,train,3520
3522,train,3522
3523,train,3523
3524,train,3524
3525,train,3525
3526,train,3526
3530,train,3530
3531,train,3531
3533,train,3533
3534,train,3534
3536,train,3536
3537,train,3537
3538,train,3538
3539,train,3539
3540,train,3540
3541,train,3541
3542,train,3542
3543,train,3543
3544,train,3544
3545,train,3545
3546,train,3546
3547,train,3547
3549,train,3549
3551,train,3551
3552,train,3552
3553,train,3553
3554,train,3554
3557,train,3557
3559,train,3559
3560,train,3560
3561,train,3561
3562,train,3562
3563,train,3563
3564,train,3564
3565,train,3565
3566,train,3566
3567,train,3567
3568,train,3568
3570,train,3570
3571,train,3571
3572,train,3572
3573,train,3573
3574,train,3574
3575,train,3575
3576,train,3576
3579,train,3579
3580,train,3580
3581,train,3581
3582,train,3582
3583,train,3583
3584,train,3584
3586,train,3586
3587,train,3587
3588,train,3588
3589,train,3589
3591,train,3591
3592,train,3592
3593,train,3593
3594,train,3594
3596,train,3596
3599,train,3599
3600,train,3600
3601,train,3601
3602,train,3602
3603,train,3603
3604,train,3604
3605,train,3605
3606,train,3606
3607,train,3607
3608,train,3608
3609,train,3609
3611,train,3611
3612,train,3612
3613,train,3613
3614,train,3614
3616,train,3616
3619,train,3619
3620,train,3620
3621,train,3621
3622,train,3622
3624,train,3624
3625,train,3625
3626,train,3626
3627,train,3627
3628,train,3628
3629,train,3629
3630,train,3630
3631,train,3631
3632,train,3632
3633,train,3633
3634,train,3634
3635,train,3635
3636,train,3636
3638,train,3638
3639,train,3639
3640,train,3640
3641,train,3641
3642,train,3642
3644,train,3644
3645,train,3645
3646,train,3646
3647,train,3647
3648,train,3648
3649,train,3649
3650,train,3650
3651,train,3651
3652,train,3652
3653,train,3653
3654,train,3654
3655,train,3655
3656,train,3656
3657,train,3657
3658,train,3658
3659,train,3659
3660,train,3660
3661,train,3661
3662,train,3662
3663,train,3663
3664,train,3664
3665,train,3665
3666,train,3666
3667,train,3667
3668,train,3668
3669,train,3669
3670,train,3670
3671,train,3671
3672,train,3672
3673,train,3673
3674,train,3674
3675,train,3675
3676,train,3676
3677,train,3677
3678,train,3678
3679,train,3679
3681,train,3681
3682,train,3682
3685,train,3685
3688,train,3688
3689,train,3689
3690,train,3690
3692,train,3692
3693,train,3693
3695,train,3695
3696,train,3696
3697,train,3697
3698,train,3698
3700,train,3700
3701,train,3701
3702,train,3702
3704,train,3704
3706,train,3706
3707,train,3707
3708,train,3708
3709,train,3709
3710,train,3710
3711,train,3711
3712,train,3712
3713,train,3713
3715,train,3715
3717,train,3717
3718,train,3718
3719,train,3719
3722,train,3722
3724,train,3724
3725,train,3725
3726,train,3726
3727,train,3727
3728,train,3728
3729,train,3729
3732,train,3732
3733,train,3733
3734,train,3734
3735,train,3735
3736,train,3736
3737,train,3737
3738,train,3738
3741,train,3741
3742,train,3742
3743,train,3743
3744,train,3744
3745,train,3745
3746,train,3746
3747,train,3747
3748,train,3748
3749,train,3749
3751,train,3751
3752,train,3752
3753,train,3753
3754,train,3754
3755,train,3755
3756,train,3756
3758,train,3758
3759,train,3759
3760,train,3760
3761,train,3761
3762,train,3762
3763,train,3763
3765,train,3765
3766,train,3766
3767,train,3767
3768,train,3768
3770,train,3770
3772,train,3772
3773,train,3773
3775,train,3775
3776,train,3776
3777,train,3777
3778,train,3778
3779,train,3779
3780,train,3780
3782,train,3782
3783,train,3783
3784,train,3784
3785,train,3785
3786,train,3786
3787,train,3787
3788,train,3788
3789,train,3789
3790,train,3790
3791,train,3791
3793,train,3793
3794,train,3794
3796,train,3796
3797,train,3797
3800,train,3800
3801,train,3801
3802,train,3802
3803,train,3803
3804,train,3804
3805,train,3805
3806,train,3806
3807,train,3807
3809,train,3809
3810,train,3810
3811,train,3811
3812,train,3812
3813,train,3813
3814,train,3814
3815,train,3815
3816,train,3816
3817,train,3817
3819,train,3819
3821,train,3821
3822,train,3822
3823,train,3823
3824,train,3824
3825,train,3825
3826,train,3826
3827,train,3827
3828,train,3828
3829,train,3829
3830,train,3830
3831,train,3831
3832,train,3832
3836,train,3836
3837,train,3837
3838,train,3838
3839,train,3839
3840,train,3840
3841,train,3841
3842,train,3842
3844,train,3844
3846,train,3846
3847,train,3847
3848,train,3848
3849,train,3849
3850,train,3850
3852,train,3852
3853,train,3853
3854,train,3854
3855,train,3855
3856,train,3856
3857,train,3857
3858,train,3858
3859,train,3859
3860,train,3860
3861,train,3861
3862,train,3862
3865,train,3865
3866,train,3866
3867,train,3867
3869,train,3869
3870,train,3870
3871,train,3871
3872,train,3872
3873,train,3873
3874,train,3874
3875,train,3875
3876,train,3876
3877,train,3877
3878,train,3878
3879,train,3879
3881,train,3881
3883,train,3883
3884,train,3884
3887,train,3887
3888,train,3888
3889,train,3889
3890,train,3890
3891,train,3891
3892,train,3892
3894,train,3894
3895,train,3895
3898,train,3898
3899,train,3899
3900,train,3900
3902,train,3902
3903,train,3903
3904,train,3904
3905,train,3905
3906,train,3906
3907,train,3907
3910,train,3910
3911,train,3911
3913,train,3913
3914,train,3914
3916,train,3916
3917,train,3917
3918,train,3918
3920,train,3920
3921,train,3921
3923,train,3923
3925,train,3925
3926,train,3926
3927,train,3927
3928,train,3928
3929,train,3929
3930,train,3930
3932,train,3932
3933,train,3933
3934,train,3934
3935,train,3935
3936,train,3936
3937,train,3937
3938,train,3938
3940,train,3940
3943,train,3943
3944,train,3944
3946,train,3946
3948,train,3948
3949,train,3949
3950,train,3950
3951,train,3951
3954,train,3954
3955,train,3955
3956,train,3956
3957,train,3957
3958,train,3958
3959,train,3959
3961,train,3961
3962,train,3962
3963,train,3963
3964,train,3964
3965,train,3965
3967,train,3967
3968,train,3968
3971,train,3971
3972,train,3972
3973,train,3973
3974,train,3974
3975,train,3975
3976,train,3976
3978,train,3978
3979,train,3979
3980,train,3980
3981,train,3981
3982,train,3982
3983,train,3983
3984,train,3984
3985,train,3985
3986,train,3986
3987,train,3987
3988,train,3988
3989,train,3989
3990,train,3990
3991,train,3991
3992,train,3992
3993,train,3993
3994,train,3994
3995,train,3995
3996,train,3996
3998,train,3998
3999,train,3999
4002,train,4002
4003,train,4003
4004,train,4004
4005,train,4005
4006,train,4006
4007,train,4007
4008,train,4008
4009,train,4009
4011,train,4011
4012,train,4012
4013,train,4013
4014,train,4014
4015,train,4015
4016,train,4016
4018,train,4018
4019,train,4019
4020,train,4020
4021,train,4021
4023,train,4023
4024,train,4024
4025,train,4025
4026,train,4026
4027,train,4027
4028,train,4028
4029,train,4029
4030,train,4030
4031,train,4031
4032,train,4032
4033,train,4033
4034,train,4034
4035,train,4035
4036,train,4036
4037,train,4037
4038,train,4038
4039,train,4039
4041,train,4041
4043,train,4043
4044,train,4044
4046,train,4046
4047,train,4047
4048,train,4048
4049,train,4049
4050,train,4050
4051,train,4051
4052,train,4052
4053,train,4053
4054,train,4054
4055,train,4055
4057,train,4057
4058,train,4058
4059,train,4059
4062,train,4062
4063,train,4063
4064,train,4064
4065,train,4065
4067,train,4067
4068,train,4068
4069,train,4069
4070,train,4070
4071,train,4071
4072,train,4072
4073,train,4073
4074,train,4074
4076,train,4076
4077,train,4077
4079,train,4079
4083,train,4083
4085,train,4085
4086,train,4086
4087,train,4087
4090,train,4090
4091,train,4091
4094,train,4094
4095,train,4095
4096,train,4096
4098,train,4098
4099,train,4099
4100,train,4100
4101,train,4101
4102,train,4102
4103,train,4103
4104,train,4104
4105,train,4105
4106,train,4106
4107,train,4107
4108,train,4108
4109,train,4109
4110,train,4110
4111,train,4111
4113,train,4113
4114,train,4114
4115,train,4115
4116,train,4116
4117,train,4117
4121,train,4121
4122,train,4122
4123,train,4123
4124,train,4124
4125,train,4125
4126,train,4126
4128,train,4128
4130,train,4130
4132,train,4132
4133,train,4133
4134,train,4134
4135,train,4135
4136,train,4136
4137,train,4137
4140,train,4140
4141,train,4141
4142,train,4142
4143,train,4143
4146,train,4146
4148,train,4148
4149,train,4149
4150,train,4150
4152,train,4152
4153,train,4153
4154,train,4154
4155,train,4155
4156,train,4156
4157,train,4157
4158,train,4158
4159,train,4159
4160,train,4160
4164,train,4164
4165,train,4165
4166,train,4166
4167,train,4167
4168,train,4168
4169,train,4169
4174,train,4174
4175,train,4175
4176,train,4176
4177,train,4177
4178,train,4178
4179,train,4179
4181,train,4181
4182,train,4182
4183,train,4183
4184,train,4184
4185,train,4185
4186,train,4186
4188,train,4188
4189,train,4189
4191,train,4191
4192,train,4192
4193,train,4193
4194,train,4194
4196,train,4196
4197,train,4197
4199,train,4199
4200,train,4200
4201,train,4201
4202,train,4202
4203,train,4203
4206,train,4206
4207,train,4207
4208,train,4208
4209,train,4209
4210,train,4210
4211,train,4211
4213,train,4213
4214,train,4214
4215,train,4215
4216,train,4216
4217,train,4217
4219,train,4219
4220,train,4220
4221,train,4221
4223,train,4223
4224,train,4224
4225,train,4225
4226,train,4226
4227,train,4227
4228,train,4228
4229,train,4229
4230,train,4230
4231,train,4231
4233,train,4233
4234,train,4234
4235,train,4235
4236,train,4236
4237,train,4237
4238,train,4238
4239,train,4239
4240,train,4240
4241,train,4241
4242,train,4242
4244,train,4244
4245,train,4245
4246,train,4246
4247,train,4247
4248,train,4248
4249,train,4249
4250,train,4250
4251,train,4251
4252,train,4252
4254,train,4254
4255,train,4255
4257,train,4257
4258,train,4258
4259,train,4259
4260,train,4260
4261,train,4261
4262,train,4262
4263,train,4263
4264,train,4264
4265,train,4265
4266,train,4266
4267,train,4267
4268,train,4268
4270,train,4270
4271,train,4271
4272,train,4272
4273,train,4273
4274,train,4274
4275,train,4275
4276,train,4276
4277,train,4277
4278,train,4278
4279,train,4279
4280,train,4280
4282,train,4282
4283,train,4283
4284,train,4284
4285,train,4285
4286,train,4286
4287,train,4287
4288,train,4288
4289,train,4289
4290,train,4290
4291,train,4291
4293,train,4293
4294,train,4294
4296,train,4296
4297,train,4297
4298,train,4298
4299,train,4299
4300,train,4300
4301,train,4301
4302,train,4302
4303,train,4303
4304,train,4304
4305,train,4305
4306,train,4306
4307,train,4307
4308,train,4308
4309,train,4309
4310,train,4310
4311,train,4311
4312,train,4312
4313,train,4313
4315,train,4315
4317,train,4317
4318,train,4318
4319,train,4319
4320,train,4320
4321,train,4321
4327,train,4327
4328,train,4328
4329,train,4329
4331,train,4331
4333,train,4333
4334,train,4334
4335,train,4335
4336,train,4336
4337,train,4337
4338,train,4338
4339,train,4339
4341,train,4341
4342,train,4342
4344,train,4344
4345,train,4345
4347,train,4347
4348,train,4348
4349,train,4349
4350,train,4350
4352,train,4352
4353,train,4353
4354,train,4354
4355,train,4355
4356,train,4356
4358,train,4358
4361,train,4361
4362,train,4362
4363,train,4363
4365,train,4365
4367,train,4367
4368,train,4368
4369,train,4369
4370,train,4370
4371,train,4371
4372,train,4372
4374,train,4374
4375,train,4375
4376,train,4376
4377,train,4377
4378,train,4378
4379,train,4379
4380,train,4380
4382,train,4382
4384,train,4384
4385,train,4385
4386,train,4386
4387,train,4387
4388,train,4388
4389,train,4389
4390,train,4390
4391,train,4391
4392,train,4392
4393,train,4393
4395,train,4395
4397,train,4397
4398,train,4398
4400,train,4400
4401,train,4401
4402,train,4402
4403,train,4403
4405,train,4405
4406,train,4406
4407,train,4407
4408,train,4408
4409,train,4409
4410,train,4410
4411,train,4411
4412,train,4412
4413,train,4413
4416,train,4416
4417,train,4417
4418,train,4418
4419,train,4419
4420,train,4420
4421,train,4421
4422,train,4422
4423,train,4423
4424,train,4424
4425,train,4425
4426,train,4426
4427,train,4427
4430,train,4430
4431,train,4431
4432,train,4432
4433,train,4433
4434,train,4434
4435,train,4435
4437,train,4437
4440,train,4440
4442,train,4442
4444,train,4444
4446,train,4446
4447,train,4447
4448,train,4448
4449,train,4449
4451,train,4451
4452,train,4452
4453,train,4453
4454,train,4454
4455,train,4455
4456,train,4456
4459,train,4459
4460,train,4460
4464,train,4464
4465,train,4465
4466,train,4466
4467,train,4467
4468,train,4468
4469,train,4469
4470,train,4470
4471,train,4471
4472,train,4472
4474,train,4474
4475,train,4475
4477,train,4477
4478,train,4478
4479,train,4479
4480,train,4480
4481,train,4481
4482,train,4482
4483,train,4483
4484,train,4484
4486,train,4486
4487,train,4487
4488,train,4488
4489,train,4489
4490,train,4490
4491,train,4491
4493,train,4493
4494,train,4494
4495,train,4495
4496,train,4496
4497,train,4497
4499,train,4499
4500,train,4500
4501,train,4501
4502,train,4502
4503,train,4503
4504,train,4504
4505,train,4505
4506,train,4506
4507,train,4507
4508,train,4508
4511,train,4511
4513,train,4513
4516,train,4516
4517,train,4517
4519,train,4519
4520,train,4520
4521,train,4521
4522,train,4522
4523,train,4523
4524,train,4524
4525,train,4525
4526,train,4526
4530,train,4530
4531,train,4531
4532,train,4532
4534,train,4534
4535,train,4535
4536,train,4536
4537,train,4537
4539,train,4539
4540,train,4540
4542,train,4542
4543,train,4543
4544,train,4544
4546,train,4546
4547,train,4547
4549,train,4549
4550,train,4550
4551,train,4551
4552,train,4552
4554,train,4554
4556,train,4556
4557,train,4557
4558,train,4558
4562,train,4562
4563,train,4563
4564,train,4564
4565,train,4565
4566,train,4566
4567,train,4567
4568,train,4568
4569,train,4569
4570,train,4570
4571,train,4571
4572,train,4572
4574,train,4574
4575,train,4575
4576,train,4576
4578,train,4578
4579,train,4579
4580,train,4580
4582,train,4582
4583,train,4583
4585,train,4585
4586,train,4586
4587,train,4587
4588,train,4588
4590,train,4590
4591,train,4591
4593,train,4593
4594,train,4594
4595,train,4595
4596,train,4596
4597,train,4597
4598,train,4598
4599,train,4599
4600,train,4600
4601,train,4601
4602,train,4602
4603,train,4603
4604,train,4604
4605,train,4605
4606,train,4606
4607,train,4607
4608,train,4608
4609,train,4609
4611,train,4611
4612,train,4612
4613,train,4613
4615,train,4615
4617,train,4617
4618,train,4618
4619,train,4619
4620,train,4620
4621,train,4621
4623,train,4623
4624,train,4624
4625,train,4625
4626,train,4626
4627,train,4627
4628,train,4628
4629,train,4629
4631,train,4631
4632,train,4632
4633,train,4633
4634,train,4634
4635,train,4635
4636,train,4636
4637,train,4637
4638,train,4638
4639,train,4639
4640,train,4640
4641,train,4641
4643,train,4643
4644,train,4644
4645,train,4645
4646,train,4646
4647,train,4647
4648,train,4648
4649,train,4649
4651,train,4651
4652,train,4652
4654,train,4654
4655,train,4655
4656,train,4656
4657,train,4657
4658,train,4658
4660,train,4660
4661,train,4661
4662,train,4662
4663,train,4663
4664,train,4664
4665,train,4665
4666,train,4666
4667,train,4667
4669,train,4669
4670,train,4670
4672,train,4672
4673,train,4673
4674,train,4674
4675,train,4675
4676,train,4676
4677,train,4677
4678,train,4678
4679,train,4679
4681,train,4681
4682,train,4682
4683,train,4683
4684,train,4684
4685,train,4685
4686,train,4686
4687,train,4687
4688,train,4688
4689,train,4689
4690,train,4690
4691,train,4691
4692,train,4692
4693,train,4693
4694,train,4694
4695,train,4695
4696,train,4696
4697,train,4697
4698,train,4698
4700,train,4700
4702,train,4702
4703,train,4703
4705,train,4705
4706,train,4706
4707,train,4707
4708,train,4708
4709,train,4709
4710,train,4710
4711,train,4711
4712,train,4712
4713,train,4713
4714,train,4714
4716,train,4716
4717,train,4717
4718,train,4718
4719,train,4719
4720,train,4720
4723,train,4723
4725,train,4725
4726,train,4726
4727,train,4727
4728,train,4728
4729,train,4729
4731,train,4731
4732,train,4732
4733,train,4733
4734,train,4734
4735,train,4735
4736,train,4736
4737,train,4737
4738,train,4738
4739,train,4739
4740,train,4740
4741,train,4741
4742,train,4742
4744,train,4744
4745,train,4745
4746,train,4746
4747,train,4747
4750,train,4750
4751,train,4751
4752,train,4752
4753,train,4753
4754,train,4754
4755,train,4755
4756,train,4756
4757,train,4757
4758,train,4758
4759,train,4759
4760,train,4760
4761,train,4761
4762,train,4762
4763,train,4763
4765,train,4765
4766,train,4766
4767,train,4767
4768,train,4768
4769,train,4769
4770,train,4770
4771,train,4771
4772,train,4772
4773,train,4773
4775,train,4775
4776,train,4776
4777,train,4777
4778,train,4778
4779,train,4779
4781,train,4781
4783,train,4783
4784,train,4784
4785,train,4785
4786,train,4786
4787,train,4787
4788,train,4788
4789,train,4789
4791,train,4791
4793,train,4793
4794,train,4794
4795,train,4795
4796,train,4796
4797,train,4797
4798,train,4798
4800,train,4800
4801,train,4801
4804,train,4804
4805,train,4805
4806,train,4806
4807,train,4807
4808,train,4808
4809,train,4809
4810,train,4810
4811,train,4811
4812,train,4812
4814,train,4814
4815,train,4815
4816,train,4816
4817,train,4817
4818,train,4818
4819,train,4819
4822,train,4822
4823,train,4823
4824,train,4824
4825,train,4825
4826,train,4826
4827,train,4827
4828,train,4828
4829,train,4829
4830,train,4830
4831,train,4831
4834,train,4834
4836,train,4836
4838,train,4838
4839,train,4839
4840,train,4840
4841,train,4841
4842,train,4842
4843,train,4843
4844,train,4844
4845,train,4845
4846,train,4846
4847,train,4847
4848,train,4848
4850,train,4850
4852,train,4852
4853,train,4853
4854,train,4854
4855,train,4855
4856,train,4856
4858,train,4858
4859,train,4859
4860,train,4860
4861,train,4861
4862,train,4862
4863,train,4863
4864,train,4864
4866,train,4866
4870,train,4870
4871,train,4871
4872,train,4872
4873,train,4873
4874,train,4874
4875,train,4875
4877,train,4877
4878,train,4878
4879,train,4879
4880,train,4880
4881,train,4881
4882,train,4882
4883,train,4883
4884,train,4884
4885,train,4885
4887,train,4887
4888,train,4888
4889,train,4889
4890,train,4890
4892,train,4892
4894,train,4894
4895,train,4895
4897,train,4897
4898,train,4898
4899,train,4899
4900,train,4900
4901,train,4901
4902,train,4902
4903,train,4903
4904,train,4904
4905,train,4905
4906,train,4906
4907,train,4907
4908,train,4908
4910,train,4910
4912,train,4912
4913,train,4913
4915,train,4915
4916,train,4916
4917,train,4917
4918,train,4918
4920,train,4920
4921,train,4921
4922,train,4922
4923,train,4923
4924,train,4924
4925,train,4925
4926,train,4926
4927,train,4927
4928,train,4928
4929,train,4929
4930,train,4930
4931,train,4931
4932,train,4932
4933,train,4933
4934,train,4934
4935,train,4935
4937,train,4937
4939,train,4939
4941,train,4941
4943,train,4943
4944,train,4944
4945,train,4945
4947,train,4947
4948,train,4948
4949,train,4949
4950,train,4950
4951,train,4951
4952,train,4952
4953,train,4953
4954,train,4954
4955,train,4955
4958,train,4958
4960,train,4960
4961,train,4961
4962,train,4962
4963,train,4963
4964,train,4964
4965,train,4965
4966,train,4966
4967,train,4967
4968,train,4968
4969,train,4969
4970,train,4970
4971,train,4971
4972,train,4972
4973,train,4973
4974,train,4974
4975,train,4975
4976,train,4976
4978,train,4978
4979,train,4979
4980,train,4980
4981,train,4981
4982,train,4982
4983,train,4983
4985,train,4985
4986,train,4986
4987,train,4987
4988,train,4988
4989,train,4989
4990,train,4990
4991,train,4991
4992,train,4992
4993,train,4993
4994,train,4994
4996,train,4996
4997,train,4997
4998,train,4998
4999,train,4999
5000,train,5000
5001,train,5001
5003,train,5003
5004,train,5004
5005,train,5005
5006,train,5006
5007,train,5007
5008,train,5008
5010,train,5010
5011,train,5011
5012,train,5012
5013,train,5013
5016,train,5016
5017,train,5017
5019,train,5019
5020,train,5020
5021,train,5021
5023,train,5023
5024,train,5024
5025,train,5025
5026,train,5026
5027,train,5027
5028,train,5028
5029,train,5029
5030,train,5030
5031,train,5031
5033,train,5033
5035,train,5035
5036,train,5036
5037,train,5037
5038,train,5038
5039,train,5039
5042,train,5042
5043,train,5043
5046,train,5046
5047,train,5047
5051,train,5051
5053,train,5053
5054,train,5054
5055,train,5055
5056,train,5056
5057,train,5057
5058,train,5058
5059,train,5059
5060,train,5060
5061,train,5061
5062,train,5062
5063,train,5063
5064,train,5064
5065,train,5065
5066,train,5066
5067,train,5067
5068,train,5068
5069,train,5069
5070,train,5070
5071,train,5071
5072,train,5072
5074,train,5074
5075,train,5075
5077,train,5077
5078,train,5078
5079,train,5079
5082,train,5082
5083,train,5083
5086,train,5086
5087,train,5087
5088,train,5088
5089,train,5089
5090,train,5090
5091,train,5091
5092,train,5092
5093,train,5093
5094,train,5094
5095,train,5095
5096,train,5096
5098,train,5098
5099,train,5099
5100,train,5100
5101,train,5101
5102,train,5102
5103,train,5103
5105,train,5105
5106,train,5106
5109,train,5109
5111,train,5111
5112,train,5112
5114,train,5114
5115,train,5115
5117,train,5117
5119,train,5119
5120,train,5120
5124,train,5124
5125,train,5125
5126,train,5126
5127,train,5127
5128,train,5128
5129,train,5129
5130,train,5130
5131,train,5131
5132,train,5132
5133,train,5133
5135,train,5135
5137,train,5137
5138,train,5138
5140,train,5140
5141,train,5141
5142,train,5142
5143,train,5143
5144,train,5144
5145,train,5145
5146,train,5146
5147,train,5147
5148,train,5148
5150,train,5150
5151,train,5151
5153,train,5153
5154,train,5154
5155,train,5155
5156,train,5156
5157,train,5157
5161,train,5161
5162,train,5162
5163,train,5163
5165,train,5165
5166,train,5166
5167,train,5167
5168,train,5168
5169,train,5169
5170,train,5170
5171,train,5171
5172,train,5172
5173,train,5173
5174,train,5174
5175,train,5175
5176,train,5176
5177,train,5177
5178,train,5178
5179,train,5179
5180,train,5180
5181,train,5181
5183,train,5183
5185,train,5185
5186,train,5186
5187,train,5187
5188,train,5188
5189,train,5189
5190,train,5190
5191,train,5191
5194,train,5194
5195,train,5195
5197,train,5197
5198,train,5198
5199,train,5199
5200,train,5200
5201,train,5201
5202,train,5202
5204,train,5204
5205,train,5205
5207,train,5207
5209,train,5209
5210,train,5210
5211,train,5211
5212,train,5212
5214,train,5214
5215,train,5215
5216,train,5216
5217,train,5217
5218,train,5218
5219,train,5219
5223,train,5223
5224,train,5224
5225,train,5225
5226,train,5226
5228,train,5228
5229,train,5229
5230,train,5230
5232,train,5232
5233,train,5233
5236,train,5236
5237,train,5237
5238,train,5238
5240,train,5240
5241,train,5241
5242,train,5242
5244,train,5244
5246,train,5246
5247,train,5247
5248,train,5248
5251,train,5251
5253,train,5253
5254,train,5254
5255,train,5255
5256,train,5256
5257,train,5257
5258,train,5258
5259,train,5259
5260,train,5260
5261,train,5261
5262,train,5262
5263,train,5263
5265,train,5265
5266,train,5266
5268,train,5268
5269,train,5269
5270,train,5270
5271,train,5271
5273,train,5273
5274,train,5274
5276,train,5276
5278,train,5278
5279,train,5279
5280,train,5280
5281,train,5281
5282,train,5282
5283,train,5283
5284,train,5284
5285,train,5285
5286,train,5286
5287,train,5287
5288,train,5288
5289,train,5289
5290,train,5290
5291,train,5291
5292,train,5292
5293,train,5293
5294,train,5294
5295,train,5295
5297,train,5297
5298,train,5298
5300,train,5300
5301,train,5301
5302,train,5302
5303,train,5303
5304,train,5304
5305,train,5305
5307,train,5307
5308,train,5308
5309,train,5309
5310,train,5310
5312,train,5312
5314,train,5314
5315,train,5315
5316,train,5316
5317,train,5317
5318,train,5318
5320,train,5320
5321,train,5321
5322,train,5322
5323,train,5323
5324,train,5324
5325,train,5325
5326,train,5326
5327,train,5327
5328,train,5328
5331,train,5331
5332,train,5332
5333,train,5333
5335,train,5335
5336,train,5336
5337,train,5337
5338,train,5338
5339,train,5339
5340,train,5340
5341,train,5341
5342,train,5342
5343,train,5343
5344,train,5344
5345,train,5345
5346,train,5346
5347,train,5347
5348,train,5348
5350,train,5350
5353,train,5353
5354,train,5354
5355,train,5355
5356,train,5356
5357,train,5357
5358,train,5358
5359,train,5359
5360,train,5360
5361,train,5361
5364,train,5364
5365,train,5365
5366,train,5366
5367,train,5367
5368,train,5368
5369,train,5369
5371,train,5371
5372,train,5372
5373,train,5373
5374,train,5374
5376,train,5376
5377,train,5377
5379,train,5379
5380,train,5380
5381,train,5381
5383,train,5383
5384,train,5384
5385,train,5385
5386,train,5386
5387,train,5387
5388,train,5388
5390,train,5390
5393,train,5393
5394,train,5394
5395,train,5395
5396,train,5396
5398,train,5398
5399,train,5399
5400,train,5400
5401,train,5401
5404,train,5404
5405,train,5405
5407,train,5407
5408,train,5408
5409,train,5409
5410,train,5410
5411,train,5411
5412,train,5412
5414,train,5414
5416,train,5416
5417,train,5417
5419,train,5419
5421,train,5421
5422,train,5422
5423,train,5423
5424,train,5424
5426,train,5426
5427,train,5427
5428,train,5428
5429,train,5429
5430,train,5430
5431,train,5431
5433,train,5433
5434,train,5434
5436,train,5436
5437,train,5437
5438,train,5438
5439,train,5439
5440,train,5440
5441,train,5441
5442,train,5442
5443,train,5443
5444,train,5444
5446,train,5446
5447,train,5447
5448,train,5448
5449,train,5449
5450,train,5450
5451,train,5451
5452,train,5452
5454,train,5454
5455,train,5455
5456,train,5456
5457,train,5457
5459,train,5459
5460,train,5460
5462,train,5462
5464,train,5464
5466,train,5466
5467,train,5467
5468,train,5468
5469,train,5469
5472,train,5472
5473,train,5473
5475,train,5475
5476,train,5476
5478,train,5478
5479,train,5479
5480,train,5480
5481,train,5481
5482,train,5482
5483,train,5483
5485,train,5485
5486,train,5486
5488,train,5488
5489,train,5489
5491,train,5491
5492,train,5492
5493,train,5493
5495,train,5495
5496,train,5496
5497,train,5497
5498,train,5498
5499,train,5499
5500,train,5500
5501,train,5501
5502,train,5502
5503,train,5503
5504,train,5504
5505,train,5505
5506,train,5506
5507,train,5507
5508,train,5508
5509,train,5509
5510,train,5510
5511,train,5511
5512,train,5512
5513,train,5513
5514,train,5514
5515,train,5515
5517,train,5517
5518,train,5518
5519,train,5519
5520,train,5520
5521,train,5521
5522,train,5522
5523,train,5523
5524,train,5524
5525,train,5525
5527,train,5527
5530,train,5530
5531,train,5531
5532,train,5532
5533,train,5533
5534,train,5534
5535,train,5535
5536,train,5536
5537,train,5537
5538,train,5538
5539,train,5539
5540,train,5540
5541,train,5541
5542,train,5542
5543,train,5543
5545,train,5545
5546,train,5546
5547,train,5547
5548,train,5548
5549,train,5549
5550,train,5550
5551,train,5551
5552,train,5552
5553,train,5553
5554,train,5554
5556,train,5556
5558,train,5558
5559,train,5559
5560,train,5560
5561,train,5561
5564,train,5564
5566,train,5566
5567,train,5567
5568,train,5568
5569,train,5569
5570,train,5570
5571,train,5571
5572,train,5572
5573,train,5573
5574,train,5574
5575,train,5575
5576,train,5576
5577,train,5577
5578,train,5578
5579,train,5579
5580,train,5580
5581,train,5581
5582,train,5582
5584,train,5584
5585,train,5585
5586,train,5586
5588,train,5588
5589,train,5589
5590,train,5590
5591,train,5591
5592,train,5592
5593,train,5593
5594,train,5594
5595,train,5595
5596,train,5596
5597,train,5597
5598,train,5598
5599,train,5599
5600,train,5600
5601,train,5601
5602,train,5602
5603,train,5603
5604,train,5604
5605,train,5605
5607,train,5607
5608,train,5608
5609,train,5609
5611,train,5611
5614,train,5614
5616,train,5616
5618,train,5618
5619,train,5619
5620,train,5620
5621,train,5621
5623,train,5623
5624,train,5624
5625,train,5625
5626,train,5626
5627,train,5627
5628,train,5628
5629,train,5629
5630,train,5630
5631,train,5631
5632,train,5632
5633,train,5633
5634,train,5634
5635,train,5635
5636,train,5636
5638,train,5638
5639,train,5639
5640,train,5640
5641,train,5641
5642,train,5642
5643,train,5643
5644,train,5644
5645,train,5645
5646,train,5646
5647,train,5647
5648,train,5648
5649,train,5649
5651,train,5651
5652,train,5652
5653,train,5653
5654,train,5654
5655,train,5655
5656,train,5656
5658,train,5658
5659,train,5659
5660,train,5660
5661,train,5661
5663,train,5663
5664,train,5664
5665,train,5665
5666,train,5666
5667,train,5667
5668,train,5668
5669,train,5669
5670,train,5670
5671,train,5671
5673,train,5673
5674,train,5674
5676,train,5676
5677,train,5677
5678,train,5678
5680,train,5680
5681,train,5681
5682,train,5682
5684,train,5684
5685,train,5685
5686,train,5686
5687,train,5687
5688,train,5688
5689,train,5689
5690,train,5690
5691,train,5691
5692,train,5692
5693,train,5693
5694,train,5694
5695,train,5695
5696,train,5696
5698,train,5698
5699,train,5699
5700,train,5700
5701,train,5701
5702,train,5702
5703,train,5703
5704,train,5704
5707,train,5707
5708,train,5708
5709,train,5709
5710,train,5710
5711,train,5711
5712,train,5712
5714,train,5714
5715,train,5715
5716,train,5716
5717,train,5717
5718,train,5718
5719,train,5719
5721,train,5721
5722,train,5722
5723,train,5723
5724,train,5724
5725,train,5725
5726,train,5726
5727,train,5727
5728,train,5728
5730,train,5730
5732,train,5732
5733,train,5733
5734,train,5734
5735,train,5735
5736,train,5736
5737,train,5737
5738,train,5738
5739,train,5739
5740,train,5740
5741,train,5741
5742,train,5742
5743,train,5743
5744,train,5744
5745,train,5745
5748,train,5748
5749,train,5749
5750,train,5750
5751,train,5751
5752,train,5752
5753,train,5753
5755,train,5755
5756,train,5756
5757,train,5757
5758,train,5758
5759,train,5759
5760,train,5760
5761,train,5761
5762,train,5762
5763,train,5763
5765,train,5765
5766,train,5766
5767,train,5767
5771,train,5771
5772,train,5772
5773,train,5773
5774,train,5774
5775,train,5775
5776,train,5776
5777,train,5777
5779,train,5779
5780,train,5780
5781,train,5781
5782,train,5782
5783,train,5783
5784,train,5784
5786,train,5786
5787,train,5787
5788,train,5788
5789,train,5789
5790,train,5790
5792,train,5792
5794,train,5794
5795,train,5795
5796,train,5796
5797,train,5797
5798,train,5798
5799,train,5799
5801,train,5801
5802,train,5802
5805,train,5805
5806,train,5806
5808,train,5808
5809,train,5809
5810,train,5810
5811,train,5811
5812,train,5812
5813,train,5813
5814,train,5814
5815,train,5815
5816,train,5816
5817,train,5817
5819,train,5819
5820,train,5820
5821,train,5821
5822,train,5822
5823,train,5823
5824,train,5824
5825,train,5825
5826,train,5826
5828,train,5828
5830,train,5830
5831,train,5831
5832,train,5832
5835,train,5835
5837,train,5837
5838,train,5838
5840,train,5840
5841,train,5841
5842,train,5842
5843,train,5843
5844,train,5844
5845,train,5845
5846,train,5846
5847,train,5847
5849,train,5849
5850,train,5850
5851,train,5851
5852,train,5852
5853,train,5853
5854,train,5854
5855,train,5855
5856,train,5856
5857,train,5857
5858,train,5858
5859,train,5859
5860,train,5860
5864,train,5864
5866,train,5866
5867,train,5867
5868,train,5868
5869,train,5869
5870,train,5870
5871,train,5871
5872,train,5872
5874,train,5874
5875,train,5875
5876,train,5876
5878,train,5878
5879,train,5879
5880,train,5880
5882,train,5882
5883,train,5883
5885,train,5885
5886,train,5886
5887,train,5887
5888,train,5888
5889,train,5889
5891,train,5891
5892,train,5892
5893,train,5893
5894,train,5894
5895,train,5895
5896,train,5896
5897,train,5897
5898,train,5898
5899,train,5899
5900,train,5900
5901,train,5901
5902,train,5902
5903,train,5903
5904,train,5904
5906,train,5906
5907,train,5907
5908,train,5908
5909,train,5909
5910,train,5910
5912,train,5912
5913,train,5913
5914,train,5914
5916,train,5916
5917,train,5917
5919,train,5919
5921,train,5921
5922,train,5922
5923,train,5923
5924,train,5924
5925,train,5925
5926,train,5926
5927,train,5927
5928,train,5928
5929,train,5929
5930,train,5930
5932,train,5932
5933,train,5933
5935,train,5935
5936,train,5936
5937,train,5937
5938,train,5938
5940,train,5940
5941,train,5941
5942,train,5942
5943,train,5943
5944,train,5944
5945,train,5945
5946,train,5946
5948,train,5948
5949,train,5949
5950,train,5950
5951,train,5951
5952,train,5952
5953,train,5953
5954,train,5954
5956,train,5956
5957,train,5957
5958,train,5958
5959,train,5959
5960,train,5960
5961,train,5961
5962,train,5962
5963,train,5963
5964,train,5964
5967,train,5967
5969,train,5969
5970,train,5970
5971,train,5971
5972,train,5972
5973,train,5973
5974,train,5974
5975,train,5975
5976,train,5976
5978,train,5978
5979,train,5979
5982,train,5982
5983,train,5983
5984,train,5984
5985,train,5985
5986,train,5986
5987,train,5987
5989,train,5989
5990,train,5990
5991,train,5991
5993,train,5993
5995,train,5995
5996,train,5996
5997,train,5997
5999,train,5999
6000,train,6000
6001,train,6001
6002,train,6002
6003,train,6003
6004,train,6004
6005,train,6005
6006,train,6006
6007,train,6007
6009,train,6009
6010,train,6010
6013,train,6013
6014,train,6014
6015,train,6015
6018,train,6018
6019,train,6019
6020,train,6020
6023,train,6023
6024,train,6024
6025,train,6025
6028,train,6028
6029,train,6029
6031,train,6031
6032,train,6032
6035,train,6035
6036,train,6036
6037,train,6037
6038,train,6038
6040,train,6040
6041,train,6041
6042,train,6042
6043,train,6043
6044,train,6044
6046,train,6046
6048,train,6048
6049,train,6049
6050,train,6050
6051,train,6051
6052,train,6052
6053,train,6053
6054,train,6054
6056,train,6056
6057,train,6057
6058,train,6058
6059,train,6059
6061,train,6061
6062,train,6062
6063,train,6063
6064,train,6064
6065,train,6065
6066,train,6066
6067,train,6067
6068,train,6068
6069,train,6069
6070,train,6070
6071,train,6071
6072,train,6072
6073,train,6073
6074,train,6074
6075,train,6075
6076,train,6076
6078,train,6078
6079,train,6079
6080,train,6080
6081,train,6081
6082,train,6082
6083,train,6083
6085,train,6085
6086,train,6086
6088,train,6088
6089,train,6089
6090,train,6090
6091,train,6091
6094,train,6094
6095,train,6095
6096,train,6096
6097,train,6097
6098,train,6098
6099,train,6099
6101,train,6101
6102,train,6102
6103,train,6103
6105,train,6105
6108,train,6108
6109,train,6109
6111,train,6111
6112,train,6112
6113,train,6113
6115,train,6115
6117,train,6117
6118,train,6118
6119,train,6119
6120,train,6120
6121,train,6121
6122,train,6122
6124,train,6124
6125,train,6125
6126,train,6126
6127,train,6127
6128,train,6128
6130,train,6130
6133,train,6133
6134,train,6134
6135,train,6135
6136,train,6136
6137,train,6137
6138,train,6138
6139,train,6139
6140,train,6140
6141,train,6141
6142,train,6142
6143,train,6143
6144,train,6144
6145,train,6145
6146,train,6146
6147,train,6147
6148,train,6148
6149,train,6149
6150,train,6150
6151,train,6151
6153,train,6153
6155,train,6155
6157,train,6157
6158,train,6158
6159,train,6159
6160,train,6160
6162,train,6162
6163,train,6163
6165,train,6165
6166,train,6166
6167,train,6167
6168,train,6168
6169,train,6169
6170,train,6170
6171,train,6171
6173,train,6173
6174,train,6174
6175,train,6175
6176,train,6176
6177,train,6177
6178,train,6178
6179,train,6179
6180,train,6180
6181,train,6181
6182,train,6182
6183,train,6183
6184,train,6184
6185,train,6185
6187,train,6187
6188,train,6188
6189,train,6189
6190,train,6190
6191,train,6191
6192,train,6192
6193,train,6193
6194,train,6194
6195,train,6195
6196,train,6196
6197,train,6197
6198,train,6198
6199,train,6199
6200,train,6200
6201,train,6201
6202,train,6202
6205,train,6205
6206,train,6206
6207,train,6207
6208,train,6208
6210,train,6210
6211,train,6211
6212,train,6212
6213,train,6213
6216,train,6216
6217,train,6217
6218,train,6218
6219,train,6219
6220,train,6220
6221,train,6221
6222,train,6222
6223,train,6223
6224,train,6224
6225,train,6225
6226,train,6226
6227,train,6227
6228,train,6228
6229,train,6229
6230,train,6230
6231,train,6231
6232,train,6232
6233,train,6233
6235,train,6235
6236,train,6236
6237,train,6237
6238,train,6238
6239,train,6239
6241,train,6241
6243,train,6243
6244,train,6244
6245,train,6245
6246,train,6246
6247,train,6247
6249,train,6249
6251,train,6251
6252,train,6252
6253,train,6253
6254,train,6254
6255,train,6255
6256,train,6256
6257,train,6257
6258,train,6258
6259,train,6259
6260,train,6260
6263,train,6263
6264,train,6264
6266,train,6266
6267,train,6267
6268,train,6268
6269,train,6269
6270,train,6270
6271,train,6271
6272,train,6272
6273,train,6273
6274,train,6274
6275,train,6275
6276,train,6276
6277,train,6277
6278,train,6278
6279,train,6279
6280,train,6280
6282,train,6282
6283,train,6283
6284,train,6284
6285,train,6285
6286,train,6286
6287,train,6287
6289,train,6289
6291,train,6291
6292,train,6292
6293,train,6293
6294,train,6294
6295,train,6295
6296,train,6296
6297,train,6297
6298,train,6298
6299,train,6299
6301,train,6301
6303,train,6303
6304,train,6304
6305,train,6305
6306,train,6306
6307,train,6307
6309,train,6309
6310,train,6310
6311,train,6311
6312,train,6312
6313,train,6313
6314,train,6314
6315,train,6315
6316,train,6316
6317,train,6317
6319,train,6319
6321,train,6321
6323,train,6323
6324,train,6324
6326,train,6326
6327,train,6327
6328,train,6328
6329,train,6329
6331,train,6331
6333,train,6333
6335,train,6335
6336,train,6336
6337,train,6337
6341,train,6341
6342,train,6342
6343,train,6343
6344,train,6344
6345,train,6345
6346,train,6346
6347,train,6347
6348,train,6348
6349,train,6349
6351,train,6351
6352,train,6352
6353,train,6353
6354,train,6354
6355,train,6355
6356,train,6356
6357,train,6357
6358,train,6358
6360,train,6360
6361,train,6361
6362,train,6362
6363,train,6363
6364,train,6364
6367,train,6367
6369,train,6369
6370,train,6370
6372,train,6372
6373,train,6373
6374,train,6374
6375,train,6375
6377,train,6377
6378,train,6378
6379,train,6379
6380,train,6380
6381,train,6381
6382,train,6382
6383,train,6383
6384,train,6384
6386,train,6386
6388,train,6388
6389,train,6389
6390,train,6390
6391,train,6391
6392,train,6392
6393,train,6393
6394,train,6394
6395,train,6395
6396,train,6396
6397,train,6397
6398,train,6398
6399,train,6399
6400,train,6400
6401,train,6401
6402,train,6402
6404,train,6404
6405,train,6405
6406,train,6406
6408,train,6408
6409,train,6409
6410,train,6410
6412,train,6412
6413,train,6413
6414,train,6414
6417,train,6417
6419,train,6419
6422,train,6422
6423,train,6423
6424,train,6424
6425,train,6425
6428,train,6428
6429,train,6429
6431,train,6431
6432,train,6432
6434,train,6434
6435,train,6435
6436,train,6436
6437,train,6437
6438,train,6438
6440,train,6440
6441,train,6441
6442,train,6442
6443,train,6443
6445,train,6445
6446,train,6446
6447,train,6447
6449,train,6449
6450,train,6450
6452,train,6452
6454,train,6454
6455,train,6455
6456,train,6456
6457,train,6457
6458,train,6458
6459,train,6459
6460,train,6460
6461,train,6461
6462,train,6462
6463,train,6463
6464,train,6464
6465,train,6465
6466,train,6466
6469,train,6469
6471,train,6471
6472,train,6472
6475,train,6475
6476,train,6476
6477,train,6477
6478,train,6478
6479,train,6479
6481,train,6481
6482,train,6482
6483,train,6483
6484,train,6484
6486,train,6486
6487,train,6487
6488,train,6488
6489,train,6489
6490,train,6490
6491,train,6491
6492,train,6492
6493,train,6493
6494,train,6494
6495,train,6495
6497,train,6497
6499,train,6499
6500,train,6500
6502,train,6502
6503,train,6503
6504,train,6504
6505,train,6505
6506,train,6506
6508,train,6508
6509,train,6509
6510,train,6510
6511,train,6511
6514,train,6514
6515,train,6515
6516,train,6516
6517,train,6517
6518,train,6518
6519,train,6519
6520,train,6520
6521,train,6521
6523,train,6523
6524,train,6524
6525,train,6525
6527,train,6527
6528,train,6528
6529,train,6529
6530,train,6530
6531,train,6531
6532,train,6532
6533,train,6533
6534,train,6534
6535,train,6535
6536,train,6536
6537,train,6537
6538,train,6538
6539,train,6539
6541,train,6541
6542,train,6542
6543,train,6543
6544,train,6544
6545,train,6545
6546,train,6546
6547,train,6547
6548,train,6548
6549,train,6549
6551,train,6551
6552,train,6552
6553,train,6553
6554,train,6554
6555,train,6555
6557,train,6557
6559,train,6559
6560,train,6560
6561,train,6561
6563,train,6563
6564,train,6564
6565,train,6565
6566,train,6566
6567,train,6567
6568,train,6568
6570,train,6570
6571,train,6571
6572,train,6572
6573,train,6573
6575,train,6575
6576,train,6576
6577,train,6577
6578,train,6578
6579,train,6579
6580,train,6580
6581,train,6581
6582,train,6582
6583,train,6583
6584,train,6584
6585,train,6585
6586,train,6586
6588,train,6588
6590,train,6590
6592,train,6592
6593,train,6593
6595,train,6595
6596,train,6596
6597,train,6597
6598,train,6598
6599,train,6599
6600,train,6600
6601,train,6601
6602,train,6602
6603,train,6603
6605,train,6605
6606,train,6606
6608,train,6608
6610,train,6610
6611,train,6611
6612,train,6612
6614,train,6614
6615,train,6615
6616,train,6616
6617,train,6617
6618,train,6618
6621,train,6621
6625,train,6625
6626,train,6626
6627,train,6627
6628,train,6628
6629,train,6629
6630,train,6630
6631,train,6631
6632,train,6632
6633,train,6633
6635,train,6635
6636,train,6636
6637,train,6637
6638,train,6638
6639,train,6639
6640,train,6640
6641,train,6641
6642,train,6642
6644,train,6644
6645,train,6645
6646,train,6646
6647,train,6647
6649,train,6649
6650,train,6650
6651,train,6651
6653,train,6653
6654,train,6654
6655,train,6655
6659,train,6659
6660,train,6660
6661,train,6661
6662,train,6662
6663,train,6663
6664,train,6664
6665,train,6665
6666,train,6666
6667,train,6667
6669,train,6669
6670,train,6670
6671,train,6671
6672,train,6672
6673,train,6673
6675,train,6675
6677,train,6677
6679,train,6679
6680,train,6680
6681,train,6681
6682,train,6682
6684,train,6684
6685,train,6685
6687,train,6687
6688,train,6688
6689,train,6689
6690,train,6690
6691,train,6691
6692,train,6692
6695,train,6695
6696,train,6696
6697,train,6697
6698,train,6698
6699,train,6699
6700,train,6700
6701,train,6701
6704,train,6704
6706,train,6706
6707,train,6707
6708,train,6708
6710,train,6710
6711,train,6711
6712,train,6712
6713,train,6713
6714,train,6714
6715,train,6715
6717,train,6717
6720,train,6720
6721,train,6721
6722,train,6722
6723,train,6723
6724,train,6724
6726,train,6726
6727,train,6727
6728,train,6728
6729,train,6729
6730,train,6730
6731,train,6731
6732,train,6732
6733,train,6733
6734,train,6734
6735,train,6735
6737,train,6737
6738,train,6738
6740,train,6740
6741,train,6741
6742,train,6742
6743,train,6743
6744,train,6744
6745,train,6745
6746,train,6746
6748,train,6748
6750,train,6750
6751,train,6751
6752,train,6752
6754,train,6754
6755,train,6755
6758,train,6758
6759,train,6759
6760,train,6760
6761,train,6761
6762,train,6762
6763,train,6763
6764,train,6764
6765,train,6765
6766,train,6766
6767,train,6767
6769,train,6769
6770,train,6770
6771,train,6771
6772,train,6772
6773,train,6773
6774,train,6774
6775,train,6775
6776,train,6776
6777,train,6777
6778,train,6778
6779,train,6779
6781,train,6781
6782,train,6782
6784,train,6784
6785,train,6785
6786,train,6786
6787,train,6787
6790,train,6790
6791,train,6791
6792,train,6792
6795,train,6795
6796,train,6796
6797,train,6797
6798,train,6798
6800,train,6800
6801,train,6801
6802,train,6802
6804,train,6804
6805,train,6805
6806,train,6806
6808,train,6808
6809,train,6809
6811,train,6811
6812,train,6812
6813,train,6813
6814,train,6814
6815,train,6815
6817,train,6817
6818,train,6818
6820,train,6820
6822,train,6822
6823,train,6823
6824,train,6824
6825,train,6825
6826,train,6826
6827,train,6827
6831,train,6831
6832,train,6832
6833,train,6833
6834,train,6834
6836,train,6836
6838,train,6838
6839,train,6839
6840,train,6840
6841,train,6841
6843,train,6843
6844,train,6844
6847,train,6847
6848,train,6848
6850,train,6850
6851,train,6851
6852,train,6852
6853,train,6853
6854,train,6854
6855,train,6855
6856,train,6856
6857,train,6857
6858,train,6858
6859,train,6859
6861,train,6861
6862,train,6862
6863,train,6863
6864,train,6864
6865,train,6865
6866,train,6866
6867,train,6867
6868,train,6868
6869,train,6869
6870,train,6870
6872,train,6872
6873,train,6873
6874,train,6874
6875,train,6875
6876,train,6876
6877,train,6877
6878,train,6878
6879,train,6879
6880,train,6880
6881,train,6881
6882,train,6882
6883,train,6883
6884,train,6884
6887,train,6887
6888,train,6888
6889,train,6889
6891,train,6891
6892,train,6892
6893,train,6893
6894,train,6894
6898,train,6898
6899,train,6899
6900,train,6900
6901,train,6901
6903,train,6903
6904,train,6904
6905,train,6905
6906,train,6906
6907,train,6907
6908,train,6908
6909,train,6909
6910,train,6910
6911,train,6911
6912,train,6912
6913,train,6913
6914,train,6914
6915,train,6915
6916,train,6916
6917,train,6917
6918,train,6918
6919,train,6919
6920,train,6920
6921,train,6921
6922,train,6922
6923,train,6923
6924,train,6924
6925,train,6925
6926,train,6926
6927,train,6927
6928,train,6928
6929,train,6929
6930,train,6930
6931,train,6931
6932,train,6932
6933,train,6933
6934,train,6934
6935,train,6935
6936,train,6936
6939,train,6939
6940,train,6940
6941,train,6941
6942,train,6942
6943,train,6943
6944,train,6944
6946,train,6946
6948,train,6948
6949,train,6949
6951,train,6951
6952,train,6952
6953,train,6953
6954,train,6954
6955,train,6955
6956,train,6956
6957,train,6957
6959,train,6959
6960,train,6960
6961,train,6961
6962,train,6962
6963,train,6963
6964,train,6964
6965,train,6965
6966,train,6966
6967,train,6967
6968,train,6968
6970,train,6970
6972,train,6972
6974,train,6974
6975,train,6975
6976,train,6976
6978,train,6978
6979,train,6979
6980,train,6980
6981,train,6981
6982,train,6982
6983,train,6983
6984,train,6984
6985,train,6985
6986,train,6986
6987,train,6987
6989,train,6989
6990,train,6990
6991,train,6991
6992,train,6992
6995,train,6995
6996,train,6996
6997,train,6997
6998,train,6998
7000,train,7000
7001,train,7001
7002,train,7002
7003,train,7003
7004,train,7004
7007,train,7007
7008,train,7008
7009,train,7009
7010,train,7010
7011,train,7011
7012,train,7012
7013,train,7013
7015,train,7015
7017,train,7017
7018,train,7018
7020,train,7020
7022,train,7022
7024,train,7024
7025,train,7025
7027,train,7027
7029,train,7029
7030,train,7030
7031,train,7031
7032,train,7032
7033,train,7033
7035,train,7035
7037,train,7037
7038,train,7038
7039,train,7039
7040,train,7040
7041,train,7041
7042,train,7042
7043,train,7043
7045,train,7045
7046,train,7046
7047,train,7047
7048,train,7048
7049,train,7049
7050,train,7050
7053,train,7053
7055,train,7055
7056,train,7056
7057,train,7057
7058,train,7058
7059,train,7059
7060,train,7060
7062,train,7062
7063,train,7063
7065,train,7065
7068,train,7068
7069,train,7069
7071,train,7071
7072,train,7072
7073,train,7073
7074,train,7074
7075,train,7075
7077,train,7077
7078,train,7078
7079,train,7079
7080,train,7080
7081,train,7081
7083,train,7083
7085,train,7085
7088,train,7088
7090,train,7090
7091,train,7091
7092,train,7092
7093,train,7093
7094,train,7094
7095,train,7095
7096,train,7096
7098,train,7098
7099,train,7099
7100,train,7100
7101,train,7101
7102,train,7102
7103,train,7103
7104,train,7104
7105,train,7105
7106,train,7106
7107,train,7107
7112,train,7112
7113,train,7113
7114,train,7114
7115,train,7115
7117,train,7117
7118,train,7118
7119,train,7119
7120,train,7120
7121,train,7121
7122,train,7122
7123,train,7123
7125,train,7125
7126,train,7126
7127,train,7127
7128,train,7128
7129,train,7129
7130,train,7130
7131,train,7131
7132,train,7132
7133,train,7133
7134,train,7134
7135,train,7135
7136,train,7136
7137,train,7137
7138,train,7138
7139,train,7139
7140,train,7140
7141,train,7141
7142,train,7142
7143,train,7143
7145,train,7145
7146,train,7146
7147,train,7147
7148,train,7148
7149,train,7149
7150,train,7150
7152,train,7152
7153,train,7153
7155,train,7155
7156,train,7156
7157,train,7157
7158,train,7158
7159,train,7159
7161,train,7161
7165,train,7165
7166,train,7166
7168,train,7168
7169,train,7169
7170,train,7170
7171,train,7171
7173,train,7173
7175,train,7175
7176,train,7176
7177,train,7177
7179,train,7179
7180,train,7180
7181,train,7181
7182,train,7182
7183,train,7183
7184,train,7184
7185,train,7185
7186,train,7186
7187,train,7187
7188,train,7188
7189,train,7189
7190,train,7190
7192,train,7192
7193,train,7193
7194,train,7194
7195,train,7195
7196,train,7196
7197,train,7197
7199,train,7199
7200,train,7200
7201,train,7201
7202,train,7202
7203,train,7203
7204,train,7204
7205,train,7205
7206,train,7206
7207,train,7207
7209,train,7209
7211,train,7211
7212,train,7212
7213,train,7213
7214,train,7214
7215,train,7215
7217,train,7217
7218,train,7218
7219,train,7219
7220,train,7220
7221,train,7221
7222,train,7222
7223,train,7223
7224,train,7224
7225,train,7225
7226,train,7226
7228,train,7228
7229,train,7229
7230,train,7230
7231,train,7231
7232,train,7232
7233,train,7233
7236,train,7236
7237,train,7237
7239,train,7239
7240,train,7240
7241,train,7241
7243,train,7243
7244,train,7244
7247,train,7247
7248,train,7248
7249,train,7249
7252,train,7252
7253,train,7253
7254,train,7254
7255,train,7255
7256,train,7256
7257,train,7257
7258,train,7258
7259,train,7259
7260,train,7260
7261,train,7261
7263,train,7263
7264,train,7264
7267,train,7267
7268,train,7268
7269,train,7269
7270,train,7270
7271,train,7271
7273,train,7273
7275,train,7275
7276,train,7276
7277,train,7277
7278,train,7278
7279,train,7279
7281,train,7281
7282,train,7282
7283,train,7283
7286,train,7286
7287,train,7287
7289,train,7289
7291,train,7291
7292,train,7292
7293,train,7293
7294,train,7294
7295,train,7295
7296,train,7296
7297,train,7297
7298,train,7298
7300,train,7300
7301,train,7301
7302,train,7302
7303,train,7303
7304,train,7304
7306,train,7306
7307,train,7307
7308,train,7308
7309,train,7309
7310,train,7310
7311,train,7311
7312,train,7312
7313,train,7313
7314,train,7314
7315,train,7315
7316,train,7316
7317,train,7317
7318,train,7318
7319,train,7319
7320,train,7320
7321,train,7321
7322,train,7322
7324,train,7324
7325,train,7325
7326,train,7326
7327,train,7327
7329,train,7329
7330,train,7330
7333,train,7333
7334,train,7334
7335,train,7335
7336,train,7336
7337,train,7337
7338,train,7338
7340,train,7340
7341,train,7341
7342,train,7342
7343,train,7343
7345,train,7345
7346,train,7346
7350,train,7350
7351,train,7351
7352,train,7352
7353,train,7353
7354,train,7354
7356,train,7356
7357,train,7357
7358,train,7358
7359,train,7359
7360,train,7360
7361,train,7361
7363,train,7363
7364,train,7364
7365,train,7365
7366,train,7366
7367,train,7367
7368,train,7368
7369,train,7369
7371,train,7371
7373,train,7373
7374,train,7374
7375,train,7375
7376,train,7376
7377,train,7377
7379,train,7379
7381,train,7381
7382,train,7382
7383,train,7383
7384,train,7384
7385,train,7385
7386,train,7386
7387,train,7387
7389,train,7389
7390,train,7390
7391,train,7391
7392,train,7392
7393,train,7393
7394,train,7394
7395,train,7395
7396,train,7396
7398,train,7398
7399,train,7399
7400,train,7400
7401,train,7401
7402,train,7402
7403,train,7403
7404,train,7404
7406,train,7406
7407,train,7407
7409,train,7409
7410,train,7410
7411,train,7411
7412,train,7412
7414,train,7414
7415,train,7415
7416,train,7416
7417,train,7417
7418,train,7418
7419,train,7419
7420,train,7420
7422,train,7422
7423,train,7423
7424,train,7424
7425,train,7425
7426,train,7426
7427,train,7427
7428,train,7428
7429,train,7429
7430,train,7430
7431,train,7431
7432,train,7432
7433,train,7433
7435,train,7435
7436,train,7436
7437,train,7437
7438,train,7438
7440,train,7440
7441,train,7441
7442,train,7442
7443,train,7443
7444,train,7444
7445,train,7445
7446,train,7446
7447,train,7447
7448,train,7448
7449,train,7449
7450,train,7450
7452,train,7452
7453,train,7453
7454,train,7454
7455,train,7455
7456,train,7456
7460,train,7460
7462,train,7462
7463,train,7463
7464,train,7464
7466,train,7466
7467,train,7467
7470,train,7470
7471,train,7471
7472,train,7472
7473,train,7473
7474,train,7474
7475,train,7475
7478,train,7478
7479,train,7479
7481,train,7481
7482,train,7482
7483,train,7483
7484,train,7484
7485,train,7485
7486,train,7486
7487,train,7487
7488,train,7488
7489,train,7489
7490,train,7490
7493,train,7493
7494,train,7494
7496,train,7496
7497,train,7497
7498,train,7498
7499,train,7499
7500,train,7500
7501,train,7501
7502,train,7502
7503,train,7503
7504,train,7504
7505,train,7505
7506,train,7506
7507,train,7507
7509,train,7509
7510,train,7510
7511,train,7511
7512,train,7512
7514,train,7514
7515,train,7515
7516,train,7516
7517,train,7517
7518,train,7518
7519,train,7519
7520,train,7520
7521,train,7521
7523,train,7523
7525,train,7525
7526,train,7526
7527,train,7527
7528,train,7528
7529,train,7529
7530,train,7530
7531,train,7531
7532,train,7532
7533,train,7533
7534,train,7534
7535,train,7535
7536,train,7536
7537,train,7537
7538,train,7538
7539,train,7539
7540,train,7540
7543,train,7543
7544,train,7544
7545,train,7545
7546,train,7546
7547,train,7547
7548,train,7548
7549,train,7549
7550,train,7550
7552,train,7552
7553,train,7553
7554,train,7554
7557,train,7557
7558,train,7558
7559,train,7559
7562,train,7562
7563,train,7563
7564,train,7564
7565,train,7565
7566,train,7566
7567,train,7567
7568,train,7568
7570,train,7570
7572,train,7572
7573,train,7573
7575,train,7575
7577,train,7577
7579,train,7579
7581,train,7581
7582,train,7582
7583,train,7583
7584,train,7584
7585,train,7585
7587,train,7587
7588,train,7588
7590,train,7590
7591,train,7591
7592,train,7592
7594,train,7594
7595,train,7595
7596,train,7596
7597,train,7597
7598,train,7598
7599,train,7599
7600,train,7600
7601,train,7601
7602,train,7602
7603,train,7603
7604,train,7604
7605,train,7605
7606,train,7606
7607,train,7607
7608,train,7608
7609,train,7609
7611,train,7611
7613,train,7613
7614,train,7614
7616,train,7616
7617,train,7617
7618,train,7618
7619,train,7619
7620,train,7620
7621,train,7621
7622,train,7622
7623,train,7623
7624,train,7624
7625,train,7625
7626,train,7626
7627,train,7627
7629,train,7629
7630,train,7630
7631,train,7631
7632,train,7632
7633,train,7633
7634,train,7634
7637,train,7637
7638,train,7638
7639,train,7639
7640,train,7640
7641,train,7641
7642,train,7642
7644,train,7644
7645,train,7645
7646,train,7646
7647,train,7647
7648,train,7648
7649,train,7649
7650,train,7650
7653,train,7653
7654,train,7654
7655,train,7655
7656,train,7656
7657,train,7657
7658,train,7658
7659,train,7659
7660,train,7660
7661,train,7661
7662,train,7662
7663,train,7663
7664,train,7664
7665,train,7665
7666,train,7666
7669,train,7669
7671,train,7671
7672,train,7672
7673,train,7673
7674,train,7674
7675,train,7675
7676,train,7676
7677,train,7677
7678,train,7678
7679,train,7679
7680,train,7680
7682,train,7682
7683,train,7683
7684,train,7684
7685,train,7685
7686,train,7686
7687,train,7687
7688,train,7688
7689,train,7689
7690,train,7690
7691,train,7691
7692,train,7692
7693,train,7693
7694,train,7694
7695,train,7695
7696,train,7696
7697,train,7697
7699,train,7699
7700,train,7700
7701,train,7701
7702,train,7702
7703,train,7703
7704,train,7704
7705,train,7705
7707,train,7707
7709,train,7709
7710,train,7710
7711,train,7711
7712,train,7712
7713,train,7713
7714,train,7714
7715,train,7715
7716,train,7716
7717,train,7717
7718,train,7718
7719,train,7719
7720,train,7720
7721,train,7721
7722,train,7722
7723,train,7723
7724,train,7724
7726,train,7726
7727,train,7727
7729,train,7729
7730,train,7730
7731,train,7731
7732,train,7732
7733,train,7733
7734,train,7734
7735,train,7735
7736,train,7736
7737,train,7737
7738,train,7738
7739,train,7739
7740,train,7740
7742,train,7742
7743,train,7743
7744,train,7744
7745,train,7745
7747,train,7747
7748,train,7748
7749,train,7749
7750,train,7750
7751,train,7751
7752,train,7752
7753,train,7753
7754,train,7754
7755,train,7755
7756,train,7756
7758,train,7758
7759,train,7759
7760,train,7760
7761,train,7761
7762,train,7762
7763,train,7763
7765,train,7765
7766,train,7766
7767,train,7767
7768,train,7768
7770,train,7770
7771,train,7771
7773,train,7773
7774,train,7774
7775,train,7775
7776,train,7776
7780,train,7780
7781,train,7781
7782,train,7782
7783,train,7783
7784,train,7784
7786,train,7786
7787,train,7787
7789,train,7789
7790,train,7790
7791,train,7791
7793,train,7793
7794,train,7794
7796,train,7796
7797,train,7797
7798,train,7798
7799,train,7799
7800,train,7800
7801,train,7801
7802,train,7802
7803,train,7803
7806,train,7806
7809,train,7809
7811,train,7811
7812,train,7812
7814,train,7814
7815,train,7815
7816,train,7816
7817,train,7817
7818,train,7818
7819,train,7819
7820,train,7820
7821,train,7821
7822,train,7822
7823,train,7823
7824,train,7824
7825,train,7825
7828,train,7828
7829,train,7829
7830,train,7830
7831,train,7831
7832,train,7832
7833,train,7833
7834,train,7834
7835,train,7835
7836,train,7836
7837,train,7837
7838,train,7838
7839,train,7839
7840,train,7840
7841,train,7841
7842,train,7842
7843,train,7843
7844,train,7844
7845,train,7845
7846,train,7846
7847,train,7847
7849,train,7849
7850,train,7850
7852,train,7852
7853,train,7853
7854,train,7854
7855,train,7855
7856,train,7856
7857,train,7857
7858,train,7858
7859,train,7859
7860,train,7860
7862,train,7862
7863,train,7863
7864,train,7864
7865,train,7865
7866,train,7866
7868,train,7868
7869,train,7869
7870,train,7870
7871,train,7871
7872,train,7872
7873,train,7873
7874,train,7874
7876,train,7876
7877,train,7877
7879,train,7879
7880,train,7880
7881,train,7881
7882,train,7882
7884,train,7884
7885,train,7885
7886,train,7886
7887,train,7887
7888,train,7888
7890,train,7890
7891,train,7891
7892,train,7892
7893,train,7893
7895,train,7895
7896,train,7896
7897,train,7897
7898,train,7898
7899,train,7899
7900,train,7900
7901,train,7901
7902,train,7902
7903,train,7903
7904,train,7904
7905,train,7905
7907,train,7907
7908,train,7908
7909,train,7909
7910,train,7910
7911,train,7911
7912,train,7912
7913,train,7913
7914,train,7914
7915,train,7915
7916,train,7916
7917,train,7917
7918,train,7918
7919,train,7919
7920,train,7920
7921,train,7921
7922,train,7922
7923,train,7923
7925,train,7925
7926,train,7926
7928,train,7928
7929,train,7929
7930,train,7930
7931,train,7931
7933,train,7933
7934,train,7934
7936,train,7936
7937,train,7937
7938,train,7938
7939,train,7939
7940,train,7940
7941,train,7941
7942,train,7942
7943,train,7943
7944,train,7944
7946,train,7946
7947,train,7947
7948,train,7948
7949,train,7949
7950,train,7950
7951,train,7951
7952,train,7952
7954,train,7954
7955,train,7955
7956,train,7956
7957,train,7957
7958,train,7958
7959,train,7959
7960,train,7960
7961,train,7961
7963,train,7963
7964,train,7964
7966,train,7966
7967,train,7967
7968,train,7968
7969,train,7969
7970,train,7970
7971,train,7971
7973,train,7973
7974,train,7974
7975,train,7975
7976,train,7976
7977,train,7977
7978,train,7978
7979,train,7979
7980,train,7980
7981,train,7981
7982,train,7982
7983,train,7983
7985,train,7985
7988,train,7988
7990,train,7990
7991,train,7991
7992,train,7992
7993,train,7993
7994,train,7994
7995,train,7995
7996,train,7996
7997,train,7997
7998,train,7998
7999,train,7999
8000,train,8000
8001,train,8001
8002,train,8002
8003,train,8003
8004,train,8004
8005,train,8005
8006,train,8006
8007,train,8007
8008,train,8008
8010,train,8010
8011,train,8011
8013,train,8013
8014,train,8014
8015,train,8015
8016,train,8016
8017,train,8017
8019,train,8019
8020,train,8020
8021,train,8021
8022,train,8022
8023,train,8023
8024,train,8024
8026,train,8026
8027,train,8027
8028,train,8028
8029,train,8029
8030,train,8030
8032,train,8032
8033,train,8033
8034,train,8034
8035,train,8035
8036,train,8036
8037,train,8037
8038,train,8038
8039,train,8039
8041,train,8041
8042,train,8042
8043,train,8043
8044,train,8044
8045,train,8045
8046,train,8046
8047,train,8047
8049,train,8049
8050,train,8050
8051,train,8051
8052,train,8052
8053,train,8053
8057,train,8057
8060,train,8060
8061,train,8061
8065,train,8065
8066,train,8066
8068,train,8068
8069,train,8069
8070,train,8070
8072,train,8072
8073,train,8073
8075,train,8075
8077,train,8077
8078,train,8078
8079,train,8079
8080,train,8080
8082,train,8082
8083,train,8083
8084,train,8084
8086,train,8086
8087,train,8087
8089,train,8089
8090,train,8090
8092,train,8092
8094,train,8094
8095,train,8095
8096,train,8096
8098,train,8098
8099,train,8099
8101,train,8101
8102,train,8102
8106,train,8106
8107,train,8107
8108,train,8108
8109,train,8109
8110,train,8110
8111,train,8111
8112,train,8112
8114,train,8114
8115,train,8115
8116,train,8116
8118,train,8118
8119,train,8119
8120,train,8120
8121,train,8121
8122,train,8122
8123,train,8123
8125,train,8125
8126,train,8126
8127,train,8127
8128,train,8128
8129,train,8129
8130,train,8130
8132,train,8132
8133,train,8133
8135,train,8135
8136,train,8136
8137,train,8137
8139,train,8139
8140,train,8140
8143,train,8143
8144,train,8144
8147,train,8147
8149,train,8149
8150,train,8150
8151,train,8151
8152,train,8152
8153,train,8153
8156,train,8156
8157,train,8157
8159,train,8159
8160,train,8160
8161,train,8161
8162,train,8162
8163,train,8163
8165,train,8165
8167,train,8167
8168,train,8168
8169,train,8169
8170,train,8170
8171,train,8171
8172,train,8172
8173,train,8173
8174,train,8174
8175,train,8175
8176,train,8176
8177,train,8177
8178,train,8178
8179,train,8179
8181,train,8181
8183,train,8183
8184,train,8184
8185,train,8185
8186,train,8186
8188,train,8188
8189,train,8189
8190,train,8190
8192,train,8192
8193,train,8193
8194,train,8194
8198,train,8198
8199,train,8199
8200,train,8200
8201,train,8201
8202,train,8202
8203,train,8203
8204,train,8204
8205,train,8205
8206,train,8206
8208,train,8208
8210,train,8210
8211,train,8211
8212,train,8212
8213,train,8213
8214,train,8214
8215,train,8215
8217,train,8217
8218,train,8218
8219,train,8219
8220,train,8220
8221,train,8221
8222,train,8222
8223,train,8223
8224,train,8224
8225,train,8225
8226,train,8226
8227,train,8227
8229,train,8229
8230,train,8230
8231,train,8231
8232,train,8232
8233,train,8233
8234,train,8234
8235,train,8235
8236,train,8236
8237,train,8237
8239,train,8239
8241,train,8241
8242,train,8242
8243,train,8243
8244,train,8244
8247,train,8247
8248,train,8248
8249,train,8249
8250,train,8250
8251,train,8251
8253,train,8253
8254,train,8254
8255,train,8255
8256,train,8256
8257,train,8257
8258,train,8258
8260,train,8260
8261,train,8261
8262,train,8262
8263,train,8263
8264,train,8264
8265,train,8265
8267,train,8267
8268,train,8268
8269,train,8269
8270,train,8270
8271,train,8271
8272,train,8272
8273,train,8273
8274,train,8274
8275,train,8275
8276,train,8276
8277,train,8277
8278,train,8278
8279,train,8279
8281,train,8281
8283,train,8283
8284,train,8284
8285,train,8285
8286,train,8286
8287,train,8287
8288,train,8288
8289,train,8289
8291,train,8291
8292,train,8292
8294,train,8294
8295,train,8295
8296,train,8296
8297,train,8297
8299,train,8299
8300,train,8300
8301,train,8301
8302,train,8302
8303,train,8303
8304,train,8304
8305,train,8305
8306,train,8306
8307,train,8307
8309,train,8309
8310,train,8310
8312,train,8312
8313,train,8313
8314,train,8314
8315,train,8315
8316,train,8316
8317,train,8317
8318,train,8318
8319,train,8319
8321,train,8321
8322,train,8322
8323,train,8323
8325,train,8325
8326,train,8326
8327,train,8327
8328,train,8328
8329,train,8329
8330,train,8330
8332,train,8332
8333,train,8333
8334,train,8334
8336,train,8336
8337,train,8337
8338,train,8338
8339,train,8339
8340,train,8340
8341,train,8341
8342,train,8342
8343,train,8343
8345,train,8345
8346,train,8346
8347,train,8347
8348,train,8348
8350,train,8350
8352,train,8352
8353,train,8353
8354,train,8354
8355,train,8355
8357,train,8357
8358,train,8358
8359,train,8359
8361,train,8361
8362,train,8362
8363,train,8363
8364,train,8364
8365,train,8365
8366,train,8366
8368,train,8368
8370,train,8370
8371,train,8371
8372,train,8372
8373,train,8373
8374,train,8374
8377,train,8377
8378,train,8378
8381,train,8381
8384,train,8384
8385,train,8385
8386,train,8386
8387,train,8387
8388,train,8388
8389,train,8389
8390,train,8390
8391,train,8391
8392,train,8392
8393,train,8393
8394,train,8394
8396,train,8396
8398,train,8398
8399,train,8399
8400,train,8400
8401,train,8401
8402,train,8402
8403,train,8403
8404,train,8404
8406,train,8406
8407,train,8407
8408,train,8408
8409,train,8409
8410,train,8410
8411,train,8411
8412,train,8412
8414,train,8414
8415,train,8415
8416,train,8416
8417,train,8417
8419,train,8419
8420,train,8420
8421,train,8421
8422,train,8422
8423,train,8423
8424,train,8424
8425,train,8425
8426,train,8426
8427,train,8427
8428,train,8428
8429,train,8429
8430,train,8430
8431,train,8431
8432,train,8432
8433,train,8433
8434,train,8434
8436,train,8436
8437,train,8437
8438,train,8438
8439,train,8439
8440,train,8440
8441,train,8441
8442,train,8442
8443,train,8443
8445,train,8445
8446,train,8446
8447,train,8447
8448,train,8448
8449,train,8449
8451,train,8451
8452,train,8452
8453,train,8453
8454,train,8454
8455,train,8455
8456,train,8456
8457,train,8457
8458,train,8458
8459,train,8459
8460,train,8460
8462,train,8462
8463,train,8463
8465,train,8465
8466,train,8466
8467,train,8467
8468,train,8468
8469,train,8469
8470,train,8470
8472,train,8472
8474,train,8474
8475,train,8475
8476,train,8476
8477,train,8477
8478,train,8478
8479,train,8479
8480,train,8480
8481,train,8481
8482,train,8482
8483,train,8483
8484,train,8484
8485,train,8485
8487,train,8487
8488,train,8488
8489,train,8489
8490,train,8490
8491,train,8491
8494,train,8494
8495,train,8495
8496,train,8496
8498,train,8498
8499,train,8499
8500,train,8500
8502,train,8502
8503,train,8503
8504,train,8504
8505,train,8505
8506,train,8506
8507,train,8507
8508,train,8508
8509,train,8509
8510,train,8510
8511,train,8511
8513,train,8513
8515,train,8515
8516,train,8516
8517,train,8517
8518,train,8518
8519,train,8519
8520,train,8520
8521,train,8521
8522,train,8522
8523,train,8523
8524,train,8524
8525,train,8525
8527,train,8527
8530,train,8530
8531,train,8531
8532,train,8532
8533,train,8533
8535,train,8535
8537,train,8537
8538,train,8538
8539,train,8539
8540,train,8540
8541,train,8541
8542,train,8542
8543,train,8543
8544,train,8544
8545,train,8545
8546,train,8546
8547,train,8547
8548,train,8548
8549,train,8549
8550,train,8550
8552,train,8552
8553,train,8553
8554,train,8554
8555,train,8555
8556,train,8556
8557,train,8557
8558,train,8558
8559,train,8559
8560,train,8560
8561,train,8561
8562,train,8562
8563,train,8563
8564,train,8564
8565,train,8565
8566,train,8566
8567,train,8567
8568,train,8568
8569,train,8569
8571,train,8571
8572,train,8572
8573,train,8573
8574,train,8574
8575,train,8575
8576,train,8576
8577,train,8577
8578,train,8578
8579,train,8579
8581,train,8581
8582,train,8582
8583,train,8583
8584,train,8584
8585,train,8585
8586,train,8586
8588,train,8588
8589,train,8589
8593,train,8593
8595,train,8595
8596,train,8596
8597,train,8597
8599,train,8599
8600,train,8600
8601,train,8601
8604,train,8604
8605,train,8605
8606,train,8606
8607,train,8607
8608,train,8608
8609,train,8609
8610,train,8610
8611,train,8611
8612,train,8612
8613,train,8613
8614,train,8614
8616,train,8616
8617,train,8617
8619,train,8619
8620,train,8620
8622,train,8622
8623,train,8623
8624,train,8624
8625,train,8625
8626,train,8626
8627,train,8627
8629,train,8629
8630,train,8630
8631,train,8631
8632,train,8632
8633,train,8633
8634,train,8634
8636,train,8636
8639,train,8639
8640,train,8640
8641,train,8641
8642,train,8642
8643,train,8643
8644,train,8644
8645,train,8645
8646,train,8646
8648,train,8648
8649,train,8649
8650,train,8650
8651,train,8651
8652,train,8652
8653,train,8653
8656,train,8656
8657,train,8657
8659,train,8659
8660,train,8660
8662,train,8662
8663,train,8663
8664,train,8664
8666,train,8666
8667,train,8667
8668,train,8668
8669,train,8669
8670,train,8670
8671,train,8671
8672,train,8672
8673,train,8673
8674,train,8674
8675,train,8675
8676,train,8676
8677,train,8677
8679,train,8679
8680,train,8680
8681,train,8681
8682,train,8682
8684,train,8684
8685,train,8685
8686,train,8686
8687,train,8687
8688,train,8688
8691,train,8691
8695,train,8695
8696,train,8696
8697,train,8697
8698,train,8698
8700,train,8700
8703,train,8703
8704,train,8704
8705,train,8705
8706,train,8706
8707,train,8707
8708,train,8708
8710,train,8710
8713,train,8713
8714,train,8714
8715,train,8715
8716,train,8716
8717,train,8717
8718,train,8718
8719,train,8719
8720,train,8720
8721,train,8721
8722,train,8722
8723,train,8723
8724,train,8724
8725,train,8725
8726,train,8726
8728,train,8728
8730,train,8730
8732,train,8732
8733,train,8733
8734,train,8734
8735,train,8735
8736,train,8736
8737,train,8737
8738,train,8738
8740,train,8740
8741,train,8741
8742,train,8742
8743,train,8743
8744,train,8744
8745,train,8745
8747,train,8747
8748,train,8748
8749,train,8749
8750,train,8750
8751,train,8751
8752,train,8752
8754,train,8754
8755,train,8755
8756,train,8756
8757,train,8757
8758,train,8758
8759,train,8759
8760,train,8760
8761,train,8761
8762,train,8762
8763,train,8763
8764,train,8764
8765,train,8765
8766,train,8766
8767,train,8767
8768,train,8768
8769,train,8769
8770,train,8770
8771,train,8771
8772,train,8772
8773,train,8773
8774,train,8774
8777,train,8777
8779,train,8779
8781,train,8781
8782,train,8782
8783,train,8783
8784,train,8784
8785,train,8785
8787,train,8787
8788,train,8788
8791,train,8791
8792,train,8792
8793,train,8793
8794,train,8794
8795,train,8795
8796,train,8796
8797,train,8797
8798,train,8798
8799,train,8799
8801,train,8801
8802,train,8802
8803,train,8803
8806,train,8806
8807,train,8807
8808,train,8808
8809,train,8809
8810,train,8810
8811,train,8811
8812,train,8812
8813,train,8813
8814,train,8814
8816,train,8816
8818,train,8818
8820,train,8820
8821,train,8821
8822,train,8822
8823,train,8823
8824,train,8824
8825,train,8825
8826,train,8826
8827,train,8827
8829,train,8829
8830,train,8830
8832,train,8832
8833,train,8833
8834,train,8834
8835,train,8835
8837,train,8837
8838,train,8838
8840,train,8840
8841,train,8841
8842,train,8842
8843,train,8843
8844,train,8844
8845,train,8845
8846,train,8846
8847,train,8847
8848,train,8848
8851,train,8851
8852,train,8852
8857,train,8857
8858,train,8858
8859,train,8859
8860,train,8860
8861,train,8861
8862,train,8862
8863,train,8863
8864,train,8864
8865,train,8865
8866,train,8866
8867,train,8867
8868,train,8868
8869,train,8869
8870,train,8870
8871,train,8871
8873,train,8873
8874,train,8874
8875,train,8875
8876,train,8876
8877,train,8877
8878,train,8878
8880,train,8880
8881,train,8881
8882,train,8882
8883,train,8883
8884,train,8884
8885,train,8885
8886,train,8886
8887,train,8887
8888,train,8888
8889,train,8889
8890,train,8890
8891,train,8891
8892,train,8892
8893,train,8893
8894,train,8894
8895,train,8895
8896,train,8896
8897,train,8897
8898,train,8898
8899,train,8899
8900,train,8900
8901,train,8901
8902,train,8902
8903,train,8903
8904,train,8904
8905,train,8905
8907,train,8907
8908,train,8908
8909,train,8909
8910,train,8910
8911,train,8911
8913,train,8913
8914,train,8914
8915,train,8915
8916,train,8916
8917,train,8917
8918,train,8918
8919,train,8919
8920,train,8920
8921,train,8921
8922,train,8922
8923,train,8923
8924,train,8924
8925,train,8925
8926,train,8926
8927,train,8927
8928,train,8928
8929,train,8929
8931,train,8931
8932,train,8932
8933,train,8933
8934,train,8934
8936,train,8936
8937,train,8937
8938,train,8938
8939,train,8939
8940,train,8940
8941,train,8941
8942,train,8942
8943,train,8943
8944,train,8944
8946,train,8946
8947,train,8947
8949,train,8949
8950,train,8950
8953,train,8953
8954,train,8954
8955,train,8955
8956,train,8956
8957,train,8957
8958,train,8958
8959,train,8959
8960,train,8960
8961,train,8961
8963,train,8963
8964,train,8964
8965,train,8965
8966,train,8966
8967,train,8967
8968,train,8968
8969,train,8969
8971,train,8971
8972,train,8972
8973,train,8973
8974,train,8974
8975,train,8975
8976,train,8976
8977,train,8977
8978,train,8978
8979,train,8979
8980,train,8980
8982,train,8982
8983,train,8983
8986,train,8986
8987,train,8987
8988,train,8988
8991,train,8991
8992,train,8992
8993,train,8993
8994,train,8994
8995,train,8995
8996,train,8996
8998,train,8998
8999,train,8999
9000,train,9000
9001,train,9001
9002,train,9002
9004,train,9004
9006,train,9006
9007,train,9007
9008,train,9008
9009,train,9009
9010,train,9010
9013,train,9013
9014,train,9014
9016,train,9016
9018,train,9018
9019,train,9019
9020,train,9020
9021,train,9021
9022,train,9022
9024,train,9024
9026,train,9026
9027,train,9027
9028,train,9028
9029,train,9029
9030,train,9030
9031,train,9031
9032,train,9032
9033,train,9033
9034,train,9034
9035,train,9035
9036,train,9036
9037,train,9037
9038,train,9038
9039,train,9039
9040,train,9040
9041,train,9041
9042,train,9042
9043,train,9043
9046,train,9046
9047,train,9047
9049,train,9049
9050,train,9050
9051,train,9051
9052,train,9052
9053,train,9053
9054,train,9054
9055,train,9055
9056,train,9056
9060,train,9060
9061,train,9061
9062,train,9062
9063,train,9063
9065,train,9065
9067,train,9067
9068,train,9068
9069,train,9069
9070,train,9070
9071,train,9071
9074,train,9074
9075,train,9075
9076,train,9076
9077,train,9077
9078,train,9078
9081,train,9081
9082,train,9082
9083,train,9083
9086,train,9086
9087,train,9087
9088,train,9088
9089,train,9089
9090,train,9090
9091,train,9091
9092,train,9092
9093,train,9093
9094,train,9094
9095,train,9095
9096,train,9096
9097,train,9097
9098,train,9098
9100,train,9100
9102,train,9102
9103,train,9103
9104,train,9104
9105,train,9105
9108,train,9108
9109,train,9109
9110,train,9110
9111,train,9111
9113,train,9113
9114,train,9114
9115,train,9115
9116,train,9116
9117,train,9117
9118,train,9118
9119,train,9119
9120,train,9120
9121,train,9121
9122,train,9122
9123,train,9123
9124,train,9124
9125,train,9125
9126,train,9126
9128,train,9128
9129,train,9129
9130,train,9130
9131,train,9131
9132,train,9132
9133,train,9133
9134,train,9134
9135,train,9135
9136,train,9136
9138,train,9138
9139,train,9139
9140,train,9140
9142,train,9142
9143,train,9143
9144,train,9144
9145,train,9145
9146,train,9146
9147,train,9147
9148,train,9148
9150,train,9150
9151,train,9151
9152,train,9152
9154,train,9154
9155,train,9155
9156,train,9156
9157,train,9157
9158,train,9158
9159,train,9159
9161,train,9161
9163,train,9163
9165,train,9165
9166,train,9166
9167,train,9167
9171,train,9171
9172,train,9172
9174,train,9174
9175,train,9175
9176,train,9176
9177,train,9177
9178,train,9178
9179,train,9179
9180,train,9180
9182,train,9182
9183,train,9183
9184,train,9184
9186,train,9186
9187,train,9187
9188,train,9188
9189,train,9189
9190,train,9190
9191,train,9191
9193,train,9193
9194,train,9194
9195,train,9195
9196,train,9196
9198,train,9198
9200,train,9200
9201,train,9201
9202,train,9202
9203,train,9203
9204,train,9204
9205,train,9205
9206,train,9206
9207,train,9207
9210,train,9210
9211,train,9211
9212,train,9212
9213,train,9213
9214,train,9214
9215,train,9215
9216,train,9216
9217,train,9217
9218,train,9218
9219,train,9219
9220,train,9220
9221,train,9221
9223,train,9223
9224,train,9224
9225,train,9225
9226,train,9226
9228,train,9228
9229,train,9229
9230,train,9230
9231,train,9231
9233,train,9233
9234,train,9234
9235,train,9235
9236,train,9236
9237,train,9237
9238,train,9238
9239,train,9239
9240,train,9240
9241,train,9241
9242,train,9242
9243,train,9243
9245,train,9245
9246,train,9246
9247,train,9247
9248,train,9248
9249,train,9249
9250,train,9250
9251,train,9251
9252,train,9252
9254,train,9254
9255,train,9255
9256,train,9256
9257,train,9257
9258,train,9258
9259,train,9259
9260,train,9260
9261,train,9261
9262,train,9262
9263,train,9263
9264,train,9264
9265,train,9265
9266,train,9266
9267,train,9267
9270,train,9270
9271,train,9271
9272,train,9272
9273,train,9273
9274,train,9274
9276,train,9276
9277,train,9277
9278,train,9278
9279,train,9279
9281,train,9281
9283,train,9283
9284,train,9284
9285,train,9285
9286,train,9286
9287,train,9287
9288,train,9288
9289,train,9289
9291,train,9291
9292,train,9292
9293,train,9293
9295,train,9295
9296,train,9296
9297,train,9297
9298,train,9298
9299,train,9299
9302,train,9302
9303,train,9303
9305,train,9305
9307,train,9307
9308,train,9308
9309,train,9309
9312,train,9312
9314,train,9314
9315,train,9315
9316,train,9316
9317,train,9317
9319,train,9319
9320,train,9320
9321,train,9321
9323,train,9323
9324,train,9324
9328,train,9328
9329,train,9329
9330,train,9330
9331,train,9331
9333,train,9333
9334,train,9334
9335,train,9335
9336,train,9336
9337,train,9337
9338,train,9338
9339,train,9339
9340,train,9340
9341,train,9341
9343,train,9343
9344,train,9344
9345,train,9345
9346,train,9346
9347,train,9347
9348,train,9348
9349,train,9349
9350,train,9350
9352,train,9352
9353,train,9353
9354,train,9354
9355,train,9355
9356,train,9356
9357,train,9357
9358,train,9358
9359,train,9359
9360,train,9360
9361,train,9361
9362,train,9362
9363,train,9363
9365,train,9365
9366,train,9366
9367,train,9367
9369,train,9369
9371,train,9371
9372,train,9372
9373,train,9373
9374,train,9374
9375,train,9375
9376,train,9376
9377,train,9377
9378,train,9378
9379,train,9379
9380,train,9380
9381,train,9381
9382,train,9382
9383,train,9383
9387,train,9387
9389,train,9389
9390,train,9390
9391,train,9391
9392,train,9392
9393,train,9393
9394,train,9394
9395,train,9395
9396,train,9396
9397,train,9397
9398,train,9398
9399,train,9399
9400,train,9400
9401,train,9401
9402,train,9402
9404,train,9404
9405,train,9405
9406,train,9406
9414,train,9414
9415,train,9415
9416,train,9416
9417,train,9417
9418,train,9418
9420,train,9420
9421,train,9421
9424,train,9424
9425,train,9425
9426,train,9426
9427,train,9427
9428,train,9428
9430,train,9430
9431,train,9431
9432,train,9432
9434,train,9434
9435,train,9435
9436,train,9436
9437,train,9437
9438,train,9438
9439,train,9439
9440,train,9440
9441,train,9441
9442,train,9442
9443,train,9443
9444,train,9444
9447,train,9447
9448,train,9448
9449,train,9449
9451,train,9451
9452,train,9452
9453,train,9453
9454,train,9454
9455,train,9455
9456,train,9456
9457,train,9457
9458,train,9458
9459,train,9459
9460,train,9460
9461,train,9461
9462,train,9462
9464,train,9464
9465,train,9465
9467,train,9467
9468,train,9468
9469,train,9469
9470,train,9470
9471,train,9471
9472,train,9472
9476,train,9476
9477,train,9477
9478,train,9478
9480,train,9480
9481,train,9481
9482,train,9482
9483,train,9483
9485,train,9485
9486,train,9486
9487,train,9487
9489,train,9489
9492,train,9492
9493,train,9493
9494,train,9494
9495,train,9495
9496,train,9496
9497,train,9497
9498,train,9498
9500,train,9500
9502,train,9502
9503,train,9503
9504,train,9504
9505,train,9505
9506,train,9506
9507,train,9507
9508,train,9508
9509,train,9509
9510,train,9510
9511,train,9511
9512,train,9512
9513,train,9513
9514,train,9514
9515,train,9515
9516,train,9516
9517,train,9517
9518,train,9518
9519,train,9519
9521,train,9521
9522,train,9522
9523,train,9523
9524,train,9524
9525,train,9525
9526,train,9526
9527,train,9527
9528,train,9528
9529,train,9529
9530,train,9530
9531,train,9531
9532,train,9532
9534,train,9534
9535,train,9535
9537,train,9537
9538,train,9538
9539,train,9539
9540,train,9540
9543,train,9543
9544,train,9544
9545,train,9545
9546,train,9546
9547,train,9547
9550,train,9550
9552,train,9552
9554,train,9554
9556,train,9556
9558,train,9558
9559,train,9559
9560,train,9560
9561,train,9561
9562,train,9562
9563,train,9563
9565,train,9565
9566,train,9566
9567,train,9567
9569,train,9569
9570,train,9570
9572,train,9572
9573,train,9573
9575,train,9575
9576,train,9576
9578,train,9578
9579,train,9579
9580,train,9580
9581,train,9581
9583,train,9583
9584,train,9584
9585,train,9585
9587,train,9587
9588,train,9588
9589,train,9589
9590,train,9590
9591,train,9591
9592,train,9592
9593,train,9593
9594,train,9594
9595,train,9595
9596,train,9596
9599,train,9599
9600,train,9600
9601,train,9601
9602,train,9602
9604,train,9604
9605,train,9605
9606,train,9606
9607,train,9607
9608,train,9608
9609,train,9609
9610,train,9610
9612,train,9612
9613,train,9613
9614,train,9614
9615,train,9615
9616,train,9616
9618,train,9618
9619,train,9619
9620,train,9620
9621,train,9621
9622,train,9622
9623,train,9623
9624,train,9624
9625,train,9625
9626,train,9626
9628,train,9628
9630,train,9630
9631,train,9631
9632,train,9632
9633,train,9633
9634,train,9634
9635,train,9635
9636,train,9636
9637,train,9637
9638,train,9638
9639,train,9639
9640,train,9640
9641,train,9641
9644,train,9644
9645,train,9645
9646,train,9646
9647,train,9647
9648,train,9648
9649,train,9649
9650,train,9650
9652,train,9652
9655,train,9655
9657,train,9657
9658,train,9658
9660,train,9660
9661,train,9661
9662,train,9662
9663,train,9663
9664,train,9664
9666,train,9666
9667,train,9667
9668,train,9668
9669,train,9669
9670,train,9670
9671,train,9671
9672,train,9672
9673,train,9673
9674,train,9674
9675,train,9675
9676,train,9676
9677,train,9677
9678,train,9678
9679,train,9679
9680,train,9680
9682,train,9682
9683,train,9683
9685,train,9685
9686,train,9686
9687,train,9687
9691,train,9691
9692,train,9692
9693,train,9693
9694,train,9694
9695,train,9695
9696,train,9696
9697,train,9697
9698,train,9698
9701,train,9701
9702,train,9702
9703,train,9703
9706,train,9706
9707,train,9707
9708,train,9708
9709,train,9709
9711,train,9711
9712,train,9712
9713,train,9713
9714,train,9714
9716,train,9716
9717,train,9717
9721,train,9721
9723,train,9723
9724,train,9724
9725,train,9725
9726,train,9726
9727,train,9727
9728,train,9728
9729,train,9729
9730,train,9730
9731,train,9731
9732,train,9732
9734,train,9734
9735,train,9735
9736,train,9736
9737,train,9737
9738,train,9738
9739,train,9739
9740,train,9740
9744,train,9744
9745,train,9745
9746,train,9746
9747,train,9747
9748,train,9748
9749,train,9749
9750,train,9750
9751,train,9751
9752,train,9752
9754,train,9754
9755,train,9755
9756,train,9756
9758,train,9758
9759,train,9759
9760,train,9760
9761,train,9761
9762,train,9762
9763,train,9763
9764,train,9764
9765,train,9765
9766,train,9766
9769,train,9769
9770,train,9770
9771,train,9771
9772,train,9772
9773,train,9773
9774,train,9774
9776,train,9776
9777,train,9777
9778,train,9778
9779,train,9779
9781,train,9781
9784,train,9784
9785,train,9785
9786,train,9786
9787,train,9787
9788,train,9788
9789,train,9789
9790,train,9790
9791,train,9791
9792,train,9792
9795,train,9795
9797,train,9797
9798,train,9798
9799,train,9799
9800,train,9800
9801,train,9801
9803,train,9803
9804,train,9804
9805,train,9805
9806,train,9806
9807,train,9807
9808,train,9808
9809,train,9809
9810,train,9810
9811,train,9811
9812,train,9812
9813,train,9813
9815,train,9815
9818,train,9818
9821,train,9821
9822,train,9822
9824,train,9824
9825,train,9825
9826,train,9826
9827,train,9827
9828,train,9828
9829,train,9829
9831,train,9831
9832,train,9832
9834,train,9834
9835,train,9835
9837,train,9837
9838,train,9838
9839,train,9839
9840,train,9840
9841,train,9841
9842,train,9842
9843,train,9843
9845,train,9845
9846,train,9846
9847,train,9847
9848,train,9848
9849,train,9849
9850,train,9850
9851,train,9851
9852,train,9852
9853,train,9853
9854,train,9854
9855,train,9855
9856,train,9856
9857,train,9857
9858,train,9858
9859,train,9859
9860,train,9860
9861,train,9861
9862,train,9862
9863,train,9863
9866,train,9866
9868,train,9868
9871,train,9871
9872,train,9872
9873,train,9873
9874,train,9874
9875,train,9875
9876,train,9876
9877,train,9877
9878,train,9878
9879,train,9879
9880,train,9880
9882,train,9882
9883,train,9883
9884,train,9884
9886,train,9886
9887,train,9887
9890,train,9890
9891,train,9891
9892,train,9892
9893,train,9893
9894,train,9894
9895,train,9895
9896,train,9896
9897,train,9897
9898,train,9898
9899,train,9899
9900,train,9900
9901,train,9901
9903,train,9903
9906,train,9906
9907,train,9907
9911,train,9911
9912,train,9912
9913,train,9913
9914,train,9914
9915,train,9915
9916,train,9916
9917,train,9917
9918,train,9918
9919,train,9919
9921,train,9921
9923,train,9923
9924,train,9924
9925,train,9925
9926,train,9926
9927,train,9927
9928,train,9928
9929,train,9929
9930,train,9930
9931,train,9931
9932,train,9932
9933,train,9933
9935,train,9935
9936,train,9936
9937,train,9937
9939,train,9939
9940,train,9940
9944,train,9944
9945,train,9945
9946,train,9946
9947,train,9947
9948,train,9948
9949,train,9949
9951,train,9951
9952,train,9952
9953,train,9953
9954,train,9954
9956,train,9956
9957,train,9957
9958,train,9958
9959,train,9959
9963,train,9963
9964,train,9964
9965,train,9965
9966,train,9966
9967,train,9967
9968,train,9968
9969,train,9969
9970,train,9970
9971,train,9971
9972,train,9972
9974,train,9974
9976,train,9976
9977,train,9977
9978,train,9978
9979,train,9979
9980,train,9980
9981,train,9981
9983,train,9983
9984,train,9984
9985,train,9985
9987,train,9987
9988,train,9988
9989,train,9989
9990,train,9990
9991,train,9991
9992,train,9992
9993,train,9993
9994,train,9994
9995,train,9995
9997,train,9997
9998,train,9998
9999,train,9999
10001,train,10001
10002,train,10002
10003,train,10003
10006,train,10006
10007,train,10007
10011,train,10011
10012,train,10012
10013,train,10013
10014,train,10014
10015,train,10015
10016,train,10016
10017,train,10017
10018,train,10018
10021,train,10021
10024,train,10024
10025,train,10025
10026,train,10026
10027,train,10027
10028,train,10028
10030,train,10030
10032,train,10032
10034,train,10034
10035,train,10035
10036,train,10036
10037,train,10037
10038,train,10038
10039,train,10039
10040,train,10040
10041,train,10041
10042,train,10042
10043,train,10043
10044,train,10044
10045,train,10045
10046,train,10046
10047,train,10047
10048,train,10048
10050,train,10050
10051,train,10051
10052,train,10052
10053,train,10053
10054,train,10054
10055,train,10055
10056,train,10056
10057,train,10057
10058,train,10058
10059,train,10059
10063,train,10063
10064,train,10064
10065,train,10065
10066,train,10066
10067,train,10067
10068,train,10068
10069,train,10069
10070,train,10070
10071,train,10071
10072,train,10072
10073,train,10073
10074,train,10074
10075,train,10075
10076,train,10076
10077,train,10077
10079,train,10079
10081,train,10081
10082,train,10082
10084,train,10084
10085,train,10085
10086,train,10086
10088,train,10088
10090,train,10090
10091,train,10091
10092,train,10092
10093,train,10093
10094,train,10094
10096,train,10096
10097,train,10097
10098,train,10098
10099,train,10099
10100,train,10100
10101,train,10101
10102,train,10102
10103,train,10103
10104,train,10104
10105,train,10105
10106,train,10106
10107,train,10107
10109,train,10109
10110,train,10110
10112,train,10112
10113,train,10113
10114,train,10114
10116,train,10116
10117,train,10117
10119,train,10119
10120,train,10120
10121,train,10121
10122,train,10122
10123,train,10123
10124,train,10124
10125,train,10125
10126,train,10126
10127,train,10127
10129,train,10129
10130,train,10130
10132,train,10132
10133,train,10133
10134,train,10134
10135,train,10135
10136,train,10136
10137,train,10137
10138,train,10138
10139,train,10139
10140,train,10140
10141,train,10141
10142,train,10142
10143,train,10143
10144,train,10144
10145,train,10145
10146,train,10146
10148,train,10148
10149,train,10149
10150,train,10150
10153,train,10153
10154,train,10154
10156,train,10156
10158,train,10158
10159,train,10159
10160,train,10160
10161,train,10161
10162,train,10162
10163,train,10163
10166,train,10166
10167,train,10167
10168,train,10168
10170,train,10170
10171,train,10171
10172,train,10172
10173,train,10173
10174,train,10174
10175,train,10175
10177,train,10177
10178,train,10178
10179,train,10179
10182,train,10182
10184,train,10184
10185,train,10185
10186,train,10186
10187,train,10187
10189,train,10189
10190,train,10190
10191,train,10191
10193,train,10193
10194,train,10194
10195,train,10195
10196,train,10196
10197,train,10197
10198,train,10198
10200,train,10200
10201,train,10201
10202,train,10202
10203,train,10203
10204,train,10204
10205,train,10205
10206,train,10206
10207,train,10207
10208,train,10208
10209,train,10209
10211,train,10211
10212,train,10212
10213,train,10213
10214,train,10214
10215,train,10215
10216,train,10216
10217,train,10217
10218,train,10218
10219,train,10219
10221,train,10221
10222,train,10222
10223,train,10223
10224,train,10224
10225,train,10225
10226,train,10226
10227,train,10227
10229,train,10229
10230,train,10230
10231,train,10231
10232,train,10232
10234,train,10234
10235,train,10235
10236,train,10236
10237,train,10237
10239,train,10239
10240,train,10240
10242,train,10242
10243,train,10243
10246,train,10246
10247,train,10247
10248,train,10248
10249,train,10249
10250,train,10250
10253,train,10253
10254,train,10254
10255,train,10255
10256,train,10256
10257,train,10257
10258,train,10258
10259,train,10259
10260,train,10260
10261,train,10261
10262,train,10262
10263,train,10263
10264,train,10264
10265,train,10265
10267,train,10267
10269,train,10269
10270,train,10270
10271,train,10271
10272,train,10272
10273,train,10273
10274,train,10274
10275,train,10275
10276,train,10276
10277,train,10277
10278,train,10278
10279,train,10279
10280,train,10280
10281,train,10281
10282,train,10282
10283,train,10283
10284,train,10284
10285,train,10285
10287,train,10287
10288,train,10288
10289,train,10289
10290,train,10290
10291,train,10291
10292,train,10292
10293,train,10293
10294,train,10294
10295,train,10295
10296,train,10296
10298,train,10298
10300,train,10300
10301,train,10301
10302,train,10302
10305,train,10305
10306,train,10306
10307,train,10307
10308,train,10308
10309,train,10309
10310,train,10310
10311,train,10311
10312,train,10312
10313,train,10313
10314,train,10314
10315,train,10315
10317,train,10317
10318,train,10318
10319,train,10319
10320,train,10320
10321,train,10321
10322,train,10322
10323,train,10323
10324,train,10324
10325,train,10325
10327,train,10327
10329,train,10329
10330,train,10330
10331,train,10331
10332,train,10332
10334,train,10334
10336,train,10336
10337,train,10337
10338,train,10338
10340,train,10340
10341,train,10341
10342,train,10342
10343,train,10343
10344,train,10344
10345,train,10345
10346,train,10346
10347,train,10347
10348,train,10348
10350,train,10350
10351,train,10351
10353,train,10353
10354,train,10354
10355,train,10355
10356,train,10356
10357,train,10357
10359,train,10359
10360,train,10360
10361,train,10361
10362,train,10362
10363,train,10363
10364,train,10364
10365,train,10365
10366,train,10366
10367,train,10367
10368,train,10368
10369,train,10369
10370,train,10370
10371,train,10371
10372,train,10372
10374,train,10374
10375,train,10375
10376,train,10376
10379,train,10379
10380,train,10380
10381,train,10381
10382,train,10382
10383,train,10383
10384,train,10384
10385,train,10385
10386,train,10386
10387,train,10387
10388,train,10388
10389,train,10389
10390,train,10390
10391,train,10391
10392,train,10392
10393,train,10393
10394,train,10394
10395,train,10395
10396,train,10396
10398,train,10398
10399,train,10399
10400,train,10400
10401,train,10401
10402,train,10402
10403,train,10403
10406,train,10406
10407,train,10407
10408,train,10408
10409,train,10409
10410,train,10410
10412,train,10412
10413,train,10413
10414,train,10414
10417,train,10417
10418,train,10418
10419,train,10419
10420,train,10420
10421,train,10421
10422,train,10422
10423,train,10423
10424,train,10424
10425,train,10425
10426,train,10426
10427,train,10427
10429,train,10429
10430,train,10430
10431,train,10431
10433,train,10433
10434,train,10434
10435,train,10435
10436,train,10436
10438,train,10438
10439,train,10439
10440,train,10440
10441,train,10441
10442,train,10442
10443,train,10443
10444,train,10444
10445,train,10445
10446,train,10446
10447,train,10447
10448,train,10448
10450,train,10450
10451,train,10451
10452,train,10452
10453,train,10453
10454,train,10454
10455,train,10455
10456,train,10456
10457,train,10457
10458,train,10458
10459,train,10459
10460,train,10460
10461,train,10461
10463,train,10463
10465,train,10465
10467,train,10467
10468,train,10468
10469,train,10469
10470,train,10470
10471,train,10471
10472,train,10472
10473,train,10473
10474,train,10474
10475,train,10475
10478,train,10478
10479,train,10479
10481,train,10481
10482,train,10482
10483,train,10483
10484,train,10484
10485,train,10485
10487,train,10487
10488,train,10488
10490,train,10490
10492,train,10492
10494,train,10494
10495,train,10495
10496,train,10496
10497,train,10497
10498,train,10498
10499,train,10499
10500,train,10500
10502,train,10502
10506,train,10506
10507,train,10507
10510,train,10510
10511,train,10511
10512,train,10512
10513,train,10513
10514,train,10514
10515,train,10515
10516,train,10516
10517,train,10517
10518,train,10518
10519,train,10519
10520,train,10520
10521,train,10521
10522,train,10522
10524,train,10524
10525,train,10525
10526,train,10526
10527,train,10527
10530,train,10530
10531,train,10531
10533,train,10533
10534,train,10534
10535,train,10535
10536,train,10536
10537,train,10537
10538,train,10538
10539,train,10539
10540,train,10540
10542,train,10542
10543,train,10543
10545,train,10545
10546,train,10546
10547,train,10547
10548,train,10548
10550,train,10550
10551,train,10551
10552,train,10552
10553,train,10553
10554,train,10554
10555,train,10555
10557,train,10557
10558,train,10558
10559,train,10559
10561,train,10561
10562,train,10562
10563,train,10563
10565,train,10565
10566,train,10566
10567,train,10567
10568,train,10568
10569,train,10569
10571,train,10571
10572,train,10572
10573,train,10573
10574,train,10574
10575,train,10575
10577,train,10577
10578,train,10578
10579,train,10579
10582,train,10582
10584,train,10584
10585,train,10585
10586,train,10586
10587,train,10587
10588,train,10588
10589,train,10589
10590,train,10590
10591,train,10591
10592,train,10592
10593,train,10593
10595,train,10595
10596,train,10596
10598,train,10598
10599,train,10599
10600,train,10600
10601,train,10601
10602,train,10602
10603,train,10603
10605,train,10605
10607,train,10607
10608,train,10608
10610,train,10610
10612,train,10612
10614,train,10614
10616,train,10616
10617,train,10617
10618,train,10618
10619,train,10619
10620,train,10620
10621,train,10621
10622,train,10622
10624,train,10624
10625,train,10625
10626,train,10626
10627,train,10627
10628,train,10628
10629,train,10629
10631,train,10631
10632,train,10632
10634,train,10634
10635,train,10635
10636,train,10636
10637,train,10637
10638,train,10638
10640,train,10640
10641,train,10641
10643,train,10643
10645,train,10645
10647,train,10647
10649,train,10649
10651,train,10651
10652,train,10652
10653,train,10653
10654,train,10654
10655,train,10655
10656,train,10656
10657,train,10657
10658,train,10658
10659,train,10659
10660,train,10660
10661,train,10661
10662,train,10662
10663,train,10663
10664,train,10664
10666,train,10666
10667,train,10667
10668,train,10668
10670,train,10670
10672,train,10672
10674,train,10674
10676,train,10676
10678,train,10678
10679,train,10679
10680,train,10680
10681,train,10681
10682,train,10682
10683,train,10683
10684,train,10684
10686,train,10686
10687,train,10687
10689,train,10689
10693,train,10693
10694,train,10694
10695,train,10695
10696,train,10696
10697,train,10697
10699,train,10699
10700,train,10700
10701,train,10701
10704,train,10704
10705,train,10705
10706,train,10706
10708,train,10708
10709,train,10709
10710,train,10710
10711,train,10711
10712,train,10712
10713,train,10713
10714,train,10714
10716,train,10716
10717,train,10717
10718,train,10718
10719,train,10719
10720,train,10720
10721,train,10721
10722,train,10722
10723,train,10723
10724,train,10724
10727,train,10727
10728,train,10728
10729,train,10729
10731,train,10731
10733,train,10733
10734,train,10734
10735,train,10735
10736,train,10736
10737,train,10737
10738,train,10738
10739,train,10739
10741,train,10741
10743,train,10743
10745,train,10745
10746,train,10746
10747,train,10747
10748,train,10748
10749,train,10749
10750,train,10750
10751,train,10751
10752,train,10752
10753,train,10753
10755,train,10755
10756,train,10756
10757,train,10757
10758,train,10758
10760,train,10760
10762,train,10762
10765,train,10765
10766,train,10766
10768,train,10768
10769,train,10769
10771,train,10771
10772,train,10772
10773,train,10773
10775,train,10775
10777,train,10777
10778,train,10778
10779,train,10779
10781,train,10781
10783,train,10783
10786,train,10786
10787,train,10787
10788,train,10788
10789,train,10789
10790,train,10790
10791,train,10791
10793,train,10793
10794,train,10794
10795,train,10795
10796,train,10796
10797,train,10797
10798,train,10798
10799,train,10799
10800,train,10800
10801,train,10801
10802,train,10802
10803,train,10803
10804,train,10804
10805,train,10805
10806,train,10806
10807,train,10807
10809,train,10809
10811,train,10811
10812,train,10812
10813,train,10813
10814,train,10814
10815,train,10815
10816,train,10816
10817,train,10817
10818,train,10818
10819,train,10819
10820,train,10820
10821,train,10821
10822,train,10822
10824,train,10824
10825,train,10825
10827,train,10827
10828,train,10828
10830,train,10830
10831,train,10831
10832,train,10832
10833,train,10833
10835,train,10835
10836,train,10836
10837,train,10837
10838,train,10838
10842,train,10842
10843,train,10843
10844,train,10844
10845,train,10845
10846,train,10846
10847,train,10847
10848,train,10848
10849,train,10849
10850,train,10850
10851,train,10851
10852,train,10852
10853,train,10853
10855,train,10855
10856,train,10856
10857,train,10857
10859,train,10859
10860,train,10860
10861,train,10861
10862,train,10862
10863,train,10863
10864,train,10864
10865,train,10865
10866,train,10866
10867,train,10867
10868,train,10868
10869,train,10869
10871,train,10871
10872,train,10872
10873,train,10873
10874,train,10874
10875,train,10875
10876,train,10876
10877,train,10877
10878,train,10878
10879,train,10879
10882,train,10882
10883,train,10883
10884,train,10884
10885,train,10885
10886,train,10886
10888,train,10888
10889,train,10889
10890,train,10890
10891,train,10891
10892,train,10892
10893,train,10893
10894,train,10894
10895,train,10895
10898,train,10898
10899,train,10899
10900,train,10900
10903,train,10903
10904,train,10904
10905,train,10905
10906,train,10906
10907,train,10907
10908,train,10908
10909,train,10909
10910,train,10910
10912,train,10912
10913,train,10913
10914,train,10914
10916,train,10916
10917,train,10917
10918,train,10918
10919,train,10919
10920,train,10920
10921,train,10921
10923,train,10923
10927,train,10927
10928,train,10928
10929,train,10929
10930,train,10930
10931,train,10931
10932,train,10932
10933,train,10933
10934,train,10934
10935,train,10935
10937,train,10937
10939,train,10939
10941,train,10941
10942,train,10942
10943,train,10943
10945,train,10945
10946,train,10946
10947,train,10947
10948,train,10948
10949,train,10949
10950,train,10950
10951,train,10951
10953,train,10953
10954,train,10954
10956,train,10956
10958,train,10958
10959,train,10959
10960,train,10960
10961,train,10961
10962,train,10962
10963,train,10963
10964,train,10964
10966,train,10966
10967,train,10967
10968,train,10968
10969,train,10969
10970,train,10970
10971,train,10971
10972,train,10972
10973,train,10973
10975,train,10975
10976,train,10976
10977,train,10977
10979,train,10979
10980,train,10980
10981,train,10981
10982,train,10982
10983,train,10983
10984,train,10984
10985,train,10985
10986,train,10986
10988,train,10988
10991,train,10991
10992,train,10992
10993,train,10993
10996,train,10996
10997,train,10997
10998,train,10998
10999,train,10999
11000,train,11000
11002,train,11002
11003,train,11003
11004,train,11004
11005,train,11005
11006,train,11006
11007,train,11007
11008,train,11008
11009,train,11009
11010,train,11010
11011,train,11011
11012,train,11012
11013,train,11013
11014,train,11014
11015,train,11015
11016,train,11016
11017,train,11017
11018,train,11018
11020,train,11020
11022,train,11022
11023,train,11023
11024,train,11024
11025,train,11025
11026,train,11026
11027,train,11027
11028,train,11028
11029,train,11029
11030,train,11030
11031,train,11031
11032,train,11032
11033,train,11033
11034,train,11034
11035,train,11035
11036,train,11036
11037,train,11037
11038,train,11038
11039,train,11039
11040,train,11040
11041,train,11041
11042,train,11042
11043,train,11043
11044,train,11044
11045,train,11045
11048,train,11048
11050,train,11050
11051,train,11051
11053,train,11053
11054,train,11054
11055,train,11055
11057,train,11057
11058,train,11058
11060,train,11060
11061,train,11061
11064,train,11064
11065,train,11065
11066,train,11066
11067,train,11067
11068,train,11068
11069,train,11069
11070,train,11070
11071,train,11071
11072,train,11072
11076,train,11076
11077,train,11077
11078,train,11078
11079,train,11079
11080,train,11080
11081,train,11081
11082,train,11082
11085,train,11085
11086,train,11086
11087,train,11087
11088,train,11088
11089,train,11089
11090,train,11090
11091,train,11091
11093,train,11093
11094,train,11094
11095,train,11095
11097,train,11097
11099,train,11099
11102,train,11102
11103,train,11103
11104,train,11104
11105,train,11105
11106,train,11106
11107,train,11107
11108,train,11108
11112,train,11112
11114,train,11114
11115,train,11115
11116,train,11116
11117,train,11117
11119,train,11119
11121,train,11121
11122,train,11122
11123,train,11123
11124,train,11124
11125,train,11125
11127,train,11127
11128,train,11128
11129,train,11129
11131,train,11131
11132,train,11132
11133,train,11133
11134,train,11134
11135,train,11135
11136,train,11136
11137,train,11137
11138,train,11138
11139,train,11139
11140,train,11140
11141,train,11141
11142,train,11142
11143,train,11143
11144,train,11144
11149,train,11149
11150,train,11150
11151,train,11151
11152,train,11152
11154,train,11154
11155,train,11155
11157,train,11157
11158,train,11158
11159,train,11159
11161,train,11161
11162,train,11162
11163,train,11163
11165,train,11165
11166,train,11166
11167,train,11167
11168,train,11168
11169,train,11169
11170,train,11170
11171,train,11171
11172,train,11172
11173,train,11173
11175,train,11175
11177,train,11177
11178,train,11178
11180,train,11180
11181,train,11181
11182,train,11182
11183,train,11183
11185,train,11185
11186,train,11186
11187,train,11187
11189,train,11189
11190,train,11190
11192,train,11192
11193,train,11193
11194,train,11194
11196,train,11196
11197,train,11197
11199,train,11199
11200,train,11200
11201,train,11201
11202,train,11202
11204,train,11204
11207,train,11207
11208,train,11208
11209,train,11209
11210,train,11210
11211,train,11211
11212,train,11212
11214,train,11214
11215,train,11215
11216,train,11216
11218,train,11218
11220,train,11220
11221,train,11221
11222,train,11222
11223,train,11223
11225,train,11225
11226,train,11226
11228,train,11228
11229,train,11229
11230,train,11230
11231,train,11231
11232,train,11232
11234,train,11234
11235,train,11235
11237,train,11237
11238,train,11238
11239,train,11239
11240,train,11240
11241,train,11241
11242,train,11242
11243,train,11243
11244,train,11244
11245,train,11245
11246,train,11246
11248,train,11248
11249,train,11249
11250,train,11250
11251,train,11251
11252,train,11252
11253,train,11253
11254,train,11254
11257,train,11257
11258,train,11258
11259,train,11259
11260,train,11260
11261,train,11261
11262,train,11262
11264,train,11264
11265,train,11265
11266,train,11266
11267,train,11267
11268,train,11268
11269,train,11269
11270,train,11270
11271,train,11271
11273,train,11273
11274,train,11274
11275,train,11275
11276,train,11276
11277,train,11277
11278,train,11278
11280,train,11280
11282,train,11282
11283,train,11283
11284,train,11284
11285,train,11285
11286,train,11286
11287,train,11287
11289,train,11289
11290,train,11290
11291,train,11291
11292,train,11292
11293,train,11293
11294,train,11294
11296,train,11296
11297,train,11297
11298,train,11298
11299,train,11299
11301,train,11301
11302,train,11302
11303,train,11303
11304,train,11304
11305,train,11305
11306,train,11306
11308,train,11308
11309,train,11309
11310,train,11310
11312,train,11312
11313,train,11313
11314,train,11314
11316,train,11316
11317,train,11317
11319,train,11319
11321,train,11321
11322,train,11322
11324,train,11324
11325,train,11325
11326,train,11326
11327,train,11327
11329,train,11329
11330,train,11330
11331,train,11331
11332,train,11332
11333,train,11333
11334,train,11334
11335,train,11335
11336,train,11336
11337,train,11337
11338,train,11338
11339,train,11339
11340,train,11340
11344,train,11344
11345,train,11345
11346,train,11346
11347,train,11347
11348,train,11348
11349,train,11349
11351,train,11351
11352,train,11352
11353,train,11353
11355,train,11355
11356,train,11356
11357,train,11357
11359,train,11359
11360,train,11360
11361,train,11361
11363,train,11363
11364,train,11364
11365,train,11365
11367,train,11367
11368,train,11368
11369,train,11369
11371,train,11371
11372,train,11372
11373,train,11373
11375,train,11375
11376,train,11376
11377,train,11377
11378,train,11378
11380,train,11380
11381,train,11381
11382,train,11382
11383,train,11383
11384,train,11384
11385,train,11385
11386,train,11386
11389,train,11389
11390,train,11390
11391,train,11391
11392,train,11392
11393,train,11393
11394,train,11394
11397,train,11397
11398,train,11398
11401,train,11401
11402,train,11402
11403,train,11403
11404,train,11404
11405,train,11405
11406,train,11406
11407,train,11407
11408,train,11408
11411,train,11411
11414,train,11414
11415,train,11415
11416,train,11416
11420,train,11420
11423,train,11423
11425,train,11425
11426,train,11426
11427,train,11427
11428,train,11428
11429,train,11429
11430,train,11430
11431,train,11431
11432,train,11432
11433,train,11433
11435,train,11435
11436,train,11436
11437,train,11437
11438,train,11438
11441,train,11441
11442,train,11442
11443,train,11443
11444,train,11444
11445,train,11445
11446,train,11446
11447,train,11447
11449,train,11449
11450,train,11450
11453,train,11453
11454,train,11454
11456,train,11456
11459,train,11459
11460,train,11460
11461,train,11461
11463,train,11463
11464,train,11464
11465,train,11465
11466,train,11466
11469,train,11469
11472,train,11472
11474,train,11474
11475,train,11475
11476,train,11476
11477,train,11477
11478,train,11478
11480,train,11480
11482,train,11482
11483,train,11483
11484,train,11484
11485,train,11485
11486,train,11486
11487,train,11487
11490,train,11490
11491,train,11491
11492,train,11492
11493,train,11493
11496,train,11496
11498,train,11498
11499,train,11499
11500,train,11500
11501,train,11501
11502,train,11502
11503,train,11503
11504,train,11504
11505,train,11505
11506,train,11506
11507,train,11507
11508,train,11508
11510,train,11510
11511,train,11511
11513,train,11513
11514,train,11514
11515,train,11515
11517,train,11517
11519,train,11519
11520,train,11520
11521,train,11521
11522,train,11522
11523,train,11523
11524,train,11524
11525,train,11525
11526,train,11526
11528,train,11528
11529,train,11529
11531,train,11531
11532,train,11532
11533,train,11533
11534,train,11534
11535,train,11535
11536,train,11536
11537,train,11537
11540,train,11540
11541,train,11541
11542,train,11542
11543,train,11543
11544,train,11544
11545,train,11545
11546,train,11546
11547,train,11547
11549,train,11549
11552,train,11552
11554,train,11554
11556,train,11556
11557,train,11557
11558,train,11558
11559,train,11559
11560,train,11560
11561,train,11561
11562,train,11562
11563,train,11563
11565,train,11565
11567,train,11567
11568,train,11568
11569,train,11569
11570,train,11570
11571,train,11571
11573,train,11573
11574,train,11574
11575,train,11575
11577,train,11577
11578,train,11578
11579,train,11579
11580,train,11580
11581,train,11581
11582,train,11582
11585,train,11585
11586,train,11586
11587,train,11587
11588,train,11588
11591,train,11591
11592,train,11592
11593,train,11593
11595,train,11595
11596,train,11596
11597,train,11597
11598,train,11598
11599,train,11599
11600,train,11600
11601,train,11601
11602,train,11602
11604,train,11604
11605,train,11605
11606,train,11606
11607,train,11607
11609,train,11609
11610,train,11610
11612,train,11612
11613,train,11613
11614,train,11614
11615,train,11615
11617,train,11617
11618,train,11618
11619,train,11619
11620,train,11620
11621,train,11621
11622,train,11622
11623,train,11623
11624,train,11624
11625,train,11625
11627,train,11627
11628,train,11628
11629,train,11629
11630,train,11630
11631,train,11631
11632,train,11632
11633,train,11633
11635,train,11635
11637,train,11637
11638,train,11638
11639,train,11639
11643,train,11643
11644,train,11644
11645,train,11645
11647,train,11647
11648,train,11648
11649,train,11649
11651,train,11651
11652,train,11652
11653,train,11653
11654,train,11654
11655,train,11655
11656,train,11656
11657,train,11657
11658,train,11658
11659,train,11659
11661,train,11661
11662,train,11662
11663,train,11663
11665,train,11665
11667,train,11667
11668,train,11668
11670,train,11670
11671,train,11671
11672,train,11672
11673,train,11673
11675,train,11675
11676,train,11676
11677,train,11677
11678,train,11678
11679,train,11679
11680,train,11680
11681,train,11681
11682,train,11682
11683,train,11683
11684,train,11684
11685,train,11685
11686,train,11686
11687,train,11687
11688,train,11688
11689,train,11689
11690,train,11690
11691,train,11691
11692,train,11692
11693,train,11693
11694,train,11694
11695,train,11695
11697,train,11697
11698,train,11698
11699,train,11699
11701,train,11701
11702,train,11702
11703,train,11703
11704,train,11704
11706,train,11706
11707,train,11707
11708,train,11708
11709,train,11709
11710,train,11710
11712,train,11712
11714,train,11714
11715,train,11715
11716,train,11716
11717,train,11717
11719,train,11719
11720,train,11720
11723,train,11723
11724,train,11724
11725,train,11725
11726,train,11726
11728,train,11728
11729,train,11729
11730,train,11730
11734,train,11734
11735,train,11735
11736,train,11736
11737,train,11737
11738,train,11738
11739,train,11739
11741,train,11741
11742,train,11742
11745,train,11745
11746,train,11746
11747,train,11747
11748,train,11748
11749,train,11749
11750,train,11750
11751,train,11751
11753,train,11753
11754,train,11754
11755,train,11755
11757,train,11757
11758,train,11758
11760,train,11760
11761,train,11761
11762,train,11762
11763,train,11763
11764,train,11764
11765,train,11765
11766,train,11766
11767,train,11767
11769,train,11769
11771,train,11771
11772,train,11772
11775,train,11775
11776,train,11776
11777,train,11777
11778,train,11778
11779,train,11779
11780,train,11780
11782,train,11782
11784,train,11784
11785,train,11785
11786,train,11786
11789,train,11789
11790,train,11790
11791,train,11791
11792,train,11792
11793,train,11793
11794,train,11794
11795,train,11795
11796,train,11796
11799,train,11799
11800,train,11800
11802,train,11802
11803,train,11803
11804,train,11804
11805,train,11805
11806,train,11806
11807,train,11807
11808,train,11808
11809,train,11809
11810,train,11810
11811,train,11811
11813,train,11813
11814,train,11814
11815,train,11815
11816,train,11816
11817,train,11817
11818,train,11818
11820,train,11820
11821,train,11821
11822,train,11822
11823,train,11823
11824,train,11824
11825,train,11825
11826,train,11826
11827,train,11827
11829,train,11829
11830,train,11830
11831,train,11831
11833,train,11833
11836,train,11836
11837,train,11837
11838,train,11838
11839,train,11839
11840,train,11840
11841,train,11841
11842,train,11842
11843,train,11843
11845,train,11845
11846,train,11846
11847,train,11847
11848,train,11848
11849,train,11849
11850,train,11850
11851,train,11851
11852,train,11852
11853,train,11853
11854,train,11854
11856,train,11856
11857,train,11857
11858,train,11858
11859,train,11859
11860,train,11860
11863,train,11863
11864,train,11864
11865,train,11865
11868,train,11868
11869,train,11869
11870,train,11870
11871,train,11871
11872,train,11872
11873,train,11873
11874,train,11874
11875,train,11875
11876,train,11876
11877,train,11877
11878,train,11878
11879,train,11879
11880,train,11880
11881,train,11881
11882,train,11882
11883,train,11883
11884,train,11884
11885,train,11885
11886,train,11886
11887,train,11887
11888,train,11888
11889,train,11889
11890,train,11890
11891,train,11891
11893,train,11893
11894,train,11894
11895,train,11895
11896,train,11896
11897,train,11897
11898,train,11898
11899,train,11899
11900,train,11900
11902,train,11902
11903,train,11903
11904,train,11904
11905,train,11905
11906,train,11906
11907,train,11907
11908,train,11908
11909,train,11909
11910,train,11910
11913,train,11913
11914,train,11914
11915,train,11915
11917,train,11917
11918,train,11918
11919,train,11919
11920,train,11920
11921,train,11921
11922,train,11922
11923,train,11923
11924,train,11924
11925,train,11925
11926,train,11926
11927,train,11927
11928,train,11928
11929,train,11929
11932,train,11932
11935,train,11935
11936,train,11936
11937,train,11937
11940,train,11940
11941,train,11941
11943,train,11943
11944,train,11944
11945,train,11945
11946,train,11946
11947,train,11947
11950,train,11950
11951,train,11951
11952,train,11952
11953,train,11953
11954,train,11954
11955,train,11955
11956,train,11956
11957,train,11957
11958,train,11958
11959,train,11959
11961,train,11961
11963,train,11963
11964,train,11964
11965,train,11965
11967,train,11967
11968,train,11968
11969,train,11969
11970,train,11970
11971,train,11971
11973,train,11973
11974,train,11974
11976,train,11976
11978,train,11978
11979,train,11979
11980,train,11980
11982,train,11982
11983,train,11983
11984,train,11984
11985,train,11985
11986,train,11986
11987,train,11987
11988,train,11988
11989,train,11989
11990,train,11990
11991,train,11991
11992,train,11992
11993,train,11993
11994,train,11994
11995,train,11995
11996,train,11996
11997,train,11997
11998,train,11998
12000,train,12000
12001,train,12001
12002,train,12002
12003,train,12003
12004,train,12004
12005,train,12005
12006,train,12006
12007,train,12007
12008,train,12008
12009,train,12009
12010,train,12010
12012,train,12012
12013,train,12013
12014,train,12014
12015,train,12015
12017,train,12017
12019,train,12019
12020,train,12020
12021,train,12021
12023,train,12023
12024,train,12024
12025,train,12025
12026,train,12026
12028,train,12028
12029,train,12029
12030,train,12030
12031,train,12031
12032,train,12032
12036,train,12036
12037,train,12037
12038,train,12038
12040,train,12040
12041,train,12041
12043,train,12043
12044,train,12044
12045,train,12045
12047,train,12047
12050,train,12050
12052,train,12052
12053,train,12053
12054,train,12054
12055,train,12055
12056,train,12056
12057,train,12057
12058,train,12058
12059,train,12059
12060,train,12060
12061,train,12061
12062,train,12062
12063,train,12063
12064,train,12064
12065,train,12065
12067,train,12067
12068,train,12068
12069,train,12069
12071,train,12071
12072,train,12072
12073,train,12073
12074,train,12074
12077,train,12077
12078,train,12078
12080,train,12080
12081,train,12081
12082,train,12082
12083,train,12083
12084,train,12084
12086,train,12086
12087,train,12087
12088,train,12088
12089,train,12089
12090,train,12090
12091,train,12091
12092,train,12092
12093,train,12093
12096,train,12096
12097,train,12097
12098,train,12098
12101,train,12101
12102,train,12102
12103,train,12103
12104,train,12104
12105,train,12105
12107,train,12107
12109,train,12109
12110,train,12110
12112,train,12112
12113,train,12113
12115,train,12115
12116,train,12116
12117,train,12117
12118,train,12118
12119,train,12119
12120,train,12120
12121,train,12121
12123,train,12123
12124,train,12124
12125,train,12125
12126,train,12126
12127,train,12127
12130,train,12130
12132,train,12132
12133,train,12133
12134,train,12134
12135,train,12135
12136,train,12136
12137,train,12137
12138,train,12138
12139,train,12139
12140,train,12140
12141,train,12141
12144,train,12144
12145,train,12145
12146,train,12146
12148,train,12148
12149,train,12149
12150,train,12150
12151,train,12151
12154,train,12154
12155,train,12155
12156,train,12156
12157,train,12157
12159,train,12159
12161,train,12161
12162,train,12162
12163,train,12163
12164,train,12164
12165,train,12165
12166,train,12166
12167,train,12167
12169,train,12169
12170,train,12170
12171,train,12171
12172,train,12172
12173,train,12173
12174,train,12174
12175,train,12175
12176,train,12176
12177,train,12177
12178,train,12178
12179,train,12179
12181,train,12181
12182,train,12182
12183,train,12183
12184,train,12184
12185,train,12185
12186,train,12186
12187,train,12187
12188,train,12188
12191,train,12191
12194,train,12194
12195,train,12195
12196,train,12196
12197,train,12197
12198,train,12198
12201,train,12201
12202,train,12202
12203,train,12203
12204,train,12204
12205,train,12205
12207,train,12207
12208,train,12208
12209,train,12209
12212,train,12212
12213,train,12213
12215,train,12215
12216,train,12216
12217,train,12217
12218,train,12218
12219,train,12219
12220,train,12220
12222,train,12222
12223,train,12223
12225,train,12225
12226,train,12226
12227,train,12227
12228,train,12228
12229,train,12229
12230,train,12230
12232,train,12232
12233,train,12233
12234,train,12234
12235,train,12235
12236,train,12236
12237,train,12237
12239,train,12239
12240,train,12240
12242,train,12242
12243,train,12243
12244,train,12244
12245,train,12245
12246,train,12246
12247,train,12247
12249,train,12249
12250,train,12250
12251,train,12251
12252,train,12252
12253,train,12253
12254,train,12254
12255,train,12255
12256,train,12256
12257,train,12257
12258,train,12258
12259,train,12259
12260,train,12260
12261,train,12261
12262,train,12262
12263,train,12263
12266,train,12266
12268,train,12268
12269,train,12269
12271,train,12271
12272,train,12272
12273,train,12273
12274,train,12274
12275,train,12275
12276,train,12276
12277,train,12277
12278,train,12278
12279,train,12279
12282,train,12282
12285,train,12285
12286,train,12286
12287,train,12287
12288,train,12288
12289,train,12289
12290,train,12290
12292,train,12292
12293,train,12293
12294,train,12294
12295,train,12295
12296,train,12296
12297,train,12297
12298,train,12298
12299,train,12299
12300,train,12300
12301,train,12301
12303,train,12303
12304,train,12304
12306,train,12306
12308,train,12308
12310,train,12310
12311,train,12311
12312,train,12312
12313,train,12313
12314,train,12314
12315,train,12315
12316,train,12316
12317,train,12317
12318,train,12318
12319,train,12319
12320,train,12320
12321,train,12321
12322,train,12322
12324,train,12324
12325,train,12325
12326,train,12326
12331,train,12331
12333,train,12333
12335,train,12335
12338,train,12338
12339,train,12339
12340,train,12340
12341,train,12341
12342,train,12342
12344,train,12344
12345,train,12345
12346,train,12346
12347,train,12347
12348,train,12348
12349,train,12349
12352,train,12352
12353,train,12353
12355,train,12355
12356,train,12356
12357,train,12357
12358,train,12358
12361,train,12361
12362,train,12362
12363,train,12363
12364,train,12364
12365,train,12365
12366,train,12366
12367,train,12367
12368,train,12368
12369,train,12369
12371,train,12371
12372,train,12372
12375,train,12375
12377,train,12377
12378,train,12378
12379,train,12379
12380,train,12380
12381,train,12381
12382,train,12382
12383,train,12383
12384,train,12384
12385,train,12385
12386,train,12386
12387,train,12387
12388,train,12388
12389,train,12389
12391,train,12391
12392,train,12392
12394,train,12394
12395,train,12395
12396,train,12396
12397,train,12397
12399,train,12399
12400,train,12400
12401,train,12401
12402,train,12402
12404,train,12404
12406,train,12406
12407,train,12407
12408,train,12408
12409,train,12409
12410,train,12410
12411,train,12411
12412,train,12412
12413,train,12413
12414,train,12414
12415,train,12415
12417,train,12417
12418,train,12418
12420,train,12420
12421,train,12421
12422,train,12422
12423,train,12423
12424,train,12424
12425,train,12425
12426,train,12426
12427,train,12427
12428,train,12428
12429,train,12429
12430,train,12430
12431,train,12431
12432,train,12432
12434,train,12434
12435,train,12435
12436,train,12436
12437,train,12437
12438,train,12438
12439,train,12439
12440,train,12440
12441,train,12441
12442,train,12442
12444,train,12444
12445,train,12445
12446,train,12446
12447,train,12447
12449,train,12449
12450,train,12450
12451,train,12451
12452,train,12452
12455,train,12455
12456,train,12456
12457,train,12457
12459,train,12459
12461,train,12461
12463,train,12463
12464,train,12464
12468,train,12468
12469,train,12469
12470,train,12470
12471,train,12471
12472,train,12472
12474,train,12474
12475,train,12475
12476,train,12476
12478,train,12478
12480,train,12480
12481,train,12481
12482,train,12482
12483,train,12483
12484,train,12484
12485,train,12485
12486,train,12486
12487,train,12487
12488,train,12488
12489,train,12489
12490,train,12490
12492,train,12492
12493,train,12493
12494,train,12494
12495,train,12495
12496,train,12496
12497,train,12497
12498,train,12498
12499,train,12499
12501,train,12501
12503,train,12503
12504,train,12504
12505,train,12505
12506,train,12506
12507,train,12507
12508,train,12508
12509,train,12509
12510,train,12510
12511,train,12511
12512,train,12512
12514,train,12514
12515,train,12515
12516,train,12516
12518,train,12518
12520,train,12520
12521,train,12521
12522,train,12522
12523,train,12523
12524,train,12524
12525,train,12525
12526,train,12526
12527,train,12527
12528,train,12528
12529,train,12529
12530,train,12530
12531,train,12531
12532,train,12532
12533,train,12533
12535,train,12535
12536,train,12536
12537,train,12537
12538,train,12538
12539,train,12539
12540,train,12540
12541,train,12541
12542,train,12542
12543,train,12543
12544,train,12544
12545,train,12545
12546,train,12546
12547,train,12547
12549,train,12549
12550,train,12550
12551,train,12551
12552,train,12552
12553,train,12553
12555,train,12555
12556,train,12556
12557,train,12557
12558,train,12558
12560,train,12560
12562,train,12562
12563,train,12563
12564,train,12564
12567,train,12567
12568,train,12568
12569,train,12569
12570,train,12570
12571,train,12571
12572,train,12572
12573,train,12573
12574,train,12574
12575,train,12575
12576,train,12576
12577,train,12577
12578,train,12578
12579,train,12579
12580,train,12580
12581,train,12581
12582,train,12582
12583,train,12583
12584,train,12584
12585,train,12585
12586,train,12586
12588,train,12588
12589,train,12589
12590,train,12590
12591,train,12591
12593,train,12593
12594,train,12594
12595,train,12595
12596,train,12596
12597,train,12597
12598,train,12598
12599,train,12599
12600,train,12600
12601,train,12601
12603,train,12603
12604,train,12604
12605,train,12605
12606,train,12606
12607,train,12607
12608,train,12608
12609,train,12609
12612,train,12612
12613,train,12613
12614,train,12614
12615,train,12615
12616,train,12616
12617,train,12617
12618,train,12618
12620,train,12620
12621,train,12621
12622,train,12622
12623,train,12623
12624,train,12624
12625,train,12625
12626,train,12626
12627,train,12627
12629,train,12629
12630,train,12630
12631,train,12631
12632,train,12632
12633,train,12633
12634,train,12634
12635,train,12635
12636,train,12636
12637,train,12637
12638,train,12638
12640,train,12640
12641,train,12641
12642,train,12642
12643,train,12643
12645,train,12645
12647,train,12647
12648,train,12648
12649,train,12649
12650,train,12650
12651,train,12651
12652,train,12652
12653,train,12653
12655,train,12655
12658,train,12658
12659,train,12659
12660,train,12660
12661,train,12661
12662,train,12662
12663,train,12663
12664,train,12664
12665,train,12665
12666,train,12666
12668,train,12668
12669,train,12669
12670,train,12670
12672,train,12672
12673,train,12673
12674,train,12674
12675,train,12675
12676,train,12676
12677,train,12677
12678,train,12678
12681,train,12681
12683,train,12683
12684,train,12684
12685,train,12685
12686,train,12686
12687,train,12687
12688,train,12688
12691,train,12691
12692,train,12692
12693,train,12693
12694,train,12694
12695,train,12695
12696,train,12696
12697,train,12697
12698,train,12698
12699,train,12699
12700,train,12700
12701,train,12701
12702,train,12702
12703,train,12703
12705,train,12705
12706,train,12706
12707,train,12707
12709,train,12709
12710,train,12710
12711,train,12711
12712,train,12712
12714,train,12714
12715,train,12715
12716,train,12716
12717,train,12717
12718,train,12718
12719,train,12719
12720,train,12720
12721,train,12721
12722,train,12722
12723,train,12723
12724,train,12724
12726,train,12726
12727,train,12727
12728,train,12728
12730,train,12730
12731,train,12731
12732,train,12732
12733,train,12733
12734,train,12734
12735,train,12735
12736,train,12736
12740,train,12740
12741,train,12741
12742,train,12742
12744,train,12744
12745,train,12745
12746,train,12746
12747,train,12747
12748,train,12748
12749,train,12749
12750,train,12750
12751,train,12751
12752,train,12752
12753,train,12753
12755,train,12755
12756,train,12756
12758,train,12758
12759,train,12759
12760,train,12760
12761,train,12761
12762,train,12762
12763,train,12763
12764,train,12764
12765,train,12765
12766,train,12766
12767,train,12767
12768,train,12768
12770,train,12770
12771,train,12771
12772,train,12772
12773,train,12773
12774,train,12774
12775,train,12775
12776,train,12776
12777,train,12777
12778,train,12778
12779,train,12779
12780,train,12780
12781,train,12781
12782,train,12782
12783,train,12783
12784,train,12784
12785,train,12785
12786,train,12786
12787,train,12787
12788,train,12788
12789,train,12789
12791,train,12791
12792,train,12792
12793,train,12793
12794,train,12794
12795,train,12795
12797,train,12797
12798,train,12798
12800,train,12800
12802,train,12802
12803,train,12803
12804,train,12804
12805,train,12805
12806,train,12806
12807,train,12807
12808,train,12808
12810,train,12810
12811,train,12811
12812,train,12812
12815,train,12815
12816,train,12816
12817,train,12817
12818,train,12818
12819,train,12819
12820,train,12820
12821,train,12821
12823,train,12823
12824,train,12824
12826,train,12826
12827,train,12827
12828,train,12828
12830,train,12830
12832,train,12832
12833,train,12833
12834,train,12834
12835,train,12835
12837,train,12837
12838,train,12838
12840,train,12840
12841,train,12841
12842,train,12842
12843,train,12843
12844,train,12844
12845,train,12845
12847,train,12847
12848,train,12848
12849,train,12849
12850,train,12850
12851,train,12851
12852,train,12852
12853,train,12853
12854,train,12854
12855,train,12855
12857,train,12857
12858,train,12858
12859,train,12859
12860,train,12860
12861,train,12861
12862,train,12862
12863,train,12863
12865,train,12865
12866,train,12866
12867,train,12867
12868,train,12868
12871,train,12871
12873,train,12873
12874,train,12874
12875,train,12875
12876,train,12876
12877,train,12877
12878,train,12878
12880,train,12880
12881,train,12881
12882,train,12882
12883,train,12883
12884,train,12884
12885,train,12885
12887,train,12887
12888,train,12888
12891,train,12891
12892,train,12892
12893,train,12893
12894,train,12894
12895,train,12895
12897,train,12897
12898,train,12898
12899,train,12899
12900,train,12900
12902,train,12902
12903,train,12903
12904,train,12904
12905,train,12905
12906,train,12906
12907,train,12907
12908,train,12908
12909,train,12909
12910,train,12910
12911,train,12911
12912,train,12912
12913,train,12913
12914,train,12914
12915,train,12915
12916,train,12916
12917,train,12917
12919,train,12919
12920,train,12920
12921,train,12921
12922,train,12922
12923,train,12923
12926,train,12926
12927,train,12927
12928,train,12928
12929,train,12929
12930,train,12930
12931,train,12931
12932,train,12932
12933,train,12933
12934,train,12934
12935,train,12935
12936,train,12936
12937,train,12937
12938,train,12938
12940,train,12940
12942,train,12942
12943,train,12943
12944,train,12944
12945,train,12945
12946,train,12946
12947,train,12947
12948,train,12948
12949,train,12949
12950,train,12950
12951,train,12951
12952,train,12952
12953,train,12953
12954,train,12954
12955,train,12955
12956,train,12956
12957,train,12957
12958,train,12958
12959,train,12959
12960,train,12960
12963,train,12963
12964,train,12964
12965,train,12965
12967,train,12967
12968,train,12968
12971,train,12971
12972,train,12972
12973,train,12973
12974,train,12974
12975,train,12975
12976,train,12976
12977,train,12977
12978,train,12978
12979,train,12979
12981,train,12981
12982,train,12982
12983,train,12983
12985,train,12985
12986,train,12986
12987,train,12987
12988,train,12988
12990,train,12990
12991,train,12991
12992,train,12992
12993,train,12993
12994,train,12994
12995,train,12995
12996,train,12996
12997,train,12997
12998,train,12998
12999,train,12999
13000,train,13000
13001,train,13001
13002,train,13002
13003,train,13003
13004,train,13004
13005,train,13005
13006,train,13006
13007,train,13007
13009,train,13009
13011,train,13011
13012,train,13012
13013,train,13013
13014,train,13014
13015,train,13015
13016,train,13016
13018,train,13018
13020,train,13020
13023,train,13023
13025,train,13025
13026,train,13026
13027,train,13027
13028,train,13028
13029,train,13029
13030,train,13030
13031,train,13031
13032,train,13032
13033,train,13033
13034,train,13034
13035,train,13035
13037,train,13037
13038,train,13038
13040,train,13040
13041,train,13041
13042,train,13042
13044,train,13044
13045,train,13045
13046,train,13046
13047,train,13047
13048,train,13048
13049,train,13049
13050,train,13050
13051,train,13051
13052,train,13052
13053,train,13053
13055,train,13055
13056,train,13056
13057,train,13057
13061,train,13061
13062,train,13062
13063,train,13063
13064,train,13064
13065,train,13065
13066,train,13066
13067,train,13067
13069,train,13069
13070,train,13070
13071,train,13071
13073,train,13073
13074,train,13074
13076,train,13076
13077,train,13077
13078,train,13078
13080,train,13080
13082,train,13082
13083,train,13083
13084,train,13084
13086,train,13086
13087,train,13087
13088,train,13088
13089,train,13089
13090,train,13090
13091,train,13091
13093,train,13093
13094,train,13094
13095,train,13095
13096,train,13096
13097,train,13097
13098,train,13098
13099,train,13099
13100,train,13100
13101,train,13101
13102,train,13102
13103,train,13103
13104,train,13104
13106,train,13106
13107,train,13107
13108,train,13108
13111,train,13111
13113,train,13113
13114,train,13114
13115,train,13115
13116,train,13116
13117,train,13117
13119,train,13119
13120,train,13120
13121,train,13121
13123,train,13123
13124,train,13124
13125,train,13125
13126,train,13126
13127,train,13127
13128,train,13128
13130,train,13130
13131,train,13131
13132,train,13132
13134,train,13134
13135,train,13135
13137,train,13137
13138,train,13138
13139,train,13139
13140,train,13140
13141,train,13141
13143,train,13143
13145,train,13145
13146,train,13146
13147,train,13147
13148,train,13148
13149,train,13149
13150,train,13150
13151,train,13151
13152,train,13152
13153,train,13153
13155,train,13155
13156,train,13156
13157,train,13157
13158,train,13158
13159,train,13159
13161,train,13161
13162,train,13162
13163,train,13163
13164,train,13164
13165,train,13165
13166,train,13166
13167,train,13167
13168,train,13168
13169,train,13169
13171,train,13171
13173,train,13173
13174,train,13174
13175,train,13175
13176,train,13176
13177,train,13177
13179,train,13179
13180,train,13180
13181,train,13181
13182,train,13182
13183,train,13183
13185,train,13185
13186,train,13186
13188,train,13188
13189,train,13189
13190,train,13190
13191,train,13191
13192,train,13192
13193,train,13193
13194,train,13194
13195,train,13195
13196,train,13196
13197,train,13197
13198,train,13198
13199,train,13199
13200,train,13200
13202,train,13202
13204,train,13204
13205,train,13205
13206,train,13206
13207,train,13207
13208,train,13208
13209,train,13209
13211,train,13211
13212,train,13212
13213,train,13213
13214,train,13214
13215,train,13215
13216,train,13216
13219,train,13219
13220,train,13220
13221,train,13221
13223,train,13223
13224,train,13224
13225,train,13225
13226,train,13226
13227,train,13227
13228,train,13228
13229,train,13229
13230,train,13230
13232,train,13232
13233,train,13233
13234,train,13234
13235,train,13235
13236,train,13236
13237,train,13237
13238,train,13238
13239,train,13239
13240,train,13240
13241,train,13241
13242,train,13242
13243,train,13243
13244,train,13244
13245,train,13245
13246,train,13246
13247,train,13247
13248,train,13248
13249,train,13249
13250,train,13250
13252,train,13252
13253,train,13253
13255,train,13255
13256,train,13256
13257,train,13257
13258,train,13258
13259,train,13259
13260,train,13260
13261,train,13261
13262,train,13262
13263,train,13263
13265,train,13265
13266,train,13266
13267,train,13267
13268,train,13268
13270,train,13270
13271,train,13271
13272,train,13272
13273,train,13273
13274,train,13274
13275,train,13275
13276,train,13276
13277,train,13277
13278,train,13278
13280,train,13280
13281,train,13281
13283,train,13283
13284,train,13284
13286,train,13286
13287,train,13287
13290,train,13290
13291,train,13291
13293,train,13293
13294,train,13294
13297,train,13297
13298,train,13298
13299,train,13299
13300,train,13300
13301,train,13301
13302,train,13302
13303,train,13303
13305,train,13305
13306,train,13306
13308,train,13308
13309,train,13309
13312,train,13312
13314,train,13314
13315,train,13315
13316,train,13316
13317,train,13317
13318,train,13318
13319,train,13319
13320,train,13320
13321,train,13321
13322,train,13322
13323,train,13323
13325,train,13325
13327,train,13327
13328,train,13328
13330,train,13330
13331,train,13331
13332,train,13332
13333,train,13333
13335,train,13335
13336,train,13336
13337,train,13337
13340,train,13340
13341,train,13341
13342,train,13342
13343,train,13343
13344,train,13344
13345,train,13345
13346,train,13346
13348,train,13348
13349,train,13349
13350,train,13350
13351,train,13351
13352,train,13352
13353,train,13353
13354,train,13354
13355,train,13355
13356,train,13356
13357,train,13357
13359,train,13359
13360,train,13360
13361,train,13361
13365,train,13365
13366,train,13366
13367,train,13367
13369,train,13369
13370,train,13370
13371,train,13371
13372,train,13372
13373,train,13373
13374,train,13374
13375,train,13375
13376,train,13376
13379,train,13379
13380,train,13380
13381,train,13381
13382,train,13382
13383,train,13383
13384,train,13384
13386,train,13386
13389,train,13389
13390,train,13390
13391,train,13391
13392,train,13392
13393,train,13393
13394,train,13394
13396,train,13396
13397,train,13397
13398,train,13398
13399,train,13399
13400,train,13400
13401,train,13401
13402,train,13402
13404,train,13404
13405,train,13405
13406,train,13406
13407,train,13407
13408,train,13408
13409,train,13409
13411,train,13411
13414,train,13414
13416,train,13416
13417,train,13417
13418,train,13418
13419,train,13419
13423,train,13423
13424,train,13424
13425,train,13425
13426,train,13426
13427,train,13427
13428,train,13428
13429,train,13429
13430,train,13430
13431,train,13431
13433,train,13433
13434,train,13434
13435,train,13435
13436,train,13436
13437,train,13437
13438,train,13438
13440,train,13440
13441,train,13441
13442,train,13442
13445,train,13445
13447,train,13447
13448,train,13448
13449,train,13449
13450,train,13450
13452,train,13452
13453,train,13453
13454,train,13454
13455,train,13455
13456,train,13456
13457,train,13457
13459,train,13459
13460,train,13460
13461,train,13461
13462,train,13462
13463,train,13463
13464,train,13464
13465,train,13465
13466,train,13466
13467,train,13467
13468,train,13468
13470,train,13470
13471,train,13471
13472,train,13472
13473,train,13473
13475,train,13475
13477,train,13477
13478,train,13478
13479,train,13479
13480,train,13480
13481,train,13481
13482,train,13482
13483,train,13483
13484,train,13484
13485,train,13485
13486,train,13486
13487,train,13487
13488,train,13488
13489,train,13489
13490,train,13490
13491,train,13491
13492,train,13492
13494,train,13494
13495,train,13495
13496,train,13496
13497,train,13497
13498,train,13498
13499,train,13499
13500,train,13500
13501,train,13501
13502,train,13502
13503,train,13503
13505,train,13505
13508,train,13508
13509,train,13509
13510,train,13510
13511,train,13511
13512,train,13512
13514,train,13514
13515,train,13515
13516,train,13516
13517,train,13517
13518,train,13518
13519,train,13519
13520,train,13520
13521,train,13521
13522,train,13522
13524,train,13524
13525,train,13525
13526,train,13526
13527,train,13527
13528,train,13528
13529,train,13529
13530,train,13530
13531,train,13531
13532,train,13532
13533,train,13533
13534,train,13534
13535,train,13535
13537,train,13537
13538,train,13538
13540,train,13540
13542,train,13542
13544,train,13544
13546,train,13546
13547,train,13547
13548,train,13548
13549,train,13549
13550,train,13550
13551,train,13551
13552,train,13552
13553,train,13553
13554,train,13554
13556,train,13556
13557,train,13557
13562,train,13562
13563,train,13563
13564,train,13564
13565,train,13565
13566,train,13566
13567,train,13567
13569,train,13569
13570,train,13570
13571,train,13571
13572,train,13572
13573,train,13573
13574,train,13574
13576,train,13576
13577,train,13577
13578,train,13578
13580,train,13580
13582,train,13582
13583,train,13583
13584,train,13584
13585,train,13585
13586,train,13586
13587,train,13587
13588,train,13588
13589,train,13589
13590,train,13590
13591,train,13591
13592,train,13592
13593,train,13593
13594,train,13594
13595,train,13595
13596,train,13596
13597,train,13597
13598,train,13598
13600,train,13600
13601,train,13601
13602,train,13602
13603,train,13603
13604,train,13604
13605,train,13605
13606,train,13606
13607,train,13607
13608,train,13608
13609,train,13609
13611,train,13611
13612,train,13612
13613,train,13613
13614,train,13614
13615,train,13615
13616,train,13616
13618,train,13618
13619,train,13619
13621,train,13621
13622,train,13622
13623,train,13623
13624,train,13624
13625,train,13625
13626,train,13626
13627,train,13627
13628,train,13628
13629,train,13629
13630,train,13630
13631,train,13631
13632,train,13632
13633,train,13633
13634,train,13634
13635,train,13635
13636,train,13636
13637,train,13637
13638,train,13638
13640,train,13640
13641,train,13641
13642,train,13642
13643,train,13643
13644,train,13644
13645,train,13645
13646,train,13646
13647,train,13647
13649,train,13649
13650,train,13650
13651,train,13651
13652,train,13652
13653,train,13653
13654,train,13654
13655,train,13655
13657,train,13657
13659,train,13659
13661,train,13661
13664,train,13664
13665,train,13665
13666,train,13666
13667,train,13667
13668,train,13668
13669,train,13669
13670,train,13670
13674,train,13674
13676,train,13676
13679,train,13679
13680,train,13680
13681,train,13681
13682,train,13682
13684,train,13684
13685,train,13685
13686,train,13686
13687,train,13687
13688,train,13688
13690,train,13690
13691,train,13691
13692,train,13692
13694,train,13694
13695,train,13695
13696,train,13696
13697,train,13697
13699,train,13699
13701,train,13701
13702,train,13702
13703,train,13703
13704,train,13704
13705,train,13705
13706,train,13706
13707,train,13707
13708,train,13708
13709,train,13709
13710,train,13710
13711,train,13711
13712,train,13712
13713,train,13713
13714,train,13714
13715,train,13715
13716,train,13716
13717,train,13717
13718,train,13718
13719,train,13719
13720,train,13720
13721,train,13721
13722,train,13722
13723,train,13723
13724,train,13724
13725,train,13725
13727,train,13727
13729,train,13729
13730,train,13730
13731,train,13731
13732,train,13732
13733,train,13733
13734,train,13734
13735,train,13735
13736,train,13736
13737,train,13737
13738,train,13738
13739,train,13739
13740,train,13740
13741,train,13741
13742,train,13742
13744,train,13744
13745,train,13745
13746,train,13746
13747,train,13747
13748,train,13748
13749,train,13749
13750,train,13750
13751,train,13751
13752,train,13752
13753,train,13753
13754,train,13754
13755,train,13755
13756,train,13756
13757,train,13757
13758,train,13758
13759,train,13759
13760,train,13760
13763,train,13763
13764,train,13764
13767,train,13767
13768,train,13768
13769,train,13769
13770,train,13770
13771,train,13771
13772,train,13772
13774,train,13774
13775,train,13775
13776,train,13776
13777,train,13777
13779,train,13779
13780,train,13780
13785,train,13785
13786,train,13786
13787,train,13787
13788,train,13788
13791,train,13791
13792,train,13792
13793,train,13793
13794,train,13794
13795,train,13795
13798,train,13798
13799,train,13799
13800,train,13800
13801,train,13801
13803,train,13803
13804,train,13804
13805,train,13805
13808,train,13808
13809,train,13809
13810,train,13810
13811,train,13811
13812,train,13812
13813,train,13813
13814,train,13814
13815,train,13815
13816,train,13816
13817,train,13817
13819,train,13819
13821,train,13821
13822,train,13822
13823,train,13823
13824,train,13824
13825,train,13825
13826,train,13826
13827,train,13827
13828,train,13828
13830,train,13830
13831,train,13831
13832,train,13832
13833,train,13833
13835,train,13835
13836,train,13836
13837,train,13837
13838,train,13838
13839,train,13839
13842,train,13842
13844,train,13844
13845,train,13845
13846,train,13846
13847,train,13847
13848,train,13848
13850,train,13850
13851,train,13851
13852,train,13852
13853,train,13853
13854,train,13854
13855,train,13855
13856,train,13856
13857,train,13857
13858,train,13858
13859,train,13859
13860,train,13860
13861,train,13861
13862,train,13862
13863,train,13863
13864,train,13864
13865,train,13865
13867,train,13867
13870,train,13870
13871,train,13871
13872,train,13872
13873,train,13873
13874,train,13874
13876,train,13876
13877,train,13877
13878,train,13878
13879,train,13879
13880,train,13880
13881,train,13881
13883,train,13883
13885,train,13885
13886,train,13886
13887,train,13887
13889,train,13889
13890,train,13890
13891,train,13891
13892,train,13892
13894,train,13894
13896,train,13896
13897,train,13897
13898,train,13898
13899,train,13899
13900,train,13900
13902,train,13902
13904,train,13904
13905,train,13905
13907,train,13907
13908,train,13908
13909,train,13909
13910,train,13910
13911,train,13911
13912,train,13912
13914,train,13914
13915,train,13915
13917,train,13917
13918,train,13918
13919,train,13919
13920,train,13920
13922,train,13922
13923,train,13923
13924,train,13924
13926,train,13926
13927,train,13927
13928,train,13928
13929,train,13929
13930,train,13930
13931,train,13931
13932,train,13932
13934,train,13934
13935,train,13935
13936,train,13936
13937,train,13937
13938,train,13938
13941,train,13941
13943,train,13943
13945,train,13945
13946,train,13946
13947,train,13947
13949,train,13949
13950,train,13950
13951,train,13951
13952,train,13952
13953,train,13953
13954,train,13954
13955,train,13955
13956,train,13956
13957,train,13957
13958,train,13958
13959,train,13959
13960,train,13960
13961,train,13961
13962,train,13962
13963,train,13963
13964,train,13964
13965,train,13965
13966,train,13966
13967,train,13967
13968,train,13968
13969,train,13969
13970,train,13970
13971,train,13971
13973,train,13973
13974,train,13974
13975,train,13975
13976,train,13976
13977,train,13977
13978,train,13978
13979,train,13979
13980,train,13980
13982,train,13982
13983,train,13983
13984,train,13984
13985,train,13985
13986,train,13986
13988,train,13988
13989,train,13989
13993,train,13993
13994,train,13994
13995,train,13995
13996,train,13996
13997,train,13997
13998,train,13998
14000,train,14000
14001,train,14001
14003,train,14003
14005,train,14005
14006,train,14006
14007,train,14007
14008,train,14008
14009,train,14009
14010,train,14010
14012,train,14012
14015,train,14015
14016,train,14016
14017,train,14017
14018,train,14018
14019,train,14019
14020,train,14020
14022,train,14022
14024,train,14024
14025,train,14025
14027,train,14027
14028,train,14028
14029,train,14029
14030,train,14030
14031,train,14031
14032,train,14032
14034,train,14034
14035,train,14035
14036,train,14036
14037,train,14037
14038,train,14038
14039,train,14039
14040,train,14040
14042,train,14042
14043,train,14043
14046,train,14046
14047,train,14047
14048,train,14048
14050,train,14050
14051,train,14051
14052,train,14052
14053,train,14053
14054,train,14054
14056,train,14056
14057,train,14057
14058,train,14058
14059,train,14059
14060,train,14060
14061,train,14061
14064,train,14064
14065,train,14065
14066,train,14066
14067,train,14067
14068,train,14068
14069,train,14069
14071,train,14071
14072,train,14072
14075,train,14075
14076,train,14076
14077,train,14077
14080,train,14080
14082,train,14082
14083,train,14083
14084,train,14084
14085,train,14085
14088,train,14088
14089,train,14089
14090,train,14090
14091,train,14091
14092,train,14092
14094,train,14094
14096,train,14096
14098,train,14098
14099,train,14099
14100,train,14100
14101,train,14101
14104,train,14104
14106,train,14106
14107,train,14107
14108,train,14108
14109,train,14109
14110,train,14110
14112,train,14112
14113,train,14113
14114,train,14114
14115,train,14115
14116,train,14116
14117,train,14117
14118,train,14118
14119,train,14119
14120,train,14120
14121,train,14121
14122,train,14122
14124,train,14124
14125,train,14125
14126,train,14126
14128,train,14128
14129,train,14129
14130,train,14130
14131,train,14131
14132,train,14132
14133,train,14133
14135,train,14135
14136,train,14136
14137,train,14137
14138,train,14138
14139,train,14139
14140,train,14140
14141,train,14141
14142,train,14142
14144,train,14144
14145,train,14145
14146,train,14146
14147,train,14147
14148,train,14148
14150,train,14150
14151,train,14151
14152,train,14152
14154,train,14154
14155,train,14155
14156,train,14156
14157,train,14157
14158,train,14158
14159,train,14159
14161,train,14161
14163,train,14163
14164,train,14164
14165,train,14165
14166,train,14166
14168,train,14168
14169,train,14169
14170,train,14170
14172,train,14172
14173,train,14173
14174,train,14174
14175,train,14175
14176,train,14176
14177,train,14177
14179,train,14179
14180,train,14180
14181,train,14181
14182,train,14182
14183,train,14183
14185,train,14185
14186,train,14186
14187,train,14187
14188,train,14188
14189,train,14189
14190,train,14190
14192,train,14192
14193,train,14193
14194,train,14194
14196,train,14196
14197,train,14197
14198,train,14198
14199,train,14199
14201,train,14201
14203,train,14203
14204,train,14204
14205,train,14205
14206,train,14206
14207,train,14207
14208,train,14208
14209,train,14209
14210,train,14210
14211,train,14211
14212,train,14212
14213,train,14213
14215,train,14215
14216,train,14216
14217,train,14217
14218,train,14218
14219,train,14219
14220,train,14220
14221,train,14221
14222,train,14222
14224,train,14224
14227,train,14227
14228,train,14228
14229,train,14229
14230,train,14230
14231,train,14231
14232,train,14232
14233,train,14233
14234,train,14234
14235,train,14235
14236,train,14236
14238,train,14238
14239,train,14239
14240,train,14240
14242,train,14242
14244,train,14244
14245,train,14245
14246,train,14246
14247,train,14247
14248,train,14248
14249,train,14249
14250,train,14250
14251,train,14251
14252,train,14252
14253,train,14253
14255,train,14255
14257,train,14257
14258,train,14258
14259,train,14259
14260,train,14260
14261,train,14261
14264,train,14264
14265,train,14265
14266,train,14266
14267,train,14267
14268,train,14268
14270,train,14270
14271,train,14271
14272,train,14272
14273,train,14273
14274,train,14274
14275,train,14275
14276,train,14276
14277,train,14277
14279,train,14279
14281,train,14281
14282,train,14282
14283,train,14283
14284,train,14284
14286,train,14286
14287,train,14287
14289,train,14289
14290,train,14290
14292,train,14292
14293,train,14293
14294,train,14294
14296,train,14296
14297,train,14297
14298,train,14298
14299,train,14299
14300,train,14300
14302,train,14302
14303,train,14303
14304,train,14304
14305,train,14305
14306,train,14306
14307,train,14307
14308,train,14308
14309,train,14309
14310,train,14310
14311,train,14311
14313,train,14313
14315,train,14315
14317,train,14317
14318,train,14318
14319,train,14319
14320,train,14320
14321,train,14321
14322,train,14322
14323,train,14323
14324,train,14324
14326,train,14326
14327,train,14327
14328,train,14328
14329,train,14329
14330,train,14330
14331,train,14331
14332,train,14332
14333,train,14333
14334,train,14334
14335,train,14335
14336,train,14336
14338,train,14338
14339,train,14339
14340,train,14340
14341,train,14341
14342,train,14342
14343,train,14343
14345,train,14345
14346,train,14346
14347,train,14347
14348,train,14348
14349,train,14349
14351,train,14351
14352,train,14352
14353,train,14353
14354,train,14354
14356,train,14356
14357,train,14357
14358,train,14358
14359,train,14359
14360,train,14360
14361,train,14361
14362,train,14362
14363,train,14363
14364,train,14364
14365,train,14365
14368,train,14368
14370,train,14370
14371,train,14371
14373,train,14373
14375,train,14375
14376,train,14376
14377,train,14377
14378,train,14378
14379,train,14379
14380,train,14380
14381,train,14381
14382,train,14382
14383,train,14383
14384,train,14384
14385,train,14385
14386,train,14386
14387,train,14387
14388,train,14388
14389,train,14389
14392,train,14392
14394,train,14394
14395,train,14395
14396,train,14396
14397,train,14397
14399,train,14399
14400,train,14400
14402,train,14402
14403,train,14403
14404,train,14404
14405,train,14405
14409,train,14409
14410,train,14410
14411,train,14411
14412,train,14412
14413,train,14413
14414,train,14414
14415,train,14415
14416,train,14416
14417,train,14417
14418,train,14418
14419,train,14419
14421,train,14421
14422,train,14422
14424,train,14424
14425,train,14425
14426,train,14426
14427,train,14427
14428,train,14428
14429,train,14429
14430,train,14430
14431,train,14431
14432,train,14432
14433,train,14433
14434,train,14434
14435,train,14435
14436,train,14436
14442,train,14442
14444,train,14444
14445,train,14445
14446,train,14446
14447,train,14447
14448,train,14448
14449,train,14449
14452,train,14452
14453,train,14453
14454,train,14454
14456,train,14456
14457,train,14457
14458,train,14458
14460,train,14460
14461,train,14461
14465,train,14465
14466,train,14466
14467,train,14467
14468,train,14468
14469,train,14469
14470,train,14470
14472,train,14472
14473,train,14473
14474,train,14474
14476,train,14476
14477,train,14477
14478,train,14478
14480,train,14480
14481,train,14481
14482,train,14482
14484,train,14484
14485,train,14485
14486,train,14486
14487,train,14487
14488,train,14488
14489,train,14489
14490,train,14490
14491,train,14491
14492,train,14492
14493,train,14493
14494,train,14494
14495,train,14495
14496,train,14496
14499,train,14499
14501,train,14501
14505,train,14505
14507,train,14507
14508,train,14508
14509,train,14509
14511,train,14511
14512,train,14512
14514,train,14514
14515,train,14515
14516,train,14516
14518,train,14518
14521,train,14521
14522,train,14522
14523,train,14523
14524,train,14524
14526,train,14526
14527,train,14527
14528,train,14528
14530,train,14530
14531,train,14531
14532,train,14532
14533,train,14533
14534,train,14534
14535,train,14535
14536,train,14536
14538,train,14538
14539,train,14539
14540,train,14540
14541,train,14541
14542,train,14542
14543,train,14543
14544,train,14544
14545,train,14545
14550,train,14550
14551,train,14551
14552,train,14552
14555,train,14555
14557,train,14557
14558,train,14558
14559,train,14559
14560,train,14560
14561,train,14561
14562,train,14562
14563,train,14563
14564,train,14564
14566,train,14566
14567,train,14567
14568,train,14568
14569,train,14569
14570,train,14570
14571,train,14571
14572,train,14572
14573,train,14573
14574,train,14574
14575,train,14575
14576,train,14576
14577,train,14577
14578,train,14578
14579,train,14579
14580,train,14580
14581,train,14581
14582,train,14582
14583,train,14583
14584,train,14584
14585,train,14585
14586,train,14586
14587,train,14587
14588,train,14588
14589,train,14589
14591,train,14591
14593,train,14593
14594,train,14594
14595,train,14595
14597,train,14597
14598,train,14598
14600,train,14600
14601,train,14601
14603,train,14603
14604,train,14604
14605,train,14605
14606,train,14606
14607,train,14607
14608,train,14608
14609,train,14609
14610,train,14610
14611,train,14611
14612,train,14612
14613,train,14613
14614,train,14614
14615,train,14615
14616,train,14616
14617,train,14617
14619,train,14619
14620,train,14620
14622,train,14622
14624,train,14624
14625,train,14625
14627,train,14627
14629,train,14629
14630,train,14630
14631,train,14631
14633,train,14633
14634,train,14634
14635,train,14635
14636,train,14636
14637,train,14637
14638,train,14638
14641,train,14641
14643,train,14643
14644,train,14644
14646,train,14646
14647,train,14647
14648,train,14648
14649,train,14649
14650,train,14650
14652,train,14652
14653,train,14653
14654,train,14654
14655,train,14655
14657,train,14657
14658,train,14658
14659,train,14659
14660,train,14660
14662,train,14662
14663,train,14663
14664,train,14664
14667,train,14667
14668,train,14668
14670,train,14670
14672,train,14672
14674,train,14674
14675,train,14675
14676,train,14676
14677,train,14677
14678,train,14678
14679,train,14679
14680,train,14680
14681,train,14681
14682,train,14682
14684,train,14684
14685,train,14685
14686,train,14686
14688,train,14688
14691,train,14691
14692,train,14692
14693,train,14693
14694,train,14694
14695,train,14695
14696,train,14696
14697,train,14697
14698,train,14698
14699,train,14699
14702,train,14702
14705,train,14705
14708,train,14708
14709,train,14709
14711,train,14711
14712,train,14712
14713,train,14713
14714,train,14714
14719,train,14719
14720,train,14720
14721,train,14721
14722,train,14722
14723,train,14723
14724,train,14724
14725,train,14725
14726,train,14726
14727,train,14727
14728,train,14728
14730,train,14730
14731,train,14731
14732,train,14732
14733,train,14733
14734,train,14734
14735,train,14735
14738,train,14738
14739,train,14739
14741,train,14741
14742,train,14742
14743,train,14743
14744,train,14744
14746,train,14746
14747,train,14747
14748,train,14748
14750,train,14750
14751,train,14751
14752,train,14752
14753,train,14753
14755,train,14755
14757,train,14757
14759,train,14759
14760,train,14760
14761,train,14761
14762,train,14762
14764,train,14764
14765,train,14765
14766,train,14766
14767,train,14767
14768,train,14768
14769,train,14769
14770,train,14770
14771,train,14771
14772,train,14772
14774,train,14774
14775,train,14775
14776,train,14776
14777,train,14777
14778,train,14778
14779,train,14779
14780,train,14780
14781,train,14781
14782,train,14782
14783,train,14783
14784,train,14784
14785,train,14785
14786,train,14786
14788,train,14788
14789,train,14789
14790,train,14790
14791,train,14791
14792,train,14792
14793,train,14793
14794,train,14794
14795,train,14795
14796,train,14796
14798,train,14798
14799,train,14799
14800,train,14800
14801,train,14801
14803,train,14803
14804,train,14804
14805,train,14805
14806,train,14806
14807,train,14807
14808,train,14808
14809,train,14809
14810,train,14810
14811,train,14811
14812,train,14812
14813,train,14813
14814,train,14814
14815,train,14815
14816,train,14816
14819,train,14819
14820,train,14820
14821,train,14821
14822,train,14822
14823,train,14823
14824,train,14824
14825,train,14825
14827,train,14827
14828,train,14828
14829,train,14829
14830,train,14830
14831,train,14831
14832,train,14832
14833,train,14833
14834,train,14834
14835,train,14835
14836,train,14836
14837,train,14837
14838,train,14838
14839,train,14839
14841,train,14841
14842,train,14842
14843,train,14843
14845,train,14845
14846,train,14846
14847,train,14847
14849,train,14849
14850,train,14850
14851,train,14851
14852,train,14852
14853,train,14853
14854,train,14854
14855,train,14855
14856,train,14856
14858,train,14858
14859,train,14859
14861,train,14861
14862,train,14862
14863,train,14863
14864,train,14864
14865,train,14865
14866,train,14866
14867,train,14867
14868,train,14868
14869,train,14869
14870,train,14870
14871,train,14871
14872,train,14872
14874,train,14874
14876,train,14876
14877,train,14877
14878,train,14878
14879,train,14879
14880,train,14880
14881,train,14881
14882,train,14882
14887,train,14887
14888,train,14888
14889,train,14889
14890,train,14890
14891,train,14891
14892,train,14892
14893,train,14893
14894,train,14894
14895,train,14895
14897,train,14897
14899,train,14899
14900,train,14900
14901,train,14901
14902,train,14902
14903,train,14903
14905,train,14905
14906,train,14906
14907,train,14907
14908,train,14908
14909,train,14909
14910,train,14910
14911,train,14911
14912,train,14912
14914,train,14914
14915,train,14915
14919,train,14919
14920,train,14920
14921,train,14921
14922,train,14922
14923,train,14923
14925,train,14925
14926,train,14926
14927,train,14927
14928,train,14928
14929,train,14929
14930,train,14930
14931,train,14931
14933,train,14933
14934,train,14934
14936,train,14936
14937,train,14937
14938,train,14938
14939,train,14939
14940,train,14940
14941,train,14941
14942,train,14942
14943,train,14943
14944,train,14944
14945,train,14945
14946,train,14946
14948,train,14948
14949,train,14949
14950,train,14950
14951,train,14951
14952,train,14952
14953,train,14953
14955,train,14955
14956,train,14956
14957,train,14957
14958,train,14958
14959,train,14959
14961,train,14961
14962,train,14962
14963,train,14963
14964,train,14964
14965,train,14965
14966,train,14966
14967,train,14967
14968,train,14968
14969,train,14969
14970,train,14970
14972,train,14972
14974,train,14974
14977,train,14977
14980,train,14980
14982,train,14982
14983,train,14983
14984,train,14984
14985,train,14985
14986,train,14986
14987,train,14987
14988,train,14988
14989,train,14989
14990,train,14990
14991,train,14991
14992,train,14992
14993,train,14993
14994,train,14994
14995,train,14995
14996,train,14996
14997,train,14997
14998,train,14998
14999,train,14999
15000,train,15000
15001,train,15001
15003,train,15003
15004,train,15004
15005,train,15005
15006,train,15006
15007,train,15007
15008,train,15008
15009,train,15009
15010,train,15010
15011,train,15011
15012,train,15012
15013,train,15013
15015,train,15015
15017,train,15017
15018,train,15018
15019,train,15019
15020,train,15020
15021,train,15021
15022,train,15022
15023,train,15023
15024,train,15024
15025,train,15025
15026,train,15026
15027,train,15027
15028,train,15028
15030,train,15030
15031,train,15031
15032,train,15032
15033,train,15033
15034,train,15034
15035,train,15035
15036,train,15036
15037,train,15037
15038,train,15038
15039,train,15039
15040,train,15040
15041,train,15041
15042,train,15042
15043,train,15043
15044,train,15044
15046,train,15046
15047,train,15047
15049,train,15049
15050,train,15050
15051,train,15051
15052,train,15052
15053,train,15053
15054,train,15054
15055,train,15055
15057,train,15057
15058,train,15058
15060,train,15060
15061,train,15061
15062,train,15062
15063,train,15063
15064,train,15064
15066,train,15066
15067,train,15067
15068,train,15068
15070,train,15070
15072,train,15072
15074,train,15074
15075,train,15075
15077,train,15077
15080,train,15080
15082,train,15082
15083,train,15083
15084,train,15084
15086,train,15086
15087,train,15087
15088,train,15088
15090,train,15090
15091,train,15091
15092,train,15092
15094,train,15094
15095,train,15095
15096,train,15096
15097,train,15097
15098,train,15098
15099,train,15099
15100,train,15100
15101,train,15101
15102,train,15102
15103,train,15103
15104,train,15104
15105,train,15105
15106,train,15106
15107,train,15107
15109,train,15109
15110,train,15110
15111,train,15111
15112,train,15112
15113,train,15113
15114,train,15114
15115,train,15115
15116,train,15116
15117,train,15117
15118,train,15118
15119,train,15119
15120,train,15120
15121,train,15121
15122,train,15122
15123,train,15123
15124,train,15124
15125,train,15125
15126,train,15126
15127,train,15127
15128,train,15128
15129,train,15129
15130,train,15130
15132,train,15132
15133,train,15133
15134,train,15134
15135,train,15135
15136,train,15136
15138,train,15138
15141,train,15141
15143,train,15143
15144,train,15144
15145,train,15145
15148,train,15148
15149,train,15149
15150,train,15150
15151,train,15151
15152,train,15152
15156,train,15156
15157,train,15157
15158,train,15158
15160,train,15160
15162,train,15162
15163,train,15163
15167,train,15167
15168,train,15168
15169,train,15169
15170,train,15170
15172,train,15172
15173,train,15173
15174,train,15174
15175,train,15175
15176,train,15176
15177,train,15177
15178,train,15178
15179,train,15179
15180,train,15180
15181,train,15181
15183,train,15183
15184,train,15184
15185,train,15185
15186,train,15186
15187,train,15187
15189,train,15189
15190,train,15190
15191,train,15191
15192,train,15192
15194,train,15194
15196,train,15196
15197,train,15197
15198,train,15198
15199,train,15199
15200,train,15200
15201,train,15201
15202,train,15202
15203,train,15203
15204,train,15204
15205,train,15205
15206,train,15206
15207,train,15207
15208,train,15208
15209,train,15209
15210,train,15210
15211,train,15211
15212,train,15212
15213,train,15213
15214,train,15214
15215,train,15215
15216,train,15216
15217,train,15217
15218,train,15218
15219,train,15219
15220,train,15220
15222,train,15222
15223,train,15223
15224,train,15224
15225,train,15225
15227,train,15227
15228,train,15228
15229,train,15229
15230,train,15230
15231,train,15231
15232,train,15232
15233,train,15233
15234,train,15234
15235,train,15235
15236,train,15236
15237,train,15237
15238,train,15238
15239,train,15239
15241,train,15241
15242,train,15242
15243,train,15243
15244,train,15244
15245,train,15245
15246,train,15246
15247,train,15247
15249,train,15249
15250,train,15250
15251,train,15251
15253,train,15253
15254,train,15254
15255,train,15255
15257,train,15257
15258,train,15258
15261,train,15261
15262,train,15262
15263,train,15263
15264,train,15264
15265,train,15265
15268,train,15268
15269,train,15269
15270,train,15270
15272,train,15272
15273,train,15273
15277,train,15277
15278,train,15278
15279,train,15279
15280,train,15280
15281,train,15281
15282,train,15282
15284,train,15284
15285,train,15285
15286,train,15286
15287,train,15287
15288,train,15288
15289,train,15289
15290,train,15290
15294,train,15294
15295,train,15295
15296,train,15296
15297,train,15297
15298,train,15298
15299,train,15299
15300,train,15300
15301,train,15301
15303,train,15303
15304,train,15304
15305,train,15305
15306,train,15306
15307,train,15307
15308,train,15308
15309,train,15309
15310,train,15310
15311,train,15311
15312,train,15312
15314,train,15314
15315,train,15315
15316,train,15316
15317,train,15317
15318,train,15318
15319,train,15319
15320,train,15320
15321,train,15321
15322,train,15322
15323,train,15323
15326,train,15326
15327,train,15327
15328,train,15328
15330,train,15330
15332,train,15332
15334,train,15334
15335,train,15335
15336,train,15336
15337,train,15337
15339,train,15339
15340,train,15340
15341,train,15341
15342,train,15342
15344,train,15344
15345,train,15345
15346,train,15346
15348,train,15348
15350,train,15350
15351,train,15351
15352,train,15352
15353,train,15353
15354,train,15354
15355,train,15355
15356,train,15356
15357,train,15357
15358,train,15358
15359,train,15359
15360,train,15360
15362,train,15362
15363,train,15363
15364,train,15364
15365,train,15365
15366,train,15366
15367,train,15367
15368,train,15368
15369,train,15369
15370,train,15370
15371,train,15371
15372,train,15372
15373,train,15373
15374,train,15374
15375,train,15375
15377,train,15377
15378,train,15378
15379,train,15379
15380,train,15380
15381,train,15381
15382,train,15382
15383,train,15383
15384,train,15384
15385,train,15385
15386,train,15386
15387,train,15387
15388,train,15388
15389,train,15389
15390,train,15390
15391,train,15391
15392,train,15392
15393,train,15393
15394,train,15394
15395,train,15395
15396,train,15396
15397,train,15397
15399,train,15399
15401,train,15401
15402,train,15402
15403,train,15403
15404,train,15404
15405,train,15405
15406,train,15406
15407,train,15407
15408,train,15408
15410,train,15410
15412,train,15412
15413,train,15413
15415,train,15415
15417,train,15417
15418,train,15418
15419,train,15419
15421,train,15421
15422,train,15422
15423,train,15423
15424,train,15424
15425,train,15425
15426,train,15426
15428,train,15428
15429,train,15429
15430,train,15430
15431,train,15431
15432,train,15432
15433,train,15433
15434,train,15434
15435,train,15435
15436,train,15436
15437,train,15437
15438,train,15438
15439,train,15439
15441,train,15441
15442,train,15442
15443,train,15443
15444,train,15444
15446,train,15446
15447,train,15447
15448,train,15448
15449,train,15449
15450,train,15450
15451,train,15451
15452,train,15452
15453,train,15453
15454,train,15454
15456,train,15456
15457,train,15457
15458,train,15458
15459,train,15459
15460,train,15460
15461,train,15461
15462,train,15462
15463,train,15463
15464,train,15464
15465,train,15465
15466,train,15466
15468,train,15468
15469,train,15469
15470,train,15470
15471,train,15471
15472,train,15472
15473,train,15473
15474,train,15474
15475,train,15475
15476,train,15476
15477,train,15477
15478,train,15478
15479,train,15479
15481,train,15481
15482,train,15482
15483,train,15483
15484,train,15484
15486,train,15486
15487,train,15487
15488,train,15488
15489,train,15489
15490,train,15490
15492,train,15492
15493,train,15493
15494,train,15494
15495,train,15495
15496,train,15496
15497,train,15497
15498,train,15498
15499,train,15499
15500,train,15500
15501,train,15501
15502,train,15502
15503,train,15503
15504,train,15504
15505,train,15505
15506,train,15506
15508,train,15508
15510,train,15510
15511,train,15511
15512,train,15512
15513,train,15513
15514,train,15514
15515,train,15515
15516,train,15516
15518,train,15518
15519,train,15519
15520,train,15520
15521,train,15521
15522,train,15522
15523,train,15523
15524,train,15524
15525,train,15525
15527,train,15527
15529,train,15529
15530,train,15530
15531,train,15531
15532,train,15532
15533,train,15533
15534,train,15534
15536,train,15536
15537,train,15537
15538,train,15538
15539,train,15539
15540,train,15540
15541,train,15541
15543,train,15543
15544,train,15544
15545,train,15545
15546,train,15546
15547,train,15547
15550,train,15550
15551,train,15551
15552,train,15552
15553,train,15553
15554,train,15554
15555,train,15555
15559,train,15559
15562,train,15562
15563,train,15563
15564,train,15564
15565,train,15565
15566,train,15566
15567,train,15567
15568,train,15568
15569,train,15569
15570,train,15570
15571,train,15571
15574,train,15574
15575,train,15575
15576,train,15576
15578,train,15578
15580,train,15580
15582,train,15582
15584,train,15584
15585,train,15585
15586,train,15586
15588,train,15588
15590,train,15590
15591,train,15591
15592,train,15592
15594,train,15594
15595,train,15595
15597,train,15597
15598,train,15598
15599,train,15599
15601,train,15601
15602,train,15602
15603,train,15603
15604,train,15604
15605,train,15605
15606,train,15606
15607,train,15607
15609,train,15609
15610,train,15610
15611,train,15611
15612,train,15612
15613,train,15613
15614,train,15614
15616,train,15616
15617,train,15617
15618,train,15618
15620,train,15620
15621,train,15621
15622,train,15622
15623,train,15623
15624,train,15624
15625,train,15625
15626,train,15626
15627,train,15627
15629,train,15629
15631,train,15631
15633,train,15633
15635,train,15635
15636,train,15636
15637,train,15637
15639,train,15639
15640,train,15640
15641,train,15641
15642,train,15642
15643,train,15643
15644,train,15644
15645,train,15645
15647,train,15647
15648,train,15648
15649,train,15649
15650,train,15650
15651,train,15651
15652,train,15652
15653,train,15653
15654,train,15654
15655,train,15655
15656,train,15656
15657,train,15657
15658,train,15658
15659,train,15659
15661,train,15661
15662,train,15662
15663,train,15663
15664,train,15664
15666,train,15666
15667,train,15667
15668,train,15668
15670,train,15670
15671,train,15671
15672,train,15672
15673,train,15673
15674,train,15674
15675,train,15675
15678,train,15678
15679,train,15679
15680,train,15680
15681,train,15681
15682,train,15682
15683,train,15683
15684,train,15684
15685,train,15685
15686,train,15686
15687,train,15687
15689,train,15689
15690,train,15690
15691,train,15691
15692,train,15692
15695,train,15695
15696,train,15696
15698,train,15698
15699,train,15699
15700,train,15700
15701,train,15701
15702,train,15702
15704,train,15704
15706,train,15706
15707,train,15707
15708,train,15708
15709,train,15709
15710,train,15710
15711,train,15711
15712,train,15712
15714,train,15714
15715,train,15715
15716,train,15716
15717,train,15717
15718,train,15718
15719,train,15719
15720,train,15720
15721,train,15721
15722,train,15722
15723,train,15723
15724,train,15724
15725,train,15725
15726,train,15726
15727,train,15727
15728,train,15728
15729,train,15729
15730,train,15730
15731,train,15731
15732,train,15732
15733,train,15733
15734,train,15734
15735,train,15735
15738,train,15738
15739,train,15739
15741,train,15741
15742,train,15742
15743,train,15743
15744,train,15744
15745,train,15745
15746,train,15746
15747,train,15747
15748,train,15748
15751,train,15751
15752,train,15752
15754,train,15754
15755,train,15755
15757,train,15757
15758,train,15758
15759,train,15759
15760,train,15760
15761,train,15761
15762,train,15762
15763,train,15763
15764,train,15764
15767,train,15767
15768,train,15768
15769,train,15769
15770,train,15770
15772,train,15772
15774,train,15774
15775,train,15775
15776,train,15776
15777,train,15777
15778,train,15778
15779,train,15779
15780,train,15780
15781,train,15781
15782,train,15782
15784,train,15784
15785,train,15785
15786,train,15786
15787,train,15787
15788,train,15788
15790,train,15790
15791,train,15791
15794,train,15794
15796,train,15796
15797,train,15797
15798,train,15798
15801,train,15801
15802,train,15802
15803,train,15803
15804,train,15804
15805,train,15805
15806,train,15806
15808,train,15808
15809,train,15809
15810,train,15810
15811,train,15811
15812,train,15812
15813,train,15813
15815,train,15815
15816,train,15816
15817,train,15817
15818,train,15818
15819,train,15819
15820,train,15820
15821,train,15821
15822,train,15822
15823,train,15823
15824,train,15824
15825,train,15825
15826,train,15826
15827,train,15827
15828,train,15828
15829,train,15829
15830,train,15830
15831,train,15831
15832,train,15832
15833,train,15833
15834,train,15834
15835,train,15835
15837,train,15837
15839,train,15839
15840,train,15840
15841,train,15841
15842,train,15842
15844,train,15844
15845,train,15845
15846,train,15846
15847,train,15847
15848,train,15848
15849,train,15849
15850,train,15850
15851,train,15851
15852,train,15852
15853,train,15853
15854,train,15854
15855,train,15855
15856,train,15856
15858,train,15858
15859,train,15859
15860,train,15860
15861,train,15861
15862,train,15862
15863,train,15863
15864,train,15864
15865,train,15865
15867,train,15867
15868,train,15868
15869,train,15869
15870,train,15870
15871,train,15871
15872,train,15872
15873,train,15873
15874,train,15874
15876,train,15876
15878,train,15878
15880,train,15880
15881,train,15881
15882,train,15882
15884,train,15884
15885,train,15885
15886,train,15886
15887,train,15887
15888,train,15888
15889,train,15889
15890,train,15890
15891,train,15891
15892,train,15892
15893,train,15893
15894,train,15894
15895,train,15895
15897,train,15897
15898,train,15898
15899,train,15899
15900,train,15900
15901,train,15901
15902,train,15902
15903,train,15903
15905,train,15905
15906,train,15906
15907,train,15907
15908,train,15908
15909,train,15909
15910,train,15910
15912,train,15912
15913,train,15913
15915,train,15915
15917,train,15917
15918,train,15918
15920,train,15920
15921,train,15921
15923,train,15923
15924,train,15924
15925,train,15925
15926,train,15926
15927,train,15927
15929,train,15929
15930,train,15930
15931,train,15931
15932,train,15932
15933,train,15933
15934,train,15934
15935,train,15935
15937,train,15937
15938,train,15938
15939,train,15939
15940,train,15940
15941,train,15941
15943,train,15943
15944,train,15944
15945,train,15945
15946,train,15946
15948,train,15948
15950,train,15950
15951,train,15951
15952,train,15952
15953,train,15953
15954,train,15954
15955,train,15955
15956,train,15956
15957,train,15957
15958,train,15958
15960,train,15960
15961,train,15961
15962,train,15962
15963,train,15963
15965,train,15965
15966,train,15966
15967,train,15967
15968,train,15968
15970,train,15970
15971,train,15971
15972,train,15972
15973,train,15973
15974,train,15974
15980,train,15980
15982,train,15982
15984,train,15984
15985,train,15985
15987,train,15987
15988,train,15988
15989,train,15989
15990,train,15990
15992,train,15992
15993,train,15993
15994,train,15994
15995,train,15995
15997,train,15997
15998,train,15998
15999,train,15999
16000,train,16000
16001,train,16001
16002,train,16002
16003,train,16003
16004,train,16004
16006,train,16006
16007,train,16007
16008,train,16008
16009,train,16009
16010,train,16010
16011,train,16011
16012,train,16012
16013,train,16013
16014,train,16014
16016,train,16016
16018,train,16018
16019,train,16019
16020,train,16020
16021,train,16021
16023,train,16023
16024,train,16024
16025,train,16025
16026,train,16026
16027,train,16027
16028,train,16028
16029,train,16029
16034,train,16034
16035,train,16035
16037,train,16037
16038,train,16038
16039,train,16039
16040,train,16040
16041,train,16041
16042,train,16042
16043,train,16043
16044,train,16044
16045,train,16045
16046,train,16046
16047,train,16047
16048,train,16048
16049,train,16049
16050,train,16050
16051,train,16051
16052,train,16052
16053,train,16053
16054,train,16054
16056,train,16056
16058,train,16058
16059,train,16059
16060,train,16060
16061,train,16061
16062,train,16062
16063,train,16063
16064,train,16064
16065,train,16065
16066,train,16066
16067,train,16067
16068,train,16068
16069,train,16069
16071,train,16071
16072,train,16072
16073,train,16073
16074,train,16074
16075,train,16075
16076,train,16076
16077,train,16077
16078,train,16078
16079,train,16079
16080,train,16080
16081,train,16081
16083,train,16083
16084,train,16084
16085,train,16085
16087,train,16087
16088,train,16088
16089,train,16089
16090,train,16090
16092,train,16092
16094,train,16094
16095,train,16095
16096,train,16096
16097,train,16097
16098,train,16098
16100,train,16100
16102,train,16102
16103,train,16103
16104,train,16104
16105,train,16105
16106,train,16106
16107,train,16107
16108,train,16108
16109,train,16109
16110,train,16110
16111,train,16111
16112,train,16112
16113,train,16113
16114,train,16114
16115,train,16115
16117,train,16117
16119,train,16119
16120,train,16120
16121,train,16121
16122,train,16122
16123,train,16123
16124,train,16124
16125,train,16125
16126,train,16126
16127,train,16127
16128,train,16128
16129,train,16129
16131,train,16131
16132,train,16132
16133,train,16133
16134,train,16134
16136,train,16136
16137,train,16137
16139,train,16139
16140,train,16140
16142,train,16142
16143,train,16143
16146,train,16146
16147,train,16147
16149,train,16149
16151,train,16151
16152,train,16152
16155,train,16155
16156,train,16156
16157,train,16157
16158,train,16158
16159,train,16159
16160,train,16160
16162,train,16162
16163,train,16163
16164,train,16164
16165,train,16165
16167,train,16167
16168,train,16168
16170,train,16170
16171,train,16171
16172,train,16172
16173,train,16173
16174,train,16174
16179,train,16179
16180,train,16180
16181,train,16181
16182,train,16182
16183,train,16183
16184,train,16184
16186,train,16186
16187,train,16187
16188,train,16188
16189,train,16189
16190,train,16190
16191,train,16191
16194,train,16194
16195,train,16195
16196,train,16196
16197,train,16197
16198,train,16198
16199,train,16199
16200,train,16200
16202,train,16202
16203,train,16203
16204,train,16204
16206,train,16206
16207,train,16207
16208,train,16208
16209,train,16209
16210,train,16210
16212,train,16212
16213,train,16213
16214,train,16214
16215,train,16215
16216,train,16216
16217,train,16217
16218,train,16218
16219,train,16219
16220,train,16220
16222,train,16222
16223,train,16223
16224,train,16224
16225,train,16225
16226,train,16226
16227,train,16227
16228,train,16228
16229,train,16229
16231,train,16231
16232,train,16232
16234,train,16234
16235,train,16235
16236,train,16236
16237,train,16237
16238,train,16238
16241,train,16241
16242,train,16242
16244,train,16244
16245,train,16245
16247,train,16247
16248,train,16248
16250,train,16250
16251,train,16251
16253,train,16253
16254,train,16254
16256,train,16256
16257,train,16257
16258,train,16258
16259,train,16259
16261,train,16261
16263,train,16263
16264,train,16264
16265,train,16265
16266,train,16266
16268,train,16268
16269,train,16269
16270,train,16270
16271,train,16271
16272,train,16272
16273,train,16273
16274,train,16274
16276,train,16276
16277,train,16277
16278,train,16278
16279,train,16279
16280,train,16280
16281,train,16281
16282,train,16282
16283,train,16283
16284,train,16284
16285,train,16285
16287,train,16287
16289,train,16289
16292,train,16292
16293,train,16293
16294,train,16294
16295,train,16295
16297,train,16297
16298,train,16298
16300,train,16300
16302,train,16302
16303,train,16303
16304,train,16304
16305,train,16305
16306,train,16306
16308,train,16308
16309,train,16309
16310,train,16310
16311,train,16311
16312,train,16312
16314,train,16314
16315,train,16315
16316,train,16316
16317,train,16317
16319,train,16319
16320,train,16320
16321,train,16321
16322,train,16322
16324,train,16324
16325,train,16325
16326,train,16326
16327,train,16327
16328,train,16328
16329,train,16329
16330,train,16330
16331,train,16331
16332,train,16332
16334,train,16334
16335,train,16335
16336,train,16336
16337,train,16337
16338,train,16338
16339,train,16339
16342,train,16342
16344,train,16344
16346,train,16346
16347,train,16347
16349,train,16349
16350,train,16350
16353,train,16353
16354,train,16354
16355,train,16355
16356,train,16356
16357,train,16357
16358,train,16358
16359,train,16359
16360,train,16360
16361,train,16361
16362,train,16362
16363,train,16363
16364,train,16364
16366,train,16366
16367,train,16367
16368,train,16368
16370,train,16370
16371,train,16371
16372,train,16372
16374,train,16374
16376,train,16376
16377,train,16377
16378,train,16378
16379,train,16379
16381,train,16381
16382,train,16382
16383,train,16383
16384,train,16384
16387,train,16387
16388,train,16388
16389,train,16389
16391,train,16391
16392,train,16392
16393,train,16393
16394,train,16394
16395,train,16395
16396,train,16396
16397,train,16397
16398,train,16398
16399,train,16399
16400,train,16400
16401,train,16401
16402,train,16402
16403,train,16403
16404,train,16404
16406,train,16406
16407,train,16407
16408,train,16408
16409,train,16409
16413,train,16413
16415,train,16415
16416,train,16416
16417,train,16417
16418,train,16418
16419,train,16419
16420,train,16420
16422,train,16422
16423,train,16423
16424,train,16424
16425,train,16425
16426,train,16426
16428,train,16428
16429,train,16429
16430,train,16430
16431,train,16431
16434,train,16434
16435,train,16435
16436,train,16436
16438,train,16438
16439,train,16439
16440,train,16440
16441,train,16441
16442,train,16442
16443,train,16443
16444,train,16444
16445,train,16445
16447,train,16447
16448,train,16448
16449,train,16449
16450,train,16450
16452,train,16452
16453,train,16453
16455,train,16455
16456,train,16456
16457,train,16457
16460,train,16460
16461,train,16461
16464,train,16464
16465,train,16465
16466,train,16466
16467,train,16467
16468,train,16468
16469,train,16469
16470,train,16470
16471,train,16471
16472,train,16472
16473,train,16473
16474,train,16474
16475,train,16475
16477,train,16477
16478,train,16478
16479,train,16479
16481,train,16481
16482,train,16482
16483,train,16483
16484,train,16484
16485,train,16485
16486,train,16486
16487,train,16487
16488,train,16488
16489,train,16489
16490,train,16490
16491,train,16491
16492,train,16492
16493,train,16493
16494,train,16494
16496,train,16496
16497,train,16497
16498,train,16498
16499,train,16499
16500,train,16500
16502,train,16502
16504,train,16504
16506,train,16506
16507,train,16507
16508,train,16508
16509,train,16509
16510,train,16510
16511,train,16511
16512,train,16512
16514,train,16514
16515,train,16515
16516,train,16516
16517,train,16517
16518,train,16518
16519,train,16519
16520,train,16520
16524,train,16524
16525,train,16525
16526,train,16526
16528,train,16528
16530,train,16530
16531,train,16531
16532,train,16532
16534,train,16534
16536,train,16536
16537,train,16537
16539,train,16539
16540,train,16540
16541,train,16541
16542,train,16542
16543,train,16543
16544,train,16544
16545,train,16545
16546,train,16546
16547,train,16547
16548,train,16548
16549,train,16549
16550,train,16550
16551,train,16551
16552,train,16552
16553,train,16553
16554,train,16554
16555,train,16555
16556,train,16556
16557,train,16557
16558,train,16558
16559,train,16559
16560,train,16560
16561,train,16561
16563,train,16563
16564,train,16564
16565,train,16565
16566,train,16566
16567,train,16567
16568,train,16568
16569,train,16569
16570,train,16570
16571,train,16571
16574,train,16574
16575,train,16575
16576,train,16576
16577,train,16577
16578,train,16578
16579,train,16579
16580,train,16580
16581,train,16581
16582,train,16582
16583,train,16583
16584,train,16584
16585,train,16585
16586,train,16586
16587,train,16587
16588,train,16588
16589,train,16589
16590,train,16590
16591,train,16591
16592,train,16592
16594,train,16594
16595,train,16595
16596,train,16596
16597,train,16597
16598,train,16598
16600,train,16600
16601,train,16601
16603,train,16603
16604,train,16604
16605,train,16605
16607,train,16607
16610,train,16610
16611,train,16611
16612,train,16612
16613,train,16613
16614,train,16614
16615,train,16615
16616,train,16616
16617,train,16617
16618,train,16618
16619,train,16619
16622,train,16622
16623,train,16623
16624,train,16624
16625,train,16625
16626,train,16626
16627,train,16627
16628,train,16628
16629,train,16629
16631,train,16631
16632,train,16632
16633,train,16633
16635,train,16635
16636,train,16636
16637,train,16637
16638,train,16638
16640,train,16640
16643,train,16643
16644,train,16644
16646,train,16646
16647,train,16647
16648,train,16648
16649,train,16649
16650,train,16650
16653,train,16653
16654,train,16654
16655,train,16655
16657,train,16657
16658,train,16658
16659,train,16659
16660,train,16660
16661,train,16661
16662,train,16662
16663,train,16663
16665,train,16665
16666,train,16666
16667,train,16667
16668,train,16668
16669,train,16669
16670,train,16670
16671,train,16671
16672,train,16672
16675,train,16675
16676,train,16676
16677,train,16677
16678,train,16678
16679,train,16679
16681,train,16681
16682,train,16682
16683,train,16683
16684,train,16684
16686,train,16686
16687,train,16687
16689,train,16689
16690,train,16690
16692,train,16692
16693,train,16693
16695,train,16695
16697,train,16697
16698,train,16698
16699,train,16699
16700,train,16700
16701,train,16701
16702,train,16702
16703,train,16703
16704,train,16704
16706,train,16706
16707,train,16707
16708,train,16708
16709,train,16709
16710,train,16710
16711,train,16711
16713,train,16713
16714,train,16714
16715,train,16715
16716,train,16716
16717,train,16717
16718,train,16718
16720,train,16720
16721,train,16721
16723,train,16723
16724,train,16724
16725,train,16725
16726,train,16726
16727,train,16727
16728,train,16728
16731,train,16731
16732,train,16732
16733,train,16733
16735,train,16735
16737,train,16737
16739,train,16739
16741,train,16741
16742,train,16742
16743,train,16743
16744,train,16744
16745,train,16745
16746,train,16746
16747,train,16747
16749,train,16749
16750,train,16750
16751,train,16751
16752,train,16752
16753,train,16753
16755,train,16755
16757,train,16757
16758,train,16758
16759,train,16759
16760,train,16760
16761,train,16761
16762,train,16762
16763,train,16763
16764,train,16764
16765,train,16765
16766,train,16766
16767,train,16767
16768,train,16768
16770,train,16770
16771,train,16771
16772,train,16772
16775,train,16775
16776,train,16776
16779,train,16779
16780,train,16780
16781,train,16781
16782,train,16782
16783,train,16783
16785,train,16785
16786,train,16786
16788,train,16788
16791,train,16791
16793,train,16793
16795,train,16795
16798,train,16798
16799,train,16799
16800,train,16800
16801,train,16801
16802,train,16802
16803,train,16803
16804,train,16804
16805,train,16805
16806,train,16806
16807,train,16807
16808,train,16808
16809,train,16809
16810,train,16810
16811,train,16811
16813,train,16813
16814,train,16814
16815,train,16815
16816,train,16816
16819,train,16819
16821,train,16821
16822,train,16822
16823,train,16823
16824,train,16824
16825,train,16825
16826,train,16826
16827,train,16827
16828,train,16828
16830,train,16830
16833,train,16833
16834,train,16834
16837,train,16837
16838,train,16838
16839,train,16839
16840,train,16840
16841,train,16841
16842,train,16842
16843,train,16843
16844,train,16844
16845,train,16845
16846,train,16846
16847,train,16847
16849,train,16849
16850,train,16850
16851,train,16851
16852,train,16852
16853,train,16853
16854,train,16854
16855,train,16855
16856,train,16856
16857,train,16857
16858,train,16858
16859,train,16859
16860,train,16860
16861,train,16861
16862,train,16862
16863,train,16863
16864,train,16864
16865,train,16865
16866,train,16866
16867,train,16867
16868,train,16868
16869,train,16869
16870,train,16870
16871,train,16871
16872,train,16872
16873,train,16873
16874,train,16874
16875,train,16875
16877,train,16877
16878,train,16878
16880,train,16880
16881,train,16881
16882,train,16882
16883,train,16883
16885,train,16885
16886,train,16886
16887,train,16887
16889,train,16889
16891,train,16891
16893,train,16893
16895,train,16895
16898,train,16898
16899,train,16899
16901,train,16901
16903,train,16903
16904,train,16904
16905,train,16905
16907,train,16907
16908,train,16908
16909,train,16909
16910,train,16910
16912,train,16912
16913,train,16913
16914,train,16914
16915,train,16915
16917,train,16917
16918,train,16918
16919,train,16919
16920,train,16920
16921,train,16921
16922,train,16922
16923,train,16923
16924,train,16924
16925,train,16925
16926,train,16926
16928,train,16928
16931,train,16931
16932,train,16932
16933,train,16933
16934,train,16934
16935,train,16935
16936,train,16936
16937,train,16937
16938,train,16938
16939,train,16939
16940,train,16940
16941,train,16941
16942,train,16942
16943,train,16943
16944,train,16944
16946,train,16946
16948,train,16948
16949,train,16949
16950,train,16950
16951,train,16951
16952,train,16952
16953,train,16953
16954,train,16954
16955,train,16955
16956,train,16956
16957,train,16957
16958,train,16958
16959,train,16959
16960,train,16960
16961,train,16961
16962,train,16962
16963,train,16963
16964,train,16964
16965,train,16965
16966,train,16966
16967,train,16967
16968,train,16968
16970,train,16970
16971,train,16971
16972,train,16972
16975,train,16975
16976,train,16976
16977,train,16977
16979,train,16979
16980,train,16980
16981,train,16981
16982,train,16982
16983,train,16983
16984,train,16984
16985,train,16985
16986,train,16986
16987,train,16987
16990,train,16990
16991,train,16991
16992,train,16992
16993,train,16993
16994,train,16994
16995,train,16995
16996,train,16996
16997,train,16997
16998,train,16998
16999,train,16999
17000,train,17000
17001,train,17001
17002,train,17002
17004,train,17004
17005,train,17005
17006,train,17006
17007,train,17007
17008,train,17008
17009,train,17009
17010,train,17010
17011,train,17011
17012,train,17012
17013,train,17013
17014,train,17014
17015,train,17015
17016,train,17016
17017,train,17017
17018,train,17018
17019,train,17019
17020,train,17020
17021,train,17021
17022,train,17022
17023,train,17023
17024,train,17024
17025,train,17025
17026,train,17026
17027,train,17027
17028,train,17028
17029,train,17029
17030,train,17030
17031,train,17031
17032,train,17032
17033,train,17033
17034,train,17034
17035,train,17035
17036,train,17036
17037,train,17037
17038,train,17038
17041,train,17041
17043,train,17043
17045,train,17045
17047,train,17047
17048,train,17048
17050,train,17050
17052,train,17052
17053,train,17053
17054,train,17054
17055,train,17055
17056,train,17056
17057,train,17057
17058,train,17058
17059,train,17059
17060,train,17060
17061,train,17061
17062,train,17062
17065,train,17065
17067,train,17067
17069,train,17069
17070,train,17070
17072,train,17072
17073,train,17073
17074,train,17074
17076,train,17076
17077,train,17077
17078,train,17078
17080,train,17080
17083,train,17083
17084,train,17084
17085,train,17085
17086,train,17086
17087,train,17087
17088,train,17088
17090,train,17090
17091,train,17091
17092,train,17092
17093,train,17093
17094,train,17094
17096,train,17096
17097,train,17097
17098,train,17098
17099,train,17099
17101,train,17101
17102,train,17102
17103,train,17103
17104,train,17104
17105,train,17105
17106,train,17106
17107,train,17107
17109,train,17109
17110,train,17110
17111,train,17111
17114,train,17114
17115,train,17115
17116,train,17116
17117,train,17117
17118,train,17118
17119,train,17119
17120,train,17120
17123,train,17123
17124,train,17124
17125,train,17125
17126,train,17126
17127,train,17127
17128,train,17128
17129,train,17129
17130,train,17130
17131,train,17131
17132,train,17132
17133,train,17133
17135,train,17135
17136,train,17136
17137,train,17137
17138,train,17138
17139,train,17139
17141,train,17141
17142,train,17142
17143,train,17143
17145,train,17145
17146,train,17146
17150,train,17150
17153,train,17153
17154,train,17154
17156,train,17156
17157,train,17157
17158,train,17158
17160,train,17160
17161,train,17161
17162,train,17162
17163,train,17163
17166,train,17166
17167,train,17167
17168,train,17168
17169,train,17169
17171,train,17171
17172,train,17172
17173,train,17173
17174,train,17174
17175,train,17175
17177,train,17177
17178,train,17178
17179,train,17179
17180,train,17180
17182,train,17182
17183,train,17183
17185,train,17185
17186,train,17186
17187,train,17187
17188,train,17188
17189,train,17189
17190,train,17190
17193,train,17193
17194,train,17194
17196,train,17196
17197,train,17197
17198,train,17198
17199,train,17199
17200,train,17200
17201,train,17201
17202,train,17202
17203,train,17203
17204,train,17204
17205,train,17205
17206,train,17206
17207,train,17207
17208,train,17208
17209,train,17209
17210,train,17210
17211,train,17211
17212,train,17212
17214,train,17214
17216,train,17216
17217,train,17217
17218,train,17218
17219,train,17219
17220,train,17220
17221,train,17221
17222,train,17222
17223,train,17223
17224,train,17224
17225,train,17225
17226,train,17226
17227,train,17227
17228,train,17228
17230,train,17230
17231,train,17231
17232,train,17232
17233,train,17233
17235,train,17235
17236,train,17236
17237,train,17237
17238,train,17238
17240,train,17240
17241,train,17241
17242,train,17242
17244,train,17244
17247,train,17247
17248,train,17248
17249,train,17249
17250,train,17250
17251,train,17251
17252,train,17252
17255,train,17255
17256,train,17256
17257,train,17257
17258,train,17258
17259,train,17259
17261,train,17261
17263,train,17263
17264,train,17264
17265,train,17265
17266,train,17266
17267,train,17267
17268,train,17268
17269,train,17269
17270,train,17270
17271,train,17271
17273,train,17273
17275,train,17275
17277,train,17277
17278,train,17278
17279,train,17279
17280,train,17280
17281,train,17281
17282,train,17282
17283,train,17283
17284,train,17284
17285,train,17285
17286,train,17286
17287,train,17287
17289,train,17289
17290,train,17290
17291,train,17291
17292,train,17292
17294,train,17294
17295,train,17295
17298,train,17298
17299,train,17299
17300,train,17300
17301,train,17301
17303,train,17303
17304,train,17304
17305,train,17305
17307,train,17307
17308,train,17308
17309,train,17309
17310,train,17310
17311,train,17311
17313,train,17313
17314,train,17314
17315,train,17315
17316,train,17316
17317,train,17317
17320,train,17320
17321,train,17321
17322,train,17322
17324,train,17324
17325,train,17325
17326,train,17326
17327,train,17327
17328,train,17328
17329,train,17329
17330,train,17330
17331,train,17331
17333,train,17333
17334,train,17334
17335,train,17335
17336,train,17336
17337,train,17337
17338,train,17338
17341,train,17341
17342,train,17342
17344,train,17344
17345,train,17345
17346,train,17346
17347,train,17347
17348,train,17348
17349,train,17349
17350,train,17350
17351,train,17351
17353,train,17353
17354,train,17354
17356,train,17356
17357,train,17357
17358,train,17358
17359,train,17359
17361,train,17361
17362,train,17362
17364,train,17364
17365,train,17365
17366,train,17366
17367,train,17367
17368,train,17368
17369,train,17369
17370,train,17370
17371,train,17371
17373,train,17373
17374,train,17374
17376,train,17376
17377,train,17377
17379,train,17379
17380,train,17380
17382,train,17382
17384,train,17384
17385,train,17385
17387,train,17387
17388,train,17388
17390,train,17390
17392,train,17392
17393,train,17393
17394,train,17394
17395,train,17395
17396,train,17396
17397,train,17397
17398,train,17398
17399,train,17399
17400,train,17400
17401,train,17401
17402,train,17402
17403,train,17403
17404,train,17404
17405,train,17405
17406,train,17406
17407,train,17407
17408,train,17408
17410,train,17410
17411,train,17411
17412,train,17412
17413,train,17413
17414,train,17414
17415,train,17415
17416,train,17416
17417,train,17417
17418,train,17418
17420,train,17420
17421,train,17421
17422,train,17422
17424,train,17424
17425,train,17425
17426,train,17426
17427,train,17427
17428,train,17428
17429,train,17429
17430,train,17430
17431,train,17431
17432,train,17432
17433,train,17433
17434,train,17434
17435,train,17435
17436,train,17436
17437,train,17437
17438,train,17438
17439,train,17439
17441,train,17441
17442,train,17442
17443,train,17443
17444,train,17444
17445,train,17445
17446,train,17446
17447,train,17447
17448,train,17448
17449,train,17449
17450,train,17450
17451,train,17451
17452,train,17452
17454,train,17454
17455,train,17455
17457,train,17457
17459,train,17459
17460,train,17460
17461,train,17461
17462,train,17462
17463,train,17463
17464,train,17464
17466,train,17466
17467,train,17467
17468,train,17468
17469,train,17469
17470,train,17470
17473,train,17473
17475,train,17475
17476,train,17476
17477,train,17477
17480,train,17480
17481,train,17481
17482,train,17482
17483,train,17483
17484,train,17484
17485,train,17485
17486,train,17486
17487,train,17487
17488,train,17488
17492,train,17492
17493,train,17493
17494,train,17494
17495,train,17495
17496,train,17496
17497,train,17497
17498,train,17498
17499,train,17499
17500,train,17500
17502,train,17502
17503,train,17503
17504,train,17504
17505,train,17505
17507,train,17507
17510,train,17510
17511,train,17511
17512,train,17512
17513,train,17513
17514,train,17514
17516,train,17516
17517,train,17517
17518,train,17518
17519,train,17519
17520,train,17520
17521,train,17521
17522,train,17522
17523,train,17523
17524,train,17524
17526,train,17526
17527,train,17527
17528,train,17528
17529,train,17529
17530,train,17530
17531,train,17531
17533,train,17533
17534,train,17534
17535,train,17535
17537,train,17537
17538,train,17538
17539,train,17539
17541,train,17541
17542,train,17542
17544,train,17544
17545,train,17545
17546,train,17546
17547,train,17547
17548,train,17548
17549,train,17549
17550,train,17550
17551,train,17551
17552,train,17552
17553,train,17553
17554,train,17554
17555,train,17555
17556,train,17556
17557,train,17557
17558,train,17558
17559,train,17559
17560,train,17560
17561,train,17561
17562,train,17562
17563,train,17563
17565,train,17565
17566,train,17566
17567,train,17567
17569,train,17569
17570,train,17570
17571,train,17571
17572,train,17572
17573,train,17573
17574,train,17574
17575,train,17575
17576,train,17576
17577,train,17577
17578,train,17578
17579,train,17579
17581,train,17581
17582,train,17582
17583,train,17583
17586,train,17586
17587,train,17587
17588,train,17588
17591,train,17591
17592,train,17592
17593,train,17593
17594,train,17594
17596,train,17596
17597,train,17597
17598,train,17598
17599,train,17599
17600,train,17600
17601,train,17601
17602,train,17602
17604,train,17604
17605,train,17605
17606,train,17606
17607,train,17607
17609,train,17609
17611,train,17611
17612,train,17612
17613,train,17613
17615,train,17615
17616,train,17616
17617,train,17617
17618,train,17618
17619,train,17619
17620,train,17620
17621,train,17621
17622,train,17622
17623,train,17623
17624,train,17624
17626,train,17626
17628,train,17628
17629,train,17629
17630,train,17630
17631,train,17631
17633,train,17633
17634,train,17634
17635,train,17635
17636,train,17636
17638,train,17638
17639,train,17639
17640,train,17640
17641,train,17641
17642,train,17642
17643,train,17643
17645,train,17645
17647,train,17647
17648,train,17648
17650,train,17650
17652,train,17652
17653,train,17653
17654,train,17654
17655,train,17655
17656,train,17656
17658,train,17658
17661,train,17661
17664,train,17664
17665,train,17665
17666,train,17666
17667,train,17667
17670,train,17670
17671,train,17671
17672,train,17672
17673,train,17673
17674,train,17674
17675,train,17675
17676,train,17676
17677,train,17677
17678,train,17678
17679,train,17679
17680,train,17680
17681,train,17681
17682,train,17682
17683,train,17683
17687,train,17687
17688,train,17688
17689,train,17689
17691,train,17691
17692,train,17692
17693,train,17693
17694,train,17694
17695,train,17695
17696,train,17696
17698,train,17698
17700,train,17700
17702,train,17702
17703,train,17703
17705,train,17705
17706,train,17706
17707,train,17707
17708,train,17708
17709,train,17709
17711,train,17711
17712,train,17712
17713,train,17713
17714,train,17714
17715,train,17715
17716,train,17716
17717,train,17717
17718,train,17718
17719,train,17719
17720,train,17720
17721,train,17721
17722,train,17722
17723,train,17723
17725,train,17725
17726,train,17726
17727,train,17727
17728,train,17728
17729,train,17729
17730,train,17730
17731,train,17731
17732,train,17732
17733,train,17733
17734,train,17734
17735,train,17735
17736,train,17736
17737,train,17737
17738,train,17738
17739,train,17739
17740,train,17740
17741,train,17741
17742,train,17742
17743,train,17743
17744,train,17744
17746,train,17746
17747,train,17747
17749,train,17749
17750,train,17750
17751,train,17751
17752,train,17752
17754,train,17754
17755,train,17755
17756,train,17756
17757,train,17757
17759,train,17759
17760,train,17760
17762,train,17762
17763,train,17763
17764,train,17764
17766,train,17766
17767,train,17767
17768,train,17768
17769,train,17769
17770,train,17770
17771,train,17771
17772,train,17772
17773,train,17773
17774,train,17774
17775,train,17775
17776,train,17776
17777,train,17777
17778,train,17778
17780,train,17780
17782,train,17782
17783,train,17783
17784,train,17784
17785,train,17785
17787,train,17787
17788,train,17788
17789,train,17789
17790,train,17790
17791,train,17791
17792,train,17792
17793,train,17793
17794,train,17794
17795,train,17795
17796,train,17796
17797,train,17797
17798,train,17798
17800,train,17800
17801,train,17801
17802,train,17802
17803,train,17803
17804,train,17804
17805,train,17805
17806,train,17806
17807,train,17807
17809,train,17809
17810,train,17810
17811,train,17811
17813,train,17813
17814,train,17814
17815,train,17815
17816,train,17816
17817,train,17817
17819,train,17819
17820,train,17820
17821,train,17821
17822,train,17822
17824,train,17824
17825,train,17825
17826,train,17826
17827,train,17827
17828,train,17828
17830,train,17830
17831,train,17831
17832,train,17832
17833,train,17833
17834,train,17834
17835,train,17835
17836,train,17836
17837,train,17837
17838,train,17838
17839,train,17839
17840,train,17840
17841,train,17841
17843,train,17843
17844,train,17844
17845,train,17845
17846,train,17846
17847,train,17847
17848,train,17848
17849,train,17849
17850,train,17850
17852,train,17852
17853,train,17853
17854,train,17854
17855,train,17855
17857,train,17857
17858,train,17858
17859,train,17859
17860,train,17860
17861,train,17861
17863,train,17863
17864,train,17864
17865,train,17865
17866,train,17866
17867,train,17867
17868,train,17868
17869,train,17869
17870,train,17870
17871,train,17871
17874,train,17874
17876,train,17876
17877,train,17877
17880,train,17880
17882,train,17882
17883,train,17883
17885,train,17885
17886,train,17886
17887,train,17887
17888,train,17888
17889,train,17889
17890,train,17890
17891,train,17891
17892,train,17892
17893,train,17893
17894,train,17894
17895,train,17895
17896,train,17896
17897,train,17897
17898,train,17898
17900,train,17900
17901,train,17901
17903,train,17903
17904,train,17904
17905,train,17905
17906,train,17906
17907,train,17907
17909,train,17909
17910,train,17910
17911,train,17911
17912,train,17912
17913,train,17913
17914,train,17914
17915,train,17915
17916,train,17916
17917,train,17917
17918,train,17918
17919,train,17919
17920,train,17920
17921,train,17921
17922,train,17922
17923,train,17923
17925,train,17925
17926,train,17926
17927,train,17927
17928,train,17928
17929,train,17929
17931,train,17931
17932,train,17932
17933,train,17933
17934,train,17934
17937,train,17937
17938,train,17938
17939,train,17939
17940,train,17940
17941,train,17941
17942,train,17942
17943,train,17943
17944,train,17944
17945,train,17945
17946,train,17946
17947,train,17947
17948,train,17948
17949,train,17949
17950,train,17950
17952,train,17952
17953,train,17953
17954,train,17954
17955,train,17955
17956,train,17956
17957,train,17957
17958,train,17958
17959,train,17959
17960,train,17960
17961,train,17961
17962,train,17962
17963,train,17963
17964,train,17964
17966,train,17966
17967,train,17967
17969,train,17969
17971,train,17971
17972,train,17972
17973,train,17973
17974,train,17974
17975,train,17975
17976,train,17976
17979,train,17979
17980,train,17980
17981,train,17981
17982,train,17982
17983,train,17983
17984,train,17984
17985,train,17985
17986,train,17986
17987,train,17987
17988,train,17988
17989,train,17989
17990,train,17990
17991,train,17991
17992,train,17992
17993,train,17993
17994,train,17994
17995,train,17995
17996,train,17996
17997,train,17997
17999,train,17999
18000,train,18000
18001,train,18001
18003,train,18003
18004,train,18004
18005,train,18005
18006,train,18006
18007,train,18007
18008,train,18008
18010,train,18010
18012,train,18012
18013,train,18013
18014,train,18014
18015,train,18015
18017,train,18017
18018,train,18018
18019,train,18019
18020,train,18020
18021,train,18021
18022,train,18022
18023,train,18023
18024,train,18024
18025,train,18025
18027,train,18027
18028,train,18028
18031,train,18031
18032,train,18032
18033,train,18033
18034,train,18034
18036,train,18036
18037,train,18037
18038,train,18038
18039,train,18039
18040,train,18040
18043,train,18043
18044,train,18044
18047,train,18047
18048,train,18048
18049,train,18049
18050,train,18050
18051,train,18051
18052,train,18052
18053,train,18053
18056,train,18056
18057,train,18057
18058,train,18058
18060,train,18060
18061,train,18061
18062,train,18062
18064,train,18064
18065,train,18065
18066,train,18066
18067,train,18067
18069,train,18069
18070,train,18070
18071,train,18071
18072,train,18072
18073,train,18073
18075,train,18075
18076,train,18076
18077,train,18077
18078,train,18078
18079,train,18079
18081,train,18081
18082,train,18082
18083,train,18083
18084,train,18084
18085,train,18085
18086,train,18086
18087,train,18087
18088,train,18088
18090,train,18090
18091,train,18091
18092,train,18092
18093,train,18093
18094,train,18094
18098,train,18098
18099,train,18099
18100,train,18100
18102,train,18102
18103,train,18103
18104,train,18104
18106,train,18106
18108,train,18108
18110,train,18110
18111,train,18111
18113,train,18113
18114,train,18114
18115,train,18115
18116,train,18116
18119,train,18119
18121,train,18121
18122,train,18122
18124,train,18124
18125,train,18125
18126,train,18126
18127,train,18127
18128,train,18128
18129,train,18129
18130,train,18130
18131,train,18131
18132,train,18132
18133,train,18133
18134,train,18134
18135,train,18135
18136,train,18136
18138,train,18138
18139,train,18139
18140,train,18140
18141,train,18141
18142,train,18142
18143,train,18143
18144,train,18144
18145,train,18145
18146,train,18146
18147,train,18147
18148,train,18148
18149,train,18149
18150,train,18150
18151,train,18151
18153,train,18153
18154,train,18154
18155,train,18155
18156,train,18156
18157,train,18157
18158,train,18158
18159,train,18159
18160,train,18160
18161,train,18161
18162,train,18162
18164,train,18164
18165,train,18165
18166,train,18166
18167,train,18167
18168,train,18168
18169,train,18169
18170,train,18170
18171,train,18171
18172,train,18172
18173,train,18173
18174,train,18174
18175,train,18175
18176,train,18176
18177,train,18177
18178,train,18178
18179,train,18179
18180,train,18180
18181,train,18181
18182,train,18182
18183,train,18183
18184,train,18184
18186,train,18186
18187,train,18187
18188,train,18188
18189,train,18189
18190,train,18190
18191,train,18191
18193,train,18193
18195,train,18195
18196,train,18196
18197,train,18197
18198,train,18198
18199,train,18199
18200,train,18200
18201,train,18201
18203,train,18203
18205,train,18205
18206,train,18206
18207,train,18207
18208,train,18208
18210,train,18210
18211,train,18211
18213,train,18213
18214,train,18214
18215,train,18215
18216,train,18216
18217,train,18217
18218,train,18218
18220,train,18220
18221,train,18221
18222,train,18222
18223,train,18223
18224,train,18224
18225,train,18225
18227,train,18227
18228,train,18228
18230,train,18230
18231,train,18231
18233,train,18233
18234,train,18234
18235,train,18235
18236,train,18236
18237,train,18237
18238,train,18238
18239,train,18239
18240,train,18240
18241,train,18241
18242,train,18242
18243,train,18243
18244,train,18244
18245,train,18245
18246,train,18246
18247,train,18247
18248,train,18248
18249,train,18249
18250,train,18250
18251,train,18251
18252,train,18252
18253,train,18253
18254,train,18254
18256,train,18256
18258,train,18258
18259,train,18259
18260,train,18260
18261,train,18261
18262,train,18262
18263,train,18263
18264,train,18264
18265,train,18265
18266,train,18266
18267,train,18267
18268,train,18268
18269,train,18269
18271,train,18271
18272,train,18272
18273,train,18273
18274,train,18274
18275,train,18275
18276,train,18276
18277,train,18277
18278,train,18278
18280,train,18280
18282,train,18282
18284,train,18284
18285,train,18285
18286,train,18286
18287,train,18287
18288,train,18288
18289,train,18289
18290,train,18290
18291,train,18291
18295,train,18295
18296,train,18296
18297,train,18297
18298,train,18298
18300,train,18300
18302,train,18302
18304,train,18304
18305,train,18305
18307,train,18307
18308,train,18308
18309,train,18309
18310,train,18310
18311,train,18311
18312,train,18312
18313,train,18313
18314,train,18314
18315,train,18315
18316,train,18316
18317,train,18317
18318,train,18318
18320,train,18320
18321,train,18321
18322,train,18322
18324,train,18324
18325,train,18325
18326,train,18326
18327,train,18327
18328,train,18328
18329,train,18329
18330,train,18330
18331,train,18331
18332,train,18332
18333,train,18333
18334,train,18334
18335,train,18335
18336,train,18336
18337,train,18337
18338,train,18338
18339,train,18339
18340,train,18340
18341,train,18341
18342,train,18342
18343,train,18343
18344,train,18344
18345,train,18345
18346,train,18346
18347,train,18347
18349,train,18349
18350,train,18350
18351,train,18351
18352,train,18352
1,heldout,1
4,heldout,4
8,heldout,8
10,heldout,10
34,heldout,34
45,heldout,45
58,heldout,58
61,heldout,61
62,heldout,62
65,heldout,65
78,heldout,78
81,heldout,81
82,heldout,82
91,heldout,91
97,heldout,97
102,heldout,102
103,heldout,103
106,heldout,106
111,heldout,111
112,heldout,112
117,heldout,117
122,heldout,122
125,heldout,125
131,heldout,131
134,heldout,134
137,heldout,137
138,heldout,138
142,heldout,142
147,heldout,147
148,heldout,148
149,heldout,149
170,heldout,170
175,heldout,175
177,heldout,177
178,heldout,178
179,heldout,179
191,heldout,191
207,heldout,207
217,heldout,217
228,heldout,228
232,heldout,232
238,heldout,238
242,heldout,242
247,heldout,247
250,heldout,250
251,heldout,251
258,heldout,258
264,heldout,264
268,heldout,268
277,heldout,277
294,heldout,294
295,heldout,295
306,heldout,306
307,heldout,307
312,heldout,312
314,heldout,314
322,heldout,322
326,heldout,326
332,heldout,332
333,heldout,333
341,heldout,341
343,heldout,343
346,heldout,346
347,heldout,347
349,heldout,349
356,heldout,356
359,heldout,359
360,heldout,360
365,heldout,365
369,heldout,369
371,heldout,371
378,heldout,378
384,heldout,384
391,heldout,391
398,heldout,398
401,heldout,401
406,heldout,406
407,heldout,407
408,heldout,408
410,heldout,410
412,heldout,412
417,heldout,417
421,heldout,421
422,heldout,422
431,heldout,431
440,heldout,440
441,heldout,441
442,heldout,442
448,heldout,448
450,heldout,450
454,heldout,454
456,heldout,456
460,heldout,460
461,heldout,461
469,heldout,469
471,heldout,471
472,heldout,472
482,heldout,482
483,heldout,483
493,heldout,493
495,heldout,495
502,heldout,502
508,heldout,508
510,heldout,510
514,heldout,514
516,heldout,516
521,heldout,521
527,heldout,527
539,heldout,539
540,heldout,540
542,heldout,542
548,heldout,548
561,heldout,561
568,heldout,568
580,heldout,580
590,heldout,590
595,heldout,595
596,heldout,596
599,heldout,599
604,heldout,604
607,heldout,607
622,heldout,622
623,heldout,623
630,heldout,630
631,heldout,631
649,heldout,649
669,heldout,669
674,heldout,674
689,heldout,689
692,heldout,692
694,heldout,694
696,heldout,696
709,heldout,709
710,heldout,710
714,heldout,714
719,heldout,719
722,heldout,722
723,heldout,723
725,heldout,725
741,heldout,741
751,heldout,751
755,heldout,755
758,heldout,758
760,heldout,760
762,heldout,762
769,heldout,769
776,heldout,776
777,heldout,777
784,heldout,784
788,heldout,788
790,heldout,790
791,heldout,791
795,heldout,795
809,heldout,809
814,heldout,814
823,heldout,823
834,heldout,834
837,heldout,837
838,heldout,838
842,heldout,842
846,heldout,846
853,heldout,853
862,heldout,862
867,heldout,867
873,heldout,873
874,heldout,874
876,heldout,876
884,heldout,884
889,heldout,889
899,heldout,899
900,heldout,900
907,heldout,907
909,heldout,909
913,heldout,913
946,heldout,946
947,heldout,947
949,heldout,949
950,heldout,950
955,heldout,955
957,heldout,957
960,heldout,960
962,heldout,962
963,heldout,963
964,heldout,964
966,heldout,966
968,heldout,968
970,heldout,970
983,heldout,983
988,heldout,988
996,heldout,996
1005,heldout,1005
1008,heldout,1008
1010,heldout,1010
1011,heldout,1011
1022,heldout,1022
1029,heldout,1029
1032,heldout,1032
1033,heldout,1033
1040,heldout,1040
1044,heldout,1044
1045,heldout,1045
1047,heldout,1047
1048,heldout,1048
1049,heldout,1049
1052,heldout,1052
1061,heldout,1061
1062,heldout,1062
1063,heldout,1063
1075,heldout,1075
1082,heldout,1082
1084,heldout,1084
1087,heldout,1087
1097,heldout,1097
1099,heldout,1099
1100,heldout,1100
1131,heldout,1131
1133,heldout,1133
1141,heldout,1141
1144,heldout,1144
1145,heldout,1145
1148,heldout,1148
1176,heldout,1176
1178,heldout,1178
1184,heldout,1184
1185,heldout,1185
1188,heldout,1188
1191,heldout,1191
1193,heldout,1193
1195,heldout,1195
1199,heldout,1199
1205,heldout,1205
1206,heldout,1206
1214,heldout,1214
1219,heldout,1219
1221,heldout,1221
1228,heldout,1228
1230,heldout,1230
1231,heldout,1231
1244,heldout,1244
1252,heldout,1252
1253,heldout,1253
1272,heldout,1272
1274,heldout,1274
1277,heldout,1277
1290,heldout,1290
1300,heldout,1300
1307,heldout,1307
1309,heldout,1309
1310,heldout,1310
1321,heldout,1321
1324,heldout,1324
1327,heldout,1327
1329,heldout,1329
1331,heldout,1331
1332,heldout,1332
1335,heldout,1335
1344,heldout,1344
1346,heldout,1346
1355,heldout,1355
1358,heldout,1358
1361,heldout,1361
1365,heldout,1365
1368,heldout,1368
1374,heldout,1374
1376,heldout,1376
1377,heldout,1377
1378,heldout,1378
1381,heldout,1381
1383,heldout,1383
1403,heldout,1403
1405,heldout,1405
1406,heldout,1406
1410,heldout,1410
1415,heldout,1415
1421,heldout,1421
1423,heldout,1423
1426,heldout,1426
1427,heldout,1427
1433,heldout,1433
1437,heldout,1437
1441,heldout,1441
1442,heldout,1442
1448,heldout,1448
1462,heldout,1462
1463,heldout,1463
1470,heldout,1470
1472,heldout,1472
1475,heldout,1475
1478,heldout,1478
1482,heldout,1482
1488,heldout,1488
1492,heldout,1492
1498,heldout,1498
1508,heldout,1508
1516,heldout,1516
1521,heldout,1521
1533,heldout,1533
1541,heldout,1541
1543,heldout,1543
1550,heldout,1550
1556,heldout,1556
1567,heldout,1567
1574,heldout,1574
1579,heldout,1579
1583,heldout,1583
1585,heldout,1585
1587,heldout,1587
1588,heldout,1588
1594,heldout,1594
1597,heldout,1597
1598,heldout,1598
1604,heldout,1604
1609,heldout,1609
1610,heldout,1610
1617,heldout,1617
1624,heldout,1624
1625,heldout,1625
1626,heldout,1626
1644,heldout,1644
1647,heldout,1647
1652,heldout,1652
1662,heldout,1662
1663,heldout,1663
1666,heldout,1666
1673,heldout,1673
1681,heldout,1681
1683,heldout,1683
1688,heldout,1688
1689,heldout,1689
1697,heldout,1697
1698,heldout,1698
1700,heldout,1700
1701,heldout,1701
1712,heldout,1712
1713,heldout,1713
1721,heldout,1721
1725,heldout,1725
1741,heldout,1741
1752,heldout,1752
1754,heldout,1754
1766,heldout,1766
1770,heldout,1770
1772,heldout,1772
1775,heldout,1775
1780,heldout,1780
1793,heldout,1793
1796,heldout,1796
1799,heldout,1799
1806,heldout,1806
1808,heldout,1808
1812,heldout,1812
1813,heldout,1813
1816,heldout,1816
1817,heldout,1817
1824,heldout,1824
1829,heldout,1829
1835,heldout,1835
1838,heldout,1838
1840,heldout,1840
1845,heldout,1845
1856,heldout,1856
1857,heldout,1857
1861,heldout,1861
1877,heldout,1877
1878,heldout,1878
1880,heldout,1880
1887,heldout,1887
1888,heldout,1888
1897,heldout,1897
1899,heldout,1899
1917,heldout,1917
1918,heldout,1918
1929,heldout,1929
1935,heldout,1935
1938,heldout,1938
1939,heldout,1939
1941,heldout,1941
1951,heldout,1951
1953,heldout,1953
1966,heldout,1966
1967,heldout,1967
1969,heldout,1969
1975,heldout,1975
1983,heldout,1983
1984,heldout,1984
1985,heldout,1985
1986,heldout,1986
1996,heldout,1996
1997,heldout,1997
1998,heldout,1998
2000,heldout,2000
2004,heldout,2004
2010,heldout,2010
2016,heldout,2016
2027,heldout,2027
2028,heldout,2028
2032,heldout,2032
2037,heldout,2037
2039,heldout,2039
2049,heldout,2049
2054,heldout,2054
2060,heldout,2060
2074,heldout,2074
2081,heldout,2081
2086,heldout,2086
2090,heldout,2090
2094,heldout,2094
2103,heldout,2103
2107,heldout,2107
2109,heldout,2109
2117,heldout,2117
2126,heldout,2126
2128,heldout,2128
2143,heldout,2143
2144,heldout,2144
2145,heldout,2145
2151,heldout,2151
2152,heldout,2152
2162,heldout,2162
2163,heldout,2163
2165,heldout,2165
2166,heldout,2166
2175,heldout,2175
2177,heldout,2177
2178,heldout,2178
2182,heldout,2182
2184,heldout,2184
2195,heldout,2195
2202,heldout,2202
2204,heldout,2204
2208,heldout,2208
2209,heldout,2209
2214,heldout,2214
2221,heldout,2221
2226,heldout,2226
2228,heldout,2228
2232,heldout,2232
2243,heldout,2243
2246,heldout,2246
2252,heldout,2252
2253,heldout,2253
2255,heldout,2255
2258,heldout,2258
2262,heldout,2262
2263,heldout,2263
2264,heldout,2264
2266,heldout,2266
2280,heldout,2280
2283,heldout,2283
2284,heldout,2284
2288,heldout,2288
2292,heldout,2292
2296,heldout,2296
2299,heldout,2299
2303,heldout,2303
2306,heldout,2306
2310,heldout,2310
2314,heldout,2314
2315,heldout,2315
2318,heldout,2318
2320,heldout,2320
2322,heldout,2322
2326,heldout,2326
2334,heldout,2334
2345,heldout,2345
2346,heldout,2346
2347,heldout,2347
2350,heldout,2350
2360,heldout,2360
2361,heldout,2361
2367,heldout,2367
2369,heldout,2369
2370,heldout,2370
2376,heldout,2376
2381,heldout,2381
2383,heldout,2383
2385,heldout,2385
2396,heldout,2396
2420,heldout,2420
2422,heldout,2422
2451,heldout,2451
2455,heldout,2455
2456,heldout,2456
2458,heldout,2458
2460,heldout,2460
2463,heldout,2463
2464,heldout,2464
2473,heldout,2473
2491,heldout,2491
2498,heldout,2498
2502,heldout,2502
2504,heldout,2504
2506,heldout,2506
2513,heldout,2513
2516,heldout,2516
2519,heldout,2519
2522,heldout,2522
2530,heldout,2530
2531,heldout,2531
2533,heldout,2533
2540,heldout,2540
2546,heldout,2546
2548,heldout,2548
2550,heldout,2550
2555,heldout,2555
2559,heldout,2559
2564,heldout,2564
2566,heldout,2566
2568,heldout,2568
2569,heldout,2569
2572,heldout,2572
2573,heldout,2573
2575,heldout,2575
2578,heldout,2578
2579,heldout,2579
2581,heldout,2581
2583,heldout,2583
2594,heldout,2594
2606,heldout,2606
2612,heldout,2612
2618,heldout,2618
2627,heldout,2627
2630,heldout,2630
2635,heldout,2635
2639,heldout,2639
2642,heldout,2642
2643,heldout,2643
2647,heldout,2647
2655,heldout,2655
2656,heldout,2656
2661,heldout,2661
2663,heldout,2663
2691,heldout,2691
2692,heldout,2692
2693,heldout,2693
2703,heldout,2703
2704,heldout,2704
2716,heldout,2716
2719,heldout,2719
2722,heldout,2722
2728,heldout,2728
2732,heldout,2732
2735,heldout,2735
2741,heldout,2741
2747,heldout,2747
2751,heldout,2751
2752,heldout,2752
2755,heldout,2755
2757,heldout,2757
2760,heldout,2760
2767,heldout,2767
2769,heldout,2769
2773,heldout,2773
2777,heldout,2777
2789,heldout,2789
2794,heldout,2794
2799,heldout,2799
2801,heldout,2801
2804,heldout,2804
2806,heldout,2806
2813,heldout,2813
2818,heldout,2818
2823,heldout,2823
2827,heldout,2827
2831,heldout,2831
2834,heldout,2834
2835,heldout,2835
2836,heldout,2836
2843,heldout,2843
2844,heldout,2844
2846,heldout,2846
2849,heldout,2849
2850,heldout,2850
2853,heldout,2853
2857,heldout,2857
2858,heldout,2858
2861,heldout,2861
2876,heldout,2876
2879,heldout,2879
2884,heldout,2884
2901,heldout,2901
2902,heldout,2902
2908,heldout,2908
2915,heldout,2915
2920,heldout,2920
2921,heldout,2921
2924,heldout,2924
2927,heldout,2927
2931,heldout,2931
2934,heldout,2934
2935,heldout,2935
2936,heldout,2936
2938,heldout,2938
2947,heldout,2947
2948,heldout,2948
2950,heldout,2950
2951,heldout,2951
2956,heldout,2956
2957,heldout,2957
2961,heldout,2961
2965,heldout,2965
2974,heldout,2974
2975,heldout,2975
2991,heldout,2991
2995,heldout,2995
3001,heldout,3001
3009,heldout,3009
3011,heldout,3011
3016,heldout,3016
3017,heldout,3017
3034,heldout,3034
3036,heldout,3036
3046,heldout,3046
3051,heldout,3051
3060,heldout,3060
3068,heldout,3068
3082,heldout,3082
3087,heldout,3087
3095,heldout,3095
3103,heldout,3103
3104,heldout,3104
3114,heldout,3114
3117,heldout,3117
3126,heldout,3126
3128,heldout,3128
3138,heldout,3138
3145,heldout,3145
3151,heldout,3151
3152,heldout,3152
3157,heldout,3157
3158,heldout,3158
3159,heldout,3159
3166,heldout,3166
3170,heldout,3170
3173,heldout,3173
3174,heldout,3174
3182,heldout,3182
3187,heldout,3187
3192,heldout,3192
3198,heldout,3198
3213,heldout,3213
3220,heldout,3220
3222,heldout,3222
3223,heldout,3223
3225,heldout,3225
3231,heldout,3231
3238,heldout,3238
3253,heldout,3253
3254,heldout,3254
3256,heldout,3256
3260,heldout,3260
3275,heldout,3275
3278,heldout,3278
3290,heldout,3290
3295,heldout,3295
3301,heldout,3301
3308,heldout,3308
3311,heldout,3311
3313,heldout,3313
3315,heldout,3315
3318,heldout,3318
3326,heldout,3326
3331,heldout,3331
3335,heldout,3335
3339,heldout,3339
3347,heldout,3347
3351,heldout,3351
3362,heldout,3362
3365,heldout,3365
3367,heldout,3367
3371,heldout,3371
3372,heldout,3372
3401,heldout,3401
3405,heldout,3405
3419,heldout,3419
3420,heldout,3420
3426,heldout,3426
3437,heldout,3437
3439,heldout,3439
3450,heldout,3450
3463,heldout,3463
3473,heldout,3473
3477,heldout,3477
3478,heldout,3478
3484,heldout,3484
3485,heldout,3485
3486,heldout,3486
3500,heldout,3500
3510,heldout,3510
3514,heldout,3514
3515,heldout,3515
3517,heldout,3517
3521,heldout,3521
3527,heldout,3527
3528,heldout,3528
3529,heldout,3529
3532,heldout,3532
3535,heldout,3535
3548,heldout,3548
3550,heldout,3550
3555,heldout,3555
3556,heldout,3556
3558,heldout,3558
3569,heldout,3569
3577,heldout,3577
3578,heldout,3578
3585,heldout,3585
3590,heldout,3590
3595,heldout,3595
3597,heldout,3597
3598,heldout,3598
3610,heldout,3610
3615,heldout,3615
3617,heldout,3617
3618,heldout,3618
3623,heldout,3623
3637,heldout,3637
3643,heldout,3643
3680,heldout,3680
3683,heldout,3683
3684,heldout,3684
3686,heldout,3686
3687,heldout,3687
3691,heldout,3691
3694,heldout,3694
3699,heldout,3699
3703,heldout,3703
3705,heldout,3705
3714,heldout,3714
3716,heldout,3716
3720,heldout,3720
3721,heldout,3721
3723,heldout,3723
3730,heldout,3730
3731,heldout,3731
3739,heldout,3739
3740,heldout,3740
3750,heldout,3750
3757,heldout,3757
3764,heldout,3764
3769,heldout,3769
3771,heldout,3771
3774,heldout,3774
3781,heldout,3781
3792,heldout,3792
3795,heldout,3795
3798,heldout,3798
3799,heldout,3799
3808,heldout,3808
3818,heldout,3818
3820,heldout,3820
3833,heldout,3833
3834,heldout,3834
3835,heldout,3835
3843,heldout,3843
3845,heldout,3845
3851,heldout,3851
3863,heldout,3863
3864,heldout,3864
3868,heldout,3868
3880,heldout,3880
3882,heldout,3882
3885,heldout,3885
3886,heldout,3886
3893,heldout,3893
3896,heldout,3896
3897,heldout,3897
3901,heldout,3901
3908,heldout,3908
3909,heldout,3909
3912,heldout,3912
3915,heldout,3915
3919,heldout,3919
3922,heldout,3922
3924,heldout,3924
3931,heldout,3931
3939,heldout,3939
3941,heldout,3941
3942,heldout,3942
3945,heldout,3945
3947,heldout,3947
3952,heldout,3952
3953,heldout,3953
3960,heldout,3960
3966,heldout,3966
3969,heldout,3969
3970,heldout,3970
3977,heldout,3977
3997,heldout,3997
4000,heldout,4000
4001,heldout,4001
4010,heldout,4010
4017,heldout,4017
4022,heldout,4022
4040,heldout,4040
4042,heldout,4042
4045,heldout,4045
4056,heldout,4056
4060,heldout,4060
4061,heldout,4061
4066,heldout,4066
4075,heldout,4075
4078,heldout,4078
4080,heldout,4080
4081,heldout,4081
4082,heldout,4082
4084,heldout,4084
4088,heldout,4088
4089,heldout,4089
4092,heldout,4092
4093,heldout,4093
4097,heldout,4097
4112,heldout,4112
4118,heldout,4118
4119,heldout,4119
4120,heldout,4120
4127,heldout,4127
4129,heldout,4129
4131,heldout,4131
4138,heldout,4138
4139,heldout,4139
4144,heldout,4144
4145,heldout,4145
4147,heldout,4147
4151,heldout,4151
4161,heldout,4161
4162,heldout,4162
4163,heldout,4163
4170,heldout,4170
4171,heldout,4171
4172,heldout,4172
4173,heldout,4173
4180,heldout,4180
4187,heldout,4187
4190,heldout,4190
4195,heldout,4195
4198,heldout,4198
4204,heldout,4204
4205,heldout,4205
4212,heldout,4212
4218,heldout,4218
4222,heldout,4222
4232,heldout,4232
4243,heldout,4243
4253,heldout,4253
4256,heldout,4256
4269,heldout,4269
4281,heldout,4281
4292,heldout,4292
4295,heldout,4295
4314,heldout,4314
4316,heldout,4316
4322,heldout,4322
4323,heldout,4323
4324,heldout,4324
4325,heldout,4325
4326,heldout,4326
4330,heldout,4330
4332,heldout,4332
4340,heldout,4340
4343,heldout,4343
4346,heldout,4346
4351,heldout,4351
4357,heldout,4357
4359,heldout,4359
4360,heldout,4360
4364,heldout,4364
4366,heldout,4366
4373,heldout,4373
4381,heldout,4381
4383,heldout,4383
4394,heldout,4394
4396,heldout,4396
4399,heldout,4399
4404,heldout,4404
4414,heldout,4414
4415,heldout,4415
4428,heldout,4428
4429,heldout,4429
4436,heldout,4436
4438,heldout,4438
4439,heldout,4439
4441,heldout,4441
4443,heldout,4443
4445,heldout,4445
4450,heldout,4450
4457,heldout,4457
4458,heldout,4458
4461,heldout,4461
4462,heldout,4462
4463,heldout,4463
4473,heldout,4473
4476,heldout,4476
4485,heldout,4485
4492,heldout,4492
4498,heldout,4498
4509,heldout,4509
4510,heldout,4510
4512,heldout,4512
4514,heldout,4514
4515,heldout,4515
4518,heldout,4518
4527,heldout,4527
4528,heldout,4528
4529,heldout,4529
4533,heldout,4533
4538,heldout,4538
4541,heldout,4541
4545,heldout,4545
4548,heldout,4548
4553,heldout,4553
4555,heldout,4555
4559,heldout,4559
4560,heldout,4560
4561,heldout,4561
4573,heldout,4573
4577,heldout,4577
4581,heldout,4581
4584,heldout,4584
4589,heldout,4589
4592,heldout,4592
4610,heldout,4610
4614,heldout,4614
4616,heldout,4616
4622,heldout,4622
4630,heldout,4630
4642,heldout,4642
4650,heldout,4650
4653,heldout,4653
4659,heldout,4659
4668,heldout,4668
4671,heldout,4671
4680,heldout,4680
4699,heldout,4699
4701,heldout,4701
4704,heldout,4704
4715,heldout,4715
4721,heldout,4721
4722,heldout,4722
4724,heldout,4724
4730,heldout,4730
4743,heldout,4743
4748,heldout,4748
4749,heldout,4749
4764,heldout,4764
4774,heldout,4774
4780,heldout,4780
4782,heldout,4782
4790,heldout,4790
4792,heldout,4792
4799,heldout,4799
4802,heldout,4802
4803,heldout,4803
4813,heldout,4813
4820,heldout,4820
4821,heldout,4821
4832,heldout,4832
4833,heldout,4833
4835,heldout,4835
4837,heldout,4837
4849,heldout,4849
4851,heldout,4851
4857,heldout,4857
4865,heldout,4865
4867,heldout,4867
4868,heldout,4868
4869,heldout,4869
4876,heldout,4876
4886,heldout,4886
4891,heldout,4891
4893,heldout,4893
4896,heldout,4896
4909,heldout,4909
4911,heldout,4911
4914,heldout,4914
4919,heldout,4919
4936,heldout,4936
4938,heldout,4938
4940,heldout,4940
4942,heldout,4942
4946,heldout,4946
4956,heldout,4956
4957,heldout,4957
4959,heldout,4959
4977,heldout,4977
4984,heldout,4984
4995,heldout,4995
5002,heldout,5002
5009,heldout,5009
5014,heldout,5014
5015,heldout,5015
5018,heldout,5018
5022,heldout,5022
5032,heldout,5032
5034,heldout,5034
5040,heldout,5040
5041,heldout,5041
5044,heldout,5044
5045,heldout,5045
5048,heldout,5048
5049,heldout,5049
5050,heldout,5050
5052,heldout,5052
5073,heldout,5073
5076,heldout,5076
5080,heldout,5080
5081,heldout,5081
5084,heldout,5084
5085,heldout,5085
5097,heldout,5097
5104,heldout,5104
5107,heldout,5107
5108,heldout,5108
5110,heldout,5110
5113,heldout,5113
5116,heldout,5116
5118,heldout,5118
5121,heldout,5121
5122,heldout,5122
5123,heldout,5123
5134,heldout,5134
5136,heldout,5136
5139,heldout,5139
5149,heldout,5149
5152,heldout,5152
5158,heldout,5158
5159,heldout,5159
5160,heldout,5160
5164,heldout,5164
5182,heldout,5182
5184,heldout,5184
5192,heldout,5192
5193,heldout,5193
5196,heldout,5196
5203,heldout,5203
5206,heldout,5206
5208,heldout,5208
5213,heldout,5213
5220,heldout,5220
5221,heldout,5221
5222,heldout,5222
5227,heldout,5227
5231,heldout,5231
5234,heldout,5234
5235,heldout,5235
5239,heldout,5239
5243,heldout,5243
5245,heldout,5245
5249,heldout,5249
5250,heldout,5250
5252,heldout,5252
5264,heldout,5264
5267,heldout,5267
5272,heldout,5272
5275,heldout,5275
5277,heldout,5277
5296,heldout,5296
5299,heldout,5299
5306,heldout,5306
5311,heldout,5311
5313,heldout,5313
5319,heldout,5319
5329,heldout,5329
5330,heldout,5330
5334,heldout,5334
5349,heldout,5349
5351,heldout,5351
5352,heldout,5352
5362,heldout,5362
5363,heldout,5363
5370,heldout,5370
5375,heldout,5375
5378,heldout,5378
5382,heldout,5382
5389,heldout,5389
5391,heldout,5391
5392,heldout,5392
5397,heldout,5397
5402,heldout,5402
5403,heldout,5403
5406,heldout,5406
5413,heldout,5413
5415,heldout,5415
5418,heldout,5418
5420,heldout,5420
5425,heldout,5425
5432,heldout,5432
5435,heldout,5435
5445,heldout,5445
5453,heldout,5453
5458,heldout,5458
5461,heldout,5461
5463,heldout,5463
5465,heldout,5465
5470,heldout,5470
5471,heldout,5471
5474,heldout,5474
5477,heldout,5477
5484,heldout,5484
5487,heldout,5487
5490,heldout,5490
5494,heldout,5494
5516,heldout,5516
5526,heldout,5526
5528,heldout,5528
5529,heldout,5529
5544,heldout,5544
5555,heldout,5555
5557,heldout,5557
5562,heldout,5562
5563,heldout,5563
5565,heldout,5565
5583,heldout,5583
5587,heldout,5587
5606,heldout,5606
5610,heldout,5610
5612,heldout,5612
5613,heldout,5613
5615,heldout,5615
5617,heldout,5617
5622,heldout,5622
5637,heldout,5637
5650,heldout,5650
5657,heldout,5657
5662,heldout,5662
5672,heldout,5672
5675,heldout,5675
5679,heldout,5679
5683,heldout,5683
5697,heldout,5697
5705,heldout,5705
5706,heldout,5706
5713,heldout,5713
5720,heldout,5720
5729,heldout,5729
5731,heldout,5731
5746,heldout,5746
5747,heldout,5747
5754,heldout,5754
5764,heldout,5764
5768,heldout,5768
5769,heldout,5769
5770,heldout,5770
5778,heldout,5778
5785,heldout,5785
5791,heldout,5791
5793,heldout,5793
5800,heldout,5800
5803,heldout,5803
5804,heldout,5804
5807,heldout,5807
5818,heldout,5818
5827,heldout,5827
5829,heldout,5829
5833,heldout,5833
5834,heldout,5834
5836,heldout,5836
5839,heldout,5839
5848,heldout,5848
5861,heldout,5861
5862,heldout,5862
5863,heldout,5863
5865,heldout,5865
5873,heldout,5873
5877,heldout,5877
5881,heldout,5881
5884,heldout,5884
5890,heldout,5890
5905,heldout,5905
5911,heldout,5911
5915,heldout,5915
5918,heldout,5918
5920,heldout,5920
5931,heldout,5931
5934,heldout,5934
5939,heldout,5939
5947,heldout,5947
5955,heldout,5955
5965,heldout,5965
5966,heldout,5966
5968,heldout,5968
5977,heldout,5977
5980,heldout,5980
5981,heldout,5981
5988,heldout,5988
5992,heldout,5992
5994,heldout,5994
5998,heldout,5998
6008,heldout,6008
6011,heldout,6011
6012,heldout,6012
6016,heldout,6016
6017,heldout,6017
6021,heldout,6021
6022,heldout,6022
6026,heldout,6026
6027,heldout,6027
6030,heldout,6030
6033,heldout,6033
6034,heldout,6034
6039,heldout,6039
6045,heldout,6045
6047,heldout,6047
6055,heldout,6055
6060,heldout,6060
6077,heldout,6077
6084,heldout,6084
6087,heldout,6087
6092,heldout,6092
6093,heldout,6093
6100,heldout,6100
6104,heldout,6104
6106,heldout,6106
6107,heldout,6107
6110,heldout,6110
6114,heldout,6114
6116,heldout,6116
6123,heldout,6123
6129,heldout,6129
6131,heldout,6131
6132,heldout,6132
6152,heldout,6152
6154,heldout,6154
6156,heldout,6156
6161,heldout,6161
6164,heldout,6164
6172,heldout,6172
6186,heldout,6186
6203,heldout,6203
6204,heldout,6204
6209,heldout,6209
6214,heldout,6214
6215,heldout,6215
6234,heldout,6234
6240,heldout,6240
6242,heldout,6242
6248,heldout,6248
6250,heldout,6250
6261,heldout,6261
6262,heldout,6262
6265,heldout,6265
6281,heldout,6281
6288,heldout,6288
6290,heldout,6290
6300,heldout,6300
6302,heldout,6302
6308,heldout,6308
6318,heldout,6318
6320,heldout,6320
6322,heldout,6322
6325,heldout,6325
6330,heldout,6330
6332,heldout,6332
6334,heldout,6334
6338,heldout,6338
6339,heldout,6339
6340,heldout,6340
6350,heldout,6350
6359,heldout,6359
6365,heldout,6365
6366,heldout,6366
6368,heldout,6368
6371,heldout,6371
6376,heldout,6376
6385,heldout,6385
6387,heldout,6387
6403,heldout,6403
6407,heldout,6407
6411,heldout,6411
6415,heldout,6415
6416,heldout,6416
6418,heldout,6418
6420,heldout,6420
6421,heldout,6421
6426,heldout,6426
6427,heldout,6427
6430,heldout,6430
6433,heldout,6433
6439,heldout,6439
6444,heldout,6444
6448,heldout,6448
6451,heldout,6451
6453,heldout,6453
6467,heldout,6467
6468,heldout,6468
6470,heldout,6470
6473,heldout,6473
6474,heldout,6474
6480,heldout,6480
6485,heldout,6485
6496,heldout,6496
6498,heldout,6498
6501,heldout,6501
6507,heldout,6507
6512,heldout,6512
6513,heldout,6513
6522,heldout,6522
6526,heldout,6526
6540,heldout,6540
6550,heldout,6550
6556,heldout,6556
6558,heldout,6558
6562,heldout,6562
6569,heldout,6569
6574,heldout,6574
6587,heldout,6587
6589,heldout,6589
6591,heldout,6591
6594,heldout,6594
6604,heldout,6604
6607,heldout,6607
6609,heldout,6609
6613,heldout,6613
6619,heldout,6619
6620,heldout,6620
6622,heldout,6622
6623,heldout,6623
6624,heldout,6624
6634,heldout,6634
6643,heldout,6643
6648,heldout,6648
6652,heldout,6652
6656,heldout,6656
6657,heldout,6657
6658,heldout,6658
6668,heldout,6668
6674,heldout,6674
6676,heldout,6676
6678,heldout,6678
6683,heldout,6683
6686,heldout,6686
6693,heldout,6693
6694,heldout,6694
6702,heldout,6702
6703,heldout,6703
6705,heldout,6705
6709,heldout,6709
6716,heldout,6716
6718,heldout,6718
6719,heldout,6719
6725,heldout,6725
6736,heldout,6736
6739,heldout,6739
6747,heldout,6747
6749,heldout,6749
6753,heldout,6753
6756,heldout,6756
6757,heldout,6757
6768,heldout,6768
6780,heldout,6780
6783,heldout,6783
6788,heldout,6788
6789,heldout,6789
6793,heldout,6793
6794,heldout,6794
6799,heldout,6799
6803,heldout,6803
6807,heldout,6807
6810,heldout,6810
6816,heldout,6816
6819,heldout,6819
6821,heldout,6821
6828,heldout,6828
6829,heldout,6829
6830,heldout,6830
6835,heldout,6835
6837,heldout,6837
6842,heldout,6842
6845,heldout,6845
6846,heldout,6846
6849,heldout,6849
6860,heldout,6860
6871,heldout,6871
6885,heldout,6885
6886,heldout,6886
6890,heldout,6890
6895,heldout,6895
6896,heldout,6896
6897,heldout,6897
6902,heldout,6902
6937,heldout,6937
6938,heldout,6938
6945,heldout,6945
6947,heldout,6947
6950,heldout,6950
6958,heldout,6958
6969,heldout,6969
6971,heldout,6971
6973,heldout,6973
6977,heldout,6977
6988,heldout,6988
6993,heldout,6993
6994,heldout,6994
6999,heldout,6999
7005,heldout,7005
7006,heldout,7006
7014,heldout,7014
7016,heldout,7016
7019,heldout,7019
7021,heldout,7021
7023,heldout,7023
7026,heldout,7026
7028,heldout,7028
7034,heldout,7034
7036,heldout,7036
7044,heldout,7044
7051,heldout,7051
7052,heldout,7052
7054,heldout,7054
7061,heldout,7061
7064,heldout,7064
7066,heldout,7066
7067,heldout,7067
7070,heldout,7070
7076,heldout,7076
7082,heldout,7082
7084,heldout,7084
7086,heldout,7086
7087,heldout,7087
7089,heldout,7089
7097,heldout,7097
7108,heldout,7108
7109,heldout,7109
7110,heldout,7110
7111,heldout,7111
7116,heldout,7116
7124,heldout,7124
7144,heldout,7144
7151,heldout,7151
7154,heldout,7154
7160,heldout,7160
7162,heldout,7162
7163,heldout,7163
7164,heldout,7164
7167,heldout,7167
7172,heldout,7172
7174,heldout,7174
7178,heldout,7178
7191,heldout,7191
7198,heldout,7198
7208,heldout,7208
7210,heldout,7210
7216,heldout,7216
7227,heldout,7227
7234,heldout,7234
7235,heldout,7235
7238,heldout,7238
7242,heldout,7242
7245,heldout,7245
7246,heldout,7246
7250,heldout,7250
7251,heldout,7251
7262,heldout,7262
7265,heldout,7265
7266,heldout,7266
7272,heldout,7272
7274,heldout,7274
7280,heldout,7280
7284,heldout,7284
7285,heldout,7285
7288,heldout,7288
7290,heldout,7290
7299,heldout,7299
7305,heldout,7305
7323,heldout,7323
7328,heldout,7328
7331,heldout,7331
7332,heldout,7332
7339,heldout,7339
7344,heldout,7344
7347,heldout,7347
7348,heldout,7348
7349,heldout,7349
7355,heldout,7355
7362,heldout,7362
7370,heldout,7370
7372,heldout,7372
7378,heldout,7378
7380,heldout,7380
7388,heldout,7388
7397,heldout,7397
7405,heldout,7405
7408,heldout,7408
7413,heldout,7413
7421,heldout,7421
7434,heldout,7434
7439,heldout,7439
7451,heldout,7451
7457,heldout,7457
7458,heldout,7458
7459,heldout,7459
7461,heldout,7461
7465,heldout,7465
7468,heldout,7468
7469,heldout,7469
7476,heldout,7476
7477,heldout,7477
7480,heldout,7480
7491,heldout,7491
7492,heldout,7492
7495,heldout,7495
7508,heldout,7508
7513,heldout,7513
7522,heldout,7522
7524,heldout,7524
7541,heldout,7541
7542,heldout,7542
7551,heldout,7551
7555,heldout,7555
7556,heldout,7556
7560,heldout,7560
7561,heldout,7561
7569,heldout,7569
7571,heldout,7571
7574,heldout,7574
7576,heldout,7576
7578,heldout,7578
7580,heldout,7580
7586,heldout,7586
7589,heldout,7589
7593,heldout,7593
7610,heldout,7610
7612,heldout,7612
7615,heldout,7615
7628,heldout,7628
7635,heldout,7635
7636,heldout,7636
7643,heldout,7643
7651,heldout,7651
7652,heldout,7652
7667,heldout,7667
7668,heldout,7668
7670,heldout,7670
7681,heldout,7681
7698,heldout,7698
7706,heldout,7706
7708,heldout,7708
7725,heldout,7725
7728,heldout,7728
7741,heldout,7741
7746,heldout,7746
7757,heldout,7757
7764,heldout,7764
7769,heldout,7769
7772,heldout,7772
7777,heldout,7777
7778,heldout,7778
7779,heldout,7779
7785,heldout,7785
7788,heldout,7788
7792,heldout,7792
7795,heldout,7795
7804,heldout,7804
7805,heldout,7805
7807,heldout,7807
7808,heldout,7808
7810,heldout,7810
7813,heldout,7813
7826,heldout,7826
7827,heldout,7827
7848,heldout,7848
7851,heldout,7851
7861,heldout,7861
7867,heldout,7867
7875,heldout,7875
7878,heldout,7878
7883,heldout,7883
7889,heldout,7889
7894,heldout,7894
7906,heldout,7906
7924,heldout,7924
7927,heldout,7927
7932,heldout,7932
7935,heldout,7935
7945,heldout,7945
7953,heldout,7953
7962,heldout,7962
7965,heldout,7965
7972,heldout,7972
7984,heldout,7984
7986,heldout,7986
7987,heldout,7987
7989,heldout,7989
8009,heldout,8009
8012,heldout,8012
8018,heldout,8018
8025,heldout,8025
8031,heldout,8031
8040,heldout,8040
8048,heldout,8048
8054,heldout,8054
8055,heldout,8055
8056,heldout,8056
8058,heldout,8058
8059,heldout,8059
8062,heldout,8062
8063,heldout,8063
8064,heldout,8064
8067,heldout,8067
8071,heldout,8071
8074,heldout,8074
8076,heldout,8076
8081,heldout,8081
8085,heldout,8085
8088,heldout,8088
8091,heldout,8091
8093,heldout,8093
8097,heldout,8097
8100,heldout,8100
8103,heldout,8103
8104,heldout,8104
8105,heldout,8105
8113,heldout,8113
8117,heldout,8117
8124,heldout,8124
8131,heldout,8131
8134,heldout,8134
8138,heldout,8138
8141,heldout,8141
8142,heldout,8142
8145,heldout,8145
8146,heldout,8146
8148,heldout,8148
8154,heldout,8154
8155,heldout,8155
8158,heldout,8158
8164,heldout,8164
8166,heldout,8166
8180,heldout,8180
8182,heldout,8182
8187,heldout,8187
8191,heldout,8191
8195,heldout,8195
8196,heldout,8196
8197,heldout,8197
8207,heldout,8207
8209,heldout,8209
8216,heldout,8216
8228,heldout,8228
8238,heldout,8238
8240,heldout,8240
8245,heldout,8245
8246,heldout,8246
8252,heldout,8252
8259,heldout,8259
8266,heldout,8266
8280,heldout,8280
8282,heldout,8282
8290,heldout,8290
8293,heldout,8293
8298,heldout,8298
8308,heldout,8308
8311,heldout,8311
8320,heldout,8320
8324,heldout,8324
8331,heldout,8331
8335,heldout,8335
8344,heldout,8344
8349,heldout,8349
8351,heldout,8351
8356,heldout,8356
8360,heldout,8360
8367,heldout,8367
8369,heldout,8369
8375,heldout,8375
8376,heldout,8376
8379,heldout,8379
8380,heldout,8380
8382,heldout,8382
8383,heldout,8383
8395,heldout,8395
8397,heldout,8397
8405,heldout,8405
8413,heldout,8413
8418,heldout,8418
8435,heldout,8435
8444,heldout,8444
8450,heldout,8450
8461,heldout,8461
8464,heldout,8464
8471,heldout,8471
8473,heldout,8473
8486,heldout,8486
8492,heldout,8492
8493,heldout,8493
8497,heldout,8497
8501,heldout,8501
8512,heldout,8512
8514,heldout,8514
8526,heldout,8526
8528,heldout,8528
8529,heldout,8529
8534,heldout,8534
8536,heldout,8536
8551,heldout,8551
8570,heldout,8570
8580,heldout,8580
8587,heldout,8587
8590,heldout,8590
8591,heldout,8591
8592,heldout,8592
8594,heldout,8594
8598,heldout,8598
8602,heldout,8602
8603,heldout,8603
8615,heldout,8615
8618,heldout,8618
8621,heldout,8621
8628,heldout,8628
8635,heldout,8635
8637,heldout,8637
8638,heldout,8638
8647,heldout,8647
8654,heldout,8654
8655,heldout,8655
8658,heldout,8658
8661,heldout,8661
8665,heldout,8665
8678,heldout,8678
8683,heldout,8683
8689,heldout,8689
8690,heldout,8690
8692,heldout,8692
8693,heldout,8693
8694,heldout,8694
8699,heldout,8699
8701,heldout,8701
8702,heldout,8702
8709,heldout,8709
8711,heldout,8711
8712,heldout,8712
8727,heldout,8727
8729,heldout,8729
8731,heldout,8731
8739,heldout,8739
8746,heldout,8746
8753,heldout,8753
8775,heldout,8775
8776,heldout,8776
8778,heldout,8778
8780,heldout,8780
8786,heldout,8786
8789,heldout,8789
8790,heldout,8790
8800,heldout,8800
8804,heldout,8804
8805,heldout,8805
8815,heldout,8815
8817,heldout,8817
8819,heldout,8819
8828,heldout,8828
8831,heldout,8831
8836,heldout,8836
8839,heldout,8839
8849,heldout,8849
8850,heldout,8850
8853,heldout,8853
8854,heldout,8854
8855,heldout,8855
8856,heldout,8856
8872,heldout,8872
8879,heldout,8879
8906,heldout,8906
8912,heldout,8912
8930,heldout,8930
8935,heldout,8935
8945,heldout,8945
8948,heldout,8948
8951,heldout,8951
8952,heldout,8952
8962,heldout,8962
8970,heldout,8970
8981,heldout,8981
8984,heldout,8984
8985,heldout,8985
8989,heldout,8989
8990,heldout,8990
8997,heldout,8997
9003,heldout,9003
9005,heldout,9005
9011,heldout,9011
9012,heldout,9012
9015,heldout,9015
9017,heldout,9017
9023,heldout,9023
9025,heldout,9025
9044,heldout,9044
9045,heldout,9045
9048,heldout,9048
9057,heldout,9057
9058,heldout,9058
9059,heldout,9059
9064,heldout,9064
9066,heldout,9066
9072,heldout,9072
9073,heldout,9073
9079,heldout,9079
9080,heldout,9080
9084,heldout,9084
9085,heldout,9085
9099,heldout,9099
9101,heldout,9101
9106,heldout,9106
9107,heldout,9107
9112,heldout,9112
9127,heldout,9127
9137,heldout,9137
9141,heldout,9141
9149,heldout,9149
9153,heldout,9153
9160,heldout,9160
9162,heldout,9162
9164,heldout,9164
9168,heldout,9168
9169,heldout,9169
9170,heldout,9170
9173,heldout,9173
9181,heldout,9181
9185,heldout,9185
9192,heldout,9192
9197,heldout,9197
9199,heldout,9199
9208,heldout,9208
9209,heldout,9209
9222,heldout,9222
9227,heldout,9227
9232,heldout,9232
9244,heldout,9244
9253,heldout,9253
9268,heldout,9268
9269,heldout,9269
9275,heldout,9275
9280,heldout,9280
9282,heldout,9282
9290,heldout,9290
9294,heldout,9294
9300,heldout,9300
9301,heldout,9301
9304,heldout,9304
9306,heldout,9306
9310,heldout,9310
9311,heldout,9311
9313,heldout,9313
9318,heldout,9318
9322,heldout,9322
9325,heldout,9325
9326,heldout,9326
9327,heldout,9327
9332,heldout,9332
9342,heldout,9342
9351,heldout,9351
9364,heldout,9364
9368,heldout,9368
9370,heldout,9370
9384,heldout,9384
9385,heldout,9385
9386,heldout,9386
9388,heldout,9388
9403,heldout,9403
9407,heldout,9407
9408,heldout,9408
9409,heldout,9409
9410,heldout,9410
9411,heldout,9411
9412,heldout,9412
9413,heldout,9413
9419,heldout,9419
9422,heldout,9422
9423,heldout,9423
9429,heldout,9429
9433,heldout,9433
9445,heldout,9445
9446,heldout,9446
9450,heldout,9450
9463,heldout,9463
9466,heldout,9466
9473,heldout,9473
9474,heldout,9474
9475,heldout,9475
9479,heldout,9479
9484,heldout,9484
9488,heldout,9488
9490,heldout,9490
9491,heldout,9491
9499,heldout,9499
9501,heldout,9501
9520,heldout,9520
9533,heldout,9533
9536,heldout,9536
9541,heldout,9541
9542,heldout,9542
9548,heldout,9548
9549,heldout,9549
9551,heldout,9551
9553,heldout,9553
9555,heldout,9555
9557,heldout,9557
9564,heldout,9564
9568,heldout,9568
9571,heldout,9571
9574,heldout,9574
9577,heldout,9577
9582,heldout,9582
9586,heldout,9586
9597,heldout,9597
9598,heldout,9598
9603,heldout,9603
9611,heldout,9611
9617,heldout,9617
9627,heldout,9627
9629,heldout,9629
9642,heldout,9642
9643,heldout,9643
9651,heldout,9651
9653,heldout,9653
9654,heldout,9654
9656,heldout,9656
9659,heldout,9659
9665,heldout,9665
9681,heldout,9681
9684,heldout,9684
9688,heldout,9688
9689,heldout,9689
9690,heldout,9690
9699,heldout,9699
9700,heldout,9700
9704,heldout,9704
9705,heldout,9705
9710,heldout,9710
9715,heldout,9715
9718,heldout,9718
9719,heldout,9719
9720,heldout,9720
9722,heldout,9722
9733,heldout,9733
9741,heldout,9741
9742,heldout,9742
9743,heldout,9743
9753,heldout,9753
9757,heldout,9757
9767,heldout,9767
9768,heldout,9768
9775,heldout,9775
9780,heldout,9780
9782,heldout,9782
9783,heldout,9783
9793,heldout,9793
9794,heldout,9794
9796,heldout,9796
9802,heldout,9802
9814,heldout,9814
9816,heldout,9816
9817,heldout,9817
9819,heldout,9819
9820,heldout,9820
9823,heldout,9823
9830,heldout,9830
9833,heldout,9833
9836,heldout,9836
9844,heldout,9844
9864,heldout,9864
9865,heldout,9865
9867,heldout,9867
9869,heldout,9869
9870,heldout,9870
9881,heldout,9881
9885,heldout,9885
9888,heldout,9888
9889,heldout,9889
9902,heldout,9902
9904,heldout,9904
9905,heldout,9905
9908,heldout,9908
9909,heldout,9909
9910,heldout,9910
9920,heldout,9920
9922,heldout,9922
9934,heldout,9934
9938,heldout,9938
9941,heldout,9941
9942,heldout,9942
9943,heldout,9943
9950,heldout,9950
9955,heldout,9955
9960,heldout,9960
9961,heldout,9961
9962,heldout,9962
9973,heldout,9973
9975,heldout,9975
9982,heldout,9982
9986,heldout,9986
9996,heldout,9996
10000,heldout,10000
10004,heldout,10004
10005,heldout,10005
10008,heldout,10008
10009,heldout,10009
10010,heldout,10010
10019,heldout,10019
10020,heldout,10020
10022,heldout,10022
10023,heldout,10023
10029,heldout,10029
10031,heldout,10031
10033,heldout,10033
10049,heldout,10049
10060,heldout,10060
10061,heldout,10061
10062,heldout,10062
10078,heldout,10078
10080,heldout,10080
10083,heldout,10083
10087,heldout,10087
10089,heldout,10089
10095,heldout,10095
10108,heldout,10108
10111,heldout,10111
10115,heldout,10115
10118,heldout,10118
10128,heldout,10128
10131,heldout,10131
10147,heldout,10147
10151,heldout,10151
10152,heldout,10152
10155,heldout,10155
10157,heldout,10157
10164,heldout,10164
10165,heldout,10165
10169,heldout,10169
10176,heldout,10176
10180,heldout,10180
10181,heldout,10181
10183,heldout,10183
10188,heldout,10188
10192,heldout,10192
10199,heldout,10199
10210,heldout,10210
10220,heldout,10220
10228,heldout,10228
10233,heldout,10233
10238,heldout,10238
10241,heldout,10241
10244,heldout,10244
10245,heldout,10245
10251,heldout,10251
10252,heldout,10252
10266,heldout,10266
10268,heldout,10268
10286,heldout,10286
10297,heldout,10297
10299,heldout,10299
10303,heldout,10303
10304,heldout,10304
10316,heldout,10316
10326,heldout,10326
10328,heldout,10328
10333,heldout,10333
10335,heldout,10335
10339,heldout,10339
10349,heldout,10349
10352,heldout,10352
10358,heldout,10358
10373,heldout,10373
10377,heldout,10377
10378,heldout,10378
10397,heldout,10397
10404,heldout,10404
10405,heldout,10405
10411,heldout,10411
10415,heldout,10415
10416,heldout,10416
10428,heldout,10428
10432,heldout,10432
10437,heldout,10437
10449,heldout,10449
10462,heldout,10462
10464,heldout,10464
10466,heldout,10466
10476,heldout,10476
10477,heldout,10477
10480,heldout,10480
10486,heldout,10486
10489,heldout,10489
10491,heldout,10491
10493,heldout,10493
10501,heldout,10501
10503,heldout,10503
10504,heldout,10504
10505,heldout,10505
10508,heldout,10508
10509,heldout,10509
10523,heldout,10523
10528,heldout,10528
10529,heldout,10529
10532,heldout,10532
10541,heldout,10541
10544,heldout,10544
10549,heldout,10549
10556,heldout,10556
10560,heldout,10560
10564,heldout,10564
10570,heldout,10570
10576,heldout,10576
10580,heldout,10580
10581,heldout,10581
10583,heldout,10583
10594,heldout,10594
10597,heldout,10597
10604,heldout,10604
10606,heldout,10606
10609,heldout,10609
10611,heldout,10611
10613,heldout,10613
10615,heldout,10615
10623,heldout,10623
10630,heldout,10630
10633,heldout,10633
10639,heldout,10639
10642,heldout,10642
10644,heldout,10644
10646,heldout,10646
10648,heldout,10648
10650,heldout,10650
10665,heldout,10665
10669,heldout,10669
10671,heldout,10671
10673,heldout,10673
10675,heldout,10675
10677,heldout,10677
10685,heldout,10685
10688,heldout,10688
10690,heldout,10690
10691,heldout,10691
10692,heldout,10692
10698,heldout,10698
10702,heldout,10702
10703,heldout,10703
10707,heldout,10707
10715,heldout,10715
10725,heldout,10725
10726,heldout,10726
10730,heldout,10730
10732,heldout,10732
10740,heldout,10740
10742,heldout,10742
10744,heldout,10744
10754,heldout,10754
10759,heldout,10759
10761,heldout,10761
10763,heldout,10763
10764,heldout,10764
10767,heldout,10767
10770,heldout,10770
10774,heldout,10774
10776,heldout,10776
10780,heldout,10780
10782,heldout,10782
10784,heldout,10784
10785,heldout,10785
10792,heldout,10792
10808,heldout,10808
10810,heldout,10810
10823,heldout,10823
10826,heldout,10826
10829,heldout,10829
10834,heldout,10834
10839,heldout,10839
10840,heldout,10840
10841,heldout,10841
10854,heldout,10854
10858,heldout,10858
10870,heldout,10870
10880,heldout,10880
10881,heldout,10881
10887,heldout,10887
10896,heldout,10896
10897,heldout,10897
10901,heldout,10901
10902,heldout,10902
10911,heldout,10911
10915,heldout,10915
10922,heldout,10922
10924,heldout,10924
10925,heldout,10925
10926,heldout,10926
10936,heldout,10936
10938,heldout,10938
10940,heldout,10940
10944,heldout,10944
10952,heldout,10952
10955,heldout,10955
10957,heldout,10957
10965,heldout,10965
10974,heldout,10974
10978,heldout,10978
10987,heldout,10987
10989,heldout,10989
10990,heldout,10990
10994,heldout,10994
10995,heldout,10995
11001,heldout,11001
11019,heldout,11019
11021,heldout,11021
11046,heldout,11046
11047,heldout,11047
11049,heldout,11049
11052,heldout,11052
11056,heldout,11056
11059,heldout,11059
11062,heldout,11062
11063,heldout,11063
11073,heldout,11073
11074,heldout,11074
11075,heldout,11075
11083,heldout,11083
11084,heldout,11084
11092,heldout,11092
11096,heldout,11096
11098,heldout,11098
11100,heldout,11100
11101,heldout,11101
11109,heldout,11109
11110,heldout,11110
11111,heldout,11111
11113,heldout,11113
11118,heldout,11118
11120,heldout,11120
11126,heldout,11126
11130,heldout,11130
11145,heldout,11145
11146,heldout,11146
11147,heldout,11147
11148,heldout,11148
11153,heldout,11153
11156,heldout,11156
11160,heldout,11160
11164,heldout,11164
11174,heldout,11174
11176,heldout,11176
11179,heldout,11179
11184,heldout,11184
11188,heldout,11188
11191,heldout,11191
11195,heldout,11195
11198,heldout,11198
11203,heldout,11203
11205,heldout,11205
11206,heldout,11206
11213,heldout,11213
11217,heldout,11217
11219,heldout,11219
11224,heldout,11224
11227,heldout,11227
11233,heldout,11233
11236,heldout,11236
11247,heldout,11247
11255,heldout,11255
11256,heldout,11256
11263,heldout,11263
11272,heldout,11272
11279,heldout,11279
11281,heldout,11281
11288,heldout,11288
11295,heldout,11295
11300,heldout,11300
11307,heldout,11307
11311,heldout,11311
11315,heldout,11315
11318,heldout,11318
11320,heldout,11320
11323,heldout,11323
11328,heldout,11328
11341,heldout,11341
11342,heldout,11342
11343,heldout,11343
11350,heldout,11350
11354,heldout,11354
11358,heldout,11358
11362,heldout,11362
11366,heldout,11366
11370,heldout,11370
11374,heldout,11374
11379,heldout,11379
11387,heldout,11387
11388,heldout,11388
11395,heldout,11395
11396,heldout,11396
11399,heldout,11399
11400,heldout,11400
11409,heldout,11409
11410,heldout,11410
11412,heldout,11412
11413,heldout,11413
11417,heldout,11417
11418,heldout,11418
11419,heldout,11419
11421,heldout,11421
11422,heldout,11422
11424,heldout,11424
11434,heldout,11434
11439,heldout,11439
11440,heldout,11440
11448,heldout,11448
11451,heldout,11451
11452,heldout,11452
11455,heldout,11455
11457,heldout,11457
11458,heldout,11458
11462,heldout,11462
11467,heldout,11467
11468,heldout,11468
11470,heldout,11470
11471,heldout,11471
11473,heldout,11473
11479,heldout,11479
11481,heldout,11481
11488,heldout,11488
11489,heldout,11489
11494,heldout,11494
11495,heldout,11495
11497,heldout,11497
11509,heldout,11509
11512,heldout,11512
11516,heldout,11516
11518,heldout,11518
11527,heldout,11527
11530,heldout,11530
11538,heldout,11538
11539,heldout,11539
11548,heldout,11548
11550,heldout,11550
11551,heldout,11551
11553,heldout,11553
11555,heldout,11555
11564,heldout,11564
11566,heldout,11566
11572,heldout,11572
11576,heldout,11576
11583,heldout,11583
11584,heldout,11584
11589,heldout,11589
11590,heldout,11590
11594,heldout,11594
11603,heldout,11603
11608,heldout,11608
11611,heldout,11611
11616,heldout,11616
11626,heldout,11626
11634,heldout,11634
11636,heldout,11636
11640,heldout,11640
11641,heldout,11641
11642,heldout,11642
11646,heldout,11646
11650,heldout,11650
11660,heldout,11660
11664,heldout,11664
11666,heldout,11666
11669,heldout,11669
11674,heldout,11674
11696,heldout,11696
11700,heldout,11700
11705,heldout,11705
11711,heldout,11711
11713,heldout,11713
11718,heldout,11718
11721,heldout,11721
11722,heldout,11722
11727,heldout,11727
11731,heldout,11731
11732,heldout,11732
11733,heldout,11733
11740,heldout,11740
11743,heldout,11743
11744,heldout,11744
11752,heldout,11752
11756,heldout,11756
11759,heldout,11759
11768,heldout,11768
11770,heldout,11770
11773,heldout,11773
11774,heldout,11774
11781,heldout,11781
11783,heldout,11783
11787,heldout,11787
11788,heldout,11788
11797,heldout,11797
11798,heldout,11798
11801,heldout,11801
11812,heldout,11812
11819,heldout,11819
11828,heldout,11828
11832,heldout,11832
11834,heldout,11834
11835,heldout,11835
11844,heldout,11844
11855,heldout,11855
11861,heldout,11861
11862,heldout,11862
11866,heldout,11866
11867,heldout,11867
11892,heldout,11892
11901,heldout,11901
11911,heldout,11911
11912,heldout,11912
11916,heldout,11916
11930,heldout,11930
11931,heldout,11931
11933,heldout,11933
11934,heldout,11934
11938,heldout,11938
11939,heldout,11939
11942,heldout,11942
11948,heldout,11948
11949,heldout,11949
11960,heldout,11960
11962,heldout,11962
11966,heldout,11966
11972,heldout,11972
11975,heldout,11975
11977,heldout,11977
11981,heldout,11981
11999,heldout,11999
12011,heldout,12011
12016,heldout,12016
12018,heldout,12018
12022,heldout,12022
12027,heldout,12027
12033,heldout,12033
12034,heldout,12034
12035,heldout,12035
12039,heldout,12039
12042,heldout,12042
12046,heldout,12046
12048,heldout,12048
12049,heldout,12049
12051,heldout,12051
12066,heldout,12066
12070,heldout,12070
12075,heldout,12075
12076,heldout,12076
12079,heldout,12079
12085,heldout,12085
12094,heldout,12094
12095,heldout,12095
12099,heldout,12099
12100,heldout,12100
12106,heldout,12106
12108,heldout,12108
12111,heldout,12111
12114,heldout,12114
12122,heldout,12122
12128,heldout,12128
12129,heldout,12129
12131,heldout,12131
12142,heldout,12142
12143,heldout,12143
12147,heldout,12147
12152,heldout,12152
12153,heldout,12153
12158,heldout,12158
12160,heldout,12160
12168,heldout,12168
12180,heldout,12180
12189,heldout,12189
12190,heldout,12190
12192,heldout,12192
12193,heldout,12193
12199,heldout,12199
12200,heldout,12200
12206,heldout,12206
12210,heldout,12210
12211,heldout,12211
12214,heldout,12214
12221,heldout,12221
12224,heldout,12224
12231,heldout,12231
12238,heldout,12238
12241,heldout,12241
12248,heldout,12248
12264,heldout,12264
12265,heldout,12265
12267,heldout,12267
12270,heldout,12270
12280,heldout,12280
12281,heldout,12281
12283,heldout,12283
12284,heldout,12284
12291,heldout,12291
12302,heldout,12302
12305,heldout,12305
12307,heldout,12307
12309,heldout,12309
12323,heldout,12323
12327,heldout,12327
12328,heldout,12328
12329,heldout,12329
12330,heldout,12330
12332,heldout,12332
12334,heldout,12334
12336,heldout,12336
12337,heldout,12337
12343,heldout,12343
12350,heldout,12350
12351,heldout,12351
12354,heldout,12354
12359,heldout,12359
12360,heldout,12360
12370,heldout,12370
12373,heldout,12373
12374,heldout,12374
12376,heldout,12376
12390,heldout,12390
12393,heldout,12393
12398,heldout,12398
12403,heldout,12403
12405,heldout,12405
12416,heldout,12416
12419,heldout,12419
12433,heldout,12433
12443,heldout,12443
12448,heldout,12448
12453,heldout,12453
12454,heldout,12454
12458,heldout,12458
12460,heldout,12460
12462,heldout,12462
12465,heldout,12465
12466,heldout,12466
12467,heldout,12467
12473,heldout,12473
12477,heldout,12477
12479,heldout,12479
12491,heldout,12491
12500,heldout,12500
12502,heldout,12502
12513,heldout,12513
12517,heldout,12517
12519,heldout,12519
12534,heldout,12534
12548,heldout,12548
12554,heldout,12554
12559,heldout,12559
12561,heldout,12561
12565,heldout,12565
12566,heldout,12566
12587,heldout,12587
12592,heldout,12592
12602,heldout,12602
12610,heldout,12610
12611,heldout,12611
12619,heldout,12619
12628,heldout,12628
12639,heldout,12639
12644,heldout,12644
12646,heldout,12646
12654,heldout,12654
12656,heldout,12656
12657,heldout,12657
12667,heldout,12667
12671,heldout,12671
12679,heldout,12679
12680,heldout,12680
12682,heldout,12682
12689,heldout,12689
12690,heldout,12690
12704,heldout,12704
12708,heldout,12708
12713,heldout,12713
12725,heldout,12725
12729,heldout,12729
12737,heldout,12737
12738,heldout,12738
12739,heldout,12739
12743,heldout,12743
12754,heldout,12754
12757,heldout,12757
12769,heldout,12769
12790,heldout,12790
12796,heldout,12796
12799,heldout,12799
12801,heldout,12801
12809,heldout,12809
12813,heldout,12813
12814,heldout,12814
12822,heldout,12822
12825,heldout,12825
12829,heldout,12829
12831,heldout,12831
12836,heldout,12836
12839,heldout,12839
12846,heldout,12846
12856,heldout,12856
12864,heldout,12864
12869,heldout,12869
12870,heldout,12870
12872,heldout,12872
12879,heldout,12879
12886,heldout,12886
12889,heldout,12889
12890,heldout,12890
12896,heldout,12896
12901,heldout,12901
12918,heldout,12918
12924,heldout,12924
12925,heldout,12925
12939,heldout,12939
12941,heldout,12941
12961,heldout,12961
12962,heldout,12962
12966,heldout,12966
12969,heldout,12969
12970,heldout,12970
12980,heldout,12980
12984,heldout,12984
12989,heldout,12989
13008,heldout,13008
13010,heldout,13010
13017,heldout,13017
13019,heldout,13019
13021,heldout,13021
13022,heldout,13022
13024,heldout,13024
13036,heldout,13036
13039,heldout,13039
13043,heldout,13043
13054,heldout,13054
13058,heldout,13058
13059,heldout,13059
13060,heldout,13060
13068,heldout,13068
13072,heldout,13072
13075,heldout,13075
13079,heldout,13079
13081,heldout,13081
13085,heldout,13085
13092,heldout,13092
13105,heldout,13105
13109,heldout,13109
13110,heldout,13110
13112,heldout,13112
13118,heldout,13118
13122,heldout,13122
13129,heldout,13129
13133,heldout,13133
13136,heldout,13136
13142,heldout,13142
13144,heldout,13144
13154,heldout,13154
13160,heldout,13160
13170,heldout,13170
13172,heldout,13172
13178,heldout,13178
13184,heldout,13184
13187,heldout,13187
13201,heldout,13201
13203,heldout,13203
13210,heldout,13210
13217,heldout,13217
13218,heldout,13218
13222,heldout,13222
13231,heldout,13231
13251,heldout,13251
13254,heldout,13254
13264,heldout,13264
13269,heldout,13269
13279,heldout,13279
13282,heldout,13282
13285,heldout,13285
13288,heldout,13288
13289,heldout,13289
13292,heldout,13292
13295,heldout,13295
13296,heldout,13296
13304,heldout,13304
13307,heldout,13307
13310,heldout,13310
13311,heldout,13311
13313,heldout,13313
13324,heldout,13324
13326,heldout,13326
13329,heldout,13329
13334,heldout,13334
13338,heldout,13338
13339,heldout,13339
13347,heldout,13347
13358,heldout,13358
13362,heldout,13362
13363,heldout,13363
13364,heldout,13364
13368,heldout,13368
13377,heldout,13377
13378,heldout,13378
13385,heldout,13385
13387,heldout,13387
13388,heldout,13388
13395,heldout,13395
13403,heldout,13403
13410,heldout,13410
13412,heldout,13412
13413,heldout,13413
13415,heldout,13415
13420,heldout,13420
13421,heldout,13421
13422,heldout,13422
13432,heldout,13432
13439,heldout,13439
13443,heldout,13443
13444,heldout,13444
13446,heldout,13446
13451,heldout,13451
13458,heldout,13458
13469,heldout,13469
13474,heldout,13474
13476,heldout,13476
13493,heldout,13493
13504,heldout,13504
13506,heldout,13506
13507,heldout,13507
13513,heldout,13513
13523,heldout,13523
13536,heldout,13536
13539,heldout,13539
13541,heldout,13541
13543,heldout,13543
13545,heldout,13545
13555,heldout,13555
13558,heldout,13558
13559,heldout,13559
13560,heldout,13560
13561,heldout,13561
13568,heldout,13568
13575,heldout,13575
13579,heldout,13579
13581,heldout,13581
13599,heldout,13599
13610,heldout,13610
13617,heldout,13617
13620,heldout,13620
13639,heldout,13639
13648,heldout,13648
13656,heldout,13656
13658,heldout,13658
13660,heldout,13660
13662,heldout,13662
13663,heldout,13663
13671,heldout,13671
13672,heldout,13672
13673,heldout,13673
13675,heldout,13675
13677,heldout,13677
13678,heldout,13678
13683,heldout,13683
13689,heldout,13689
13693,heldout,13693
13698,heldout,13698
13700,heldout,13700
13726,heldout,13726
13728,heldout,13728
13743,heldout,13743
13761,heldout,13761
13762,heldout,13762
13765,heldout,13765
13766,heldout,13766
13773,heldout,13773
13778,heldout,13778
13781,heldout,13781
13782,heldout,13782
13783,heldout,13783
13784,heldout,13784
13789,heldout,13789
13790,heldout,13790
13796,heldout,13796
13797,heldout,13797
13802,heldout,13802
13806,heldout,13806
13807,heldout,13807
13818,heldout,13818
13820,heldout,13820
13829,heldout,13829
13834,heldout,13834
13840,heldout,13840
13841,heldout,13841
13843,heldout,13843
13849,heldout,13849
13866,heldout,13866
13868,heldout,13868
13869,heldout,13869
13875,heldout,13875
13882,heldout,13882
13884,heldout,13884
13888,heldout,13888
13893,heldout,13893
13895,heldout,13895
13901,heldout,13901
13903,heldout,13903
13906,heldout,13906
13913,heldout,13913
13916,heldout,13916
13921,heldout,13921
13925,heldout,13925
13933,heldout,13933
13939,heldout,13939
13940,heldout,13940
13942,heldout,13942
13944,heldout,13944
13948,heldout,13948
13972,heldout,13972
13981,heldout,13981
13987,heldout,13987
13990,heldout,13990
13991,heldout,13991
13992,heldout,13992
13999,heldout,13999
14002,heldout,14002
14004,heldout,14004
14011,heldout,14011
14013,heldout,14013
14014,heldout,14014
14021,heldout,14021
14023,heldout,14023
14026,heldout,14026
14033,heldout,14033
14041,heldout,14041
14044,heldout,14044
14045,heldout,14045
14049,heldout,14049
14055,heldout,14055
14062,heldout,14062
14063,heldout,14063
14070,heldout,14070
14073,heldout,14073
14074,heldout,14074
14078,heldout,14078
14079,heldout,14079
14081,heldout,14081
14086,heldout,14086
14087,heldout,14087
14093,heldout,14093
14095,heldout,14095
14097,heldout,14097
14102,heldout,14102
14103,heldout,14103
14105,heldout,14105
14111,heldout,14111
14123,heldout,14123
14127,heldout,14127
14134,heldout,14134
14143,heldout,14143
14149,heldout,14149
14153,heldout,14153
14160,heldout,14160
14162,heldout,14162
14167,heldout,14167
14171,heldout,14171
14178,heldout,14178
14184,heldout,14184
14191,heldout,14191
14195,heldout,14195
14200,heldout,14200
14202,heldout,14202
14214,heldout,14214
14223,heldout,14223
14225,heldout,14225
14226,heldout,14226
14237,heldout,14237
14241,heldout,14241
14243,heldout,14243
14254,heldout,14254
14256,heldout,14256
14262,heldout,14262
14263,heldout,14263
14269,heldout,14269
14278,heldout,14278
14280,heldout,14280
14285,heldout,14285
14288,heldout,14288
14291,heldout,14291
14295,heldout,14295
14301,heldout,14301
14312,heldout,14312
14314,heldout,14314
14316,heldout,14316
14325,heldout,14325
14337,heldout,14337
14344,heldout,14344
14350,heldout,14350
14355,heldout,14355
14366,heldout,14366
14367,heldout,14367
14369,heldout,14369
14372,heldout,14372
14374,heldout,14374
14390,heldout,14390
14391,heldout,14391
14393,heldout,14393
14398,heldout,14398
14401,heldout,14401
14406,heldout,14406
14407,heldout,14407
14408,heldout,14408
14420,heldout,14420
14423,heldout,14423
14437,heldout,14437
14438,heldout,14438
14439,heldout,14439
14440,heldout,14440
14441,heldout,14441
14443,heldout,14443
14450,heldout,14450
14451,heldout,14451
14455,heldout,14455
14459,heldout,14459
14462,heldout,14462
14463,heldout,14463
14464,heldout,14464
14471,heldout,14471
14475,heldout,14475
14479,heldout,14479
14483,heldout,14483
14497,heldout,14497
14498,heldout,14498
14500,heldout,14500
14502,heldout,14502
14503,heldout,14503
14504,heldout,14504
14506,heldout,14506
14510,heldout,14510
14513,heldout,14513
14517,heldout,14517
14519,heldout,14519
14520,heldout,14520
14525,heldout,14525
14529,heldout,14529
14537,heldout,14537
14546,heldout,14546
14547,heldout,14547
14548,heldout,14548
14549,heldout,14549
14553,heldout,14553
14554,heldout,14554
14556,heldout,14556
14565,heldout,14565
14590,heldout,14590
14592,heldout,14592
14596,heldout,14596
14599,heldout,14599
14602,heldout,14602
14618,heldout,14618
14621,heldout,14621
14623,heldout,14623
14626,heldout,14626
14628,heldout,14628
14632,heldout,14632
14639,heldout,14639
14640,heldout,14640
14642,heldout,14642
14645,heldout,14645
14651,heldout,14651
14656,heldout,14656
14661,heldout,14661
14665,heldout,14665
14666,heldout,14666
14669,heldout,14669
14671,heldout,14671
14673,heldout,14673
14683,heldout,14683
14687,heldout,14687
14689,heldout,14689
14690,heldout,14690
14700,heldout,14700
14701,heldout,14701
14703,heldout,14703
14704,heldout,14704
14706,heldout,14706
14707,heldout,14707
14710,heldout,14710
14715,heldout,14715
14716,heldout,14716
14717,heldout,14717
14718,heldout,14718
14729,heldout,14729
14736,heldout,14736
14737,heldout,14737
14740,heldout,14740
14745,heldout,14745
14749,heldout,14749
14754,heldout,14754
14756,heldout,14756
14758,heldout,14758
14763,heldout,14763
14773,heldout,14773
14787,heldout,14787
14797,heldout,14797
14802,heldout,14802
14817,heldout,14817
14818,heldout,14818
14826,heldout,14826
14840,heldout,14840
14844,heldout,14844
14848,heldout,14848
14857,heldout,14857
14860,heldout,14860
14873,heldout,14873
14875,heldout,14875
14883,heldout,14883
14884,heldout,14884
14885,heldout,14885
14886,heldout,14886
14896,heldout,14896
14898,heldout,14898
14904,heldout,14904
14913,heldout,14913
14916,heldout,14916
14917,heldout,14917
14918,heldout,14918
14924,heldout,14924
14932,heldout,14932
14935,heldout,14935
14947,heldout,14947
14954,heldout,14954
14960,heldout,14960
14971,heldout,14971
14973,heldout,14973
14975,heldout,14975
14976,heldout,14976
14978,heldout,14978
14979,heldout,14979
14981,heldout,14981
15002,heldout,15002
15014,heldout,15014
15016,heldout,15016
15029,heldout,15029
15045,heldout,15045
15048,heldout,15048
15056,heldout,15056
15059,heldout,15059
15065,heldout,15065
15069,heldout,15069
15071,heldout,15071
15073,heldout,15073
15076,heldout,15076
15078,heldout,15078
15079,heldout,15079
15081,heldout,15081
15085,heldout,15085
15089,heldout,15089
15093,heldout,15093
15108,heldout,15108
15131,heldout,15131
15137,heldout,15137
15139,heldout,15139
15140,heldout,15140
15142,heldout,15142
15146,heldout,15146
15147,heldout,15147
15153,heldout,15153
15154,heldout,15154
15155,heldout,15155
15159,heldout,15159
15161,heldout,15161
15164,heldout,15164
15165,heldout,15165
15166,heldout,15166
15171,heldout,15171
15182,heldout,15182
15188,heldout,15188
15193,heldout,15193
15195,heldout,15195
15221,heldout,15221
15226,heldout,15226
15240,heldout,15240
15248,heldout,15248
15252,heldout,15252
15256,heldout,15256
15259,heldout,15259
15260,heldout,15260
15266,heldout,15266
15267,heldout,15267
15271,heldout,15271
15274,heldout,15274
15275,heldout,15275
15276,heldout,15276
15283,heldout,15283
15291,heldout,15291
15292,heldout,15292
15293,heldout,15293
15302,heldout,15302
15313,heldout,15313
15324,heldout,15324
15325,heldout,15325
15329,heldout,15329
15331,heldout,15331
15333,heldout,15333
15338,heldout,15338
15343,heldout,15343
15347,heldout,15347
15349,heldout,15349
15361,heldout,15361
15376,heldout,15376
15398,heldout,15398
15400,heldout,15400
15409,heldout,15409
15411,heldout,15411
15414,heldout,15414
15416,heldout,15416
15420,heldout,15420
15427,heldout,15427
15440,heldout,15440
15445,heldout,15445
15455,heldout,15455
15467,heldout,15467
15480,heldout,15480
15485,heldout,15485
15491,heldout,15491
15507,heldout,15507
15509,heldout,15509
15517,heldout,15517
15526,heldout,15526
15528,heldout,15528
15535,heldout,15535
15542,heldout,15542
15548,heldout,15548
15549,heldout,15549
15556,heldout,15556
15557,heldout,15557
15558,heldout,15558
15560,heldout,15560
15561,heldout,15561
15572,heldout,15572
15573,heldout,15573
15577,heldout,15577
15579,heldout,15579
15581,heldout,15581
15583,heldout,15583
15587,heldout,15587
15589,heldout,15589
15593,heldout,15593
15596,heldout,15596
15600,heldout,15600
15608,heldout,15608
15615,heldout,15615
15619,heldout,15619
15628,heldout,15628
15630,heldout,15630
15632,heldout,15632
15634,heldout,15634
15638,heldout,15638
15646,heldout,15646
15660,heldout,15660
15665,heldout,15665
15669,heldout,15669
15676,heldout,15676
15677,heldout,15677
15688,heldout,15688
15693,heldout,15693
15694,heldout,15694
15697,heldout,15697
15703,heldout,15703
15705,heldout,15705
15713,heldout,15713
15736,heldout,15736
15737,heldout,15737
15740,heldout,15740
15749,heldout,15749
15750,heldout,15750
15753,heldout,15753
15756,heldout,15756
15765,heldout,15765
15766,heldout,15766
15771,heldout,15771
15773,heldout,15773
15783,heldout,15783
15789,heldout,15789
15792,heldout,15792
15793,heldout,15793
15795,heldout,15795
15799,heldout,15799
15800,heldout,15800
15807,heldout,15807
15814,heldout,15814
15836,heldout,15836
15838,heldout,15838
15843,heldout,15843
15857,heldout,15857
15866,heldout,15866
15875,heldout,15875
15877,heldout,15877
15879,heldout,15879
15883,heldout,15883
15896,heldout,15896
15904,heldout,15904
15911,heldout,15911
15914,heldout,15914
15916,heldout,15916
15919,heldout,15919
15922,heldout,15922
15928,heldout,15928
15936,heldout,15936
15942,heldout,15942
15947,heldout,15947
15949,heldout,15949
15959,heldout,15959
15964,heldout,15964
15969,heldout,15969
15975,heldout,15975
15976,heldout,15976
15977,heldout,15977
15978,heldout,15978
15979,heldout,15979
15981,heldout,15981
15983,heldout,15983
15986,heldout,15986
15991,heldout,15991
15996,heldout,15996
16005,heldout,16005
16015,heldout,16015
16017,heldout,16017
16022,heldout,16022
16030,heldout,16030
16031,heldout,16031
16032,heldout,16032
16033,heldout,16033
16036,heldout,16036
16055,heldout,16055
16057,heldout,16057
16070,heldout,16070
16082,heldout,16082
16086,heldout,16086
16091,heldout,16091
16093,heldout,16093
16099,heldout,16099
16101,heldout,16101
16116,heldout,16116
16118,heldout,16118
16130,heldout,16130
16135,heldout,16135
16138,heldout,16138
16141,heldout,16141
16144,heldout,16144
16145,heldout,16145
16148,heldout,16148
16150,heldout,16150
16153,heldout,16153
16154,heldout,16154
16161,heldout,16161
16166,heldout,16166
16169,heldout,16169
16175,heldout,16175
16176,heldout,16176
16177,heldout,16177
16178,heldout,16178
16185,heldout,16185
16192,heldout,16192
16193,heldout,16193
16201,heldout,16201
16205,heldout,16205
16211,heldout,16211
16221,heldout,16221
16230,heldout,16230
16233,heldout,16233
16239,heldout,16239
16240,heldout,16240
16243,heldout,16243
16246,heldout,16246
16249,heldout,16249
16252,heldout,16252
16255,heldout,16255
16260,heldout,16260
16262,heldout,16262
16267,heldout,16267
16275,heldout,16275
16286,heldout,16286
16288,heldout,16288
16290,heldout,16290
16291,heldout,16291
16296,heldout,16296
16299,heldout,16299
16301,heldout,16301
16307,heldout,16307
16313,heldout,16313
16318,heldout,16318
16323,heldout,16323
16333,heldout,16333
16340,heldout,16340
16341,heldout,16341
16343,heldout,16343
16345,heldout,16345
16348,heldout,16348
16351,heldout,16351
16352,heldout,16352
16365,heldout,16365
16369,heldout,16369
16373,heldout,16373
16375,heldout,16375
16380,heldout,16380
16385,heldout,16385
16386,heldout,16386
16390,heldout,16390
16405,heldout,16405
16410,heldout,16410
16411,heldout,16411
16412,heldout,16412
16414,heldout,16414
16421,heldout,16421
16427,heldout,16427
16432,heldout,16432
16433,heldout,16433
16437,heldout,16437
16446,heldout,16446
16451,heldout,16451
16454,heldout,16454
16458,heldout,16458
16459,heldout,16459
16462,heldout,16462
16463,heldout,16463
16476,heldout,16476
16480,heldout,16480
16495,heldout,16495
16501,heldout,16501
16503,heldout,16503
16505,heldout,16505
16513,heldout,16513
16521,heldout,16521
16522,heldout,16522
16523,heldout,16523
16527,heldout,16527
16529,heldout,16529
16533,heldout,16533
16535,heldout,16535
16538,heldout,16538
16562,heldout,16562
16572,heldout,16572
16573,heldout,16573
16593,heldout,16593
16599,heldout,16599
16602,heldout,16602
16606,heldout,16606
16608,heldout,16608
16609,heldout,16609
16620,heldout,16620
16621,heldout,16621
16630,heldout,16630
16634,heldout,16634
16639,heldout,16639
16641,heldout,16641
16642,heldout,16642
16645,heldout,16645
16651,heldout,16651
16652,heldout,16652
16656,heldout,16656
16664,heldout,16664
16673,heldout,16673
16674,heldout,16674
16680,heldout,16680
16685,heldout,16685
16688,heldout,16688
16691,heldout,16691
16694,heldout,16694
16696,heldout,16696
16705,heldout,16705
16712,heldout,16712
16719,heldout,16719
16722,heldout,16722
16729,heldout,16729
16730,heldout,16730
16734,heldout,16734
16736,heldout,16736
16738,heldout,16738
16740,heldout,16740
16748,heldout,16748
16754,heldout,16754
16756,heldout,16756
16769,heldout,16769
16773,heldout,16773
16774,heldout,16774
16777,heldout,16777
16778,heldout,16778
16784,heldout,16784
16787,heldout,16787
16789,heldout,16789
16790,heldout,16790
16792,heldout,16792
16794,heldout,16794
16796,heldout,16796
16797,heldout,16797
16812,heldout,16812
16817,heldout,16817
16818,heldout,16818
16820,heldout,16820
16829,heldout,16829
16831,heldout,16831
16832,heldout,16832
16835,heldout,16835
16836,heldout,16836
16848,heldout,16848
16876,heldout,16876
16879,heldout,16879
16884,heldout,16884
16888,heldout,16888
16890,heldout,16890
16892,heldout,16892
16894,heldout,16894
16896,heldout,16896
16897,heldout,16897
16900,heldout,16900
16902,heldout,16902
16906,heldout,16906
16911,heldout,16911
16916,heldout,16916
16927,heldout,16927
16929,heldout,16929
16930,heldout,16930
16945,heldout,16945
16947,heldout,16947
16969,heldout,16969
16973,heldout,16973
16974,heldout,16974
16978,heldout,16978
16988,heldout,16988
16989,heldout,16989
17003,heldout,17003
17039,heldout,17039
17040,heldout,17040
17042,heldout,17042
17044,heldout,17044
17046,heldout,17046
17049,heldout,17049
17051,heldout,17051
17063,heldout,17063
17064,heldout,17064
17066,heldout,17066
17068,heldout,17068
17071,heldout,17071
17075,heldout,17075
17079,heldout,17079
17081,heldout,17081
17082,heldout,17082
17089,heldout,17089
17095,heldout,17095
17100,heldout,17100
17108,heldout,17108
17112,heldout,17112
17113,heldout,17113
17121,heldout,17121
17122,heldout,17122
17134,heldout,17134
17140,heldout,17140
17144,heldout,17144
17147,heldout,17147
17148,heldout,17148
17149,heldout,17149
17151,heldout,17151
17152,heldout,17152
17155,heldout,17155
17159,heldout,17159
17164,heldout,17164
17165,heldout,17165
17170,heldout,17170
17176,heldout,17176
17181,heldout,17181
17184,heldout,17184
17191,heldout,17191
17192,heldout,17192
17195,heldout,17195
17213,heldout,17213
17215,heldout,17215
17229,heldout,17229
17234,heldout,17234
17239,heldout,17239
17243,heldout,17243
17245,heldout,17245
17246,heldout,17246
17253,heldout,17253
17254,heldout,17254
17260,heldout,17260
17262,heldout,17262
17272,heldout,17272
17274,heldout,17274
17276,heldout,17276
17288,heldout,17288
17293,heldout,17293
17296,heldout,17296
17297,heldout,17297
17302,heldout,17302
17306,heldout,17306
17312,heldout,17312
17318,heldout,17318
17319,heldout,17319
17323,heldout,17323
17332,heldout,17332
17339,heldout,17339
17340,heldout,17340
17343,heldout,17343
17352,heldout,17352
17355,heldout,17355
17360,heldout,17360
17363,heldout,17363
17372,heldout,17372
17375,heldout,17375
17378,heldout,17378
17381,heldout,17381
17383,heldout,17383
17386,heldout,17386
17389,heldout,17389
17391,heldout,17391
17409,heldout,17409
17419,heldout,17419
17423,heldout,17423
17440,heldout,17440
17453,heldout,17453
17456,heldout,17456
17458,heldout,17458
17465,heldout,17465
17471,heldout,17471
17472,heldout,17472
17474,heldout,17474
17478,heldout,17478
17479,heldout,17479
17489,heldout,17489
17490,heldout,17490
17491,heldout,17491
17501,heldout,17501
17506,heldout,17506
17508,heldout,17508
17509,heldout,17509
17515,heldout,17515
17525,heldout,17525
17532,heldout,17532
17536,heldout,17536
17540,heldout,17540
17543,heldout,17543
17564,heldout,17564
17568,heldout,17568
17580,heldout,17580
17584,heldout,17584
17585,heldout,17585
17589,heldout,17589
17590,heldout,17590
17595,heldout,17595
17603,heldout,17603
17608,heldout,17608
17610,heldout,17610
17614,heldout,17614
17625,heldout,17625
17627,heldout,17627
17632,heldout,17632
17637,heldout,17637
17644,heldout,17644
17646,heldout,17646
17649,heldout,17649
17651,heldout,17651
17657,heldout,17657
17659,heldout,17659
17660,heldout,17660
17662,heldout,17662
17663,heldout,17663
17668,heldout,17668
17669,heldout,17669
17684,heldout,17684
17685,heldout,17685
17686,heldout,17686
17690,heldout,17690
17697,heldout,17697
17699,heldout,17699
17701,heldout,17701
17704,heldout,17704
17710,heldout,17710
17724,heldout,17724
17745,heldout,17745
17748,heldout,17748
17753,heldout,17753
17758,heldout,17758
17761,heldout,17761
17765,heldout,17765
17779,heldout,17779
17781,heldout,17781
17786,heldout,17786
17799,heldout,17799
17808,heldout,17808
17812,heldout,17812
17818,heldout,17818
17823,heldout,17823
17829,heldout,17829
17842,heldout,17842
17851,heldout,17851
17856,heldout,17856
17862,heldout,17862
17872,heldout,17872
17873,heldout,17873
17875,heldout,17875
17878,heldout,17878
17879,heldout,17879
17881,heldout,17881
17884,heldout,17884
17899,heldout,17899
17902,heldout,17902
17908,heldout,17908
17924,heldout,17924
17930,heldout,17930
17935,heldout,17935
17936,heldout,17936
17951,heldout,17951
17965,heldout,17965
17968,heldout,17968
17970,heldout,17970
17977,heldout,17977
17978,heldout,17978
17998,heldout,17998
18002,heldout,18002
18009,heldout,18009
18011,heldout,18011
18016,heldout,18016
18026,heldout,18026
18029,heldout,18029
18030,heldout,18030
18035,heldout,18035
18041,heldout,18041
18042,heldout,18042
18045,heldout,18045
18046,heldout,18046
18054,heldout,18054
18055,heldout,18055
18059,heldout,18059
18063,heldout,18063
18068,heldout,18068
18074,heldout,18074
18080,heldout,18080
18089,heldout,18089
18095,heldout,18095
18096,heldout,18096
18097,heldout,18097
18101,heldout,18101
18105,heldout,18105
18107,heldout,18107
18109,heldout,18109
18112,heldout,18112
18117,heldout,18117
18118,heldout,18118
18120,heldout,18120
18123,heldout,18123
18137,heldout,18137
18152,heldout,18152
18163,heldout,18163
18185,heldout,18185
18192,heldout,18192
18194,heldout,18194
18202,heldout,18202
18204,heldout,18204
18209,heldout,18209
18212,heldout,18212
18219,heldout,18219
18226,heldout,18226
18229,heldout,18229
18232,heldout,18232
18255,heldout,18255
18257,heldout,18257
18270,heldout,18270
18279,heldout,18279
18281,heldout,18281
18283,heldout,18283
18292,heldout,18292
18293,heldout,18293
18294,heldout,18294
18299,heldout,18299
18301,heldout,18301
18303,heldout,18303
18306,heldout,18306
18319,heldout,18319
18323,heldout,18323
18348,heldout,18348
