seed,channel,mean_gate,sd_across_samples
45,0,0.5011563722147953,0.02368602564467547
45,1,0.5264351476422904,0.026567837165009843
45,2,0.5414138561564168,0.06831412707260075
45,3,0.4622393678249614,0.03196097450130042
45,4,0.5511204155353489,0.09144194835497088
45,5,0.4824047749801688,0.04741085253654702
45,6,0.48414781695327297,0.05852293650610618
45,7,0.5885725477531236,0.06724122918171187
45,8,0.5249785531777255,0.03643151084496638
45,9,0.49039828006801495,0.027214081954116495
45,10,0.517996659316153,0.015506654923176658
45,11,0.5163158933301066,0.03372916275476727
45,12,0.46987650534641984,0.04415539193858678
45,13,0.4836813707994855,0.040717240248667956
45,14,0.5385249250072722,0.05356371126676719
45,15,0.5122878401765172,0.014461941825324695
45,16,0.46421302135572806,0.05673580826622456
45,17,0.5626281552702401,0.10748070366065515
45,18,0.5257445143424399,0.05172026696013388
45,19,0.48358210485124303,0.040349622098289115
45,20,0.5310465105416657,0.027357155718497696
45,21,0.5491473037790734,0.06353917608365742
45,22,0.49310290884894975,0.026138066843229526
45,23,0.538653026720045,0.02264226835738949
45,24,0.5068706173257127,0.02052097755741849
45,25,0.5574411564852011,0.056676958600344024
45,26,0.6065392713387486,0.08937531091227316
45,27,0.4707267473408203,0.03850036845105534
45,28,0.5006359879138366,0.05933499491476825
45,29,0.46010654441460613,0.06045532625497972
45,30,0.5467189900986682,0.03131909483452643
45,31,0.5410994263862658,0.02260300035722447
45,32,0.5527700557699906,0.059765087668551126
45,33,0.45172098224763096,0.07706060035370496
45,34,0.4870864077497229,0.04119328542311763
45,35,0.48258274918822885,0.0675341397929123
45,36,0.4876861492746215,0.029993191795990803
45,37,0.5321389058513394,0.035142681925784736
45,38,0.4271112057205663,0.07382278133197662
45,39,0.5328187402594559,0.054935625806832124
45,40,0.5797022146528594,0.07687238422927886
45,41,0.5186223629962545,0.03668326761376375
45,42,0.44974967146877215,0.0440846671129377
45,43,0.48347184284307687,0.055331707669765196
45,44,0.5150341494060151,0.02238151520197847
45,45,0.5735436589953127,0.07552644039701963
45,46,0.5029285462966038,0.023408919500830152
45,47,0.5487308907945988,0.027056579173577077
45,48,0.48309212552652187,0.047083347924186336
45,49,0.5187854909824752,0.07071077333141777
45,50,0.4508456427047592,0.07492426501224002
45,51,0.528377025882691,0.02152212206960503
45,52,0.5112311558256304,0.04378924357533149
45,53,0.535523228685466,0.07345355418008252
45,54,0.5300557439475854,0.021408274434225234
45,55,0.5343806866611414,0.03631988695016271
45,56,0.5000426035200043,0.052273536845483956
45,57,0.6156925942562247,0.08013948224077706
45,58,0.4576479793585452,0.04147500750759673
45,59,0.4080336666728134,0.06328053124522005
45,60,0.5375346776942612,0.04254279706375408
45,61,0.47673508393363734,0.02320274050888694
45,62,0.4693880322998904,0.08153079967572453
45,63,0.5338094009970772,0.05273934489660964
45,64,0.5728015977927257,0.0333659871595836
45,65,0.5189479415354232,0.02396354632725764
45,66,0.5810550483430704,0.07119682163629855
45,67,0.5216620642486232,0.035620582190604606
45,68,0.5572639820293556,0.05450449933843362
45,69,0.5155558408829832,0.045521554716735975
45,70,0.5673621378480553,0.07966136939333447
45,71,0.5403208432259666,0.048990862072857105
45,72,0.5598889956216179,0.057856836708520126
45,73,0.44513447694847813,0.054909130170300476
45,74,0.4790979536724293,0.018315436783485156
45,75,0.5566937089979646,0.04139846752713636
45,76,0.5453266595122224,0.06737762205454088
45,77,0.44872833634860926,0.030501710682241973
45,78,0.5043339198946933,0.020655749718925625
45,79,0.48927957444225273,0.019018684471040256
45,80,0.5315175439667352,0.03432454651778962
45,81,0.555167353338996,0.0635854898158991
45,82,0.5280136135851065,0.04605336459762284
45,83,0.5254244457773829,0.06342540255676056
45,84,0.5689311411987045,0.03581067290984708
45,85,0.5458883430232523,0.05800404167855969
45,86,0.49816834474528365,0.015358149196060211
45,87,0.5091176921633591,0.015594705630633482
45,88,0.48788643205470494,0.0482939278335114
45,89,0.48681745787430203,0.04877340166574447
45,90,0.5410834604639101,0.04288350798327516
45,91,0.4983210678708681,0.03219727197298732
45,92,0.44429628708762303,0.05916853899850574
45,93,0.4694789466332176,0.05254367943758279
45,94,0.5904532565392702,0.09394613065495545
45,95,0.5523054971637398,0.08089008989580528
45,96,0.5074962355723818,0.08776594146006673
45,97,0.5862797588842321,0.0951182515271668
45,98,0.5479648257723714,0.05696576281768122
45,99,0.5007731475125592,0.01678436413854779
45,100,0.5142172002707269,0.039248989644296614
45,101,0.4345227466156416,0.07864083964349437
45,102,0.4362644965590972,0.057404903440100616
45,103,0.4650780217141434,0.03838522303002228
45,104,0.5673915108029787,0.0446340686300377
45,105,0.4876740606241783,0.02569823061444033
45,106,0.5427478905894065,0.09767965020136457
45,107,0.4919186284358525,0.04869448430143089
45,108,0.4439478730503262,0.04307738630571844
45,109,0.529859264119538,0.04186931877284971
45,110,0.47690546637477,0.04122430105779472
45,111,0.5239052975924081,0.0517754857614177
45,112,0.5506663777237399,0.04169288373339618
45,113,0.5031769950224361,0.02730121903328816
45,114,0.47868822530031346,0.02275623428937094
45,115,0.5469915063879519,0.10343477520909794
45,116,0.48564820288020455,0.008675987174581934
45,117,0.585825941984591,0.05764032615114813
45,118,0.5182804042478611,0.04410672203044654
45,119,0.5786563878354146,0.08085793769421691
45,120,0.47377518778119315,0.026255009691200686
45,121,0.5929488032522016,0.11661611821032036
45,122,0.46225840724638906,0.031175643043551436
45,123,0.47446193284496835,0.04435921743800809
45,124,0.4767311950853746,0.018029990371935464
45,125,0.4474601801920215,0.05169451900902207
45,126,0.49530503025680045,0.02999009062696342
45,127,0.5800758413850712,0.0819089819061166
45,128,0.4731729704794725,0.02808311075491698
45,129,0.46553173597902264,0.0254847866250427
45,130,0.44802835063733487,0.06143736125860754
45,131,0.5234197619720902,0.028572995351958452
45,132,0.5292936992786212,0.03460637516430466
45,133,0.518096918331429,0.03655640226937226
45,134,0.514354390076108,0.007583339325115972
45,135,0.5490156375507058,0.06648223502950718
45,136,0.44283438353410426,0.08228797562951012
45,137,0.5034814324244773,0.03550328803207454
45,138,0.5291286476209353,0.03716695658216558
45,139,0.4977572545224897,0.017910365792553017
45,140,0.5475478940865379,0.10369102462361948
45,141,0.5205270730250084,0.042035104938190244
45,142,0.5145480620197228,0.022663839341023482
45,143,0.5248705898358543,0.04653326440069961
45,144,0.5288592310329941,0.021968802487086204
45,145,0.5382582999874265,0.03302590753589466
45,146,0.45008722488895614,0.057138392567119466
45,147,0.5853098667474012,0.07559884367287951
45,148,0.5129292356391788,0.03252307936071511
45,149,0.5819416314855503,0.07983410412517637
45,150,0.4646796664671762,0.023248376665722444
45,151,0.4928878049597015,0.03893604875153947
45,152,0.5649666551678978,0.06528851949584139
45,153,0.5570523687531524,0.04410072070780543
45,154,0.5112745881791869,0.05529828847806864
45,155,0.46397315201262834,0.04638584267587972
45,156,0.48951174546046744,0.018305894401628612
45,157,0.5972093597995496,0.08852057628996114
45,158,0.5387063051013149,0.082658440630825
45,159,0.48846858666292986,0.040384386402245745
45,160,0.48667336966350594,0.03409429306667816
45,161,0.5396786901058764,0.02723386392374492
45,162,0.5353741482974385,0.07279831413696182
45,163,0.46781845337128775,0.012379212287624359
45,164,0.40759840431862526,0.09297075354567168
45,165,0.512066697492032,0.027569538870939415
45,166,0.5755978752866803,0.08455995529213736
45,167,0.4924722177445944,0.03083824972781731
45,168,0.4414566761887587,0.05598732527543955
45,169,0.4788533454905126,0.07149744883690032
45,170,0.503566619185981,0.0346458690413241
45,171,0.5829824999048685,0.05166276777201968
45,172,0.46687752066896326,0.028255348962059598
45,173,0.4891401702186064,0.042765294337396925
45,174,0.4581007244414428,0.07016241302324171
45,175,0.509929963016045,0.0256708384212438
45,176,0.5484463557367955,0.07033491836857961
45,177,0.5432570596982015,0.07520496245310804
45,178,0.36829316586585664,0.07801025671684333
45,179,0.49987429265286665,0.014844951368574567
45,180,0.5386494297325362,0.06532825664899113
45,181,0.5457231788562376,0.06806472940464013
45,182,0.5748197816538433,0.06466661197229905
45,183,0.5208319987804761,0.08254174963268504
45,184,0.4493054903876013,0.03150888892000607
45,185,0.5343718705096505,0.05103055024402497
45,186,0.5085488995846199,0.04458043238118559
45,187,0.4950270023825564,0.017787472280490126
45,188,0.5879481865236923,0.10356866336524125
45,189,0.5925733898826979,0.09177672081824113
45,190,0.49961475756703194,0.03014149929459668
45,191,0.5052088451880444,0.030446424084485033
45,192,0.541703285784096,0.034409560115538924
45,193,0.4614591422389133,0.03260561205839653
45,194,0.5126944146061868,0.03788711475690146
45,195,0.4616604550738416,0.04111412413194538
45,196,0.5574655119862107,0.07768577606959841
45,197,0.4938492507565764,0.06465987048980751
45,198,0.5294725182046294,0.024460117247184308
45,199,0.5056872853224449,0.021554333593747296
45,200,0.567736750622572,0.05661900780875059
45,201,0.49197624081981506,0.05365208523346693
45,202,0.45868032170577455,0.024653213634821196
45,203,0.5077544087555755,0.04761950466564133
45,204,0.513164813606991,0.02596827635691742
45,205,0.4616872904681058,0.03967566062330919
45,206,0.47388774427751595,0.05302433350590786
45,207,0.46221256177672077,0.02935609320089899
45,208,0.4844984253284386,0.048639695625619525
45,209,0.5211641506210684,0.026968302764726337
45,210,0.5114673986452084,0.022748894080332236
45,211,0.5926738065484108,0.030704825319317758
45,212,0.5206973507496172,0.03220576450934854
45,213,0.5505512243008176,0.0595674085737264
45,214,0.44078991621682373,0.071332689420414
45,215,0.5830281513013846,0.051500285440471694
45,216,0.5449175137184312,0.059010120644097656
45,217,0.5037344126394644,0.04176388544285491
45,218,0.4678688744709341,0.0200395287906465
45,219,0.49322352801747316,0.0431878127517438
45,220,0.527980887359841,0.06395097350801367
45,221,0.5388959327059364,0.027441480182868974
45,222,0.5413406336884963,0.036439687236755565
45,223,0.5671208381363788,0.06539459864490244
45,224,0.5115978228817232,0.053838038093137995
45,225,0.5454298104228801,0.07824369323223698
45,226,0.47167663011915684,0.053375434171617206
45,227,0.4797385755607895,0.03710733477973437
45,228,0.49952797971421065,0.04590449695731518
45,229,0.5508262186143169,0.03795693073019327
45,230,0.495345398458104,0.03528594771580817
45,231,0.5487762405759585,0.06808297570569447
45,232,0.5501809131463906,0.05025896363176693
45,233,0.5027681680581215,0.02947322671284695
45,234,0.5260945216145222,0.03460414600723925
45,235,0.5322257548396883,0.05102987484714882
45,236,0.469906080267978,0.030060664301972302
45,237,0.5702171012152705,0.09568745158026432
45,238,0.5185342461775221,0.019951746836875686
45,239,0.5432313158470805,0.03358607905026842
45,240,0.4760359481284776,0.059981066677538324
45,241,0.48209647912488857,0.053854098286060845
45,242,0.500047684173743,0.024528938337019503
45,243,0.4885566746650103,0.031423639838781825
45,244,0.4951150983414494,0.05585764234748204
45,245,0.49375091268471566,0.018902071658801655
45,246,0.5553311778629585,0.07218163307062148
45,247,0.5415156920901412,0.06540861747634855
45,248,0.5295617680685895,0.05952397786264843
45,249,0.4643912572162597,0.060682204930219724
45,250,0.5674874116154852,0.04970125623988468
45,251,0.5402525146069374,0.05824276550727056
45,252,0.6082028092522456,0.058176648953534034
45,253,0.5637263532445612,0.06270923051509537
45,254,0.5094208298817854,0.032903498595909485
45,255,0.47432882167081875,0.029331008086135993
45,256,0.5245349194326953,0.04813495478346511
45,257,0.46480010560226204,0.03878291282111445
45,258,0.45036648479442287,0.03457621662156431
45,259,0.5277062626532727,0.06941411150184383
45,260,0.59147604126401,0.05947024926133361
45,261,0.5469835134271718,0.03454186836048164
45,262,0.5064237189427362,0.02257359848722731
45,263,0.5545943988244462,0.07371468316105428
45,264,0.5321559487542475,0.03352514686150747
45,265,0.4527710368654315,0.03899224419163873
45,266,0.45319958441440517,0.043682676078969314
45,267,0.4601949984105752,0.026976651667160328
45,268,0.5118849711922062,0.022689626831723875
45,269,0.45394978012297127,0.06419234687422275
45,270,0.5187974369526559,0.06442717381905086
45,271,0.5485968270682057,0.05762427317308953
45,272,0.5012567816511757,0.034354759368031125
45,273,0.5785130789895307,0.09420065551023246
45,274,0.5566899328831203,0.03263311839905569
45,275,0.5869323259665779,0.08108151696355773
45,276,0.49909687759323756,0.04653478460091116
45,277,0.47147260052072565,0.09154259343760936
45,278,0.4327735132193985,0.07361001571923159
45,279,0.5061800465761515,0.04493422365068236
45,280,0.453516949918727,0.05868863040292351
45,281,0.5338239743765684,0.06505042474363976
45,282,0.5126922721759647,0.029119698903570183
45,283,0.4980470486614923,0.04280842443823791
45,284,0.5216897031201891,0.03693847135163347
45,285,0.5153914846052418,0.04071286484459658
45,286,0.5621000497921061,0.0983613629489425
45,287,0.4529969440421467,0.030762109521701456
45,288,0.5655706095554547,0.0891650589244255
45,289,0.5104915751431,0.028715252772538263
45,290,0.567416822511494,0.032638230900971656
45,291,0.49977472077817453,0.02867468664766609
45,292,0.5002676583191215,0.02844966625879005
45,293,0.42957734903645944,0.04606798249589133
45,294,0.5697200012546089,0.08329271230748726
45,295,0.5126628128084338,0.0378338044664362
45,296,0.5640086853613953,0.06101853883049207
45,297,0.4888749305366502,0.03781781909464703
45,298,0.49866124743701573,0.04638495475444281
45,299,0.46663312341727425,0.030865429423330936
45,300,0.5306597389327481,0.023539935779227184
45,301,0.49898410229269036,0.031177764979435637
45,302,0.5369402325290403,0.037959284717383635
45,303,0.5060850836152713,0.05188567420528442
45,304,0.5507089084713866,0.05648373455416056
45,305,0.5678086322766522,0.0751911225545475
45,306,0.46951359730127207,0.007245242722694789
45,307,0.41568708222990486,0.061749461705882795
45,308,0.5740135306283277,0.06320501476984279
45,309,0.5771394295178791,0.08217235548119273
45,310,0.574222698993646,0.06725366391665995
45,311,0.44166880701826633,0.04931431245024256
45,312,0.5375047181095342,0.0703295906770588
45,313,0.4916721744796648,0.011978543158921903
45,314,0.5210189353764976,0.040238483826400995
45,315,0.4967839730465983,0.029883142166090865
45,316,0.5137158433390607,0.02247180711541111
45,317,0.4996711232678699,0.015375199390238264
45,318,0.4913724709718499,0.03308562013352756
45,319,0.4092580249479978,0.07970834422717595
45,320,0.49756075932642735,0.013364434190284063
45,321,0.5546537287188623,0.0501053683373124
45,322,0.44869142242694676,0.06587892867722725
45,323,0.500217333297174,0.02652897568099159
45,324,0.46713118740098,0.041762280500206105
45,325,0.4909899041632284,0.02579473814846355
45,326,0.5293163748837905,0.04521990694157267
45,327,0.5132491211066134,0.053712004234917336
45,328,0.5049489404173344,0.01703251927270237
45,329,0.5323106727729745,0.03099038745045875
45,330,0.47787428641555707,0.024820239804286496
45,331,0.5531399780295236,0.09192647298479936
45,332,0.5481525617422528,0.07220953874331658
45,333,0.5753506284032746,0.07182070055170195
45,334,0.5285632138871785,0.058175695195335865
45,335,0.5292694298557084,0.08626089120909933
45,336,0.5601630462831368,0.09538633086818782
45,337,0.5078065421304176,0.026243800380636725
45,338,0.5207361058452139,0.0528267618378878
45,339,0.5648493188145778,0.05060262331824983
45,340,0.5074545468048901,0.06778403815560545
45,341,0.5354120872497871,0.04742631219557957
45,342,0.5007604685591878,0.05635086948510414
45,343,0.5728575425018623,0.040896543512389395
45,344,0.5365447403802889,0.041552109472821924
45,345,0.48378667485283317,0.051092845619686356
45,346,0.4430209719530017,0.046235787770664005
45,347,0.6157526346420337,0.07990658825680941
45,348,0.5395517645610072,0.061527667425989245
45,349,0.48470210391695817,0.037908189999916304
45,350,0.4953644571999714,0.024345923584104565
45,351,0.5151258144467389,0.03228029735316814
45,352,0.4682142236934516,0.032157411302351946
45,353,0.4518093954901055,0.02713340926486375
45,354,0.4849361980805142,0.027171939021031717
45,355,0.47490870709842226,0.04954321848525573
45,356,0.5342036900238166,0.03734831026975348
45,357,0.5157258598260682,0.07797459841831822
45,358,0.4775430338246838,0.02964981398118057
45,359,0.5159423776506397,0.034023539028739
45,360,0.49536209616363325,0.01819657098793955
45,361,0.5003574547170456,0.029572219876797246
45,362,0.5201232842461638,0.05407967228332456
45,363,0.48422161555774773,0.046096965175469046
45,364,0.5377977386645542,0.04617469207795681
45,365,0.5049334159226975,0.04051545323433223
45,366,0.4743276780170491,0.10407702547694421
45,367,0.5948101667456813,0.08976322397472168
45,368,0.502291344442738,0.02557580737563824
45,369,0.5032145630216908,0.05517274093812006
45,370,0.47424512292093873,0.028885182634059616
45,371,0.6116582156137012,0.05672338414690044
45,372,0.4653089440795165,0.022941271341063954
45,373,0.5926056686963969,0.06553757164486708
45,374,0.4463451348558951,0.0743821324544124
45,375,0.5371206076809127,0.026631671283320054
45,376,0.5256811951441913,0.018982712574300363
45,377,0.5438868636731743,0.03676463494598282
45,378,0.5138909734689344,0.033478845217193826
45,379,0.560253823811252,0.03855999109376413
45,380,0.514804199098443,0.047134325259725114
45,381,0.456508170419744,0.04908044509277721
45,382,0.5272193530034819,0.059831035330106044
45,383,0.46421757609663766,0.029985843188770355
45,384,0.5206976748403331,0.025754830819473842
45,385,0.5174089605227703,0.03530525520568186
45,386,0.5608269806707912,0.016125799261523983
45,387,0.4791707301626334,0.04997525982906494
45,388,0.580156281628622,0.07667565280261156
45,389,0.5254817422580272,0.03225472115615874
45,390,0.43400807698835103,0.08955205701950664
45,391,0.5542411397459954,0.07307606031185979
45,392,0.45467618454323017,0.04860132827868475
45,393,0.5432104865439301,0.08296538086521614
45,394,0.436079389669457,0.05044064492235668
45,395,0.4420023399569037,0.060157443184417125
45,396,0.5568649916517528,0.03786804439557834
45,397,0.5081206519441476,0.028156950348809464
45,398,0.4794897923159455,0.07356479889065219
45,399,0.4547779968468453,0.05657103830852314
45,400,0.5652851298129091,0.06781968866599916
45,401,0.4687163534962968,0.06349567420113962
45,402,0.5036968954874892,0.04045215384118737
45,403,0.4928857234364432,0.014662968522014128
45,404,0.555494016932446,0.058358667027501164
45,405,0.5273449805746389,0.023649914944183045
45,406,0.5082127509185718,0.02750145458585849
45,407,0.6137123843314491,0.10087925936911395
45,408,0.5319777024816584,0.023436669139708315
45,409,0.51626957270233,0.036397952904700846
45,410,0.4561702584720844,0.0254479385785514
45,411,0.4822133685489224,0.027139532142424285
45,412,0.5516873400396322,0.09645557852306683
45,413,0.5287954703112204,0.04803184627727619
45,414,0.46151989445415875,0.03558227900271297
45,415,0.5785606930978563,0.07074780835545834
45,416,0.44142971039857615,0.09480746741710713
45,417,0.5304139745074358,0.03027381028372814
45,418,0.4825091197212301,0.039173670373179176
45,419,0.5042747285332543,0.04231721283337281
45,420,0.5043279787425364,0.03230797403365017
45,421,0.4346251854070076,0.08256014815399153
45,422,0.5098610073498522,0.015483598703393501
45,423,0.5432109416167703,0.06856292891982128
45,424,0.5548826186723724,0.06403716401467335
45,425,0.5378135727457745,0.054543459803900324
45,426,0.5381639968655203,0.03577719452814855
45,427,0.5028759523035102,0.04478848749007336
45,428,0.5020481841473763,0.02379155477514742
45,429,0.46933309294050773,0.027738313111742335
45,430,0.5583114835918226,0.08784904776922042
45,431,0.5950250595179604,0.07053067017125116
45,432,0.5428294883738004,0.06789474055923654
45,433,0.5261914422354477,0.024975811571222636
45,434,0.4841749533959736,0.05466985306130668
45,435,0.5045030580023969,0.05775231491818535
45,436,0.5498392051723694,0.0323239737648118
45,437,0.4871774887198136,0.022797627908386055
45,438,0.4856047899087937,0.031243607596262376
45,439,0.5129711371409836,0.017185352020968627
45,440,0.5405641446264668,0.07087080650076488
45,441,0.5665819802407912,0.04902783931600691
45,442,0.5594032927572204,0.06477841958773387
45,443,0.4872370202414822,0.026862058238352454
45,444,0.5022938577026422,0.015328577408215414
45,445,0.5945965955479947,0.0771783811093983
45,446,0.4357069954133999,0.0658914362241726
45,447,0.5397218352655933,0.03482684737059665
45,448,0.5667626486076994,0.07313263033713487
45,449,0.49635326582060546,0.0412546482077016
45,450,0.46257467229918536,0.027439780469328656
45,451,0.4217882690006255,0.07579012333660462
45,452,0.5322984399304743,0.024233442071704924
45,453,0.5084281326272355,0.03363228347881968
45,454,0.6032452004381806,0.11572069242389414
45,455,0.5807383896667601,0.05833979762435204
45,456,0.5686272447835923,0.07774612576034574
45,457,0.5343693073101929,0.0480055174322632
45,458,0.5232279280651521,0.052143458972177356
45,459,0.5826385934570599,0.06309609276485918
45,460,0.5951803105374887,0.10414593887734602
45,461,0.4917150372082626,0.013832077890431633
45,462,0.543497985428324,0.04925570042973162
45,463,0.5915167111015798,0.07665186997957028
45,464,0.5810421844246615,0.09153949925154632
45,465,0.5617230230749436,0.06688050843097242
45,466,0.5082610663712035,0.026470698152101346
45,467,0.4183670502118062,0.058674656395092235
45,468,0.5216210613486254,0.03052807185758342
45,469,0.5030428236631037,0.027202278365507142
45,470,0.44217636682600997,0.039949181395943494
45,471,0.46414665115345327,0.036896250509601554
45,472,0.4969736984924082,0.02657160507269416
45,473,0.5605980326731459,0.030140091879855675
45,474,0.5094278301327766,0.06785441391453075
45,475,0.5535401898509169,0.05019785481305691
45,476,0.5164947365568696,0.03828924226239491
45,477,0.4508196065041088,0.047623958878173854
45,478,0.4882366961191079,0.04378085631983
45,479,0.5387100659569414,0.07673656728005278
45,480,0.5311733335946708,0.04343158986281286
45,481,0.5561032898483345,0.08835738553691715
45,482,0.4959819413417498,0.03629395330525754
45,483,0.44422949553315455,0.027926857928993916
45,484,0.5846380385554649,0.06367932702749213
45,485,0.500263582841386,0.04112324059602277
45,486,0.4932269409963859,0.020116496637993704
45,487,0.4559211442904181,0.05828873971191206
45,488,0.4461666807870881,0.052210995441170784
45,489,0.5351362774295846,0.03273413258107085
45,490,0.5634049898154442,0.04348228468498047
45,491,0.46172767922071933,0.05161496875832285
45,492,0.5205169071464235,0.03324251770671919
45,493,0.5053519622926094,0.040921344948684435
45,494,0.4738603956038923,0.016012006955838872
45,495,0.4467778264313558,0.03718532628531332
45,496,0.5444488146467727,0.06629549917238188
45,497,0.5130854114400512,0.03836802164465242
45,498,0.552152865591838,0.05922777775136523
45,499,0.4967027172313908,0.01672780211089964
45,500,0.4760868940919529,0.034762372424181884
45,501,0.48751049455047624,0.025303841828257158
45,502,0.5642107966981817,0.08311512467819343
45,503,0.5496583203980235,0.029772159372306616
45,504,0.5069758805573645,0.024649424925086
45,505,0.48138633430156763,0.02099107493862865
45,506,0.47079099747151604,0.048684550280506785
45,507,0.5743267399874499,0.07769860789765419
45,508,0.5207206573592462,0.016793803136486072
45,509,0.476189837769865,0.025608760183535636
45,510,0.43687301772021275,0.02863356561460139
45,511,0.4689548539250175,0.04077072290588933
45,512,0.451159389449135,0.0306455742734368
45,513,0.46114939605969535,0.026866711721726284
45,514,0.5181018192748741,0.04361593906975106
45,515,0.4956426107350185,0.03155337315916762
45,516,0.5163497561568078,0.06105345407872297
45,517,0.5807530505305927,0.10563562928011953
45,518,0.49110849829374303,0.0581196151651534
45,519,0.5598621292574909,0.041406915784131616
45,520,0.5278768531341991,0.08323378790835363
45,521,0.5615982388771958,0.03612067710736462
45,522,0.5205596323764299,0.029473753672767875
45,523,0.5501976956829079,0.05545551592511295
45,524,0.48500661085666913,0.008883808751721857
45,525,0.5023665172634272,0.07208609957559821
45,526,0.6241849918544231,0.09222056304629586
45,527,0.5759524544506627,0.06535191395434571
45,528,0.5587683723179812,0.04859935287041508
45,529,0.4728710313509227,0.05205427536851261
45,530,0.5094082266236822,0.06912910793403151
45,531,0.4443331817132033,0.03728352901146171
45,532,0.4231011076299383,0.08327219978344313
45,533,0.41282007358499373,0.08062713548244503
45,534,0.4860200434379186,0.04228793094316655
45,535,0.4955654828053355,0.05800656208022976
45,536,0.5156340145278171,0.013492900296529131
45,537,0.5089605492103043,0.029054779148204084
45,538,0.5384302954043587,0.0470509361956327
45,539,0.4586081015705146,0.024707957927649845
45,540,0.4830725499198579,0.054419453908973806
45,541,0.5417313256481587,0.07634786218364899
45,542,0.46990741908936734,0.018191998063379723
45,543,0.4344315738068844,0.052792140504861654
45,544,0.4948956821716066,0.060420318231873965
45,545,0.5020990619518215,0.05781145917931528
45,546,0.5731534093759667,0.075855648652773
45,547,0.4927443755258885,0.032140911594760714
45,548,0.540373470392473,0.04764102106044712
45,549,0.4869543176668253,0.0428213856226424
45,550,0.5815817479693531,0.08315149799866513
45,551,0.41611127524517383,0.08633146129740775
45,552,0.49362522499902833,0.045576626901295964
45,553,0.4736873026031347,0.06739982451303818
45,554,0.6027692834252604,0.11114198930868946
45,555,0.4929837890735395,0.0333547478441729
45,556,0.4453470384380262,0.03840662724533482
45,557,0.5227922597308448,0.060229773190071924
45,558,0.5833923893585937,0.075617859573368
45,559,0.5422216558585679,0.080778969058752
45,560,0.5408431379559813,0.0275009514367682
45,561,0.4744757495186007,0.04823400216112534
45,562,0.5062733506975151,0.058536542636011074
45,563,0.5333339147643614,0.0415887325236583
45,564,0.5464459714406013,0.05790493994806833
45,565,0.505170820826621,0.02574745220573224
45,566,0.612269984297497,0.08746916387932949
45,567,0.5293774168114503,0.059873023977555666
45,568,0.5151671358335832,0.0374068851098745
45,569,0.5068244403866028,0.01145555125456418
45,570,0.5730583748995807,0.08568887799477738
45,571,0.4568065897093893,0.07163074450556225
45,572,0.5000518329256024,0.05351301560180657
45,573,0.5691428788674922,0.05741452333189441
45,574,0.45587380406775735,0.09660138763581912
45,575,0.5215913138356851,0.026786731032266167
45,576,0.5512840610813693,0.06036516114883332
45,577,0.4604744812139651,0.08321973115042387
45,578,0.4990539244411492,0.021748271371980446
45,579,0.5003660473811596,0.053089041069607545
45,580,0.45477400051260075,0.0980101566380315
45,581,0.5111998529133599,0.010752794312938706
45,582,0.48563779569585425,0.0637801337923198
45,583,0.4664986480768517,0.07536291870470671
45,584,0.5612247037343912,0.07241531070397704
45,585,0.49608920301129916,0.034851742184362586
45,586,0.49823131426110917,0.03177281705381275
45,587,0.4710227633418293,0.012995554113754504
45,588,0.4382158668822101,0.03399010886758214
45,589,0.6099622571090973,0.1123778961258052
45,590,0.5061425819407626,0.04568683126065378
45,591,0.4980258367136052,0.01684449491177127
45,592,0.5116475350553578,0.04266465457475083
45,593,0.39781527087073726,0.09289430825604487
45,594,0.5203897489573477,0.05058424291349219
45,595,0.5004647699911536,0.05176588909788213
45,596,0.5015370143386757,0.02418254422528418
45,597,0.48562182910772445,0.033132107118748706
45,598,0.521674892088571,0.023934524135062186
45,599,0.5983167132850382,0.03692707429839453
45,600,0.5628900051032504,0.08509876211230832
45,601,0.4737247473757215,0.049871248861952856
45,602,0.4990992627841851,0.032768576361249205
45,603,0.48949677117291907,0.058592990405233164
45,604,0.5697819925728971,0.0870465318570241
45,605,0.5024413484640552,0.03633687299302464
45,606,0.5305542315211353,0.040602690314060996
45,607,0.49057274413473867,0.06568617911898926
45,608,0.5139337365993497,0.0159844927079937
45,609,0.5082007147246327,0.03116670614735703
45,610,0.46791611153352086,0.013527209035545185
45,611,0.502015105579839,0.014894471272671206
45,612,0.5159230917450233,0.01684076208021462
45,613,0.5080072909361373,0.04785215653461313
45,614,0.5601105934179155,0.10150104977604882
45,615,0.6229790581290497,0.08480090483537678
45,616,0.5650604487257888,0.03697585378152665
45,617,0.598526762657865,0.05959649954543717
45,618,0.46416338761840237,0.06314628236038322
45,619,0.5396384743327426,0.06781714154700312
45,620,0.5274367856260334,0.07594568682897493
45,621,0.5824930491788065,0.13458216521119087
45,622,0.5930777999910875,0.09580454205303075
45,623,0.5767634372253129,0.051730549638100934
45,624,0.47395944971905246,0.0494126899848386
45,625,0.5675806749492538,0.078486725141931
45,626,0.4797026986764808,0.028255120248697568
45,627,0.5723142303014486,0.07392703975212497
45,628,0.49822490478395953,0.0459086335468622
45,629,0.5714894014097122,0.10173423401807152
45,630,0.5438125817443034,0.06587041538961894
45,631,0.5410097500956144,0.02912262856907505
45,632,0.500833079687342,0.027382781968947202
45,633,0.46746300746522496,0.05560075199547339
45,634,0.5323284348613111,0.06462670642036757
45,635,0.5694301524734143,0.07316146619411303
45,636,0.543809121224248,0.0683730158135246
45,637,0.5527360766504152,0.06216133191621284
45,638,0.4861537003016359,0.07899448271736198
45,639,0.4802324558817151,0.019879122145474118
45,640,0.4813030858017252,0.03530912668801779
45,641,0.49936024632816617,0.03814318301300656
45,642,0.41985491590428947,0.09656420479052209
45,643,0.47192499404160626,0.05151875841947673
45,644,0.4412786088924879,0.04183827005506564
45,645,0.4893239266958924,0.0362540875782933
45,646,0.4850009933161955,0.009932405712881294
45,647,0.43669396949997846,0.0701724107285956
45,648,0.5638038936943759,0.05028639595885053
45,649,0.49248316031687595,0.01572297363570432
45,650,0.5664492707086741,0.06289465293545508
45,651,0.5524554499967711,0.034549581365940454
45,652,0.5376097123846855,0.09528930143032298
45,653,0.5763667762873835,0.057797130213426334
45,654,0.5332282600818925,0.04411104102893857
45,655,0.4675202879348139,0.06076124159999886
45,656,0.5113282071185269,0.03571065419430928
45,657,0.5188933276129193,0.07087588983423228
45,658,0.5458689640911308,0.03677017886520105
45,659,0.531388697142316,0.04021202180833537
45,660,0.5110606564323448,0.02794972579431628
45,661,0.46216238769388246,0.05873688229203683
45,662,0.5395705620790966,0.04936122782794531
45,663,0.5342884700070842,0.024046917609744218
45,664,0.5062869485815377,0.03986586176308397
45,665,0.5236939253654037,0.07348712844612798
45,666,0.548074043072167,0.04403851257695332
45,667,0.5038225851250313,0.04299920322399797
45,668,0.5681824259314233,0.06591574262410661
45,669,0.500495444224302,0.02798785253034557
45,670,0.5659055808276005,0.053245815395176366
45,671,0.5262488402904869,0.03904663524050681
45,672,0.4823594090383605,0.06221920413123051
45,673,0.489444463678662,0.03645938709136773
45,674,0.556863343193441,0.048936272671970614
45,675,0.469054432827686,0.03503321122231108
45,676,0.5486482617244898,0.07273708574144738
45,677,0.5123560674712229,0.04248857957793556
45,678,0.5622671306237196,0.09204412855189253
45,679,0.49209313443010655,0.024267455476863466
45,680,0.5107516001412468,0.03859919395270147
45,681,0.5932491973674974,0.08943162950953608
45,682,0.5089302649275455,0.028850709868120016
45,683,0.5721221087963348,0.07003865787833513
45,684,0.5065420614073908,0.04007375379566906
45,685,0.48714352770604624,0.050257188959495915
45,686,0.6070274067176419,0.10508082032593641
45,687,0.5173754227107497,0.03549381117131658
45,688,0.48223643711832687,0.03648607764155734
45,689,0.47287032993841527,0.04360036865216853
45,690,0.4503232710193771,0.0965943212105892
45,691,0.5503233721787186,0.023550608545895243
45,692,0.5036117698489201,0.050320067159963774
45,693,0.46324219666585825,0.04217172552492444
45,694,0.4786925314086949,0.055629515028357036
45,695,0.5395055890963434,0.06758026595319923
45,696,0.5449593149140597,0.05752762078193001
45,697,0.44679701044105713,0.023528876704253493
45,698,0.4569509629754288,0.09807699456031631
45,699,0.5039821199673706,0.03586349779771398
45,700,0.6066488422652729,0.08572173534381393
45,701,0.5571985969957601,0.08345358619869847
45,702,0.47876166439813755,0.037971615183240784
45,703,0.5011117908276895,0.025941855183745387
45,704,0.49273151805249765,0.03932163343818927
45,705,0.4677879905360327,0.022845977771557276
45,706,0.49201860558997706,0.029903864400218534
45,707,0.5131983919873885,0.03642245546095867
45,708,0.4934745011265087,0.06950839495179206
45,709,0.47283104910211643,0.06542848887016818
45,710,0.4692198215115917,0.029970271683926422
45,711,0.6025261708399207,0.0858509650169948
45,712,0.5765990259757401,0.06680510344671478
45,713,0.5097576354135579,0.04124268111139171
45,714,0.5636390702023478,0.04743301798127846
45,715,0.468282432288024,0.05285670122961652
45,716,0.4080897598641903,0.08745825325116814
45,717,0.570512040719631,0.03524442736050991
45,718,0.5738711056251756,0.08992413344643313
45,719,0.5321357369013705,0.04214037092018059
45,720,0.4990415644487854,0.015590484174211243
45,721,0.4908472110901919,0.017400458206242433
45,722,0.5601993907373529,0.06655156368434686
45,723,0.450143248698552,0.05883753931808997
45,724,0.5113369335074298,0.030292238281369024
45,725,0.56861758305839,0.11582339665023668
45,726,0.5137279473088038,0.05731626121135669
45,727,0.5408581555496995,0.034244611864246065
45,728,0.4950622788474182,0.02426502286786764
45,729,0.533681893693922,0.04218546577274419
45,730,0.6163576854604899,0.07699382415041463
45,731,0.5340163517451667,0.061483762217547124
45,732,0.45683948752088055,0.034296620378925884
45,733,0.475253924958837,0.045845305971502166
45,734,0.47105462202446174,0.050333659754827745
45,735,0.5325378607496776,0.12035719297670079
45,736,0.43514267427992226,0.11347825073570898
45,737,0.5410165253864064,0.019421085970656216
45,738,0.5521274347373629,0.03540187628505401
45,739,0.5826928374819657,0.035621238006686984
45,740,0.5223660557846708,0.09054531488065284
45,741,0.5376997066831508,0.06407578271222338
45,742,0.49465551012862585,0.0350898176872826
45,743,0.4965593842114115,0.029432870222263506
45,744,0.5199345114516516,0.03274915710959365
45,745,0.5569758418096363,0.08420207449132627
45,746,0.48415920488945974,0.04296075491506222
45,747,0.5368453443670691,0.04770816788705352
45,748,0.5120586976055773,0.023342990105563618
45,749,0.507703827188131,0.043968874333569066
45,750,0.4947138253167261,0.025731758567890173
45,751,0.46940092083895063,0.03447071694018422
45,752,0.5845733742807981,0.06628121779178102
45,753,0.49299117848086293,0.06607573589849657
45,754,0.5288675517965868,0.040970338914087266
45,755,0.5483697425170743,0.05847396136960325
45,756,0.469097039169923,0.0353166447290848
45,757,0.5403831343163537,0.06428972137555251
45,758,0.4643185133538584,0.05842769125614347
45,759,0.6000024735138396,0.10205721087638996
45,760,0.5689971304401639,0.07003931622058694
45,761,0.5288356854185801,0.06261971545343359
45,762,0.503232501838952,0.041264545224578064
45,763,0.48785881330575537,0.01975329061203505
45,764,0.5642493662896263,0.11210981507634667
45,765,0.4942720614453658,0.03865387844918065
45,766,0.5086651973270859,0.04931643664469221
45,767,0.46926744695431544,0.03471261219338688
45,768,0.5483677034653325,0.043229807042111365
45,769,0.4609212567502521,0.034382669163907385
45,770,0.5423247417750582,0.07264574690471126
45,771,0.5047141903509907,0.03830079159965561
45,772,0.4587454700420606,0.09529335085498912
45,773,0.5560755787370303,0.04929543175629753
45,774,0.5238198650352235,0.07515521813691255
45,775,0.5060404387474164,0.04005507816640833
45,776,0.4909423823458086,0.013807325752727199
45,777,0.5240732175722009,0.030019362480352224
45,778,0.6039912372605064,0.09011979148792486
45,779,0.527551413092283,0.04774352304393006
45,780,0.5337218622797446,0.0569076559178506
45,781,0.5024842770750605,0.0541256985090208
45,782,0.5019567236016051,0.03114521553576903
45,783,0.5088004861736417,0.06012010073472681
45,784,0.5025396413688262,0.05654293988044341
45,785,0.5345395599253748,0.06486089991324537
45,786,0.507601570306549,0.01931229401393532
45,787,0.5523166491560785,0.058015135449148915
45,788,0.4706352621143159,0.02608097275146327
45,789,0.4095649788722364,0.06697560315246465
45,790,0.5399999599352732,0.05373328858463072
45,791,0.49661093802015077,0.04063703627488734
45,792,0.5657164869838233,0.045906496558504775
45,793,0.47607101799713875,0.03212098029130694
45,794,0.470039201116962,0.041769560043535915
45,795,0.6579503721355034,0.1222329823366498
45,796,0.508160846219273,0.010841935933923444
45,797,0.5441564293425525,0.05729646248486607
45,798,0.5422810709152353,0.03987045975619463
45,799,0.45832531379950586,0.05962500376159885
45,800,0.4706083158702868,0.024114854180476625
45,801,0.4753147551248634,0.06177137139173285
45,802,0.5323374927699945,0.033839023518508
45,803,0.49247110624933793,0.028856344083938543
45,804,0.5643837697849036,0.06992626622951346
45,805,0.5696589481663017,0.06360108956371545
45,806,0.5615870109801135,0.02960141961924496
45,807,0.5031021898600708,0.030678485429538903
45,808,0.4868924588570704,0.06678466495563584
45,809,0.6050285647261379,0.10099010981003739
45,810,0.5083797817196969,0.026977289541116358
45,811,0.5351574354205398,0.03581541015967098
45,812,0.5315228613681223,0.05885191984170863
45,813,0.4635910658620589,0.04431534636520068
45,814,0.5861889380645617,0.07657929011037844
45,815,0.4672428054253698,0.03040174843807899
45,816,0.5233038749050745,0.026765850709902117
45,817,0.4776459636820998,0.06373946327810097
45,818,0.48055344360313684,0.024473164841051054
45,819,0.5959814853618328,0.09189674581055404
45,820,0.5205509275521126,0.03011686752840953
45,821,0.5441338366847178,0.03279725986610676
45,822,0.5750201911762067,0.03578510465478096
45,823,0.4501911240111695,0.0487492663492779
45,824,0.5271491565925448,0.07150452440843544
45,825,0.4914536242107536,0.01795789057253765
45,826,0.5380889240522213,0.05756205019101849
45,827,0.5017995306602818,0.013905426674537067
45,828,0.530530755241411,0.039091111361083446
45,829,0.43846349146007835,0.09420553352924646
45,830,0.5548516059970164,0.06593499251848664
45,831,0.5204278060586187,0.010165319446472565
45,832,0.5190435030824357,0.02876440947068253
45,833,0.6020700641401469,0.0916950352775119
45,834,0.5295624711861281,0.05023103668979285
45,835,0.5930729501969559,0.07292531393205248
45,836,0.5772626412335075,0.06193212381198409
45,837,0.5076026520205928,0.03466805273891126
45,838,0.4789422667251259,0.04799420779839995
45,839,0.48617471906785864,0.0738674321838235
45,840,0.5689836263767037,0.05996703876995002
45,841,0.44887898541897225,0.0747229373540852
45,842,0.5851545288297374,0.07864392305067558
45,843,0.5227705181223076,0.03426368150064751
45,844,0.4978382850316203,0.040744993089567666
45,845,0.5527143574200073,0.04134511994875661
45,846,0.46625388864242484,0.062245356792918316
45,847,0.5417462716727843,0.06456228773008846
45,848,0.6105378078049044,0.10538658918942934
45,849,0.48256400460892396,0.021619121024830906
45,850,0.4788682154902306,0.027516065437632794
45,851,0.5309152063011753,0.0387775239447276
45,852,0.4816014863279076,0.01689300584812179
45,853,0.5176644597363097,0.051859323454827404
45,854,0.521085922168411,0.03408634560633561
45,855,0.5075074369716546,0.022577820081613218
45,856,0.43715881347162605,0.04295254983654223
45,857,0.5312369860924279,0.06406389974608531
45,858,0.532587180787235,0.017495889446388975
45,859,0.5219727025001905,0.04049826431604954
45,860,0.5809813046211157,0.08972736534559175
45,861,0.5219594944139166,0.013688349850714494
45,862,0.4732640938837314,0.04158326203547021
45,863,0.4463883327205636,0.038549983481203066
45,864,0.6054063211706934,0.08198431584759101
45,865,0.4775357064074251,0.020919626584333127
45,866,0.5861775509273038,0.07886086659370688
45,867,0.5525621975165833,0.08601635748295158
45,868,0.51088645372093,0.02691269345213805
45,869,0.5771261120303051,0.11630496853303475
45,870,0.495780384615904,0.030534360584810388
45,871,0.5266879076890281,0.04128091250600215
45,872,0.5586059859310425,0.03302768468329658
45,873,0.5370757713786446,0.0452620122402439
45,874,0.49581142483644575,0.061822373832604034
45,875,0.5409399983178548,0.041893864423967635
45,876,0.43964998255092713,0.06308631837552095
45,877,0.5464984704585827,0.05064460785200471
45,878,0.5460029917520535,0.047407064458500826
45,879,0.5638092473560943,0.0859959559838071
45,880,0.5024188488002487,0.04426539486630149
45,881,0.5038961424286122,0.015399314877272611
45,882,0.5391667343524668,0.05973524390544282
45,883,0.515148637163628,0.06216283769493158
45,884,0.5299535169641322,0.06508410793751793
45,885,0.44617821334889685,0.05566928132812565
45,886,0.4638213394809041,0.030579615257720728
45,887,0.4388048358930201,0.06302022172210249
45,888,0.5105923413954294,0.07945102918347999
45,889,0.5216077801083918,0.05044125734280084
45,890,0.4801493423115504,0.04740886749497814
45,891,0.5969533015030162,0.07049599808748969
45,892,0.45918702265193,0.018269282190053398
45,893,0.5321794562815113,0.045052877370461555
45,894,0.49457928862116,0.019291716389716333
45,895,0.5212355186791405,0.030460333622540796
45,896,0.536712673522923,0.029301948014671658
45,897,0.41997654969631304,0.05505130626176823
45,898,0.46550378267696063,0.03811851926442054
45,899,0.4996867483414883,0.04661264045220873
45,900,0.4331008538490926,0.03958783767499695
45,901,0.44841904916542724,0.026327158845306647
45,902,0.45214892247421684,0.03620948578475678
45,903,0.43294268190156004,0.04570472136791168
45,904,0.5771384094967372,0.04532574172250652
45,905,0.5448945621726285,0.046101377914234805
45,906,0.47771198263494663,0.022716824947059452
45,907,0.49747064628471427,0.04673957429549042
45,908,0.5621455261663527,0.054803661972246995
45,909,0.4428425769529726,0.06281090705994692
45,910,0.41891718925666155,0.08858234607457367
45,911,0.5368524846660794,0.06923228622614082
45,912,0.5515427388807399,0.07272734544898388
45,913,0.46377468559096724,0.08992218794053858
45,914,0.5173403572914081,0.03710217116842171
45,915,0.45699295447040683,0.022190258700631228
45,916,0.5292914091342348,0.04484904952625632
45,917,0.5157497347128694,0.020481989140539236
45,918,0.5280594967245984,0.010329441405578428
45,919,0.5444773445855315,0.01803965565215759
45,920,0.5571899212738906,0.04306577862432302
45,921,0.5085842897377176,0.009001885388490371
45,922,0.4847614648786675,0.049201526597119974
45,923,0.5734946232449227,0.05101931420849794
45,924,0.5592891152048737,0.04558778167950466
45,925,0.48496393561005974,0.046388730691851496
45,926,0.4907700068222004,0.03805631176343454
45,927,0.5269336445707784,0.05223725925338488
45,928,0.4895678345743839,0.0316876837599155
45,929,0.519899257173306,0.04475914600799829
45,930,0.5173356998816359,0.03984394912544767
45,931,0.47795772425506,0.019834734299746127
45,932,0.4960249076761654,0.016126002403877224
45,933,0.6052116449734161,0.050893981939484405
45,934,0.4741076193443405,0.03775138136128376
45,935,0.5446260640103245,0.03415855087615589
45,936,0.5730042388469967,0.08131385820434826
45,937,0.5238607490588189,0.06041355229333769
45,938,0.559977489325329,0.05850713978777036
45,939,0.5256974117158837,0.032446703410065635
45,940,0.542130654456602,0.024210008283474225
45,941,0.4971661474187322,0.017750388605547195
45,942,0.5651732829879403,0.0778434750317174
45,943,0.6178338261629615,0.0793358196735812
45,944,0.46752633720543807,0.0464015590932775
45,945,0.5742616488330404,0.08817827524529813
45,946,0.4930060787846696,0.03653237852124728
45,947,0.5256098808514379,0.036844818577476186
45,948,0.48386108039809345,0.04908318934713033
45,949,0.4741153280910261,0.07687951074178956
45,950,0.49827108032656764,0.03474243177508454
45,951,0.46356849262534205,0.05776599146512115
45,952,0.428330372686296,0.07759120980813503
45,953,0.5434347645779016,0.036969329406242785
45,954,0.5146842723301189,0.0500180244836459
45,955,0.46110499782704634,0.027817371502217518
45,956,0.5018340342247356,0.013843358045124106
45,957,0.5556389569346342,0.07506376063711756
45,958,0.4960227038696898,0.025379601991195443
45,959,0.5698843203285686,0.033683822315457225
45,960,0.6267201732252428,0.07580485414559168
45,961,0.5950169783096343,0.0615646099135187
45,962,0.5568499120533554,0.05793309211716323
45,963,0.4479951400776452,0.03770363639472425
45,964,0.5326076404931973,0.05175224384331952
45,965,0.48804800785192576,0.029930241544341037
45,966,0.4739486780103881,0.03740468321531495
45,967,0.5159736723690171,0.06927435743370161
45,968,0.5732553352330392,0.07369492261853806
45,969,0.4697869867224437,0.04320270738914153
45,970,0.5007017875233444,0.022774651836880478
45,971,0.5644124100456794,0.0484221874191885
45,972,0.5467140783323343,0.10416203148224688
45,973,0.5190714723679478,0.010764364704700432
45,974,0.583289279357319,0.058250477085753
45,975,0.5924342303147974,0.08811299982448532
45,976,0.569448062753324,0.05667360934655982
45,977,0.5133064226390217,0.04637652624392744
45,978,0.4248485426737009,0.06321706789112803
45,979,0.48711109129224933,0.060185912376688945
45,980,0.47056949262053144,0.046377546964306224
45,981,0.4455146685982312,0.06807751852731046
45,982,0.5521994947442072,0.04688003842016425
45,983,0.4554790852489195,0.04014357413171547
45,984,0.5529923990449224,0.055913240608626895
45,985,0.5433613969111438,0.055615976710241696
45,986,0.5214588241502971,0.042199161734198194
45,987,0.5255735264284724,0.09056325781764493
45,988,0.4804898849600428,0.03869155726337599
45,989,0.5430868049541663,0.08328198496416139
45,990,0.5019725074444857,0.02537368038350434
45,991,0.5311696852094009,0.04344045631252006
45,992,0.5899828782862606,0.12742289547526717
45,993,0.5249837985066298,0.06241517867163625
45,994,0.5082701218879717,0.02342761287801206
45,995,0.47398363204247385,0.018052197761443477
45,996,0.534757042747294,0.030801901191415966
45,997,0.43178742397096526,0.07440325722104656
45,998,0.4681946537929589,0.032272372180527795
45,999,0.49325627685957224,0.021582630920681793
45,1000,0.500371979626558,0.04295884700933122
45,1001,0.5209221369186253,0.062388004926099916
45,1002,0.5265475142338565,0.05158087432561678
45,1003,0.5070957642062603,0.026160448849029204
45,1004,0.5441821255648435,0.06005178922706774
45,1005,0.46402054991812003,0.023285950339028836
45,1006,0.4861828405149222,0.04085310468012163
45,1007,0.5246187993721865,0.05960479060604003
45,1008,0.5876224648041185,0.05232859596938938
45,1009,0.5448206467897516,0.025050842236032128
45,1010,0.5373036599039727,0.02150867311444658
45,1011,0.5454047800916122,0.05557444720921448
45,1012,0.5432377309914292,0.022043390297244767
45,1013,0.5446542901920829,0.04682618206667705
45,1014,0.4967692050288589,0.021301097814607532
45,1015,0.5632302243625255,0.04414054430212853
45,1016,0.4835168863715953,0.05140236257535728
45,1017,0.5209937425622471,0.04106684758095177
45,1018,0.502923438636794,0.015260547855765746
45,1019,0.5303076047624664,0.05755252531764385
45,1020,0.5870717846472985,0.11971986021848356
45,1021,0.5991831579234616,0.06448139232901098
45,1022,0.4845024245717912,0.01827011441498354
45,1023,0.49604833612895133,0.008489482969885461
45,1024,0.5157195805970677,0.019474696252049985
45,1025,0.48744605733725654,0.041488357869403726
45,1026,0.5637364546680934,0.03303694664929443
45,1027,0.48467054202505555,0.057866108063766214
45,1028,0.49011598668299544,0.024489651065641282
45,1029,0.4997163533284308,0.0646979398889751
45,1030,0.4671715003511519,0.03506865130285799
45,1031,0.4423318480832151,0.06029410203527682
45,1032,0.5147202619316077,0.04270105317988512
45,1033,0.5583520366688525,0.06670947726351613
45,1034,0.4606211397950931,0.04292955744866008
45,1035,0.5352229832326567,0.03838827281877348
45,1036,0.48570550008995267,0.016625378376781918
45,1037,0.5010239353561469,0.0225816909585864
45,1038,0.5543825966518906,0.05578127707559968
45,1039,0.5760330284595984,0.07639934765723042
45,1040,0.5396557300657705,0.06906183953124936
45,1041,0.5006416456297179,0.05161947144813046
45,1042,0.4697063615171031,0.0673922175206464
45,1043,0.39681898499713414,0.09730844400338746
45,1044,0.5568691694394825,0.07579109256248481
45,1045,0.5112563179395754,0.030207744386569042
45,1046,0.41460168183366264,0.048100522128188154
45,1047,0.5384768278603462,0.03440797894238288
45,1048,0.6008673106325632,0.10355000320575075
45,1049,0.5172958178318326,0.023164729418647972
45,1050,0.5105310483247858,0.020936956767196962
45,1051,0.5421334833567626,0.048751219317272027
45,1052,0.5606680524509648,0.05785085425987639
45,1053,0.5859386370252577,0.07163108754871873
45,1054,0.5649920369824265,0.07816826847081128
45,1055,0.5527950951736487,0.020093487467712334
45,1056,0.4908146343588186,0.08009373596530074
45,1057,0.43753990433212586,0.03421632512731668
45,1058,0.49881808213178763,0.022486608258581287
45,1059,0.5027395457651274,0.04446125580260843
45,1060,0.4792370489541564,0.06031965737521624
45,1061,0.49924379639785854,0.06008969996692636
45,1062,0.4548982575463513,0.05005686339461924
45,1063,0.4555877292327697,0.037751464590061824
45,1064,0.521762097879878,0.03604699256523608
45,1065,0.5154343966043711,0.0274093075834758
45,1066,0.5255180225657201,0.019193871520911943
45,1067,0.564800376642798,0.04776639103363753
45,1068,0.5802860192734104,0.06865316350772349
45,1069,0.4667925457584041,0.07057545811617297
45,1070,0.5314999222609287,0.04322784462274094
45,1071,0.5065946186448822,0.026669821388432473
45,1072,0.45425965912087585,0.07982929595803687
45,1073,0.49525566305320723,0.043584912393687274
45,1074,0.5390820491867988,0.02824291255683051
45,1075,0.5580404675579107,0.07138416409849688
45,1076,0.5925519127374981,0.06532649998275689
45,1077,0.4825554536920941,0.03902578128276711
45,1078,0.4739572622825006,0.04690640232939487
45,1079,0.5417366098095557,0.04304069538131028
45,1080,0.4306557139297834,0.04014885224588183
45,1081,0.5358306634350122,0.04595570056010899
45,1082,0.5708276384702881,0.08110620282195295
45,1083,0.48831800350257953,0.018888728774461905
45,1084,0.5265085457040719,0.050752866865401924
45,1085,0.5492563274376582,0.06607161652904826
45,1086,0.5575638962498037,0.07688706027668794
45,1087,0.45850901005508815,0.03173991481378731
45,1088,0.5777836444169658,0.05792095171943697
45,1089,0.4998314855667458,0.01509760516321161
45,1090,0.5109124857677996,0.011728680548717974
45,1091,0.5232010224820587,0.050522139374911845
45,1092,0.518664864587867,0.046287667596685844
45,1093,0.47125412942940603,0.02539822134730516
45,1094,0.45142541205708303,0.05566608938854986
45,1095,0.514536369050198,0.043574175958998415
45,1096,0.5473111241719758,0.08067768341725047
45,1097,0.444779873562497,0.08525576120361857
45,1098,0.5105172624440178,0.029889032454903253
45,1099,0.540454404011985,0.045510168398485755
45,1100,0.4877852856534798,0.03539599574989375
45,1101,0.518023708548941,0.07903480256473572
45,1102,0.5416604950451652,0.07000121401082475
45,1103,0.5302946492822554,0.0514674858245602
45,1104,0.5542689154162781,0.03384987440465262
45,1105,0.4577509587982698,0.051878513147488585
45,1106,0.4801555055838115,0.030441729557780857
45,1107,0.5216832526865651,0.022525977995870614
45,1108,0.5607748250834514,0.07200897336921531
45,1109,0.5084229308626914,0.014157882107484
45,1110,0.505849305553111,0.04833683032571373
45,1111,0.4986034541589807,0.018909064811823282
45,1112,0.5529904312163954,0.06136713794370427
45,1113,0.5224441155334172,0.02672577778299284
45,1114,0.5611309108877418,0.07818744073503658
45,1115,0.5571098095622562,0.03221834393089119
45,1116,0.4457915422767409,0.032004508047081805
45,1117,0.49337053287096166,0.021185673989852463
45,1118,0.5282423643950759,0.04752052615646417
45,1119,0.6141286171671936,0.1206718704511961
45,1120,0.5104693970952782,0.03208706866768591
45,1121,0.44512703006373944,0.058312485884010765
45,1122,0.5026727239698998,0.03683343589124465
45,1123,0.558264776168776,0.03512243024645787
45,1124,0.46559723196793257,0.04763846601444459
45,1125,0.5464415537030121,0.05111686579248569
45,1126,0.5223293948993887,0.06561157023368303
45,1127,0.5756275610937277,0.09578811399019832
45,1128,0.4480701670012461,0.05630025012594853
45,1129,0.4199832223767007,0.05243563922915217
45,1130,0.5347931292172915,0.05617177359006369
45,1131,0.5098920316697596,0.028066474209981283
45,1132,0.5945358879818342,0.07243003926805504
45,1133,0.4689236882401573,0.02355900161436993
45,1134,0.530048442070071,0.05422427507279327
45,1135,0.5252283880225139,0.010670175657454019
45,1136,0.5097387626223985,0.045223627787633926
45,1137,0.4744807586633288,0.06230580604799187
45,1138,0.4485625979189508,0.028236191971428334
45,1139,0.5936263958901039,0.09714481165534611
45,1140,0.48659474321595914,0.023721520706420546
45,1141,0.4544004224614669,0.0766223478234601
45,1142,0.49869438909070923,0.02823113615361416
45,1143,0.6046704971737701,0.07997169289574911
45,1144,0.4899728406448621,0.023706043723299954
45,1145,0.5081796272748798,0.0420722372675166
45,1146,0.5031152701193401,0.02986682382023039
45,1147,0.5654330222390883,0.03626219863229489
45,1148,0.4499625351629302,0.0540868963135008
45,1149,0.5052564117000167,0.043017559878862244
45,1150,0.5672678298172831,0.04391511163321724
45,1151,0.5797366844999142,0.03441499811532085
45,1152,0.4218869984615975,0.0678251815556715
45,1153,0.4919191494252008,0.043650226135957454
45,1154,0.4860353914114823,0.028964141461809426
45,1155,0.5491193459984627,0.06474572928931432
45,1156,0.4702732304601015,0.0702108264910423
45,1157,0.5488354002774032,0.05243522611275755
45,1158,0.5210839439262027,0.046299690623969866
45,1159,0.5032686994623723,0.03415276739884755
45,1160,0.5785235596509848,0.08548776670364328
45,1161,0.495702757235477,0.02811892033443732
45,1162,0.5694681456490043,0.09462638894159704
45,1163,0.586881422586664,0.05728073858536496
45,1164,0.5542791141191503,0.05248315333754336
45,1165,0.45844354180135316,0.0394400137827331
45,1166,0.4987316056196939,0.05243474565545333
45,1167,0.47329385924916084,0.07256391300471111
45,1168,0.5171543283988129,0.03321545618648773
45,1169,0.5332419972783349,0.031839895343695565
45,1170,0.5498881612864333,0.03184266294979712
45,1171,0.4783060746817006,0.03872542229138705
45,1172,0.5994127081998497,0.11581322398840624
45,1173,0.4921985872401234,0.03314570035331091
45,1174,0.49511391052087506,0.01651990341503679
45,1175,0.5180242198066205,0.020525583351375894
45,1176,0.4722593310632375,0.07052282369146613
45,1177,0.4326854074435852,0.02432908970477239
45,1178,0.4263380698168342,0.07729312762245161
45,1179,0.4244445829062035,0.048082974133560274
45,1180,0.4455430468086949,0.07217457889793284
45,1181,0.502933482298739,0.07826374921625412
45,1182,0.48306156605496714,0.03357778115832822
45,1183,0.41682990531239245,0.08276293763159516
45,1184,0.547237608727724,0.05220520091892898
45,1185,0.6245995965931764,0.10895419027443565
45,1186,0.5658719212422479,0.08491482774557788
45,1187,0.47728513753044566,0.04982891442523452
45,1188,0.477613909594767,0.020749586099998468
45,1189,0.513955914913481,0.01808263240233954
45,1190,0.45955386817283167,0.04456023177260386
45,1191,0.48470480203635036,0.028267921875530247
45,1192,0.4222525447503115,0.0809252046372777
45,1193,0.5378686092123702,0.02355882824529257
45,1194,0.5892048196958753,0.10975269915014751
45,1195,0.4544601557589692,0.07328602129705779
45,1196,0.575820922119211,0.06220813273782192
45,1197,0.509230534424543,0.04038043903757852
45,1198,0.48427646938301994,0.036342198933944025
45,1199,0.49614334245770725,0.024287150754195717
45,1200,0.5077344300632859,0.044743709423026835
45,1201,0.5381729690143797,0.05683342809255597
45,1202,0.5550805574290818,0.06368091280690855
45,1203,0.4845294751572374,0.07077246863255705
45,1204,0.4609098209692647,0.06684742376016956
45,1205,0.607068454869169,0.08994007358166928
45,1206,0.584980590865832,0.08432609128282598
45,1207,0.44544925858349216,0.059361835652001024
45,1208,0.48064903032452977,0.031992243421277544
45,1209,0.5243943101400538,0.021714155746882784
45,1210,0.5765670548974478,0.11213891934296101
45,1211,0.5562735513166882,0.06884117469877901
45,1212,0.4546650320556205,0.0190732480392573
45,1213,0.4917002923968104,0.038053860122221686
45,1214,0.49705429418609365,0.037071865259414166
45,1215,0.42711346385745674,0.043795130021067954
45,1216,0.5391978880517692,0.03846949326649949
45,1217,0.5543148822419515,0.08174668493301916
45,1218,0.5287486734747113,0.08387840328442012
45,1219,0.5117844367120816,0.030919259400798222
45,1220,0.5498601145129344,0.03947797188039158
45,1221,0.505828028443801,0.016997149353324605
45,1222,0.5081756066504353,0.05508632475730477
45,1223,0.48074391830138324,0.015064615908276287
45,1224,0.5441750609091385,0.08440800645051637
45,1225,0.5076284721272067,0.023686420061734804
45,1226,0.4896900229399999,0.018588719769579803
45,1227,0.46931034268744665,0.07173755231587156
45,1228,0.4876246777781412,0.03259985451266715
45,1229,0.5030854790193057,0.025353964805610224
45,1230,0.5705893989405775,0.07878124072919603
45,1231,0.41140620365867964,0.04106242549083283
45,1232,0.4791617333509029,0.05029862420603255
45,1233,0.5842190171768378,0.09927332537698293
45,1234,0.5054995075939124,0.013792912920332365
45,1235,0.5192942396451788,0.022288895598001488
45,1236,0.48404751826922704,0.027099746758753183
45,1237,0.49919933070930184,0.07044959950612524
45,1238,0.49698261083201906,0.024483228982513476
45,1239,0.4587143097109985,0.0706672855541709
45,1240,0.49849920993357116,0.028245114915260362
45,1241,0.48854330502621374,0.08054037241347005
45,1242,0.48287069706418484,0.04058341076638098
45,1243,0.5636629601210292,0.05137217050643035
45,1244,0.5806272122695363,0.06217060160617845
45,1245,0.4820432831323524,0.021045467261617996
45,1246,0.4993296069669664,0.022906657669793794
45,1247,0.5031909317789834,0.01836833570958656
45,1248,0.5725995853656138,0.06902336187638902
45,1249,0.4512717802894932,0.053205128823629884
45,1250,0.5593642524310056,0.07336934801928122
45,1251,0.5998605976460422,0.07714936998846382
45,1252,0.5797666949140586,0.06549101240841108
45,1253,0.5458090828025997,0.046721212203553776
45,1254,0.5866722080166227,0.06181722868772024
45,1255,0.4416050663297978,0.062294686632005686
45,1256,0.5614217526580256,0.08455215248872089
45,1257,0.6171335490050124,0.1088262188140869
45,1258,0.5357186720315127,0.04660492989654366
45,1259,0.478052487121592,0.042018374642816096
45,1260,0.5033005081875892,0.03002901441126856
45,1261,0.5634971411911621,0.04145404580076243
45,1262,0.4756598158041307,0.04234807328805456
45,1263,0.5155838710429824,0.024365477782007712
45,1264,0.4753481495908474,0.04907347843929379
45,1265,0.520842854558548,0.05727415644368394
45,1266,0.49399977471986556,0.030971831764257496
45,1267,0.5567415873033178,0.06110802789842034
45,1268,0.5240319614377145,0.035425330908300204
45,1269,0.5856745446442142,0.05800706744416597
45,1270,0.5073798024114624,0.008806747423009997
45,1271,0.5498509022680699,0.07376773208647311
45,1272,0.4797145357942189,0.03193972036893848
45,1273,0.5537615026147049,0.06351658704956348
45,1274,0.4785313090352228,0.03282602852595894
45,1275,0.5443158160420339,0.03879342742285975
45,1276,0.5260156376893946,0.0748291724518922
45,1277,0.5320812196346523,0.04764380914072756
45,1278,0.5346721927895439,0.02022744627978628
45,1279,0.5238329733122157,0.052112798867985304
45,1280,0.4385425746343457,0.051025885915688664
45,1281,0.5534036334143058,0.0600268796980922
45,1282,0.5794775282622799,0.08409266044072645
45,1283,0.5310628311446218,0.03368964144839125
45,1284,0.4773350284010982,0.023258102174966305
45,1285,0.5769275500067299,0.06612220658715369
45,1286,0.43068503549831255,0.044583147037172255
45,1287,0.456917936528261,0.05602185401991837
45,1288,0.5424877724364714,0.04201436112861579
45,1289,0.5074866076977332,0.0433249575641954
45,1290,0.5779653648319981,0.057630829194733287
45,1291,0.4810474575124488,0.037890865108976504
45,1292,0.5898391621051637,0.07317469158901926
45,1293,0.5326503123752118,0.03377178429600145
45,1294,0.5213265011032966,0.07762529233206865
45,1295,0.47237702774649476,0.030477715516678217
45,1296,0.5628758370080631,0.071634498250452
45,1297,0.5668322625669713,0.08228755008034574
45,1298,0.5300985120485727,0.029459498098660428
45,1299,0.4837459025769859,0.05743929570581882
45,1300,0.47337559477572205,0.029503583502641064
45,1301,0.40149133451457947,0.07780361676840736
45,1302,0.5411404477980315,0.04389680904959056
45,1303,0.49422210715729387,0.03542580809181977
45,1304,0.5089524038846841,0.04493110187173311
45,1305,0.5986245502806851,0.08120660254952611
45,1306,0.5544125074743478,0.06053744677154627
45,1307,0.584757878966392,0.08560682109948146
45,1308,0.566342247860416,0.09676510245971372
45,1309,0.4837340295334275,0.020391652566579176
45,1310,0.4542937908017758,0.03799951676126584
45,1311,0.49051738640615505,0.03247441932248777
45,1312,0.5589406906304837,0.07344246578016067
45,1313,0.5197392448507681,0.05955398098820458
45,1314,0.4807410699606189,0.03375692572289432
45,1315,0.6240529374407792,0.12564898488104437
45,1316,0.4982081076328887,0.02527431667897871
45,1317,0.5384302236566438,0.06698272887338824
45,1318,0.5216210090967249,0.023631450710875482
45,1319,0.4763564304526558,0.06927573420106241
45,1320,0.5497178526423007,0.05772526559672069
45,1321,0.4876404542325531,0.02999461009229299
45,1322,0.46480257297733957,0.03336340080383898
45,1323,0.5236385761636002,0.048086143469091625
45,1324,0.5569232987141614,0.0678995237597558
45,1325,0.5902849842188294,0.0583762227319845
45,1326,0.44831058045229405,0.048440481148716026
45,1327,0.5378759982916781,0.0322815832468694
45,1328,0.529329961805274,0.07251942312503792
45,1329,0.5034268400357061,0.03864565752425072
45,1330,0.49799746958584457,0.02563584049995908
45,1331,0.5259300734940546,0.016530096966431835
45,1332,0.5465078984272485,0.0361519284245022
45,1333,0.46388907720755146,0.024912906824711083
45,1334,0.5044072358973805,0.02197989671960812
45,1335,0.6215993760944563,0.08313425239850505
45,1336,0.5733833851485864,0.06920577891252241
45,1337,0.45722716198281643,0.027826312632198008
45,1338,0.662721517543562,0.1033678613265827
45,1339,0.4122595368357619,0.09490373694553177
45,1340,0.4972538162072153,0.0418545645410875
45,1341,0.5142052164667148,0.06309970546400268
45,1342,0.48348827251119847,0.03162307369999749
45,1343,0.5207560602302532,0.029629697999851223
45,1344,0.5319585157601455,0.057920283072282905
45,1345,0.5422838265607579,0.02150902869825611
45,1346,0.47667950203241666,0.03962211495427027
45,1347,0.43551244074750234,0.05986762791340255
45,1348,0.4940443993173347,0.028093802951561216
45,1349,0.5437207060948721,0.05794657881313127
45,1350,0.5408019869715838,0.06848668884334876
45,1351,0.493313591926681,0.030110950842861764
45,1352,0.5748290574103099,0.08923994362896906
45,1353,0.4911979153043521,0.04253236072842222
45,1354,0.43349477272166714,0.06727474991722494
45,1355,0.540587326059197,0.04814130754516725
45,1356,0.5219851824764152,0.06384622599728915
45,1357,0.5760133778380547,0.09532200373091904
45,1358,0.5614933585695809,0.07957937534924822
45,1359,0.49275358119095625,0.04769508508253467
45,1360,0.4779016908437025,0.01767327435957988
45,1361,0.5568178976315449,0.06549883783807538
45,1362,0.5251319083015594,0.03901753897073295
45,1363,0.5252053169280393,0.026277271414864113
45,1364,0.5415618156487823,0.06721575541332422
45,1365,0.45575584735180813,0.05754209177381334
45,1366,0.5165603500224326,0.08558527964237683
45,1367,0.6066944407538576,0.10383458328132034
45,1368,0.5327940392980054,0.036826445005113936
45,1369,0.5657959264535992,0.06875955579101846
45,1370,0.4997243818772727,0.04185925660438112
45,1371,0.44540051015035365,0.05871113068355153
45,1372,0.4684470554486235,0.025735847200037038
45,1373,0.505207598735505,0.020115191789602575
45,1374,0.5230919317637829,0.025191915550142316
45,1375,0.5576715838718835,0.05216826059791026
45,1376,0.46703226317672425,0.0403059228881481
45,1377,0.5072504588870829,0.022300524601511475
45,1378,0.5283477696233541,0.05596554205807486
45,1379,0.56275458679286,0.07772939301370506
45,1380,0.5264333229925446,0.08715536858352634
45,1381,0.5268342197964394,0.05496483581537318
45,1382,0.5257129087725082,0.01966798506605646
45,1383,0.48531764213904915,0.09787690466271534
45,1384,0.5132370125073046,0.019436307096965186
45,1385,0.5390684793156278,0.06007325125038126
45,1386,0.49332719451821366,0.08045590102920953
45,1387,0.4364431817830502,0.07985149003190614
45,1388,0.416363450438588,0.09020983545948283
45,1389,0.5472115702001118,0.09659980591319928
45,1390,0.46405904939543197,0.041241592444341106
45,1391,0.5006993293018489,0.031970427334547025
45,1392,0.5422250431337285,0.037335832020372856
45,1393,0.47250827453230365,0.03279148501307058
45,1394,0.5310726187855699,0.05639334108155543
45,1395,0.5130440660577337,0.05162521986314346
45,1396,0.510974243644576,0.03859514341695265
45,1397,0.5499368411399672,0.03231883283910925
45,1398,0.5451603657002996,0.014862391315676488
45,1399,0.5230377461158995,0.029022720443675643
45,1400,0.5527876379483013,0.08780802265165337
45,1401,0.48084133448882926,0.03229325375973526
45,1402,0.5558999302614185,0.08055448803171379
45,1403,0.40962805403910535,0.09412315895977756
45,1404,0.5435765096470685,0.04819905674968143
45,1405,0.6089129486259619,0.11885536518377171
45,1406,0.5450617484141453,0.055947039327080894
45,1407,0.5809251959334406,0.06086502201262541
45,1408,0.48132615271806134,0.03311212163438594
45,1409,0.4653920983236076,0.07372592393900526
45,1410,0.5179164664515266,0.03443823917198371
45,1411,0.4611925476969071,0.06807133483957271
45,1412,0.5135841374630331,0.03940925549106083
45,1413,0.5671183960883226,0.08758008268728938
45,1414,0.5908129621330207,0.04381524332370887
45,1415,0.5112816456526507,0.05183050743181818
45,1416,0.4781636404048024,0.01372948895991997
45,1417,0.542343409869909,0.03156756782090653
45,1418,0.552973856859322,0.07417167708445026
45,1419,0.4938388263757681,0.02166585339538974
45,1420,0.46065501545499615,0.038725753431937585
45,1421,0.5893695284620343,0.09172176558426073
45,1422,0.5470240960726912,0.06375216470665228
45,1423,0.45159039320117195,0.03860295503443512
45,1424,0.5833132928615369,0.07112099746315519
45,1425,0.5129268013433312,0.0334226022392526
45,1426,0.5032871550843481,0.04886923015885455
45,1427,0.5929792096963898,0.07972482525302936
45,1428,0.5691970223946083,0.047880120598378394
45,1429,0.519921218531142,0.07253846517161612
45,1430,0.533544104743808,0.045501220899731354
45,1431,0.5185242578625153,0.022222451499178283
45,1432,0.5221488825948025,0.01891882662662272
45,1433,0.5094081181284843,0.03214610854509692
45,1434,0.5731774014292677,0.05491468602621202
45,1435,0.4870371961294192,0.0212672382394928
45,1436,0.4761281497993697,0.01913166834989946
45,1437,0.6063424835723148,0.07827514386582261
45,1438,0.44983445650055603,0.03227324711931397
45,1439,0.5173276802119472,0.03274879292645185
45,1440,0.5478793468691897,0.05578141626355825
45,1441,0.516638376287613,0.027327842271803147
45,1442,0.5432730337933404,0.08126601986169543
45,1443,0.5314851134994377,0.02174427604904727
45,1444,0.4820514425869983,0.0651542100156262
45,1445,0.4071144173237918,0.06506448761891379
45,1446,0.48475033805583767,0.04210542806208341
45,1447,0.48896296315769183,0.04617461720450005
45,1448,0.5459324191365262,0.04819006095199611
45,1449,0.5600271383608446,0.04618197633609778
45,1450,0.406314905117638,0.0414503718038721
45,1451,0.5265137288480508,0.026034314710442014
45,1452,0.5112928788954118,0.026033648717029206
45,1453,0.5924823921830857,0.08727162089374649
45,1454,0.5441220413889605,0.043165810177682694
45,1455,0.5343819928303705,0.04689973471912762
45,1456,0.4202782556999998,0.08530933656719435
45,1457,0.5173358509506523,0.035217043818359314
45,1458,0.49514941442066696,0.03268987270003674
45,1459,0.46518699581640094,0.04951020540128953
45,1460,0.4932549514689576,0.02561729151150378
45,1461,0.39489445049048366,0.050390986711525594
45,1462,0.4896442779112868,0.06201289166317102
45,1463,0.4836113143391371,0.046601425880746866
45,1464,0.5349971328578398,0.049869701618680165
45,1465,0.566891577007309,0.05697117410237905
45,1466,0.5298280500881108,0.06593095404056777
45,1467,0.5764410969561883,0.11028415345666394
45,1468,0.5759926159697021,0.10195383481208042
45,1469,0.5150201823892226,0.02304971375751415
45,1470,0.5005226443913278,0.024771304653308967
45,1471,0.4462894223330424,0.048692206371411355
45,1472,0.5172921125358674,0.051344036164373344
45,1473,0.49510477732288305,0.057493165412503336
45,1474,0.4876958640409102,0.024292045377809685
45,1475,0.5931736643207968,0.1188547092937245
45,1476,0.4833636949015321,0.05007000527396359
45,1477,0.5396336266690883,0.07900086135745962
45,1478,0.522438598188699,0.04264166878830892
45,1479,0.5523624714210833,0.03622482223110428
45,1480,0.5209574854916944,0.03756126219363842
45,1481,0.5611297133988284,0.03497825128729191
45,1482,0.4795564015733444,0.03598764969798164
45,1483,0.5051680788116053,0.03785709208080503
45,1484,0.47890310627052857,0.06738931183387037
45,1485,0.5427668834975816,0.028162002676178452
45,1486,0.48352955029146266,0.03047800090618996
45,1487,0.48208177078649056,0.02486518084325924
45,1488,0.5400190506846367,0.029633213740214298
45,1489,0.5763592206151559,0.05615315373893442
45,1490,0.564659298901752,0.10043427328068279
45,1491,0.5396085484881482,0.046715081434298124
45,1492,0.5283042105892234,0.05905661277743302
45,1493,0.54609818485318,0.03158344897005817
45,1494,0.5165339524785693,0.03580891935291362
45,1495,0.6089104418240665,0.0795417462877783
45,1496,0.5310198282445932,0.04922243170632177
45,1497,0.4938153346809374,0.022496782130837556
45,1498,0.546440506130189,0.10841397203916985
45,1499,0.5563539853734112,0.07499730566005389
45,1500,0.4668581332116856,0.06732091620499103
45,1501,0.532905803677406,0.08129772367977134
45,1502,0.47521450890706474,0.04693846533466478
45,1503,0.530840723228956,0.05328257014207313
45,1504,0.453096368590772,0.05635219038272856
45,1505,0.5254125685069708,0.04400202423737804
45,1506,0.4980848849563451,0.04866440474466832
45,1507,0.5722250142052265,0.06204984954686663
45,1508,0.5506314314925781,0.07555636958827247
45,1509,0.41959598168932905,0.09831305365243376
45,1510,0.5041247137962216,0.070510448943748
45,1511,0.49641900760682023,0.03540282046964236
45,1512,0.48301021831792845,0.03722494210118577
45,1513,0.5137329311427489,0.010374451375847431
45,1514,0.5025173639469118,0.043603717132342894
45,1515,0.5548977688541921,0.07082889277571673
45,1516,0.5290174512881216,0.05710952873531142
45,1517,0.5275762835728117,0.042048728434755794
45,1518,0.4762285134158771,0.01726446408090956
45,1519,0.4087382654736024,0.06293750845390458
45,1520,0.5217295986981975,0.02883228577969861
45,1521,0.5212615528840925,0.021619450326001606
45,1522,0.5458561009895131,0.07562157268685735
45,1523,0.49497608496942347,0.042634842768402986
45,1524,0.5257058117114666,0.0459031299270103
45,1525,0.4777973100988766,0.054452984282558785
45,1526,0.5765271886086286,0.05690124237653166
45,1527,0.5548006167874533,0.06469712199286752
45,1528,0.4987534334167488,0.06884062138011877
45,1529,0.4873859059246841,0.043885804607451555
45,1530,0.471365282423573,0.027189299955611042
45,1531,0.5358651193414067,0.052652059582209906
45,1532,0.5384377140196793,0.028281174393968905
45,1533,0.4668748652679111,0.07029328785223886
45,1534,0.5874929253911346,0.1197715747472956
45,1535,0.49274958990441614,0.03384852532543007
46,0,0.5697163152936979,0.08364670020104603
46,1,0.4573701431119513,0.09962966070917216
46,2,0.539506628075809,0.07026877862883806
46,3,0.5513452912850749,0.07470500485759377
46,4,0.5946125450517113,0.0672769106184801
46,5,0.4335561295637271,0.021092877758190895
46,6,0.4608138845329719,0.06079120521811083
46,7,0.569466818477038,0.07224132869467834
46,8,0.5066307789232467,0.05238628853454237
46,9,0.5031143310676964,0.06403565033536253
46,10,0.5486571455397399,0.07749814495990849
46,11,0.41704522240037184,0.10702949851491722
46,12,0.3224946836517376,0.0672504824458355
46,13,0.4701975265026924,0.04647355261052159
46,14,0.4604013815407713,0.08667204478564815
46,15,0.6581983955096258,0.06210569890974158
46,16,0.5029041674090609,0.07487794808859163
46,17,0.47984395216890025,0.08336275946353415
46,18,0.5428100673355264,0.044323635789070316
46,19,0.5805866787500267,0.043813617867587196
46,20,0.6286004228091256,0.07396885835147252
46,21,0.626594726600121,0.05679502572236519
46,22,0.43649686859968423,0.08178013517045013
46,23,0.36946955245356206,0.04146603406890011
46,24,0.6028501223310985,0.0264866485711739
46,25,0.6201708514878894,0.054173865426100476
46,26,0.593709972342152,0.12373293369427259
46,27,0.7181102991143098,0.061459714577261744
46,28,0.5720409080666274,0.11466659499401227
46,29,0.555894780667583,0.08627594630266801
46,30,0.6206223986255748,0.07832642431617938
46,31,0.6196586257955563,0.08125690676896817
46,32,0.6093643485268916,0.09336623927257977
46,33,0.5697588094091542,0.05889979842953922
46,34,0.7270112103683997,0.081876567735625
46,35,0.5313137610238079,0.021480712031320747
46,36,0.6433444406325919,0.10308850580806496
46,37,0.5020698394472317,0.037612883380012195
46,38,0.6037442732986192,0.06578739900190414
46,39,0.4764429486438324,0.05307359841764366
46,40,0.5729052139966682,0.03616777494003677
46,41,0.4779060554005551,0.036422726634655726
46,42,0.5084458895290294,0.022661920859520103
46,43,0.5918094006905483,0.06694125911708608
46,44,0.5978676241950976,0.0732509720980072
46,45,0.4615551332621875,0.08448518208204057
46,46,0.5631488118922945,0.06420684024244566
46,47,0.5757960083633653,0.08003938201549553
46,48,0.6464065434575075,0.05709029679999768
46,49,0.6705262148204255,0.09167723655374976
46,50,0.5376481307479775,0.11160041420095433
46,51,0.4922020845628724,0.04715169907873257
46,52,0.38968372447110194,0.0915649503123783
46,53,0.4936859496772072,0.02797748429708492
46,54,0.33554999005490543,0.07858825492315086
46,55,0.484872484719637,0.03004064466452514
46,56,0.5559088354772465,0.05331938820157317
46,57,0.6699277804293166,0.11096225953586739
46,58,0.441528265388572,0.09610884326793206
46,59,0.4428023883397687,0.1386442368309299
46,60,0.5825309886556551,0.06773052102280205
46,61,0.2846640299782193,0.09240438583875554
46,62,0.4857619152464399,0.0596804222480003
46,63,0.5387093916219541,0.033567912168903175
46,64,0.6970719684568769,0.03924261786194119
46,65,0.6246444587291037,0.08991791347883485
46,66,0.46803184760784067,0.08270163529069627
46,67,0.5391181705612217,0.10184279672340087
46,68,0.4996106529803534,0.06612068477229528
46,69,0.418347064049044,0.07865897086831494
46,70,0.5679777097388301,0.06424648987552872
46,71,0.6460962938280292,0.08351999207027011
46,72,0.5690742092146078,0.03708940892356177
46,73,0.451454457267652,0.03212781514356325
46,74,0.5221127332676102,0.09248351849674524
46,75,0.4317770452143574,0.04705098436149772
46,76,0.5980245665081942,0.04264638233651896
46,77,0.5095641257012306,0.09522555439766683
46,78,0.5366748678520552,0.08773083602485382
46,79,0.5970797676702472,0.11119351045496746
46,80,0.459481998960608,0.038489772366779154
46,81,0.5844224020420599,0.037934214608707786
46,82,0.43340330189049797,0.07967068621551936
46,83,0.5026565389623955,0.02449762760379594
46,84,0.5954863388668398,0.06706346201481471
46,85,0.61745330119259,0.055357527175865354
46,86,0.5911703371698964,0.05062702373148832
46,87,0.5281158597347347,0.06750855825041686
46,88,0.45658910352937054,0.04937026090851652
46,89,0.5434089735104057,0.06764944744706725
46,90,0.441974560103611,0.0396641665108942
46,91,0.46006598898788076,0.07120037595060513
46,92,0.6433093464290752,0.07719530929005364
46,93,0.5589758602109961,0.05898905113476176
46,94,0.48304292608014127,0.0499064097707914
46,95,0.6667184046501751,0.08096085348519268
46,96,0.4525905408268435,0.060370014931604786
46,97,0.37626409823174295,0.05119536209851125
46,98,0.6332746116704384,0.09667476203259684
46,99,0.5903050637677769,0.06493446307403292
46,100,0.4857991611376865,0.06913973883899553
46,101,0.5088550025147716,0.08860187553068102
46,102,0.6380767338426472,0.06332688867100597
46,103,0.5155856947622682,0.047299116013853296
46,104,0.5665549002817163,0.0746731503271205
46,105,0.5651020857415225,0.061775509484330166
46,106,0.4755266991608904,0.07586530614097166
46,107,0.6326068635760604,0.04896881756957344
46,108,0.41807705217542385,0.09810480226895016
46,109,0.5395843373837993,0.02566161875662258
46,110,0.5699400023476003,0.08591964223356817
46,111,0.5283925008973211,0.0958868907081694
46,112,0.6438913044536925,0.07623602819592512
46,113,0.47802783889594613,0.05380658285913147
46,114,0.394611426965616,0.05645221181651497
46,115,0.5943282600781485,0.10090041614436421
46,116,0.6702907267840806,0.12018415697759831
46,117,0.504165736857808,0.05043753815944912
46,118,0.46895491126927796,0.06012135806208119
46,119,0.664973654526427,0.05998963249858285
46,120,0.5523425620553644,0.04310928274928497
46,121,0.62522723470755,0.05019214014329892
46,122,0.5559981795888386,0.1153808691766616
46,123,0.5547915675338332,0.030712869361454
46,124,0.4892981186430376,0.06541377397391487
46,125,0.6210562122658618,0.06081129744231038
46,126,0.4594660784424225,0.046188751309137493
46,127,0.6447765430864739,0.07421726057782409
46,128,0.5041188531296589,0.08225967909437991
46,129,0.5449569259200805,0.08016630795105446
46,130,0.42327087378427847,0.016547226167473908
46,131,0.42821796151141034,0.06772804220551622
46,132,0.5826685453561556,0.06128162838315593
46,133,0.5126733540196071,0.06671319637033125
46,134,0.606417138459721,0.059010608726411506
46,135,0.6314383853081363,0.09906978698640537
46,136,0.6013955210740447,0.09493914949374686
46,137,0.43025057802848293,0.12448674246872857
46,138,0.6838548501908522,0.09134039046140369
46,139,0.6107833561361801,0.05840701036489759
46,140,0.4799739305502984,0.10695655292349121
46,141,0.5660134973217081,0.02685212728518559
46,142,0.4754995120073127,0.049085840228285105
46,143,0.3846225659444418,0.11083330273892834
46,144,0.4965880756734639,0.033653761395068704
46,145,0.6848049538048361,0.055446398073942645
46,146,0.56761377377581,0.07615734439133158
46,147,0.5634340141369446,0.08475522916315727
46,148,0.6431838387281104,0.07996105581420378
46,149,0.462575091863532,0.042384837775356385
46,150,0.5591002721679456,0.10007696969489896
46,151,0.5275129977217268,0.043404311416534405
46,152,0.7344272179719974,0.08376111637075458
46,153,0.5192673401173822,0.08832322038292542
46,154,0.5286042087816487,0.07907994497480265
46,155,0.4877285964838563,0.05545001629744167
46,156,0.4998230257797766,0.04234376878436028
46,157,0.4398634636791202,0.07894963801939052
46,158,0.48129540878485927,0.05551164722586007
46,159,0.6597685462115266,0.09290031831087038
46,160,0.559241918517427,0.05948163049235741
46,161,0.5468247617982437,0.08797671932488439
46,162,0.675891297546088,0.07056121680733148
46,163,0.5368471483096163,0.14498047382819707
46,164,0.589550100493053,0.06455496195962791
46,165,0.5444060969627476,0.14265046400952558
46,166,0.46272287733716055,0.08941199424492169
46,167,0.6254145435849658,0.13508856247769122
46,168,0.572911515077674,0.06931456237399039
46,169,0.4430001078087556,0.06461052027727471
46,170,0.4141250781867963,0.03636554893140676
46,171,0.5262986786786538,0.0768073511879517
46,172,0.6120643083460615,0.03822345944511176
46,173,0.5379965708868669,0.053126118641913266
46,174,0.5478226922110225,0.05555565910271402
46,175,0.4395347247654779,0.07327109620132374
46,176,0.5900360735594359,0.033806732531054345
46,177,0.4538389698368376,0.06971443343627275
46,178,0.4065881350704846,0.0929843565067527
46,179,0.47874123987752476,0.08301461781592064
46,180,0.5564044733330163,0.039292461725190346
46,181,0.6058424660108956,0.03832009679893443
46,182,0.5366750644908733,0.0687612346380965
46,183,0.5512321465334853,0.030089413122644435
46,184,0.4218433653162538,0.020401594473409817
46,185,0.46302191270331117,0.03054478062121108
46,186,0.577975456811281,0.06414884466902927
46,187,0.4632293651998774,0.0688574894938913
46,188,0.5462389497567164,0.078710803555362
46,189,0.6764383257581825,0.04481884348733568
46,190,0.6514326173207068,0.05273073404213219
46,191,0.5294791818321131,0.06467856660669526
46,192,0.6424663890800066,0.04738039825961852
46,193,0.5925143352582696,0.04843079237953122
46,194,0.46380539738027066,0.06421080228939269
46,195,0.48037258072626376,0.06407835215560968
46,196,0.40704304546918335,0.10957652461810477
46,197,0.346388013834415,0.0610897506107877
46,198,0.5173224400192465,0.054374160816272776
46,199,0.4360753442376198,0.05224278298466849
46,200,0.587419393575335,0.08797446544761955
46,201,0.5279718625628642,0.06193650602347838
46,202,0.5772343180890578,0.0751059295605788
46,203,0.47908123781562456,0.026504602624529767
46,204,0.5662785948527734,0.0327359354806939
46,205,0.42125693719010193,0.09447468466219817
46,206,0.5014946992969679,0.1002885559218449
46,207,0.5124818875550223,0.07485953512645374
46,208,0.3982059420006013,0.05157063802959905
46,209,0.45453109972380695,0.07505579419644008
46,210,0.38777726767518206,0.03264036756782783
46,211,0.4845617947731461,0.08992257554289369
46,212,0.5218723317404141,0.0709155159710434
46,213,0.4128966982747036,0.08541076550298625
46,214,0.5664899356487446,0.08176434495231087
46,215,0.5653981988400014,0.08762757835319228
46,216,0.5478122989234889,0.053574103110201686
46,217,0.47230536857138716,0.08081672570981406
46,218,0.5250498246595801,0.07897624949262674
46,219,0.6238849442160916,0.04534962001734988
46,220,0.5531732388681491,0.04785220762590123
46,221,0.46624154604300355,0.08212924019738038
46,222,0.41152521686963683,0.0772974260822204
46,223,0.7073516582218963,0.09272781645827304
46,224,0.4425999929533014,0.050611912313767236
46,225,0.3730156590069749,0.04414053213541141
46,226,0.5224163407968421,0.05207934616392424
46,227,0.6021375068655354,0.02839029887625578
46,228,0.5141632610258404,0.06178086002566289
46,229,0.5202733099863314,0.09760093451144837
46,230,0.6907500536612111,0.047738929990593995
46,231,0.5194771211881154,0.03704331090257804
46,232,0.646509834893593,0.10139990901449397
46,233,0.49754682884764256,0.08088359515398011
46,234,0.47108209677134355,0.08004506383358774
46,235,0.5592675418942876,0.018893877395002593
46,236,0.6235856943894866,0.09682760848200207
46,237,0.4129597163684932,0.054055720935314196
46,238,0.6075662735833177,0.055324083297558564
46,239,0.5867441930053396,0.059615381430036266
46,240,0.6284023423626957,0.046578596255854136
46,241,0.598549310117757,0.0574910531392697
46,242,0.4944342202885771,0.0407857889989317
46,243,0.5554013004038227,0.056571666166870135
46,244,0.5344341413426424,0.053257135836979566
46,245,0.6097607949848806,0.06976830967463724
46,246,0.5638362726177668,0.03232674517555253
46,247,0.5255544291074312,0.040310622287818294
46,248,0.5948142444984157,0.06032062208204119
46,249,0.5114649621230772,0.08301045387440086
46,250,0.5413894576009324,0.05731591007725136
46,251,0.536349064355935,0.08539463352556638
46,252,0.5718272288219225,0.07989616480469619
46,253,0.5861944159970767,0.056386833626101494
46,254,0.4861652520897018,0.08486829525570033
46,255,0.3829429876644891,0.05263706436041443
46,256,0.6074359706995605,0.07636315424889445
46,257,0.6180794319326803,0.07822942197037686
46,258,0.5820261784852289,0.0697734747396124
46,259,0.5339328084470453,0.038033885853036825
46,260,0.5481702356220156,0.0642932852769059
46,261,0.46126425463399956,0.035718992843085336
46,262,0.5000036164589657,0.05721151104147808
46,263,0.5978781146450549,0.05753548878488485
46,264,0.5481313488671534,0.04186996596531539
46,265,0.5473843541144285,0.07055684023099872
46,266,0.44699965761882604,0.04326931296366274
46,267,0.5629296661647654,0.07426673611624604
46,268,0.5440724600009657,0.10923594665952953
46,269,0.4525609795244255,0.05218083577081816
46,270,0.5430239556576585,0.09006268152774928
46,271,0.43917431364928267,0.104086938698149
46,272,0.4508223988686973,0.08792800454211724
46,273,0.526250133011079,0.06444252910549923
46,274,0.6431234935379246,0.10392165683044509
46,275,0.45124985015808655,0.05861328056111305
46,276,0.5640544368692272,0.05108549551445023
46,277,0.4589514474072963,0.035581352477462136
46,278,0.4896794364042245,0.060349868428848
46,279,0.620595361079558,0.0966622147551968
46,280,0.5753646677621073,0.06824529043560856
46,281,0.4315095732381011,0.09848086820069203
46,282,0.45956264570942434,0.024468325949478207
46,283,0.5049282158307079,0.10019028897748809
46,284,0.4213372272139043,0.0940250869821876
46,285,0.5200150271306563,0.08147647428607595
46,286,0.5755213397157061,0.07295433222415675
46,287,0.49958845817126263,0.05350884231184808
46,288,0.5050721378707823,0.03724071337213557
46,289,0.4942499769842736,0.10237664220610794
46,290,0.5605861947321212,0.09280734749266187
46,291,0.5210587578346467,0.04116432772208724
46,292,0.46088772647122184,0.12556786405703202
46,293,0.6219460801526662,0.11918203683187593
46,294,0.5944525535597838,0.09641144766165198
46,295,0.4762621831177483,0.05849266045081539
46,296,0.535395507282349,0.035951227173424374
46,297,0.38834483058863245,0.07396981157299828
46,298,0.4305839155185764,0.07971218071706428
46,299,0.5486301266694987,0.035692467051139425
46,300,0.7085324434410978,0.07984288130311569
46,301,0.5497824454712866,0.08002787134676122
46,302,0.6041145666460247,0.038471318718923495
46,303,0.5966222613330551,0.07174570324618156
46,304,0.5681561172684032,0.048673123719082924
46,305,0.6071784389783516,0.03985387710849398
46,306,0.508929462437538,0.055316613737619966
46,307,0.4190679398851811,0.085159770772645
46,308,0.5926794375846128,0.08268215490273056
46,309,0.651793370683765,0.06480580727481922
46,310,0.4943460699229489,0.10093299507433658
46,311,0.5127627862325996,0.08284324573301541
46,312,0.5711359495799145,0.09669563874723001
46,313,0.4106507021835349,0.09747364492797395
46,314,0.532968925361587,0.08198553632160378
46,315,0.4968922560558471,0.051899336835499514
46,316,0.45238140984555325,0.03414923375746634
46,317,0.4887851929379466,0.08425947385377978
46,318,0.6269614788347035,0.0975472085201352
46,319,0.5380877196847246,0.04925252693569692
46,320,0.5257060508737641,0.050964136004669015
46,321,0.6463677888214572,0.06294980889749079
46,322,0.4971815829464625,0.03420162549231681
46,323,0.46807052685390443,0.056015833084164655
46,324,0.48717494648736887,0.024002269814381763
46,325,0.5312804226582235,0.01997495566831693
46,326,0.5271990414111483,0.07486220385227224
46,327,0.40511001920460393,0.06383347698989539
46,328,0.5593407956162428,0.06404921132337943
46,329,0.5985148008974711,0.055890933728694366
46,330,0.4882618526437981,0.04656179379838686
46,331,0.5022207748784049,0.0697485475134691
46,332,0.4744413069699081,0.02880427667925566
46,333,0.5059591344882115,0.03750434093353945
46,334,0.6331574668229805,0.08420607969739413
46,335,0.5272200617200183,0.06854998382391436
46,336,0.4526179292439336,0.06255266830192284
46,337,0.5651702687898553,0.10179611234470436
46,338,0.6428087773874774,0.13610862695580703
46,339,0.6347721330847902,0.07656382766350127
46,340,0.548097978968234,0.08160793077027764
46,341,0.4014597294293638,0.11112568062754646
46,342,0.37387046984695305,0.05036990468017782
46,343,0.6053336991887972,0.07580284817749547
46,344,0.5699259322348754,0.0738101374162349
46,345,0.6274919149005653,0.06774395645129869
46,346,0.6125691242096685,0.10112243352179823
46,347,0.5937710153188119,0.06357710095225616
46,348,0.5375680886308472,0.08184604579444074
46,349,0.6386241113750485,0.07049686166687706
46,350,0.5150049204531596,0.06617941242863325
46,351,0.5662247292295124,0.07509252829672236
46,352,0.4288649417373495,0.02890458908245821
46,353,0.4896635823059373,0.050836748813175174
46,354,0.31657512768204255,0.07841941149760187
46,355,0.5000087074679276,0.08536659831788719
46,356,0.48843022042893847,0.11558148044442798
46,357,0.5141315818488977,0.04487841640591054
46,358,0.578038243018385,0.07460920450775216
46,359,0.5751382736901733,0.033446974653678185
46,360,0.5651698153765787,0.03965778914295805
46,361,0.571416781064646,0.06478415628891852
46,362,0.45113023205238134,0.044648930412365465
46,363,0.5096799620752315,0.02492755516212132
46,364,0.47579465533435644,0.05474665183842578
46,365,0.4977660746572583,0.05021760425023367
46,366,0.4859494576936508,0.09475038012707429
46,367,0.562428070147122,0.04546042449434385
46,368,0.5080158269152696,0.10098948326388714
46,369,0.5402520593181265,0.02407590853455942
46,370,0.6060422738358506,0.08604840976150704
46,371,0.5084615333774776,0.07186181105675445
46,372,0.4806346330374182,0.06487055155309238
46,373,0.3373755333799111,0.061637825546831435
46,374,0.5977670439373198,0.07178224689202373
46,375,0.3807869699508535,0.06268337838302361
46,376,0.5036892444975193,0.10600079274869945
46,377,0.4480350367322589,0.07091485869821844
46,378,0.6227791002548495,0.11414330988059271
46,379,0.5330770295877545,0.03354498564141131
46,380,0.5805058918184125,0.10736548643312863
46,381,0.5243247167239726,0.07488841341126877
46,382,0.42032983604389684,0.05681193275957084
46,383,0.5864338989817193,0.08020788606807719
46,384,0.6466371843628174,0.06323702876789292
46,385,0.5768926092300442,0.05035575521701918
46,386,0.645706022083873,0.052942251095346206
46,387,0.5397648364719575,0.07567210671707142
46,388,0.43865568846154,0.05928658360510148
46,389,0.6101163808204222,0.0529594668388874
46,390,0.4949286052435417,0.05435352193031908
46,391,0.6006241913423911,0.09762968292323904
46,392,0.5083151585224804,0.10541457025289083
46,393,0.5417179156602037,0.036497608151159336
46,394,0.40826151089331036,0.048888629820480214
46,395,0.4878512449415998,0.09333874718603027
46,396,0.5292798934392446,0.13142278828327053
46,397,0.5037032961731729,0.07072300379798326
46,398,0.5803761032175473,0.06207579118051215
46,399,0.5184453930662145,0.07808945828137512
46,400,0.5307477884693236,0.053335900690662255
46,401,0.6475975496115648,0.10473017845352567
46,402,0.5820565239510043,0.0444866835268754
46,403,0.4539608477422446,0.07462259684574087
46,404,0.5997756685358702,0.05441104300677441
46,405,0.4686495816000267,0.10428256839734439
46,406,0.4974022738869779,0.07669518750329804
46,407,0.6173402518204485,0.03681984052987726
46,408,0.567070065892854,0.05928296436053177
46,409,0.5647430240991024,0.0989667998854398
46,410,0.5356519636452208,0.060804580555957215
46,411,0.6004437403328664,0.07995771012884968
46,412,0.47876070406770393,0.0395790490961925
46,413,0.5689247082197288,0.0745836948573931
46,414,0.42602793176135323,0.0744581268102685
46,415,0.5170594499051808,0.05218258875850739
46,416,0.6289845222524744,0.05766346946198765
46,417,0.5650865474832237,0.044472105679339666
46,418,0.5434830914120229,0.0745758284321285
46,419,0.5134921081058467,0.06559515556947443
46,420,0.49680517364872034,0.08013707587310216
46,421,0.6312799191387877,0.05754627960181785
46,422,0.6013867608004875,0.10671966858089861
46,423,0.48674459044909807,0.06477250753367916
46,424,0.582399192468182,0.05574039930471406
46,425,0.5428076008145883,0.07061815557766625
46,426,0.4993605554016164,0.022372513006071303
46,427,0.4935710553963009,0.07736023926983085
46,428,0.5403248827096806,0.03987020258716079
46,429,0.41748684965407357,0.09821270086550983
46,430,0.451950009845878,0.06867536864295115
46,431,0.4907227173972921,0.04603689656071732
46,432,0.5141596751015485,0.05963020219829628
46,433,0.611000237773824,0.054537557170024765
46,434,0.48986398937955106,0.054483362429464874
46,435,0.4965068260207265,0.056477613124185165
46,436,0.6214745489964983,0.06990954985588833
46,437,0.6194602994852441,0.07911294559617599
46,438,0.6132347678343152,0.07751055512915465
46,439,0.43098267770941134,0.04510462924096414
46,440,0.5806911331343403,0.11349807301091461
46,441,0.4113805077335513,0.059065842322890666
46,442,0.6090443592214301,0.07770423486510213
46,443,0.45577432520251987,0.046471423775866605
46,444,0.6197651569339122,0.07946942811688958
46,445,0.5657595006888786,0.0713158421608421
46,446,0.4594720136464561,0.04303300542369936
46,447,0.524270560772862,0.06384909144918427
46,448,0.48736910482443613,0.05228805136138631
46,449,0.520400354469309,0.06643747470731609
46,450,0.5656539190548198,0.07233536668908712
46,451,0.4801411519373807,0.09269661318756887
46,452,0.5818510388461522,0.06785522135546605
46,453,0.5699911001010766,0.07460539407652109
46,454,0.7004606235334544,0.06090121987448375
46,455,0.5339888683286069,0.05834603062704663
46,456,0.6017315868317304,0.05901471248422985
46,457,0.5153896605806741,0.06837720418769787
46,458,0.5453769944915523,0.07461153097794707
46,459,0.5908374008444267,0.08496919339471919
46,460,0.5313794820394944,0.06995218511019813
46,461,0.6538384611152702,0.08611290863019562
46,462,0.4191553953661358,0.06461643860917286
46,463,0.5435003392483203,0.09129747291087693
46,464,0.5401953529601642,0.05400918437103878
46,465,0.48983532053920376,0.08548137955788221
46,466,0.5101430517662087,0.03277888132363424
46,467,0.5933754467359454,0.0660102784569404
46,468,0.4945682646766681,0.028972695840326253
46,469,0.4743656703027751,0.07162488851559962
46,470,0.5489574174254049,0.07870146459702101
46,471,0.49951029266835895,0.09802370542481202
46,472,0.6069945675121343,0.07945643448101775
46,473,0.4289650356658166,0.09032524988491943
46,474,0.5578475727139524,0.11668875152753207
46,475,0.36510859832386033,0.07783985870904087
46,476,0.5817218823588292,0.09468614663403824
46,477,0.49710055657649815,0.09358108681199208
46,478,0.5078336105732244,0.06455616979511594
46,479,0.5184172160396952,0.03324153874578491
46,480,0.7213095419219695,0.08278636035796226
46,481,0.5823735553455218,0.0756439509072558
46,482,0.4245103031343279,0.08269272949474799
46,483,0.43323182011179356,0.07881496534639879
46,484,0.5621027611928798,0.039106107380667096
46,485,0.322469372956904,0.11571371623023714
46,486,0.5285278425365159,0.08555858619742729
46,487,0.5282522356686187,0.052652372348059286
46,488,0.34665034345266366,0.09026470349868825
46,489,0.5109017845532462,0.03638087912703155
46,490,0.49891624197754386,0.048654078116084326
46,491,0.6032030415010148,0.09248153125934258
46,492,0.5288478595381803,0.08876738663391062
46,493,0.6049302281059894,0.08908176310292283
46,494,0.48436457023454066,0.04558694519638903
46,495,0.600394835522381,0.0430335244838458
46,496,0.6885168911169733,0.10448252830015074
46,497,0.5683252991596853,0.09778738965981151
46,498,0.5606878616875058,0.07969038361597265
46,499,0.5523437939810375,0.10618740988366723
46,500,0.6142722642929009,0.07034474385236177
46,501,0.5200605366084905,0.11630695104571903
46,502,0.5145253254296455,0.038434162866932915
46,503,0.5658823146824226,0.03651569118919188
46,504,0.35318737576158926,0.09159846725106077
46,505,0.5648973274979872,0.10058578123985058
46,506,0.43277830756591373,0.1336267872728695
46,507,0.525110855400611,0.03861367652049022
46,508,0.39285076752898546,0.0589305838317454
46,509,0.5485784345811013,0.05921512632145824
46,510,0.484988631380096,0.028499899209441758
46,511,0.5293598589160322,0.02161207277933496
46,512,0.5457376526846377,0.08843212250473481
46,513,0.721932454394468,0.08592371156671691
46,514,0.5324019394810503,0.03103024698622551
46,515,0.599074658347639,0.06632898403530571
46,516,0.5944186906112947,0.07166356429370423
46,517,0.557886845650273,0.08804293334060531
46,518,0.5881108184351308,0.07367707219649819
46,519,0.576234963887499,0.07646259735653917
46,520,0.5004153936761981,0.08488971644468775
46,521,0.6729704280097836,0.0448747345039194
46,522,0.45659129876197474,0.12013799884444352
46,523,0.4895728329351953,0.0810918796349645
46,524,0.6374316165046212,0.06758199047962776
46,525,0.5521448256160391,0.055492682739880284
46,526,0.4725787480692769,0.049679259345937324
46,527,0.6609798492345668,0.12651145992455606
46,528,0.6619308284015829,0.08565267752182218
46,529,0.6566267415255167,0.10835876504710974
46,530,0.5924700972417236,0.06365201579565988
46,531,0.6143780181773357,0.08104675537691929
46,532,0.5730518068870016,0.058193745876254616
46,533,0.47360286894906206,0.057253313362353175
46,534,0.4526639548542129,0.0762830036994331
46,535,0.5131780706926151,0.09867630331514665
46,536,0.4165692252631617,0.05186158066732675
46,537,0.527178268778365,0.03439656799262398
46,538,0.498950978501229,0.11889504624935121
46,539,0.570970170554274,0.051158646831685174
46,540,0.4476410577061819,0.05235760398218651
46,541,0.4258134306298805,0.05512092686562627
46,542,0.5022929154065677,0.05441027668236104
46,543,0.6107218568460666,0.09430613561137888
46,544,0.5005258033530612,0.07500221678285661
46,545,0.46704796051930997,0.06790398542159859
46,546,0.32947997714832344,0.09512227069838558
46,547,0.532937047387744,0.07911265638782754
46,548,0.5766817428257293,0.0990465291592087
46,549,0.5211456096971911,0.1486251404192063
46,550,0.6041869316504825,0.045044559510789936
46,551,0.5076249218096507,0.12625904910954902
46,552,0.45945412820154446,0.1526152406478662
46,553,0.5222819947416318,0.10136752079008073
46,554,0.5126428211026962,0.04665859373413089
46,555,0.640385245550025,0.09783703634512557
46,556,0.4746156295888633,0.06679985778917336
46,557,0.45675519723882596,0.041519770232292
46,558,0.5544212861330133,0.058550000250723634
46,559,0.45920504696432957,0.04704626943105975
46,560,0.5552390301684843,0.07255420877254104
46,561,0.4568215822099191,0.0759783368894662
46,562,0.5335372805575912,0.10996200622146626
46,563,0.5516227701148994,0.06572086005682352
46,564,0.4298165266321432,0.05559769369946332
46,565,0.5091768611401737,0.06382067988583488
46,566,0.47301581926919495,0.09842998694448653
46,567,0.4960645019702805,0.09397674094757662
46,568,0.47020094227623255,0.06972492081054327
46,569,0.6096311557853488,0.060808412833306486
46,570,0.5138636334731079,0.026521987614650872
46,571,0.6373449524066133,0.0998150318994894
46,572,0.5179603840521049,0.032533487942140685
46,573,0.5118110195928417,0.02626596307404127
46,574,0.4259804490752125,0.04198379080243873
46,575,0.5415715486377953,0.026685843801754112
46,576,0.41125871959235605,0.10639187656838853
46,577,0.5644440275508299,0.08044970289486685
46,578,0.497030950582158,0.09337401173798814
46,579,0.5885306729358697,0.06241689304923397
46,580,0.45575934360444703,0.09690731914410183
46,581,0.47302231135023703,0.12591660175702754
46,582,0.5725937163070496,0.04154139509373264
46,583,0.5751271002258078,0.07900063528181764
46,584,0.5868871341782851,0.0741779172629746
46,585,0.4354973929471257,0.050462322899217295
46,586,0.5160519169934898,0.03057291325804187
46,587,0.48375884947358233,0.0495579747608414
46,588,0.4913596233405489,0.06738604405250936
46,589,0.5141950398074608,0.03987318898565259
46,590,0.5486505537736398,0.03253374925419248
46,591,0.5037391373037883,0.06112340837933425
46,592,0.5414912381243889,0.07993368287304693
46,593,0.5845063436436002,0.04244413819028377
46,594,0.31739068918901586,0.07293914477044387
46,595,0.5413629509042162,0.0586316840180456
46,596,0.5724686220534289,0.06509087921747209
46,597,0.6591806170164594,0.10025602550224895
46,598,0.5431295511008465,0.07429751850846043
46,599,0.40678891354131225,0.08972114433732196
46,600,0.5172406540497417,0.06445279695123184
46,601,0.510807478147937,0.045797870127785384
46,602,0.616766657812007,0.02701913583144928
46,603,0.6325951691889239,0.08446678929501175
46,604,0.5071854928202612,0.05007017881640016
46,605,0.6135532175550173,0.0816117401225951
46,606,0.5535280209633269,0.09798238203609856
46,607,0.38648864573054187,0.06599426547248079
46,608,0.525935922585891,0.07572206691468504
46,609,0.598672848978543,0.052761873154419194
46,610,0.4780809600343628,0.04365191246364941
46,611,0.5509372649352337,0.04984952766138542
46,612,0.6381136525952316,0.0859010990668295
46,613,0.43293498301807426,0.04811463235084409
46,614,0.5379854986607616,0.09987565035891553
46,615,0.4488691454644178,0.05951500359321275
46,616,0.49321987131652223,0.045876435483995656
46,617,0.6008676661819176,0.1078726854266264
46,618,0.5855083330261645,0.08870460874705932
46,619,0.6553482940195302,0.07728417427859612
46,620,0.42713365902457323,0.10782588042354163
46,621,0.5320842021418899,0.07468531641255814
46,622,0.4191383610825665,0.08321656170082477
46,623,0.6237359232475912,0.0594177422840471
46,624,0.6427185528805643,0.08796209700422322
46,625,0.4112342936914181,0.0368499151138437
46,626,0.5239917788006451,0.05152508704520899
46,627,0.5468477977512124,0.026685319883471222
46,628,0.6503085234064774,0.10039147796251656
46,629,0.5047966715348083,0.06702809141675194
46,630,0.5947667604433784,0.044367590934143386
46,631,0.622988753165691,0.08382589409239385
46,632,0.5054921256887265,0.11379575780659018
46,633,0.6441217398134258,0.062393604656397206
46,634,0.5485857995918634,0.14488181373523454
46,635,0.5249702583452223,0.06828191411338598
46,636,0.588345504872956,0.13927849910296325
46,637,0.5040745041220739,0.052490845137045467
46,638,0.5807496095014802,0.08694007550038026
46,639,0.46311816349865104,0.08898186534374326
46,640,0.49130368832248517,0.07015507098596373
46,641,0.5734471931484411,0.0949909428925294
46,642,0.5515427517837668,0.048226546862985054
46,643,0.5555050989925222,0.07734475281930014
46,644,0.5562643689066229,0.09176744273091192
46,645,0.36696966575977363,0.056165859916842656
46,646,0.4974301898163787,0.020785868218246076
46,647,0.3516085209993876,0.07662696524233914
46,648,0.41909681004749905,0.037028579501676574
46,649,0.7481789870696816,0.08602657802801125
46,650,0.5847842339851522,0.11732992385235462
46,651,0.3797294150231898,0.10853867432343192
46,652,0.48646121623177935,0.03736766011934775
46,653,0.5801197051716157,0.030704464264698736
46,654,0.6034372472466873,0.05719420927965134
46,655,0.573531959739906,0.06203306610382422
46,656,0.5293881988185034,0.07981955206706982
46,657,0.5468936172865434,0.05135088690909088
46,658,0.5497818810637235,0.07222062332084585
46,659,0.6101937074365846,0.07928324298808977
46,660,0.7128004408048971,0.09213736755147912
46,661,0.4355312767310967,0.05937910445101122
46,662,0.43832680783869105,0.04631644113204876
46,663,0.4874234834428848,0.08120585938653153
46,664,0.49105835069897114,0.03330406535313167
46,665,0.4640638227424576,0.022994947156047094
46,666,0.5632134117606238,0.0479790170809378
46,667,0.42303420269495134,0.12131035219870336
46,668,0.4941749500395628,0.051291661682784075
46,669,0.54774575675501,0.05121168114941137
46,670,0.5530305820879206,0.03753354447841181
46,671,0.5805509060609895,0.05028735207720659
46,672,0.6502294752381254,0.0443818146387158
46,673,0.5533265273512427,0.06409465982679026
46,674,0.570620463997741,0.06286195915235708
46,675,0.41694323488043833,0.029931207386421754
46,676,0.42405228661362604,0.08259650386633025
46,677,0.5255159615174513,0.041766133275099704
46,678,0.4413480582894509,0.09120216339645469
46,679,0.39057799536402543,0.05025044882586811
46,680,0.5178820835610654,0.042134814937041264
46,681,0.4253154248267125,0.05119449212520461
46,682,0.4432118183781014,0.07922649468406641
46,683,0.46219172566643607,0.0654323061401041
46,684,0.5460644555401687,0.09530941297467005
46,685,0.6431632596602175,0.07599138924512755
46,686,0.5144928084344479,0.059220283619199544
46,687,0.6210881391578634,0.05738378109170154
46,688,0.49819539964689463,0.06730294792913918
46,689,0.5993136654093448,0.09598083572769452
46,690,0.5337294606979177,0.042093569962675964
46,691,0.5950810045729747,0.08232477635968598
46,692,0.4920764354255059,0.07823557448691111
46,693,0.5763457897608659,0.055109633996634155
46,694,0.5676704143893911,0.0816806591449164
46,695,0.5525905374482835,0.059916683163220866
46,696,0.6191698019104304,0.048618508912531576
46,697,0.507279624735108,0.13685959138393838
46,698,0.6055930863899645,0.07335755190348572
46,699,0.50827983093997,0.09759796539438576
46,700,0.45423680034988306,0.060339477930990086
46,701,0.5072622032153966,0.061762222382483176
46,702,0.4949207827046945,0.10288326799142376
46,703,0.5751428044762058,0.08453658044285833
46,704,0.5555273203254039,0.06522207328738307
46,705,0.42348391136483055,0.08000364042081044
46,706,0.46317919909333766,0.09245928129070567
46,707,0.380852446453692,0.11373595200608874
46,708,0.49126375196337707,0.03776447321152521
46,709,0.48635908412925555,0.09279299914498837
46,710,0.6345727458082284,0.03986464616097336
46,711,0.7339648479747102,0.08595398183445566
46,712,0.621750886921713,0.10436462878598388
46,713,0.48057881721565326,0.0415502435247382
46,714,0.4613569014495786,0.07952430988533198
46,715,0.45062618044223834,0.05256455229264785
46,716,0.4348580479412412,0.11009840100572797
46,717,0.5484263053000386,0.11750783768479134
46,718,0.5071578528623467,0.07556614864523852
46,719,0.5063652567370986,0.06084516198609574
46,720,0.5960277205431863,0.06988619883175777
46,721,0.4932625352498433,0.10022922582520896
46,722,0.6789446505533475,0.06346585483920182
46,723,0.5839874478332978,0.0637156505683966
46,724,0.5921169897714038,0.03999803036198771
46,725,0.48866299967970284,0.08196981465214281
46,726,0.4811301806661821,0.11019022428355198
46,727,0.40171220286846787,0.07024739090612107
46,728,0.563420229576358,0.06397797651745582
46,729,0.6470254941973408,0.06806133771060009
46,730,0.5417905309794872,0.059968418585884205
46,731,0.5346305391473198,0.0631062575157475
46,732,0.6477093073137383,0.06881800878566442
46,733,0.5360570223979169,0.031517260276030704
46,734,0.5178782366029847,0.07724248441721591
46,735,0.5967365457941087,0.09874928391521325
46,736,0.48401868578322815,0.06697128833483912
46,737,0.5123392422196131,0.02611193178620154
46,738,0.5433885837123484,0.14741959259259602
46,739,0.5270750247372766,0.06114319355771716
46,740,0.6089043787167078,0.08656868893714016
46,741,0.5700841151173418,0.053635500565158103
46,742,0.5763677164903293,0.05523666900854747
46,743,0.3687941784859483,0.07880284046584912
46,744,0.6144017278027653,0.07383876181742628
46,745,0.6217499822029033,0.058907784300407336
46,746,0.560748628140574,0.09115971214321059
46,747,0.5283115943033663,0.06290889587347336
46,748,0.6547066334131426,0.06536543138304071
46,749,0.5674307325055461,0.08203790701635796
46,750,0.4505783858555432,0.08369803370106808
46,751,0.5495913777875295,0.05093895526983394
46,752,0.5791362972829294,0.06410376449428554
46,753,0.3777630920097941,0.14913539912763335
46,754,0.5428997337857118,0.1011144946796977
46,755,0.6113396231234253,0.049801390704596445
46,756,0.5639150364908322,0.02856977597840537
46,757,0.6035687353074086,0.10553578241925093
46,758,0.5527255596717956,0.0497493402002035
46,759,0.5771455507034736,0.04046798642039522
46,760,0.5939301092481897,0.08268572812248876
46,761,0.4749076443703072,0.08117318753768647
46,762,0.5687578531228858,0.12441184400166624
46,763,0.5085367416611928,0.07641446702230886
46,764,0.5764281424876293,0.06970375740281153
46,765,0.6245840821078849,0.05747464603287563
46,766,0.5102207905614966,0.05399953994567912
46,767,0.47142295946394436,0.07725394036868112
46,768,0.649944140372897,0.0629370225510407
46,769,0.4098165853825186,0.03662412117766741
46,770,0.495521328554539,0.05662361289744728
46,771,0.4375615602571594,0.11149838569551981
46,772,0.5628979002585666,0.06965571666944186
46,773,0.5621203173134416,0.09636128077819581
46,774,0.45209124197182016,0.05479034980305544
46,775,0.5249347154911498,0.07868876692621889
46,776,0.5595261877088957,0.09290299137634209
46,777,0.6223128544324907,0.0691890193508797
46,778,0.548672936267699,0.051770095525279995
46,779,0.46206379706710976,0.09804300157927837
46,780,0.6227604122777105,0.07316157453662703
46,781,0.557884737895515,0.03866542956469447
46,782,0.3761923794024635,0.06572988346577993
46,783,0.5433664093636326,0.0641821887627249
46,784,0.6540473231157022,0.06264933031598385
46,785,0.5222655653869113,0.08895395640945793
46,786,0.5348592925765421,0.030441938957007312
46,787,0.48385315952603447,0.06012304330616278
46,788,0.5077031479864973,0.05647179632165677
46,789,0.5870577310538906,0.0632480623160663
46,790,0.6529299168244296,0.04902400171192113
46,791,0.5522705271157271,0.06394195832937932
46,792,0.5962644855781114,0.0571434842889075
46,793,0.6381593475820895,0.08339841326982467
46,794,0.5184720938214683,0.039881886535330126
46,795,0.5116460090864908,0.07061412401583544
46,796,0.5110588199350676,0.07665224862224207
46,797,0.6071182975962345,0.1217603820472537
46,798,0.601106772538148,0.07376293262851656
46,799,0.5383549413940585,0.11021929317331207
46,800,0.5207628734425641,0.07928589130856713
46,801,0.6658326944707038,0.07649733681526327
46,802,0.5065256092458474,0.03218350338894588
46,803,0.5270130757248733,0.05271381179770865
46,804,0.6232009431825167,0.05072126720047119
46,805,0.55144625171773,0.01704713869347483
46,806,0.5992479302548898,0.07082805357681117
46,807,0.4400108997009109,0.041713445787582314
46,808,0.59202820033733,0.07469246138163667
46,809,0.548786602231103,0.07185465688364576
46,810,0.48188901494479874,0.031026294422020578
46,811,0.51443859785576,0.045923592620028146
46,812,0.5353394442862635,0.056609321207671114
46,813,0.6605610439239948,0.08049901320769097
46,814,0.5166534309016192,0.09479092456611063
46,815,0.5479848054535791,0.028743321789462407
46,816,0.499181515649704,0.07231727653669529
46,817,0.43052766171812734,0.0702588859163723
46,818,0.5862873987054354,0.04722385194057483
46,819,0.6262270299617207,0.07886948529311202
46,820,0.5718995286568384,0.04753958819307019
46,821,0.43064940724815587,0.0360528181912413
46,822,0.5065434872503275,0.09909505188239855
46,823,0.45219434002163766,0.06850069530955373
46,824,0.5936110282680849,0.04688739450515565
46,825,0.5578022992303051,0.039242902955391165
46,826,0.5142894006665966,0.04206883582604043
46,827,0.5115074825008864,0.03859884285944287
46,828,0.5477861433073213,0.11451135409838438
46,829,0.4354112108427777,0.10085700418310689
46,830,0.6493185709713136,0.053745368897613006
46,831,0.6127246031350403,0.07411583753734381
46,832,0.5515345461438841,0.06248979710951192
46,833,0.6136709945419988,0.0639949600330631
46,834,0.4347029193624426,0.08098424042360931
46,835,0.51568757732129,0.03396491301883611
46,836,0.37744314220239633,0.05033360070756105
46,837,0.5772496330759502,0.0771738243028209
46,838,0.5489866107301167,0.10281284521936551
46,839,0.641044707348423,0.05760508441237546
46,840,0.3186634390757063,0.09810662471153106
46,841,0.5473894918737233,0.05809216115249921
46,842,0.6114772012180082,0.04205552356922069
46,843,0.5418065742875279,0.06609584121865819
46,844,0.5278247392502999,0.036758063054419095
46,845,0.5502070974752844,0.11719168569123986
46,846,0.5862850333724186,0.08652392526756339
46,847,0.4208020245634957,0.06159079569316981
46,848,0.5815792523492151,0.08214415586519928
46,849,0.5254668657450898,0.04316581921859224
46,850,0.6212901209983385,0.05654072409032697
46,851,0.47797686719786586,0.05790462460971963
46,852,0.4620978335512436,0.07012686925021698
46,853,0.5619279228295773,0.02774712929180559
46,854,0.5552578691058423,0.10666013470899957
46,855,0.47095967453876997,0.046009075865086166
46,856,0.4704316787233744,0.051298216397586166
46,857,0.6672997571775999,0.08832324484652192
46,858,0.6179917106341063,0.05200556061854522
46,859,0.5625169764732669,0.059749708493239
46,860,0.6210238326637062,0.07539274753831422
46,861,0.500930962813022,0.03663492515050097
46,862,0.5205807469719042,0.06531646734311757
46,863,0.505621492331706,0.04824019782936045
46,864,0.4909254917054386,0.07564924551970371
46,865,0.5325645598973304,0.128493425664473
46,866,0.6326714619066139,0.09222718700582591
46,867,0.6117491566250839,0.040347718654223125
46,868,0.6165255938428225,0.059016994347198405
46,869,0.369124592365455,0.043141500469365664
46,870,0.4279901333636746,0.11242529475536046
46,871,0.5435221950095115,0.11260528906699782
46,872,0.5056136807667646,0.061038001423752854
46,873,0.5059939755709082,0.12482507220033576
46,874,0.5033988626180069,0.045192006756147735
46,875,0.47833426116058847,0.13405463491638375
46,876,0.4764317901731869,0.1246513352831387
46,877,0.486815208746472,0.0750957213098274
46,878,0.421119652691345,0.10032372822842456
46,879,0.44158206890241614,0.061310049674626776
46,880,0.4823677040641005,0.05546719835541166
46,881,0.4343012525234042,0.08001538757445566
46,882,0.5909549960068758,0.06626219067702555
46,883,0.5521081550786562,0.07451794894739129
46,884,0.47235570773372715,0.03649601970331214
46,885,0.35333651317479287,0.1176820301372131
46,886,0.45438700267526555,0.13093831369857883
46,887,0.5391289249451447,0.0594677416719312
46,888,0.4441448580482796,0.042147711394934124
46,889,0.7057811843564918,0.05506478861081947
46,890,0.49012988343301445,0.04867981857634584
46,891,0.3971265611692793,0.10986756013854493
46,892,0.522609893141446,0.07972389441830136
46,893,0.5674712089324903,0.04235810177803124
46,894,0.4773135913030228,0.026753784922035957
46,895,0.4842317339845011,0.061280506055079904
46,896,0.4701695502752674,0.08549697397785634
46,897,0.43494191305102015,0.04950519270602416
46,898,0.5683499583900901,0.10737602477236774
46,899,0.3920330392902231,0.09746845626539795
46,900,0.7042560957403448,0.09624983948643014
46,901,0.5734506585286475,0.09128546339507726
46,902,0.47737992379325406,0.07481041479700394
46,903,0.466278817629883,0.040589468616394044
46,904,0.3290241106679665,0.11615590312204167
46,905,0.6005080256748933,0.06282555704818488
46,906,0.4673920454481658,0.0872525826710303
46,907,0.5247947465075671,0.07128455369066596
46,908,0.6119250113623854,0.050807660204763
46,909,0.49050262712142334,0.08742571408031641
46,910,0.3596729527825407,0.09334315652722962
46,911,0.7158933896066992,0.0963856744760045
46,912,0.5908592602868616,0.07473634808365466
46,913,0.43428778371511867,0.03930908762184666
46,914,0.5689565478336166,0.04355469156610832
46,915,0.5614368399014585,0.06440059343235795
46,916,0.5249431056072944,0.049718156084841675
46,917,0.5892788049687951,0.07273827072983505
46,918,0.4807216222800137,0.06851148468970421
46,919,0.5028415004550901,0.07392007603249369
46,920,0.5527078576947417,0.031643063904311194
46,921,0.6156395512585782,0.10322379574617686
46,922,0.516044544423756,0.026517821314719282
46,923,0.43668213312595877,0.03261834786852391
46,924,0.5283818375198469,0.017002208335522014
46,925,0.3905044026534408,0.08504611947717682
46,926,0.5708818006195931,0.03958499424440022
46,927,0.46231382224778417,0.04676826303794618
46,928,0.48442512172538826,0.04426932976004422
46,929,0.47825462701683996,0.028543441563705235
46,930,0.5660439753203744,0.07381488692791403
46,931,0.6060481183127358,0.06263085598451361
46,932,0.47097235177249563,0.03504942969141244
46,933,0.6235107590130732,0.0428851970121404
46,934,0.67496229398285,0.08323235396464906
46,935,0.55012837734033,0.04697750159412785
46,936,0.6558344485239717,0.11930354020247678
46,937,0.5650613227962558,0.07368385733007275
46,938,0.4734743609322142,0.039830318531346644
46,939,0.461141122598541,0.043002791954648636
46,940,0.5085619306854025,0.04990927284558455
46,941,0.5793028904561197,0.04733912115113624
46,942,0.5667498882009256,0.09731185978396414
46,943,0.5414808582530154,0.05677207433647528
46,944,0.45163162358643894,0.03449254333649229
46,945,0.5400122528127356,0.08025057283895838
46,946,0.5580293361201297,0.08779641979706375
46,947,0.4394347131583552,0.07208325493732251
46,948,0.5098310118311856,0.07365882074348651
46,949,0.5738543856097185,0.07387728616849837
46,950,0.5445774882595033,0.050921894969198446
46,951,0.5155024941705563,0.05741931064976609
46,952,0.4362428184816482,0.042934548839015735
46,953,0.545531215959626,0.03730230319512219
46,954,0.48568839879053616,0.10973079523422614
46,955,0.5884391939010645,0.149582333773605
46,956,0.5795773168529391,0.0742136115132215
46,957,0.5779906278919122,0.08583206769398007
46,958,0.4744778790068238,0.0868690945836308
46,959,0.4609872431922126,0.0760858718260536
46,960,0.5764812360808602,0.09409665669175465
46,961,0.5134199868282986,0.043087286343794856
46,962,0.6069207800926646,0.048914478107591725
46,963,0.5728616660517359,0.07953913138575801
46,964,0.4567329198510122,0.07959453432313736
46,965,0.5229946711515072,0.022993276744059567
46,966,0.5555695075530976,0.05268652746380001
46,967,0.582921428623066,0.06669932299555308
46,968,0.5512218161810908,0.059509795093066295
46,969,0.5191433428240324,0.055170988046535516
46,970,0.4455612628526703,0.06090879102676863
46,971,0.5576689040141879,0.019718040409876667
46,972,0.4215528652151521,0.11754184015133837
46,973,0.5124832858235441,0.07355484257387006
46,974,0.571068193667891,0.03472621422819963
46,975,0.5514042583910612,0.04614084040156793
46,976,0.6286080600305622,0.024716283008346454
46,977,0.5246096998915935,0.05069549476648664
46,978,0.4438592961280994,0.052803232931854086
46,979,0.5071911031606314,0.06291324922500748
46,980,0.5687085407725837,0.06636252275398848
46,981,0.5985522529643439,0.09776567116344105
46,982,0.49787828146141505,0.025802230938894853
46,983,0.5941513806820201,0.11236282660351658
46,984,0.6959066524892998,0.05793084535403667
46,985,0.36514081885066013,0.0804678376682321
46,986,0.41586500558906153,0.03181174992793034
46,987,0.6584113091628233,0.08079885782197312
46,988,0.4168222534755904,0.035389998965804845
46,989,0.6114179952127865,0.06240381961587152
46,990,0.5863189060525765,0.042089810983551676
46,991,0.544100515681223,0.06080656726794218
46,992,0.6611796662455806,0.05524305791063722
46,993,0.5408345758200458,0.07382773660052652
46,994,0.5659415621442613,0.02680901592164035
46,995,0.4332641223704842,0.028875590317204807
46,996,0.6913760065129555,0.07130393281455341
46,997,0.5508882665786147,0.05002041617310711
46,998,0.4393971855821437,0.0889120369996647
46,999,0.5332484637912155,0.04337170383920775
46,1000,0.5989743206183774,0.06813720111498428
46,1001,0.5185778480534046,0.08667132337582176
46,1002,0.5410131718189016,0.10128377727612342
46,1003,0.4247215958195948,0.12957359772651567
46,1004,0.5029376530584923,0.059217730467027684
46,1005,0.6276749725521199,0.07086581195640951
46,1006,0.5152727951472419,0.06519729533344808
46,1007,0.5687492214200517,0.0599079456293796
46,1008,0.5546708583640174,0.06706043978787313
46,1009,0.5003441545249837,0.03761402400771271
46,1010,0.5708463449039842,0.02620571218272306
46,1011,0.4955802813512535,0.04988807770523764
46,1012,0.6296685848035767,0.049358621075018254
46,1013,0.411290626899232,0.03757832754998363
46,1014,0.6270202528597035,0.05913772671827177
46,1015,0.3922628845800491,0.03763075798245924
46,1016,0.5163126942303138,0.0830410924361714
46,1017,0.647236634949303,0.04003805780396619
46,1018,0.5217085403979834,0.05353881669126609
46,1019,0.5526678123402932,0.1139444746872074
46,1020,0.5851023013030697,0.06455382633820574
46,1021,0.575165561760491,0.05295526300545016
46,1022,0.5679288601762286,0.050272939679948024
46,1023,0.5187479173549935,0.10009891841816955
46,1024,0.4802033613421563,0.04576680494416964
46,1025,0.523933746931904,0.05192392785391965
46,1026,0.5014833923595086,0.03838120752221645
46,1027,0.49764443005858433,0.05646538170984728
46,1028,0.44706280864091136,0.054586857001471555
46,1029,0.4771023027069892,0.0784016514408603
46,1030,0.5521855493813115,0.03661360140754577
46,1031,0.648701630184022,0.06484864914063451
46,1032,0.4985989776286664,0.06229240449727658
46,1033,0.4519204320874726,0.05092718532794068
46,1034,0.5813120582483967,0.03766171103147131
46,1035,0.5366520510670509,0.03490147003754178
46,1036,0.5590741220565931,0.0906261567956755
46,1037,0.39723016992385907,0.07129441537993642
46,1038,0.466180660439104,0.07290958930896613
46,1039,0.4878149059126307,0.05626388370052676
46,1040,0.5555033182741245,0.07365266898084087
46,1041,0.4628386339027083,0.08125299685150476
46,1042,0.6189477319568794,0.0810288958384072
46,1043,0.4661422805526838,0.0704581016470801
46,1044,0.5111896388960594,0.07374986772708905
46,1045,0.4525218071605908,0.031151485768162783
46,1046,0.5913011482747538,0.09447984031019456
46,1047,0.6712183653074201,0.11123830894756019
46,1048,0.580228568709904,0.07187006269980806
46,1049,0.5072578143074501,0.040112994500745174
46,1050,0.39621151919190334,0.07184185975205354
46,1051,0.6148149648628812,0.08302870135955323
46,1052,0.5869322678120216,0.07148219660614816
46,1053,0.4888569217773833,0.05022284544759819
46,1054,0.4786680342845421,0.027752297336000972
46,1055,0.5325249760120251,0.06095334732202443
46,1056,0.5609793182465904,0.06926081136887544
46,1057,0.5775167278497673,0.082429362380094
46,1058,0.6193035953893704,0.10219147869617094
46,1059,0.5544467340248103,0.04996868621680587
46,1060,0.5973983232522799,0.058255384519512815
46,1061,0.5662633199000147,0.05208672492812272
46,1062,0.5820656375313938,0.061478517237887546
46,1063,0.6328913471240578,0.10175988905111046
46,1064,0.5779210236724285,0.05985488878842893
46,1065,0.5912852629922569,0.04305111304530012
46,1066,0.4938374238852642,0.03728401834322742
46,1067,0.5303939387225809,0.09929503999003238
46,1068,0.5084668771483908,0.051449116992488296
46,1069,0.40641191748791883,0.09495988905283971
46,1070,0.4204070379475784,0.04679153238154948
46,1071,0.49994402037669494,0.041879072765753776
46,1072,0.4983831501826145,0.037825153810177974
46,1073,0.5657954672870601,0.08383942853340795
46,1074,0.4164835384078736,0.056078657391894556
46,1075,0.6063130635309237,0.03681739281585226
46,1076,0.4867911029464769,0.06310684319885324
46,1077,0.5255273934970309,0.04120407635704007
46,1078,0.35906705579036446,0.057884217702211804
46,1079,0.3958370372777231,0.06315086245427039
46,1080,0.4491804924649984,0.07137530584871335
46,1081,0.38785247809911744,0.03367876383832015
46,1082,0.5751962274197681,0.06826028169504596
46,1083,0.5999656886273181,0.05820816917985947
46,1084,0.4025539253307923,0.07447288798928295
46,1085,0.5375611537621209,0.059069828112143834
46,1086,0.5196489731242324,0.04858654897717947
46,1087,0.6212132126442036,0.09325396938813403
46,1088,0.4773825689462565,0.05841495065489627
46,1089,0.5871756626222527,0.09605989741623142
46,1090,0.5884042746191395,0.05674114446095667
46,1091,0.36950052665854155,0.07051729870893257
46,1092,0.527065435652901,0.0349114808075368
46,1093,0.5105714504708257,0.03244488797301293
46,1094,0.5678615394823624,0.04878734157140821
46,1095,0.5560657966268788,0.049357847311925815
46,1096,0.5548880976376491,0.08117312311408956
46,1097,0.617530235300816,0.05131834261723583
46,1098,0.431043501183596,0.04117532420231469
46,1099,0.43953386739782174,0.06375809606144289
46,1100,0.4792797995404132,0.05778296147736392
46,1101,0.5784181483933915,0.03920967652121919
46,1102,0.5873579706462639,0.04901195953493112
46,1103,0.5233737530565026,0.08506958204796722
46,1104,0.4644076085450967,0.14212830151645012
46,1105,0.5337420114004624,0.06046846677422676
46,1106,0.5301507389549338,0.05844741693623969
46,1107,0.5388965682879993,0.054885257047845415
46,1108,0.537300483958504,0.09827399828904135
46,1109,0.6339328260484888,0.0876956471682074
46,1110,0.4868010711307481,0.06960844937021167
46,1111,0.5869783373682634,0.08777503748817066
46,1112,0.5139586665741022,0.07709208664686831
46,1113,0.4046352052551547,0.050524877856423664
46,1114,0.5090681491848468,0.12818150216466254
46,1115,0.5022342175363825,0.03704552766373974
46,1116,0.5423140902061433,0.05853478491548665
46,1117,0.5333440585538606,0.0801139601960252
46,1118,0.550109668227299,0.050232139860655785
46,1119,0.5217668715938913,0.045721919893353904
46,1120,0.42499512026422076,0.05519323704434612
46,1121,0.6282950817518894,0.09906037729396307
46,1122,0.42686128489348774,0.04494890629386937
46,1123,0.48596665238818376,0.05218578901006589
46,1124,0.4987006076871748,0.052310123806065756
46,1125,0.5327534837283822,0.06138102151809022
46,1126,0.30461635588235586,0.07641428111624533
46,1127,0.5581259122484226,0.06086669115692791
46,1128,0.37521386176424054,0.10467563860492608
46,1129,0.40514207256445667,0.08633551824031799
46,1130,0.646142433727365,0.08343027988080629
46,1131,0.6603757898138374,0.03577581485617693
46,1132,0.587812173644548,0.05014473151963539
46,1133,0.4844685231642925,0.05993841850026297
46,1134,0.4777057201412337,0.045872925335048935
46,1135,0.6083451472257312,0.029472222212925364
46,1136,0.552545123656803,0.06576205511364906
46,1137,0.4424245341063936,0.03804880320813649
46,1138,0.4938235097715317,0.06321325324259243
46,1139,0.41360900851856336,0.11807632242307146
46,1140,0.4023191074975757,0.11008581487228787
46,1141,0.5336735675554214,0.041096400691746075
46,1142,0.6237863665743497,0.0572091127896241
46,1143,0.5873711032256348,0.06785430246747319
46,1144,0.5522073003301723,0.06059550009034634
46,1145,0.674700241848694,0.10205669089286815
46,1146,0.49661841031472664,0.044820367210138136
46,1147,0.3933796236187095,0.06844222225487398
46,1148,0.5909376285423383,0.07948751728912988
46,1149,0.6272388766398191,0.04382325227400113
46,1150,0.5274992954491958,0.021438066158797425
46,1151,0.498156507198852,0.11522364780761145
46,1152,0.42880963537242633,0.05948738464911975
46,1153,0.5500293686975415,0.04663658494277052
46,1154,0.517094977415596,0.09146348551586314
46,1155,0.5976074433408562,0.05276120263744311
46,1156,0.36814541782984284,0.059475882452712577
46,1157,0.611607072118296,0.08455121040947376
46,1158,0.5109704371769279,0.1050306530088489
46,1159,0.6219614756300242,0.09671494895212267
46,1160,0.5648801717171388,0.05262497162082051
46,1161,0.4903755513860349,0.03366860851630769
46,1162,0.5063882027293709,0.0858293426936095
46,1163,0.5066321443333806,0.15589814836745725
46,1164,0.5551693705517232,0.06079547976618052
46,1165,0.4360427777705346,0.051017086613220505
46,1166,0.5854560695103467,0.0428605975036986
46,1167,0.4729211696670769,0.10353886465975998
46,1168,0.5801109212760684,0.10217802889011844
46,1169,0.5944040084313237,0.12737754581632693
46,1170,0.45117512828406214,0.07006403390813208
46,1171,0.5894672061671732,0.06079519871039659
46,1172,0.3773487960349466,0.09039020971911689
46,1173,0.5740977208932492,0.04627314753165342
46,1174,0.4662932984700211,0.06119716130349178
46,1175,0.5634601312941026,0.059505666694600085
46,1176,0.44020933413456187,0.06760773607456964
46,1177,0.4009072096339495,0.07476215578421923
46,1178,0.5064786615968887,0.04934981820298827
46,1179,0.5378351593036415,0.02729525711184312
46,1180,0.5643623173512899,0.03771027066768039
46,1181,0.5825152820977815,0.06508501027871005
46,1182,0.6803729141667215,0.12741512847068434
46,1183,0.5138647421656178,0.05650528479364996
46,1184,0.46390666796135743,0.0549071835890349
46,1185,0.511515488692709,0.05538479145556376
46,1186,0.5550209380690748,0.12198453869507395
46,1187,0.5592354553074355,0.03802935006907981
46,1188,0.5606768725954765,0.07202320162005776
46,1189,0.43884024770163854,0.11018605993350625
46,1190,0.4886879222318859,0.06877206560684745
46,1191,0.4652414312594815,0.06892944740460304
46,1192,0.5940601861828297,0.06699517295090188
46,1193,0.5381066190077941,0.08218435724069309
46,1194,0.37466565581723754,0.06056600504659013
46,1195,0.48708002098846104,0.05225829515619008
46,1196,0.4817962460067625,0.05217012855082401
46,1197,0.5027830629350574,0.0412337182103702
46,1198,0.605328819425088,0.06114161375302799
46,1199,0.5664497607005543,0.09016893963574092
46,1200,0.6026704230763468,0.03938212472728356
46,1201,0.5427766978571813,0.0496959919229336
46,1202,0.4302154724670224,0.07345801597437504
46,1203,0.6195367975000633,0.08174782099462911
46,1204,0.5540095024204239,0.05782213122377195
46,1205,0.6110604252892151,0.05057551844319043
46,1206,0.6315902276259446,0.07175815715491725
46,1207,0.43600064766950675,0.10480839402277131
46,1208,0.6757160954038135,0.10959405730058713
46,1209,0.5625939219434963,0.07885933916584544
46,1210,0.5650352050902402,0.050218446711897284
46,1211,0.497931162752274,0.0596502895317559
46,1212,0.6160072597250239,0.08137827994169591
46,1213,0.6012661036065194,0.05504995117193809
46,1214,0.47541650706387695,0.031036229178940715
46,1215,0.42149758065879644,0.1064784502891745
46,1216,0.5217173957570739,0.04474492201660403
46,1217,0.675865236981353,0.06357142333394775
46,1218,0.48112887940906685,0.05038631027499543
46,1219,0.425278847159946,0.024960918864403363
46,1220,0.5561333590974238,0.05646343971044315
46,1221,0.5228412460596862,0.08894025737093778
46,1222,0.6694511455527731,0.09310422618337681
46,1223,0.4407633509612152,0.046550703481532583
46,1224,0.6769154327497595,0.082209885003127
46,1225,0.39266581139171286,0.0769081383280754
46,1226,0.5669695198039024,0.10259041039130659
46,1227,0.5351767326605545,0.07409076365257755
46,1228,0.4595615358233926,0.06486818062096272
46,1229,0.4046426368741803,0.06218335913251455
46,1230,0.4359029839375049,0.08779187098571313
46,1231,0.560724343109318,0.09027461401868946
46,1232,0.46703038596492474,0.02941601137817384
46,1233,0.4254594179600947,0.04112761408673642
46,1234,0.35596661146577746,0.05351659531472143
46,1235,0.601232376315188,0.059530026145682174
46,1236,0.6154773432162843,0.04298558528451582
46,1237,0.6510561114499948,0.10227532735569175
46,1238,0.5287303773429824,0.08866575735587731
46,1239,0.5780040292816383,0.1011117939911001
46,1240,0.5006463068376502,0.08168450494312507
46,1241,0.4246479281464994,0.08070758623115419
46,1242,0.6565196596929204,0.10478005787227933
46,1243,0.5335943443095893,0.07085089460467947
46,1244,0.5085754890256907,0.052630398278693605
46,1245,0.608697120522255,0.07298729223348503
46,1246,0.5710252641816363,0.03994684948696001
46,1247,0.5391544401531991,0.07163165311407425
46,1248,0.5479226954310153,0.0867406596640954
46,1249,0.7133241855162195,0.06576333865540776
46,1250,0.5340481867928184,0.050965640973622675
46,1251,0.5841453044799565,0.058289973962243474
46,1252,0.5350026874501835,0.055889192219708665
46,1253,0.5457475123915732,0.10253965291259898
46,1254,0.5492654550756244,0.03573507207477539
46,1255,0.6488774023458482,0.05238117213549149
46,1256,0.402058955937395,0.0812742005147294
46,1257,0.5239659851934646,0.03294607198513729
46,1258,0.5521625841254338,0.06982222324419982
46,1259,0.5077921147210873,0.08027878316074191
46,1260,0.5701300318102248,0.05815269792751147
46,1261,0.5388072988730143,0.09981613908561114
46,1262,0.48883737314756137,0.05860474088385034
46,1263,0.48037199023821786,0.04118383979398661
46,1264,0.3766688926298989,0.08183983550956718
46,1265,0.4684621084972486,0.041053236926629884
46,1266,0.45217145227485667,0.11315203025643293
46,1267,0.4436378878241033,0.04558522102800554
46,1268,0.5454723120518409,0.05593597939976085
46,1269,0.436553910328362,0.03810536709712726
46,1270,0.3929524309646984,0.089875838022172
46,1271,0.6746326943207182,0.07303634489413138
46,1272,0.4245333240225336,0.12778018407099334
46,1273,0.4437549298727914,0.048860736019988756
46,1274,0.5265672536923997,0.04666380863848669
46,1275,0.5920617162145295,0.03721733731964575
46,1276,0.585315372730116,0.08033573057651543
46,1277,0.6607022010025806,0.06692757053821893
46,1278,0.557269540798214,0.05879749841459582
46,1279,0.6245350742745398,0.09398214864468746
46,1280,0.6474716584864205,0.0812747543545791
46,1281,0.5651264876940787,0.09203026451847121
46,1282,0.5374085666444434,0.08218491048809586
46,1283,0.5365289256617282,0.06058735567583861
46,1284,0.5990000643249767,0.06696615571910469
46,1285,0.6293011506571728,0.06289536151886138
46,1286,0.5441170874369058,0.10297070743198643
46,1287,0.5914112411064718,0.06283638529575851
46,1288,0.4865112658229789,0.055520538025257395
46,1289,0.5502679894673677,0.06266247186503977
46,1290,0.4739133374883142,0.10802298693003096
46,1291,0.5794280733989706,0.05023472595228383
46,1292,0.444042490807332,0.07777502572102406
46,1293,0.4951185490405248,0.022459077606856847
46,1294,0.4899020274981409,0.05519188387325535
46,1295,0.6439231905386129,0.0971478408840266
46,1296,0.5209164408314217,0.08690106733728663
46,1297,0.5288550330008602,0.08759820872209298
46,1298,0.5850930746174025,0.11372331153150553
46,1299,0.49109563656914096,0.05886974830496325
46,1300,0.5247982612037726,0.04935289171843864
46,1301,0.6110839681950654,0.07245895997374502
46,1302,0.4996033889285513,0.03956404371142959
46,1303,0.6178734920407838,0.0873144113142132
46,1304,0.6239052474878727,0.10568738340635853
46,1305,0.5732200011072682,0.05589855019277733
46,1306,0.5222828202641758,0.011711178079718224
46,1307,0.5023861106170306,0.045526874753890965
46,1308,0.6676248292477912,0.02793963441604517
46,1309,0.4902468439178792,0.017102920194769847
46,1310,0.5757491072033014,0.06683121020894264
46,1311,0.533184324648311,0.07190078073604492
46,1312,0.6247334989716505,0.07743815882141929
46,1313,0.5206774553960074,0.0826330743691594
46,1314,0.48850260048882227,0.029514072927466325
46,1315,0.4918131382206977,0.060106276786837845
46,1316,0.5689817616473568,0.08076374552619026
46,1317,0.47269852989857797,0.06525029049716366
46,1318,0.4165289106631691,0.0483401892625236
46,1319,0.4485400740047284,0.04460672773910022
46,1320,0.5877434374727112,0.04200894554524111
46,1321,0.6283475124192278,0.049842619446762076
46,1322,0.5509803352635647,0.08183470643132952
46,1323,0.5408732874828133,0.06549226068915831
46,1324,0.5318777440585201,0.05246751634532829
46,1325,0.5486333985400254,0.05622533808884477
46,1326,0.5964013378749925,0.0742527717852984
46,1327,0.4515172408360172,0.11393063237333204
46,1328,0.6180642858104589,0.09739572809235847
46,1329,0.6658764087276317,0.08427525952588055
46,1330,0.33852587377588894,0.09518246854411426
46,1331,0.45283368478151054,0.06695674335911976
46,1332,0.42036146896009396,0.06061131890111156
46,1333,0.586437331370383,0.10300992488298272
46,1334,0.5700140660194807,0.05469734646502726
46,1335,0.5384790054613035,0.10511006993267831
46,1336,0.585137696957735,0.06112035347699406
46,1337,0.6271545643742283,0.07733366401189828
46,1338,0.5484473511535245,0.06561885842700119
46,1339,0.6665600861332848,0.055563253824040724
46,1340,0.5904780050386157,0.0638725184125972
46,1341,0.6404420345841406,0.07450183742297375
46,1342,0.577009977847427,0.06010524798843359
46,1343,0.418911509930727,0.06147861569985845
46,1344,0.4158849254382869,0.08416026185674519
46,1345,0.4021372784127827,0.0696228525759206
46,1346,0.5615168994813565,0.07630551971036509
46,1347,0.37666933970939026,0.045925407716197374
46,1348,0.47106355835710995,0.0913529963444721
46,1349,0.6291381364095271,0.030729072965647947
46,1350,0.47799735939198085,0.052364916136664164
46,1351,0.5826410094230096,0.11805762551016509
46,1352,0.4721021502065261,0.034396916452442715
46,1353,0.5564152285824457,0.05316191045902794
46,1354,0.4910945327457132,0.12128750599946449
46,1355,0.636204661487955,0.1029059622936434
46,1356,0.5451074662938895,0.06303628858789484
46,1357,0.481699352716676,0.08918354087383375
46,1358,0.49776739183287005,0.05273840952112395
46,1359,0.5446676398332987,0.048804606508842614
46,1360,0.4706291579238233,0.07011704645459538
46,1361,0.7140197670148619,0.09193810752064449
46,1362,0.47809821149831716,0.04871726232804787
46,1363,0.46757414943027553,0.09812110487840789
46,1364,0.6124079876236257,0.05795948174395126
46,1365,0.4479435011927181,0.09188405722237976
46,1366,0.5729839098747112,0.0904342073896528
46,1367,0.6199868895575856,0.05807044165373379
46,1368,0.557467042144583,0.050868008809074106
46,1369,0.4618614182783097,0.06660655958346301
46,1370,0.38738012997885074,0.0698854221341393
46,1371,0.5134210062518676,0.058259774309411615
46,1372,0.5462922288021366,0.12343118527143647
46,1373,0.5330579335787754,0.09942259848742535
46,1374,0.5626133159724515,0.1220529805318102
46,1375,0.4338490512886405,0.06997749245218372
46,1376,0.5171957655507836,0.10627746218611825
46,1377,0.47889491190983347,0.09016089006175723
46,1378,0.6205534222586788,0.04504083598812641
46,1379,0.5769418002227175,0.0673533730185846
46,1380,0.4995658415553031,0.08814669501938492
46,1381,0.5394832611064498,0.07991076591347265
46,1382,0.5087128594572107,0.07761211402883972
46,1383,0.48093498271635193,0.043319026937748535
46,1384,0.520856780810479,0.01856607912127713
46,1385,0.3986073193862277,0.04533468565796951
46,1386,0.44492601924992736,0.043661495122167625
46,1387,0.3911314764495624,0.06882504585696551
46,1388,0.4943770968458707,0.07390929059109055
46,1389,0.436869385347622,0.051226669014053705
46,1390,0.4482464954400721,0.04067756454324061
46,1391,0.5363691679864191,0.06405351335101284
46,1392,0.6705772739232791,0.09375154541809944
46,1393,0.4911303764915217,0.05623890975915904
46,1394,0.571584744983906,0.09169141647807001
46,1395,0.4139454634301456,0.09227034597943068
46,1396,0.39310637524908965,0.09327462901875283
46,1397,0.58354981853768,0.059260824253328216
46,1398,0.574033071980102,0.028774162797110734
46,1399,0.6524616871608646,0.0828471820046254
46,1400,0.5318943632286861,0.059946285810514754
46,1401,0.44186682208567907,0.04318808281640068
46,1402,0.5660677800833,0.047294465047034065
46,1403,0.5391612869286442,0.0403396110129236
46,1404,0.49596456570280534,0.044288233079866075
46,1405,0.47388740881505353,0.031686290604487084
46,1406,0.5312796057079271,0.04392989779463562
46,1407,0.5836409275595943,0.04375413875734369
46,1408,0.6695200762962805,0.052082196603874184
46,1409,0.590339372000603,0.08242614705061538
46,1410,0.5643713726748214,0.06880622935260108
46,1411,0.4311470344466994,0.0664968650026935
46,1412,0.5231427381598955,0.07220355709116026
46,1413,0.49951652649806083,0.06285905071139795
46,1414,0.5700384707731596,0.0698005100308468
46,1415,0.523630388756185,0.08544422880546479
46,1416,0.5560694753893103,0.08040642851843316
46,1417,0.5201307417053439,0.12728832577229862
46,1418,0.4522668937259634,0.0530751924192431
46,1419,0.5430243825552633,0.04454093746864799
46,1420,0.6313305168147179,0.07948080443519986
46,1421,0.45846084622357813,0.1012087274543257
46,1422,0.5220929975016776,0.04455735111535303
46,1423,0.4194347482802452,0.06063345063792778
46,1424,0.4856308608644763,0.019813859763341057
46,1425,0.6712362151025641,0.08327187063968579
46,1426,0.46884052345572536,0.0522108362573838
46,1427,0.45273864385036333,0.0886417512946314
46,1428,0.4773788466389508,0.053163699712238034
46,1429,0.4586224214508314,0.03755363433744673
46,1430,0.5574215692323619,0.060031786725905395
46,1431,0.51636908924957,0.09348379254536628
46,1432,0.5584452417067908,0.08091493134679952
46,1433,0.49319233868464146,0.041455810233704246
46,1434,0.6337031875683983,0.06985184961066611
46,1435,0.6094140382460767,0.049792371578194806
46,1436,0.6334723668716028,0.14122220661810406
46,1437,0.3734900797421176,0.09751500934587755
46,1438,0.6042288720578528,0.04383800265717222
46,1439,0.4722723836116893,0.07370673300611456
46,1440,0.6217175869469369,0.08400235267976179
46,1441,0.48446581867701455,0.13582055601290174
46,1442,0.4759369370239486,0.1100594194840017
46,1443,0.5251628361329366,0.08856989604088934
46,1444,0.4777942912744734,0.010356852325262123
46,1445,0.5360212832573993,0.048224365466573285
46,1446,0.48789523678898183,0.0932299317553554
46,1447,0.5733385441972665,0.06940527626005376
46,1448,0.4482188026042671,0.1092003459550759
46,1449,0.6240688947308053,0.049054708427263914
46,1450,0.5156698062190216,0.03852448670126777
46,1451,0.5133875694117974,0.038386600503763156
46,1452,0.5439612480322035,0.05684207827761081
46,1453,0.5824869029438672,0.09213519338480577
46,1454,0.5354246247618853,0.05681767199845066
46,1455,0.46160710120515486,0.11719790758946132
46,1456,0.5287429924551125,0.053377281919061756
46,1457,0.5592354465939138,0.0333646171003888
46,1458,0.4809654096030529,0.09663961917319032
46,1459,0.3128493623626867,0.07455623492891245
46,1460,0.48104856517869227,0.06820430320044865
46,1461,0.4790109232167928,0.093713733869153
46,1462,0.4977798522726844,0.1003436026549103
46,1463,0.5258737783815103,0.03183935947695296
46,1464,0.5331910306141564,0.05410045765063735
46,1465,0.5715067674680048,0.11629644836996247
46,1466,0.5851927689344482,0.1002058518326179
46,1467,0.5902686921239958,0.11588384713726703
46,1468,0.6374823766586625,0.10966821765718618
46,1469,0.5160506433643762,0.06369635824880458
46,1470,0.4403045068873584,0.0674210774220035
46,1471,0.5236175391324331,0.07569057771228446
46,1472,0.5679645495931634,0.058635187106832264
46,1473,0.4195653235857762,0.03996739034481792
46,1474,0.5076605409281472,0.04863224469286456
46,1475,0.44783491408383885,0.0714359307682187
46,1476,0.4552834102686943,0.029843511993124468
46,1477,0.41959932011615636,0.05296518905381615
46,1478,0.6276817128865236,0.037173032687504805
46,1479,0.4847289790725511,0.07486547462837682
46,1480,0.47202720778752155,0.06340712960876328
46,1481,0.5352875522983787,0.10154846898283344
46,1482,0.6033199722403916,0.08974388095669425
46,1483,0.5996887266444282,0.052871042641851135
46,1484,0.42163735209664666,0.05326193811264345
46,1485,0.4248573606373965,0.06291216492501031
46,1486,0.6230465581077637,0.07594622071448719
46,1487,0.5380878792821449,0.0903208570236847
46,1488,0.39856104930856795,0.052408075508238845
46,1489,0.6966760368338853,0.045073895382275464
46,1490,0.5255782244894373,0.06621811405673976
46,1491,0.5346376103406016,0.06673418821240289
46,1492,0.4884295075366992,0.023431091909743493
46,1493,0.6356517618497386,0.11766043324608903
46,1494,0.5342651763751787,0.06085519558977883
46,1495,0.5541497638996814,0.09842757410802765
46,1496,0.4758282089081732,0.11000948876827979
46,1497,0.4089199244742211,0.030108922882268106
46,1498,0.5758400025669381,0.04514838723693886
46,1499,0.42187622995757995,0.05030944308814176
46,1500,0.5776507185163832,0.04189068341443857
46,1501,0.5798065066629876,0.04869014264381927
46,1502,0.4076095986939812,0.07762035058269978
46,1503,0.3486865984544581,0.0882801810510161
46,1504,0.4492693723339297,0.06422701850182122
46,1505,0.4835286405631088,0.05427961470633538
46,1506,0.6302690378867306,0.09200951436065614
46,1507,0.4961135213767281,0.04025636294279733
46,1508,0.6620806553269877,0.08673644759627228
46,1509,0.4395109566087613,0.04439807634970524
46,1510,0.389665364726281,0.09520628904409942
46,1511,0.34503448828799077,0.05650566604905811
46,1512,0.47216870053479737,0.13686287320435692
46,1513,0.5316211398044854,0.07724711763221902
46,1514,0.5436804707983187,0.06845281394262323
46,1515,0.6664991622912178,0.056400138892293644
46,1516,0.4228209993626281,0.1681377655007021
46,1517,0.6642996070788081,0.057214674128923504
46,1518,0.5712543994923908,0.04892593756565238
46,1519,0.43977847620491656,0.02071458296938949
46,1520,0.47953445905529174,0.07835371700899996
46,1521,0.5068615969780557,0.09768759787212487
46,1522,0.5366623599474186,0.1306608709625814
46,1523,0.5357498817354082,0.11180151555324523
46,1524,0.5021872367724692,0.06250319812381608
46,1525,0.5305611926684527,0.061690633213133686
46,1526,0.46157718969906136,0.08477739932834989
46,1527,0.3415077233744182,0.06839077409768052
46,1528,0.5585896735382179,0.07258237527982264
46,1529,0.43836045013827435,0.04731178205131586
46,1530,0.55271175960192,0.04830026356771938
46,1531,0.5635623588994862,0.06815561460860571
46,1532,0.44881841387370947,0.0824197665229044
46,1533,0.5562827658592853,0.06165929644162311
46,1534,0.517554336701181,0.09046672828720585
46,1535,0.5404098553160117,0.06539789941488816
