dataset_index,partition,sample_id
0,train,cub:2
1,train,cub:4
3,train,cub:7
4,train,cub:8
5,train,cub:9
6,train,cub:11
7,train,cub:15
8,train,cub:18
9,train,cub:20
10,train,cub:21
11,train,cub:23
12,train,cub:30
13,train,cub:31
14,train,cub:32
16,train,cub:36
17,train,cub:37
18,train,cub:40
19,train,cub:41
21,train,cub:43
23,train,cub:49
25,train,cub:53
26,train,cub:55
27,train,cub:56
29,train,cub:60
30,train,cub:62
31,train,cub:64
33,train,cub:67
34,train,cub:69
35,train,cub:72
37,train,cub:74
38,train,cub:75
39,train,cub:77
40,train,cub:78
42,train,cub:81
43,train,cub:84
44,train,cub:86
45,train,cub:89
46,train,cub:96
47,train,cub:97
49,train,cub:102
50,train,cub:104
52,train,cub:109
54,train,cub:111
55,train,cub:113
56,train,cub:115
57,train,cub:116
58,train,cub:117
59,train,cub:120
60,train,cub:121
61,train,cub:122
62,train,cub:123
63,train,cub:124
64,train,cub:125
66,train,cub:128
67,train,cub:131
68,train,cub:136
69,train,cub:137
70,train,cub:138
73,train,cub:142
76,train,cub:148
77,train,cub:151
78,train,cub:152
80,train,cub:158
81,train,cub:159
82,train,cub:160
83,train,cub:164
84,train,cub:166
85,train,cub:168
86,train,cub:172
87,train,cub:174
88,train,cub:176
89,train,cub:177
90,train,cub:181
91,train,cub:182
92,train,cub:184
93,train,cub:187
94,train,cub:188
95,train,cub:189
96,train,cub:194
97,train,cub:195
98,train,cub:196
99,train,cub:197
100,train,cub:202
102,train,cub:204
103,train,cub:206
105,train,cub:213
107,train,cub:216
108,train,cub:218
110,train,cub:221
111,train,cub:222
112,train,cub:224
114,train,cub:227
115,train,cub:228
116,train,cub:230
117,train,cub:232
118,train,cub:235
120,train,cub:241
121,train,cub:242
122,train,cub:243
123,train,cub:245
124,train,cub:247
127,train,cub:250
128,train,cub:253
129,train,cub:254
131,train,cub:257
134,train,cub:262
135,train,cub:263
136,train,cub:264
138,train,cub:267
139,train,cub:268
140,train,cub:269
141,train,cub:270
142,train,cub:272
143,train,cub:273
144,train,cub:274
145,train,cub:275
146,train,cub:276
147,train,cub:278
148,train,cub:280
149,train,cub:281
150,train,cub:283
151,train,cub:284
152,train,cub:285
153,train,cub:287
154,train,cub:288
155,train,cub:289
157,train,cub:291
158,train,cub:293
159,train,cub:294
160,train,cub:295
163,train,cub:299
165,train,cub:302
166,train,cub:303
167,train,cub:305
168,train,cub:306
169,train,cub:307
170,train,cub:310
171,train,cub:313
173,train,cub:317
174,train,cub:318
176,train,cub:320
177,train,cub:321
178,train,cub:322
179,train,cub:323
181,train,cub:326
182,train,cub:327
183,train,cub:328
184,train,cub:331
185,train,cub:332
186,train,cub:333
187,train,cub:334
188,train,cub:335
189,train,cub:336
191,train,cub:339
193,train,cub:342
194,train,cub:345
195,train,cub:347
197,train,cub:353
198,train,cub:355
199,train,cub:358
200,train,cub:359
201,train,cub:361
202,train,cub:362
203,train,cub:364
205,train,cub:367
207,train,cub:374
208,train,cub:375
209,train,cub:376
210,train,cub:377
211,train,cub:378
212,train,cub:379
213,train,cub:380
214,train,cub:385
215,train,cub:388
216,train,cub:390
217,train,cub:392
220,train,cub:396
221,train,cub:397
223,train,cub:399
224,train,cub:400
225,train,cub:401
226,train,cub:402
227,train,cub:403
228,train,cub:404
231,train,cub:411
232,train,cub:413
233,train,cub:414
234,train,cub:415
235,train,cub:416
236,train,cub:417
238,train,cub:421
239,train,cub:423
240,train,cub:426
241,train,cub:427
242,train,cub:428
243,train,cub:429
244,train,cub:431
245,train,cub:432
246,train,cub:433
247,train,cub:436
249,train,cub:441
250,train,cub:444
251,train,cub:446
252,train,cub:452
255,train,cub:461
256,train,cub:464
257,train,cub:465
258,train,cub:466
259,train,cub:467
260,train,cub:469
262,train,cub:471
263,train,cub:474
265,train,cub:477
267,train,cub:479
268,train,cub:481
269,train,cub:482
270,train,cub:484
271,train,cub:485
272,train,cub:486
274,train,cub:490
277,train,cub:496
279,train,cub:500
280,train,cub:502
281,train,cub:504
283,train,cub:507
284,train,cub:511
285,train,cub:515
287,train,cub:520
288,train,cub:523
289,train,cub:524
290,train,cub:527
291,train,cub:529
292,train,cub:530
293,train,cub:531
294,train,cub:533
295,train,cub:535
296,train,cub:537
297,train,cub:539
298,train,cub:541
299,train,cub:542
300,train,cub:544
302,train,cub:547
303,train,cub:549
304,train,cub:552
305,train,cub:554
306,train,cub:555
307,train,cub:557
308,train,cub:559
309,train,cub:561
310,train,cub:562
311,train,cub:564
312,train,cub:566
313,train,cub:568
314,train,cub:570
317,train,cub:576
318,train,cub:577
319,train,cub:581
320,train,cub:587
321,train,cub:588
322,train,cub:591
323,train,cub:593
324,train,cub:595
328,train,cub:600
329,train,cub:601
330,train,cub:605
331,train,cub:606
333,train,cub:611
334,train,cub:612
335,train,cub:613
336,train,cub:614
337,train,cub:617
338,train,cub:619
339,train,cub:620
342,train,cub:626
343,train,cub:628
344,train,cub:629
345,train,cub:630
346,train,cub:631
347,train,cub:633
348,train,cub:635
349,train,cub:636
350,train,cub:639
351,train,cub:641
352,train,cub:642
353,train,cub:645
356,train,cub:652
358,train,cub:655
359,train,cub:657
360,train,cub:660
362,train,cub:663
363,train,cub:666
365,train,cub:668
366,train,cub:669
367,train,cub:670
368,train,cub:671
369,train,cub:672
371,train,cub:678
373,train,cub:682
374,train,cub:685
375,train,cub:690
376,train,cub:691
377,train,cub:693
378,train,cub:694
379,train,cub:699
380,train,cub:701
381,train,cub:702
383,train,cub:710
384,train,cub:712
385,train,cub:713
387,train,cub:716
388,train,cub:717
389,train,cub:719
390,train,cub:720
391,train,cub:722
392,train,cub:725
394,train,cub:729
395,train,cub:730
396,train,cub:732
398,train,cub:734
399,train,cub:735
401,train,cub:740
402,train,cub:741
403,train,cub:744
404,train,cub:746
405,train,cub:747
406,train,cub:748
407,train,cub:751
409,train,cub:755
410,train,cub:756
411,train,cub:758
412,train,cub:760
414,train,cub:768
415,train,cub:769
416,train,cub:770
417,train,cub:775
419,train,cub:778
420,train,cub:780
421,train,cub:781
422,train,cub:782
423,train,cub:784
424,train,cub:788
425,train,cub:789
428,train,cub:792
429,train,cub:793
430,train,cub:794
431,train,cub:798
433,train,cub:806
434,train,cub:807
435,train,cub:810
436,train,cub:812
438,train,cub:814
439,train,cub:816
441,train,cub:819
442,train,cub:822
443,train,cub:823
444,train,cub:828
445,train,cub:829
446,train,cub:833
448,train,cub:835
449,train,cub:836
451,train,cub:843
452,train,cub:845
453,train,cub:853
454,train,cub:855
455,train,cub:856
456,train,cub:857
459,train,cub:861
460,train,cub:862
461,train,cub:863
462,train,cub:864
463,train,cub:865
464,train,cub:867
466,train,cub:871
467,train,cub:872
468,train,cub:873
469,train,cub:874
470,train,cub:875
471,train,cub:877
472,train,cub:879
473,train,cub:881
475,train,cub:888
476,train,cub:889
478,train,cub:894
479,train,cub:895
480,train,cub:898
481,train,cub:900
482,train,cub:902
484,train,cub:907
485,train,cub:910
486,train,cub:912
487,train,cub:916
488,train,cub:917
489,train,cub:918
490,train,cub:920
491,train,cub:922
492,train,cub:923
493,train,cub:925
495,train,cub:927
496,train,cub:928
498,train,cub:931
499,train,cub:934
501,train,cub:937
502,train,cub:939
503,train,cub:941
506,train,cub:947
507,train,cub:950
508,train,cub:951
509,train,cub:952
510,train,cub:954
512,train,cub:956
513,train,cub:957
514,train,cub:959
515,train,cub:960
516,train,cub:963
517,train,cub:964
518,train,cub:965
519,train,cub:966
520,train,cub:967
521,train,cub:970
522,train,cub:972
523,train,cub:974
524,train,cub:975
526,train,cub:980
528,train,cub:982
529,train,cub:984
530,train,cub:985
531,train,cub:986
532,train,cub:987
534,train,cub:989
536,train,cub:991
537,train,cub:992
538,train,cub:994
540,train,cub:1000
542,train,cub:1004
543,train,cub:1007
544,train,cub:1008
545,train,cub:1010
547,train,cub:1017
548,train,cub:1019
549,train,cub:1020
553,train,cub:1026
554,train,cub:1027
555,train,cub:1029
556,train,cub:1032
557,train,cub:1034
558,train,cub:1037
559,train,cub:1039
561,train,cub:1042
562,train,cub:1045
563,train,cub:1048
564,train,cub:1049
565,train,cub:1051
566,train,cub:1052
567,train,cub:1053
568,train,cub:1055
569,train,cub:1056
570,train,cub:1058
572,train,cub:1060
573,train,cub:1065
575,train,cub:1069
577,train,cub:1074
578,train,cub:1078
579,train,cub:1079
581,train,cub:1083
582,train,cub:1085
583,train,cub:1087
584,train,cub:1088
585,train,cub:1091
586,train,cub:1093
587,train,cub:1094
588,train,cub:1098
589,train,cub:1100
590,train,cub:1101
591,train,cub:1103
592,train,cub:1106
593,train,cub:1107
594,train,cub:1110
595,train,cub:1111
597,train,cub:1113
598,train,cub:1114
601,train,cub:1121
602,train,cub:1122
603,train,cub:1123
604,train,cub:1124
605,train,cub:1125
606,train,cub:1126
607,train,cub:1129
608,train,cub:1130
609,train,cub:1134
610,train,cub:1135
611,train,cub:1139
612,train,cub:1140
613,train,cub:1141
614,train,cub:1145
615,train,cub:1146
616,train,cub:1147
619,train,cub:1152
620,train,cub:1155
621,train,cub:1156
622,train,cub:1157
624,train,cub:1165
626,train,cub:1167
627,train,cub:1171
629,train,cub:1175
631,train,cub:1184
632,train,cub:1185
633,train,cub:1186
634,train,cub:1187
636,train,cub:1189
638,train,cub:1194
639,train,cub:1196
641,train,cub:1198
642,train,cub:1201
643,train,cub:1202
644,train,cub:1203
645,train,cub:1204
646,train,cub:1205
647,train,cub:1207
648,train,cub:1208
649,train,cub:1210
650,train,cub:1213
651,train,cub:1214
652,train,cub:1219
653,train,cub:1221
654,train,cub:1222
655,train,cub:1224
656,train,cub:1227
657,train,cub:1228
660,train,cub:1232
662,train,cub:1236
664,train,cub:1239
665,train,cub:1241
666,train,cub:1242
667,train,cub:1245
668,train,cub:1246
669,train,cub:1248
670,train,cub:1250
671,train,cub:1251
672,train,cub:1252
673,train,cub:1253
675,train,cub:1259
677,train,cub:1263
678,train,cub:1270
680,train,cub:1276
681,train,cub:1277
682,train,cub:1278
683,train,cub:1279
685,train,cub:1282
686,train,cub:1286
687,train,cub:1287
688,train,cub:1288
689,train,cub:1290
691,train,cub:1294
692,train,cub:1296
693,train,cub:1298
694,train,cub:1299
695,train,cub:1300
696,train,cub:1302
698,train,cub:1307
699,train,cub:1308
700,train,cub:1309
701,train,cub:1310
702,train,cub:1311
703,train,cub:1312
704,train,cub:1314
706,train,cub:1320
708,train,cub:1324
710,train,cub:1327
711,train,cub:1328
712,train,cub:1329
713,train,cub:1331
714,train,cub:1332
715,train,cub:1334
716,train,cub:1336
718,train,cub:1338
719,train,cub:1340
720,train,cub:1343
722,train,cub:1346
723,train,cub:1349
724,train,cub:1353
725,train,cub:1354
726,train,cub:1355
727,train,cub:1357
728,train,cub:1358
730,train,cub:1361
731,train,cub:1362
732,train,cub:1363
733,train,cub:1365
735,train,cub:1368
736,train,cub:1369
738,train,cub:1374
739,train,cub:1375
740,train,cub:1377
741,train,cub:1378
742,train,cub:1380
743,train,cub:1381
746,train,cub:1389
747,train,cub:1398
748,train,cub:1401
749,train,cub:1402
750,train,cub:1403
751,train,cub:1404
752,train,cub:1405
754,train,cub:1407
755,train,cub:1408
757,train,cub:1415
758,train,cub:1417
759,train,cub:1418
760,train,cub:1420
762,train,cub:1428
763,train,cub:1429
764,train,cub:1436
765,train,cub:1438
766,train,cub:1439
767,train,cub:1440
768,train,cub:1441
769,train,cub:1444
770,train,cub:1445
771,train,cub:1447
774,train,cub:1455
775,train,cub:1456
776,train,cub:1458
778,train,cub:1460
779,train,cub:1461
780,train,cub:1464
781,train,cub:1465
785,train,cub:1470
786,train,cub:1472
787,train,cub:1474
788,train,cub:1475
789,train,cub:1476
790,train,cub:1484
792,train,cub:1488
793,train,cub:1489
794,train,cub:1491
795,train,cub:1493
796,train,cub:1499
797,train,cub:1500
798,train,cub:1501
799,train,cub:1504
800,train,cub:1505
801,train,cub:1508
802,train,cub:1509
804,train,cub:1511
805,train,cub:1512
807,train,cub:1515
808,train,cub:1516
809,train,cub:1519
810,train,cub:1523
813,train,cub:1530
814,train,cub:1532
815,train,cub:1533
816,train,cub:1535
817,train,cub:1537
818,train,cub:1540
819,train,cub:1541
820,train,cub:1543
821,train,cub:1544
822,train,cub:1547
823,train,cub:1548
824,train,cub:1549
825,train,cub:1552
826,train,cub:1554
827,train,cub:1557
829,train,cub:1564
831,train,cub:1567
832,train,cub:1569
833,train,cub:1571
834,train,cub:1572
835,train,cub:1573
836,train,cub:1574
838,train,cub:1579
840,train,cub:1582
841,train,cub:1584
843,train,cub:1586
844,train,cub:1587
845,train,cub:1588
846,train,cub:1589
847,train,cub:1590
848,train,cub:1591
849,train,cub:1592
852,train,cub:1599
854,train,cub:1603
855,train,cub:1604
856,train,cub:1608
857,train,cub:1617
858,train,cub:1619
859,train,cub:1620
860,train,cub:1621
863,train,cub:1624
864,train,cub:1632
865,train,cub:1635
866,train,cub:1637
867,train,cub:1638
868,train,cub:1639
869,train,cub:1641
870,train,cub:1642
871,train,cub:1645
872,train,cub:1647
873,train,cub:1650
874,train,cub:1653
876,train,cub:1657
877,train,cub:1658
878,train,cub:1663
879,train,cub:1668
880,train,cub:1669
881,train,cub:1670
882,train,cub:1671
883,train,cub:1672
884,train,cub:1674
885,train,cub:1675
886,train,cub:1676
890,train,cub:1684
891,train,cub:1685
892,train,cub:1686
893,train,cub:1687
894,train,cub:1688
896,train,cub:1690
898,train,cub:1699
899,train,cub:1701
900,train,cub:1703
901,train,cub:1704
902,train,cub:1706
904,train,cub:1709
906,train,cub:1714
907,train,cub:1716
908,train,cub:1717
909,train,cub:1720
910,train,cub:1721
911,train,cub:1724
912,train,cub:1726
913,train,cub:1727
915,train,cub:1732
916,train,cub:1734
918,train,cub:1740
919,train,cub:1741
920,train,cub:1742
921,train,cub:1744
922,train,cub:1747
924,train,cub:1751
926,train,cub:1754
927,train,cub:1757
928,train,cub:1758
929,train,cub:1759
930,train,cub:1762
931,train,cub:1763
932,train,cub:1764
933,train,cub:1765
934,train,cub:1766
935,train,cub:1767
937,train,cub:1770
938,train,cub:1772
940,train,cub:1774
941,train,cub:1775
942,train,cub:1778
943,train,cub:1779
944,train,cub:1781
945,train,cub:1787
947,train,cub:1790
948,train,cub:1792
950,train,cub:1795
952,train,cub:1802
954,train,cub:1806
955,train,cub:1808
956,train,cub:1809
957,train,cub:1810
958,train,cub:1812
959,train,cub:1813
960,train,cub:1815
961,train,cub:1817
963,train,cub:1820
964,train,cub:1821
965,train,cub:1823
967,train,cub:1825
968,train,cub:1827
969,train,cub:1830
970,train,cub:1831
971,train,cub:1833
972,train,cub:1834
974,train,cub:1837
975,train,cub:1839
977,train,cub:1842
978,train,cub:1849
979,train,cub:1850
980,train,cub:1852
982,train,cub:1855
983,train,cub:1858
984,train,cub:1860
985,train,cub:1863
987,train,cub:1868
988,train,cub:1870
989,train,cub:1872
991,train,cub:1877
992,train,cub:1878
994,train,cub:1880
995,train,cub:1881
996,train,cub:1883
997,train,cub:1886
998,train,cub:1889
999,train,cub:1892
1000,train,cub:1895
1001,train,cub:1897
1002,train,cub:1898
1003,train,cub:1899
1004,train,cub:1903
1005,train,cub:1904
1006,train,cub:1905
1007,train,cub:1907
1009,train,cub:1912
1012,train,cub:1920
1013,train,cub:1921
1014,train,cub:1922
1015,train,cub:1923
1017,train,cub:1929
1018,train,cub:1930
1019,train,cub:1932
1020,train,cub:1933
1021,train,cub:1934
1023,train,cub:1938
1024,train,cub:1941
1025,train,cub:1945
1026,train,cub:1949
1027,train,cub:1951
1028,train,cub:1952
1030,train,cub:1954
1031,train,cub:1955
1032,train,cub:1957
1033,train,cub:1961
1034,train,cub:1963
1035,train,cub:1970
1036,train,cub:1971
1037,train,cub:1972
1038,train,cub:1973
1041,train,cub:1977
1043,train,cub:1979
1044,train,cub:1981
1045,train,cub:1982
1046,train,cub:1988
1047,train,cub:1990
1049,train,cub:1992
1050,train,cub:1994
1052,train,cub:2001
1053,train,cub:2002
1055,train,cub:2007
1056,train,cub:2009
1060,train,cub:2017
1061,train,cub:2018
1062,train,cub:2019
1063,train,cub:2022
1064,train,cub:2023
1065,train,cub:2025
1066,train,cub:2026
1067,train,cub:2028
1068,train,cub:2033
1069,train,cub:2034
1071,train,cub:2038
1072,train,cub:2041
1073,train,cub:2042
1074,train,cub:2044
1075,train,cub:2045
1076,train,cub:2046
1077,train,cub:2047
1078,train,cub:2050
1079,train,cub:2052
1081,train,cub:2054
1082,train,cub:2055
1084,train,cub:2058
1086,train,cub:2065
1087,train,cub:2066
1088,train,cub:2068
1090,train,cub:2071
1091,train,cub:2078
1092,train,cub:2079
1093,train,cub:2080
1094,train,cub:2082
1095,train,cub:2083
1096,train,cub:2085
1097,train,cub:2087
1098,train,cub:2088
1099,train,cub:2089
1100,train,cub:2090
1101,train,cub:2094
1102,train,cub:2095
1103,train,cub:2097
1104,train,cub:2099
1105,train,cub:2102
1107,train,cub:2105
1109,train,cub:2110
1110,train,cub:2113
1111,train,cub:2114
1112,train,cub:2115
1113,train,cub:2116
1114,train,cub:2117
1115,train,cub:2118
1118,train,cub:2124
1119,train,cub:2125
1120,train,cub:2130
1121,train,cub:2133
1122,train,cub:2136
1124,train,cub:2138
1125,train,cub:2140
1126,train,cub:2144
1128,train,cub:2149
1130,train,cub:2152
1131,train,cub:2154
1132,train,cub:2155
1133,train,cub:2157
1134,train,cub:2159
1135,train,cub:2161
1136,train,cub:2165
1137,train,cub:2166
1138,train,cub:2167
1141,train,cub:2173
1142,train,cub:2174
1143,train,cub:2175
1144,train,cub:2176
1146,train,cub:2178
1148,train,cub:2182
1149,train,cub:2185
1150,train,cub:2187
1151,train,cub:2191
1152,train,cub:2192
1153,train,cub:2196
1154,train,cub:2197
1155,train,cub:2198
1156,train,cub:2199
1157,train,cub:2202
1158,train,cub:2205
1160,train,cub:2210
1162,train,cub:2215
1163,train,cub:2217
1164,train,cub:2220
1165,train,cub:2221
1166,train,cub:2224
1167,train,cub:2225
1168,train,cub:2227
1170,train,cub:2232
1171,train,cub:2233
1172,train,cub:2235
1173,train,cub:2237
1175,train,cub:2240
1176,train,cub:2241
1177,train,cub:2243
1178,train,cub:2245
1179,train,cub:2246
1180,train,cub:2247
1181,train,cub:2248
1182,train,cub:2251
1183,train,cub:2253
1185,train,cub:2255
1188,train,cub:2262
1189,train,cub:2263
1190,train,cub:2266
1192,train,cub:2270
1193,train,cub:2271
1194,train,cub:2272
1195,train,cub:2275
1196,train,cub:2277
1198,train,cub:2286
1199,train,cub:2289
1200,train,cub:2291
1201,train,cub:2296
1202,train,cub:2299
1203,train,cub:2301
1204,train,cub:2304
1205,train,cub:2309
1206,train,cub:2311
1207,train,cub:2313
1208,train,cub:2314
1210,train,cub:2320
1211,train,cub:2323
1216,train,cub:2333
1217,train,cub:2334
1218,train,cub:2335
1219,train,cub:2337
1220,train,cub:2339
1221,train,cub:2340
1222,train,cub:2342
1223,train,cub:2343
1225,train,cub:2345
1226,train,cub:2346
1227,train,cub:2347
1228,train,cub:2349
1229,train,cub:2350
1230,train,cub:2352
1231,train,cub:2353
1232,train,cub:2354
1233,train,cub:2356
1234,train,cub:2359
1235,train,cub:2364
1236,train,cub:2369
1237,train,cub:2372
1239,train,cub:2375
1241,train,cub:2383
1242,train,cub:2384
1243,train,cub:2385
1244,train,cub:2386
1245,train,cub:2387
1247,train,cub:2391
1249,train,cub:2395
1250,train,cub:2396
1251,train,cub:2397
1252,train,cub:2398
1253,train,cub:2401
1254,train,cub:2402
1255,train,cub:2403
1256,train,cub:2405
1259,train,cub:2408
1260,train,cub:2414
1261,train,cub:2416
1262,train,cub:2417
1263,train,cub:2419
1264,train,cub:2420
1265,train,cub:2422
1267,train,cub:2425
1269,train,cub:2428
1271,train,cub:2432
1272,train,cub:2433
1273,train,cub:2439
1274,train,cub:2440
1275,train,cub:2441
1277,train,cub:2446
1278,train,cub:2447
1279,train,cub:2448
1281,train,cub:2451
1282,train,cub:2455
1283,train,cub:2458
1284,train,cub:2460
1285,train,cub:2461
1286,train,cub:2462
1287,train,cub:2465
1289,train,cub:2469
1290,train,cub:2471
1292,train,cub:2478
1293,train,cub:2479
1295,train,cub:2484
1296,train,cub:2486
1297,train,cub:2487
1298,train,cub:2490
1299,train,cub:2501
1300,train,cub:2502
1301,train,cub:2504
1302,train,cub:2506
1304,train,cub:2510
1305,train,cub:2512
1306,train,cub:2513
1307,train,cub:2515
1309,train,cub:2517
1310,train,cub:2518
1312,train,cub:2521
1313,train,cub:2522
1314,train,cub:2523
1315,train,cub:2524
1316,train,cub:2526
1317,train,cub:2527
1318,train,cub:2528
1320,train,cub:2530
1322,train,cub:2534
1323,train,cub:2535
1324,train,cub:2536
1325,train,cub:2537
1326,train,cub:2539
1327,train,cub:2542
1328,train,cub:2543
1329,train,cub:2544
1330,train,cub:2545
1331,train,cub:2546
1333,train,cub:2554
1335,train,cub:2558
1337,train,cub:2562
1338,train,cub:2563
1339,train,cub:2564
1340,train,cub:2565
1341,train,cub:2566
1342,train,cub:2567
1344,train,cub:2573
1345,train,cub:2576
1346,train,cub:2584
1347,train,cub:2585
1349,train,cub:2587
1351,train,cub:2593
1352,train,cub:2595
1353,train,cub:2597
1355,train,cub:2601
1356,train,cub:2602
1357,train,cub:2605
1358,train,cub:2608
1360,train,cub:2615
1361,train,cub:2616
1362,train,cub:2620
1363,train,cub:2621
1364,train,cub:2623
1365,train,cub:2625
1368,train,cub:2634
1369,train,cub:2635
1370,train,cub:2637
1371,train,cub:2638
1372,train,cub:2639
1373,train,cub:2641
1374,train,cub:2642
1376,train,cub:2644
1377,train,cub:2645
1378,train,cub:2646
1379,train,cub:2647
1380,train,cub:2651
1381,train,cub:2654
1382,train,cub:2656
1383,train,cub:2659
1384,train,cub:2661
1385,train,cub:2663
1386,train,cub:2664
1387,train,cub:2665
1388,train,cub:2666
1389,train,cub:2667
1390,train,cub:2668
1391,train,cub:2672
1396,train,cub:2686
1397,train,cub:2687
1399,train,cub:2690
1400,train,cub:2692
1401,train,cub:2697
1402,train,cub:2698
1403,train,cub:2699
1404,train,cub:2700
1405,train,cub:2701
1407,train,cub:2704
1408,train,cub:2706
1409,train,cub:2708
1410,train,cub:2714
1411,train,cub:2718
1413,train,cub:2720
1414,train,cub:2721
1416,train,cub:2723
1417,train,cub:2724
1418,train,cub:2726
1419,train,cub:2728
1422,train,cub:2734
1424,train,cub:2741
1425,train,cub:2742
1426,train,cub:2743
1427,train,cub:2745
1428,train,cub:2747
1429,train,cub:2748
1430,train,cub:2749
1431,train,cub:2750
1432,train,cub:2754
1433,train,cub:2755
1434,train,cub:2756
1435,train,cub:2757
1436,train,cub:2758
1438,train,cub:2762
1439,train,cub:2768
1440,train,cub:2771
1441,train,cub:2772
1442,train,cub:2775
1444,train,cub:2779
1445,train,cub:2781
1447,train,cub:2787
1448,train,cub:2788
1449,train,cub:2791
1450,train,cub:2793
1452,train,cub:2795
1453,train,cub:2797
1454,train,cub:2798
1455,train,cub:2800
1456,train,cub:2808
1457,train,cub:2809
1458,train,cub:2811
1459,train,cub:2814
1461,train,cub:2816
1464,train,cub:2820
1465,train,cub:2821
1466,train,cub:2823
1467,train,cub:2825
1468,train,cub:2827
1469,train,cub:2828
1470,train,cub:2832
1471,train,cub:2833
1472,train,cub:2838
1475,train,cub:2842
1476,train,cub:2843
1477,train,cub:2844
1478,train,cub:2849
1479,train,cub:2850
1480,train,cub:2854
1481,train,cub:2855
1482,train,cub:2856
1483,train,cub:2857
1484,train,cub:2859
1485,train,cub:2860
1486,train,cub:2861
1488,train,cub:2865
1489,train,cub:2870
1490,train,cub:2871
1492,train,cub:2876
1493,train,cub:2877
1494,train,cub:2881
1495,train,cub:2882
1496,train,cub:2884
1499,train,cub:2889
1500,train,cub:2890
1501,train,cub:2891
1502,train,cub:2894
1503,train,cub:2895
1504,train,cub:2896
1505,train,cub:2899
1507,train,cub:2905
1508,train,cub:2907
1509,train,cub:2910
1510,train,cub:2911
1511,train,cub:2912
1513,train,cub:2916
1514,train,cub:2922
1516,train,cub:2927
1517,train,cub:2928
1518,train,cub:2930
1522,train,cub:2937
1523,train,cub:2939
1524,train,cub:2943
1525,train,cub:2944
1526,train,cub:2945
1527,train,cub:2946
1528,train,cub:2947
1529,train,cub:2948
1531,train,cub:2953
1532,train,cub:2954
1533,train,cub:2955
1534,train,cub:2956
1535,train,cub:2958
1536,train,cub:2962
1537,train,cub:2964
1539,train,cub:2969
1540,train,cub:2970
1541,train,cub:2972
1542,train,cub:2973
1543,train,cub:2976
1544,train,cub:2978
1546,train,cub:2985
1547,train,cub:2986
1548,train,cub:2987
1549,train,cub:2989
1551,train,cub:2994
1553,train,cub:2998
1554,train,cub:2999
1555,train,cub:3000
1557,train,cub:3003
1558,train,cub:3008
1559,train,cub:3009
1560,train,cub:3010
1561,train,cub:3014
1562,train,cub:3016
1563,train,cub:3017
1566,train,cub:3024
1567,train,cub:3026
1568,train,cub:3027
1569,train,cub:3028
1571,train,cub:3031
1572,train,cub:3033
1573,train,cub:3035
1574,train,cub:3036
1575,train,cub:3038
1576,train,cub:3040
1578,train,cub:3042
1579,train,cub:3043
1582,train,cub:3047
1583,train,cub:3048
1584,train,cub:3049
1585,train,cub:3052
1586,train,cub:3054
1587,train,cub:3065
1588,train,cub:3068
1589,train,cub:3069
1590,train,cub:3070
1593,train,cub:3079
1595,train,cub:3085
1596,train,cub:3086
1599,train,cub:3092
1600,train,cub:3093
1601,train,cub:3094
1602,train,cub:3095
1603,train,cub:3096
1604,train,cub:3102
1605,train,cub:3103
1606,train,cub:3104
1607,train,cub:3106
1608,train,cub:3109
1609,train,cub:3113
1610,train,cub:3114
1611,train,cub:3115
1612,train,cub:3117
1613,train,cub:3119
1614,train,cub:3120
1615,train,cub:3121
1616,train,cub:3122
1617,train,cub:3123
1618,train,cub:3125
1621,train,cub:3134
1622,train,cub:3139
1623,train,cub:3141
1624,train,cub:3142
1626,train,cub:3145
1628,train,cub:3149
1629,train,cub:3152
1630,train,cub:3157
1631,train,cub:3158
1632,train,cub:3159
1633,train,cub:3160
1634,train,cub:3161
1635,train,cub:3163
1636,train,cub:3164
1637,train,cub:3165
1639,train,cub:3173
1640,train,cub:3174
1642,train,cub:3177
1644,train,cub:3180
1645,train,cub:3181
1646,train,cub:3183
1647,train,cub:3187
1648,train,cub:3188
1649,train,cub:3189
1650,train,cub:3194
1651,train,cub:3196
1652,train,cub:3197
1653,train,cub:3199
1654,train,cub:3200
1655,train,cub:3202
1657,train,cub:3205
1659,train,cub:3208
1661,train,cub:3210
1662,train,cub:3212
1663,train,cub:3213
1665,train,cub:3215
1666,train,cub:3217
1667,train,cub:3221
1668,train,cub:3224
1669,train,cub:3229
1670,train,cub:3232
1672,train,cub:3235
1673,train,cub:3236
1674,train,cub:3237
1676,train,cub:3240
1677,train,cub:3241
1678,train,cub:3245
1679,train,cub:3248
1680,train,cub:3250
1681,train,cub:3255
1682,train,cub:3256
1683,train,cub:3260
1684,train,cub:3262
1687,train,cub:3266
1688,train,cub:3268
1689,train,cub:3270
1691,train,cub:3272
1692,train,cub:3274
1693,train,cub:3275
1694,train,cub:3277
1695,train,cub:3278
1696,train,cub:3279
1697,train,cub:3281
1698,train,cub:3283
1699,train,cub:3286
1700,train,cub:3288
1701,train,cub:3289
1702,train,cub:3293
1703,train,cub:3297
1704,train,cub:3300
1705,train,cub:3303
1706,train,cub:3304
1710,train,cub:3310
1711,train,cub:3311
1713,train,cub:3316
1714,train,cub:3320
1717,train,cub:3332
1718,train,cub:3333
1720,train,cub:3335
1721,train,cub:3336
1722,train,cub:3337
1723,train,cub:3338
1724,train,cub:3339
1726,train,cub:3341
1727,train,cub:3343
1728,train,cub:3345
1729,train,cub:3346
1730,train,cub:3347
1731,train,cub:3348
1732,train,cub:3349
1733,train,cub:3352
1734,train,cub:3355
1735,train,cub:3360
1736,train,cub:3362
1737,train,cub:3363
1739,train,cub:3366
1741,train,cub:3371
1742,train,cub:3373
1743,train,cub:3374
1744,train,cub:3375
1745,train,cub:3380
1747,train,cub:3382
1748,train,cub:3385
1749,train,cub:3387
1750,train,cub:3388
1751,train,cub:3389
1752,train,cub:3392
1753,train,cub:3394
1755,train,cub:3396
1756,train,cub:3397
1759,train,cub:3402
1760,train,cub:3405
1761,train,cub:3407
1762,train,cub:3412
1763,train,cub:3415
1764,train,cub:3422
1765,train,cub:3423
1767,train,cub:3425
1768,train,cub:3426
1769,train,cub:3427
1770,train,cub:3429
1771,train,cub:3430
1772,train,cub:3431
1773,train,cub:3435
1774,train,cub:3437
1775,train,cub:3438
1776,train,cub:3439
1777,train,cub:3440
1778,train,cub:3441
1779,train,cub:3443
1780,train,cub:3447
1781,train,cub:3451
1785,train,cub:3460
1786,train,cub:3462
1787,train,cub:3463
1788,train,cub:3464
1789,train,cub:3466
1791,train,cub:3468
1792,train,cub:3471
1793,train,cub:3473
1794,train,cub:3476
1795,train,cub:3479
1796,train,cub:3481
1797,train,cub:3482
1800,train,cub:3488
1801,train,cub:3493
1802,train,cub:3497
1805,train,cub:3502
1807,train,cub:3504
1808,train,cub:3506
1811,train,cub:3509
1812,train,cub:3510
1813,train,cub:3512
1814,train,cub:3516
1815,train,cub:3517
1816,train,cub:3518
1817,train,cub:3520
1818,train,cub:3523
1819,train,cub:3524
1820,train,cub:3532
1822,train,cub:3534
1823,train,cub:3535
1824,train,cub:3539
1825,train,cub:3540
1826,train,cub:3542
1827,train,cub:3544
1828,train,cub:3545
1829,train,cub:3546
1830,train,cub:3551
1831,train,cub:3553
1832,train,cub:3555
1833,train,cub:3558
1834,train,cub:3559
1836,train,cub:3561
1838,train,cub:3564
1840,train,cub:3567
1841,train,cub:3569
1842,train,cub:3571
1843,train,cub:3572
1844,train,cub:3574
1845,train,cub:3575
1846,train,cub:3578
1847,train,cub:3583
1848,train,cub:3586
1850,train,cub:3588
1852,train,cub:3590
1853,train,cub:3591
1854,train,cub:3595
1855,train,cub:3597
1857,train,cub:3602
1858,train,cub:3605
1859,train,cub:3606
1860,train,cub:3608
1862,train,cub:3610
1864,train,cub:3612
1865,train,cub:3614
1868,train,cub:3618
1869,train,cub:3620
1870,train,cub:3621
1871,train,cub:3625
1872,train,cub:3628
1874,train,cub:3630
1875,train,cub:3634
1876,train,cub:3635
1878,train,cub:3640
1879,train,cub:3645
1880,train,cub:3647
1881,train,cub:3650
1882,train,cub:3653
1883,train,cub:3655
1884,train,cub:3657
1885,train,cub:3658
1886,train,cub:3660
1887,train,cub:3661
1888,train,cub:3663
1889,train,cub:3665
1890,train,cub:3670
1892,train,cub:3672
1893,train,cub:3674
1895,train,cub:3676
1897,train,cub:3681
1898,train,cub:3687
1899,train,cub:3689
1900,train,cub:3690
1901,train,cub:3692
1903,train,cub:3694
1904,train,cub:3695
1905,train,cub:3697
1908,train,cub:3702
1909,train,cub:3703
1910,train,cub:3706
1911,train,cub:3709
1912,train,cub:3710
1913,train,cub:3712
1914,train,cub:3715
1915,train,cub:3718
1916,train,cub:3720
1917,train,cub:3721
1918,train,cub:3724
1919,train,cub:3725
1920,train,cub:3728
1921,train,cub:3730
1922,train,cub:3731
1924,train,cub:3736
1925,train,cub:3737
1926,train,cub:3738
1927,train,cub:3739
1928,train,cub:3740
1929,train,cub:3741
1930,train,cub:3743
1932,train,cub:3747
1933,train,cub:3748
1934,train,cub:3752
1935,train,cub:3754
1936,train,cub:3756
1937,train,cub:3757
1938,train,cub:3759
1939,train,cub:3761
1941,train,cub:3764
1942,train,cub:3765
1944,train,cub:3770
1945,train,cub:3772
1948,train,cub:3775
1949,train,cub:3776
1950,train,cub:3780
1951,train,cub:3781
1952,train,cub:3783
1953,train,cub:3784
1954,train,cub:3785
1956,train,cub:3787
1957,train,cub:3790
1960,train,cub:3795
1963,train,cub:3802
1964,train,cub:3803
1965,train,cub:3805
1966,train,cub:3807
1968,train,cub:3811
1969,train,cub:3812
1970,train,cub:3815
1971,train,cub:3816
1972,train,cub:3817
1973,train,cub:3818
1974,train,cub:3819
1975,train,cub:3822
1976,train,cub:3824
1977,train,cub:3832
1978,train,cub:3833
1979,train,cub:3835
1980,train,cub:3839
1981,train,cub:3841
1982,train,cub:3843
1983,train,cub:3845
1985,train,cub:3849
1986,train,cub:3850
1987,train,cub:3853
1988,train,cub:3854
1989,train,cub:3858
1990,train,cub:3860
1991,train,cub:3861
1992,train,cub:3862
1993,train,cub:3864
1995,train,cub:3866
1997,train,cub:3868
1998,train,cub:3869
1999,train,cub:3872
2001,train,cub:3874
2002,train,cub:3887
2003,train,cub:3888
2006,train,cub:3891
2007,train,cub:3892
2008,train,cub:3893
2009,train,cub:3894
2010,train,cub:3897
2012,train,cub:3902
2013,train,cub:3904
2014,train,cub:3905
2016,train,cub:3910
2017,train,cub:3912
2018,train,cub:3913
2021,train,cub:3919
2022,train,cub:3920
2024,train,cub:3928
2025,train,cub:3930
2026,train,cub:3931
2027,train,cub:3932
2028,train,cub:3933
2029,train,cub:3936
2030,train,cub:3941
2031,train,cub:3942
2032,train,cub:3946
2033,train,cub:3948
2034,train,cub:3949
2035,train,cub:3950
2036,train,cub:3952
2037,train,cub:3954
2039,train,cub:3956
2040,train,cub:3957
2041,train,cub:3959
2042,train,cub:3961
2043,train,cub:3962
2044,train,cub:3964
2047,train,cub:3969
2048,train,cub:3970
2049,train,cub:3972
2050,train,cub:3975
2051,train,cub:3979
2052,train,cub:3981
2053,train,cub:3984
2054,train,cub:3988
2055,train,cub:3990
2056,train,cub:3995
2057,train,cub:3996
2058,train,cub:3997
2059,train,cub:3998
2060,train,cub:4000
2062,train,cub:4005
2063,train,cub:4006
2064,train,cub:4007
2065,train,cub:4008
2066,train,cub:4011
2070,train,cub:4017
2071,train,cub:4018
2072,train,cub:4019
2073,train,cub:4022
2074,train,cub:4023
2075,train,cub:4024
2076,train,cub:4027
2077,train,cub:4028
2078,train,cub:4029
2079,train,cub:4030
2080,train,cub:4031
2081,train,cub:4032
2082,train,cub:4035
2083,train,cub:4039
2084,train,cub:4041
2085,train,cub:4044
2088,train,cub:4057
2090,train,cub:4061
2091,train,cub:4066
2093,train,cub:4068
2094,train,cub:4069
2096,train,cub:4072
2097,train,cub:4074
2099,train,cub:4076
2100,train,cub:4078
2102,train,cub:4082
2103,train,cub:4090
2105,train,cub:4092
2106,train,cub:4093
2107,train,cub:4095
2109,train,cub:4097
2110,train,cub:4100
2111,train,cub:4103
2112,train,cub:4105
2113,train,cub:4107
2114,train,cub:4111
2116,train,cub:4113
2117,train,cub:4114
2118,train,cub:4116
2119,train,cub:4117
2121,train,cub:4124
2122,train,cub:4126
2123,train,cub:4127
2124,train,cub:4129
2125,train,cub:4130
2126,train,cub:4131
2128,train,cub:4134
2129,train,cub:4136
2130,train,cub:4137
2131,train,cub:4142
2132,train,cub:4143
2133,train,cub:4146
2137,train,cub:4155
2138,train,cub:4156
2139,train,cub:4157
2140,train,cub:4158
2141,train,cub:4159
2142,train,cub:4160
2143,train,cub:4162
2146,train,cub:4166
2147,train,cub:4167
2148,train,cub:4170
2149,train,cub:4171
2150,train,cub:4173
2151,train,cub:4174
2152,train,cub:4178
2153,train,cub:4183
2155,train,cub:4188
2156,train,cub:4190
2157,train,cub:4191
2158,train,cub:4193
2159,train,cub:4194
2161,train,cub:4199
2162,train,cub:4201
2163,train,cub:4203
2164,train,cub:4208
2165,train,cub:4209
2166,train,cub:4211
2167,train,cub:4214
2169,train,cub:4218
2170,train,cub:4219
2171,train,cub:4221
2172,train,cub:4223
2173,train,cub:4229
2174,train,cub:4230
2176,train,cub:4233
2178,train,cub:4236
2181,train,cub:4240
2182,train,cub:4241
2183,train,cub:4242
2184,train,cub:4243
2185,train,cub:4244
2186,train,cub:4248
2187,train,cub:4251
2188,train,cub:4254
2189,train,cub:4256
2190,train,cub:4257
2191,train,cub:4259
2192,train,cub:4260
2194,train,cub:4266
2196,train,cub:4268
2197,train,cub:4269
2199,train,cub:4272
2200,train,cub:4273
2201,train,cub:4275
2202,train,cub:4276
2203,train,cub:4278
2204,train,cub:4279
2205,train,cub:4282
2206,train,cub:4283
2207,train,cub:4286
2208,train,cub:4289
2210,train,cub:4291
2211,train,cub:4296
2212,train,cub:4297
2214,train,cub:4301
2215,train,cub:4302
2216,train,cub:4303
2217,train,cub:4306
2219,train,cub:4316
2220,train,cub:4320
2223,train,cub:4325
2224,train,cub:4326
2225,train,cub:4328
2227,train,cub:4331
2228,train,cub:4332
2229,train,cub:4334
2230,train,cub:4341
2231,train,cub:4342
2232,train,cub:4343
2233,train,cub:4345
2234,train,cub:4346
2235,train,cub:4347
2236,train,cub:4348
2237,train,cub:4349
2239,train,cub:4352
2240,train,cub:4354
2241,train,cub:4355
2242,train,cub:4356
2243,train,cub:4358
2244,train,cub:4360
2246,train,cub:4362
2247,train,cub:4363
2249,train,cub:4370
2251,train,cub:4380
2252,train,cub:4383
2253,train,cub:4385
2254,train,cub:4387
2255,train,cub:4390
2256,train,cub:4391
2258,train,cub:4394
2259,train,cub:4398
2261,train,cub:4405
2262,train,cub:4406
2263,train,cub:4407
2264,train,cub:4410
2265,train,cub:4412
2267,train,cub:4415
2268,train,cub:4416
2269,train,cub:4417
2270,train,cub:4420
2271,train,cub:4422
2272,train,cub:4423
2274,train,cub:4426
2275,train,cub:4427
2277,train,cub:4429
2278,train,cub:4432
2279,train,cub:4433
2281,train,cub:4435
2282,train,cub:4437
2283,train,cub:4439
2284,train,cub:4440
2285,train,cub:4443
2286,train,cub:4445
2287,train,cub:4448
2288,train,cub:4449
2289,train,cub:4450
2290,train,cub:4452
2291,train,cub:4453
2292,train,cub:4454
2293,train,cub:4456
2294,train,cub:4458
2297,train,cub:4471
2299,train,cub:4475
2300,train,cub:4476
2301,train,cub:4477
2302,train,cub:4478
2303,train,cub:4482
2306,train,cub:4485
2307,train,cub:4489
2308,train,cub:4490
2309,train,cub:4491
2310,train,cub:4494
2312,train,cub:4498
2313,train,cub:4508
2314,train,cub:4509
2315,train,cub:4510
2317,train,cub:4513
2320,train,cub:4520
2321,train,cub:4521
2322,train,cub:4523
2323,train,cub:4524
2324,train,cub:4526
2326,train,cub:4529
2327,train,cub:4530
2328,train,cub:4531
2329,train,cub:4534
2330,train,cub:4539
2331,train,cub:4540
2333,train,cub:4542
2334,train,cub:4544
2335,train,cub:4546
2336,train,cub:4548
2337,train,cub:4549
2338,train,cub:4550
2339,train,cub:4551
2340,train,cub:4553
2341,train,cub:4554
2342,train,cub:4556
2343,train,cub:4557
2344,train,cub:4558
2345,train,cub:4559
2346,train,cub:4561
2347,train,cub:4562
2348,train,cub:4563
2349,train,cub:4564
2350,train,cub:4565
2351,train,cub:4567
2352,train,cub:4568
2353,train,cub:4569
2356,train,cub:4573
2357,train,cub:4574
2358,train,cub:4575
2360,train,cub:4580
2362,train,cub:4582
2363,train,cub:4590
2364,train,cub:4599
2365,train,cub:4604
2367,train,cub:4608
2368,train,cub:4609
2370,train,cub:4614
2371,train,cub:4616
2372,train,cub:4617
2373,train,cub:4619
2374,train,cub:4620
2376,train,cub:4625
2377,train,cub:4627
2378,train,cub:4628
2380,train,cub:4631
2382,train,cub:4634
2383,train,cub:4635
2384,train,cub:4639
2385,train,cub:4645
2388,train,cub:4653
2390,train,cub:4655
2391,train,cub:4656
2392,train,cub:4657
2393,train,cub:4658
2394,train,cub:4659
2395,train,cub:4660
2396,train,cub:4661
2397,train,cub:4665
2398,train,cub:4669
2399,train,cub:4672
2400,train,cub:4674
2401,train,cub:4677
2402,train,cub:4678
2403,train,cub:4680
2404,train,cub:4683
2405,train,cub:4686
2407,train,cub:4691
2409,train,cub:4694
2412,train,cub:4700
2413,train,cub:4701
2414,train,cub:4702
2415,train,cub:4703
2416,train,cub:4706
2418,train,cub:4712
2419,train,cub:4713
2420,train,cub:4714
2421,train,cub:4716
2422,train,cub:4717
2423,train,cub:4718
2424,train,cub:4719
2425,train,cub:4723
2426,train,cub:4724
2428,train,cub:4727
2429,train,cub:4729
2430,train,cub:4734
2431,train,cub:4737
2432,train,cub:4738
2434,train,cub:4744
2435,train,cub:4745
2436,train,cub:4747
2437,train,cub:4748
2438,train,cub:4749
2439,train,cub:4756
2440,train,cub:4757
2441,train,cub:4760
2443,train,cub:4764
2445,train,cub:4767
2446,train,cub:4768
2447,train,cub:4769
2448,train,cub:4770
2449,train,cub:4772
2450,train,cub:4776
2451,train,cub:4777
2452,train,cub:4779
2453,train,cub:4780
2454,train,cub:4782
2455,train,cub:4784
2457,train,cub:4788
2462,train,cub:4801
2463,train,cub:4803
2464,train,cub:4804
2465,train,cub:4806
2466,train,cub:4807
2469,train,cub:4812
2470,train,cub:4813
2471,train,cub:4814
2472,train,cub:4820
2473,train,cub:4821
2474,train,cub:4822
2475,train,cub:4826
2476,train,cub:4828
2477,train,cub:4835
2478,train,cub:4838
2479,train,cub:4839
2480,train,cub:4840
2481,train,cub:4841
2482,train,cub:4842
2483,train,cub:4844
2484,train,cub:4845
2486,train,cub:4849
2488,train,cub:4851
2489,train,cub:4852
2490,train,cub:4853
2491,train,cub:4855
2492,train,cub:4857
2493,train,cub:4858
2494,train,cub:4859
2495,train,cub:4860
2496,train,cub:4861
2497,train,cub:4867
2499,train,cub:4869
2500,train,cub:4871
2501,train,cub:4873
2503,train,cub:4877
2506,train,cub:4881
2507,train,cub:4882
2508,train,cub:4886
2510,train,cub:4892
2511,train,cub:4893
2512,train,cub:4894
2513,train,cub:4895
2514,train,cub:4896
2515,train,cub:4897
2517,train,cub:4899
2518,train,cub:4900
2519,train,cub:4904
2520,train,cub:4906
2521,train,cub:4907
2522,train,cub:4910
2523,train,cub:4912
2524,train,cub:4916
2525,train,cub:4920
2526,train,cub:4922
2527,train,cub:4923
2528,train,cub:4929
2529,train,cub:4930
2532,train,cub:4937
2533,train,cub:4938
2534,train,cub:4941
2536,train,cub:4946
2537,train,cub:4947
2540,train,cub:4951
2541,train,cub:4952
2542,train,cub:4953
2543,train,cub:4954
2544,train,cub:4955
2545,train,cub:4956
2546,train,cub:4957
2548,train,cub:4961
2549,train,cub:4964
2550,train,cub:4968
2551,train,cub:4969
2552,train,cub:4970
2553,train,cub:4972
2554,train,cub:4974
2555,train,cub:4975
2556,train,cub:4977
2557,train,cub:4985
2559,train,cub:4992
2560,train,cub:4993
2561,train,cub:4994
2562,train,cub:4997
2564,train,cub:5001
2566,train,cub:5004
2567,train,cub:5006
2568,train,cub:5007
2569,train,cub:5008
2570,train,cub:5011
2571,train,cub:5014
2573,train,cub:5017
2574,train,cub:5018
2575,train,cub:5019
2576,train,cub:5020
2578,train,cub:5023
2580,train,cub:5030
2581,train,cub:5032
2583,train,cub:5035
2584,train,cub:5037
2585,train,cub:5038
2586,train,cub:5039
2588,train,cub:5042
2589,train,cub:5043
2590,train,cub:5044
2591,train,cub:5047
2593,train,cub:5050
2594,train,cub:5052
2596,train,cub:5054
2597,train,cub:5058
2598,train,cub:5063
2599,train,cub:5064
2600,train,cub:5065
2602,train,cub:5068
2603,train,cub:5069
2604,train,cub:5073
2605,train,cub:5075
2606,train,cub:5076
2607,train,cub:5079
2609,train,cub:5083
2611,train,cub:5087
2612,train,cub:5088
2614,train,cub:5091
2615,train,cub:5092
2616,train,cub:5093
2617,train,cub:5096
2618,train,cub:5099
2619,train,cub:5109
2620,train,cub:5111
2622,train,cub:5114
2623,train,cub:5116
2624,train,cub:5117
2627,train,cub:5126
2628,train,cub:5127
2629,train,cub:5128
2630,train,cub:5129
2631,train,cub:5130
2632,train,cub:5131
2634,train,cub:5138
2635,train,cub:5139
2636,train,cub:5142
2637,train,cub:5143
2638,train,cub:5144
2639,train,cub:5145
2641,train,cub:5148
2642,train,cub:5149
2645,train,cub:5153
2646,train,cub:5155
2647,train,cub:5157
2648,train,cub:5158
2649,train,cub:5159
2651,train,cub:5163
2652,train,cub:5164
2653,train,cub:5168
2655,train,cub:5171
2656,train,cub:5172
2657,train,cub:5173
2658,train,cub:5174
2659,train,cub:5175
2660,train,cub:5176
2662,train,cub:5181
2663,train,cub:5184
2664,train,cub:5185
2665,train,cub:5187
2666,train,cub:5194
2667,train,cub:5196
2668,train,cub:5200
2669,train,cub:5204
2670,train,cub:5206
2672,train,cub:5210
2673,train,cub:5211
2675,train,cub:5215
2676,train,cub:5217
2677,train,cub:5221
2678,train,cub:5222
2679,train,cub:5230
2680,train,cub:5231
2681,train,cub:5233
2682,train,cub:5235
2683,train,cub:5236
2685,train,cub:5239
2687,train,cub:5242
2688,train,cub:5244
2689,train,cub:5246
2690,train,cub:5248
2692,train,cub:5251
2693,train,cub:5252
2694,train,cub:5255
2695,train,cub:5256
2696,train,cub:5260
2698,train,cub:5262
2699,train,cub:5264
2700,train,cub:5267
2702,train,cub:5269
2704,train,cub:5271
2705,train,cub:5278
2706,train,cub:5279
2707,train,cub:5280
2708,train,cub:5281
2709,train,cub:5285
2710,train,cub:5286
2711,train,cub:5287
2712,train,cub:5288
2713,train,cub:5289
2714,train,cub:5292
2716,train,cub:5295
2717,train,cub:5297
2718,train,cub:5300
2719,train,cub:5302
2721,train,cub:5304
2723,train,cub:5308
2724,train,cub:5310
2725,train,cub:5313
2726,train,cub:5314
2727,train,cub:5315
2729,train,cub:5323
2730,train,cub:5327
2732,train,cub:5338
2733,train,cub:5339
2734,train,cub:5340
2735,train,cub:5341
2737,train,cub:5345
2738,train,cub:5348
2739,train,cub:5350
2740,train,cub:5351
2741,train,cub:5354
2742,train,cub:5355
2743,train,cub:5356
2745,train,cub:5358
2746,train,cub:5359
2747,train,cub:5360
2748,train,cub:5362
2749,train,cub:5366
2750,train,cub:5367
2751,train,cub:5368
2752,train,cub:5370
2753,train,cub:5371
2754,train,cub:5374
2758,train,cub:5382
2759,train,cub:5385
2761,train,cub:5393
2762,train,cub:5394
2763,train,cub:5396
2764,train,cub:5397
2765,train,cub:5398
2766,train,cub:5400
2768,train,cub:5404
2769,train,cub:5405
2770,train,cub:5408
2771,train,cub:5414
2772,train,cub:5415
2774,train,cub:5417
2775,train,cub:5418
2777,train,cub:5420
2778,train,cub:5424
2780,train,cub:5429
2781,train,cub:5430
2782,train,cub:5432
2784,train,cub:5436
2785,train,cub:5439
2786,train,cub:5441
2787,train,cub:5442
2788,train,cub:5443
2789,train,cub:5444
2790,train,cub:5450
2791,train,cub:5452
2793,train,cub:5458
2794,train,cub:5459
2795,train,cub:5460
2796,train,cub:5461
2797,train,cub:5462
2798,train,cub:5463
2799,train,cub:5465
2800,train,cub:5466
2802,train,cub:5469
2804,train,cub:5473
2805,train,cub:5475
2806,train,cub:5477
2807,train,cub:5481
2808,train,cub:5482
2809,train,cub:5484
2810,train,cub:5486
2811,train,cub:5490
2812,train,cub:5492
2815,train,cub:5498
2816,train,cub:5500
2817,train,cub:5501
2818,train,cub:5503
2820,train,cub:5507
2821,train,cub:5511
2822,train,cub:5512
2824,train,cub:5514
2825,train,cub:5516
2826,train,cub:5517
2828,train,cub:5522
2830,train,cub:5526
2831,train,cub:5528
2833,train,cub:5535
2834,train,cub:5540
2835,train,cub:5543
2836,train,cub:5545
2837,train,cub:5549
2838,train,cub:5553
2839,train,cub:5554
2841,train,cub:5557
2842,train,cub:5558
2844,train,cub:5560
2845,train,cub:5561
2846,train,cub:5562
2847,train,cub:5563
2848,train,cub:5564
2849,train,cub:5565
2850,train,cub:5566
2851,train,cub:5573
2852,train,cub:5577
2854,train,cub:5581
2855,train,cub:5582
2857,train,cub:5584
2858,train,cub:5586
2859,train,cub:5587
2860,train,cub:5590
2861,train,cub:5592
2862,train,cub:5593
2863,train,cub:5594
2864,train,cub:5595
2865,train,cub:5596
2866,train,cub:5599
2867,train,cub:5600
2868,train,cub:5601
2869,train,cub:5603
2871,train,cub:5606
2873,train,cub:5609
2876,train,cub:5618
2877,train,cub:5619
2878,train,cub:5620
2879,train,cub:5621
2880,train,cub:5628
2881,train,cub:5629
2883,train,cub:5631
2884,train,cub:5635
2885,train,cub:5636
2886,train,cub:5637
2887,train,cub:5641
2888,train,cub:5642
2889,train,cub:5643
2890,train,cub:5646
2891,train,cub:5648
2892,train,cub:5651
2893,train,cub:5655
2894,train,cub:5657
2895,train,cub:5658
2896,train,cub:5661
2897,train,cub:5662
2900,train,cub:5670
2902,train,cub:5673
2904,train,cub:5675
2905,train,cub:5676
2906,train,cub:5678
2908,train,cub:5681
2909,train,cub:5684
2910,train,cub:5688
2912,train,cub:5690
2913,train,cub:5691
2915,train,cub:5696
2916,train,cub:5698
2917,train,cub:5699
2918,train,cub:5701
2920,train,cub:5704
2921,train,cub:5705
2922,train,cub:5708
2923,train,cub:5709
2924,train,cub:5710
2927,train,cub:5718
2929,train,cub:5721
2930,train,cub:5723
2931,train,cub:5724
2932,train,cub:5726
2933,train,cub:5727
2934,train,cub:5729
2935,train,cub:5732
2936,train,cub:5733
2937,train,cub:5737
2938,train,cub:5743
2939,train,cub:5744
2940,train,cub:5745
2941,train,cub:5747
2942,train,cub:5750
2943,train,cub:5754
2945,train,cub:5758
2946,train,cub:5761
2948,train,cub:5764
2951,train,cub:5771
2952,train,cub:5772
2953,train,cub:5773
2954,train,cub:5776
2955,train,cub:5778
2956,train,cub:5779
2957,train,cub:5780
2958,train,cub:5781
2959,train,cub:5782
2960,train,cub:5783
2961,train,cub:5790
2962,train,cub:5792
2963,train,cub:5793
2964,train,cub:5794
2965,train,cub:5796
2966,train,cub:5800
2968,train,cub:5803
2971,train,cub:5812
2972,train,cub:5819
2973,train,cub:5821
2974,train,cub:5822
2975,train,cub:5824
2976,train,cub:5825
2977,train,cub:5826
2978,train,cub:5827
2979,train,cub:5828
2980,train,cub:5830
2983,train,cub:5833
2984,train,cub:5834
2985,train,cub:5835
2986,train,cub:5836
2987,train,cub:5839
2989,train,cub:5841
2990,train,cub:5842
2992,train,cub:5845
2993,train,cub:5849
2994,train,cub:5850
2995,train,cub:5851
2996,train,cub:5852
2998,train,cub:5860
2999,train,cub:5864
3000,train,cub:5866
3001,train,cub:5869
3002,train,cub:5872
3003,train,cub:5874
3006,train,cub:5878
3007,train,cub:5879
3008,train,cub:5880
3009,train,cub:5881
3010,train,cub:5882
3011,train,cub:5883
3012,train,cub:5887
3013,train,cub:5888
3014,train,cub:5890
3015,train,cub:5891
3016,train,cub:5892
3017,train,cub:5894
3018,train,cub:5895
3019,train,cub:5896
3020,train,cub:5899
3021,train,cub:5900
3023,train,cub:5904
3024,train,cub:5906
3025,train,cub:5908
3029,train,cub:5914
3031,train,cub:5919
3033,train,cub:5930
3034,train,cub:5931
3035,train,cub:5932
3036,train,cub:5934
3040,train,cub:5943
3041,train,cub:5945
3042,train,cub:5946
3043,train,cub:5947
3044,train,cub:5948
3045,train,cub:5950
3046,train,cub:5951
3047,train,cub:5953
3048,train,cub:5956
3049,train,cub:5957
3051,train,cub:5960
3052,train,cub:5961
3053,train,cub:5962
3054,train,cub:5963
3055,train,cub:5964
3056,train,cub:5966
3057,train,cub:5967
3058,train,cub:5968
3059,train,cub:5970
3060,train,cub:5977
3062,train,cub:5980
3063,train,cub:5981
3064,train,cub:5982
3065,train,cub:5988
3066,train,cub:5990
3067,train,cub:5992
3068,train,cub:5994
3069,train,cub:5995
3070,train,cub:5997
3071,train,cub:6000
3074,train,cub:6006
3075,train,cub:6007
3076,train,cub:6008
3077,train,cub:6017
3078,train,cub:6018
3079,train,cub:6020
3080,train,cub:6021
3082,train,cub:6023
3083,train,cub:6024
3084,train,cub:6025
3085,train,cub:6026
3087,train,cub:6028
3089,train,cub:6034
3090,train,cub:6035
3091,train,cub:6037
3092,train,cub:6039
3093,train,cub:6040
3094,train,cub:6041
3096,train,cub:6043
3097,train,cub:6044
3099,train,cub:6052
3100,train,cub:6053
3101,train,cub:6058
3102,train,cub:6059
3103,train,cub:6060
3105,train,cub:6063
3106,train,cub:6064
3107,train,cub:6066
3108,train,cub:6068
3109,train,cub:6070
3110,train,cub:6074
3111,train,cub:6075
3112,train,cub:6079
3114,train,cub:6081
3116,train,cub:6083
3117,train,cub:6085
3118,train,cub:6088
3120,train,cub:6095
3121,train,cub:6096
3122,train,cub:6097
3123,train,cub:6099
3124,train,cub:6102
3126,train,cub:6108
3127,train,cub:6109
3128,train,cub:6110
3131,train,cub:6118
3132,train,cub:6120
3133,train,cub:6121
3134,train,cub:6122
3135,train,cub:6124
3136,train,cub:6126
3137,train,cub:6127
3138,train,cub:6128
3139,train,cub:6130
3141,train,cub:6132
3142,train,cub:6133
3143,train,cub:6134
3144,train,cub:6135
3146,train,cub:6139
3148,train,cub:6142
3149,train,cub:6143
3150,train,cub:6144
3151,train,cub:6146
3153,train,cub:6151
3155,train,cub:6156
3157,train,cub:6167
3158,train,cub:6168
3159,train,cub:6169
3160,train,cub:6171
3162,train,cub:6175
3163,train,cub:6177
3164,train,cub:6178
3166,train,cub:6180
3167,train,cub:6181
3168,train,cub:6182
3169,train,cub:6183
3170,train,cub:6184
3171,train,cub:6185
3172,train,cub:6186
3173,train,cub:6188
3175,train,cub:6190
3176,train,cub:6191
3177,train,cub:6194
3178,train,cub:6196
3179,train,cub:6203
3180,train,cub:6208
3181,train,cub:6213
3182,train,cub:6214
3186,train,cub:6220
3187,train,cub:6223
3188,train,cub:6224
3189,train,cub:6228
3190,train,cub:6230
3191,train,cub:6233
3193,train,cub:6237
3195,train,cub:6239
3196,train,cub:6240
3197,train,cub:6242
3198,train,cub:6243
3199,train,cub:6246
3200,train,cub:6247
3201,train,cub:6248
3203,train,cub:6250
3204,train,cub:6251
3205,train,cub:6256
3206,train,cub:6257
3207,train,cub:6258
3208,train,cub:6261
3209,train,cub:6264
3210,train,cub:6265
3212,train,cub:6271
3214,train,cub:6275
3217,train,cub:6283
3218,train,cub:6285
3220,train,cub:6288
3221,train,cub:6290
3222,train,cub:6291
3223,train,cub:6292
3224,train,cub:6294
3225,train,cub:6295
3227,train,cub:6301
3228,train,cub:6302
3229,train,cub:6303
3230,train,cub:6305
3231,train,cub:6306
3232,train,cub:6309
3233,train,cub:6311
3234,train,cub:6312
3235,train,cub:6316
3236,train,cub:6318
3237,train,cub:6319
3238,train,cub:6320
3239,train,cub:6325
3241,train,cub:6328
3242,train,cub:6330
3244,train,cub:6336
3245,train,cub:6337
3247,train,cub:6339
3248,train,cub:6345
3249,train,cub:6347
3251,train,cub:6349
3252,train,cub:6350
3253,train,cub:6351
3254,train,cub:6352
3255,train,cub:6353
3256,train,cub:6357
3257,train,cub:6358
3258,train,cub:6360
3259,train,cub:6361
3260,train,cub:6362
3261,train,cub:6363
3262,train,cub:6365
3263,train,cub:6366
3264,train,cub:6370
3266,train,cub:6373
3268,train,cub:6381
3269,train,cub:6383
3270,train,cub:6386
3271,train,cub:6387
3273,train,cub:6390
3274,train,cub:6391
3275,train,cub:6392
3277,train,cub:6394
3278,train,cub:6395
3280,train,cub:6402
3281,train,cub:6403
3282,train,cub:6404
3283,train,cub:6407
3284,train,cub:6411
3285,train,cub:6414
3287,train,cub:6417
3288,train,cub:6418
3289,train,cub:6421
3292,train,cub:6429
3293,train,cub:6433
3294,train,cub:6435
3295,train,cub:6436
3296,train,cub:6439
3297,train,cub:6440
3298,train,cub:6441
3299,train,cub:6443
3300,train,cub:6444
3301,train,cub:6446
3302,train,cub:6447
3303,train,cub:6448
3304,train,cub:6452
3305,train,cub:6455
3306,train,cub:6457
3308,train,cub:6460
3310,train,cub:6462
3312,train,cub:6465
3313,train,cub:6470
3316,train,cub:6477
3317,train,cub:6478
3318,train,cub:6479
3319,train,cub:6480
3320,train,cub:6481
3321,train,cub:6483
3322,train,cub:6488
3324,train,cub:6490
3325,train,cub:6491
3326,train,cub:6496
3327,train,cub:6500
3328,train,cub:6502
3329,train,cub:6503
3330,train,cub:6506
3331,train,cub:6507
3332,train,cub:6508
3333,train,cub:6510
3334,train,cub:6513
3335,train,cub:6514
3336,train,cub:6515
3337,train,cub:6518
3339,train,cub:6523
3340,train,cub:6529
3341,train,cub:6531
3342,train,cub:6532
3343,train,cub:6533
3345,train,cub:6535
3346,train,cub:6536
3348,train,cub:6539
3349,train,cub:6540
3351,train,cub:6544
3352,train,cub:6546
3353,train,cub:6547
3354,train,cub:6552
3356,train,cub:6558
3358,train,cub:6562
3359,train,cub:6563
3360,train,cub:6564
3361,train,cub:6565
3362,train,cub:6566
3363,train,cub:6567
3364,train,cub:6568
3365,train,cub:6570
3367,train,cub:6573
3368,train,cub:6574
3369,train,cub:6580
3370,train,cub:6585
3371,train,cub:6586
3372,train,cub:6587
3373,train,cub:6588
3375,train,cub:6591
3378,train,cub:6598
3379,train,cub:6599
3380,train,cub:6600
3381,train,cub:6603
3382,train,cub:6604
3384,train,cub:6606
3385,train,cub:6607
3387,train,cub:6611
3388,train,cub:6612
3390,train,cub:6617
3391,train,cub:6622
3392,train,cub:6623
3393,train,cub:6627
3394,train,cub:6629
3395,train,cub:6631
3397,train,cub:6633
3398,train,cub:6634
3399,train,cub:6635
3400,train,cub:6636
3401,train,cub:6638
3402,train,cub:6639
3404,train,cub:6644
3405,train,cub:6647
3407,train,cub:6651
3408,train,cub:6654
3409,train,cub:6655
3410,train,cub:6659
3411,train,cub:6661
3412,train,cub:6662
3414,train,cub:6664
3415,train,cub:6666
3416,train,cub:6667
3418,train,cub:6669
3419,train,cub:6674
3420,train,cub:6675
3422,train,cub:6678
3423,train,cub:6680
3424,train,cub:6681
3425,train,cub:6682
3426,train,cub:6683
3427,train,cub:6685
3429,train,cub:6687
3430,train,cub:6690
3431,train,cub:6694
3432,train,cub:6697
3434,train,cub:6699
3435,train,cub:6700
3436,train,cub:6702
3437,train,cub:6705
3438,train,cub:6706
3439,train,cub:6710
3440,train,cub:6714
3443,train,cub:6725
3444,train,cub:6726
3445,train,cub:6727
3446,train,cub:6728
3448,train,cub:6730
3449,train,cub:6732
3450,train,cub:6734
3451,train,cub:6736
3452,train,cub:6739
3454,train,cub:6743
3455,train,cub:6749
3456,train,cub:6751
3458,train,cub:6753
3460,train,cub:6756
3461,train,cub:6757
3462,train,cub:6758
3463,train,cub:6763
3465,train,cub:6768
3466,train,cub:6770
3467,train,cub:6771
3468,train,cub:6772
3469,train,cub:6773
3470,train,cub:6774
3472,train,cub:6776
3474,train,cub:6779
3475,train,cub:6781
3476,train,cub:6782
3477,train,cub:6786
3478,train,cub:6787
3479,train,cub:6792
3480,train,cub:6794
3481,train,cub:6795
3482,train,cub:6798
3483,train,cub:6803
3484,train,cub:6804
3486,train,cub:6809
3488,train,cub:6811
3489,train,cub:6815
3490,train,cub:6817
3491,train,cub:6818
3492,train,cub:6819
3493,train,cub:6820
3495,train,cub:6822
3497,train,cub:6825
3499,train,cub:6829
3500,train,cub:6832
3501,train,cub:6834
3502,train,cub:6835
3504,train,cub:6840
3505,train,cub:6845
3506,train,cub:6847
3507,train,cub:6848
3508,train,cub:6849
3509,train,cub:6854
3510,train,cub:6857
3511,train,cub:6858
3512,train,cub:6861
3513,train,cub:6863
3515,train,cub:6865
3516,train,cub:6869
3517,train,cub:6871
3519,train,cub:6874
3521,train,cub:6877
3522,train,cub:6878
3523,train,cub:6879
3524,train,cub:6880
3525,train,cub:6882
3526,train,cub:6885
3528,train,cub:6887
3529,train,cub:6889
3530,train,cub:6890
3531,train,cub:6891
3532,train,cub:6892
3533,train,cub:6896
3535,train,cub:6900
3536,train,cub:6905
3538,train,cub:6909
3540,train,cub:6915
3541,train,cub:6916
3543,train,cub:6919
3544,train,cub:6922
3545,train,cub:6925
3546,train,cub:6926
3547,train,cub:6927
3548,train,cub:6929
3549,train,cub:6930
3550,train,cub:6933
3554,train,cub:6938
3555,train,cub:6943
3557,train,cub:6945
3558,train,cub:6946
3559,train,cub:6950
3560,train,cub:6952
3561,train,cub:6955
3562,train,cub:6956
3563,train,cub:6958
3564,train,cub:6959
3565,train,cub:6961
3566,train,cub:6962
3567,train,cub:6968
3568,train,cub:6969
3569,train,cub:6971
3570,train,cub:6974
3571,train,cub:6979
3572,train,cub:6980
3573,train,cub:6983
3575,train,cub:6985
3577,train,cub:6987
3578,train,cub:6988
3579,train,cub:6989
3580,train,cub:6990
3581,train,cub:6993
3582,train,cub:6994
3583,train,cub:6995
3584,train,cub:6998
3585,train,cub:7001
3586,train,cub:7002
3588,train,cub:7004
3589,train,cub:7006
3592,train,cub:7016
3593,train,cub:7021
3594,train,cub:7022
3595,train,cub:7023
3597,train,cub:7028
3598,train,cub:7029
3599,train,cub:7031
3600,train,cub:7035
3601,train,cub:7038
3602,train,cub:7039
3603,train,cub:7042
3604,train,cub:7044
3608,train,cub:7050
3609,train,cub:7052
3611,train,cub:7055
3612,train,cub:7057
3614,train,cub:7063
3615,train,cub:7066
3616,train,cub:7070
3618,train,cub:7074
3619,train,cub:7075
3620,train,cub:7076
3621,train,cub:7077
3622,train,cub:7079
3623,train,cub:7080
3624,train,cub:7082
3625,train,cub:7084
3626,train,cub:7086
3627,train,cub:7088
3628,train,cub:7089
3630,train,cub:7093
3631,train,cub:7097
3632,train,cub:7098
3633,train,cub:7099
3636,train,cub:7106
3638,train,cub:7108
3639,train,cub:7109
3641,train,cub:7113
3642,train,cub:7116
3643,train,cub:7117
3644,train,cub:7120
3645,train,cub:7123
3646,train,cub:7124
3647,train,cub:7127
3648,train,cub:7129
3649,train,cub:7132
3650,train,cub:7136
3651,train,cub:7139
3653,train,cub:7142
3654,train,cub:7143
3655,train,cub:7144
3656,train,cub:7145
3657,train,cub:7146
3658,train,cub:7147
3659,train,cub:7151
3661,train,cub:7154
3662,train,cub:7156
3663,train,cub:7157
3664,train,cub:7158
3666,train,cub:7163
3668,train,cub:7166
3669,train,cub:7168
3670,train,cub:7171
3672,train,cub:7179
3673,train,cub:7180
3674,train,cub:7185
3675,train,cub:7186
3676,train,cub:7187
3677,train,cub:7188
3678,train,cub:7191
3679,train,cub:7194
3680,train,cub:7195
3682,train,cub:7200
3683,train,cub:7201
3684,train,cub:7202
3686,train,cub:7205
3687,train,cub:7207
3688,train,cub:7208
3689,train,cub:7211
3690,train,cub:7214
3691,train,cub:7215
3692,train,cub:7216
3693,train,cub:7217
3694,train,cub:7218
3696,train,cub:7221
3697,train,cub:7227
3699,train,cub:7230
3700,train,cub:7231
3701,train,cub:7232
3702,train,cub:7234
3704,train,cub:7238
3707,train,cub:7248
3708,train,cub:7250
3709,train,cub:7254
3710,train,cub:7256
3711,train,cub:7258
3712,train,cub:7259
3714,train,cub:7262
3715,train,cub:7264
3716,train,cub:7265
3717,train,cub:7267
3718,train,cub:7268
3719,train,cub:7270
3721,train,cub:7274
3722,train,cub:7275
3723,train,cub:7276
3724,train,cub:7278
3725,train,cub:7285
3726,train,cub:7286
3730,train,cub:7294
3731,train,cub:7295
3732,train,cub:7296
3733,train,cub:7298
3734,train,cub:7300
3735,train,cub:7301
3736,train,cub:7304
3737,train,cub:7305
3738,train,cub:7307
3739,train,cub:7308
3740,train,cub:7312
3741,train,cub:7316
3742,train,cub:7318
3745,train,cub:7323
3746,train,cub:7324
3747,train,cub:7325
3748,train,cub:7327
3749,train,cub:7328
3750,train,cub:7332
3751,train,cub:7333
3752,train,cub:7334
3754,train,cub:7337
3755,train,cub:7339
3757,train,cub:7345
3759,train,cub:7353
3761,train,cub:7360
3762,train,cub:7362
3763,train,cub:7363
3764,train,cub:7364
3765,train,cub:7366
3766,train,cub:7367
3767,train,cub:7368
3768,train,cub:7370
3769,train,cub:7371
3770,train,cub:7373
3771,train,cub:7375
3772,train,cub:7376
3773,train,cub:7377
3774,train,cub:7378
3776,train,cub:7381
3777,train,cub:7382
3778,train,cub:7390
3779,train,cub:7392
3780,train,cub:7393
3782,train,cub:7399
3783,train,cub:7401
3784,train,cub:7402
3786,train,cub:7407
3787,train,cub:7410
3788,train,cub:7411
3789,train,cub:7412
3790,train,cub:7414
3791,train,cub:7416
3792,train,cub:7417
3793,train,cub:7419
3794,train,cub:7420
3795,train,cub:7423
3796,train,cub:7426
3797,train,cub:7427
3798,train,cub:7429
3799,train,cub:7430
3800,train,cub:7432
3801,train,cub:7433
3802,train,cub:7435
3805,train,cub:7439
3809,train,cub:7453
3810,train,cub:7455
3811,train,cub:7456
3812,train,cub:7459
3813,train,cub:7460
3814,train,cub:7461
3815,train,cub:7462
3816,train,cub:7464
3817,train,cub:7465
3818,train,cub:7467
3819,train,cub:7468
3820,train,cub:7469
3821,train,cub:7471
3822,train,cub:7472
3823,train,cub:7474
3824,train,cub:7480
3826,train,cub:7484
3827,train,cub:7485
3828,train,cub:7489
3830,train,cub:7491
3831,train,cub:7493
3834,train,cub:7499
3836,train,cub:7503
3837,train,cub:7504
3841,train,cub:7515
3842,train,cub:7517
3843,train,cub:7519
3844,train,cub:7522
3845,train,cub:7524
3846,train,cub:7525
3847,train,cub:7527
3848,train,cub:7528
3849,train,cub:7530
3850,train,cub:7534
3851,train,cub:7535
3852,train,cub:7536
3853,train,cub:7541
3854,train,cub:7542
3855,train,cub:7543
3856,train,cub:7544
3857,train,cub:7545
3858,train,cub:7547
3861,train,cub:7554
3862,train,cub:7555
3863,train,cub:7556
3864,train,cub:7561
3865,train,cub:7563
3866,train,cub:7564
3868,train,cub:7567
3869,train,cub:7568
3870,train,cub:7569
3872,train,cub:7571
3873,train,cub:7572
3874,train,cub:7575
3875,train,cub:7578
3876,train,cub:7579
3877,train,cub:7584
3878,train,cub:7585
3879,train,cub:7590
3883,train,cub:7598
3884,train,cub:7599
3885,train,cub:7600
3887,train,cub:7605
3888,train,cub:7608
3889,train,cub:7610
3890,train,cub:7612
3891,train,cub:7616
3892,train,cub:7617
3893,train,cub:7618
3894,train,cub:7619
3895,train,cub:7621
3897,train,cub:7626
3898,train,cub:7627
3901,train,cub:7633
3902,train,cub:7634
3903,train,cub:7635
3904,train,cub:7639
3905,train,cub:7641
3906,train,cub:7643
3907,train,cub:7645
3909,train,cub:7649
3910,train,cub:7652
3911,train,cub:7653
3912,train,cub:7654
3913,train,cub:7656
3914,train,cub:7657
3915,train,cub:7658
3917,train,cub:7664
3918,train,cub:7665
3919,train,cub:7666
3920,train,cub:7670
3921,train,cub:7673
3922,train,cub:7676
3923,train,cub:7677
3925,train,cub:7682
3926,train,cub:7685
3928,train,cub:7687
3929,train,cub:7688
3930,train,cub:7690
3932,train,cub:7694
3934,train,cub:7696
3935,train,cub:7698
3936,train,cub:7699
3937,train,cub:7700
3940,train,cub:7704
3941,train,cub:7706
3942,train,cub:7707
3943,train,cub:7708
3944,train,cub:7711
3945,train,cub:7713
3946,train,cub:7716
3948,train,cub:7718
3949,train,cub:7726
3950,train,cub:7728
3952,train,cub:7731
3953,train,cub:7732
3954,train,cub:7740
3955,train,cub:7741
3956,train,cub:7742
3957,train,cub:7744
3958,train,cub:7750
3959,train,cub:7751
3960,train,cub:7752
3961,train,cub:7755
3962,train,cub:7758
3963,train,cub:7759
3965,train,cub:7761
3966,train,cub:7763
3967,train,cub:7764
3969,train,cub:7766
3970,train,cub:7767
3972,train,cub:7773
3973,train,cub:7774
3974,train,cub:7779
3977,train,cub:7788
3978,train,cub:7789
3979,train,cub:7790
3980,train,cub:7791
3981,train,cub:7792
3982,train,cub:7795
3984,train,cub:7798
3985,train,cub:7800
3986,train,cub:7803
3987,train,cub:7804
3989,train,cub:7811
3990,train,cub:7814
3991,train,cub:7816
3992,train,cub:7817
3993,train,cub:7818
3994,train,cub:7821
3995,train,cub:7823
3996,train,cub:7824
3997,train,cub:7826
3999,train,cub:7828
4000,train,cub:7831
4001,train,cub:7832
4002,train,cub:7833
4003,train,cub:7834
4004,train,cub:7835
4005,train,cub:7837
4007,train,cub:7840
4008,train,cub:7843
4009,train,cub:7844
4013,train,cub:7848
4014,train,cub:7850
4015,train,cub:7854
4016,train,cub:7855
4017,train,cub:7861
4018,train,cub:7867
4021,train,cub:7870
4022,train,cub:7871
4023,train,cub:7872
4024,train,cub:7873
4025,train,cub:7875
4026,train,cub:7876
4027,train,cub:7878
4028,train,cub:7880
4029,train,cub:7881
4030,train,cub:7883
4031,train,cub:7885
4033,train,cub:7890
4034,train,cub:7892
4036,train,cub:7898
4037,train,cub:7899
4038,train,cub:7900
4039,train,cub:7902
4040,train,cub:7905
4043,train,cub:7912
4044,train,cub:7914
4045,train,cub:7916
4046,train,cub:7921
4047,train,cub:7929
4048,train,cub:7930
4049,train,cub:7934
4051,train,cub:7936
4052,train,cub:7937
4053,train,cub:7938
4054,train,cub:7939
4055,train,cub:7940
4056,train,cub:7941
4058,train,cub:7946
4059,train,cub:7948
4062,train,cub:7958
4063,train,cub:7959
4064,train,cub:7960
4065,train,cub:7961
4066,train,cub:7962
4067,train,cub:7964
4068,train,cub:7966
4069,train,cub:7968
4071,train,cub:7972
4072,train,cub:7976
4073,train,cub:7977
4074,train,cub:7979
4075,train,cub:7982
4078,train,cub:7992
4079,train,cub:7993
4080,train,cub:7995
4081,train,cub:7997
4082,train,cub:8000
4083,train,cub:8001
4084,train,cub:8002
4085,train,cub:8004
4086,train,cub:8006
4087,train,cub:8007
4090,train,cub:8012
4091,train,cub:8014
4093,train,cub:8018
4094,train,cub:8019
4096,train,cub:8023
4097,train,cub:8024
4098,train,cub:8026
4099,train,cub:8031
4100,train,cub:8034
4102,train,cub:8038
4103,train,cub:8041
4104,train,cub:8042
4105,train,cub:8043
4106,train,cub:8044
4107,train,cub:8046
4108,train,cub:8047
4109,train,cub:8048
4110,train,cub:8052
4111,train,cub:8053
4112,train,cub:8055
4113,train,cub:8057
4115,train,cub:8062
4117,train,cub:8065
4118,train,cub:8066
4119,train,cub:8067
4120,train,cub:8070
4121,train,cub:8074
4123,train,cub:8076
4124,train,cub:8078
4125,train,cub:8083
4126,train,cub:8085
4127,train,cub:8089
4128,train,cub:8090
4129,train,cub:8092
4131,train,cub:8096
4132,train,cub:8099
4133,train,cub:8101
4134,train,cub:8102
4137,train,cub:8107
4138,train,cub:8110
4140,train,cub:8113
4141,train,cub:8114
4142,train,cub:8115
4143,train,cub:8116
4145,train,cub:8120
4147,train,cub:8123
4148,train,cub:8125
4149,train,cub:8127
4150,train,cub:8129
4151,train,cub:8131
4152,train,cub:8132
4153,train,cub:8133
4154,train,cub:8138
4155,train,cub:8141
4156,train,cub:8142
4158,train,cub:8145
4159,train,cub:8146
4161,train,cub:8151
4162,train,cub:8153
4164,train,cub:8160
4165,train,cub:8161
4166,train,cub:8163
4167,train,cub:8167
4168,train,cub:8169
4169,train,cub:8170
4170,train,cub:8172
4172,train,cub:8178
4175,train,cub:8181
4176,train,cub:8183
4177,train,cub:8187
4178,train,cub:8191
4179,train,cub:8192
4180,train,cub:8193
4182,train,cub:8198
4183,train,cub:8201
4184,train,cub:8202
4185,train,cub:8203
4186,train,cub:8205
4187,train,cub:8206
4188,train,cub:8208
4190,train,cub:8211
4191,train,cub:8212
4192,train,cub:8214
4193,train,cub:8217
4194,train,cub:8218
4195,train,cub:8219
4197,train,cub:8226
4199,train,cub:8230
4202,train,cub:8236
4203,train,cub:8237
4204,train,cub:8239
4205,train,cub:8240
4206,train,cub:8241
4207,train,cub:8245
4208,train,cub:8247
4209,train,cub:8250
4210,train,cub:8251
4211,train,cub:8255
4212,train,cub:8256
4213,train,cub:8258
4214,train,cub:8259
4216,train,cub:8264
4217,train,cub:8265
4218,train,cub:8267
4220,train,cub:8271
4221,train,cub:8274
4222,train,cub:8276
4223,train,cub:8279
4224,train,cub:8280
4228,train,cub:8288
4229,train,cub:8289
4230,train,cub:8290
4232,train,cub:8292
4233,train,cub:8294
4234,train,cub:8295
4235,train,cub:8297
4236,train,cub:8299
4237,train,cub:8301
4239,train,cub:8303
4241,train,cub:8306
4242,train,cub:8309
4243,train,cub:8312
4244,train,cub:8321
4245,train,cub:8322
4246,train,cub:8323
4247,train,cub:8324
4248,train,cub:8329
4250,train,cub:8336
4251,train,cub:8337
4252,train,cub:8339
4253,train,cub:8340
4254,train,cub:8341
4255,train,cub:8343
4256,train,cub:8344
4257,train,cub:8350
4258,train,cub:8354
4259,train,cub:8355
4260,train,cub:8358
4262,train,cub:8363
4263,train,cub:8366
4265,train,cub:8369
4266,train,cub:8370
4267,train,cub:8371
4268,train,cub:8373
4269,train,cub:8374
4270,train,cub:8376
4271,train,cub:8377
4272,train,cub:8378
4274,train,cub:8381
4275,train,cub:8384
4277,train,cub:8390
4278,train,cub:8391
4279,train,cub:8392
4280,train,cub:8394
4281,train,cub:8398
4283,train,cub:8401
4284,train,cub:8402
4286,train,cub:8405
4287,train,cub:8406
4288,train,cub:8407
4289,train,cub:8408
4290,train,cub:8409
4291,train,cub:8410
4292,train,cub:8411
4293,train,cub:8413
4294,train,cub:8415
4295,train,cub:8416
4296,train,cub:8419
4298,train,cub:8427
4299,train,cub:8429
4300,train,cub:8430
4302,train,cub:8435
4304,train,cub:8437
4306,train,cub:8445
4307,train,cub:8449
4308,train,cub:8450
4310,train,cub:8453
4311,train,cub:8456
4312,train,cub:8458
4313,train,cub:8459
4314,train,cub:8460
4316,train,cub:8466
4317,train,cub:8470
4319,train,cub:8472
4320,train,cub:8473
4321,train,cub:8479
4322,train,cub:8480
4323,train,cub:8482
4325,train,cub:8484
4326,train,cub:8486
4328,train,cub:8494
4329,train,cub:8496
4331,train,cub:8499
4333,train,cub:8502
4335,train,cub:8512
4336,train,cub:8513
4337,train,cub:8514
4338,train,cub:8515
4339,train,cub:8516
4340,train,cub:8517
4341,train,cub:8518
4342,train,cub:8520
4343,train,cub:8521
4344,train,cub:8522
4345,train,cub:8523
4347,train,cub:8527
4348,train,cub:8532
4349,train,cub:8533
4350,train,cub:8534
4351,train,cub:8536
4352,train,cub:8540
4353,train,cub:8543
4354,train,cub:8544
4355,train,cub:8545
4356,train,cub:8548
4357,train,cub:8549
4359,train,cub:8551
4362,train,cub:8557
4363,train,cub:8559
4364,train,cub:8562
4365,train,cub:8564
4366,train,cub:8566
4368,train,cub:8568
4370,train,cub:8570
4371,train,cub:8572
4372,train,cub:8574
4373,train,cub:8576
4374,train,cub:8579
4375,train,cub:8583
4376,train,cub:8584
4377,train,cub:8585
4379,train,cub:8588
4380,train,cub:8589
4381,train,cub:8592
4382,train,cub:8597
4384,train,cub:8599
4387,train,cub:8605
4388,train,cub:8606
4389,train,cub:8607
4390,train,cub:8609
4391,train,cub:8612
4392,train,cub:8614
4393,train,cub:8615
4394,train,cub:8616
4395,train,cub:8621
4397,train,cub:8626
4399,train,cub:8635
4400,train,cub:8636
4401,train,cub:8637
4402,train,cub:8638
4403,train,cub:8641
4404,train,cub:8642
4405,train,cub:8643
4406,train,cub:8646
4407,train,cub:8647
4408,train,cub:8648
4409,train,cub:8650
4411,train,cub:8656
4413,train,cub:8661
4414,train,cub:8662
4415,train,cub:8663
4416,train,cub:8666
4418,train,cub:8670
4419,train,cub:8671
4420,train,cub:8673
4421,train,cub:8674
4422,train,cub:8676
4423,train,cub:8677
4425,train,cub:8681
4426,train,cub:8683
4427,train,cub:8685
4430,train,cub:8689
4431,train,cub:8698
4432,train,cub:8700
4433,train,cub:8701
4434,train,cub:8702
4435,train,cub:8703
4436,train,cub:8704
4437,train,cub:8707
4438,train,cub:8708
4440,train,cub:8711
4441,train,cub:8714
4442,train,cub:8716
4443,train,cub:8717
4444,train,cub:8718
4447,train,cub:8725
4448,train,cub:8728
4449,train,cub:8730
4451,train,cub:8732
4452,train,cub:8733
4453,train,cub:8734
4454,train,cub:8736
4455,train,cub:8738
4456,train,cub:8744
4458,train,cub:8746
4459,train,cub:8750
4460,train,cub:8751
4462,train,cub:8755
4463,train,cub:8756
4464,train,cub:8759
4465,train,cub:8761
4466,train,cub:8764
4467,train,cub:8765
4468,train,cub:8766
4469,train,cub:8767
4470,train,cub:8769
4471,train,cub:8770
4472,train,cub:8772
4474,train,cub:8774
4475,train,cub:8781
4476,train,cub:8782
4477,train,cub:8786
4478,train,cub:8787
4479,train,cub:8790
4482,train,cub:8798
4483,train,cub:8799
4484,train,cub:8800
4487,train,cub:8805
4488,train,cub:8806
4489,train,cub:8810
4490,train,cub:8813
4491,train,cub:8814
4492,train,cub:8815
4494,train,cub:8819
4495,train,cub:8820
4496,train,cub:8823
4497,train,cub:8824
4498,train,cub:8828
4499,train,cub:8829
4501,train,cub:8831
4502,train,cub:8832
4503,train,cub:8833
4504,train,cub:8835
4506,train,cub:8837
4507,train,cub:8838
4508,train,cub:8839
4509,train,cub:8842
4510,train,cub:8843
4513,train,cub:8848
4514,train,cub:8851
4515,train,cub:8852
4516,train,cub:8853
4517,train,cub:8855
4518,train,cub:8860
4519,train,cub:8861
4520,train,cub:8863
4521,train,cub:8866
4522,train,cub:8868
4523,train,cub:8869
4527,train,cub:8877
4528,train,cub:8878
4531,train,cub:8885
4532,train,cub:8886
4533,train,cub:8889
4534,train,cub:8893
4535,train,cub:8894
4537,train,cub:8901
4538,train,cub:8902
4539,train,cub:8903
4540,train,cub:8907
4541,train,cub:8908
4542,train,cub:8911
4543,train,cub:8912
4544,train,cub:8913
4545,train,cub:8914
4547,train,cub:8916
4548,train,cub:8917
4549,train,cub:8918
4550,train,cub:8924
4551,train,cub:8925
4552,train,cub:8927
4553,train,cub:8928
4555,train,cub:8933
4556,train,cub:8935
4558,train,cub:8941
4559,train,cub:8943
4560,train,cub:8944
4561,train,cub:8947
4563,train,cub:8949
4564,train,cub:8951
4566,train,cub:8954
4567,train,cub:8955
4568,train,cub:8957
4570,train,cub:8961
4571,train,cub:8962
4572,train,cub:8963
4573,train,cub:8964
4574,train,cub:8966
4577,train,cub:8974
4578,train,cub:8975
4579,train,cub:8977
4580,train,cub:8982
4581,train,cub:8983
4582,train,cub:8985
4583,train,cub:8987
4584,train,cub:8989
4585,train,cub:8991
4586,train,cub:8997
4587,train,cub:9000
4588,train,cub:9002
4590,train,cub:9006
4591,train,cub:9012
4593,train,cub:9017
4594,train,cub:9018
4595,train,cub:9019
4597,train,cub:9021
4598,train,cub:9022
4600,train,cub:9024
4601,train,cub:9027
4602,train,cub:9028
4603,train,cub:9029
4604,train,cub:9030
4605,train,cub:9031
4607,train,cub:9035
4609,train,cub:9037
4610,train,cub:9039
4611,train,cub:9040
4612,train,cub:9041
4613,train,cub:9042
4614,train,cub:9043
4615,train,cub:9051
4616,train,cub:9055
4617,train,cub:9058
4618,train,cub:9059
4619,train,cub:9060
4621,train,cub:9063
4622,train,cub:9065
4623,train,cub:9067
4624,train,cub:9068
4625,train,cub:9070
4626,train,cub:9074
4627,train,cub:9076
4628,train,cub:9078
4629,train,cub:9080
4630,train,cub:9083
4632,train,cub:9087
4633,train,cub:9089
4634,train,cub:9090
4635,train,cub:9091
4636,train,cub:9092
4637,train,cub:9093
4638,train,cub:9094
4642,train,cub:9105
4644,train,cub:9107
4645,train,cub:9112
4647,train,cub:9116
4648,train,cub:9117
4649,train,cub:9118
4650,train,cub:9119
4651,train,cub:9120
4652,train,cub:9122
4655,train,cub:9126
4656,train,cub:9129
4658,train,cub:9138
4659,train,cub:9142
4660,train,cub:9143
4661,train,cub:9144
4662,train,cub:9145
4664,train,cub:9150
4665,train,cub:9154
4666,train,cub:9156
4667,train,cub:9157
4669,train,cub:9160
4670,train,cub:9161
4671,train,cub:9162
4672,train,cub:9163
4673,train,cub:9164
4674,train,cub:9166
4675,train,cub:9167
4676,train,cub:9178
4678,train,cub:9185
4679,train,cub:9189
4680,train,cub:9190
4681,train,cub:9191
4682,train,cub:9192
4683,train,cub:9193
4684,train,cub:9197
4685,train,cub:9199
4686,train,cub:9200
4687,train,cub:9202
4688,train,cub:9203
4689,train,cub:9204
4693,train,cub:9210
4694,train,cub:9211
4695,train,cub:9212
4696,train,cub:9214
4697,train,cub:9218
4698,train,cub:9220
4699,train,cub:9221
4700,train,cub:9223
4701,train,cub:9224
4702,train,cub:9225
4703,train,cub:9226
4706,train,cub:9232
4707,train,cub:9234
4709,train,cub:9236
4710,train,cub:9237
4711,train,cub:9241
4712,train,cub:9242
4713,train,cub:9244
4714,train,cub:9247
4715,train,cub:9251
4717,train,cub:9255
4718,train,cub:9256
4719,train,cub:9261
4720,train,cub:9263
4722,train,cub:9269
4723,train,cub:9271
4724,train,cub:9273
4725,train,cub:9274
4726,train,cub:9275
4727,train,cub:9277
4729,train,cub:9283
4731,train,cub:9286
4732,train,cub:9287
4734,train,cub:9290
4735,train,cub:9291
4736,train,cub:9292
4737,train,cub:9293
4738,train,cub:9295
4740,train,cub:9300
4742,train,cub:9304
4743,train,cub:9305
4744,train,cub:9307
4745,train,cub:9308
4747,train,cub:9313
4748,train,cub:9314
4749,train,cub:9315
4750,train,cub:9317
4751,train,cub:9318
4752,train,cub:9322
4753,train,cub:9324
4754,train,cub:9326
4756,train,cub:9331
4758,train,cub:9335
4760,train,cub:9337
4761,train,cub:9340
4762,train,cub:9342
4763,train,cub:9345
4764,train,cub:9350
4765,train,cub:9351
4768,train,cub:9358
4769,train,cub:9359
4770,train,cub:9360
4771,train,cub:9361
4772,train,cub:9364
4773,train,cub:9365
4774,train,cub:9367
4777,train,cub:9372
4778,train,cub:9373
4779,train,cub:9374
4780,train,cub:9376
4781,train,cub:9381
4783,train,cub:9386
4784,train,cub:9387
4786,train,cub:9391
4787,train,cub:9393
4788,train,cub:9394
4789,train,cub:9400
4790,train,cub:9402
4791,train,cub:9404
4792,train,cub:9405
4793,train,cub:9406
4794,train,cub:9408
4795,train,cub:9409
4797,train,cub:9414
4798,train,cub:9415
4799,train,cub:9417
4800,train,cub:9421
4801,train,cub:9423
4802,train,cub:9424
4803,train,cub:9425
4805,train,cub:9429
4806,train,cub:9430
4807,train,cub:9432
4808,train,cub:9434
4809,train,cub:9437
4810,train,cub:9438
4811,train,cub:9441
4812,train,cub:9442
4813,train,cub:9444
4814,train,cub:9445
4815,train,cub:9446
4817,train,cub:9450
4818,train,cub:9454
4821,train,cub:9461
4822,train,cub:9464
4823,train,cub:9465
4824,train,cub:9468
4826,train,cub:9474
4827,train,cub:9477
4828,train,cub:9478
4829,train,cub:9480
4830,train,cub:9481
4831,train,cub:9483
4832,train,cub:9484
4833,train,cub:9485
4834,train,cub:9488
4835,train,cub:9491
4836,train,cub:9496
4837,train,cub:9497
4839,train,cub:9501
4840,train,cub:9502
4844,train,cub:9511
4845,train,cub:9512
4846,train,cub:9513
4847,train,cub:9515
4848,train,cub:9516
4849,train,cub:9517
4850,train,cub:9519
4852,train,cub:9522
4853,train,cub:9525
4854,train,cub:9526
4856,train,cub:9531
4857,train,cub:9532
4858,train,cub:9536
4860,train,cub:9540
4861,train,cub:9543
4862,train,cub:9544
4864,train,cub:9546
4865,train,cub:9551
4867,train,cub:9557
4868,train,cub:9559
4869,train,cub:9562
4870,train,cub:9563
4872,train,cub:9568
4874,train,cub:9572
4875,train,cub:9574
4876,train,cub:9575
4877,train,cub:9576
4878,train,cub:9578
4879,train,cub:9579
4880,train,cub:9581
4881,train,cub:9582
4882,train,cub:9583
4883,train,cub:9585
4885,train,cub:9590
4887,train,cub:9594
4888,train,cub:9596
4889,train,cub:9601
4890,train,cub:9603
4892,train,cub:9607
4893,train,cub:9608
4894,train,cub:9609
4896,train,cub:9616
4897,train,cub:9617
4898,train,cub:9620
4899,train,cub:9621
4901,train,cub:9624
4902,train,cub:9625
4903,train,cub:9626
4904,train,cub:9627
4905,train,cub:9629
4907,train,cub:9632
4908,train,cub:9635
4909,train,cub:9638
4910,train,cub:9639
4911,train,cub:9642
4912,train,cub:9644
4913,train,cub:9646
4914,train,cub:9647
4916,train,cub:9651
4917,train,cub:9653
4919,train,cub:9657
4920,train,cub:9660
4921,train,cub:9664
4922,train,cub:9665
4923,train,cub:9666
4924,train,cub:9670
4925,train,cub:9671
4926,train,cub:9672
4927,train,cub:9674
4928,train,cub:9675
4929,train,cub:9677
4930,train,cub:9679
4931,train,cub:9680
4932,train,cub:9681
4933,train,cub:9682
4935,train,cub:9691
4936,train,cub:9693
4937,train,cub:9694
4938,train,cub:9695
4941,train,cub:9703
4943,train,cub:9707
4945,train,cub:9710
4946,train,cub:9712
4947,train,cub:9713
4948,train,cub:9715
4949,train,cub:9719
4951,train,cub:9723
4952,train,cub:9724
4953,train,cub:9725
4954,train,cub:9726
4955,train,cub:9729
4957,train,cub:9734
4958,train,cub:9735
4959,train,cub:9736
4961,train,cub:9741
4962,train,cub:9745
4964,train,cub:9747
4965,train,cub:9748
4966,train,cub:9749
4967,train,cub:9750
4968,train,cub:9751
4970,train,cub:9757
4971,train,cub:9760
4972,train,cub:9762
4973,train,cub:9764
4974,train,cub:9765
4976,train,cub:9770
4979,train,cub:9780
4981,train,cub:9783
4982,train,cub:9784
4985,train,cub:9792
4986,train,cub:9793
4987,train,cub:9794
4988,train,cub:9797
4989,train,cub:9799
4990,train,cub:9801
4991,train,cub:9804
4992,train,cub:9806
4993,train,cub:9808
4994,train,cub:9810
4995,train,cub:9811
4996,train,cub:9812
4997,train,cub:9814
4998,train,cub:9815
4999,train,cub:9822
5000,train,cub:9824
5001,train,cub:9825
5002,train,cub:9826
5004,train,cub:9828
5005,train,cub:9829
5006,train,cub:9831
5007,train,cub:9833
5008,train,cub:9834
5009,train,cub:9839
5011,train,cub:9841
5012,train,cub:9844
5013,train,cub:9846
5014,train,cub:9850
5015,train,cub:9852
5016,train,cub:9853
5017,train,cub:9855
5018,train,cub:9857
5019,train,cub:9858
5023,train,cub:9864
5024,train,cub:9867
5025,train,cub:9869
5026,train,cub:9871
5028,train,cub:9875
5030,train,cub:9880
5031,train,cub:9881
5032,train,cub:9882
5033,train,cub:9884
5034,train,cub:9886
5035,train,cub:9888
5036,train,cub:9890
5038,train,cub:9895
5039,train,cub:9896
5041,train,cub:9899
5042,train,cub:9901
5043,train,cub:9902
5045,train,cub:9909
5046,train,cub:9910
5048,train,cub:9916
5049,train,cub:9923
5050,train,cub:9924
5051,train,cub:9926
5052,train,cub:9928
5053,train,cub:9929
5054,train,cub:9930
5056,train,cub:9935
5057,train,cub:9936
5058,train,cub:9937
5059,train,cub:9938
5060,train,cub:9939
5061,train,cub:9940
5063,train,cub:9944
5064,train,cub:9946
5065,train,cub:9947
5066,train,cub:9948
5067,train,cub:9950
5069,train,cub:9953
5070,train,cub:9954
5071,train,cub:9955
5073,train,cub:9960
5074,train,cub:9962
5075,train,cub:9963
5076,train,cub:9964
5077,train,cub:9965
5078,train,cub:9966
5080,train,cub:9968
5081,train,cub:9969
5082,train,cub:9970
5083,train,cub:9973
5085,train,cub:9975
5086,train,cub:9977
5088,train,cub:9988
5089,train,cub:9994
5090,train,cub:9995
5092,train,cub:10002
5093,train,cub:10003
5094,train,cub:10004
5095,train,cub:10005
5097,train,cub:10009
5098,train,cub:10012
5099,train,cub:10013
5100,train,cub:10014
5101,train,cub:10015
5102,train,cub:10016
5103,train,cub:10018
5104,train,cub:10019
5106,train,cub:10023
5107,train,cub:10025
5108,train,cub:10026
5109,train,cub:10027
5111,train,cub:10036
5112,train,cub:10038
5113,train,cub:10040
5114,train,cub:10043
5115,train,cub:10045
5116,train,cub:10046
5117,train,cub:10049
5119,train,cub:10051
5121,train,cub:10060
5122,train,cub:10061
5123,train,cub:10063
5124,train,cub:10066
5127,train,cub:10072
5128,train,cub:10073
5130,train,cub:10075
5131,train,cub:10076
5133,train,cub:10083
5134,train,cub:10085
5135,train,cub:10086
5137,train,cub:10097
5138,train,cub:10099
5139,train,cub:10101
5140,train,cub:10102
5141,train,cub:10103
5142,train,cub:10104
5143,train,cub:10106
5144,train,cub:10107
5145,train,cub:10108
5146,train,cub:10111
5147,train,cub:10113
5148,train,cub:10114
5150,train,cub:10119
5151,train,cub:10120
5152,train,cub:10123
5154,train,cub:10125
5155,train,cub:10126
5156,train,cub:10128
5157,train,cub:10129
5158,train,cub:10132
5160,train,cub:10140
5161,train,cub:10143
5162,train,cub:10144
5163,train,cub:10146
5164,train,cub:10148
5166,train,cub:10152
5167,train,cub:10153
5168,train,cub:10155
5169,train,cub:10156
5170,train,cub:10157
5175,train,cub:10165
5176,train,cub:10166
5177,train,cub:10168
5178,train,cub:10169
5179,train,cub:10170
5180,train,cub:10171
5181,train,cub:10179
5182,train,cub:10180
5183,train,cub:10183
5184,train,cub:10184
5185,train,cub:10186
5186,train,cub:10189
5187,train,cub:10190
5188,train,cub:10191
5189,train,cub:10194
5190,train,cub:10197
5192,train,cub:10200
5193,train,cub:10202
5194,train,cub:10203
5195,train,cub:10204
5196,train,cub:10207
5199,train,cub:10212
5200,train,cub:10213
5201,train,cub:10214
5202,train,cub:10215
5203,train,cub:10220
5204,train,cub:10223
5205,train,cub:10225
5206,train,cub:10227
5208,train,cub:10236
5210,train,cub:10240
5211,train,cub:10243
5213,train,cub:10245
5214,train,cub:10246
5215,train,cub:10247
5217,train,cub:10249
5218,train,cub:10250
5219,train,cub:10252
5221,train,cub:10260
5222,train,cub:10262
5223,train,cub:10263
5224,train,cub:10264
5225,train,cub:10265
5226,train,cub:10266
5227,train,cub:10267
5229,train,cub:10270
5232,train,cub:10275
5233,train,cub:10277
5234,train,cub:10278
5235,train,cub:10280
5236,train,cub:10281
5237,train,cub:10283
5238,train,cub:10284
5239,train,cub:10287
5240,train,cub:10291
5241,train,cub:10300
5242,train,cub:10303
5243,train,cub:10304
5244,train,cub:10305
5246,train,cub:10309
5247,train,cub:10311
5248,train,cub:10314
5249,train,cub:10315
5250,train,cub:10319
5251,train,cub:10321
5252,train,cub:10322
5253,train,cub:10324
5254,train,cub:10326
5255,train,cub:10328
5256,train,cub:10330
5257,train,cub:10331
5259,train,cub:10335
5260,train,cub:10336
5262,train,cub:10344
5263,train,cub:10345
5264,train,cub:10346
5265,train,cub:10347
5266,train,cub:10348
5267,train,cub:10349
5268,train,cub:10350
5269,train,cub:10353
5273,train,cub:10362
5274,train,cub:10363
5276,train,cub:10368
5277,train,cub:10370
5278,train,cub:10372
5279,train,cub:10373
5281,train,cub:10376
5282,train,cub:10378
5285,train,cub:10388
5286,train,cub:10394
5287,train,cub:10395
5289,train,cub:10398
5290,train,cub:10402
5291,train,cub:10403
5292,train,cub:10404
5293,train,cub:10405
5294,train,cub:10406
5295,train,cub:10407
5296,train,cub:10409
5297,train,cub:10410
5298,train,cub:10411
5300,train,cub:10414
5301,train,cub:10416
5302,train,cub:10418
5303,train,cub:10420
5304,train,cub:10424
5306,train,cub:10428
5307,train,cub:10429
5308,train,cub:10430
5309,train,cub:10433
5311,train,cub:10436
5312,train,cub:10437
5313,train,cub:10440
5314,train,cub:10441
5315,train,cub:10444
5316,train,cub:10446
5317,train,cub:10448
5318,train,cub:10451
5319,train,cub:10452
5320,train,cub:10455
5321,train,cub:10457
5322,train,cub:10458
5324,train,cub:10460
5325,train,cub:10461
5326,train,cub:10462
5328,train,cub:10467
5329,train,cub:10469
5331,train,cub:10474
5334,train,cub:10481
5335,train,cub:10483
5336,train,cub:10484
5337,train,cub:10486
5338,train,cub:10487
5340,train,cub:10492
5341,train,cub:10495
5343,train,cub:10498
5345,train,cub:10503
5346,train,cub:10507
5347,train,cub:10508
5349,train,cub:10510
5350,train,cub:10511
5351,train,cub:10512
5352,train,cub:10513
5353,train,cub:10516
5354,train,cub:10518
5355,train,cub:10523
5356,train,cub:10524
5357,train,cub:10526
5358,train,cub:10527
5359,train,cub:10530
5360,train,cub:10531
5362,train,cub:10539
5363,train,cub:10540
5364,train,cub:10541
5366,train,cub:10544
5367,train,cub:10545
5369,train,cub:10552
5371,train,cub:10555
5372,train,cub:10556
5373,train,cub:10558
5374,train,cub:10559
5376,train,cub:10561
5377,train,cub:10562
5378,train,cub:10564
5379,train,cub:10566
5380,train,cub:10571
5381,train,cub:10573
5382,train,cub:10574
5384,train,cub:10579
5385,train,cub:10580
5386,train,cub:10582
5387,train,cub:10583
5388,train,cub:10586
5389,train,cub:10589
5390,train,cub:10590
5392,train,cub:10595
5394,train,cub:10599
5395,train,cub:10602
5396,train,cub:10603
5397,train,cub:10605
5400,train,cub:10609
5401,train,cub:10612
5402,train,cub:10613
5403,train,cub:10614
5404,train,cub:10617
5405,train,cub:10620
5406,train,cub:10622
5408,train,cub:10626
5409,train,cub:10628
5410,train,cub:10630
5411,train,cub:10632
5412,train,cub:10633
5414,train,cub:10636
5415,train,cub:10638
5416,train,cub:10640
5417,train,cub:10643
5418,train,cub:10645
5419,train,cub:10648
5421,train,cub:10656
5422,train,cub:10657
5423,train,cub:10658
5424,train,cub:10659
5427,train,cub:10665
5428,train,cub:10670
5430,train,cub:10676
5433,train,cub:10682
5434,train,cub:10683
5435,train,cub:10686
5436,train,cub:10687
5437,train,cub:10690
5438,train,cub:10691
5439,train,cub:10692
5441,train,cub:10694
5442,train,cub:10696
5443,train,cub:10698
5444,train,cub:10700
5445,train,cub:10701
5446,train,cub:10702
5447,train,cub:10704
5448,train,cub:10708
5450,train,cub:10710
5451,train,cub:10711
5452,train,cub:10715
5453,train,cub:10716
5454,train,cub:10717
5455,train,cub:10718
5456,train,cub:10723
5457,train,cub:10724
5458,train,cub:10727
5460,train,cub:10731
5461,train,cub:10734
5462,train,cub:10735
5463,train,cub:10738
5464,train,cub:10739
5466,train,cub:10743
5467,train,cub:10747
5468,train,cub:10750
5469,train,cub:10753
5470,train,cub:10756
5472,train,cub:10758
5473,train,cub:10760
5474,train,cub:10761
5475,train,cub:10763
5476,train,cub:10764
5478,train,cub:10766
5479,train,cub:10767
5480,train,cub:10771
5481,train,cub:10772
5483,train,cub:10776
5484,train,cub:10777
5486,train,cub:10783
5487,train,cub:10785
5488,train,cub:10788
5491,train,cub:10791
5493,train,cub:10794
5494,train,cub:10795
5495,train,cub:10796
5497,train,cub:10800
5498,train,cub:10801
5499,train,cub:10802
5500,train,cub:10803
5501,train,cub:10805
5502,train,cub:10808
5503,train,cub:10813
5504,train,cub:10814
5505,train,cub:10817
5507,train,cub:10820
5508,train,cub:10821
5509,train,cub:10822
5510,train,cub:10823
5511,train,cub:10830
5513,train,cub:10834
5514,train,cub:10836
5515,train,cub:10841
5516,train,cub:10842
5517,train,cub:10843
5518,train,cub:10849
5520,train,cub:10851
5521,train,cub:10852
5522,train,cub:10853
5523,train,cub:10854
5524,train,cub:10855
5525,train,cub:10859
5526,train,cub:10863
5527,train,cub:10867
5528,train,cub:10870
5529,train,cub:10871
5530,train,cub:10873
5531,train,cub:10874
5534,train,cub:10880
5535,train,cub:10884
5536,train,cub:10885
5537,train,cub:10888
5539,train,cub:10893
5540,train,cub:10894
5541,train,cub:10895
5543,train,cub:10897
5545,train,cub:10901
5546,train,cub:10904
5548,train,cub:10907
5549,train,cub:10909
5550,train,cub:10913
5551,train,cub:10914
5552,train,cub:10918
5553,train,cub:10920
5554,train,cub:10924
5555,train,cub:10926
5556,train,cub:10931
5557,train,cub:10932
5558,train,cub:10933
5559,train,cub:10934
5561,train,cub:10940
5562,train,cub:10941
5563,train,cub:10943
5564,train,cub:10944
5566,train,cub:10948
5569,train,cub:10954
5570,train,cub:10956
5571,train,cub:10957
5572,train,cub:10958
5573,train,cub:10959
5574,train,cub:10960
5577,train,cub:10965
5578,train,cub:10966
5579,train,cub:10967
5580,train,cub:10968
5581,train,cub:10969
5582,train,cub:10972
5583,train,cub:10975
5584,train,cub:10977
5585,train,cub:10978
5586,train,cub:10979
5588,train,cub:10982
5590,train,cub:10988
5591,train,cub:10989
5593,train,cub:10992
5594,train,cub:10994
5595,train,cub:10995
5596,train,cub:10996
5597,train,cub:10997
5598,train,cub:10999
5600,train,cub:11001
5602,train,cub:11006
5603,train,cub:11007
5604,train,cub:11008
5605,train,cub:11009
5606,train,cub:11013
5607,train,cub:11014
5608,train,cub:11015
5610,train,cub:11019
5611,train,cub:11020
5612,train,cub:11021
5613,train,cub:11022
5614,train,cub:11023
5615,train,cub:11024
5616,train,cub:11025
5617,train,cub:11030
5620,train,cub:11037
5621,train,cub:11038
5622,train,cub:11044
5623,train,cub:11045
5624,train,cub:11047
5625,train,cub:11050
5626,train,cub:11054
5627,train,cub:11056
5628,train,cub:11057
5630,train,cub:11060
5631,train,cub:11061
5632,train,cub:11065
5633,train,cub:11067
5636,train,cub:11072
5637,train,cub:11073
5638,train,cub:11074
5639,train,cub:11075
5640,train,cub:11076
5642,train,cub:11083
5643,train,cub:11084
5644,train,cub:11086
5645,train,cub:11087
5646,train,cub:11088
5647,train,cub:11089
5649,train,cub:11092
5650,train,cub:11093
5651,train,cub:11095
5652,train,cub:11096
5653,train,cub:11099
5655,train,cub:11106
5656,train,cub:11107
5657,train,cub:11108
5660,train,cub:11113
5661,train,cub:11116
5662,train,cub:11120
5663,train,cub:11121
5664,train,cub:11127
5666,train,cub:11132
5670,train,cub:11143
5671,train,cub:11146
5672,train,cub:11147
5673,train,cub:11148
5674,train,cub:11149
5675,train,cub:11151
5676,train,cub:11153
5677,train,cub:11154
5678,train,cub:11155
5679,train,cub:11156
5681,train,cub:11158
5682,train,cub:11159
5683,train,cub:11162
5684,train,cub:11166
5685,train,cub:11173
5687,train,cub:11177
5688,train,cub:11178
5689,train,cub:11179
5690,train,cub:11181
5691,train,cub:11183
5692,train,cub:11185
5693,train,cub:11188
5697,train,cub:11196
5698,train,cub:11198
5699,train,cub:11199
5700,train,cub:11206
5701,train,cub:11210
5702,train,cub:11211
5703,train,cub:11214
5704,train,cub:11215
5705,train,cub:11216
5707,train,cub:11219
5708,train,cub:11220
5710,train,cub:11224
5711,train,cub:11226
5712,train,cub:11228
5713,train,cub:11229
5715,train,cub:11233
5716,train,cub:11235
5717,train,cub:11236
5718,train,cub:11237
5719,train,cub:11238
5720,train,cub:11240
5721,train,cub:11242
5722,train,cub:11243
5724,train,cub:11248
5726,train,cub:11252
5727,train,cub:11254
5728,train,cub:11256
5729,train,cub:11261
5730,train,cub:11264
5731,train,cub:11265
5732,train,cub:11268
5733,train,cub:11269
5734,train,cub:11271
5735,train,cub:11272
5736,train,cub:11276
5737,train,cub:11277
5739,train,cub:11280
5740,train,cub:11283
5742,train,cub:11289
5743,train,cub:11291
5744,train,cub:11292
5746,train,cub:11294
5747,train,cub:11295
5749,train,cub:11300
5750,train,cub:11302
5752,train,cub:11304
5753,train,cub:11306
5754,train,cub:11309
5755,train,cub:11313
5756,train,cub:11316
5757,train,cub:11317
5758,train,cub:11319
5759,train,cub:11322
5760,train,cub:11323
5763,train,cub:11328
5764,train,cub:11330
5765,train,cub:11332
5766,train,cub:11333
5767,train,cub:11339
5769,train,cub:11342
5770,train,cub:11345
5771,train,cub:11347
5772,train,cub:11350
5773,train,cub:11351
5774,train,cub:11354
5775,train,cub:11355
5777,train,cub:11358
5778,train,cub:11359
5780,train,cub:11363
5782,train,cub:11366
5783,train,cub:11367
5784,train,cub:11369
5785,train,cub:11375
5786,train,cub:11376
5787,train,cub:11382
5788,train,cub:11383
5790,train,cub:11386
5791,train,cub:11387
5793,train,cub:11391
5794,train,cub:11392
5795,train,cub:11394
5796,train,cub:11396
5797,train,cub:11397
5799,train,cub:11403
5800,train,cub:11405
5801,train,cub:11406
5802,train,cub:11407
5803,train,cub:11408
5804,train,cub:11411
5805,train,cub:11412
5806,train,cub:11414
5807,train,cub:11416
5809,train,cub:11423
5811,train,cub:11425
5813,train,cub:11428
5814,train,cub:11429
5815,train,cub:11431
5816,train,cub:11433
5817,train,cub:11435
5818,train,cub:11436
5820,train,cub:11440
5821,train,cub:11441
5823,train,cub:11446
5824,train,cub:11447
5825,train,cub:11448
5827,train,cub:11452
5828,train,cub:11455
5829,train,cub:11456
5830,train,cub:11460
5831,train,cub:11464
5833,train,cub:11466
5834,train,cub:11468
5835,train,cub:11471
5836,train,cub:11473
5838,train,cub:11475
5839,train,cub:11479
5841,train,cub:11484
5842,train,cub:11485
5843,train,cub:11487
5844,train,cub:11489
5845,train,cub:11490
5846,train,cub:11491
5847,train,cub:11492
5849,train,cub:11498
5850,train,cub:11500
5851,train,cub:11506
5853,train,cub:11508
5854,train,cub:11509
5855,train,cub:11510
5857,train,cub:11512
5858,train,cub:11516
5860,train,cub:11518
5861,train,cub:11522
5862,train,cub:11524
5863,train,cub:11529
5864,train,cub:11530
5865,train,cub:11532
5866,train,cub:11533
5867,train,cub:11535
5868,train,cub:11536
5869,train,cub:11540
5870,train,cub:11542
5872,train,cub:11546
5874,train,cub:11552
5876,train,cub:11554
5877,train,cub:11555
5878,train,cub:11556
5879,train,cub:11557
5880,train,cub:11558
5881,train,cub:11560
5882,train,cub:11561
5883,train,cub:11565
5884,train,cub:11569
5885,train,cub:11572
5886,train,cub:11573
5888,train,cub:11580
5889,train,cub:11582
5890,train,cub:11584
5892,train,cub:11589
5893,train,cub:11590
5894,train,cub:11591
5896,train,cub:11596
5897,train,cub:11598
5898,train,cub:11599
5901,train,cub:11605
5902,train,cub:11606
5903,train,cub:11607
5904,train,cub:11610
5905,train,cub:11612
5906,train,cub:11613
5907,train,cub:11614
5909,train,cub:11617
5913,train,cub:11623
5914,train,cub:11624
5915,train,cub:11626
5916,train,cub:11627
5917,train,cub:11633
5918,train,cub:11634
5919,train,cub:11635
5920,train,cub:11636
5921,train,cub:11640
5922,train,cub:11642
5923,train,cub:11643
5924,train,cub:11647
5925,train,cub:11652
5926,train,cub:11655
5927,train,cub:11657
5928,train,cub:11660
5929,train,cub:11663
5930,train,cub:11664
5933,train,cub:11668
5934,train,cub:11669
5936,train,cub:11677
5937,train,cub:11681
5939,train,cub:11685
5940,train,cub:11686
5942,train,cub:11690
5943,train,cub:11691
5944,train,cub:11694
5945,train,cub:11696
5946,train,cub:11697
5947,train,cub:11698
5948,train,cub:11702
5949,train,cub:11703
5951,train,cub:11706
5952,train,cub:11708
5953,train,cub:11710
5954,train,cub:11715
5955,train,cub:11716
5956,train,cub:11717
5957,train,cub:11718
5959,train,cub:11721
5961,train,cub:11724
5962,train,cub:11726
5963,train,cub:11728
5964,train,cub:11731
5965,train,cub:11732
5966,train,cub:11734
5968,train,cub:11738
5969,train,cub:11739
5970,train,cub:11743
5971,train,cub:11746
5972,train,cub:11748
5975,train,cub:11753
5976,train,cub:11754
5977,train,cub:11755
5979,train,cub:11759
5980,train,cub:11760
5981,train,cub:11762
5982,train,cub:11763
5983,train,cub:11765
5984,train,cub:11767
5985,train,cub:11770
5986,train,cub:11772
5988,train,cub:11776
5989,train,cub:11778
5991,train,cub:11782
5992,train,cub:11784
5993,train,cub:11787
2,heldout,cub:5
15,heldout,cub:35
20,heldout,cub:42
22,heldout,cub:46
24,heldout,cub:51
28,heldout,cub:58
32,heldout,cub:66
36,heldout,cub:73
41,heldout,cub:80
48,heldout,cub:99
51,heldout,cub:105
53,heldout,cub:110
65,heldout,cub:127
71,heldout,cub:140
72,heldout,cub:141
74,heldout,cub:143
75,heldout,cub:145
79,heldout,cub:153
101,heldout,cub:203
104,heldout,cub:209
106,heldout,cub:215
109,heldout,cub:220
113,heldout,cub:225
119,heldout,cub:238
125,heldout,cub:248
126,heldout,cub:249
130,heldout,cub:256
132,heldout,cub:258
133,heldout,cub:261
137,heldout,cub:266
156,heldout,cub:290
161,heldout,cub:296
162,heldout,cub:297
164,heldout,cub:301
172,heldout,cub:316
175,heldout,cub:319
180,heldout,cub:324
190,heldout,cub:338
192,heldout,cub:341
196,heldout,cub:349
204,heldout,cub:366
206,heldout,cub:368
218,heldout,cub:393
219,heldout,cub:395
222,heldout,cub:398
229,heldout,cub:406
230,heldout,cub:409
237,heldout,cub:418
248,heldout,cub:437
253,heldout,cub:456
254,heldout,cub:460
261,heldout,cub:470
264,heldout,cub:476
266,heldout,cub:478
273,heldout,cub:489
275,heldout,cub:491
276,heldout,cub:495
278,heldout,cub:497
282,heldout,cub:505
286,heldout,cub:518
301,heldout,cub:545
315,heldout,cub:574
316,heldout,cub:575
325,heldout,cub:596
326,heldout,cub:598
327,heldout,cub:599
332,heldout,cub:607
340,heldout,cub:621
341,heldout,cub:625
354,heldout,cub:647
355,heldout,cub:648
357,heldout,cub:653
361,heldout,cub:662
364,heldout,cub:667
370,heldout,cub:677
372,heldout,cub:680
382,heldout,cub:706
386,heldout,cub:715
393,heldout,cub:727
397,heldout,cub:733
400,heldout,cub:736
408,heldout,cub:754
413,heldout,cub:762
418,heldout,cub:776
426,heldout,cub:790
427,heldout,cub:791
432,heldout,cub:801
437,heldout,cub:813
440,heldout,cub:818
447,heldout,cub:834
450,heldout,cub:841
457,heldout,cub:859
458,heldout,cub:860
465,heldout,cub:870
474,heldout,cub:884
477,heldout,cub:891
483,heldout,cub:906
494,heldout,cub:926
497,heldout,cub:929
500,heldout,cub:935
504,heldout,cub:943
505,heldout,cub:946
511,heldout,cub:955
525,heldout,cub:979
527,heldout,cub:981
533,heldout,cub:988
535,heldout,cub:990
539,heldout,cub:995
541,heldout,cub:1002
546,heldout,cub:1015
550,heldout,cub:1022
551,heldout,cub:1023
552,heldout,cub:1024
560,heldout,cub:1040
571,heldout,cub:1059
574,heldout,cub:1067
576,heldout,cub:1073
580,heldout,cub:1080
596,heldout,cub:1112
599,heldout,cub:1115
600,heldout,cub:1120
617,heldout,cub:1149
618,heldout,cub:1151
623,heldout,cub:1163
625,heldout,cub:1166
628,heldout,cub:1173
630,heldout,cub:1181
635,heldout,cub:1188
637,heldout,cub:1191
640,heldout,cub:1197
658,heldout,cub:1229
659,heldout,cub:1231
661,heldout,cub:1233
663,heldout,cub:1238
674,heldout,cub:1256
676,heldout,cub:1260
679,heldout,cub:1274
684,heldout,cub:1280
690,heldout,cub:1291
697,heldout,cub:1303
705,heldout,cub:1318
707,heldout,cub:1322
709,heldout,cub:1326
717,heldout,cub:1337
721,heldout,cub:1344
729,heldout,cub:1360
734,heldout,cub:1366
737,heldout,cub:1370
744,heldout,cub:1383
745,heldout,cub:1384
753,heldout,cub:1406
756,heldout,cub:1414
761,heldout,cub:1426
772,heldout,cub:1452
773,heldout,cub:1453
777,heldout,cub:1459
782,heldout,cub:1466
783,heldout,cub:1468
784,heldout,cub:1469
791,heldout,cub:1486
803,heldout,cub:1510
806,heldout,cub:1514
811,heldout,cub:1527
812,heldout,cub:1528
828,heldout,cub:1562
830,heldout,cub:1565
837,heldout,cub:1578
839,heldout,cub:1581
842,heldout,cub:1585
850,heldout,cub:1595
851,heldout,cub:1598
853,heldout,cub:1601
861,heldout,cub:1622
862,heldout,cub:1623
875,heldout,cub:1654
887,heldout,cub:1677
888,heldout,cub:1680
889,heldout,cub:1681
895,heldout,cub:1689
897,heldout,cub:1691
903,heldout,cub:1707
905,heldout,cub:1711
914,heldout,cub:1731
917,heldout,cub:1735
923,heldout,cub:1749
925,heldout,cub:1752
936,heldout,cub:1769
939,heldout,cub:1773
946,heldout,cub:1789
949,heldout,cub:1794
951,heldout,cub:1801
953,heldout,cub:1803
962,heldout,cub:1818
966,heldout,cub:1824
973,heldout,cub:1835
976,heldout,cub:1841
981,heldout,cub:1854
986,heldout,cub:1864
990,heldout,cub:1875
993,heldout,cub:1879
1008,heldout,cub:1911
1010,heldout,cub:1914
1011,heldout,cub:1918
1016,heldout,cub:1928
1022,heldout,cub:1936
1029,heldout,cub:1953
1039,heldout,cub:1974
1040,heldout,cub:1975
1042,heldout,cub:1978
1048,heldout,cub:1991
1051,heldout,cub:1998
1054,heldout,cub:2003
1057,heldout,cub:2011
1058,heldout,cub:2012
1059,heldout,cub:2013
1070,heldout,cub:2036
1080,heldout,cub:2053
1083,heldout,cub:2056
1085,heldout,cub:2061
1089,heldout,cub:2069
1106,heldout,cub:2103
1108,heldout,cub:2106
1116,heldout,cub:2121
1117,heldout,cub:2122
1123,heldout,cub:2137
1127,heldout,cub:2147
1129,heldout,cub:2151
1139,heldout,cub:2169
1140,heldout,cub:2172
1145,heldout,cub:2177
1147,heldout,cub:2181
1159,heldout,cub:2208
1161,heldout,cub:2214
1169,heldout,cub:2228
1174,heldout,cub:2238
1184,heldout,cub:2254
1186,heldout,cub:2259
1187,heldout,cub:2261
1191,heldout,cub:2267
1197,heldout,cub:2279
1209,heldout,cub:2317
1212,heldout,cub:2324
1213,heldout,cub:2325
1214,heldout,cub:2326
1215,heldout,cub:2332
1224,heldout,cub:2344
1238,heldout,cub:2373
1240,heldout,cub:2378
1246,heldout,cub:2388
1248,heldout,cub:2392
1257,heldout,cub:2406
1258,heldout,cub:2407
1266,heldout,cub:2424
1268,heldout,cub:2426
1270,heldout,cub:2429
1276,heldout,cub:2443
1280,heldout,cub:2449
1288,heldout,cub:2467
1291,heldout,cub:2477
1294,heldout,cub:2480
1303,heldout,cub:2509
1308,heldout,cub:2516
1311,heldout,cub:2519
1319,heldout,cub:2529
1321,heldout,cub:2533
1332,heldout,cub:2550
1334,heldout,cub:2555
1336,heldout,cub:2560
1343,heldout,cub:2568
1348,heldout,cub:2586
1350,heldout,cub:2591
1354,heldout,cub:2598
1359,heldout,cub:2612
1366,heldout,cub:2626
1367,heldout,cub:2629
1375,heldout,cub:2643
1392,heldout,cub:2679
1393,heldout,cub:2682
1394,heldout,cub:2683
1395,heldout,cub:2684
1398,heldout,cub:2688
1406,heldout,cub:2702
1412,heldout,cub:2719
1415,heldout,cub:2722
1420,heldout,cub:2729
1421,heldout,cub:2732
1423,heldout,cub:2739
1437,heldout,cub:2759
1443,heldout,cub:2777
1446,heldout,cub:2786
1451,heldout,cub:2794
1460,heldout,cub:2815
1462,heldout,cub:2817
1463,heldout,cub:2819
1473,heldout,cub:2840
1474,heldout,cub:2841
1487,heldout,cub:2864
1491,heldout,cub:2872
1497,heldout,cub:2886
1498,heldout,cub:2888
1506,heldout,cub:2903
1512,heldout,cub:2914
1515,heldout,cub:2925
1519,heldout,cub:2931
1520,heldout,cub:2932
1521,heldout,cub:2933
1530,heldout,cub:2950
1538,heldout,cub:2966
1545,heldout,cub:2980
1550,heldout,cub:2990
1552,heldout,cub:2996
1556,heldout,cub:3002
1564,heldout,cub:3020
1565,heldout,cub:3023
1570,heldout,cub:3030
1577,heldout,cub:3041
1580,heldout,cub:3044
1581,heldout,cub:3046
1591,heldout,cub:3073
1592,heldout,cub:3077
1594,heldout,cub:3082
1597,heldout,cub:3088
1598,heldout,cub:3089
1619,heldout,cub:3126
1620,heldout,cub:3132
1625,heldout,cub:3143
1627,heldout,cub:3147
1638,heldout,cub:3167
1641,heldout,cub:3175
1643,heldout,cub:3178
1656,heldout,cub:3203
1658,heldout,cub:3207
1660,heldout,cub:3209
1664,heldout,cub:3214
1671,heldout,cub:3234
1675,heldout,cub:3238
1685,heldout,cub:3263
1686,heldout,cub:3265
1690,heldout,cub:3271
1707,heldout,cub:3306
1708,heldout,cub:3308
1709,heldout,cub:3309
1712,heldout,cub:3314
1715,heldout,cub:3324
1716,heldout,cub:3325
1719,heldout,cub:3334
1725,heldout,cub:3340
1738,heldout,cub:3365
1740,heldout,cub:3369
1746,heldout,cub:3381
1754,heldout,cub:3395
1757,heldout,cub:3398
1758,heldout,cub:3401
1766,heldout,cub:3424
1782,heldout,cub:3456
1783,heldout,cub:3458
1784,heldout,cub:3459
1790,heldout,cub:3467
1798,heldout,cub:3484
1799,heldout,cub:3486
1803,heldout,cub:3498
1804,heldout,cub:3501
1806,heldout,cub:3503
1809,heldout,cub:3507
1810,heldout,cub:3508
1821,heldout,cub:3533
1835,heldout,cub:3560
1837,heldout,cub:3563
1839,heldout,cub:3565
1849,heldout,cub:3587
1851,heldout,cub:3589
1856,heldout,cub:3599
1861,heldout,cub:3609
1863,heldout,cub:3611
1866,heldout,cub:3616
1867,heldout,cub:3617
1873,heldout,cub:3629
1877,heldout,cub:3637
1891,heldout,cub:3671
1894,heldout,cub:3675
1896,heldout,cub:3678
1902,heldout,cub:3693
1906,heldout,cub:3700
1907,heldout,cub:3701
1923,heldout,cub:3734
1931,heldout,cub:3746
1940,heldout,cub:3762
1943,heldout,cub:3769
1946,heldout,cub:3773
1947,heldout,cub:3774
1955,heldout,cub:3786
1958,heldout,cub:3792
1959,heldout,cub:3794
1961,heldout,cub:3799
1962,heldout,cub:3801
1967,heldout,cub:3810
1984,heldout,cub:3848
1994,heldout,cub:3865
1996,heldout,cub:3867
2000,heldout,cub:3873
2004,heldout,cub:3889
2005,heldout,cub:3890
2011,heldout,cub:3901
2015,heldout,cub:3906
2019,heldout,cub:3915
2020,heldout,cub:3916
2023,heldout,cub:3922
2038,heldout,cub:3955
2045,heldout,cub:3966
2046,heldout,cub:3967
2061,heldout,cub:4003
2067,heldout,cub:4012
2068,heldout,cub:4015
2069,heldout,cub:4016
2086,heldout,cub:4049
2087,heldout,cub:4055
2089,heldout,cub:4060
2092,heldout,cub:4067
2095,heldout,cub:4071
2098,heldout,cub:4075
2101,heldout,cub:4079
2104,heldout,cub:4091
2108,heldout,cub:4096
2115,heldout,cub:4112
2120,heldout,cub:4122
2127,heldout,cub:4133
2134,heldout,cub:4147
2135,heldout,cub:4149
2136,heldout,cub:4154
2144,heldout,cub:4164
2145,heldout,cub:4165
2154,heldout,cub:4184
2160,heldout,cub:4197
2168,heldout,cub:4216
2175,heldout,cub:4232
2177,heldout,cub:4234
2179,heldout,cub:4238
2180,heldout,cub:4239
2193,heldout,cub:4263
2195,heldout,cub:4267
2198,heldout,cub:4271
2209,heldout,cub:4290
2213,heldout,cub:4299
2218,heldout,cub:4309
2221,heldout,cub:4321
2222,heldout,cub:4324
2226,heldout,cub:4329
2238,heldout,cub:4350
2245,heldout,cub:4361
2248,heldout,cub:4369
2250,heldout,cub:4374
2257,heldout,cub:4392
2260,heldout,cub:4401
2266,heldout,cub:4414
2273,heldout,cub:4424
2276,heldout,cub:4428
2280,heldout,cub:4434
2295,heldout,cub:4459
2296,heldout,cub:4465
2298,heldout,cub:4473
2304,heldout,cub:4483
2305,heldout,cub:4484
2311,heldout,cub:4495
2316,heldout,cub:4511
2318,heldout,cub:4518
2319,heldout,cub:4519
2325,heldout,cub:4528
2332,heldout,cub:4541
2354,heldout,cub:4570
2355,heldout,cub:4572
2359,heldout,cub:4578
2361,heldout,cub:4581
2366,heldout,cub:4607
2369,heldout,cub:4612
2375,heldout,cub:4621
2379,heldout,cub:4629
2381,heldout,cub:4632
2386,heldout,cub:4646
2387,heldout,cub:4647
2389,heldout,cub:4654
2406,heldout,cub:4688
2408,heldout,cub:4692
2410,heldout,cub:4695
2411,heldout,cub:4699
2417,heldout,cub:4708
2427,heldout,cub:4726
2433,heldout,cub:4743
2442,heldout,cub:4762
2444,heldout,cub:4765
2456,heldout,cub:4786
2458,heldout,cub:4790
2459,heldout,cub:4792
2460,heldout,cub:4794
2461,heldout,cub:4799
2467,heldout,cub:4809
2468,heldout,cub:4810
2485,heldout,cub:4848
2487,heldout,cub:4850
2498,heldout,cub:4868
2502,heldout,cub:4876
2504,heldout,cub:4878
2505,heldout,cub:4880
2509,heldout,cub:4887
2516,heldout,cub:4898
2530,heldout,cub:4933
2531,heldout,cub:4935
2535,heldout,cub:4945
2538,heldout,cub:4948
2539,heldout,cub:4950
2547,heldout,cub:4959
2558,heldout,cub:4988
2563,heldout,cub:5000
2565,heldout,cub:5003
2572,heldout,cub:5016
2577,heldout,cub:5022
2579,heldout,cub:5024
2582,heldout,cub:5033
2587,heldout,cub:5040
2592,heldout,cub:5048
2595,heldout,cub:5053
2601,heldout,cub:5067
2608,heldout,cub:5080
2610,heldout,cub:5086
2613,heldout,cub:5089
2621,heldout,cub:5112
2625,heldout,cub:5121
2626,heldout,cub:5123
2633,heldout,cub:5135
2640,heldout,cub:5147
2643,heldout,cub:5151
2644,heldout,cub:5152
2650,heldout,cub:5162
2654,heldout,cub:5170
2661,heldout,cub:5180
2671,heldout,cub:5208
2674,heldout,cub:5212
2684,heldout,cub:5237
2686,heldout,cub:5241
2691,heldout,cub:5249
2697,heldout,cub:5261
2701,heldout,cub:5268
2703,heldout,cub:5270
2715,heldout,cub:5294
2720,heldout,cub:5303
2722,heldout,cub:5305
2728,heldout,cub:5322
2731,heldout,cub:5333
2736,heldout,cub:5342
2744,heldout,cub:5357
2755,heldout,cub:5375
2756,heldout,cub:5378
2757,heldout,cub:5381
2760,heldout,cub:5392
2767,heldout,cub:5401
2773,heldout,cub:5416
2776,heldout,cub:5419
2779,heldout,cub:5425
2783,heldout,cub:5433
2792,heldout,cub:5454
2801,heldout,cub:5467
2803,heldout,cub:5472
2813,heldout,cub:5493
2814,heldout,cub:5495
2819,heldout,cub:5504
2823,heldout,cub:5513
2827,heldout,cub:5518
2829,heldout,cub:5523
2832,heldout,cub:5534
2840,heldout,cub:5556
2843,heldout,cub:5559
2853,heldout,cub:5579
2856,heldout,cub:5583
2870,heldout,cub:5604
2872,heldout,cub:5607
2874,heldout,cub:5611
2875,heldout,cub:5612
2882,heldout,cub:5630
2898,heldout,cub:5663
2899,heldout,cub:5666
2901,heldout,cub:5671
2903,heldout,cub:5674
2907,heldout,cub:5680
2911,heldout,cub:5689
2914,heldout,cub:5695
2919,heldout,cub:5702
2925,heldout,cub:5713
2926,heldout,cub:5716
2928,heldout,cub:5720
2944,heldout,cub:5756
2947,heldout,cub:5762
2949,heldout,cub:5765
2950,heldout,cub:5770
2967,heldout,cub:5802
2969,heldout,cub:5804
2970,heldout,cub:5811
2981,heldout,cub:5831
2982,heldout,cub:5832
2988,heldout,cub:5840
2991,heldout,cub:5844
2997,heldout,cub:5857
3004,heldout,cub:5875
3005,heldout,cub:5876
3022,heldout,cub:5902
3026,heldout,cub:5910
3027,heldout,cub:5912
3028,heldout,cub:5913
3030,heldout,cub:5916
3032,heldout,cub:5922
3037,heldout,cub:5935
3038,heldout,cub:5937
3039,heldout,cub:5939
3050,heldout,cub:5958
3061,heldout,cub:5979
3072,heldout,cub:6003
3073,heldout,cub:6004
3081,heldout,cub:6022
3086,heldout,cub:6027
3088,heldout,cub:6031
3095,heldout,cub:6042
3098,heldout,cub:6046
3104,heldout,cub:6061
3113,heldout,cub:6080
3115,heldout,cub:6082
3119,heldout,cub:6094
3125,heldout,cub:6103
3129,heldout,cub:6111
3130,heldout,cub:6117
3140,heldout,cub:6131
3145,heldout,cub:6137
3147,heldout,cub:6140
3152,heldout,cub:6149
3154,heldout,cub:6154
3156,heldout,cub:6166
3161,heldout,cub:6172
3165,heldout,cub:6179
3174,heldout,cub:6189
3183,heldout,cub:6216
3184,heldout,cub:6218
3185,heldout,cub:6219
3192,heldout,cub:6235
3194,heldout,cub:6238
3202,heldout,cub:6249
3211,heldout,cub:6267
3213,heldout,cub:6273
3215,heldout,cub:6277
3216,heldout,cub:6280
3219,heldout,cub:6287
3226,heldout,cub:6296
3240,heldout,cub:6326
3243,heldout,cub:6335
3246,heldout,cub:6338
3250,heldout,cub:6348
3265,heldout,cub:6372
3267,heldout,cub:6377
3272,heldout,cub:6388
3276,heldout,cub:6393
3279,heldout,cub:6399
3286,heldout,cub:6416
3290,heldout,cub:6423
3291,heldout,cub:6427
3307,heldout,cub:6458
3309,heldout,cub:6461
3311,heldout,cub:6464
3314,heldout,cub:6471
3315,heldout,cub:6475
3323,heldout,cub:6489
3338,heldout,cub:6520
3344,heldout,cub:6534
3347,heldout,cub:6538
3350,heldout,cub:6543
3355,heldout,cub:6555
3357,heldout,cub:6560
3366,heldout,cub:6572
3374,heldout,cub:6590
3376,heldout,cub:6592
3377,heldout,cub:6597
3383,heldout,cub:6605
3386,heldout,cub:6610
3389,heldout,cub:6614
3396,heldout,cub:6632
3403,heldout,cub:6641
3406,heldout,cub:6649
3413,heldout,cub:6663
3417,heldout,cub:6668
3421,heldout,cub:6676
3428,heldout,cub:6686
3433,heldout,cub:6698
3441,heldout,cub:6715
3442,heldout,cub:6721
3447,heldout,cub:6729
3453,heldout,cub:6741
3457,heldout,cub:6752
3459,heldout,cub:6754
3464,heldout,cub:6764
3471,heldout,cub:6775
3473,heldout,cub:6777
3485,heldout,cub:6805
3487,heldout,cub:6810
3494,heldout,cub:6821
3496,heldout,cub:6823
3498,heldout,cub:6828
3503,heldout,cub:6838
3514,heldout,cub:6864
3518,heldout,cub:6873
3520,heldout,cub:6876
3527,heldout,cub:6886
3534,heldout,cub:6899
3537,heldout,cub:6907
3539,heldout,cub:6914
3542,heldout,cub:6918
3551,heldout,cub:6934
3552,heldout,cub:6935
3553,heldout,cub:6937
3556,heldout,cub:6944
3574,heldout,cub:6984
3576,heldout,cub:6986
3587,heldout,cub:7003
3590,heldout,cub:7008
3591,heldout,cub:7014
3596,heldout,cub:7024
3605,heldout,cub:7045
3606,heldout,cub:7046
3607,heldout,cub:7049
3610,heldout,cub:7053
3613,heldout,cub:7059
3617,heldout,cub:7071
3629,heldout,cub:7090
3634,heldout,cub:7101
3635,heldout,cub:7103
3637,heldout,cub:7107
3640,heldout,cub:7111
3652,heldout,cub:7141
3660,heldout,cub:7152
3665,heldout,cub:7161
3667,heldout,cub:7164
3671,heldout,cub:7178
3681,heldout,cub:7197
3685,heldout,cub:7203
3695,heldout,cub:7220
3698,heldout,cub:7229
3703,heldout,cub:7235
3705,heldout,cub:7243
3706,heldout,cub:7245
3713,heldout,cub:7260
3720,heldout,cub:7272
3727,heldout,cub:7287
3728,heldout,cub:7288
3729,heldout,cub:7290
3743,heldout,cub:7320
3744,heldout,cub:7322
3753,heldout,cub:7336
3756,heldout,cub:7343
3758,heldout,cub:7348
3760,heldout,cub:7359
3775,heldout,cub:7380
3781,heldout,cub:7397
3785,heldout,cub:7406
3803,heldout,cub:7437
3804,heldout,cub:7438
3806,heldout,cub:7444
3807,heldout,cub:7445
3808,heldout,cub:7448
3825,heldout,cub:7482
3829,heldout,cub:7490
3832,heldout,cub:7495
3833,heldout,cub:7496
3835,heldout,cub:7501
3838,heldout,cub:7508
3839,heldout,cub:7513
3840,heldout,cub:7514
3859,heldout,cub:7549
3860,heldout,cub:7551
3867,heldout,cub:7566
3871,heldout,cub:7570
3880,heldout,cub:7592
3881,heldout,cub:7594
3882,heldout,cub:7595
3886,heldout,cub:7604
3896,heldout,cub:7624
3899,heldout,cub:7628
3900,heldout,cub:7632
3908,heldout,cub:7648
3916,heldout,cub:7662
3924,heldout,cub:7678
3927,heldout,cub:7686
3931,heldout,cub:7691
3933,heldout,cub:7695
3938,heldout,cub:7702
3939,heldout,cub:7703
3947,heldout,cub:7717
3951,heldout,cub:7729
3964,heldout,cub:7760
3968,heldout,cub:7765
3971,heldout,cub:7770
3975,heldout,cub:7780
3976,heldout,cub:7784
3983,heldout,cub:7797
3988,heldout,cub:7810
3998,heldout,cub:7827
4006,heldout,cub:7838
4010,heldout,cub:7845
4011,heldout,cub:7846
4012,heldout,cub:7847
4019,heldout,cub:7868
4020,heldout,cub:7869
4032,heldout,cub:7886
4035,heldout,cub:7896
4041,heldout,cub:7910
4042,heldout,cub:7911
4050,heldout,cub:7935
4057,heldout,cub:7945
4060,heldout,cub:7954
4061,heldout,cub:7957
4070,heldout,cub:7969
4076,heldout,cub:7983
4077,heldout,cub:7988
4088,heldout,cub:8008
4089,heldout,cub:8010
4092,heldout,cub:8016
4095,heldout,cub:8020
4101,heldout,cub:8035
4114,heldout,cub:8060
4116,heldout,cub:8064
4122,heldout,cub:8075
4130,heldout,cub:8094
4135,heldout,cub:8103
4136,heldout,cub:8104
4139,heldout,cub:8112
4144,heldout,cub:8117
4146,heldout,cub:8121
4157,heldout,cub:8144
4160,heldout,cub:8147
4163,heldout,cub:8158
4171,heldout,cub:8177
4173,heldout,cub:8179
4174,heldout,cub:8180
4181,heldout,cub:8194
4189,heldout,cub:8209
4196,heldout,cub:8221
4198,heldout,cub:8229
4200,heldout,cub:8231
4201,heldout,cub:8233
4215,heldout,cub:8263
4219,heldout,cub:8269
4225,heldout,cub:8281
4226,heldout,cub:8286
4227,heldout,cub:8287
4231,heldout,cub:8291
4238,heldout,cub:8302
4240,heldout,cub:8305
4249,heldout,cub:8335
4261,heldout,cub:8361
4264,heldout,cub:8368
4273,heldout,cub:8379
4276,heldout,cub:8385
4282,heldout,cub:8400
4285,heldout,cub:8403
4297,heldout,cub:8422
4301,heldout,cub:8431
4303,heldout,cub:8436
4305,heldout,cub:8441
4309,heldout,cub:8452
4315,heldout,cub:8462
4318,heldout,cub:8471
4324,heldout,cub:8483
4327,heldout,cub:8491
4330,heldout,cub:8498
4332,heldout,cub:8500
4334,heldout,cub:8510
4346,heldout,cub:8526
4358,heldout,cub:8550
4360,heldout,cub:8553
4361,heldout,cub:8556
4367,heldout,cub:8567
4369,heldout,cub:8569
4378,heldout,cub:8587
4383,heldout,cub:8598
4385,heldout,cub:8602
4386,heldout,cub:8603
4396,heldout,cub:8625
4398,heldout,cub:8632
4410,heldout,cub:8653
4412,heldout,cub:8657
4417,heldout,cub:8668
4424,heldout,cub:8679
4428,heldout,cub:8687
4429,heldout,cub:8688
4439,heldout,cub:8710
4445,heldout,cub:8721
4446,heldout,cub:8724
4450,heldout,cub:8731
4457,heldout,cub:8745
4461,heldout,cub:8754
4473,heldout,cub:8773
4480,heldout,cub:8792
4481,heldout,cub:8794
4485,heldout,cub:8801
4486,heldout,cub:8804
4493,heldout,cub:8816
4500,heldout,cub:8830
4505,heldout,cub:8836
4511,heldout,cub:8845
4512,heldout,cub:8847
4524,heldout,cub:8870
4525,heldout,cub:8871
4526,heldout,cub:8875
4529,heldout,cub:8881
4530,heldout,cub:8884
4536,heldout,cub:8896
4546,heldout,cub:8915
4554,heldout,cub:8929
4557,heldout,cub:8938
4562,heldout,cub:8948
4565,heldout,cub:8953
4569,heldout,cub:8958
4575,heldout,cub:8970
4576,heldout,cub:8972
4589,heldout,cub:9005
4592,heldout,cub:9014
4596,heldout,cub:9020
4599,heldout,cub:9023
4606,heldout,cub:9032
4608,heldout,cub:9036
4620,heldout,cub:9062
4631,heldout,cub:9086
4639,heldout,cub:9100
4640,heldout,cub:9101
4641,heldout,cub:9104
4643,heldout,cub:9106
4646,heldout,cub:9115
4653,heldout,cub:9123
4654,heldout,cub:9125
4657,heldout,cub:9134
4663,heldout,cub:9146
4668,heldout,cub:9158
4677,heldout,cub:9184
4690,heldout,cub:9206
4691,heldout,cub:9207
4692,heldout,cub:9209
4704,heldout,cub:9227
4705,heldout,cub:9228
4708,heldout,cub:9235
4716,heldout,cub:9253
4721,heldout,cub:9265
4728,heldout,cub:9281
4730,heldout,cub:9284
4733,heldout,cub:9288
4739,heldout,cub:9299
4741,heldout,cub:9302
4746,heldout,cub:9311
4755,heldout,cub:9328
4757,heldout,cub:9332
4759,heldout,cub:9336
4766,heldout,cub:9354
4767,heldout,cub:9357
4775,heldout,cub:9369
4776,heldout,cub:9371
4782,heldout,cub:9382
4785,heldout,cub:9388
4796,heldout,cub:9411
4804,heldout,cub:9427
4816,heldout,cub:9447
4819,heldout,cub:9458
4820,heldout,cub:9460
4825,heldout,cub:9469
4838,heldout,cub:9499
4841,heldout,cub:9503
4842,heldout,cub:9506
4843,heldout,cub:9508
4851,heldout,cub:9521
4855,heldout,cub:9530
4859,heldout,cub:9538
4863,heldout,cub:9545
4866,heldout,cub:9553
4871,heldout,cub:9565
4873,heldout,cub:9570
4884,heldout,cub:9589
4886,heldout,cub:9592
4891,heldout,cub:9605
4895,heldout,cub:9612
4900,heldout,cub:9622
4906,heldout,cub:9630
4915,heldout,cub:9650
4918,heldout,cub:9656
4934,heldout,cub:9685
4939,heldout,cub:9700
4940,heldout,cub:9701
4942,heldout,cub:9704
4944,heldout,cub:9709
4950,heldout,cub:9721
4956,heldout,cub:9731
4960,heldout,cub:9740
4963,heldout,cub:9746
4969,heldout,cub:9753
4975,heldout,cub:9769
4977,heldout,cub:9774
4978,heldout,cub:9779
4980,heldout,cub:9781
4983,heldout,cub:9786
4984,heldout,cub:9788
5003,heldout,cub:9827
5010,heldout,cub:9840
5020,heldout,cub:9859
5021,heldout,cub:9861
5022,heldout,cub:9862
5027,heldout,cub:9874
5029,heldout,cub:9878
5037,heldout,cub:9893
5040,heldout,cub:9898
5044,heldout,cub:9906
5047,heldout,cub:9912
5055,heldout,cub:9933
5062,heldout,cub:9941
5068,heldout,cub:9951
5072,heldout,cub:9956
5079,heldout,cub:9967
5084,heldout,cub:9974
5087,heldout,cub:9979
5091,heldout,cub:10001
5096,heldout,cub:10008
5105,heldout,cub:10020
5110,heldout,cub:10034
5118,heldout,cub:10050
5120,heldout,cub:10053
5125,heldout,cub:10067
5126,heldout,cub:10071
5129,heldout,cub:10074
5132,heldout,cub:10078
5136,heldout,cub:10087
5149,heldout,cub:10117
5153,heldout,cub:10124
5159,heldout,cub:10134
5165,heldout,cub:10149
5171,heldout,cub:10158
5172,heldout,cub:10159
5173,heldout,cub:10160
5174,heldout,cub:10162
5191,heldout,cub:10199
5197,heldout,cub:10208
5198,heldout,cub:10209
5207,heldout,cub:10230
5209,heldout,cub:10237
5212,heldout,cub:10244
5216,heldout,cub:10248
5220,heldout,cub:10255
5228,heldout,cub:10269
5230,heldout,cub:10271
5231,heldout,cub:10273
5245,heldout,cub:10306
5258,heldout,cub:10333
5261,heldout,cub:10340
5270,heldout,cub:10354
5271,heldout,cub:10357
5272,heldout,cub:10360
5275,heldout,cub:10365
5280,heldout,cub:10375
5283,heldout,cub:10379
5284,heldout,cub:10382
5288,heldout,cub:10397
5299,heldout,cub:10413
5305,heldout,cub:10426
5310,heldout,cub:10435
5323,heldout,cub:10459
5327,heldout,cub:10466
5330,heldout,cub:10470
5332,heldout,cub:10476
5333,heldout,cub:10479
5339,heldout,cub:10491
5342,heldout,cub:10497
5344,heldout,cub:10502
5348,heldout,cub:10509
5361,heldout,cub:10533
5365,heldout,cub:10542
5368,heldout,cub:10550
5370,heldout,cub:10553
5375,heldout,cub:10560
5383,heldout,cub:10575
5391,heldout,cub:10593
5393,heldout,cub:10598
5398,heldout,cub:10606
5399,heldout,cub:10607
5407,heldout,cub:10624
5413,heldout,cub:10634
5420,heldout,cub:10651
5425,heldout,cub:10660
5426,heldout,cub:10663
5429,heldout,cub:10674
5431,heldout,cub:10677
5432,heldout,cub:10681
5440,heldout,cub:10693
5449,heldout,cub:10709
5459,heldout,cub:10728
5465,heldout,cub:10741
5471,heldout,cub:10757
5477,heldout,cub:10765
5482,heldout,cub:10774
5485,heldout,cub:10781
5489,heldout,cub:10789
5490,heldout,cub:10790
5492,heldout,cub:10792
5496,heldout,cub:10799
5506,heldout,cub:10818
5512,heldout,cub:10832
5519,heldout,cub:10850
5532,heldout,cub:10877
5533,heldout,cub:10878
5538,heldout,cub:10890
5542,heldout,cub:10896
5544,heldout,cub:10899
5547,heldout,cub:10905
5560,heldout,cub:10939
5565,heldout,cub:10946
5567,heldout,cub:10950
5568,heldout,cub:10953
5575,heldout,cub:10961
5576,heldout,cub:10964
5587,heldout,cub:10980
5589,heldout,cub:10983
5592,heldout,cub:10991
5599,heldout,cub:11000
5601,heldout,cub:11003
5609,heldout,cub:11018
5618,heldout,cub:11034
5619,heldout,cub:11036
5629,heldout,cub:11059
5634,heldout,cub:11069
5635,heldout,cub:11071
5641,heldout,cub:11082
5648,heldout,cub:11090
5654,heldout,cub:11101
5658,heldout,cub:11109
5659,heldout,cub:11112
5665,heldout,cub:11129
5667,heldout,cub:11134
5668,heldout,cub:11135
5669,heldout,cub:11139
5680,heldout,cub:11157
5686,heldout,cub:11174
5694,heldout,cub:11189
5695,heldout,cub:11193
5696,heldout,cub:11195
5706,heldout,cub:11218
5709,heldout,cub:11221
5714,heldout,cub:11232
5723,heldout,cub:11244
5725,heldout,cub:11251
5738,heldout,cub:11279
5741,heldout,cub:11286
5745,heldout,cub:11293
5748,heldout,cub:11299
5751,heldout,cub:11303
5761,heldout,cub:11324
5762,heldout,cub:11326
5768,heldout,cub:11341
5776,heldout,cub:11356
5779,heldout,cub:11360
5781,heldout,cub:11364
5789,heldout,cub:11385
5792,heldout,cub:11390
5798,heldout,cub:11401
5808,heldout,cub:11421
5810,heldout,cub:11424
5812,heldout,cub:11426
5819,heldout,cub:11439
5822,heldout,cub:11443
5826,heldout,cub:11451
5832,heldout,cub:11465
5837,heldout,cub:11474
5840,heldout,cub:11480
5848,heldout,cub:11493
5852,heldout,cub:11507
5856,heldout,cub:11511
5859,heldout,cub:11517
5871,heldout,cub:11545
5873,heldout,cub:11548
5875,heldout,cub:11553
5887,heldout,cub:11579
5891,heldout,cub:11585
5895,heldout,cub:11594
5899,heldout,cub:11601
5900,heldout,cub:11604
5908,heldout,cub:11616
5910,heldout,cub:11619
5911,heldout,cub:11621
5912,heldout,cub:11622
5931,heldout,cub:11666
5932,heldout,cub:11667
5935,heldout,cub:11671
5938,heldout,cub:11682
5941,heldout,cub:11688
5950,heldout,cub:11705
5958,heldout,cub:11719
5960,heldout,cub:11722
5967,heldout,cub:11736
5973,heldout,cub:11750
5974,heldout,cub:11752
5978,heldout,cub:11758
5987,heldout,cub:11774
5990,heldout,cub:11781
