dataset_index,partition,sample_id
0,train,cub:2
2,train,cub:5
4,train,cub:8
5,train,cub:9
6,train,cub:11
7,train,cub:15
9,train,cub:20
10,train,cub:21
12,train,cub:30
14,train,cub:32
15,train,cub:35
16,train,cub:36
17,train,cub:37
18,train,cub:40
19,train,cub:41
20,train,cub:42
21,train,cub:43
22,train,cub:46
23,train,cub:49
24,train,cub:51
25,train,cub:53
26,train,cub:55
28,train,cub:58
29,train,cub:60
30,train,cub:62
31,train,cub:64
32,train,cub:66
33,train,cub:67
35,train,cub:72
36,train,cub:73
37,train,cub:74
39,train,cub:77
40,train,cub:78
41,train,cub:80
43,train,cub:84
44,train,cub:86
46,train,cub:96
47,train,cub:97
48,train,cub:99
49,train,cub:102
50,train,cub:104
51,train,cub:105
52,train,cub:109
53,train,cub:110
54,train,cub:111
57,train,cub:116
58,train,cub:117
59,train,cub:120
60,train,cub:121
61,train,cub:122
62,train,cub:123
63,train,cub:124
64,train,cub:125
65,train,cub:127
66,train,cub:128
67,train,cub:131
69,train,cub:137
70,train,cub:138
71,train,cub:140
72,train,cub:141
74,train,cub:143
75,train,cub:145
76,train,cub:148
77,train,cub:151
78,train,cub:152
79,train,cub:153
80,train,cub:158
82,train,cub:160
85,train,cub:168
87,train,cub:174
88,train,cub:176
89,train,cub:177
90,train,cub:181
91,train,cub:182
92,train,cub:184
93,train,cub:187
95,train,cub:189
96,train,cub:194
98,train,cub:196
99,train,cub:197
100,train,cub:202
101,train,cub:203
102,train,cub:204
103,train,cub:206
104,train,cub:209
105,train,cub:213
106,train,cub:215
107,train,cub:216
108,train,cub:218
109,train,cub:220
110,train,cub:221
111,train,cub:222
112,train,cub:224
113,train,cub:225
114,train,cub:227
119,train,cub:238
120,train,cub:241
121,train,cub:242
123,train,cub:245
124,train,cub:247
125,train,cub:248
126,train,cub:249
130,train,cub:256
132,train,cub:258
133,train,cub:261
134,train,cub:262
135,train,cub:263
136,train,cub:264
137,train,cub:266
138,train,cub:267
139,train,cub:268
141,train,cub:270
142,train,cub:272
143,train,cub:273
144,train,cub:274
145,train,cub:275
146,train,cub:276
147,train,cub:278
148,train,cub:280
149,train,cub:281
151,train,cub:284
152,train,cub:285
154,train,cub:288
155,train,cub:289
156,train,cub:290
157,train,cub:291
158,train,cub:293
159,train,cub:294
160,train,cub:295
161,train,cub:296
162,train,cub:297
164,train,cub:301
165,train,cub:302
166,train,cub:303
168,train,cub:306
169,train,cub:307
170,train,cub:310
171,train,cub:313
172,train,cub:316
174,train,cub:318
175,train,cub:319
177,train,cub:321
178,train,cub:322
179,train,cub:323
180,train,cub:324
181,train,cub:326
182,train,cub:327
183,train,cub:328
186,train,cub:333
190,train,cub:338
191,train,cub:339
192,train,cub:341
193,train,cub:342
194,train,cub:345
195,train,cub:347
196,train,cub:349
197,train,cub:353
198,train,cub:355
200,train,cub:359
201,train,cub:361
202,train,cub:362
203,train,cub:364
204,train,cub:366
205,train,cub:367
206,train,cub:368
207,train,cub:374
208,train,cub:375
209,train,cub:376
210,train,cub:377
212,train,cub:379
213,train,cub:380
215,train,cub:388
216,train,cub:390
218,train,cub:393
219,train,cub:395
221,train,cub:397
222,train,cub:398
223,train,cub:399
224,train,cub:400
225,train,cub:401
227,train,cub:403
228,train,cub:404
229,train,cub:406
230,train,cub:409
231,train,cub:411
232,train,cub:413
233,train,cub:414
234,train,cub:415
235,train,cub:416
236,train,cub:417
237,train,cub:418
238,train,cub:421
241,train,cub:427
243,train,cub:429
244,train,cub:431
245,train,cub:432
246,train,cub:433
247,train,cub:436
248,train,cub:437
250,train,cub:444
251,train,cub:446
253,train,cub:456
254,train,cub:460
255,train,cub:461
256,train,cub:464
257,train,cub:465
258,train,cub:466
260,train,cub:469
261,train,cub:470
262,train,cub:471
263,train,cub:474
264,train,cub:476
265,train,cub:477
266,train,cub:478
267,train,cub:479
269,train,cub:482
273,train,cub:489
274,train,cub:490
275,train,cub:491
276,train,cub:495
277,train,cub:496
278,train,cub:497
279,train,cub:500
281,train,cub:504
282,train,cub:505
283,train,cub:507
284,train,cub:511
285,train,cub:515
286,train,cub:518
288,train,cub:523
289,train,cub:524
290,train,cub:527
291,train,cub:529
292,train,cub:530
293,train,cub:531
294,train,cub:533
296,train,cub:537
297,train,cub:539
298,train,cub:541
299,train,cub:542
300,train,cub:544
301,train,cub:545
302,train,cub:547
303,train,cub:549
304,train,cub:552
305,train,cub:554
307,train,cub:557
308,train,cub:559
309,train,cub:561
312,train,cub:566
313,train,cub:568
315,train,cub:574
316,train,cub:575
317,train,cub:576
318,train,cub:577
319,train,cub:581
321,train,cub:588
322,train,cub:591
323,train,cub:593
324,train,cub:595
325,train,cub:596
326,train,cub:598
327,train,cub:599
328,train,cub:600
330,train,cub:605
331,train,cub:606
332,train,cub:607
334,train,cub:612
335,train,cub:613
336,train,cub:614
337,train,cub:617
338,train,cub:619
339,train,cub:620
340,train,cub:621
341,train,cub:625
344,train,cub:629
345,train,cub:630
346,train,cub:631
347,train,cub:633
348,train,cub:635
349,train,cub:636
351,train,cub:641
352,train,cub:642
353,train,cub:645
354,train,cub:647
355,train,cub:648
357,train,cub:653
359,train,cub:657
361,train,cub:662
362,train,cub:663
363,train,cub:666
364,train,cub:667
365,train,cub:668
366,train,cub:669
367,train,cub:670
369,train,cub:672
370,train,cub:677
371,train,cub:678
372,train,cub:680
373,train,cub:682
375,train,cub:690
376,train,cub:691
377,train,cub:693
378,train,cub:694
379,train,cub:699
381,train,cub:702
382,train,cub:706
384,train,cub:712
385,train,cub:713
386,train,cub:715
388,train,cub:717
389,train,cub:719
391,train,cub:722
392,train,cub:725
393,train,cub:727
394,train,cub:729
395,train,cub:730
397,train,cub:733
398,train,cub:734
399,train,cub:735
400,train,cub:736
401,train,cub:740
402,train,cub:741
403,train,cub:744
404,train,cub:746
405,train,cub:747
406,train,cub:748
408,train,cub:754
409,train,cub:755
410,train,cub:756
413,train,cub:762
415,train,cub:769
416,train,cub:770
417,train,cub:775
418,train,cub:776
419,train,cub:778
420,train,cub:780
422,train,cub:782
423,train,cub:784
424,train,cub:788
425,train,cub:789
426,train,cub:790
427,train,cub:791
428,train,cub:792
429,train,cub:793
430,train,cub:794
431,train,cub:798
432,train,cub:801
433,train,cub:806
434,train,cub:807
435,train,cub:810
437,train,cub:813
438,train,cub:814
440,train,cub:818
441,train,cub:819
442,train,cub:822
445,train,cub:829
446,train,cub:833
447,train,cub:834
449,train,cub:836
450,train,cub:841
451,train,cub:843
452,train,cub:845
453,train,cub:853
454,train,cub:855
455,train,cub:856
456,train,cub:857
457,train,cub:859
458,train,cub:860
459,train,cub:861
460,train,cub:862
461,train,cub:863
462,train,cub:864
464,train,cub:867
465,train,cub:870
466,train,cub:871
468,train,cub:873
470,train,cub:875
472,train,cub:879
473,train,cub:881
474,train,cub:884
475,train,cub:888
477,train,cub:891
479,train,cub:895
480,train,cub:898
481,train,cub:900
482,train,cub:902
483,train,cub:906
484,train,cub:907
485,train,cub:910
487,train,cub:916
488,train,cub:917
489,train,cub:918
490,train,cub:920
492,train,cub:923
494,train,cub:926
495,train,cub:927
497,train,cub:929
499,train,cub:934
500,train,cub:935
501,train,cub:937
502,train,cub:939
503,train,cub:941
504,train,cub:943
505,train,cub:946
506,train,cub:947
507,train,cub:950
509,train,cub:952
511,train,cub:955
512,train,cub:956
514,train,cub:959
515,train,cub:960
516,train,cub:963
517,train,cub:964
519,train,cub:966
521,train,cub:970
522,train,cub:972
523,train,cub:974
524,train,cub:975
525,train,cub:979
526,train,cub:980
527,train,cub:981
529,train,cub:984
531,train,cub:986
532,train,cub:987
533,train,cub:988
534,train,cub:989
535,train,cub:990
536,train,cub:991
537,train,cub:992
538,train,cub:994
539,train,cub:995
540,train,cub:1000
541,train,cub:1002
542,train,cub:1004
543,train,cub:1007
545,train,cub:1010
546,train,cub:1015
547,train,cub:1017
548,train,cub:1019
549,train,cub:1020
550,train,cub:1022
551,train,cub:1023
552,train,cub:1024
554,train,cub:1027
555,train,cub:1029
556,train,cub:1032
558,train,cub:1037
560,train,cub:1040
561,train,cub:1042
563,train,cub:1048
565,train,cub:1051
566,train,cub:1052
567,train,cub:1053
568,train,cub:1055
569,train,cub:1056
571,train,cub:1059
573,train,cub:1065
574,train,cub:1067
575,train,cub:1069
576,train,cub:1073
577,train,cub:1074
578,train,cub:1078
580,train,cub:1080
582,train,cub:1085
583,train,cub:1087
584,train,cub:1088
585,train,cub:1091
586,train,cub:1093
588,train,cub:1098
590,train,cub:1101
591,train,cub:1103
592,train,cub:1106
593,train,cub:1107
594,train,cub:1110
595,train,cub:1111
596,train,cub:1112
597,train,cub:1113
598,train,cub:1114
599,train,cub:1115
600,train,cub:1120
601,train,cub:1121
602,train,cub:1122
603,train,cub:1123
604,train,cub:1124
605,train,cub:1125
606,train,cub:1126
608,train,cub:1130
609,train,cub:1134
610,train,cub:1135
611,train,cub:1139
612,train,cub:1140
615,train,cub:1146
616,train,cub:1147
617,train,cub:1149
618,train,cub:1151
619,train,cub:1152
620,train,cub:1155
621,train,cub:1156
622,train,cub:1157
623,train,cub:1163
625,train,cub:1166
626,train,cub:1167
628,train,cub:1173
630,train,cub:1181
631,train,cub:1184
632,train,cub:1185
634,train,cub:1187
635,train,cub:1188
636,train,cub:1189
637,train,cub:1191
638,train,cub:1194
639,train,cub:1196
640,train,cub:1197
641,train,cub:1198
642,train,cub:1201
643,train,cub:1202
645,train,cub:1204
647,train,cub:1207
648,train,cub:1208
649,train,cub:1210
651,train,cub:1214
652,train,cub:1219
653,train,cub:1221
655,train,cub:1224
656,train,cub:1227
658,train,cub:1229
659,train,cub:1231
661,train,cub:1233
662,train,cub:1236
663,train,cub:1238
664,train,cub:1239
665,train,cub:1241
666,train,cub:1242
667,train,cub:1245
668,train,cub:1246
671,train,cub:1251
672,train,cub:1252
673,train,cub:1253
674,train,cub:1256
675,train,cub:1259
676,train,cub:1260
677,train,cub:1263
679,train,cub:1274
680,train,cub:1276
683,train,cub:1279
684,train,cub:1280
685,train,cub:1282
686,train,cub:1286
687,train,cub:1287
688,train,cub:1288
689,train,cub:1290
690,train,cub:1291
691,train,cub:1294
692,train,cub:1296
693,train,cub:1298
694,train,cub:1299
695,train,cub:1300
696,train,cub:1302
697,train,cub:1303
698,train,cub:1307
699,train,cub:1308
702,train,cub:1311
705,train,cub:1318
706,train,cub:1320
707,train,cub:1322
708,train,cub:1324
709,train,cub:1326
712,train,cub:1329
713,train,cub:1331
714,train,cub:1332
715,train,cub:1334
716,train,cub:1336
717,train,cub:1337
718,train,cub:1338
719,train,cub:1340
721,train,cub:1344
722,train,cub:1346
724,train,cub:1353
725,train,cub:1354
726,train,cub:1355
727,train,cub:1357
728,train,cub:1358
729,train,cub:1360
730,train,cub:1361
731,train,cub:1362
732,train,cub:1363
733,train,cub:1365
734,train,cub:1366
735,train,cub:1368
736,train,cub:1369
737,train,cub:1370
738,train,cub:1374
739,train,cub:1375
740,train,cub:1377
742,train,cub:1380
743,train,cub:1381
744,train,cub:1383
745,train,cub:1384
746,train,cub:1389
750,train,cub:1403
751,train,cub:1404
752,train,cub:1405
753,train,cub:1406
754,train,cub:1407
755,train,cub:1408
756,train,cub:1414
758,train,cub:1417
759,train,cub:1418
760,train,cub:1420
761,train,cub:1426
762,train,cub:1428
763,train,cub:1429
765,train,cub:1438
766,train,cub:1439
767,train,cub:1440
769,train,cub:1444
772,train,cub:1452
773,train,cub:1453
774,train,cub:1455
775,train,cub:1456
777,train,cub:1459
778,train,cub:1460
779,train,cub:1461
780,train,cub:1464
781,train,cub:1465
782,train,cub:1466
783,train,cub:1468
784,train,cub:1469
785,train,cub:1470
786,train,cub:1472
789,train,cub:1476
791,train,cub:1486
792,train,cub:1488
793,train,cub:1489
794,train,cub:1491
795,train,cub:1493
796,train,cub:1499
797,train,cub:1500
798,train,cub:1501
799,train,cub:1504
800,train,cub:1505
802,train,cub:1509
803,train,cub:1510
804,train,cub:1511
805,train,cub:1512
806,train,cub:1514
807,train,cub:1515
810,train,cub:1523
811,train,cub:1527
812,train,cub:1528
813,train,cub:1530
814,train,cub:1532
815,train,cub:1533
816,train,cub:1535
817,train,cub:1537
819,train,cub:1541
820,train,cub:1543
821,train,cub:1544
823,train,cub:1548
824,train,cub:1549
826,train,cub:1554
827,train,cub:1557
828,train,cub:1562
829,train,cub:1564
830,train,cub:1565
832,train,cub:1569
833,train,cub:1571
834,train,cub:1572
835,train,cub:1573
837,train,cub:1578
839,train,cub:1581
840,train,cub:1582
842,train,cub:1585
843,train,cub:1586
844,train,cub:1587
845,train,cub:1588
846,train,cub:1589
847,train,cub:1590
848,train,cub:1591
850,train,cub:1595
851,train,cub:1598
852,train,cub:1599
853,train,cub:1601
854,train,cub:1603
855,train,cub:1604
856,train,cub:1608
857,train,cub:1617
858,train,cub:1619
860,train,cub:1621
861,train,cub:1622
862,train,cub:1623
866,train,cub:1637
867,train,cub:1638
868,train,cub:1639
869,train,cub:1641
872,train,cub:1647
873,train,cub:1650
874,train,cub:1653
875,train,cub:1654
876,train,cub:1657
877,train,cub:1658
878,train,cub:1663
879,train,cub:1668
880,train,cub:1669
881,train,cub:1670
883,train,cub:1672
885,train,cub:1675
886,train,cub:1676
887,train,cub:1677
888,train,cub:1680
889,train,cub:1681
890,train,cub:1684
891,train,cub:1685
892,train,cub:1686
893,train,cub:1687
895,train,cub:1689
896,train,cub:1690
897,train,cub:1691
898,train,cub:1699
901,train,cub:1704
902,train,cub:1706
903,train,cub:1707
904,train,cub:1709
905,train,cub:1711
907,train,cub:1716
908,train,cub:1717
911,train,cub:1724
912,train,cub:1726
914,train,cub:1731
915,train,cub:1732
916,train,cub:1734
917,train,cub:1735
918,train,cub:1740
919,train,cub:1741
920,train,cub:1742
921,train,cub:1744
922,train,cub:1747
923,train,cub:1749
924,train,cub:1751
925,train,cub:1752
926,train,cub:1754
928,train,cub:1758
929,train,cub:1759
931,train,cub:1763
932,train,cub:1764
933,train,cub:1765
934,train,cub:1766
935,train,cub:1767
936,train,cub:1769
937,train,cub:1770
938,train,cub:1772
939,train,cub:1773
941,train,cub:1775
942,train,cub:1778
943,train,cub:1779
944,train,cub:1781
945,train,cub:1787
946,train,cub:1789
948,train,cub:1792
949,train,cub:1794
951,train,cub:1801
953,train,cub:1803
954,train,cub:1806
956,train,cub:1809
957,train,cub:1810
958,train,cub:1812
959,train,cub:1813
960,train,cub:1815
961,train,cub:1817
962,train,cub:1818
963,train,cub:1820
965,train,cub:1823
966,train,cub:1824
968,train,cub:1827
969,train,cub:1830
970,train,cub:1831
972,train,cub:1834
973,train,cub:1835
975,train,cub:1839
976,train,cub:1841
977,train,cub:1842
978,train,cub:1849
979,train,cub:1850
980,train,cub:1852
981,train,cub:1854
983,train,cub:1858
984,train,cub:1860
985,train,cub:1863
986,train,cub:1864
987,train,cub:1868
989,train,cub:1872
990,train,cub:1875
991,train,cub:1877
992,train,cub:1878
993,train,cub:1879
995,train,cub:1881
996,train,cub:1883
998,train,cub:1889
999,train,cub:1892
1000,train,cub:1895
1001,train,cub:1897
1002,train,cub:1898
1004,train,cub:1903
1006,train,cub:1905
1008,train,cub:1911
1009,train,cub:1912
1010,train,cub:1914
1011,train,cub:1918
1012,train,cub:1920
1013,train,cub:1921
1014,train,cub:1922
1016,train,cub:1928
1017,train,cub:1929
1018,train,cub:1930
1019,train,cub:1932
1020,train,cub:1933
1021,train,cub:1934
1022,train,cub:1936
1023,train,cub:1938
1024,train,cub:1941
1027,train,cub:1951
1029,train,cub:1953
1030,train,cub:1954
1031,train,cub:1955
1033,train,cub:1961
1034,train,cub:1963
1035,train,cub:1970
1036,train,cub:1971
1037,train,cub:1972
1038,train,cub:1973
1039,train,cub:1974
1040,train,cub:1975
1042,train,cub:1978
1043,train,cub:1979
1045,train,cub:1982
1046,train,cub:1988
1047,train,cub:1990
1048,train,cub:1991
1049,train,cub:1992
1050,train,cub:1994
1051,train,cub:1998
1052,train,cub:2001
1054,train,cub:2003
1056,train,cub:2009
1057,train,cub:2011
1058,train,cub:2012
1059,train,cub:2013
1060,train,cub:2017
1061,train,cub:2018
1062,train,cub:2019
1064,train,cub:2023
1065,train,cub:2025
1066,train,cub:2026
1067,train,cub:2028
1068,train,cub:2033
1069,train,cub:2034
1070,train,cub:2036
1072,train,cub:2041
1073,train,cub:2042
1074,train,cub:2044
1075,train,cub:2045
1077,train,cub:2047
1078,train,cub:2050
1080,train,cub:2053
1081,train,cub:2054
1082,train,cub:2055
1083,train,cub:2056
1084,train,cub:2058
1085,train,cub:2061
1086,train,cub:2065
1087,train,cub:2066
1088,train,cub:2068
1089,train,cub:2069
1091,train,cub:2078
1092,train,cub:2079
1093,train,cub:2080
1095,train,cub:2083
1096,train,cub:2085
1097,train,cub:2087
1098,train,cub:2088
1099,train,cub:2089
1102,train,cub:2095
1103,train,cub:2097
1105,train,cub:2102
1106,train,cub:2103
1107,train,cub:2105
1108,train,cub:2106
1111,train,cub:2114
1113,train,cub:2116
1114,train,cub:2117
1115,train,cub:2118
1116,train,cub:2121
1117,train,cub:2122
1118,train,cub:2124
1119,train,cub:2125
1120,train,cub:2130
1121,train,cub:2133
1122,train,cub:2136
1123,train,cub:2137
1124,train,cub:2138
1126,train,cub:2144
1127,train,cub:2147
1128,train,cub:2149
1129,train,cub:2151
1130,train,cub:2152
1132,train,cub:2155
1134,train,cub:2159
1135,train,cub:2161
1136,train,cub:2165
1138,train,cub:2167
1139,train,cub:2169
1140,train,cub:2172
1141,train,cub:2173
1143,train,cub:2175
1144,train,cub:2176
1145,train,cub:2177
1147,train,cub:2181
1150,train,cub:2187
1151,train,cub:2191
1152,train,cub:2192
1153,train,cub:2196
1154,train,cub:2197
1156,train,cub:2199
1157,train,cub:2202
1158,train,cub:2205
1159,train,cub:2208
1161,train,cub:2214
1162,train,cub:2215
1163,train,cub:2217
1164,train,cub:2220
1165,train,cub:2221
1166,train,cub:2224
1167,train,cub:2225
1168,train,cub:2227
1169,train,cub:2228
1170,train,cub:2232
1171,train,cub:2233
1172,train,cub:2235
1173,train,cub:2237
1174,train,cub:2238
1175,train,cub:2240
1178,train,cub:2245
1181,train,cub:2248
1182,train,cub:2251
1183,train,cub:2253
1184,train,cub:2254
1185,train,cub:2255
1186,train,cub:2259
1187,train,cub:2261
1188,train,cub:2262
1189,train,cub:2263
1190,train,cub:2266
1191,train,cub:2267
1192,train,cub:2270
1193,train,cub:2271
1196,train,cub:2277
1197,train,cub:2279
1198,train,cub:2286
1199,train,cub:2289
1200,train,cub:2291
1201,train,cub:2296
1202,train,cub:2299
1203,train,cub:2301
1205,train,cub:2309
1206,train,cub:2311
1208,train,cub:2314
1209,train,cub:2317
1210,train,cub:2320
1211,train,cub:2323
1212,train,cub:2324
1213,train,cub:2325
1214,train,cub:2326
1215,train,cub:2332
1216,train,cub:2333
1218,train,cub:2335
1220,train,cub:2339
1221,train,cub:2340
1224,train,cub:2344
1225,train,cub:2345
1226,train,cub:2346
1227,train,cub:2347
1228,train,cub:2349
1229,train,cub:2350
1232,train,cub:2354
1233,train,cub:2356
1234,train,cub:2359
1236,train,cub:2369
1238,train,cub:2373
1239,train,cub:2375
1240,train,cub:2378
1241,train,cub:2383
1242,train,cub:2384
1243,train,cub:2385
1244,train,cub:2386
1246,train,cub:2388
1247,train,cub:2391
1248,train,cub:2392
1249,train,cub:2395
1250,train,cub:2396
1251,train,cub:2397
1252,train,cub:2398
1253,train,cub:2401
1254,train,cub:2402
1255,train,cub:2403
1257,train,cub:2406
1258,train,cub:2407
1259,train,cub:2408
1260,train,cub:2414
1261,train,cub:2416
1263,train,cub:2419
1265,train,cub:2422
1266,train,cub:2424
1268,train,cub:2426
1270,train,cub:2429
1271,train,cub:2432
1272,train,cub:2433
1273,train,cub:2439
1274,train,cub:2440
1275,train,cub:2441
1276,train,cub:2443
1277,train,cub:2446
1278,train,cub:2447
1280,train,cub:2449
1282,train,cub:2455
1283,train,cub:2458
1284,train,cub:2460
1285,train,cub:2461
1286,train,cub:2462
1287,train,cub:2465
1288,train,cub:2467
1289,train,cub:2469
1290,train,cub:2471
1291,train,cub:2477
1292,train,cub:2478
1293,train,cub:2479
1294,train,cub:2480
1295,train,cub:2484
1296,train,cub:2486
1297,train,cub:2487
1299,train,cub:2501
1300,train,cub:2502
1303,train,cub:2509
1304,train,cub:2510
1305,train,cub:2512
1306,train,cub:2513
1308,train,cub:2516
1309,train,cub:2517
1310,train,cub:2518
1311,train,cub:2519
1313,train,cub:2522
1314,train,cub:2523
1316,train,cub:2526
1317,train,cub:2527
1318,train,cub:2528
1319,train,cub:2529
1320,train,cub:2530
1321,train,cub:2533
1322,train,cub:2534
1324,train,cub:2536
1325,train,cub:2537
1326,train,cub:2539
1328,train,cub:2543
1330,train,cub:2545
1332,train,cub:2550
1333,train,cub:2554
1334,train,cub:2555
1335,train,cub:2558
1336,train,cub:2560
1337,train,cub:2562
1338,train,cub:2563
1340,train,cub:2565
1341,train,cub:2566
1343,train,cub:2568
1344,train,cub:2573
1345,train,cub:2576
1346,train,cub:2584
1347,train,cub:2585
1348,train,cub:2586
1349,train,cub:2587
1350,train,cub:2591
1351,train,cub:2593
1353,train,cub:2597
1354,train,cub:2598
1355,train,cub:2601
1357,train,cub:2605
1358,train,cub:2608
1359,train,cub:2612
1361,train,cub:2616
1362,train,cub:2620
1363,train,cub:2621
1364,train,cub:2623
1365,train,cub:2625
1366,train,cub:2626
1367,train,cub:2629
1368,train,cub:2634
1369,train,cub:2635
1371,train,cub:2638
1372,train,cub:2639
1373,train,cub:2641
1375,train,cub:2643
1376,train,cub:2644
1377,train,cub:2645
1378,train,cub:2646
1382,train,cub:2656
1383,train,cub:2659
1385,train,cub:2663
1387,train,cub:2665
1388,train,cub:2666
1390,train,cub:2668
1391,train,cub:2672
1392,train,cub:2679
1393,train,cub:2682
1394,train,cub:2683
1395,train,cub:2684
1396,train,cub:2686
1397,train,cub:2687
1398,train,cub:2688
1399,train,cub:2690
1400,train,cub:2692
1401,train,cub:2697
1402,train,cub:2698
1403,train,cub:2699
1404,train,cub:2700
1405,train,cub:2701
1406,train,cub:2702
1407,train,cub:2704
1409,train,cub:2708
1410,train,cub:2714
1411,train,cub:2718
1412,train,cub:2719
1413,train,cub:2720
1414,train,cub:2721
1415,train,cub:2722
1417,train,cub:2724
1418,train,cub:2726
1419,train,cub:2728
1420,train,cub:2729
1421,train,cub:2732
1422,train,cub:2734
1423,train,cub:2739
1425,train,cub:2742
1426,train,cub:2743
1427,train,cub:2745
1428,train,cub:2747
1429,train,cub:2748
1430,train,cub:2749
1432,train,cub:2754
1433,train,cub:2755
1434,train,cub:2756
1436,train,cub:2758
1437,train,cub:2759
1440,train,cub:2771
1441,train,cub:2772
1443,train,cub:2777
1446,train,cub:2786
1447,train,cub:2787
1449,train,cub:2791
1450,train,cub:2793
1451,train,cub:2794
1452,train,cub:2795
1453,train,cub:2797
1454,train,cub:2798
1456,train,cub:2808
1457,train,cub:2809
1458,train,cub:2811
1459,train,cub:2814
1460,train,cub:2815
1461,train,cub:2816
1462,train,cub:2817
1463,train,cub:2819
1464,train,cub:2820
1465,train,cub:2821
1466,train,cub:2823
1467,train,cub:2825
1468,train,cub:2827
1470,train,cub:2832
1472,train,cub:2838
1473,train,cub:2840
1474,train,cub:2841
1475,train,cub:2842
1477,train,cub:2844
1479,train,cub:2850
1480,train,cub:2854
1483,train,cub:2857
1484,train,cub:2859
1485,train,cub:2860
1486,train,cub:2861
1487,train,cub:2864
1488,train,cub:2865
1490,train,cub:2871
1491,train,cub:2872
1492,train,cub:2876
1493,train,cub:2877
1494,train,cub:2881
1495,train,cub:2882
1496,train,cub:2884
1497,train,cub:2886
1498,train,cub:2888
1499,train,cub:2889
1501,train,cub:2891
1503,train,cub:2895
1504,train,cub:2896
1505,train,cub:2899
1506,train,cub:2903
1508,train,cub:2907
1509,train,cub:2910
1511,train,cub:2912
1512,train,cub:2914
1513,train,cub:2916
1514,train,cub:2922
1515,train,cub:2925
1516,train,cub:2927
1517,train,cub:2928
1518,train,cub:2930
1519,train,cub:2931
1520,train,cub:2932
1521,train,cub:2933
1522,train,cub:2937
1523,train,cub:2939
1524,train,cub:2943
1525,train,cub:2944
1527,train,cub:2946
1529,train,cub:2948
1530,train,cub:2950
1532,train,cub:2954
1533,train,cub:2955
1534,train,cub:2956
1535,train,cub:2958
1536,train,cub:2962
1538,train,cub:2966
1539,train,cub:2969
1540,train,cub:2970
1542,train,cub:2973
1543,train,cub:2976
1544,train,cub:2978
1545,train,cub:2980
1546,train,cub:2985
1548,train,cub:2987
1550,train,cub:2990
1551,train,cub:2994
1552,train,cub:2996
1554,train,cub:2999
1555,train,cub:3000
1556,train,cub:3002
1557,train,cub:3003
1558,train,cub:3008
1559,train,cub:3009
1560,train,cub:3010
1561,train,cub:3014
1562,train,cub:3016
1563,train,cub:3017
1564,train,cub:3020
1565,train,cub:3023
1566,train,cub:3024
1567,train,cub:3026
1568,train,cub:3027
1569,train,cub:3028
1570,train,cub:3030
1572,train,cub:3033
1573,train,cub:3035
1574,train,cub:3036
1575,train,cub:3038
1576,train,cub:3040
1577,train,cub:3041
1578,train,cub:3042
1580,train,cub:3044
1581,train,cub:3046
1583,train,cub:3048
1585,train,cub:3052
1587,train,cub:3065
1589,train,cub:3069
1591,train,cub:3073
1592,train,cub:3077
1593,train,cub:3079
1594,train,cub:3082
1596,train,cub:3086
1597,train,cub:3088
1598,train,cub:3089
1599,train,cub:3092
1600,train,cub:3093
1601,train,cub:3094
1603,train,cub:3096
1604,train,cub:3102
1605,train,cub:3103
1606,train,cub:3104
1609,train,cub:3113
1610,train,cub:3114
1611,train,cub:3115
1612,train,cub:3117
1613,train,cub:3119
1614,train,cub:3120
1615,train,cub:3121
1617,train,cub:3123
1618,train,cub:3125
1619,train,cub:3126
1620,train,cub:3132
1621,train,cub:3134
1622,train,cub:3139
1623,train,cub:3141
1624,train,cub:3142
1625,train,cub:3143
1626,train,cub:3145
1627,train,cub:3147
1628,train,cub:3149
1629,train,cub:3152
1630,train,cub:3157
1631,train,cub:3158
1632,train,cub:3159
1633,train,cub:3160
1634,train,cub:3161
1635,train,cub:3163
1636,train,cub:3164
1638,train,cub:3167
1640,train,cub:3174
1641,train,cub:3175
1643,train,cub:3178
1645,train,cub:3181
1646,train,cub:3183
1648,train,cub:3188
1650,train,cub:3194
1651,train,cub:3196
1652,train,cub:3197
1653,train,cub:3199
1654,train,cub:3200
1655,train,cub:3202
1656,train,cub:3203
1658,train,cub:3207
1659,train,cub:3208
1660,train,cub:3209
1661,train,cub:3210
1662,train,cub:3212
1663,train,cub:3213
1664,train,cub:3214
1665,train,cub:3215
1667,train,cub:3221
1668,train,cub:3224
1669,train,cub:3229
1671,train,cub:3234
1672,train,cub:3235
1675,train,cub:3238
1676,train,cub:3240
1678,train,cub:3245
1679,train,cub:3248
1680,train,cub:3250
1681,train,cub:3255
1682,train,cub:3256
1684,train,cub:3262
1685,train,cub:3263
1686,train,cub:3265
1687,train,cub:3266
1688,train,cub:3268
1689,train,cub:3270
1690,train,cub:3271
1691,train,cub:3272
1692,train,cub:3274
1693,train,cub:3275
1695,train,cub:3278
1697,train,cub:3281
1698,train,cub:3283
1699,train,cub:3286
1701,train,cub:3289
1702,train,cub:3293
1703,train,cub:3297
1704,train,cub:3300
1707,train,cub:3306
1708,train,cub:3308
1709,train,cub:3309
1710,train,cub:3310
1711,train,cub:3311
1712,train,cub:3314
1713,train,cub:3316
1714,train,cub:3320
1715,train,cub:3324
1716,train,cub:3325
1718,train,cub:3333
1719,train,cub:3334
1721,train,cub:3336
1722,train,cub:3337
1723,train,cub:3338
1724,train,cub:3339
1725,train,cub:3340
1726,train,cub:3341
1727,train,cub:3343
1728,train,cub:3345
1730,train,cub:3347
1731,train,cub:3348
1733,train,cub:3352
1735,train,cub:3360
1736,train,cub:3362
1737,train,cub:3363
1738,train,cub:3365
1740,train,cub:3369
1741,train,cub:3371
1742,train,cub:3373
1744,train,cub:3375
1745,train,cub:3380
1746,train,cub:3381
1747,train,cub:3382
1748,train,cub:3385
1749,train,cub:3387
1750,train,cub:3388
1751,train,cub:3389
1752,train,cub:3392
1754,train,cub:3395
1755,train,cub:3396
1757,train,cub:3398
1758,train,cub:3401
1759,train,cub:3402
1762,train,cub:3412
1763,train,cub:3415
1764,train,cub:3422
1766,train,cub:3424
1767,train,cub:3425
1768,train,cub:3426
1769,train,cub:3427
1771,train,cub:3430
1772,train,cub:3431
1773,train,cub:3435
1774,train,cub:3437
1775,train,cub:3438
1778,train,cub:3441
1780,train,cub:3447
1781,train,cub:3451
1782,train,cub:3456
1783,train,cub:3458
1784,train,cub:3459
1785,train,cub:3460
1786,train,cub:3462
1787,train,cub:3463
1788,train,cub:3464
1789,train,cub:3466
1790,train,cub:3467
1791,train,cub:3468
1793,train,cub:3473
1794,train,cub:3476
1795,train,cub:3479
1796,train,cub:3481
1798,train,cub:3484
1799,train,cub:3486
1800,train,cub:3488
1802,train,cub:3497
1803,train,cub:3498
1804,train,cub:3501
1805,train,cub:3502
1806,train,cub:3503
1807,train,cub:3504
1808,train,cub:3506
1809,train,cub:3507
1810,train,cub:3508
1811,train,cub:3509
1812,train,cub:3510
1813,train,cub:3512
1815,train,cub:3517
1817,train,cub:3520
1818,train,cub:3523
1819,train,cub:3524
1820,train,cub:3532
1821,train,cub:3533
1822,train,cub:3534
1826,train,cub:3542
1827,train,cub:3544
1828,train,cub:3545
1829,train,cub:3546
1830,train,cub:3551
1832,train,cub:3555
1833,train,cub:3558
1834,train,cub:3559
1835,train,cub:3560
1836,train,cub:3561
1837,train,cub:3563
1838,train,cub:3564
1839,train,cub:3565
1840,train,cub:3567
1841,train,cub:3569
1843,train,cub:3572
1844,train,cub:3574
1845,train,cub:3575
1846,train,cub:3578
1849,train,cub:3587
1851,train,cub:3589
1852,train,cub:3590
1853,train,cub:3591
1854,train,cub:3595
1855,train,cub:3597
1856,train,cub:3599
1857,train,cub:3602
1859,train,cub:3606
1860,train,cub:3608
1861,train,cub:3609
1863,train,cub:3611
1865,train,cub:3614
1866,train,cub:3616
1867,train,cub:3617
1868,train,cub:3618
1869,train,cub:3620
1870,train,cub:3621
1871,train,cub:3625
1872,train,cub:3628
1873,train,cub:3629
1874,train,cub:3630
1875,train,cub:3634
1876,train,cub:3635
1877,train,cub:3637
1878,train,cub:3640
1879,train,cub:3645
1881,train,cub:3650
1882,train,cub:3653
1884,train,cub:3657
1886,train,cub:3660
1887,train,cub:3661
1889,train,cub:3665
1890,train,cub:3670
1891,train,cub:3671
1893,train,cub:3674
1894,train,cub:3675
1895,train,cub:3676
1896,train,cub:3678
1897,train,cub:3681
1899,train,cub:3689
1900,train,cub:3690
1901,train,cub:3692
1902,train,cub:3693
1903,train,cub:3694
1904,train,cub:3695
1906,train,cub:3700
1907,train,cub:3701
1909,train,cub:3703
1911,train,cub:3709
1912,train,cub:3710
1914,train,cub:3715
1915,train,cub:3718
1916,train,cub:3720
1917,train,cub:3721
1918,train,cub:3724
1919,train,cub:3725
1920,train,cub:3728
1921,train,cub:3730
1922,train,cub:3731
1923,train,cub:3734
1924,train,cub:3736
1925,train,cub:3737
1926,train,cub:3738
1927,train,cub:3739
1928,train,cub:3740
1929,train,cub:3741
1931,train,cub:3746
1934,train,cub:3752
1935,train,cub:3754
1936,train,cub:3756
1937,train,cub:3757
1939,train,cub:3761
1940,train,cub:3762
1943,train,cub:3769
1944,train,cub:3770
1945,train,cub:3772
1946,train,cub:3773
1947,train,cub:3774
1948,train,cub:3775
1949,train,cub:3776
1951,train,cub:3781
1952,train,cub:3783
1953,train,cub:3784
1954,train,cub:3785
1955,train,cub:3786
1956,train,cub:3787
1957,train,cub:3790
1958,train,cub:3792
1959,train,cub:3794
1960,train,cub:3795
1961,train,cub:3799
1962,train,cub:3801
1963,train,cub:3802
1964,train,cub:3803
1965,train,cub:3805
1967,train,cub:3810
1968,train,cub:3811
1969,train,cub:3812
1970,train,cub:3815
1971,train,cub:3816
1972,train,cub:3817
1974,train,cub:3819
1975,train,cub:3822
1979,train,cub:3835
1980,train,cub:3839
1982,train,cub:3843
1984,train,cub:3848
1985,train,cub:3849
1986,train,cub:3850
1987,train,cub:3853
1988,train,cub:3854
1989,train,cub:3858
1990,train,cub:3860
1991,train,cub:3861
1992,train,cub:3862
1993,train,cub:3864
1994,train,cub:3865
1995,train,cub:3866
1996,train,cub:3867
2000,train,cub:3873
2001,train,cub:3874
2002,train,cub:3887
2003,train,cub:3888
2004,train,cub:3889
2005,train,cub:3890
2006,train,cub:3891
2007,train,cub:3892
2009,train,cub:3894
2010,train,cub:3897
2011,train,cub:3901
2012,train,cub:3902
2013,train,cub:3904
2014,train,cub:3905
2015,train,cub:3906
2019,train,cub:3915
2020,train,cub:3916
2021,train,cub:3919
2022,train,cub:3920
2023,train,cub:3922
2024,train,cub:3928
2025,train,cub:3930
2027,train,cub:3932
2028,train,cub:3933
2029,train,cub:3936
2030,train,cub:3941
2031,train,cub:3942
2033,train,cub:3948
2034,train,cub:3949
2035,train,cub:3950
2036,train,cub:3952
2038,train,cub:3955
2039,train,cub:3956
2040,train,cub:3957
2042,train,cub:3961
2043,train,cub:3962
2045,train,cub:3966
2046,train,cub:3967
2047,train,cub:3969
2048,train,cub:3970
2049,train,cub:3972
2051,train,cub:3979
2052,train,cub:3981
2053,train,cub:3984
2056,train,cub:3995
2057,train,cub:3996
2058,train,cub:3997
2059,train,cub:3998
2060,train,cub:4000
2061,train,cub:4003
2062,train,cub:4005
2063,train,cub:4006
2064,train,cub:4007
2066,train,cub:4011
2067,train,cub:4012
2068,train,cub:4015
2069,train,cub:4016
2070,train,cub:4017
2071,train,cub:4018
2072,train,cub:4019
2073,train,cub:4022
2074,train,cub:4023
2075,train,cub:4024
2076,train,cub:4027
2077,train,cub:4028
2078,train,cub:4029
2082,train,cub:4035
2083,train,cub:4039
2084,train,cub:4041
2085,train,cub:4044
2086,train,cub:4049
2087,train,cub:4055
2089,train,cub:4060
2090,train,cub:4061
2091,train,cub:4066
2092,train,cub:4067
2093,train,cub:4068
2094,train,cub:4069
2095,train,cub:4071
2098,train,cub:4075
2099,train,cub:4076
2100,train,cub:4078
2101,train,cub:4079
2102,train,cub:4082
2103,train,cub:4090
2104,train,cub:4091
2106,train,cub:4093
2107,train,cub:4095
2108,train,cub:4096
2109,train,cub:4097
2110,train,cub:4100
2111,train,cub:4103
2113,train,cub:4107
2114,train,cub:4111
2115,train,cub:4112
2117,train,cub:4114
2119,train,cub:4117
2120,train,cub:4122
2121,train,cub:4124
2122,train,cub:4126
2123,train,cub:4127
2125,train,cub:4130
2126,train,cub:4131
2127,train,cub:4133
2129,train,cub:4136
2130,train,cub:4137
2131,train,cub:4142
2132,train,cub:4143
2134,train,cub:4147
2135,train,cub:4149
2136,train,cub:4154
2137,train,cub:4155
2138,train,cub:4156
2139,train,cub:4157
2140,train,cub:4158
2141,train,cub:4159
2142,train,cub:4160
2144,train,cub:4164
2145,train,cub:4165
2148,train,cub:4170
2149,train,cub:4171
2150,train,cub:4173
2153,train,cub:4183
2154,train,cub:4184
2155,train,cub:4188
2156,train,cub:4190
2157,train,cub:4191
2158,train,cub:4193
2159,train,cub:4194
2160,train,cub:4197
2161,train,cub:4199
2162,train,cub:4201
2163,train,cub:4203
2164,train,cub:4208
2165,train,cub:4209
2168,train,cub:4216
2169,train,cub:4218
2171,train,cub:4221
2172,train,cub:4223
2174,train,cub:4230
2175,train,cub:4232
2176,train,cub:4233
2177,train,cub:4234
2178,train,cub:4236
2179,train,cub:4238
2180,train,cub:4239
2182,train,cub:4241
2183,train,cub:4242
2184,train,cub:4243
2186,train,cub:4248
2187,train,cub:4251
2188,train,cub:4254
2189,train,cub:4256
2190,train,cub:4257
2191,train,cub:4259
2192,train,cub:4260
2193,train,cub:4263
2194,train,cub:4266
2195,train,cub:4267
2196,train,cub:4268
2197,train,cub:4269
2198,train,cub:4271
2200,train,cub:4273
2201,train,cub:4275
2204,train,cub:4279
2205,train,cub:4282
2206,train,cub:4283
2207,train,cub:4286
2209,train,cub:4290
2210,train,cub:4291
2211,train,cub:4296
2213,train,cub:4299
2215,train,cub:4302
2216,train,cub:4303
2217,train,cub:4306
2218,train,cub:4309
2219,train,cub:4316
2220,train,cub:4320
2221,train,cub:4321
2222,train,cub:4324
2223,train,cub:4325
2224,train,cub:4326
2225,train,cub:4328
2226,train,cub:4329
2227,train,cub:4331
2230,train,cub:4341
2232,train,cub:4343
2233,train,cub:4345
2235,train,cub:4347
2236,train,cub:4348
2237,train,cub:4349
2238,train,cub:4350
2240,train,cub:4354
2241,train,cub:4355
2242,train,cub:4356
2243,train,cub:4358
2244,train,cub:4360
2245,train,cub:4361
2247,train,cub:4363
2248,train,cub:4369
2249,train,cub:4370
2250,train,cub:4374
2251,train,cub:4380
2252,train,cub:4383
2253,train,cub:4385
2254,train,cub:4387
2255,train,cub:4390
2256,train,cub:4391
2257,train,cub:4392
2258,train,cub:4394
2259,train,cub:4398
2260,train,cub:4401
2261,train,cub:4405
2265,train,cub:4412
2266,train,cub:4414
2267,train,cub:4415
2269,train,cub:4417
2270,train,cub:4420
2271,train,cub:4422
2272,train,cub:4423
2273,train,cub:4424
2276,train,cub:4428
2277,train,cub:4429
2278,train,cub:4432
2279,train,cub:4433
2280,train,cub:4434
2283,train,cub:4439
2284,train,cub:4440
2285,train,cub:4443
2286,train,cub:4445
2288,train,cub:4449
2289,train,cub:4450
2290,train,cub:4452
2291,train,cub:4453
2292,train,cub:4454
2293,train,cub:4456
2294,train,cub:4458
2295,train,cub:4459
2296,train,cub:4465
2297,train,cub:4471
2298,train,cub:4473
2300,train,cub:4476
2301,train,cub:4477
2302,train,cub:4478
2303,train,cub:4482
2304,train,cub:4483
2305,train,cub:4484
2306,train,cub:4485
2309,train,cub:4491
2310,train,cub:4494
2311,train,cub:4495
2312,train,cub:4498
2313,train,cub:4508
2315,train,cub:4510
2316,train,cub:4511
2318,train,cub:4518
2319,train,cub:4519
2320,train,cub:4520
2321,train,cub:4521
2322,train,cub:4523
2325,train,cub:4528
2326,train,cub:4529
2327,train,cub:4530
2328,train,cub:4531
2329,train,cub:4534
2331,train,cub:4540
2332,train,cub:4541
2333,train,cub:4542
2334,train,cub:4544
2335,train,cub:4546
2336,train,cub:4548
2337,train,cub:4549
2338,train,cub:4550
2340,train,cub:4553
2341,train,cub:4554
2342,train,cub:4556
2344,train,cub:4558
2345,train,cub:4559
2347,train,cub:4562
2348,train,cub:4563
2349,train,cub:4564
2350,train,cub:4565
2351,train,cub:4567
2352,train,cub:4568
2353,train,cub:4569
2354,train,cub:4570
2355,train,cub:4572
2357,train,cub:4574
2359,train,cub:4578
2360,train,cub:4580
2361,train,cub:4581
2362,train,cub:4582
2363,train,cub:4590
2364,train,cub:4599
2365,train,cub:4604
2366,train,cub:4607
2369,train,cub:4612
2370,train,cub:4614
2372,train,cub:4617
2375,train,cub:4621
2376,train,cub:4625
2377,train,cub:4627
2379,train,cub:4629
2380,train,cub:4631
2381,train,cub:4632
2382,train,cub:4634
2383,train,cub:4635
2384,train,cub:4639
2385,train,cub:4645
2386,train,cub:4646
2387,train,cub:4647
2388,train,cub:4653
2389,train,cub:4654
2390,train,cub:4655
2392,train,cub:4657
2394,train,cub:4659
2395,train,cub:4660
2396,train,cub:4661
2397,train,cub:4665
2398,train,cub:4669
2399,train,cub:4672
2400,train,cub:4674
2401,train,cub:4677
2402,train,cub:4678
2403,train,cub:4680
2405,train,cub:4686
2406,train,cub:4688
2408,train,cub:4692
2409,train,cub:4694
2410,train,cub:4695
2411,train,cub:4699
2412,train,cub:4700
2413,train,cub:4701
2414,train,cub:4702
2415,train,cub:4703
2416,train,cub:4706
2417,train,cub:4708
2419,train,cub:4713
2420,train,cub:4714
2423,train,cub:4718
2424,train,cub:4719
2425,train,cub:4723
2426,train,cub:4724
2427,train,cub:4726
2428,train,cub:4727
2430,train,cub:4734
2431,train,cub:4737
2432,train,cub:4738
2433,train,cub:4743
2434,train,cub:4744
2435,train,cub:4745
2436,train,cub:4747
2437,train,cub:4748
2438,train,cub:4749
2439,train,cub:4756
2440,train,cub:4757
2441,train,cub:4760
2442,train,cub:4762
2444,train,cub:4765
2445,train,cub:4767
2448,train,cub:4770
2449,train,cub:4772
2450,train,cub:4776
2451,train,cub:4777
2452,train,cub:4779
2454,train,cub:4782
2456,train,cub:4786
2458,train,cub:4790
2459,train,cub:4792
2460,train,cub:4794
2461,train,cub:4799
2462,train,cub:4801
2463,train,cub:4803
2464,train,cub:4804
2467,train,cub:4809
2468,train,cub:4810
2469,train,cub:4812
2472,train,cub:4820
2473,train,cub:4821
2474,train,cub:4822
2475,train,cub:4826
2476,train,cub:4828
2477,train,cub:4835
2478,train,cub:4838
2479,train,cub:4839
2481,train,cub:4841
2482,train,cub:4842
2483,train,cub:4844
2484,train,cub:4845
2485,train,cub:4848
2487,train,cub:4850
2488,train,cub:4851
2489,train,cub:4852
2490,train,cub:4853
2492,train,cub:4857
2494,train,cub:4859
2496,train,cub:4861
2498,train,cub:4868
2499,train,cub:4869
2500,train,cub:4871
2502,train,cub:4876
2503,train,cub:4877
2504,train,cub:4878
2505,train,cub:4880
2506,train,cub:4881
2507,train,cub:4882
2508,train,cub:4886
2509,train,cub:4887
2510,train,cub:4892
2511,train,cub:4893
2513,train,cub:4895
2514,train,cub:4896
2515,train,cub:4897
2516,train,cub:4898
2517,train,cub:4899
2518,train,cub:4900
2519,train,cub:4904
2520,train,cub:4906
2521,train,cub:4907
2522,train,cub:4910
2523,train,cub:4912
2524,train,cub:4916
2525,train,cub:4920
2526,train,cub:4922
2527,train,cub:4923
2528,train,cub:4929
2530,train,cub:4933
2531,train,cub:4935
2532,train,cub:4937
2535,train,cub:4945
2536,train,cub:4946
2537,train,cub:4947
2538,train,cub:4948
2539,train,cub:4950
2541,train,cub:4952
2542,train,cub:4953
2543,train,cub:4954
2544,train,cub:4955
2545,train,cub:4956
2547,train,cub:4959
2548,train,cub:4961
2550,train,cub:4968
2551,train,cub:4969
2553,train,cub:4972
2554,train,cub:4974
2556,train,cub:4977
2557,train,cub:4985
2558,train,cub:4988
2559,train,cub:4992
2560,train,cub:4993
2561,train,cub:4994
2563,train,cub:5000
2564,train,cub:5001
2565,train,cub:5003
2566,train,cub:5004
2568,train,cub:5007
2569,train,cub:5008
2570,train,cub:5011
2572,train,cub:5016
2573,train,cub:5017
2574,train,cub:5018
2575,train,cub:5019
2577,train,cub:5022
2578,train,cub:5023
2579,train,cub:5024
2581,train,cub:5032
2582,train,cub:5033
2585,train,cub:5038
2586,train,cub:5039
2587,train,cub:5040
2589,train,cub:5043
2590,train,cub:5044
2591,train,cub:5047
2592,train,cub:5048
2593,train,cub:5050
2594,train,cub:5052
2595,train,cub:5053
2596,train,cub:5054
2597,train,cub:5058
2598,train,cub:5063
2600,train,cub:5065
2601,train,cub:5067
2602,train,cub:5068
2603,train,cub:5069
2604,train,cub:5073
2606,train,cub:5076
2607,train,cub:5079
2608,train,cub:5080
2609,train,cub:5083
2610,train,cub:5086
2611,train,cub:5087
2612,train,cub:5088
2613,train,cub:5089
2614,train,cub:5091
2615,train,cub:5092
2618,train,cub:5099
2619,train,cub:5109
2620,train,cub:5111
2621,train,cub:5112
2624,train,cub:5117
2625,train,cub:5121
2626,train,cub:5123
2627,train,cub:5126
2628,train,cub:5127
2629,train,cub:5128
2630,train,cub:5129
2631,train,cub:5130
2632,train,cub:5131
2633,train,cub:5135
2636,train,cub:5142
2637,train,cub:5143
2638,train,cub:5144
2639,train,cub:5145
2640,train,cub:5147
2641,train,cub:5148
2643,train,cub:5151
2644,train,cub:5152
2646,train,cub:5155
2647,train,cub:5157
2648,train,cub:5158
2649,train,cub:5159
2650,train,cub:5162
2651,train,cub:5163
2652,train,cub:5164
2653,train,cub:5168
2654,train,cub:5170
2655,train,cub:5171
2656,train,cub:5172
2657,train,cub:5173
2658,train,cub:5174
2659,train,cub:5175
2661,train,cub:5180
2663,train,cub:5184
2664,train,cub:5185
2666,train,cub:5194
2668,train,cub:5200
2669,train,cub:5204
2670,train,cub:5206
2671,train,cub:5208
2672,train,cub:5210
2673,train,cub:5211
2674,train,cub:5212
2675,train,cub:5215
2677,train,cub:5221
2678,train,cub:5222
2679,train,cub:5230
2680,train,cub:5231
2681,train,cub:5233
2684,train,cub:5237
2685,train,cub:5239
2686,train,cub:5241
2687,train,cub:5242
2689,train,cub:5246
2690,train,cub:5248
2691,train,cub:5249
2692,train,cub:5251
2693,train,cub:5252
2694,train,cub:5255
2696,train,cub:5260
2697,train,cub:5261
2699,train,cub:5264
2700,train,cub:5267
2701,train,cub:5268
2702,train,cub:5269
2703,train,cub:5270
2704,train,cub:5271
2706,train,cub:5279
2707,train,cub:5280
2708,train,cub:5281
2709,train,cub:5285
2710,train,cub:5286
2714,train,cub:5292
2715,train,cub:5294
2716,train,cub:5295
2717,train,cub:5297
2719,train,cub:5302
2720,train,cub:5303
2721,train,cub:5304
2722,train,cub:5305
2723,train,cub:5308
2724,train,cub:5310
2725,train,cub:5313
2726,train,cub:5314
2728,train,cub:5322
2729,train,cub:5323
2731,train,cub:5333
2732,train,cub:5338
2733,train,cub:5339
2735,train,cub:5341
2736,train,cub:5342
2738,train,cub:5348
2739,train,cub:5350
2740,train,cub:5351
2741,train,cub:5354
2742,train,cub:5355
2743,train,cub:5356
2744,train,cub:5357
2746,train,cub:5359
2747,train,cub:5360
2748,train,cub:5362
2751,train,cub:5368
2752,train,cub:5370
2753,train,cub:5371
2754,train,cub:5374
2755,train,cub:5375
2756,train,cub:5378
2757,train,cub:5381
2758,train,cub:5382
2759,train,cub:5385
2760,train,cub:5392
2761,train,cub:5393
2762,train,cub:5394
2763,train,cub:5396
2764,train,cub:5397
2765,train,cub:5398
2767,train,cub:5401
2768,train,cub:5404
2769,train,cub:5405
2770,train,cub:5408
2771,train,cub:5414
2773,train,cub:5416
2774,train,cub:5417
2775,train,cub:5418
2776,train,cub:5419
2779,train,cub:5425
2780,train,cub:5429
2781,train,cub:5430
2782,train,cub:5432
2783,train,cub:5433
2784,train,cub:5436
2786,train,cub:5441
2787,train,cub:5442
2788,train,cub:5443
2790,train,cub:5450
2791,train,cub:5452
2792,train,cub:5454
2793,train,cub:5458
2794,train,cub:5459
2795,train,cub:5460
2796,train,cub:5461
2798,train,cub:5463
2801,train,cub:5467
2802,train,cub:5469
2803,train,cub:5472
2804,train,cub:5473
2805,train,cub:5475
2806,train,cub:5477
2807,train,cub:5481
2809,train,cub:5484
2810,train,cub:5486
2812,train,cub:5492
2813,train,cub:5493
2814,train,cub:5495
2815,train,cub:5498
2817,train,cub:5501
2818,train,cub:5503
2819,train,cub:5504
2820,train,cub:5507
2821,train,cub:5511
2822,train,cub:5512
2823,train,cub:5513
2825,train,cub:5516
2827,train,cub:5518
2828,train,cub:5522
2829,train,cub:5523
2830,train,cub:5526
2831,train,cub:5528
2832,train,cub:5534
2833,train,cub:5535
2835,train,cub:5543
2836,train,cub:5545
2837,train,cub:5549
2838,train,cub:5553
2839,train,cub:5554
2840,train,cub:5556
2841,train,cub:5557
2843,train,cub:5559
2844,train,cub:5560
2845,train,cub:5561
2847,train,cub:5563
2848,train,cub:5564
2851,train,cub:5573
2853,train,cub:5579
2854,train,cub:5581
2855,train,cub:5582
2856,train,cub:5583
2857,train,cub:5584
2858,train,cub:5586
2859,train,cub:5587
2861,train,cub:5592
2862,train,cub:5593
2863,train,cub:5594
2864,train,cub:5595
2865,train,cub:5596
2866,train,cub:5599
2867,train,cub:5600
2870,train,cub:5604
2871,train,cub:5606
2872,train,cub:5607
2873,train,cub:5609
2874,train,cub:5611
2875,train,cub:5612
2877,train,cub:5619
2878,train,cub:5620
2879,train,cub:5621
2880,train,cub:5628
2881,train,cub:5629
2882,train,cub:5630
2883,train,cub:5631
2884,train,cub:5635
2886,train,cub:5637
2887,train,cub:5641
2889,train,cub:5643
2890,train,cub:5646
2891,train,cub:5648
2893,train,cub:5655
2894,train,cub:5657
2895,train,cub:5658
2896,train,cub:5661
2897,train,cub:5662
2898,train,cub:5663
2899,train,cub:5666
2900,train,cub:5670
2901,train,cub:5671
2903,train,cub:5674
2904,train,cub:5675
2907,train,cub:5680
2908,train,cub:5681
2909,train,cub:5684
2910,train,cub:5688
2911,train,cub:5689
2914,train,cub:5695
2917,train,cub:5699
2918,train,cub:5701
2919,train,cub:5702
2920,train,cub:5704
2921,train,cub:5705
2922,train,cub:5708
2923,train,cub:5709
2924,train,cub:5710
2925,train,cub:5713
2926,train,cub:5716
2927,train,cub:5718
2928,train,cub:5720
2929,train,cub:5721
2930,train,cub:5723
2931,train,cub:5724
2932,train,cub:5726
2933,train,cub:5727
2935,train,cub:5732
2936,train,cub:5733
2937,train,cub:5737
2939,train,cub:5744
2940,train,cub:5745
2942,train,cub:5750
2943,train,cub:5754
2944,train,cub:5756
2945,train,cub:5758
2947,train,cub:5762
2949,train,cub:5765
2950,train,cub:5770
2951,train,cub:5771
2952,train,cub:5772
2953,train,cub:5773
2954,train,cub:5776
2955,train,cub:5778
2956,train,cub:5779
2958,train,cub:5781
2959,train,cub:5782
2960,train,cub:5783
2963,train,cub:5793
2964,train,cub:5794
2965,train,cub:5796
2966,train,cub:5800
2967,train,cub:5802
2968,train,cub:5803
2969,train,cub:5804
2970,train,cub:5811
2971,train,cub:5812
2972,train,cub:5819
2974,train,cub:5822
2975,train,cub:5824
2976,train,cub:5825
2977,train,cub:5826
2980,train,cub:5830
2981,train,cub:5831
2982,train,cub:5832
2983,train,cub:5833
2984,train,cub:5834
2985,train,cub:5835
2986,train,cub:5836
2987,train,cub:5839
2988,train,cub:5840
2989,train,cub:5841
2991,train,cub:5844
2993,train,cub:5849
2995,train,cub:5851
2996,train,cub:5852
2997,train,cub:5857
2998,train,cub:5860
2999,train,cub:5864
3000,train,cub:5866
3001,train,cub:5869
3002,train,cub:5872
3003,train,cub:5874
3004,train,cub:5875
3005,train,cub:5876
3006,train,cub:5878
3007,train,cub:5879
3008,train,cub:5880
3009,train,cub:5881
3010,train,cub:5882
3013,train,cub:5888
3014,train,cub:5890
3015,train,cub:5891
3017,train,cub:5894
3018,train,cub:5895
3020,train,cub:5899
3021,train,cub:5900
3022,train,cub:5902
3023,train,cub:5904
3024,train,cub:5906
3026,train,cub:5910
3027,train,cub:5912
3028,train,cub:5913
3030,train,cub:5916
3031,train,cub:5919
3032,train,cub:5922
3033,train,cub:5930
3034,train,cub:5931
3035,train,cub:5932
3036,train,cub:5934
3037,train,cub:5935
3038,train,cub:5937
3039,train,cub:5939
3040,train,cub:5943
3042,train,cub:5946
3043,train,cub:5947
3044,train,cub:5948
3045,train,cub:5950
3047,train,cub:5953
3049,train,cub:5957
3050,train,cub:5958
3051,train,cub:5960
3053,train,cub:5962
3054,train,cub:5963
3055,train,cub:5964
3057,train,cub:5967
3058,train,cub:5968
3060,train,cub:5977
3061,train,cub:5979
3062,train,cub:5980
3063,train,cub:5981
3064,train,cub:5982
3065,train,cub:5988
3066,train,cub:5990
3069,train,cub:5995
3072,train,cub:6003
3073,train,cub:6004
3074,train,cub:6006
3075,train,cub:6007
3076,train,cub:6008
3077,train,cub:6017
3079,train,cub:6020
3080,train,cub:6021
3081,train,cub:6022
3082,train,cub:6023
3083,train,cub:6024
3084,train,cub:6025
3085,train,cub:6026
3086,train,cub:6027
3088,train,cub:6031
3089,train,cub:6034
3092,train,cub:6039
3093,train,cub:6040
3094,train,cub:6041
3095,train,cub:6042
3097,train,cub:6044
3098,train,cub:6046
3099,train,cub:6052
3100,train,cub:6053
3101,train,cub:6058
3102,train,cub:6059
3103,train,cub:6060
3104,train,cub:6061
3105,train,cub:6063
3106,train,cub:6064
3107,train,cub:6066
3109,train,cub:6070
3110,train,cub:6074
3112,train,cub:6079
3113,train,cub:6080
3115,train,cub:6082
3116,train,cub:6083
3117,train,cub:6085
3118,train,cub:6088
3119,train,cub:6094
3120,train,cub:6095
3121,train,cub:6096
3122,train,cub:6097
3123,train,cub:6099
3124,train,cub:6102
3125,train,cub:6103
3126,train,cub:6108
3127,train,cub:6109
3129,train,cub:6111
3130,train,cub:6117
3131,train,cub:6118
3132,train,cub:6120
3133,train,cub:6121
3135,train,cub:6124
3136,train,cub:6126
3138,train,cub:6128
3139,train,cub:6130
3140,train,cub:6131
3141,train,cub:6132
3143,train,cub:6134
3144,train,cub:6135
3145,train,cub:6137
3146,train,cub:6139
3147,train,cub:6140
3150,train,cub:6144
3151,train,cub:6146
3152,train,cub:6149
3154,train,cub:6154
3155,train,cub:6156
3156,train,cub:6166
3158,train,cub:6168
3159,train,cub:6169
3161,train,cub:6172
3163,train,cub:6177
3164,train,cub:6178
3165,train,cub:6179
3166,train,cub:6180
3167,train,cub:6181
3168,train,cub:6182
3170,train,cub:6184
3171,train,cub:6185
3172,train,cub:6186
3173,train,cub:6188
3174,train,cub:6189
3176,train,cub:6191
3177,train,cub:6194
3178,train,cub:6196
3179,train,cub:6203
3182,train,cub:6214
3183,train,cub:6216
3184,train,cub:6218
3185,train,cub:6219
3186,train,cub:6220
3188,train,cub:6224
3190,train,cub:6230
3191,train,cub:6233
3192,train,cub:6235
3193,train,cub:6237
3194,train,cub:6238
3195,train,cub:6239
3196,train,cub:6240
3197,train,cub:6242
3198,train,cub:6243
3200,train,cub:6247
3201,train,cub:6248
3202,train,cub:6249
3203,train,cub:6250
3205,train,cub:6256
3206,train,cub:6257
3207,train,cub:6258
3208,train,cub:6261
3209,train,cub:6264
3211,train,cub:6267
3212,train,cub:6271
3213,train,cub:6273
3215,train,cub:6277
3216,train,cub:6280
3217,train,cub:6283
3219,train,cub:6287
3220,train,cub:6288
3221,train,cub:6290
3223,train,cub:6292
3224,train,cub:6294
3225,train,cub:6295
3226,train,cub:6296
3227,train,cub:6301
3228,train,cub:6302
3229,train,cub:6303
3230,train,cub:6305
3231,train,cub:6306
3232,train,cub:6309
3234,train,cub:6312
3235,train,cub:6316
3236,train,cub:6318
3238,train,cub:6320
3239,train,cub:6325
3240,train,cub:6326
3241,train,cub:6328
3243,train,cub:6335
3244,train,cub:6336
3245,train,cub:6337
3246,train,cub:6338
3247,train,cub:6339
3248,train,cub:6345
3249,train,cub:6347
3250,train,cub:6348
3252,train,cub:6350
3253,train,cub:6351
3254,train,cub:6352
3255,train,cub:6353
3256,train,cub:6357
3257,train,cub:6358
3259,train,cub:6361
3262,train,cub:6365
3264,train,cub:6370
3265,train,cub:6372
3266,train,cub:6373
3267,train,cub:6377
3268,train,cub:6381
3271,train,cub:6387
3272,train,cub:6388
3273,train,cub:6390
3274,train,cub:6391
3275,train,cub:6392
3276,train,cub:6393
3277,train,cub:6394
3278,train,cub:6395
3279,train,cub:6399
3280,train,cub:6402
3281,train,cub:6403
3284,train,cub:6411
3285,train,cub:6414
3286,train,cub:6416
3287,train,cub:6417
3288,train,cub:6418
3289,train,cub:6421
3290,train,cub:6423
3291,train,cub:6427
3293,train,cub:6433
3294,train,cub:6435
3295,train,cub:6436
3296,train,cub:6439
3298,train,cub:6441
3299,train,cub:6443
3300,train,cub:6444
3301,train,cub:6446
3302,train,cub:6447
3306,train,cub:6457
3307,train,cub:6458
3309,train,cub:6461
3310,train,cub:6462
3311,train,cub:6464
3313,train,cub:6470
3314,train,cub:6471
3315,train,cub:6475
3317,train,cub:6478
3318,train,cub:6479
3319,train,cub:6480
3320,train,cub:6481
3321,train,cub:6483
3322,train,cub:6488
3323,train,cub:6489
3324,train,cub:6490
3325,train,cub:6491
3326,train,cub:6496
3327,train,cub:6500
3328,train,cub:6502
3330,train,cub:6506
3331,train,cub:6507
3332,train,cub:6508
3334,train,cub:6513
3335,train,cub:6514
3336,train,cub:6515
3338,train,cub:6520
3340,train,cub:6529
3341,train,cub:6531
3342,train,cub:6532
3343,train,cub:6533
3344,train,cub:6534
3345,train,cub:6535
3347,train,cub:6538
3348,train,cub:6539
3349,train,cub:6540
3350,train,cub:6543
3351,train,cub:6544
3352,train,cub:6546
3353,train,cub:6547
3354,train,cub:6552
3355,train,cub:6555
3356,train,cub:6558
3357,train,cub:6560
3359,train,cub:6563
3360,train,cub:6564
3361,train,cub:6565
3363,train,cub:6567
3364,train,cub:6568
3365,train,cub:6570
3366,train,cub:6572
3368,train,cub:6574
3369,train,cub:6580
3370,train,cub:6585
3371,train,cub:6586
3374,train,cub:6590
3376,train,cub:6592
3377,train,cub:6597
3378,train,cub:6598
3380,train,cub:6600
3381,train,cub:6603
3382,train,cub:6604
3383,train,cub:6605
3384,train,cub:6606
3385,train,cub:6607
3386,train,cub:6610
3387,train,cub:6611
3388,train,cub:6612
3389,train,cub:6614
3390,train,cub:6617
3391,train,cub:6622
3392,train,cub:6623
3393,train,cub:6627
3396,train,cub:6632
3398,train,cub:6634
3399,train,cub:6635
3400,train,cub:6636
3401,train,cub:6638
3403,train,cub:6641
3404,train,cub:6644
3406,train,cub:6649
3407,train,cub:6651
3408,train,cub:6654
3409,train,cub:6655
3410,train,cub:6659
3411,train,cub:6661
3413,train,cub:6663
3414,train,cub:6664
3415,train,cub:6666
3416,train,cub:6667
3417,train,cub:6668
3418,train,cub:6669
3419,train,cub:6674
3420,train,cub:6675
3421,train,cub:6676
3422,train,cub:6678
3423,train,cub:6680
3424,train,cub:6681
3425,train,cub:6682
3426,train,cub:6683
3427,train,cub:6685
3428,train,cub:6686
3432,train,cub:6697
3433,train,cub:6698
3434,train,cub:6699
3435,train,cub:6700
3436,train,cub:6702
3437,train,cub:6705
3438,train,cub:6706
3439,train,cub:6710
3441,train,cub:6715
3442,train,cub:6721
3443,train,cub:6725
3445,train,cub:6727
3447,train,cub:6729
3448,train,cub:6730
3450,train,cub:6734
3451,train,cub:6736
3452,train,cub:6739
3453,train,cub:6741
3454,train,cub:6743
3455,train,cub:6749
3457,train,cub:6752
3458,train,cub:6753
3459,train,cub:6754
3461,train,cub:6757
3462,train,cub:6758
3463,train,cub:6763
3464,train,cub:6764
3465,train,cub:6768
3466,train,cub:6770
3467,train,cub:6771
3468,train,cub:6772
3471,train,cub:6775
3472,train,cub:6776
3473,train,cub:6777
3475,train,cub:6781
3476,train,cub:6782
3477,train,cub:6786
3478,train,cub:6787
3479,train,cub:6792
3480,train,cub:6794
3481,train,cub:6795
3482,train,cub:6798
3483,train,cub:6803
3485,train,cub:6805
3486,train,cub:6809
3487,train,cub:6810
3488,train,cub:6811
3489,train,cub:6815
3490,train,cub:6817
3491,train,cub:6818
3492,train,cub:6819
3494,train,cub:6821
3496,train,cub:6823
3497,train,cub:6825
3498,train,cub:6828
3501,train,cub:6834
3502,train,cub:6835
3503,train,cub:6838
3504,train,cub:6840
3506,train,cub:6847
3507,train,cub:6848
3508,train,cub:6849
3509,train,cub:6854
3512,train,cub:6861
3513,train,cub:6863
3514,train,cub:6864
3515,train,cub:6865
3516,train,cub:6869
3518,train,cub:6873
3520,train,cub:6876
3522,train,cub:6878
3523,train,cub:6879
3524,train,cub:6880
3525,train,cub:6882
3526,train,cub:6885
3527,train,cub:6886
3528,train,cub:6887
3529,train,cub:6889
3530,train,cub:6890
3531,train,cub:6891
3533,train,cub:6896
3534,train,cub:6899
3535,train,cub:6900
3536,train,cub:6905
3537,train,cub:6907
3538,train,cub:6909
3539,train,cub:6914
3540,train,cub:6915
3541,train,cub:6916
3542,train,cub:6918
3543,train,cub:6919
3544,train,cub:6922
3546,train,cub:6926
3547,train,cub:6927
3549,train,cub:6930
3550,train,cub:6933
3551,train,cub:6934
3552,train,cub:6935
3553,train,cub:6937
3554,train,cub:6938
3555,train,cub:6943
3556,train,cub:6944
3557,train,cub:6945
3558,train,cub:6946
3560,train,cub:6952
3562,train,cub:6956
3563,train,cub:6958
3566,train,cub:6962
3567,train,cub:6968
3568,train,cub:6969
3569,train,cub:6971
3570,train,cub:6974
3571,train,cub:6979
3572,train,cub:6980
3573,train,cub:6983
3574,train,cub:6984
3575,train,cub:6985
3576,train,cub:6986
3579,train,cub:6989
3580,train,cub:6990
3582,train,cub:6994
3583,train,cub:6995
3585,train,cub:7001
3587,train,cub:7003
3588,train,cub:7004
3589,train,cub:7006
3590,train,cub:7008
3591,train,cub:7014
3592,train,cub:7016
3593,train,cub:7021
3595,train,cub:7023
3596,train,cub:7024
3597,train,cub:7028
3598,train,cub:7029
3599,train,cub:7031
3600,train,cub:7035
3601,train,cub:7038
3602,train,cub:7039
3603,train,cub:7042
3604,train,cub:7044
3605,train,cub:7045
3606,train,cub:7046
3607,train,cub:7049
3608,train,cub:7050
3609,train,cub:7052
3610,train,cub:7053
3612,train,cub:7057
3613,train,cub:7059
3614,train,cub:7063
3615,train,cub:7066
3617,train,cub:7071
3620,train,cub:7076
3622,train,cub:7079
3623,train,cub:7080
3624,train,cub:7082
3625,train,cub:7084
3626,train,cub:7086
3628,train,cub:7089
3629,train,cub:7090
3630,train,cub:7093
3633,train,cub:7099
3634,train,cub:7101
3635,train,cub:7103
3637,train,cub:7107
3638,train,cub:7108
3639,train,cub:7109
3640,train,cub:7111
3641,train,cub:7113
3642,train,cub:7116
3643,train,cub:7117
3644,train,cub:7120
3645,train,cub:7123
3646,train,cub:7124
3649,train,cub:7132
3651,train,cub:7139
3652,train,cub:7141
3653,train,cub:7142
3654,train,cub:7143
3655,train,cub:7144
3656,train,cub:7145
3657,train,cub:7146
3658,train,cub:7147
3660,train,cub:7152
3661,train,cub:7154
3662,train,cub:7156
3663,train,cub:7157
3664,train,cub:7158
3665,train,cub:7161
3667,train,cub:7164
3668,train,cub:7166
3669,train,cub:7168
3670,train,cub:7171
3671,train,cub:7178
3672,train,cub:7179
3673,train,cub:7180
3674,train,cub:7185
3675,train,cub:7186
3676,train,cub:7187
3678,train,cub:7191
3679,train,cub:7194
3681,train,cub:7197
3682,train,cub:7200
3685,train,cub:7203
3686,train,cub:7205
3687,train,cub:7207
3688,train,cub:7208
3690,train,cub:7214
3693,train,cub:7217
3694,train,cub:7218
3695,train,cub:7220
3696,train,cub:7221
3697,train,cub:7227
3698,train,cub:7229
3699,train,cub:7230
3700,train,cub:7231
3703,train,cub:7235
3704,train,cub:7238
3705,train,cub:7243
3706,train,cub:7245
3707,train,cub:7248
3708,train,cub:7250
3709,train,cub:7254
3710,train,cub:7256
3711,train,cub:7258
3712,train,cub:7259
3713,train,cub:7260
3714,train,cub:7262
3715,train,cub:7264
3716,train,cub:7265
3718,train,cub:7268
3719,train,cub:7270
3720,train,cub:7272
3721,train,cub:7274
3722,train,cub:7275
3723,train,cub:7276
3724,train,cub:7278
3725,train,cub:7285
3726,train,cub:7286
3727,train,cub:7287
3728,train,cub:7288
3729,train,cub:7290
3730,train,cub:7294
3731,train,cub:7295
3733,train,cub:7298
3735,train,cub:7301
3739,train,cub:7308
3740,train,cub:7312
3741,train,cub:7316
3742,train,cub:7318
3743,train,cub:7320
3744,train,cub:7322
3746,train,cub:7324
3747,train,cub:7325
3748,train,cub:7327
3749,train,cub:7328
3751,train,cub:7333
3752,train,cub:7334
3753,train,cub:7336
3755,train,cub:7339
3756,train,cub:7343
3757,train,cub:7345
3758,train,cub:7348
3760,train,cub:7359
3761,train,cub:7360
3762,train,cub:7362
3764,train,cub:7364
3765,train,cub:7366
3767,train,cub:7368
3768,train,cub:7370
3769,train,cub:7371
3770,train,cub:7373
3771,train,cub:7375
3772,train,cub:7376
3773,train,cub:7377
3774,train,cub:7378
3775,train,cub:7380
3777,train,cub:7382
3779,train,cub:7392
3780,train,cub:7393
3781,train,cub:7397
3782,train,cub:7399
3784,train,cub:7402
3785,train,cub:7406
3786,train,cub:7407
3787,train,cub:7410
3788,train,cub:7411
3789,train,cub:7412
3790,train,cub:7414
3791,train,cub:7416
3792,train,cub:7417
3793,train,cub:7419
3795,train,cub:7423
3798,train,cub:7429
3800,train,cub:7432
3801,train,cub:7433
3802,train,cub:7435
3803,train,cub:7437
3804,train,cub:7438
3805,train,cub:7439
3806,train,cub:7444
3807,train,cub:7445
3808,train,cub:7448
3809,train,cub:7453
3810,train,cub:7455
3811,train,cub:7456
3812,train,cub:7459
3814,train,cub:7461
3816,train,cub:7464
3819,train,cub:7468
3820,train,cub:7469
3821,train,cub:7471
3822,train,cub:7472
3823,train,cub:7474
3824,train,cub:7480
3825,train,cub:7482
3827,train,cub:7485
3828,train,cub:7489
3829,train,cub:7490
3830,train,cub:7491
3831,train,cub:7493
3832,train,cub:7495
3833,train,cub:7496
3834,train,cub:7499
3835,train,cub:7501
3836,train,cub:7503
3838,train,cub:7508
3839,train,cub:7513
3840,train,cub:7514
3842,train,cub:7517
3843,train,cub:7519
3844,train,cub:7522
3845,train,cub:7524
3846,train,cub:7525
3847,train,cub:7527
3849,train,cub:7530
3850,train,cub:7534
3851,train,cub:7535
3852,train,cub:7536
3854,train,cub:7542
3855,train,cub:7543
3856,train,cub:7544
3857,train,cub:7545
3859,train,cub:7549
3860,train,cub:7551
3862,train,cub:7555
3863,train,cub:7556
3864,train,cub:7561
3866,train,cub:7564
3867,train,cub:7566
3868,train,cub:7567
3869,train,cub:7568
3870,train,cub:7569
3871,train,cub:7570
3872,train,cub:7571
3873,train,cub:7572
3874,train,cub:7575
3876,train,cub:7579
3877,train,cub:7584
3878,train,cub:7585
3879,train,cub:7590
3880,train,cub:7592
3881,train,cub:7594
3882,train,cub:7595
3883,train,cub:7598
3886,train,cub:7604
3887,train,cub:7605
3888,train,cub:7608
3890,train,cub:7612
3892,train,cub:7617
3893,train,cub:7618
3894,train,cub:7619
3896,train,cub:7624
3897,train,cub:7626
3898,train,cub:7627
3899,train,cub:7628
3900,train,cub:7632
3901,train,cub:7633
3902,train,cub:7634
3904,train,cub:7639
3905,train,cub:7641
3906,train,cub:7643
3907,train,cub:7645
3908,train,cub:7648
3910,train,cub:7652
3912,train,cub:7654
3913,train,cub:7656
3914,train,cub:7657
3916,train,cub:7662
3917,train,cub:7664
3919,train,cub:7666
3920,train,cub:7670
3921,train,cub:7673
3922,train,cub:7676
3924,train,cub:7678
3925,train,cub:7682
3926,train,cub:7685
3927,train,cub:7686
3928,train,cub:7687
3930,train,cub:7690
3931,train,cub:7691
3932,train,cub:7694
3933,train,cub:7695
3934,train,cub:7696
3938,train,cub:7702
3939,train,cub:7703
3940,train,cub:7704
3942,train,cub:7707
3943,train,cub:7708
3944,train,cub:7711
3945,train,cub:7713
3946,train,cub:7716
3947,train,cub:7717
3949,train,cub:7726
3950,train,cub:7728
3951,train,cub:7729
3952,train,cub:7731
3953,train,cub:7732
3954,train,cub:7740
3955,train,cub:7741
3956,train,cub:7742
3957,train,cub:7744
3958,train,cub:7750
3959,train,cub:7751
3960,train,cub:7752
3961,train,cub:7755
3963,train,cub:7759
3964,train,cub:7760
3966,train,cub:7763
3967,train,cub:7764
3968,train,cub:7765
3969,train,cub:7766
3970,train,cub:7767
3971,train,cub:7770
3972,train,cub:7773
3974,train,cub:7779
3975,train,cub:7780
3976,train,cub:7784
3978,train,cub:7789
3979,train,cub:7790
3980,train,cub:7791
3981,train,cub:7792
3983,train,cub:7797
3985,train,cub:7800
3986,train,cub:7803
3987,train,cub:7804
3988,train,cub:7810
3989,train,cub:7811
3990,train,cub:7814
3992,train,cub:7817
3993,train,cub:7818
3994,train,cub:7821
3996,train,cub:7824
3997,train,cub:7826
3998,train,cub:7827
3999,train,cub:7828
4000,train,cub:7831
4001,train,cub:7832
4002,train,cub:7833
4004,train,cub:7835
4006,train,cub:7838
4007,train,cub:7840
4010,train,cub:7845
4011,train,cub:7846
4012,train,cub:7847
4013,train,cub:7848
4014,train,cub:7850
4015,train,cub:7854
4016,train,cub:7855
4017,train,cub:7861
4018,train,cub:7867
4019,train,cub:7868
4020,train,cub:7869
4021,train,cub:7870
4022,train,cub:7871
4023,train,cub:7872
4025,train,cub:7875
4026,train,cub:7876
4027,train,cub:7878
4029,train,cub:7881
4032,train,cub:7886
4033,train,cub:7890
4034,train,cub:7892
4035,train,cub:7896
4036,train,cub:7898
4037,train,cub:7899
4038,train,cub:7900
4039,train,cub:7902
4040,train,cub:7905
4041,train,cub:7910
4042,train,cub:7911
4043,train,cub:7912
4044,train,cub:7914
4046,train,cub:7921
4047,train,cub:7929
4049,train,cub:7934
4050,train,cub:7935
4051,train,cub:7936
4052,train,cub:7937
4053,train,cub:7938
4054,train,cub:7939
4055,train,cub:7940
4056,train,cub:7941
4057,train,cub:7945
4059,train,cub:7948
4060,train,cub:7954
4061,train,cub:7957
4062,train,cub:7958
4064,train,cub:7960
4065,train,cub:7961
4066,train,cub:7962
4067,train,cub:7964
4068,train,cub:7966
4069,train,cub:7968
4070,train,cub:7969
4072,train,cub:7976
4074,train,cub:7979
4076,train,cub:7983
4077,train,cub:7988
4079,train,cub:7993
4080,train,cub:7995
4081,train,cub:7997
4082,train,cub:8000
4083,train,cub:8001
4084,train,cub:8002
4085,train,cub:8004
4086,train,cub:8006
4087,train,cub:8007
4088,train,cub:8008
4089,train,cub:8010
4090,train,cub:8012
4091,train,cub:8014
4092,train,cub:8016
4095,train,cub:8020
4097,train,cub:8024
4098,train,cub:8026
4099,train,cub:8031
4101,train,cub:8035
4102,train,cub:8038
4104,train,cub:8042
4105,train,cub:8043
4106,train,cub:8044
4110,train,cub:8052
4111,train,cub:8053
4113,train,cub:8057
4114,train,cub:8060
4115,train,cub:8062
4116,train,cub:8064
4117,train,cub:8065
4119,train,cub:8067
4120,train,cub:8070
4121,train,cub:8074
4122,train,cub:8075
4123,train,cub:8076
4124,train,cub:8078
4125,train,cub:8083
4126,train,cub:8085
4127,train,cub:8089
4128,train,cub:8090
4129,train,cub:8092
4130,train,cub:8094
4132,train,cub:8099
4133,train,cub:8101
4134,train,cub:8102
4135,train,cub:8103
4136,train,cub:8104
4137,train,cub:8107
4138,train,cub:8110
4139,train,cub:8112
4140,train,cub:8113
4141,train,cub:8114
4143,train,cub:8116
4144,train,cub:8117
4145,train,cub:8120
4146,train,cub:8121
4147,train,cub:8123
4148,train,cub:8125
4150,train,cub:8129
4151,train,cub:8131
4152,train,cub:8132
4153,train,cub:8133
4154,train,cub:8138
4156,train,cub:8142
4157,train,cub:8144
4159,train,cub:8146
4160,train,cub:8147
4161,train,cub:8151
4162,train,cub:8153
4163,train,cub:8158
4165,train,cub:8161
4167,train,cub:8167
4170,train,cub:8172
4171,train,cub:8177
4172,train,cub:8178
4173,train,cub:8179
4174,train,cub:8180
4175,train,cub:8181
4176,train,cub:8183
4177,train,cub:8187
4178,train,cub:8191
4179,train,cub:8192
4181,train,cub:8194
4182,train,cub:8198
4183,train,cub:8201
4184,train,cub:8202
4185,train,cub:8203
4189,train,cub:8209
4190,train,cub:8211
4191,train,cub:8212
4192,train,cub:8214
4193,train,cub:8217
4194,train,cub:8218
4195,train,cub:8219
4196,train,cub:8221
4197,train,cub:8226
4198,train,cub:8229
4199,train,cub:8230
4200,train,cub:8231
4201,train,cub:8233
4202,train,cub:8236
4203,train,cub:8237
4204,train,cub:8239
4205,train,cub:8240
4208,train,cub:8247
4209,train,cub:8250
4210,train,cub:8251
4211,train,cub:8255
4212,train,cub:8256
4213,train,cub:8258
4215,train,cub:8263
4216,train,cub:8264
4218,train,cub:8267
4219,train,cub:8269
4220,train,cub:8271
4221,train,cub:8274
4224,train,cub:8280
4225,train,cub:8281
4226,train,cub:8286
4227,train,cub:8287
4228,train,cub:8288
4230,train,cub:8290
4231,train,cub:8291
4233,train,cub:8294
4234,train,cub:8295
4235,train,cub:8297
4237,train,cub:8301
4238,train,cub:8302
4239,train,cub:8303
4240,train,cub:8305
4241,train,cub:8306
4242,train,cub:8309
4244,train,cub:8321
4245,train,cub:8322
4246,train,cub:8323
4247,train,cub:8324
4248,train,cub:8329
4249,train,cub:8335
4252,train,cub:8339
4253,train,cub:8340
4254,train,cub:8341
4255,train,cub:8343
4256,train,cub:8344
4258,train,cub:8354
4261,train,cub:8361
4262,train,cub:8363
4263,train,cub:8366
4264,train,cub:8368
4265,train,cub:8369
4266,train,cub:8370
4267,train,cub:8371
4268,train,cub:8373
4269,train,cub:8374
4270,train,cub:8376
4271,train,cub:8377
4272,train,cub:8378
4273,train,cub:8379
4275,train,cub:8384
4276,train,cub:8385
4277,train,cub:8390
4279,train,cub:8392
4280,train,cub:8394
4281,train,cub:8398
4282,train,cub:8400
4284,train,cub:8402
4285,train,cub:8403
4286,train,cub:8405
4287,train,cub:8406
4288,train,cub:8407
4289,train,cub:8408
4290,train,cub:8409
4291,train,cub:8410
4292,train,cub:8411
4293,train,cub:8413
4295,train,cub:8416
4296,train,cub:8419
4297,train,cub:8422
4298,train,cub:8427
4301,train,cub:8431
4302,train,cub:8435
4303,train,cub:8436
4304,train,cub:8437
4305,train,cub:8441
4306,train,cub:8445
4307,train,cub:8449
4309,train,cub:8452
4311,train,cub:8456
4312,train,cub:8458
4314,train,cub:8460
4315,train,cub:8462
4316,train,cub:8466
4318,train,cub:8471
4320,train,cub:8473
4321,train,cub:8479
4323,train,cub:8482
4324,train,cub:8483
4325,train,cub:8484
4326,train,cub:8486
4327,train,cub:8491
4329,train,cub:8496
4330,train,cub:8498
4331,train,cub:8499
4332,train,cub:8500
4333,train,cub:8502
4334,train,cub:8510
4336,train,cub:8513
4337,train,cub:8514
4338,train,cub:8515
4339,train,cub:8516
4340,train,cub:8517
4341,train,cub:8518
4343,train,cub:8521
4344,train,cub:8522
4345,train,cub:8523
4346,train,cub:8526
4347,train,cub:8527
4348,train,cub:8532
4349,train,cub:8533
4351,train,cub:8536
4352,train,cub:8540
4353,train,cub:8543
4355,train,cub:8545
4357,train,cub:8549
4358,train,cub:8550
4359,train,cub:8551
4360,train,cub:8553
4361,train,cub:8556
4362,train,cub:8557
4363,train,cub:8559
4364,train,cub:8562
4365,train,cub:8564
4366,train,cub:8566
4367,train,cub:8567
4369,train,cub:8569
4371,train,cub:8572
4372,train,cub:8574
4373,train,cub:8576
4375,train,cub:8583
4376,train,cub:8584
4377,train,cub:8585
4378,train,cub:8587
4379,train,cub:8588
4380,train,cub:8589
4383,train,cub:8598
4384,train,cub:8599
4385,train,cub:8602
4386,train,cub:8603
4387,train,cub:8605
4389,train,cub:8607
4391,train,cub:8612
4392,train,cub:8614
4394,train,cub:8616
4395,train,cub:8621
4396,train,cub:8625
4397,train,cub:8626
4398,train,cub:8632
4399,train,cub:8635
4400,train,cub:8636
4401,train,cub:8637
4402,train,cub:8638
4404,train,cub:8642
4405,train,cub:8643
4406,train,cub:8646
4410,train,cub:8653
4411,train,cub:8656
4412,train,cub:8657
4413,train,cub:8661
4414,train,cub:8662
4415,train,cub:8663
4416,train,cub:8666
4417,train,cub:8668
4418,train,cub:8670
4419,train,cub:8671
4420,train,cub:8673
4422,train,cub:8676
4423,train,cub:8677
4424,train,cub:8679
4425,train,cub:8681
4426,train,cub:8683
4427,train,cub:8685
4428,train,cub:8687
4429,train,cub:8688
4431,train,cub:8698
4432,train,cub:8700
4433,train,cub:8701
4434,train,cub:8702
4436,train,cub:8704
4437,train,cub:8707
4439,train,cub:8710
4440,train,cub:8711
4441,train,cub:8714
4442,train,cub:8716
4443,train,cub:8717
4445,train,cub:8721
4446,train,cub:8724
4447,train,cub:8725
4448,train,cub:8728
4449,train,cub:8730
4450,train,cub:8731
4452,train,cub:8733
4453,train,cub:8734
4454,train,cub:8736
4455,train,cub:8738
4457,train,cub:8745
4458,train,cub:8746
4459,train,cub:8750
4460,train,cub:8751
4461,train,cub:8754
4463,train,cub:8756
4464,train,cub:8759
4466,train,cub:8764
4467,train,cub:8765
4468,train,cub:8766
4469,train,cub:8767
4470,train,cub:8769
4471,train,cub:8770
4472,train,cub:8772
4473,train,cub:8773
4477,train,cub:8786
4478,train,cub:8787
4480,train,cub:8792
4481,train,cub:8794
4482,train,cub:8798
4483,train,cub:8799
4485,train,cub:8801
4486,train,cub:8804
4488,train,cub:8806
4489,train,cub:8810
4490,train,cub:8813
4491,train,cub:8814
4492,train,cub:8815
4493,train,cub:8816
4494,train,cub:8819
4495,train,cub:8820
4497,train,cub:8824
4498,train,cub:8828
4499,train,cub:8829
4500,train,cub:8830
4502,train,cub:8832
4503,train,cub:8833
4504,train,cub:8835
4505,train,cub:8836
4506,train,cub:8837
4507,train,cub:8838
4509,train,cub:8842
4510,train,cub:8843
4511,train,cub:8845
4512,train,cub:8847
4515,train,cub:8852
4516,train,cub:8853
4517,train,cub:8855
4518,train,cub:8860
4519,train,cub:8861
4520,train,cub:8863
4521,train,cub:8866
4522,train,cub:8868
4524,train,cub:8870
4525,train,cub:8871
4526,train,cub:8875
4527,train,cub:8877
4528,train,cub:8878
4529,train,cub:8881
4530,train,cub:8884
4531,train,cub:8885
4532,train,cub:8886
4533,train,cub:8889
4536,train,cub:8896
4537,train,cub:8901
4538,train,cub:8902
4540,train,cub:8907
4541,train,cub:8908
4542,train,cub:8911
4545,train,cub:8914
4546,train,cub:8915
4547,train,cub:8916
4548,train,cub:8917
4550,train,cub:8924
4551,train,cub:8925
4552,train,cub:8927
4553,train,cub:8928
4554,train,cub:8929
4555,train,cub:8933
4556,train,cub:8935
4557,train,cub:8938
4559,train,cub:8943
4560,train,cub:8944
4561,train,cub:8947
4562,train,cub:8948
4563,train,cub:8949
4564,train,cub:8951
4565,train,cub:8953
4567,train,cub:8955
4568,train,cub:8957
4569,train,cub:8958
4571,train,cub:8962
4573,train,cub:8964
4574,train,cub:8966
4575,train,cub:8970
4576,train,cub:8972
4577,train,cub:8974
4579,train,cub:8977
4580,train,cub:8982
4581,train,cub:8983
4583,train,cub:8987
4584,train,cub:8989
4585,train,cub:8991
4587,train,cub:9000
4588,train,cub:9002
4589,train,cub:9005
4590,train,cub:9006
4591,train,cub:9012
4592,train,cub:9014
4593,train,cub:9017
4596,train,cub:9020
4597,train,cub:9021
4599,train,cub:9023
4600,train,cub:9024
4601,train,cub:9027
4602,train,cub:9028
4604,train,cub:9030
4605,train,cub:9031
4606,train,cub:9032
4607,train,cub:9035
4608,train,cub:9036
4609,train,cub:9037
4610,train,cub:9039
4611,train,cub:9040
4612,train,cub:9041
4614,train,cub:9043
4615,train,cub:9051
4616,train,cub:9055
4619,train,cub:9060
4620,train,cub:9062
4621,train,cub:9063
4622,train,cub:9065
4623,train,cub:9067
4624,train,cub:9068
4625,train,cub:9070
4626,train,cub:9074
4627,train,cub:9076
4628,train,cub:9078
4630,train,cub:9083
4631,train,cub:9086
4634,train,cub:9090
4636,train,cub:9092
4637,train,cub:9093
4638,train,cub:9094
4639,train,cub:9100
4640,train,cub:9101
4641,train,cub:9104
4642,train,cub:9105
4643,train,cub:9106
4644,train,cub:9107
4645,train,cub:9112
4646,train,cub:9115
4647,train,cub:9116
4648,train,cub:9117
4649,train,cub:9118
4650,train,cub:9119
4651,train,cub:9120
4652,train,cub:9122
4653,train,cub:9123
4654,train,cub:9125
4655,train,cub:9126
4657,train,cub:9134
4658,train,cub:9138
4659,train,cub:9142
4661,train,cub:9144
4662,train,cub:9145
4663,train,cub:9146
4664,train,cub:9150
4667,train,cub:9157
4668,train,cub:9158
4669,train,cub:9160
4671,train,cub:9162
4672,train,cub:9163
4673,train,cub:9164
4674,train,cub:9166
4677,train,cub:9184
4680,train,cub:9190
4682,train,cub:9192
4683,train,cub:9193
4684,train,cub:9197
4685,train,cub:9199
4686,train,cub:9200
4687,train,cub:9202
4688,train,cub:9203
4689,train,cub:9204
4690,train,cub:9206
4691,train,cub:9207
4692,train,cub:9209
4693,train,cub:9210
4694,train,cub:9211
4695,train,cub:9212
4696,train,cub:9214
4698,train,cub:9220
4699,train,cub:9221
4700,train,cub:9223
4701,train,cub:9224
4703,train,cub:9226
4704,train,cub:9227
4705,train,cub:9228
4706,train,cub:9232
4707,train,cub:9234
4708,train,cub:9235
4710,train,cub:9237
4712,train,cub:9242
4713,train,cub:9244
4714,train,cub:9247
4716,train,cub:9253
4718,train,cub:9256
4720,train,cub:9263
4721,train,cub:9265
4722,train,cub:9269
4723,train,cub:9271
4724,train,cub:9273
4725,train,cub:9274
4727,train,cub:9277
4728,train,cub:9281
4729,train,cub:9283
4730,train,cub:9284
4731,train,cub:9286
4732,train,cub:9287
4733,train,cub:9288
4734,train,cub:9290
4735,train,cub:9291
4736,train,cub:9292
4737,train,cub:9293
4739,train,cub:9299
4740,train,cub:9300
4741,train,cub:9302
4742,train,cub:9304
4743,train,cub:9305
4744,train,cub:9307
4746,train,cub:9311
4747,train,cub:9313
4748,train,cub:9314
4750,train,cub:9317
4752,train,cub:9322
4753,train,cub:9324
4755,train,cub:9328
4757,train,cub:9332
4758,train,cub:9335
4759,train,cub:9336
4760,train,cub:9337
4761,train,cub:9340
4762,train,cub:9342
4763,train,cub:9345
4764,train,cub:9350
4765,train,cub:9351
4766,train,cub:9354
4767,train,cub:9357
4768,train,cub:9358
4769,train,cub:9359
4770,train,cub:9360
4771,train,cub:9361
4772,train,cub:9364
4773,train,cub:9365
4774,train,cub:9367
4775,train,cub:9369
4776,train,cub:9371
4777,train,cub:9372
4778,train,cub:9373
4779,train,cub:9374
4780,train,cub:9376
4781,train,cub:9381
4782,train,cub:9382
4784,train,cub:9387
4785,train,cub:9388
4787,train,cub:9393
4789,train,cub:9400
4791,train,cub:9404
4792,train,cub:9405
4795,train,cub:9409
4796,train,cub:9411
4797,train,cub:9414
4798,train,cub:9415
4800,train,cub:9421
4801,train,cub:9423
4802,train,cub:9424
4803,train,cub:9425
4804,train,cub:9427
4805,train,cub:9429
4806,train,cub:9430
4807,train,cub:9432
4808,train,cub:9434
4809,train,cub:9437
4810,train,cub:9438
4812,train,cub:9442
4813,train,cub:9444
4815,train,cub:9446
4816,train,cub:9447
4817,train,cub:9450
4819,train,cub:9458
4820,train,cub:9460
4822,train,cub:9464
4823,train,cub:9465
4825,train,cub:9469
4827,train,cub:9477
4828,train,cub:9478
4830,train,cub:9481
4831,train,cub:9483
4832,train,cub:9484
4833,train,cub:9485
4835,train,cub:9491
4837,train,cub:9497
4838,train,cub:9499
4839,train,cub:9501
4840,train,cub:9502
4841,train,cub:9503
4842,train,cub:9506
4843,train,cub:9508
4844,train,cub:9511
4845,train,cub:9512
4846,train,cub:9513
4847,train,cub:9515
4848,train,cub:9516
4849,train,cub:9517
4851,train,cub:9521
4853,train,cub:9525
4854,train,cub:9526
4855,train,cub:9530
4857,train,cub:9532
4858,train,cub:9536
4859,train,cub:9538
4862,train,cub:9544
4863,train,cub:9545
4864,train,cub:9546
4866,train,cub:9553
4867,train,cub:9557
4868,train,cub:9559
4869,train,cub:9562
4870,train,cub:9563
4871,train,cub:9565
4872,train,cub:9568
4873,train,cub:9570
4875,train,cub:9574
4876,train,cub:9575
4878,train,cub:9578
4879,train,cub:9579
4880,train,cub:9581
4881,train,cub:9582
4882,train,cub:9583
4883,train,cub:9585
4884,train,cub:9589
4885,train,cub:9590
4886,train,cub:9592
4887,train,cub:9594
4888,train,cub:9596
4890,train,cub:9603
4891,train,cub:9605
4893,train,cub:9608
4894,train,cub:9609
4895,train,cub:9612
4896,train,cub:9616
4897,train,cub:9617
4898,train,cub:9620
4899,train,cub:9621
4900,train,cub:9622
4901,train,cub:9624
4902,train,cub:9625
4904,train,cub:9627
4906,train,cub:9630
4907,train,cub:9632
4908,train,cub:9635
4909,train,cub:9638
4910,train,cub:9639
4912,train,cub:9644
4914,train,cub:9647
4915,train,cub:9650
4917,train,cub:9653
4918,train,cub:9656
4919,train,cub:9657
4920,train,cub:9660
4921,train,cub:9664
4922,train,cub:9665
4923,train,cub:9666
4924,train,cub:9670
4925,train,cub:9671
4926,train,cub:9672
4927,train,cub:9674
4928,train,cub:9675
4929,train,cub:9677
4933,train,cub:9682
4934,train,cub:9685
4935,train,cub:9691
4936,train,cub:9693
4939,train,cub:9700
4940,train,cub:9701
4941,train,cub:9703
4942,train,cub:9704
4943,train,cub:9707
4944,train,cub:9709
4945,train,cub:9710
4946,train,cub:9712
4948,train,cub:9715
4949,train,cub:9719
4950,train,cub:9721
4951,train,cub:9723
4952,train,cub:9724
4953,train,cub:9725
4954,train,cub:9726
4955,train,cub:9729
4956,train,cub:9731
4957,train,cub:9734
4958,train,cub:9735
4959,train,cub:9736
4960,train,cub:9740
4961,train,cub:9741
4962,train,cub:9745
4963,train,cub:9746
4966,train,cub:9749
4968,train,cub:9751
4969,train,cub:9753
4970,train,cub:9757
4972,train,cub:9762
4973,train,cub:9764
4975,train,cub:9769
4976,train,cub:9770
4977,train,cub:9774
4978,train,cub:9779
4980,train,cub:9781
4981,train,cub:9783
4982,train,cub:9784
4983,train,cub:9786
4984,train,cub:9788
4986,train,cub:9793
4988,train,cub:9797
4989,train,cub:9799
4991,train,cub:9804
4992,train,cub:9806
4993,train,cub:9808
4994,train,cub:9810
4995,train,cub:9811
4996,train,cub:9812
4997,train,cub:9814
4998,train,cub:9815
5000,train,cub:9824
5001,train,cub:9825
5003,train,cub:9827
5004,train,cub:9828
5005,train,cub:9829
5006,train,cub:9831
5007,train,cub:9833
5008,train,cub:9834
5009,train,cub:9839
5010,train,cub:9840
5011,train,cub:9841
5013,train,cub:9846
5014,train,cub:9850
5015,train,cub:9852
5016,train,cub:9853
5017,train,cub:9855
5019,train,cub:9858
5020,train,cub:9859
5021,train,cub:9861
5022,train,cub:9862
5023,train,cub:9864
5025,train,cub:9869
5026,train,cub:9871
5027,train,cub:9874
5029,train,cub:9878
5030,train,cub:9880
5032,train,cub:9882
5033,train,cub:9884
5035,train,cub:9888
5036,train,cub:9890
5037,train,cub:9893
5038,train,cub:9895
5039,train,cub:9896
5040,train,cub:9898
5041,train,cub:9899
5042,train,cub:9901
5043,train,cub:9902
5044,train,cub:9906
5046,train,cub:9910
5047,train,cub:9912
5048,train,cub:9916
5049,train,cub:9923
5052,train,cub:9928
5053,train,cub:9929
5055,train,cub:9933
5057,train,cub:9936
5058,train,cub:9937
5059,train,cub:9938
5060,train,cub:9939
5061,train,cub:9940
5062,train,cub:9941
5063,train,cub:9944
5065,train,cub:9947
5066,train,cub:9948
5067,train,cub:9950
5068,train,cub:9951
5069,train,cub:9953
5070,train,cub:9954
5071,train,cub:9955
5072,train,cub:9956
5073,train,cub:9960
5074,train,cub:9962
5075,train,cub:9963
5076,train,cub:9964
5078,train,cub:9966
5079,train,cub:9967
5080,train,cub:9968
5081,train,cub:9969
5082,train,cub:9970
5083,train,cub:9973
5084,train,cub:9974
5085,train,cub:9975
5087,train,cub:9979
5089,train,cub:9994
5091,train,cub:10001
5092,train,cub:10002
5093,train,cub:10003
5096,train,cub:10008
5097,train,cub:10009
5098,train,cub:10012
5099,train,cub:10013
5100,train,cub:10014
5103,train,cub:10018
5105,train,cub:10020
5107,train,cub:10025
5108,train,cub:10026
5109,train,cub:10027
5110,train,cub:10034
5111,train,cub:10036
5113,train,cub:10040
5114,train,cub:10043
5115,train,cub:10045
5116,train,cub:10046
5118,train,cub:10050
5119,train,cub:10051
5120,train,cub:10053
5121,train,cub:10060
5122,train,cub:10061
5123,train,cub:10063
5124,train,cub:10066
5125,train,cub:10067
5126,train,cub:10071
5128,train,cub:10073
5129,train,cub:10074
5130,train,cub:10075
5131,train,cub:10076
5132,train,cub:10078
5133,train,cub:10083
5135,train,cub:10086
5136,train,cub:10087
5139,train,cub:10101
5140,train,cub:10102
5141,train,cub:10103
5142,train,cub:10104
5144,train,cub:10107
5145,train,cub:10108
5146,train,cub:10111
5147,train,cub:10113
5148,train,cub:10114
5149,train,cub:10117
5150,train,cub:10119
5151,train,cub:10120
5153,train,cub:10124
5154,train,cub:10125
5155,train,cub:10126
5156,train,cub:10128
5158,train,cub:10132
5159,train,cub:10134
5160,train,cub:10140
5161,train,cub:10143
5162,train,cub:10144
5163,train,cub:10146
5164,train,cub:10148
5165,train,cub:10149
5166,train,cub:10152
5167,train,cub:10153
5168,train,cub:10155
5169,train,cub:10156
5171,train,cub:10158
5172,train,cub:10159
5173,train,cub:10160
5174,train,cub:10162
5175,train,cub:10165
5177,train,cub:10168
5181,train,cub:10179
5182,train,cub:10180
5183,train,cub:10183
5184,train,cub:10184
5185,train,cub:10186
5186,train,cub:10189
5188,train,cub:10191
5189,train,cub:10194
5190,train,cub:10197
5191,train,cub:10199
5192,train,cub:10200
5193,train,cub:10202
5194,train,cub:10203
5197,train,cub:10208
5198,train,cub:10209
5200,train,cub:10213
5202,train,cub:10215
5203,train,cub:10220
5204,train,cub:10223
5205,train,cub:10225
5206,train,cub:10227
5207,train,cub:10230
5209,train,cub:10237
5210,train,cub:10240
5211,train,cub:10243
5212,train,cub:10244
5213,train,cub:10245
5214,train,cub:10246
5215,train,cub:10247
5216,train,cub:10248
5217,train,cub:10249
5218,train,cub:10250
5220,train,cub:10255
5221,train,cub:10260
5222,train,cub:10262
5223,train,cub:10263
5224,train,cub:10264
5225,train,cub:10265
5227,train,cub:10267
5228,train,cub:10269
5230,train,cub:10271
5231,train,cub:10273
5232,train,cub:10275
5233,train,cub:10277
5234,train,cub:10278
5235,train,cub:10280
5237,train,cub:10283
5239,train,cub:10287
5240,train,cub:10291
5241,train,cub:10300
5242,train,cub:10303
5243,train,cub:10304
5245,train,cub:10306
5246,train,cub:10309
5247,train,cub:10311
5249,train,cub:10315
5250,train,cub:10319
5251,train,cub:10321
5252,train,cub:10322
5253,train,cub:10324
5254,train,cub:10326
5256,train,cub:10330
5257,train,cub:10331
5258,train,cub:10333
5259,train,cub:10335
5260,train,cub:10336
5261,train,cub:10340
5265,train,cub:10347
5266,train,cub:10348
5267,train,cub:10349
5269,train,cub:10353
5270,train,cub:10354
5271,train,cub:10357
5272,train,cub:10360
5273,train,cub:10362
5274,train,cub:10363
5275,train,cub:10365
5277,train,cub:10370
5279,train,cub:10373
5280,train,cub:10375
5281,train,cub:10376
5282,train,cub:10378
5283,train,cub:10379
5284,train,cub:10382
5285,train,cub:10388
5286,train,cub:10394
5287,train,cub:10395
5288,train,cub:10397
5289,train,cub:10398
5291,train,cub:10403
5293,train,cub:10405
5294,train,cub:10406
5296,train,cub:10409
5297,train,cub:10410
5299,train,cub:10413
5300,train,cub:10414
5301,train,cub:10416
5302,train,cub:10418
5303,train,cub:10420
5304,train,cub:10424
5305,train,cub:10426
5308,train,cub:10430
5310,train,cub:10435
5311,train,cub:10436
5312,train,cub:10437
5313,train,cub:10440
5315,train,cub:10444
5317,train,cub:10448
5318,train,cub:10451
5319,train,cub:10452
5320,train,cub:10455
5321,train,cub:10457
5322,train,cub:10458
5323,train,cub:10459
5324,train,cub:10460
5325,train,cub:10461
5326,train,cub:10462
5327,train,cub:10466
5328,train,cub:10467
5329,train,cub:10469
5330,train,cub:10470
5331,train,cub:10474
5332,train,cub:10476
5333,train,cub:10479
5334,train,cub:10481
5336,train,cub:10484
5337,train,cub:10486
5339,train,cub:10491
5340,train,cub:10492
5341,train,cub:10495
5342,train,cub:10497
5343,train,cub:10498
5344,train,cub:10502
5346,train,cub:10507
5347,train,cub:10508
5348,train,cub:10509
5349,train,cub:10510
5350,train,cub:10511
5351,train,cub:10512
5352,train,cub:10513
5354,train,cub:10518
5355,train,cub:10523
5356,train,cub:10524
5357,train,cub:10526
5358,train,cub:10527
5360,train,cub:10531
5361,train,cub:10533
5362,train,cub:10539
5365,train,cub:10542
5366,train,cub:10544
5367,train,cub:10545
5368,train,cub:10550
5369,train,cub:10552
5370,train,cub:10553
5371,train,cub:10555
5372,train,cub:10556
5373,train,cub:10558
5374,train,cub:10559
5375,train,cub:10560
5376,train,cub:10561
5377,train,cub:10562
5378,train,cub:10564
5379,train,cub:10566
5381,train,cub:10573
5382,train,cub:10574
5383,train,cub:10575
5386,train,cub:10582
5387,train,cub:10583
5388,train,cub:10586
5391,train,cub:10593
5392,train,cub:10595
5393,train,cub:10598
5395,train,cub:10602
5396,train,cub:10603
5397,train,cub:10605
5398,train,cub:10606
5399,train,cub:10607
5401,train,cub:10612
5402,train,cub:10613
5404,train,cub:10617
5406,train,cub:10622
5407,train,cub:10624
5408,train,cub:10626
5409,train,cub:10628
5410,train,cub:10630
5411,train,cub:10632
5412,train,cub:10633
5413,train,cub:10634
5414,train,cub:10636
5415,train,cub:10638
5417,train,cub:10643
5418,train,cub:10645
5420,train,cub:10651
5421,train,cub:10656
5422,train,cub:10657
5424,train,cub:10659
5425,train,cub:10660
5426,train,cub:10663
5427,train,cub:10665
5429,train,cub:10674
5430,train,cub:10676
5431,train,cub:10677
5432,train,cub:10681
5433,train,cub:10682
5434,train,cub:10683
5435,train,cub:10686
5436,train,cub:10687
5437,train,cub:10690
5438,train,cub:10691
5439,train,cub:10692
5440,train,cub:10693
5442,train,cub:10696
5444,train,cub:10700
5445,train,cub:10701
5446,train,cub:10702
5448,train,cub:10708
5449,train,cub:10709
5450,train,cub:10710
5451,train,cub:10711
5453,train,cub:10716
5455,train,cub:10718
5456,train,cub:10723
5457,train,cub:10724
5458,train,cub:10727
5459,train,cub:10728
5460,train,cub:10731
5461,train,cub:10734
5462,train,cub:10735
5463,train,cub:10738
5464,train,cub:10739
5465,train,cub:10741
5466,train,cub:10743
5467,train,cub:10747
5469,train,cub:10753
5470,train,cub:10756
5471,train,cub:10757
5472,train,cub:10758
5475,train,cub:10763
5476,train,cub:10764
5477,train,cub:10765
5480,train,cub:10771
5482,train,cub:10774
5483,train,cub:10776
5484,train,cub:10777
5485,train,cub:10781
5486,train,cub:10783
5487,train,cub:10785
5488,train,cub:10788
5489,train,cub:10789
5490,train,cub:10790
5492,train,cub:10792
5493,train,cub:10794
5494,train,cub:10795
5495,train,cub:10796
5496,train,cub:10799
5497,train,cub:10800
5498,train,cub:10801
5500,train,cub:10803
5503,train,cub:10813
5504,train,cub:10814
5505,train,cub:10817
5506,train,cub:10818
5509,train,cub:10822
5510,train,cub:10823
5511,train,cub:10830
5512,train,cub:10832
5513,train,cub:10834
5514,train,cub:10836
5515,train,cub:10841
5516,train,cub:10842
5518,train,cub:10849
5519,train,cub:10850
5520,train,cub:10851
5522,train,cub:10853
5523,train,cub:10854
5524,train,cub:10855
5525,train,cub:10859
5526,train,cub:10863
5527,train,cub:10867
5529,train,cub:10871
5530,train,cub:10873
5532,train,cub:10877
5533,train,cub:10878
5534,train,cub:10880
5535,train,cub:10884
5537,train,cub:10888
5538,train,cub:10890
5540,train,cub:10894
5541,train,cub:10895
5542,train,cub:10896
5543,train,cub:10897
5544,train,cub:10899
5545,train,cub:10901
5546,train,cub:10904
5547,train,cub:10905
5548,train,cub:10907
5550,train,cub:10913
5551,train,cub:10914
5552,train,cub:10918
5553,train,cub:10920
5554,train,cub:10924
5555,train,cub:10926
5557,train,cub:10932
5558,train,cub:10933
5559,train,cub:10934
5560,train,cub:10939
5562,train,cub:10941
5563,train,cub:10943
5564,train,cub:10944
5565,train,cub:10946
5566,train,cub:10948
5567,train,cub:10950
5568,train,cub:10953
5571,train,cub:10957
5572,train,cub:10958
5574,train,cub:10960
5575,train,cub:10961
5576,train,cub:10964
5577,train,cub:10965
5578,train,cub:10966
5579,train,cub:10967
5580,train,cub:10968
5581,train,cub:10969
5582,train,cub:10972
5583,train,cub:10975
5584,train,cub:10977
5585,train,cub:10978
5586,train,cub:10979
5587,train,cub:10980
5589,train,cub:10983
5590,train,cub:10988
5591,train,cub:10989
5592,train,cub:10991
5594,train,cub:10994
5596,train,cub:10996
5597,train,cub:10997
5599,train,cub:11000
5600,train,cub:11001
5601,train,cub:11003
5603,train,cub:11007
5604,train,cub:11008
5606,train,cub:11013
5607,train,cub:11014
5609,train,cub:11018
5611,train,cub:11020
5612,train,cub:11021
5613,train,cub:11022
5614,train,cub:11023
5615,train,cub:11024
5618,train,cub:11034
5619,train,cub:11036
5620,train,cub:11037
5621,train,cub:11038
5623,train,cub:11045
5624,train,cub:11047
5625,train,cub:11050
5626,train,cub:11054
5627,train,cub:11056
5629,train,cub:11059
5630,train,cub:11060
5631,train,cub:11061
5632,train,cub:11065
5633,train,cub:11067
5634,train,cub:11069
5635,train,cub:11071
5636,train,cub:11072
5637,train,cub:11073
5639,train,cub:11075
5640,train,cub:11076
5641,train,cub:11082
5642,train,cub:11083
5643,train,cub:11084
5644,train,cub:11086
5646,train,cub:11088
5647,train,cub:11089
5648,train,cub:11090
5649,train,cub:11092
5650,train,cub:11093
5653,train,cub:11099
5654,train,cub:11101
5656,train,cub:11107
5657,train,cub:11108
5658,train,cub:11109
5659,train,cub:11112
5660,train,cub:11113
5662,train,cub:11120
5663,train,cub:11121
5664,train,cub:11127
5665,train,cub:11129
5667,train,cub:11134
5668,train,cub:11135
5669,train,cub:11139
5670,train,cub:11143
5671,train,cub:11146
5672,train,cub:11147
5674,train,cub:11149
5675,train,cub:11151
5679,train,cub:11156
5680,train,cub:11157
5681,train,cub:11158
5682,train,cub:11159
5683,train,cub:11162
5684,train,cub:11166
5685,train,cub:11173
5686,train,cub:11174
5687,train,cub:11177
5688,train,cub:11178
5689,train,cub:11179
5690,train,cub:11181
5692,train,cub:11185
5693,train,cub:11188
5694,train,cub:11189
5695,train,cub:11193
5696,train,cub:11195
5697,train,cub:11196
5700,train,cub:11206
5701,train,cub:11210
5702,train,cub:11211
5704,train,cub:11215
5706,train,cub:11218
5707,train,cub:11219
5708,train,cub:11220
5709,train,cub:11221
5710,train,cub:11224
5711,train,cub:11226
5712,train,cub:11228
5713,train,cub:11229
5714,train,cub:11232
5715,train,cub:11233
5716,train,cub:11235
5717,train,cub:11236
5720,train,cub:11240
5721,train,cub:11242
5722,train,cub:11243
5723,train,cub:11244
5724,train,cub:11248
5725,train,cub:11251
5726,train,cub:11252
5729,train,cub:11261
5731,train,cub:11265
5732,train,cub:11268
5733,train,cub:11269
5734,train,cub:11271
5735,train,cub:11272
5736,train,cub:11276
5737,train,cub:11277
5738,train,cub:11279
5739,train,cub:11280
5740,train,cub:11283
5741,train,cub:11286
5745,train,cub:11293
5746,train,cub:11294
5747,train,cub:11295
5748,train,cub:11299
5749,train,cub:11300
5750,train,cub:11302
5751,train,cub:11303
5752,train,cub:11304
5753,train,cub:11306
5754,train,cub:11309
5755,train,cub:11313
5756,train,cub:11316
5757,train,cub:11317
5758,train,cub:11319
5760,train,cub:11323
5761,train,cub:11324
5762,train,cub:11326
5763,train,cub:11328
5765,train,cub:11332
5766,train,cub:11333
5767,train,cub:11339
5768,train,cub:11341
5770,train,cub:11345
5773,train,cub:11351
5774,train,cub:11354
5775,train,cub:11355
5776,train,cub:11356
5777,train,cub:11358
5779,train,cub:11360
5780,train,cub:11363
5781,train,cub:11364
5782,train,cub:11366
5783,train,cub:11367
5784,train,cub:11369
5785,train,cub:11375
5786,train,cub:11376
5787,train,cub:11382
5788,train,cub:11383
5789,train,cub:11385
5790,train,cub:11386
5792,train,cub:11390
5793,train,cub:11391
5794,train,cub:11392
5795,train,cub:11394
5798,train,cub:11401
5799,train,cub:11403
5801,train,cub:11406
5802,train,cub:11407
5804,train,cub:11411
5805,train,cub:11412
5806,train,cub:11414
5807,train,cub:11416
5808,train,cub:11421
5809,train,cub:11423
5810,train,cub:11424
5811,train,cub:11425
5812,train,cub:11426
5814,train,cub:11429
5816,train,cub:11433
5817,train,cub:11435
5818,train,cub:11436
5819,train,cub:11439
5820,train,cub:11440
5821,train,cub:11441
5822,train,cub:11443
5823,train,cub:11446
5825,train,cub:11448
5826,train,cub:11451
5827,train,cub:11452
5828,train,cub:11455
5830,train,cub:11460
5832,train,cub:11465
5833,train,cub:11466
5834,train,cub:11468
5836,train,cub:11473
5837,train,cub:11474
5838,train,cub:11475
5839,train,cub:11479
5840,train,cub:11480
5841,train,cub:11484
5842,train,cub:11485
5843,train,cub:11487
5845,train,cub:11490
5847,train,cub:11492
5848,train,cub:11493
5849,train,cub:11498
5850,train,cub:11500
5851,train,cub:11506
5852,train,cub:11507
5853,train,cub:11508
5854,train,cub:11509
5856,train,cub:11511
5857,train,cub:11512
5858,train,cub:11516
5859,train,cub:11517
5860,train,cub:11518
5861,train,cub:11522
5862,train,cub:11524
5863,train,cub:11529
5866,train,cub:11533
5867,train,cub:11535
5868,train,cub:11536
5871,train,cub:11545
5872,train,cub:11546
5873,train,cub:11548
5874,train,cub:11552
5875,train,cub:11553
5876,train,cub:11554
5879,train,cub:11557
5880,train,cub:11558
5881,train,cub:11560
5882,train,cub:11561
5883,train,cub:11565
5884,train,cub:11569
5885,train,cub:11572
5887,train,cub:11579
5888,train,cub:11580
5889,train,cub:11582
5890,train,cub:11584
5891,train,cub:11585
5893,train,cub:11590
5894,train,cub:11591
5895,train,cub:11594
5896,train,cub:11596
5897,train,cub:11598
5898,train,cub:11599
5899,train,cub:11601
5900,train,cub:11604
5903,train,cub:11607
5904,train,cub:11610
5905,train,cub:11612
5906,train,cub:11613
5907,train,cub:11614
5908,train,cub:11616
5910,train,cub:11619
5911,train,cub:11621
5912,train,cub:11622
5914,train,cub:11624
5915,train,cub:11626
5916,train,cub:11627
5918,train,cub:11634
5919,train,cub:11635
5920,train,cub:11636
5921,train,cub:11640
5923,train,cub:11643
5924,train,cub:11647
5926,train,cub:11655
5927,train,cub:11657
5929,train,cub:11663
5930,train,cub:11664
5931,train,cub:11666
5932,train,cub:11667
5933,train,cub:11668
5934,train,cub:11669
5935,train,cub:11671
5936,train,cub:11677
5937,train,cub:11681
5938,train,cub:11682
5939,train,cub:11685
5941,train,cub:11688
5942,train,cub:11690
5944,train,cub:11694
5945,train,cub:11696
5947,train,cub:11698
5948,train,cub:11702
5950,train,cub:11705
5951,train,cub:11706
5952,train,cub:11708
5953,train,cub:11710
5954,train,cub:11715
5955,train,cub:11716
5956,train,cub:11717
5958,train,cub:11719
5959,train,cub:11721
5960,train,cub:11722
5961,train,cub:11724
5962,train,cub:11726
5964,train,cub:11731
5965,train,cub:11732
5966,train,cub:11734
5967,train,cub:11736
5968,train,cub:11738
5969,train,cub:11739
5970,train,cub:11743
5971,train,cub:11746
5973,train,cub:11750
5974,train,cub:11752
5976,train,cub:11754
5977,train,cub:11755
5978,train,cub:11758
5979,train,cub:11759
5982,train,cub:11763
5983,train,cub:11765
5984,train,cub:11767
5985,train,cub:11770
5987,train,cub:11774
5988,train,cub:11776
5989,train,cub:11778
5990,train,cub:11781
5992,train,cub:11784
5993,train,cub:11787
1,heldout,cub:4
3,heldout,cub:7
8,heldout,cub:18
11,heldout,cub:23
13,heldout,cub:31
27,heldout,cub:56
34,heldout,cub:69
38,heldout,cub:75
42,heldout,cub:81
45,heldout,cub:89
55,heldout,cub:113
56,heldout,cub:115
68,heldout,cub:136
73,heldout,cub:142
81,heldout,cub:159
83,heldout,cub:164
84,heldout,cub:166
86,heldout,cub:172
94,heldout,cub:188
97,heldout,cub:195
115,heldout,cub:228
116,heldout,cub:230
117,heldout,cub:232
118,heldout,cub:235
122,heldout,cub:243
127,heldout,cub:250
128,heldout,cub:253
129,heldout,cub:254
131,heldout,cub:257
140,heldout,cub:269
150,heldout,cub:283
153,heldout,cub:287
163,heldout,cub:299
167,heldout,cub:305
173,heldout,cub:317
176,heldout,cub:320
184,heldout,cub:331
185,heldout,cub:332
187,heldout,cub:334
188,heldout,cub:335
189,heldout,cub:336
199,heldout,cub:358
211,heldout,cub:378
214,heldout,cub:385
217,heldout,cub:392
220,heldout,cub:396
226,heldout,cub:402
239,heldout,cub:423
240,heldout,cub:426
242,heldout,cub:428
249,heldout,cub:441
252,heldout,cub:452
259,heldout,cub:467
268,heldout,cub:481
270,heldout,cub:484
271,heldout,cub:485
272,heldout,cub:486
280,heldout,cub:502
287,heldout,cub:520
295,heldout,cub:535
306,heldout,cub:555
310,heldout,cub:562
311,heldout,cub:564
314,heldout,cub:570
320,heldout,cub:587
329,heldout,cub:601
333,heldout,cub:611
342,heldout,cub:626
343,heldout,cub:628
350,heldout,cub:639
356,heldout,cub:652
358,heldout,cub:655
360,heldout,cub:660
368,heldout,cub:671
374,heldout,cub:685
380,heldout,cub:701
383,heldout,cub:710
387,heldout,cub:716
390,heldout,cub:720
396,heldout,cub:732
407,heldout,cub:751
411,heldout,cub:758
412,heldout,cub:760
414,heldout,cub:768
421,heldout,cub:781
436,heldout,cub:812
439,heldout,cub:816
443,heldout,cub:823
444,heldout,cub:828
448,heldout,cub:835
463,heldout,cub:865
467,heldout,cub:872
469,heldout,cub:874
471,heldout,cub:877
476,heldout,cub:889
478,heldout,cub:894
486,heldout,cub:912
491,heldout,cub:922
493,heldout,cub:925
496,heldout,cub:928
498,heldout,cub:931
508,heldout,cub:951
510,heldout,cub:954
513,heldout,cub:957
518,heldout,cub:965
520,heldout,cub:967
528,heldout,cub:982
530,heldout,cub:985
544,heldout,cub:1008
553,heldout,cub:1026
557,heldout,cub:1034
559,heldout,cub:1039
562,heldout,cub:1045
564,heldout,cub:1049
570,heldout,cub:1058
572,heldout,cub:1060
579,heldout,cub:1079
581,heldout,cub:1083
587,heldout,cub:1094
589,heldout,cub:1100
607,heldout,cub:1129
613,heldout,cub:1141
614,heldout,cub:1145
624,heldout,cub:1165
627,heldout,cub:1171
629,heldout,cub:1175
633,heldout,cub:1186
644,heldout,cub:1203
646,heldout,cub:1205
650,heldout,cub:1213
654,heldout,cub:1222
657,heldout,cub:1228
660,heldout,cub:1232
669,heldout,cub:1248
670,heldout,cub:1250
678,heldout,cub:1270
681,heldout,cub:1277
682,heldout,cub:1278
700,heldout,cub:1309
701,heldout,cub:1310
703,heldout,cub:1312
704,heldout,cub:1314
710,heldout,cub:1327
711,heldout,cub:1328
720,heldout,cub:1343
723,heldout,cub:1349
741,heldout,cub:1378
747,heldout,cub:1398
748,heldout,cub:1401
749,heldout,cub:1402
757,heldout,cub:1415
764,heldout,cub:1436
768,heldout,cub:1441
770,heldout,cub:1445
771,heldout,cub:1447
776,heldout,cub:1458
787,heldout,cub:1474
788,heldout,cub:1475
790,heldout,cub:1484
801,heldout,cub:1508
808,heldout,cub:1516
809,heldout,cub:1519
818,heldout,cub:1540
822,heldout,cub:1547
825,heldout,cub:1552
831,heldout,cub:1567
836,heldout,cub:1574
838,heldout,cub:1579
841,heldout,cub:1584
849,heldout,cub:1592
859,heldout,cub:1620
863,heldout,cub:1624
864,heldout,cub:1632
865,heldout,cub:1635
870,heldout,cub:1642
871,heldout,cub:1645
882,heldout,cub:1671
884,heldout,cub:1674
894,heldout,cub:1688
899,heldout,cub:1701
900,heldout,cub:1703
906,heldout,cub:1714
909,heldout,cub:1720
910,heldout,cub:1721
913,heldout,cub:1727
927,heldout,cub:1757
930,heldout,cub:1762
940,heldout,cub:1774
947,heldout,cub:1790
950,heldout,cub:1795
952,heldout,cub:1802
955,heldout,cub:1808
964,heldout,cub:1821
967,heldout,cub:1825
971,heldout,cub:1833
974,heldout,cub:1837
982,heldout,cub:1855
988,heldout,cub:1870
994,heldout,cub:1880
997,heldout,cub:1886
1003,heldout,cub:1899
1005,heldout,cub:1904
1007,heldout,cub:1907
1015,heldout,cub:1923
1025,heldout,cub:1945
1026,heldout,cub:1949
1028,heldout,cub:1952
1032,heldout,cub:1957
1041,heldout,cub:1977
1044,heldout,cub:1981
1053,heldout,cub:2002
1055,heldout,cub:2007
1063,heldout,cub:2022
1071,heldout,cub:2038
1076,heldout,cub:2046
1079,heldout,cub:2052
1090,heldout,cub:2071
1094,heldout,cub:2082
1100,heldout,cub:2090
1101,heldout,cub:2094
1104,heldout,cub:2099
1109,heldout,cub:2110
1110,heldout,cub:2113
1112,heldout,cub:2115
1125,heldout,cub:2140
1131,heldout,cub:2154
1133,heldout,cub:2157
1137,heldout,cub:2166
1142,heldout,cub:2174
1146,heldout,cub:2178
1148,heldout,cub:2182
1149,heldout,cub:2185
1155,heldout,cub:2198
1160,heldout,cub:2210
1176,heldout,cub:2241
1177,heldout,cub:2243
1179,heldout,cub:2246
1180,heldout,cub:2247
1194,heldout,cub:2272
1195,heldout,cub:2275
1204,heldout,cub:2304
1207,heldout,cub:2313
1217,heldout,cub:2334
1219,heldout,cub:2337
1222,heldout,cub:2342
1223,heldout,cub:2343
1230,heldout,cub:2352
1231,heldout,cub:2353
1235,heldout,cub:2364
1237,heldout,cub:2372
1245,heldout,cub:2387
1256,heldout,cub:2405
1262,heldout,cub:2417
1264,heldout,cub:2420
1267,heldout,cub:2425
1269,heldout,cub:2428
1279,heldout,cub:2448
1281,heldout,cub:2451
1298,heldout,cub:2490
1301,heldout,cub:2504
1302,heldout,cub:2506
1307,heldout,cub:2515
1312,heldout,cub:2521
1315,heldout,cub:2524
1323,heldout,cub:2535
1327,heldout,cub:2542
1329,heldout,cub:2544
1331,heldout,cub:2546
1339,heldout,cub:2564
1342,heldout,cub:2567
1352,heldout,cub:2595
1356,heldout,cub:2602
1360,heldout,cub:2615
1370,heldout,cub:2637
1374,heldout,cub:2642
1379,heldout,cub:2647
1380,heldout,cub:2651
1381,heldout,cub:2654
1384,heldout,cub:2661
1386,heldout,cub:2664
1389,heldout,cub:2667
1408,heldout,cub:2706
1416,heldout,cub:2723
1424,heldout,cub:2741
1431,heldout,cub:2750
1435,heldout,cub:2757
1438,heldout,cub:2762
1439,heldout,cub:2768
1442,heldout,cub:2775
1444,heldout,cub:2779
1445,heldout,cub:2781
1448,heldout,cub:2788
1455,heldout,cub:2800
1469,heldout,cub:2828
1471,heldout,cub:2833
1476,heldout,cub:2843
1478,heldout,cub:2849
1481,heldout,cub:2855
1482,heldout,cub:2856
1489,heldout,cub:2870
1500,heldout,cub:2890
1502,heldout,cub:2894
1507,heldout,cub:2905
1510,heldout,cub:2911
1526,heldout,cub:2945
1528,heldout,cub:2947
1531,heldout,cub:2953
1537,heldout,cub:2964
1541,heldout,cub:2972
1547,heldout,cub:2986
1549,heldout,cub:2989
1553,heldout,cub:2998
1571,heldout,cub:3031
1579,heldout,cub:3043
1582,heldout,cub:3047
1584,heldout,cub:3049
1586,heldout,cub:3054
1588,heldout,cub:3068
1590,heldout,cub:3070
1595,heldout,cub:3085
1602,heldout,cub:3095
1607,heldout,cub:3106
1608,heldout,cub:3109
1616,heldout,cub:3122
1637,heldout,cub:3165
1639,heldout,cub:3173
1642,heldout,cub:3177
1644,heldout,cub:3180
1647,heldout,cub:3187
1649,heldout,cub:3189
1657,heldout,cub:3205
1666,heldout,cub:3217
1670,heldout,cub:3232
1673,heldout,cub:3236
1674,heldout,cub:3237
1677,heldout,cub:3241
1683,heldout,cub:3260
1694,heldout,cub:3277
1696,heldout,cub:3279
1700,heldout,cub:3288
1705,heldout,cub:3303
1706,heldout,cub:3304
1717,heldout,cub:3332
1720,heldout,cub:3335
1729,heldout,cub:3346
1732,heldout,cub:3349
1734,heldout,cub:3355
1739,heldout,cub:3366
1743,heldout,cub:3374
1753,heldout,cub:3394
1756,heldout,cub:3397
1760,heldout,cub:3405
1761,heldout,cub:3407
1765,heldout,cub:3423
1770,heldout,cub:3429
1776,heldout,cub:3439
1777,heldout,cub:3440
1779,heldout,cub:3443
1792,heldout,cub:3471
1797,heldout,cub:3482
1801,heldout,cub:3493
1814,heldout,cub:3516
1816,heldout,cub:3518
1823,heldout,cub:3535
1824,heldout,cub:3539
1825,heldout,cub:3540
1831,heldout,cub:3553
1842,heldout,cub:3571
1847,heldout,cub:3583
1848,heldout,cub:3586
1850,heldout,cub:3588
1858,heldout,cub:3605
1862,heldout,cub:3610
1864,heldout,cub:3612
1880,heldout,cub:3647
1883,heldout,cub:3655
1885,heldout,cub:3658
1888,heldout,cub:3663
1892,heldout,cub:3672
1898,heldout,cub:3687
1905,heldout,cub:3697
1908,heldout,cub:3702
1910,heldout,cub:3706
1913,heldout,cub:3712
1930,heldout,cub:3743
1932,heldout,cub:3747
1933,heldout,cub:3748
1938,heldout,cub:3759
1941,heldout,cub:3764
1942,heldout,cub:3765
1950,heldout,cub:3780
1966,heldout,cub:3807
1973,heldout,cub:3818
1976,heldout,cub:3824
1977,heldout,cub:3832
1978,heldout,cub:3833
1981,heldout,cub:3841
1983,heldout,cub:3845
1997,heldout,cub:3868
1998,heldout,cub:3869
1999,heldout,cub:3872
2008,heldout,cub:3893
2016,heldout,cub:3910
2017,heldout,cub:3912
2018,heldout,cub:3913
2026,heldout,cub:3931
2032,heldout,cub:3946
2037,heldout,cub:3954
2041,heldout,cub:3959
2044,heldout,cub:3964
2050,heldout,cub:3975
2054,heldout,cub:3988
2055,heldout,cub:3990
2065,heldout,cub:4008
2079,heldout,cub:4030
2080,heldout,cub:4031
2081,heldout,cub:4032
2088,heldout,cub:4057
2096,heldout,cub:4072
2097,heldout,cub:4074
2105,heldout,cub:4092
2112,heldout,cub:4105
2116,heldout,cub:4113
2118,heldout,cub:4116
2124,heldout,cub:4129
2128,heldout,cub:4134
2133,heldout,cub:4146
2143,heldout,cub:4162
2146,heldout,cub:4166
2147,heldout,cub:4167
2151,heldout,cub:4174
2152,heldout,cub:4178
2166,heldout,cub:4211
2167,heldout,cub:4214
2170,heldout,cub:4219
2173,heldout,cub:4229
2181,heldout,cub:4240
2185,heldout,cub:4244
2199,heldout,cub:4272
2202,heldout,cub:4276
2203,heldout,cub:4278
2208,heldout,cub:4289
2212,heldout,cub:4297
2214,heldout,cub:4301
2228,heldout,cub:4332
2229,heldout,cub:4334
2231,heldout,cub:4342
2234,heldout,cub:4346
2239,heldout,cub:4352
2246,heldout,cub:4362
2262,heldout,cub:4406
2263,heldout,cub:4407
2264,heldout,cub:4410
2268,heldout,cub:4416
2274,heldout,cub:4426
2275,heldout,cub:4427
2281,heldout,cub:4435
2282,heldout,cub:4437
2287,heldout,cub:4448
2299,heldout,cub:4475
2307,heldout,cub:4489
2308,heldout,cub:4490
2314,heldout,cub:4509
2317,heldout,cub:4513
2323,heldout,cub:4524
2324,heldout,cub:4526
2330,heldout,cub:4539
2339,heldout,cub:4551
2343,heldout,cub:4557
2346,heldout,cub:4561
2356,heldout,cub:4573
2358,heldout,cub:4575
2367,heldout,cub:4608
2368,heldout,cub:4609
2371,heldout,cub:4616
2373,heldout,cub:4619
2374,heldout,cub:4620
2378,heldout,cub:4628
2391,heldout,cub:4656
2393,heldout,cub:4658
2404,heldout,cub:4683
2407,heldout,cub:4691
2418,heldout,cub:4712
2421,heldout,cub:4716
2422,heldout,cub:4717
2429,heldout,cub:4729
2443,heldout,cub:4764
2446,heldout,cub:4768
2447,heldout,cub:4769
2453,heldout,cub:4780
2455,heldout,cub:4784
2457,heldout,cub:4788
2465,heldout,cub:4806
2466,heldout,cub:4807
2470,heldout,cub:4813
2471,heldout,cub:4814
2480,heldout,cub:4840
2486,heldout,cub:4849
2491,heldout,cub:4855
2493,heldout,cub:4858
2495,heldout,cub:4860
2497,heldout,cub:4867
2501,heldout,cub:4873
2512,heldout,cub:4894
2529,heldout,cub:4930
2533,heldout,cub:4938
2534,heldout,cub:4941
2540,heldout,cub:4951
2546,heldout,cub:4957
2549,heldout,cub:4964
2552,heldout,cub:4970
2555,heldout,cub:4975
2562,heldout,cub:4997
2567,heldout,cub:5006
2571,heldout,cub:5014
2576,heldout,cub:5020
2580,heldout,cub:5030
2583,heldout,cub:5035
2584,heldout,cub:5037
2588,heldout,cub:5042
2599,heldout,cub:5064
2605,heldout,cub:5075
2616,heldout,cub:5093
2617,heldout,cub:5096
2622,heldout,cub:5114
2623,heldout,cub:5116
2634,heldout,cub:5138
2635,heldout,cub:5139
2642,heldout,cub:5149
2645,heldout,cub:5153
2660,heldout,cub:5176
2662,heldout,cub:5181
2665,heldout,cub:5187
2667,heldout,cub:5196
2676,heldout,cub:5217
2682,heldout,cub:5235
2683,heldout,cub:5236
2688,heldout,cub:5244
2695,heldout,cub:5256
2698,heldout,cub:5262
2705,heldout,cub:5278
2711,heldout,cub:5287
2712,heldout,cub:5288
2713,heldout,cub:5289
2718,heldout,cub:5300
2727,heldout,cub:5315
2730,heldout,cub:5327
2734,heldout,cub:5340
2737,heldout,cub:5345
2745,heldout,cub:5358
2749,heldout,cub:5366
2750,heldout,cub:5367
2766,heldout,cub:5400
2772,heldout,cub:5415
2777,heldout,cub:5420
2778,heldout,cub:5424
2785,heldout,cub:5439
2789,heldout,cub:5444
2797,heldout,cub:5462
2799,heldout,cub:5465
2800,heldout,cub:5466
2808,heldout,cub:5482
2811,heldout,cub:5490
2816,heldout,cub:5500
2824,heldout,cub:5514
2826,heldout,cub:5517
2834,heldout,cub:5540
2842,heldout,cub:5558
2846,heldout,cub:5562
2849,heldout,cub:5565
2850,heldout,cub:5566
2852,heldout,cub:5577
2860,heldout,cub:5590
2868,heldout,cub:5601
2869,heldout,cub:5603
2876,heldout,cub:5618
2885,heldout,cub:5636
2888,heldout,cub:5642
2892,heldout,cub:5651
2902,heldout,cub:5673
2905,heldout,cub:5676
2906,heldout,cub:5678
2912,heldout,cub:5690
2913,heldout,cub:5691
2915,heldout,cub:5696
2916,heldout,cub:5698
2934,heldout,cub:5729
2938,heldout,cub:5743
2941,heldout,cub:5747
2946,heldout,cub:5761
2948,heldout,cub:5764
2957,heldout,cub:5780
2961,heldout,cub:5790
2962,heldout,cub:5792
2973,heldout,cub:5821
2978,heldout,cub:5827
2979,heldout,cub:5828
2990,heldout,cub:5842
2992,heldout,cub:5845
2994,heldout,cub:5850
3011,heldout,cub:5883
3012,heldout,cub:5887
3016,heldout,cub:5892
3019,heldout,cub:5896
3025,heldout,cub:5908
3029,heldout,cub:5914
3041,heldout,cub:5945
3046,heldout,cub:5951
3048,heldout,cub:5956
3052,heldout,cub:5961
3056,heldout,cub:5966
3059,heldout,cub:5970
3067,heldout,cub:5992
3068,heldout,cub:5994
3070,heldout,cub:5997
3071,heldout,cub:6000
3078,heldout,cub:6018
3087,heldout,cub:6028
3090,heldout,cub:6035
3091,heldout,cub:6037
3096,heldout,cub:6043
3108,heldout,cub:6068
3111,heldout,cub:6075
3114,heldout,cub:6081
3128,heldout,cub:6110
3134,heldout,cub:6122
3137,heldout,cub:6127
3142,heldout,cub:6133
3148,heldout,cub:6142
3149,heldout,cub:6143
3153,heldout,cub:6151
3157,heldout,cub:6167
3160,heldout,cub:6171
3162,heldout,cub:6175
3169,heldout,cub:6183
3175,heldout,cub:6190
3180,heldout,cub:6208
3181,heldout,cub:6213
3187,heldout,cub:6223
3189,heldout,cub:6228
3199,heldout,cub:6246
3204,heldout,cub:6251
3210,heldout,cub:6265
3214,heldout,cub:6275
3218,heldout,cub:6285
3222,heldout,cub:6291
3233,heldout,cub:6311
3237,heldout,cub:6319
3242,heldout,cub:6330
3251,heldout,cub:6349
3258,heldout,cub:6360
3260,heldout,cub:6362
3261,heldout,cub:6363
3263,heldout,cub:6366
3269,heldout,cub:6383
3270,heldout,cub:6386
3282,heldout,cub:6404
3283,heldout,cub:6407
3292,heldout,cub:6429
3297,heldout,cub:6440
3303,heldout,cub:6448
3304,heldout,cub:6452
3305,heldout,cub:6455
3308,heldout,cub:6460
3312,heldout,cub:6465
3316,heldout,cub:6477
3329,heldout,cub:6503
3333,heldout,cub:6510
3337,heldout,cub:6518
3339,heldout,cub:6523
3346,heldout,cub:6536
3358,heldout,cub:6562
3362,heldout,cub:6566
3367,heldout,cub:6573
3372,heldout,cub:6587
3373,heldout,cub:6588
3375,heldout,cub:6591
3379,heldout,cub:6599
3394,heldout,cub:6629
3395,heldout,cub:6631
3397,heldout,cub:6633
3402,heldout,cub:6639
3405,heldout,cub:6647
3412,heldout,cub:6662
3429,heldout,cub:6687
3430,heldout,cub:6690
3431,heldout,cub:6694
3440,heldout,cub:6714
3444,heldout,cub:6726
3446,heldout,cub:6728
3449,heldout,cub:6732
3456,heldout,cub:6751
3460,heldout,cub:6756
3469,heldout,cub:6773
3470,heldout,cub:6774
3474,heldout,cub:6779
3484,heldout,cub:6804
3493,heldout,cub:6820
3495,heldout,cub:6822
3499,heldout,cub:6829
3500,heldout,cub:6832
3505,heldout,cub:6845
3510,heldout,cub:6857
3511,heldout,cub:6858
3517,heldout,cub:6871
3519,heldout,cub:6874
3521,heldout,cub:6877
3532,heldout,cub:6892
3545,heldout,cub:6925
3548,heldout,cub:6929
3559,heldout,cub:6950
3561,heldout,cub:6955
3564,heldout,cub:6959
3565,heldout,cub:6961
3577,heldout,cub:6987
3578,heldout,cub:6988
3581,heldout,cub:6993
3584,heldout,cub:6998
3586,heldout,cub:7002
3594,heldout,cub:7022
3611,heldout,cub:7055
3616,heldout,cub:7070
3618,heldout,cub:7074
3619,heldout,cub:7075
3621,heldout,cub:7077
3627,heldout,cub:7088
3631,heldout,cub:7097
3632,heldout,cub:7098
3636,heldout,cub:7106
3647,heldout,cub:7127
3648,heldout,cub:7129
3650,heldout,cub:7136
3659,heldout,cub:7151
3666,heldout,cub:7163
3677,heldout,cub:7188
3680,heldout,cub:7195
3683,heldout,cub:7201
3684,heldout,cub:7202
3689,heldout,cub:7211
3691,heldout,cub:7215
3692,heldout,cub:7216
3701,heldout,cub:7232
3702,heldout,cub:7234
3717,heldout,cub:7267
3732,heldout,cub:7296
3734,heldout,cub:7300
3736,heldout,cub:7304
3737,heldout,cub:7305
3738,heldout,cub:7307
3745,heldout,cub:7323
3750,heldout,cub:7332
3754,heldout,cub:7337
3759,heldout,cub:7353
3763,heldout,cub:7363
3766,heldout,cub:7367
3776,heldout,cub:7381
3778,heldout,cub:7390
3783,heldout,cub:7401
3794,heldout,cub:7420
3796,heldout,cub:7426
3797,heldout,cub:7427
3799,heldout,cub:7430
3813,heldout,cub:7460
3815,heldout,cub:7462
3817,heldout,cub:7465
3818,heldout,cub:7467
3826,heldout,cub:7484
3837,heldout,cub:7504
3841,heldout,cub:7515
3848,heldout,cub:7528
3853,heldout,cub:7541
3858,heldout,cub:7547
3861,heldout,cub:7554
3865,heldout,cub:7563
3875,heldout,cub:7578
3884,heldout,cub:7599
3885,heldout,cub:7600
3889,heldout,cub:7610
3891,heldout,cub:7616
3895,heldout,cub:7621
3903,heldout,cub:7635
3909,heldout,cub:7649
3911,heldout,cub:7653
3915,heldout,cub:7658
3918,heldout,cub:7665
3923,heldout,cub:7677
3929,heldout,cub:7688
3935,heldout,cub:7698
3936,heldout,cub:7699
3937,heldout,cub:7700
3941,heldout,cub:7706
3948,heldout,cub:7718
3962,heldout,cub:7758
3965,heldout,cub:7761
3973,heldout,cub:7774
3977,heldout,cub:7788
3982,heldout,cub:7795
3984,heldout,cub:7798
3991,heldout,cub:7816
3995,heldout,cub:7823
4003,heldout,cub:7834
4005,heldout,cub:7837
4008,heldout,cub:7843
4009,heldout,cub:7844
4024,heldout,cub:7873
4028,heldout,cub:7880
4030,heldout,cub:7883
4031,heldout,cub:7885
4045,heldout,cub:7916
4048,heldout,cub:7930
4058,heldout,cub:7946
4063,heldout,cub:7959
4071,heldout,cub:7972
4073,heldout,cub:7977
4075,heldout,cub:7982
4078,heldout,cub:7992
4093,heldout,cub:8018
4094,heldout,cub:8019
4096,heldout,cub:8023
4100,heldout,cub:8034
4103,heldout,cub:8041
4107,heldout,cub:8046
4108,heldout,cub:8047
4109,heldout,cub:8048
4112,heldout,cub:8055
4118,heldout,cub:8066
4131,heldout,cub:8096
4142,heldout,cub:8115
4149,heldout,cub:8127
4155,heldout,cub:8141
4158,heldout,cub:8145
4164,heldout,cub:8160
4166,heldout,cub:8163
4168,heldout,cub:8169
4169,heldout,cub:8170
4180,heldout,cub:8193
4186,heldout,cub:8205
4187,heldout,cub:8206
4188,heldout,cub:8208
4206,heldout,cub:8241
4207,heldout,cub:8245
4214,heldout,cub:8259
4217,heldout,cub:8265
4222,heldout,cub:8276
4223,heldout,cub:8279
4229,heldout,cub:8289
4232,heldout,cub:8292
4236,heldout,cub:8299
4243,heldout,cub:8312
4250,heldout,cub:8336
4251,heldout,cub:8337
4257,heldout,cub:8350
4259,heldout,cub:8355
4260,heldout,cub:8358
4274,heldout,cub:8381
4278,heldout,cub:8391
4283,heldout,cub:8401
4294,heldout,cub:8415
4299,heldout,cub:8429
4300,heldout,cub:8430
4308,heldout,cub:8450
4310,heldout,cub:8453
4313,heldout,cub:8459
4317,heldout,cub:8470
4319,heldout,cub:8472
4322,heldout,cub:8480
4328,heldout,cub:8494
4335,heldout,cub:8512
4342,heldout,cub:8520
4350,heldout,cub:8534
4354,heldout,cub:8544
4356,heldout,cub:8548
4368,heldout,cub:8568
4370,heldout,cub:8570
4374,heldout,cub:8579
4381,heldout,cub:8592
4382,heldout,cub:8597
4388,heldout,cub:8606
4390,heldout,cub:8609
4393,heldout,cub:8615
4403,heldout,cub:8641
4407,heldout,cub:8647
4408,heldout,cub:8648
4409,heldout,cub:8650
4421,heldout,cub:8674
4430,heldout,cub:8689
4435,heldout,cub:8703
4438,heldout,cub:8708
4444,heldout,cub:8718
4451,heldout,cub:8732
4456,heldout,cub:8744
4462,heldout,cub:8755
4465,heldout,cub:8761
4474,heldout,cub:8774
4475,heldout,cub:8781
4476,heldout,cub:8782
4479,heldout,cub:8790
4484,heldout,cub:8800
4487,heldout,cub:8805
4496,heldout,cub:8823
4501,heldout,cub:8831
4508,heldout,cub:8839
4513,heldout,cub:8848
4514,heldout,cub:8851
4523,heldout,cub:8869
4534,heldout,cub:8893
4535,heldout,cub:8894
4539,heldout,cub:8903
4543,heldout,cub:8912
4544,heldout,cub:8913
4549,heldout,cub:8918
4558,heldout,cub:8941
4566,heldout,cub:8954
4570,heldout,cub:8961
4572,heldout,cub:8963
4578,heldout,cub:8975
4582,heldout,cub:8985
4586,heldout,cub:8997
4594,heldout,cub:9018
4595,heldout,cub:9019
4598,heldout,cub:9022
4603,heldout,cub:9029
4613,heldout,cub:9042
4617,heldout,cub:9058
4618,heldout,cub:9059
4629,heldout,cub:9080
4632,heldout,cub:9087
4633,heldout,cub:9089
4635,heldout,cub:9091
4656,heldout,cub:9129
4660,heldout,cub:9143
4665,heldout,cub:9154
4666,heldout,cub:9156
4670,heldout,cub:9161
4675,heldout,cub:9167
4676,heldout,cub:9178
4678,heldout,cub:9185
4679,heldout,cub:9189
4681,heldout,cub:9191
4697,heldout,cub:9218
4702,heldout,cub:9225
4709,heldout,cub:9236
4711,heldout,cub:9241
4715,heldout,cub:9251
4717,heldout,cub:9255
4719,heldout,cub:9261
4726,heldout,cub:9275
4738,heldout,cub:9295
4745,heldout,cub:9308
4749,heldout,cub:9315
4751,heldout,cub:9318
4754,heldout,cub:9326
4756,heldout,cub:9331
4783,heldout,cub:9386
4786,heldout,cub:9391
4788,heldout,cub:9394
4790,heldout,cub:9402
4793,heldout,cub:9406
4794,heldout,cub:9408
4799,heldout,cub:9417
4811,heldout,cub:9441
4814,heldout,cub:9445
4818,heldout,cub:9454
4821,heldout,cub:9461
4824,heldout,cub:9468
4826,heldout,cub:9474
4829,heldout,cub:9480
4834,heldout,cub:9488
4836,heldout,cub:9496
4850,heldout,cub:9519
4852,heldout,cub:9522
4856,heldout,cub:9531
4860,heldout,cub:9540
4861,heldout,cub:9543
4865,heldout,cub:9551
4874,heldout,cub:9572
4877,heldout,cub:9576
4889,heldout,cub:9601
4892,heldout,cub:9607
4903,heldout,cub:9626
4905,heldout,cub:9629
4911,heldout,cub:9642
4913,heldout,cub:9646
4916,heldout,cub:9651
4930,heldout,cub:9679
4931,heldout,cub:9680
4932,heldout,cub:9681
4937,heldout,cub:9694
4938,heldout,cub:9695
4947,heldout,cub:9713
4964,heldout,cub:9747
4965,heldout,cub:9748
4967,heldout,cub:9750
4971,heldout,cub:9760
4974,heldout,cub:9765
4979,heldout,cub:9780
4985,heldout,cub:9792
4987,heldout,cub:9794
4990,heldout,cub:9801
4999,heldout,cub:9822
5002,heldout,cub:9826
5012,heldout,cub:9844
5018,heldout,cub:9857
5024,heldout,cub:9867
5028,heldout,cub:9875
5031,heldout,cub:9881
5034,heldout,cub:9886
5045,heldout,cub:9909
5050,heldout,cub:9924
5051,heldout,cub:9926
5054,heldout,cub:9930
5056,heldout,cub:9935
5064,heldout,cub:9946
5077,heldout,cub:9965
5086,heldout,cub:9977
5088,heldout,cub:9988
5090,heldout,cub:9995
5094,heldout,cub:10004
5095,heldout,cub:10005
5101,heldout,cub:10015
5102,heldout,cub:10016
5104,heldout,cub:10019
5106,heldout,cub:10023
5112,heldout,cub:10038
5117,heldout,cub:10049
5127,heldout,cub:10072
5134,heldout,cub:10085
5137,heldout,cub:10097
5138,heldout,cub:10099
5143,heldout,cub:10106
5152,heldout,cub:10123
5157,heldout,cub:10129
5170,heldout,cub:10157
5176,heldout,cub:10166
5178,heldout,cub:10169
5179,heldout,cub:10170
5180,heldout,cub:10171
5187,heldout,cub:10190
5195,heldout,cub:10204
5196,heldout,cub:10207
5199,heldout,cub:10212
5201,heldout,cub:10214
5208,heldout,cub:10236
5219,heldout,cub:10252
5226,heldout,cub:10266
5229,heldout,cub:10270
5236,heldout,cub:10281
5238,heldout,cub:10284
5244,heldout,cub:10305
5248,heldout,cub:10314
5255,heldout,cub:10328
5262,heldout,cub:10344
5263,heldout,cub:10345
5264,heldout,cub:10346
5268,heldout,cub:10350
5276,heldout,cub:10368
5278,heldout,cub:10372
5290,heldout,cub:10402
5292,heldout,cub:10404
5295,heldout,cub:10407
5298,heldout,cub:10411
5306,heldout,cub:10428
5307,heldout,cub:10429
5309,heldout,cub:10433
5314,heldout,cub:10441
5316,heldout,cub:10446
5335,heldout,cub:10483
5338,heldout,cub:10487
5345,heldout,cub:10503
5353,heldout,cub:10516
5359,heldout,cub:10530
5363,heldout,cub:10540
5364,heldout,cub:10541
5380,heldout,cub:10571
5384,heldout,cub:10579
5385,heldout,cub:10580
5389,heldout,cub:10589
5390,heldout,cub:10590
5394,heldout,cub:10599
5400,heldout,cub:10609
5403,heldout,cub:10614
5405,heldout,cub:10620
5416,heldout,cub:10640
5419,heldout,cub:10648
5423,heldout,cub:10658
5428,heldout,cub:10670
5441,heldout,cub:10694
5443,heldout,cub:10698
5447,heldout,cub:10704
5452,heldout,cub:10715
5454,heldout,cub:10717
5468,heldout,cub:10750
5473,heldout,cub:10760
5474,heldout,cub:10761
5478,heldout,cub:10766
5479,heldout,cub:10767
5481,heldout,cub:10772
5491,heldout,cub:10791
5499,heldout,cub:10802
5501,heldout,cub:10805
5502,heldout,cub:10808
5507,heldout,cub:10820
5508,heldout,cub:10821
5517,heldout,cub:10843
5521,heldout,cub:10852
5528,heldout,cub:10870
5531,heldout,cub:10874
5536,heldout,cub:10885
5539,heldout,cub:10893
5549,heldout,cub:10909
5556,heldout,cub:10931
5561,heldout,cub:10940
5569,heldout,cub:10954
5570,heldout,cub:10956
5573,heldout,cub:10959
5588,heldout,cub:10982
5593,heldout,cub:10992
5595,heldout,cub:10995
5598,heldout,cub:10999
5602,heldout,cub:11006
5605,heldout,cub:11009
5608,heldout,cub:11015
5610,heldout,cub:11019
5616,heldout,cub:11025
5617,heldout,cub:11030
5622,heldout,cub:11044
5628,heldout,cub:11057
5638,heldout,cub:11074
5645,heldout,cub:11087
5651,heldout,cub:11095
5652,heldout,cub:11096
5655,heldout,cub:11106
5661,heldout,cub:11116
5666,heldout,cub:11132
5673,heldout,cub:11148
5676,heldout,cub:11153
5677,heldout,cub:11154
5678,heldout,cub:11155
5691,heldout,cub:11183
5698,heldout,cub:11198
5699,heldout,cub:11199
5703,heldout,cub:11214
5705,heldout,cub:11216
5718,heldout,cub:11237
5719,heldout,cub:11238
5727,heldout,cub:11254
5728,heldout,cub:11256
5730,heldout,cub:11264
5742,heldout,cub:11289
5743,heldout,cub:11291
5744,heldout,cub:11292
5759,heldout,cub:11322
5764,heldout,cub:11330
5769,heldout,cub:11342
5771,heldout,cub:11347
5772,heldout,cub:11350
5778,heldout,cub:11359
5791,heldout,cub:11387
5796,heldout,cub:11396
5797,heldout,cub:11397
5800,heldout,cub:11405
5803,heldout,cub:11408
5813,heldout,cub:11428
5815,heldout,cub:11431
5824,heldout,cub:11447
5829,heldout,cub:11456
5831,heldout,cub:11464
5835,heldout,cub:11471
5844,heldout,cub:11489
5846,heldout,cub:11491
5855,heldout,cub:11510
5864,heldout,cub:11530
5865,heldout,cub:11532
5869,heldout,cub:11540
5870,heldout,cub:11542
5877,heldout,cub:11555
5878,heldout,cub:11556
5886,heldout,cub:11573
5892,heldout,cub:11589
5901,heldout,cub:11605
5902,heldout,cub:11606
5909,heldout,cub:11617
5913,heldout,cub:11623
5917,heldout,cub:11633
5922,heldout,cub:11642
5925,heldout,cub:11652
5928,heldout,cub:11660
5940,heldout,cub:11686
5943,heldout,cub:11691
5946,heldout,cub:11697
5949,heldout,cub:11703
5957,heldout,cub:11718
5963,heldout,cub:11728
5972,heldout,cub:11748
5975,heldout,cub:11753
5980,heldout,cub:11760
5981,heldout,cub:11762
5986,heldout,cub:11772
5991,heldout,cub:11782
