dataset_index,partition,sample_id
0,train,0
1,train,1
2,train,2
3,train,3
4,train,4
5,train,5
6,train,6
7,train,7
8,train,8
9,train,9
10,train,10
11,train,11
13,train,13
15,train,15
17,train,17
21,train,21
25,train,25
26,train,26
27,train,27
28,train,28
30,train,30
31,train,31
32,train,32
34,train,34
35,train,35
37,train,37
38,train,38
40,train,40
41,train,41
44,train,44
45,train,45
46,train,46
47,train,47
48,train,48
49,train,49
51,train,51
52,train,52
56,train,56
57,train,57
58,train,58
59,train,59
60,train,60
61,train,61
62,train,62
63,train,63
64,train,64
65,train,65
66,train,66
67,train,67
68,train,68
69,train,69
70,train,70
71,train,71
73,train,73
74,train,74
75,train,75
76,train,76
77,train,77
78,train,78
79,train,79
80,train,80
81,train,81
82,train,82
83,train,83
84,train,84
86,train,86
88,train,88
90,train,90
91,train,91
94,train,94
97,train,97
98,train,98
100,train,100
101,train,101
102,train,102
103,train,103
105,train,105
106,train,106
108,train,108
109,train,109
111,train,111
112,train,112
114,train,114
115,train,115
116,train,116
117,train,117
119,train,119
120,train,120
121,train,121
122,train,122
123,train,123
124,train,124
125,train,125
126,train,126
127,train,127
128,train,128
130,train,130
131,train,131
133,train,133
134,train,134
136,train,136
137,train,137
138,train,138
139,train,139
141,train,141
142,train,142
144,train,144
146,train,146
147,train,147
148,train,148
149,train,149
150,train,150
151,train,151
152,train,152
153,train,153
155,train,155
156,train,156
159,train,159
160,train,160
162,train,162
163,train,163
165,train,165
167,train,167
168,train,168
170,train,170
171,train,171
172,train,172
173,train,173
174,train,174
175,train,175
176,train,176
177,train,177
178,train,178
179,train,179
180,train,180
181,train,181
182,train,182
183,train,183
184,train,184
185,train,185
186,train,186
187,train,187
191,train,191
193,train,193
195,train,195
196,train,196
197,train,197
198,train,198
199,train,199
202,train,202
203,train,203
204,train,204
206,train,206
207,train,207
208,train,208
210,train,210
211,train,211
213,train,213
214,train,214
215,train,215
216,train,216
217,train,217
218,train,218
219,train,219
221,train,221
222,train,222
223,train,223
224,train,224
225,train,225
227,train,227
228,train,228
229,train,229
230,train,230
232,train,232
233,train,233
234,train,234
235,train,235
238,train,238
240,train,240
241,train,241
242,train,242
245,train,245
246,train,246
247,train,247
248,train,248
249,train,249
250,train,250
251,train,251
252,train,252
253,train,253
255,train,255
257,train,257
258,train,258
259,train,259
260,train,260
261,train,261
263,train,263
264,train,264
265,train,265
266,train,266
267,train,267
268,train,268
269,train,269
270,train,270
271,train,271
272,train,272
273,train,273
274,train,274
275,train,275
276,train,276
277,train,277
278,train,278
280,train,280
281,train,281
282,train,282
283,train,283
284,train,284
285,train,285
288,train,288
289,train,289
294,train,294
295,train,295
296,train,296
297,train,297
298,train,298
300,train,300
301,train,301
302,train,302
304,train,304
305,train,305
306,train,306
307,train,307
308,train,308
309,train,309
310,train,310
311,train,311
312,train,312
314,train,314
316,train,316
317,train,317
318,train,318
319,train,319
320,train,320
322,train,322
324,train,324
325,train,325
326,train,326
327,train,327
328,train,328
329,train,329
330,train,330
331,train,331
332,train,332
333,train,333
334,train,334
335,train,335
336,train,336
337,train,337
338,train,338
341,train,341
342,train,342
343,train,343
345,train,345
346,train,346
347,train,347
348,train,348
349,train,349
351,train,351
352,train,352
353,train,353
354,train,354
355,train,355
356,train,356
357,train,357
358,train,358
359,train,359
360,train,360
361,train,361
362,train,362
363,train,363
364,train,364
365,train,365
366,train,366
367,train,367
369,train,369
371,train,371
372,train,372
374,train,374
376,train,376
377,train,377
378,train,378
379,train,379
382,train,382
384,train,384
385,train,385
387,train,387
389,train,389
390,train,390
391,train,391
392,train,392
393,train,393
394,train,394
396,train,396
397,train,397
398,train,398
399,train,399
401,train,401
402,train,402
403,train,403
404,train,404
405,train,405
406,train,406
407,train,407
408,train,408
409,train,409
410,train,410
411,train,411
412,train,412
415,train,415
417,train,417
418,train,418
419,train,419
421,train,421
422,train,422
424,train,424
426,train,426
427,train,427
428,train,428
430,train,430
431,train,431
432,train,432
433,train,433
434,train,434
435,train,435
436,train,436
437,train,437
438,train,438
439,train,439
440,train,440
441,train,441
442,train,442
443,train,443
445,train,445
446,train,446
447,train,447
448,train,448
449,train,449
450,train,450
451,train,451
452,train,452
453,train,453
454,train,454
455,train,455
456,train,456
457,train,457
458,train,458
459,train,459
460,train,460
461,train,461
462,train,462
464,train,464
465,train,465
467,train,467
469,train,469
470,train,470
471,train,471
472,train,472
473,train,473
474,train,474
475,train,475
476,train,476
477,train,477
479,train,479
480,train,480
481,train,481
482,train,482
483,train,483
485,train,485
486,train,486
487,train,487
488,train,488
489,train,489
490,train,490
491,train,491
492,train,492
493,train,493
494,train,494
495,train,495
496,train,496
498,train,498
500,train,500
502,train,502
503,train,503
504,train,504
505,train,505
506,train,506
507,train,507
508,train,508
510,train,510
512,train,512
513,train,513
514,train,514
515,train,515
516,train,516
517,train,517
518,train,518
519,train,519
520,train,520
521,train,521
523,train,523
524,train,524
525,train,525
526,train,526
527,train,527
528,train,528
529,train,529
530,train,530
531,train,531
532,train,532
533,train,533
534,train,534
535,train,535
537,train,537
539,train,539
540,train,540
542,train,542
543,train,543
544,train,544
545,train,545
546,train,546
548,train,548
549,train,549
551,train,551
552,train,552
553,train,553
554,train,554
555,train,555
556,train,556
557,train,557
559,train,559
560,train,560
561,train,561
563,train,563
565,train,565
566,train,566
567,train,567
568,train,568
569,train,569
571,train,571
572,train,572
573,train,573
574,train,574
575,train,575
576,train,576
577,train,577
578,train,578
579,train,579
580,train,580
581,train,581
582,train,582
583,train,583
584,train,584
585,train,585
586,train,586
587,train,587
588,train,588
589,train,589
590,train,590
591,train,591
593,train,593
594,train,594
595,train,595
596,train,596
598,train,598
599,train,599
600,train,600
601,train,601
602,train,602
603,train,603
604,train,604
605,train,605
606,train,606
607,train,607
608,train,608
609,train,609
612,train,612
613,train,613
615,train,615
617,train,617
619,train,619
620,train,620
621,train,621
622,train,622
623,train,623
624,train,624
627,train,627
628,train,628
629,train,629
630,train,630
631,train,631
632,train,632
633,train,633
634,train,634
635,train,635
637,train,637
638,train,638
639,train,639
640,train,640
641,train,641
642,train,642
643,train,643
644,train,644
646,train,646
647,train,647
649,train,649
650,train,650
651,train,651
652,train,652
653,train,653
654,train,654
655,train,655
656,train,656
657,train,657
659,train,659
660,train,660
661,train,661
663,train,663
665,train,665
666,train,666
667,train,667
668,train,668
669,train,669
672,train,672
673,train,673
674,train,674
676,train,676
679,train,679
680,train,680
684,train,684
685,train,685
686,train,686
687,train,687
688,train,688
689,train,689
691,train,691
692,train,692
693,train,693
694,train,694
696,train,696
699,train,699
703,train,703
705,train,705
706,train,706
709,train,709
710,train,710
711,train,711
712,train,712
713,train,713
714,train,714
715,train,715
719,train,719
720,train,720
721,train,721
722,train,722
723,train,723
724,train,724
725,train,725
726,train,726
727,train,727
728,train,728
729,train,729
731,train,731
732,train,732
733,train,733
734,train,734
735,train,735
736,train,736
737,train,737
738,train,738
739,train,739
740,train,740
741,train,741
742,train,742
743,train,743
744,train,744
745,train,745
746,train,746
747,train,747
749,train,749
750,train,750
751,train,751
752,train,752
753,train,753
754,train,754
755,train,755
757,train,757
758,train,758
759,train,759
760,train,760
761,train,761
762,train,762
764,train,764
765,train,765
766,train,766
769,train,769
770,train,770
771,train,771
772,train,772
773,train,773
776,train,776
777,train,777
778,train,778
779,train,779
781,train,781
782,train,782
783,train,783
784,train,784
785,train,785
786,train,786
787,train,787
788,train,788
789,train,789
790,train,790
791,train,791
792,train,792
793,train,793
794,train,794
795,train,795
797,train,797
798,train,798
799,train,799
800,train,800
801,train,801
803,train,803
804,train,804
805,train,805
806,train,806
807,train,807
808,train,808
809,train,809
811,train,811
812,train,812
813,train,813
814,train,814
815,train,815
817,train,817
820,train,820
822,train,822
823,train,823
825,train,825
826,train,826
827,train,827
828,train,828
830,train,830
831,train,831
832,train,832
834,train,834
835,train,835
836,train,836
837,train,837
838,train,838
840,train,840
841,train,841
842,train,842
844,train,844
845,train,845
846,train,846
847,train,847
848,train,848
849,train,849
850,train,850
851,train,851
853,train,853
854,train,854
856,train,856
857,train,857
858,train,858
861,train,861
862,train,862
863,train,863
864,train,864
865,train,865
866,train,866
867,train,867
868,train,868
869,train,869
871,train,871
872,train,872
873,train,873
874,train,874
875,train,875
876,train,876
877,train,877
878,train,878
879,train,879
881,train,881
882,train,882
883,train,883
884,train,884
885,train,885
887,train,887
888,train,888
889,train,889
890,train,890
892,train,892
894,train,894
895,train,895
896,train,896
897,train,897
898,train,898
899,train,899
900,train,900
901,train,901
902,train,902
903,train,903
904,train,904
905,train,905
906,train,906
907,train,907
908,train,908
909,train,909
910,train,910
911,train,911
912,train,912
913,train,913
914,train,914
916,train,916
917,train,917
918,train,918
919,train,919
921,train,921
922,train,922
926,train,926
928,train,928
929,train,929
930,train,930
931,train,931
932,train,932
933,train,933
934,train,934
935,train,935
937,train,937
938,train,938
939,train,939
940,train,940
941,train,941
942,train,942
943,train,943
944,train,944
945,train,945
946,train,946
947,train,947
948,train,948
949,train,949
950,train,950
952,train,952
953,train,953
954,train,954
955,train,955
956,train,956
957,train,957
959,train,959
960,train,960
961,train,961
962,train,962
963,train,963
964,train,964
965,train,965
966,train,966
967,train,967
968,train,968
970,train,970
971,train,971
972,train,972
974,train,974
975,train,975
977,train,977
978,train,978
979,train,979
980,train,980
981,train,981
982,train,982
983,train,983
984,train,984
986,train,986
987,train,987
988,train,988
989,train,989
992,train,992
995,train,995
996,train,996
997,train,997
998,train,998
1000,train,1000
1001,train,1001
1002,train,1002
1003,train,1003
1004,train,1004
1005,train,1005
1008,train,1008
1009,train,1009
1010,train,1010
1011,train,1011
1013,train,1013
1014,train,1014
1016,train,1016
1017,train,1017
1018,train,1018
1019,train,1019
1021,train,1021
1022,train,1022
1023,train,1023
1024,train,1024
1026,train,1026
1027,train,1027
1028,train,1028
1029,train,1029
1030,train,1030
1031,train,1031
1032,train,1032
1033,train,1033
1034,train,1034
1035,train,1035
1037,train,1037
1038,train,1038
1039,train,1039
1040,train,1040
1041,train,1041
1042,train,1042
1043,train,1043
1044,train,1044
1045,train,1045
1047,train,1047
1048,train,1048
1049,train,1049
1050,train,1050
1051,train,1051
1052,train,1052
1053,train,1053
1056,train,1056
1057,train,1057
1059,train,1059
1060,train,1060
1061,train,1061
1062,train,1062
1063,train,1063
1064,train,1064
1066,train,1066
1069,train,1069
1070,train,1070
1071,train,1071
1072,train,1072
1073,train,1073
1074,train,1074
1075,train,1075
1076,train,1076
1078,train,1078
1080,train,1080
1081,train,1081
1082,train,1082
1084,train,1084
1086,train,1086
1087,train,1087
1089,train,1089
1091,train,1091
1092,train,1092
1093,train,1093
1094,train,1094
1095,train,1095
1096,train,1096
1097,train,1097
1098,train,1098
1099,train,1099
1100,train,1100
1103,train,1103
1104,train,1104
1105,train,1105
1107,train,1107
1108,train,1108
1109,train,1109
1110,train,1110
1111,train,1111
1112,train,1112
1114,train,1114
1116,train,1116
1117,train,1117
1118,train,1118
1119,train,1119
1120,train,1120
1121,train,1121
1123,train,1123
1124,train,1124
1125,train,1125
1126,train,1126
1127,train,1127
1128,train,1128
1129,train,1129
1130,train,1130
1131,train,1131
1132,train,1132
1133,train,1133
1134,train,1134
1135,train,1135
1136,train,1136
1137,train,1137
1138,train,1138
1139,train,1139
1140,train,1140
1141,train,1141
1142,train,1142
1144,train,1144
1145,train,1145
1147,train,1147
1148,train,1148
1151,train,1151
1152,train,1152
1153,train,1153
1154,train,1154
1155,train,1155
1156,train,1156
1158,train,1158
1159,train,1159
1160,train,1160
1161,train,1161
1162,train,1162
1163,train,1163
1164,train,1164
1166,train,1166
1167,train,1167
1168,train,1168
1171,train,1171
1172,train,1172
1173,train,1173
1174,train,1174
1175,train,1175
1176,train,1176
1177,train,1177
1178,train,1178
1179,train,1179
1181,train,1181
1182,train,1182
1183,train,1183
1184,train,1184
1185,train,1185
1186,train,1186
1187,train,1187
1188,train,1188
1189,train,1189
1190,train,1190
1191,train,1191
1192,train,1192
1193,train,1193
1194,train,1194
1195,train,1195
1196,train,1196
1199,train,1199
1200,train,1200
1201,train,1201
1203,train,1203
1204,train,1204
1205,train,1205
1206,train,1206
1207,train,1207
1209,train,1209
1211,train,1211
1212,train,1212
1213,train,1213
1214,train,1214
1215,train,1215
1217,train,1217
1218,train,1218
1219,train,1219
1221,train,1221
1222,train,1222
1223,train,1223
1224,train,1224
1226,train,1226
1227,train,1227
1228,train,1228
1229,train,1229
1230,train,1230
1231,train,1231
1233,train,1233
1235,train,1235
1238,train,1238
1239,train,1239
1240,train,1240
1242,train,1242
1243,train,1243
1244,train,1244
1245,train,1245
1246,train,1246
1247,train,1247
1249,train,1249
1251,train,1251
1252,train,1252
1253,train,1253
1254,train,1254
1255,train,1255
1256,train,1256
1257,train,1257
1258,train,1258
1260,train,1260
1262,train,1262
1265,train,1265
1266,train,1266
1267,train,1267
1268,train,1268
1269,train,1269
1270,train,1270
1272,train,1272
1273,train,1273
1274,train,1274
1275,train,1275
1276,train,1276
1277,train,1277
1279,train,1279
1280,train,1280
1281,train,1281
1283,train,1283
1284,train,1284
1288,train,1288
1289,train,1289
1290,train,1290
1291,train,1291
1293,train,1293
1295,train,1295
1296,train,1296
1297,train,1297
1298,train,1298
1300,train,1300
1301,train,1301
1302,train,1302
1303,train,1303
1304,train,1304
1305,train,1305
1306,train,1306
1307,train,1307
1309,train,1309
1310,train,1310
1312,train,1312
1314,train,1314
1315,train,1315
1316,train,1316
1317,train,1317
1318,train,1318
1319,train,1319
1320,train,1320
1321,train,1321
1322,train,1322
1323,train,1323
1324,train,1324
1325,train,1325
1326,train,1326
1327,train,1327
1328,train,1328
1329,train,1329
1330,train,1330
1331,train,1331
1332,train,1332
1334,train,1334
1335,train,1335
1337,train,1337
1338,train,1338
1339,train,1339
1342,train,1342
1343,train,1343
1344,train,1344
1345,train,1345
1346,train,1346
1348,train,1348
1351,train,1351
1352,train,1352
1353,train,1353
1355,train,1355
1357,train,1357
1358,train,1358
1359,train,1359
1360,train,1360
1361,train,1361
1362,train,1362
1363,train,1363
1365,train,1365
1366,train,1366
1367,train,1367
1368,train,1368
1372,train,1372
1373,train,1373
1374,train,1374
1375,train,1375
1376,train,1376
1377,train,1377
1378,train,1378
1379,train,1379
1381,train,1381
1382,train,1382
1383,train,1383
1384,train,1384
1385,train,1385
1386,train,1386
1387,train,1387
1389,train,1389
1390,train,1390
1393,train,1393
1394,train,1394
1395,train,1395
1396,train,1396
1397,train,1397
1398,train,1398
1399,train,1399
1400,train,1400
1401,train,1401
1402,train,1402
1403,train,1403
1404,train,1404
1405,train,1405
1406,train,1406
1407,train,1407
1408,train,1408
1410,train,1410
1411,train,1411
1412,train,1412
1415,train,1415
1416,train,1416
1417,train,1417
1418,train,1418
1419,train,1419
1420,train,1420
1421,train,1421
1423,train,1423
1425,train,1425
1426,train,1426
1427,train,1427
1428,train,1428
1429,train,1429
1431,train,1431
1432,train,1432
1433,train,1433
1434,train,1434
1435,train,1435
1436,train,1436
1437,train,1437
1438,train,1438
1439,train,1439
1440,train,1440
1441,train,1441
1442,train,1442
1443,train,1443
1444,train,1444
1445,train,1445
1446,train,1446
1448,train,1448
1449,train,1449
1450,train,1450
1451,train,1451
1452,train,1452
1455,train,1455
1456,train,1456
1457,train,1457
1459,train,1459
1460,train,1460
1461,train,1461
1462,train,1462
1463,train,1463
1464,train,1464
1465,train,1465
1467,train,1467
1468,train,1468
1469,train,1469
1470,train,1470
1472,train,1472
1473,train,1473
1474,train,1474
1475,train,1475
1476,train,1476
1477,train,1477
1478,train,1478
1479,train,1479
1480,train,1480
1481,train,1481
1482,train,1482
1485,train,1485
1486,train,1486
1488,train,1488
1489,train,1489
1490,train,1490
1491,train,1491
1492,train,1492
1493,train,1493
1494,train,1494
1495,train,1495
1496,train,1496
1497,train,1497
1498,train,1498
1499,train,1499
1500,train,1500
1501,train,1501
1502,train,1502
1504,train,1504
1505,train,1505
1507,train,1507
1508,train,1508
1510,train,1510
1511,train,1511
1512,train,1512
1513,train,1513
1514,train,1514
1515,train,1515
1516,train,1516
1518,train,1518
1520,train,1520
1521,train,1521
1523,train,1523
1526,train,1526
1527,train,1527
1529,train,1529
1530,train,1530
1531,train,1531
1533,train,1533
1535,train,1535
1536,train,1536
1537,train,1537
1539,train,1539
1540,train,1540
1541,train,1541
1543,train,1543
1544,train,1544
1546,train,1546
1547,train,1547
1548,train,1548
1550,train,1550
1552,train,1552
1553,train,1553
1554,train,1554
1555,train,1555
1556,train,1556
1558,train,1558
1559,train,1559
1560,train,1560
1562,train,1562
1563,train,1563
1565,train,1565
1566,train,1566
1567,train,1567
1568,train,1568
1569,train,1569
1571,train,1571
1572,train,1572
1573,train,1573
1574,train,1574
1576,train,1576
1577,train,1577
1579,train,1579
1580,train,1580
1582,train,1582
1583,train,1583
1584,train,1584
1585,train,1585
1586,train,1586
1587,train,1587
1588,train,1588
1590,train,1590
1591,train,1591
1592,train,1592
1593,train,1593
1594,train,1594
1595,train,1595
1596,train,1596
1597,train,1597
1598,train,1598
1599,train,1599
1600,train,1600
1601,train,1601
1603,train,1603
1604,train,1604
1605,train,1605
1606,train,1606
1608,train,1608
1609,train,1609
1610,train,1610
1611,train,1611
1612,train,1612
1614,train,1614
1616,train,1616
1617,train,1617
1619,train,1619
1620,train,1620
1621,train,1621
1622,train,1622
1624,train,1624
1625,train,1625
1626,train,1626
1627,train,1627
1628,train,1628
1631,train,1631
1632,train,1632
1633,train,1633
1634,train,1634
1635,train,1635
1636,train,1636
1638,train,1638
1640,train,1640
1641,train,1641
1642,train,1642
1643,train,1643
1644,train,1644
1645,train,1645
1646,train,1646
1647,train,1647
1648,train,1648
1649,train,1649
1652,train,1652
1653,train,1653
1654,train,1654
1655,train,1655
1656,train,1656
1657,train,1657
1659,train,1659
1660,train,1660
1662,train,1662
1663,train,1663
1664,train,1664
1666,train,1666
1668,train,1668
1669,train,1669
1671,train,1671
1672,train,1672
1673,train,1673
1674,train,1674
1675,train,1675
1679,train,1679
1681,train,1681
1682,train,1682
1683,train,1683
1686,train,1686
1688,train,1688
1689,train,1689
1691,train,1691
1692,train,1692
1693,train,1693
1694,train,1694
1695,train,1695
1696,train,1696
1697,train,1697
1698,train,1698
1699,train,1699
1700,train,1700
1701,train,1701
1702,train,1702
1703,train,1703
1704,train,1704
1705,train,1705
1706,train,1706
1707,train,1707
1708,train,1708
1709,train,1709
1710,train,1710
1711,train,1711
1712,train,1712
1713,train,1713
1714,train,1714
1715,train,1715
1716,train,1716
1717,train,1717
1719,train,1719
1720,train,1720
1721,train,1721
1722,train,1722
1723,train,1723
1724,train,1724
1725,train,1725
1726,train,1726
1727,train,1727
1728,train,1728
1729,train,1729
1730,train,1730
1731,train,1731
1733,train,1733
1734,train,1734
1735,train,1735
1736,train,1736
1737,train,1737
1738,train,1738
1739,train,1739
1741,train,1741
1742,train,1742
1743,train,1743
1745,train,1745
1746,train,1746
1748,train,1748
1749,train,1749
1750,train,1750
1752,train,1752
1753,train,1753
1754,train,1754
1755,train,1755
1756,train,1756
1758,train,1758
1759,train,1759
1760,train,1760
1761,train,1761
1762,train,1762
1763,train,1763
1765,train,1765
1766,train,1766
1768,train,1768
1769,train,1769
1770,train,1770
1771,train,1771
1772,train,1772
1773,train,1773
1774,train,1774
1775,train,1775
1776,train,1776
1780,train,1780
1781,train,1781
1782,train,1782
1784,train,1784
1785,train,1785
1789,train,1789
1790,train,1790
1791,train,1791
1792,train,1792
1793,train,1793
1794,train,1794
1795,train,1795
1796,train,1796
1798,train,1798
1799,train,1799
1800,train,1800
1801,train,1801
1802,train,1802
1805,train,1805
1806,train,1806
1807,train,1807
1808,train,1808
1810,train,1810
1811,train,1811
1812,train,1812
1813,train,1813
1814,train,1814
1815,train,1815
1816,train,1816
1817,train,1817
1818,train,1818
1819,train,1819
1820,train,1820
1821,train,1821
1822,train,1822
1823,train,1823
1824,train,1824
1825,train,1825
1826,train,1826
1827,train,1827
1828,train,1828
1829,train,1829
1832,train,1832
1835,train,1835
1836,train,1836
1838,train,1838
1839,train,1839
1840,train,1840
1841,train,1841
1842,train,1842
1843,train,1843
1844,train,1844
1845,train,1845
1846,train,1846
1847,train,1847
1848,train,1848
1849,train,1849
1851,train,1851
1852,train,1852
1853,train,1853
1855,train,1855
1856,train,1856
1857,train,1857
1858,train,1858
1859,train,1859
1860,train,1860
1861,train,1861
1863,train,1863
1864,train,1864
1866,train,1866
1867,train,1867
1868,train,1868
1869,train,1869
1870,train,1870
1871,train,1871
1872,train,1872
1877,train,1877
1878,train,1878
1880,train,1880
1881,train,1881
1882,train,1882
1884,train,1884
1886,train,1886
1887,train,1887
1888,train,1888
1889,train,1889
1892,train,1892
1893,train,1893
1895,train,1895
1896,train,1896
1897,train,1897
1899,train,1899
1900,train,1900
1901,train,1901
1903,train,1903
1904,train,1904
1905,train,1905
1907,train,1907
1909,train,1909
1910,train,1910
1911,train,1911
1912,train,1912
1913,train,1913
1915,train,1915
1916,train,1916
1917,train,1917
1918,train,1918
1919,train,1919
1920,train,1920
1922,train,1922
1923,train,1923
1924,train,1924
1925,train,1925
1928,train,1928
1929,train,1929
1930,train,1930
1931,train,1931
1933,train,1933
1935,train,1935
1936,train,1936
1937,train,1937
1938,train,1938
1939,train,1939
1940,train,1940
1941,train,1941
1942,train,1942
1943,train,1943
1944,train,1944
1945,train,1945
1946,train,1946
1947,train,1947
1949,train,1949
1950,train,1950
1951,train,1951
1952,train,1952
1953,train,1953
1954,train,1954
1955,train,1955
1956,train,1956
1957,train,1957
1958,train,1958
1959,train,1959
1960,train,1960
1961,train,1961
1962,train,1962
1963,train,1963
1964,train,1964
1965,train,1965
1966,train,1966
1967,train,1967
1968,train,1968
1969,train,1969
1970,train,1970
1971,train,1971
1972,train,1972
1973,train,1973
1974,train,1974
1975,train,1975
1976,train,1976
1977,train,1977
1978,train,1978
1979,train,1979
1980,train,1980
1981,train,1981
1982,train,1982
1983,train,1983
1984,train,1984
1985,train,1985
1986,train,1986
1987,train,1987
1991,train,1991
1992,train,1992
1993,train,1993
1994,train,1994
1995,train,1995
1996,train,1996
1997,train,1997
1998,train,1998
1999,train,1999
2000,train,2000
2001,train,2001
2002,train,2002
2003,train,2003
2004,train,2004
2005,train,2005
2006,train,2006
2007,train,2007
2008,train,2008
2010,train,2010
2011,train,2011
2013,train,2013
2014,train,2014
2016,train,2016
2017,train,2017
2018,train,2018
2020,train,2020
2023,train,2023
2024,train,2024
2025,train,2025
2026,train,2026
2027,train,2027
2028,train,2028
2029,train,2029
2032,train,2032
2033,train,2033
2034,train,2034
2035,train,2035
2036,train,2036
2037,train,2037
2038,train,2038
2039,train,2039
2040,train,2040
2041,train,2041
2042,train,2042
2044,train,2044
2045,train,2045
2047,train,2047
2048,train,2048
2049,train,2049
2050,train,2050
2052,train,2052
2053,train,2053
2054,train,2054
2055,train,2055
2056,train,2056
2057,train,2057
2058,train,2058
2059,train,2059
2060,train,2060
2061,train,2061
2062,train,2062
2063,train,2063
2064,train,2064
2065,train,2065
2066,train,2066
2069,train,2069
2071,train,2071
2074,train,2074
2076,train,2076
2078,train,2078
2079,train,2079
2081,train,2081
2082,train,2082
2083,train,2083
2085,train,2085
2086,train,2086
2087,train,2087
2088,train,2088
2090,train,2090
2091,train,2091
2093,train,2093
2094,train,2094
2095,train,2095
2096,train,2096
2097,train,2097
2099,train,2099
2101,train,2101
2102,train,2102
2103,train,2103
2104,train,2104
2106,train,2106
2107,train,2107
2109,train,2109
2110,train,2110
2111,train,2111
2112,train,2112
2113,train,2113
2115,train,2115
2116,train,2116
2117,train,2117
2118,train,2118
2119,train,2119
2120,train,2120
2121,train,2121
2122,train,2122
2125,train,2125
2126,train,2126
2127,train,2127
2128,train,2128
2129,train,2129
2130,train,2130
2131,train,2131
2133,train,2133
2136,train,2136
2137,train,2137
2138,train,2138
2139,train,2139
2140,train,2140
2141,train,2141
2142,train,2142
2143,train,2143
2144,train,2144
2145,train,2145
2146,train,2146
2147,train,2147
2148,train,2148
2149,train,2149
2151,train,2151
2152,train,2152
2153,train,2153
2154,train,2154
2155,train,2155
2157,train,2157
2160,train,2160
2161,train,2161
2162,train,2162
2163,train,2163
2164,train,2164
2165,train,2165
2166,train,2166
2167,train,2167
2168,train,2168
2169,train,2169
2170,train,2170
2171,train,2171
2172,train,2172
2173,train,2173
2174,train,2174
2175,train,2175
2177,train,2177
2178,train,2178
2179,train,2179
2181,train,2181
2182,train,2182
2184,train,2184
2185,train,2185
2186,train,2186
2187,train,2187
2188,train,2188
2189,train,2189
2190,train,2190
2192,train,2192
2193,train,2193
2195,train,2195
2196,train,2196
2198,train,2198
2199,train,2199
2200,train,2200
2201,train,2201
2202,train,2202
2203,train,2203
2204,train,2204
2205,train,2205
2206,train,2206
2207,train,2207
2208,train,2208
2209,train,2209
2210,train,2210
2212,train,2212
2214,train,2214
2215,train,2215
2216,train,2216
2218,train,2218
2219,train,2219
2220,train,2220
2221,train,2221
2222,train,2222
2223,train,2223
2224,train,2224
2225,train,2225
2226,train,2226
2227,train,2227
2228,train,2228
2229,train,2229
2230,train,2230
2231,train,2231
2232,train,2232
2233,train,2233
2234,train,2234
2236,train,2236
2237,train,2237
2239,train,2239
2240,train,2240
2241,train,2241
2242,train,2242
2243,train,2243
2245,train,2245
2246,train,2246
2247,train,2247
2248,train,2248
2249,train,2249
2250,train,2250
2251,train,2251
2252,train,2252
2253,train,2253
2255,train,2255
2256,train,2256
2257,train,2257
2258,train,2258
2260,train,2260
2262,train,2262
2263,train,2263
2264,train,2264
2265,train,2265
2266,train,2266
2267,train,2267
2270,train,2270
2272,train,2272
2273,train,2273
2275,train,2275
2277,train,2277
2278,train,2278
2280,train,2280
2281,train,2281
2282,train,2282
2283,train,2283
2284,train,2284
2285,train,2285
2288,train,2288
2289,train,2289
2291,train,2291
2292,train,2292
2295,train,2295
2296,train,2296
2297,train,2297
2298,train,2298
2299,train,2299
2300,train,2300
2301,train,2301
2302,train,2302
2303,train,2303
2305,train,2305
2306,train,2306
2307,train,2307
2310,train,2310
2312,train,2312
2313,train,2313
2314,train,2314
2315,train,2315
2318,train,2318
2319,train,2319
2320,train,2320
2321,train,2321
2322,train,2322
2323,train,2323
2324,train,2324
2325,train,2325
2326,train,2326
2327,train,2327
2328,train,2328
2329,train,2329
2330,train,2330
2331,train,2331
2333,train,2333
2334,train,2334
2335,train,2335
2336,train,2336
2338,train,2338
2339,train,2339
2340,train,2340
2342,train,2342
2344,train,2344
2345,train,2345
2346,train,2346
2347,train,2347
2348,train,2348
2349,train,2349
2350,train,2350
2351,train,2351
2352,train,2352
2353,train,2353
2354,train,2354
2356,train,2356
2357,train,2357
2358,train,2358
2359,train,2359
2360,train,2360
2361,train,2361
2364,train,2364
2367,train,2367
2369,train,2369
2370,train,2370
2372,train,2372
2373,train,2373
2374,train,2374
2375,train,2375
2376,train,2376
2378,train,2378
2379,train,2379
2380,train,2380
2381,train,2381
2382,train,2382
2383,train,2383
2384,train,2384
2385,train,2385
2386,train,2386
2387,train,2387
2388,train,2388
2390,train,2390
2391,train,2391
2392,train,2392
2393,train,2393
2394,train,2394
2395,train,2395
2396,train,2396
2398,train,2398
2399,train,2399
2400,train,2400
2401,train,2401
2402,train,2402
2403,train,2403
2404,train,2404
2405,train,2405
2406,train,2406
2408,train,2408
2409,train,2409
2410,train,2410
2411,train,2411
2412,train,2412
2413,train,2413
2414,train,2414
2415,train,2415
2416,train,2416
2417,train,2417
2418,train,2418
2419,train,2419
2420,train,2420
2421,train,2421
2422,train,2422
2423,train,2423
2425,train,2425
2427,train,2427
2429,train,2429
2431,train,2431
2432,train,2432
2433,train,2433
2435,train,2435
2436,train,2436
2437,train,2437
2439,train,2439
2440,train,2440
2441,train,2441
2444,train,2444
2446,train,2446
2447,train,2447
2448,train,2448
2449,train,2449
2450,train,2450
2451,train,2451
2452,train,2452
2453,train,2453
2454,train,2454
2455,train,2455
2456,train,2456
2457,train,2457
2458,train,2458
2459,train,2459
2460,train,2460
2461,train,2461
2462,train,2462
2463,train,2463
2464,train,2464
2466,train,2466
2467,train,2467
2468,train,2468
2469,train,2469
2470,train,2470
2472,train,2472
2473,train,2473
2474,train,2474
2477,train,2477
2478,train,2478
2479,train,2479
2480,train,2480
2481,train,2481
2482,train,2482
2483,train,2483
2484,train,2484
2485,train,2485
2486,train,2486
2487,train,2487
2488,train,2488
2491,train,2491
2492,train,2492
2493,train,2493
2494,train,2494
2495,train,2495
2496,train,2496
2497,train,2497
2498,train,2498
2499,train,2499
2500,train,2500
2501,train,2501
2502,train,2502
2503,train,2503
2504,train,2504
2506,train,2506
2507,train,2507
2509,train,2509
2510,train,2510
2511,train,2511
2513,train,2513
2514,train,2514
2515,train,2515
2516,train,2516
2517,train,2517
2519,train,2519
2521,train,2521
2522,train,2522
2523,train,2523
2524,train,2524
2527,train,2527
2528,train,2528
2529,train,2529
2530,train,2530
2531,train,2531
2532,train,2532
2533,train,2533
2534,train,2534
2535,train,2535
2536,train,2536
2538,train,2538
2539,train,2539
2540,train,2540
2542,train,2542
2543,train,2543
2544,train,2544
2545,train,2545
2546,train,2546
2547,train,2547
2548,train,2548
2549,train,2549
2550,train,2550
2551,train,2551
2552,train,2552
2553,train,2553
2554,train,2554
2555,train,2555
2557,train,2557
2558,train,2558
2559,train,2559
2560,train,2560
2562,train,2562
2563,train,2563
2564,train,2564
2565,train,2565
2566,train,2566
2567,train,2567
2568,train,2568
2569,train,2569
2570,train,2570
2571,train,2571
2572,train,2572
2573,train,2573
2574,train,2574
2575,train,2575
2577,train,2577
2578,train,2578
2579,train,2579
2580,train,2580
2581,train,2581
2582,train,2582
2583,train,2583
2584,train,2584
2585,train,2585
2587,train,2587
2588,train,2588
2589,train,2589
2590,train,2590
2591,train,2591
2592,train,2592
2593,train,2593
2594,train,2594
2595,train,2595
2598,train,2598
2600,train,2600
2601,train,2601
2603,train,2603
2604,train,2604
2605,train,2605
2606,train,2606
2607,train,2607
2610,train,2610
2611,train,2611
2612,train,2612
2614,train,2614
2615,train,2615
2617,train,2617
2618,train,2618
2619,train,2619
2622,train,2622
2623,train,2623
2624,train,2624
2626,train,2626
2627,train,2627
2628,train,2628
2629,train,2629
2630,train,2630
2631,train,2631
2632,train,2632
2634,train,2634
2635,train,2635
2636,train,2636
2637,train,2637
2639,train,2639
2641,train,2641
2642,train,2642
2643,train,2643
2644,train,2644
2645,train,2645
2646,train,2646
2647,train,2647
2649,train,2649
2650,train,2650
2653,train,2653
2654,train,2654
2655,train,2655
2656,train,2656
2657,train,2657
2660,train,2660
2661,train,2661
2662,train,2662
2663,train,2663
2664,train,2664
2665,train,2665
2666,train,2666
2667,train,2667
2668,train,2668
2670,train,2670
2671,train,2671
2672,train,2672
2673,train,2673
2674,train,2674
2676,train,2676
2678,train,2678
2679,train,2679
2680,train,2680
2681,train,2681
2682,train,2682
2683,train,2683
2685,train,2685
2686,train,2686
2687,train,2687
2689,train,2689
2690,train,2690
2691,train,2691
2692,train,2692
2693,train,2693
2694,train,2694
2695,train,2695
2696,train,2696
2697,train,2697
2698,train,2698
2699,train,2699
2700,train,2700
2701,train,2701
2702,train,2702
2703,train,2703
2704,train,2704
2705,train,2705
2706,train,2706
2708,train,2708
2709,train,2709
2711,train,2711
2712,train,2712
2714,train,2714
2715,train,2715
2716,train,2716
2717,train,2717
2718,train,2718
2719,train,2719
2721,train,2721
2722,train,2722
2726,train,2726
2728,train,2728
2729,train,2729
2730,train,2730
2731,train,2731
2732,train,2732
2733,train,2733
2734,train,2734
2735,train,2735
2739,train,2739
2740,train,2740
2741,train,2741
2742,train,2742
2743,train,2743
2746,train,2746
2747,train,2747
2748,train,2748
2749,train,2749
2750,train,2750
2751,train,2751
2752,train,2752
2754,train,2754
2755,train,2755
2756,train,2756
2757,train,2757
2759,train,2759
2760,train,2760
2765,train,2765
2766,train,2766
2767,train,2767
2768,train,2768
2769,train,2769
2770,train,2770
2771,train,2771
2772,train,2772
2773,train,2773
2774,train,2774
2776,train,2776
2777,train,2777
2778,train,2778
2779,train,2779
2782,train,2782
2783,train,2783
2784,train,2784
2785,train,2785
2786,train,2786
2787,train,2787
2788,train,2788
2789,train,2789
2790,train,2790
2791,train,2791
2792,train,2792
2793,train,2793
2794,train,2794
2795,train,2795
2796,train,2796
2797,train,2797
2798,train,2798
2799,train,2799
2800,train,2800
2801,train,2801
2804,train,2804
2806,train,2806
2807,train,2807
2808,train,2808
2809,train,2809
2810,train,2810
2811,train,2811
2812,train,2812
2813,train,2813
2814,train,2814
2815,train,2815
2816,train,2816
2817,train,2817
2818,train,2818
2820,train,2820
2822,train,2822
2823,train,2823
2824,train,2824
2825,train,2825
2826,train,2826
2827,train,2827
2828,train,2828
2830,train,2830
2831,train,2831
2832,train,2832
2834,train,2834
2835,train,2835
2836,train,2836
2837,train,2837
2838,train,2838
2839,train,2839
2840,train,2840
2841,train,2841
2842,train,2842
2843,train,2843
2844,train,2844
2846,train,2846
2847,train,2847
2848,train,2848
2849,train,2849
2850,train,2850
2852,train,2852
2853,train,2853
2854,train,2854
2855,train,2855
2857,train,2857
2858,train,2858
2859,train,2859
2861,train,2861
2863,train,2863
2864,train,2864
2865,train,2865
2866,train,2866
2867,train,2867
2868,train,2868
2869,train,2869
2870,train,2870
2873,train,2873
2874,train,2874
2875,train,2875
2876,train,2876
2877,train,2877
2878,train,2878
2879,train,2879
2880,train,2880
2881,train,2881
2882,train,2882
2883,train,2883
2884,train,2884
2885,train,2885
2886,train,2886
2887,train,2887
2888,train,2888
2891,train,2891
2893,train,2893
2894,train,2894
2896,train,2896
2897,train,2897
2899,train,2899
2900,train,2900
2901,train,2901
2902,train,2902
2905,train,2905
2906,train,2906
2907,train,2907
2908,train,2908
2909,train,2909
2910,train,2910
2912,train,2912
2913,train,2913
2915,train,2915
2916,train,2916
2919,train,2919
2920,train,2920
2921,train,2921
2922,train,2922
2924,train,2924
2925,train,2925
2926,train,2926
2927,train,2927
2928,train,2928
2929,train,2929
2930,train,2930
2931,train,2931
2933,train,2933
2934,train,2934
2935,train,2935
2936,train,2936
2937,train,2937
2938,train,2938
2939,train,2939
2940,train,2940
2941,train,2941
2942,train,2942
2943,train,2943
2944,train,2944
2945,train,2945
2946,train,2946
2947,train,2947
2948,train,2948
2949,train,2949
2950,train,2950
2951,train,2951
2952,train,2952
2953,train,2953
2954,train,2954
2956,train,2956
2957,train,2957
2961,train,2961
2962,train,2962
2963,train,2963
2965,train,2965
2966,train,2966
2967,train,2967
2968,train,2968
2969,train,2969
2970,train,2970
2971,train,2971
2974,train,2974
2975,train,2975
2976,train,2976
2977,train,2977
2978,train,2978
2979,train,2979
2983,train,2983
2984,train,2984
2985,train,2985
2986,train,2986
2987,train,2987
2988,train,2988
2989,train,2989
2990,train,2990
2991,train,2991
2992,train,2992
2993,train,2993
2994,train,2994
2995,train,2995
2996,train,2996
2997,train,2997
2998,train,2998
3000,train,3000
3001,train,3001
3002,train,3002
3003,train,3003
3004,train,3004
3006,train,3006
3007,train,3007
3008,train,3008
3009,train,3009
3010,train,3010
3011,train,3011
3012,train,3012
3013,train,3013
3014,train,3014
3016,train,3016
3017,train,3017
3018,train,3018
3019,train,3019
3020,train,3020
3021,train,3021
3022,train,3022
3023,train,3023
3024,train,3024
3025,train,3025
3026,train,3026
3028,train,3028
3029,train,3029
3030,train,3030
3032,train,3032
3033,train,3033
3034,train,3034
3035,train,3035
3036,train,3036
3037,train,3037
3038,train,3038
3039,train,3039
3040,train,3040
3041,train,3041
3044,train,3044
3046,train,3046
3049,train,3049
3050,train,3050
3051,train,3051
3053,train,3053
3057,train,3057
3059,train,3059
3060,train,3060
3064,train,3064
3066,train,3066
3067,train,3067
3068,train,3068
3070,train,3070
3071,train,3071
3072,train,3072
3073,train,3073
3074,train,3074
3076,train,3076
3079,train,3079
3080,train,3080
3082,train,3082
3084,train,3084
3085,train,3085
3086,train,3086
3087,train,3087
3088,train,3088
3089,train,3089
3090,train,3090
3091,train,3091
3093,train,3093
3094,train,3094
3095,train,3095
3097,train,3097
3100,train,3100
3101,train,3101
3102,train,3102
3103,train,3103
3104,train,3104
3105,train,3105
3106,train,3106
3107,train,3107
3108,train,3108
3110,train,3110
3111,train,3111
3112,train,3112
3113,train,3113
3114,train,3114
3115,train,3115
3117,train,3117
3118,train,3118
3119,train,3119
3120,train,3120
3122,train,3122
3123,train,3123
3124,train,3124
3125,train,3125
3126,train,3126
3127,train,3127
3128,train,3128
3129,train,3129
3131,train,3131
3132,train,3132
3133,train,3133
3135,train,3135
3136,train,3136
3137,train,3137
3138,train,3138
3139,train,3139
3140,train,3140
3141,train,3141
3142,train,3142
3143,train,3143
3144,train,3144
3145,train,3145
3147,train,3147
3148,train,3148
3149,train,3149
3150,train,3150
3151,train,3151
3152,train,3152
3153,train,3153
3155,train,3155
3156,train,3156
3157,train,3157
3158,train,3158
3159,train,3159
3160,train,3160
3161,train,3161
3162,train,3162
3163,train,3163
3164,train,3164
3165,train,3165
3166,train,3166
3167,train,3167
3170,train,3170
3171,train,3171
3172,train,3172
3173,train,3173
3174,train,3174
3175,train,3175
3176,train,3176
3177,train,3177
3178,train,3178
3180,train,3180
3181,train,3181
3182,train,3182
3183,train,3183
3184,train,3184
3186,train,3186
3187,train,3187
3188,train,3188
3189,train,3189
3190,train,3190
3191,train,3191
3192,train,3192
3193,train,3193
3194,train,3194
3195,train,3195
3198,train,3198
3199,train,3199
3200,train,3200
3201,train,3201
3202,train,3202
3203,train,3203
3204,train,3204
3205,train,3205
3206,train,3206
3208,train,3208
3210,train,3210
3212,train,3212
3213,train,3213
3216,train,3216
3218,train,3218
3219,train,3219
3220,train,3220
3221,train,3221
3222,train,3222
3223,train,3223
3224,train,3224
3225,train,3225
3227,train,3227
3229,train,3229
3230,train,3230
3231,train,3231
3232,train,3232
3233,train,3233
3234,train,3234
3236,train,3236
3238,train,3238
3239,train,3239
3240,train,3240
3242,train,3242
3243,train,3243
3244,train,3244
3245,train,3245
3246,train,3246
3247,train,3247
3248,train,3248
3249,train,3249
3250,train,3250
3251,train,3251
3253,train,3253
3254,train,3254
3255,train,3255
3256,train,3256
3258,train,3258
3259,train,3259
3260,train,3260
3263,train,3263
3264,train,3264
3268,train,3268
3269,train,3269
3272,train,3272
3273,train,3273
3274,train,3274
3275,train,3275
3276,train,3276
3277,train,3277
3278,train,3278
3281,train,3281
3283,train,3283
3285,train,3285
3286,train,3286
3288,train,3288
3289,train,3289
3290,train,3290
3291,train,3291
3292,train,3292
3294,train,3294
3295,train,3295
3296,train,3296
3297,train,3297
3298,train,3298
3299,train,3299
3301,train,3301
3302,train,3302
3304,train,3304
3305,train,3305
3307,train,3307
3308,train,3308
3311,train,3311
3313,train,3313
3314,train,3314
3315,train,3315
3316,train,3316
3318,train,3318
3319,train,3319
3320,train,3320
3321,train,3321
3322,train,3322
3323,train,3323
3324,train,3324
3325,train,3325
3326,train,3326
3327,train,3327
3328,train,3328
3330,train,3330
3331,train,3331
3332,train,3332
3333,train,3333
3335,train,3335
3337,train,3337
3339,train,3339
3341,train,3341
3342,train,3342
3343,train,3343
3345,train,3345
3346,train,3346
3347,train,3347
3348,train,3348
3349,train,3349
3350,train,3350
3351,train,3351
3352,train,3352
3354,train,3354
3355,train,3355
3356,train,3356
3357,train,3357
3358,train,3358
3359,train,3359
3360,train,3360
3361,train,3361
3362,train,3362
3363,train,3363
3364,train,3364
3365,train,3365
3366,train,3366
3367,train,3367
3368,train,3368
3369,train,3369
3370,train,3370
3371,train,3371
3372,train,3372
3373,train,3373
3376,train,3376
3378,train,3378
3381,train,3381
3382,train,3382
3384,train,3384
3385,train,3385
3386,train,3386
3387,train,3387
3388,train,3388
3389,train,3389
3392,train,3392
3393,train,3393
3394,train,3394
3397,train,3397
3398,train,3398
3399,train,3399
3401,train,3401
3402,train,3402
3403,train,3403
3404,train,3404
3405,train,3405
3406,train,3406
3407,train,3407
3408,train,3408
3409,train,3409
3411,train,3411
3412,train,3412
3414,train,3414
3415,train,3415
3416,train,3416
3417,train,3417
3418,train,3418
3419,train,3419
3420,train,3420
3421,train,3421
3422,train,3422
3423,train,3423
3424,train,3424
3425,train,3425
3426,train,3426
3427,train,3427
3428,train,3428
3429,train,3429
3430,train,3430
3431,train,3431
3433,train,3433
3435,train,3435
3436,train,3436
3437,train,3437
3438,train,3438
3439,train,3439
3442,train,3442
3443,train,3443
3444,train,3444
3445,train,3445
3447,train,3447
3450,train,3450
3451,train,3451
3452,train,3452
3453,train,3453
3454,train,3454
3455,train,3455
3456,train,3456
3458,train,3458
3460,train,3460
3462,train,3462
3463,train,3463
3464,train,3464
3466,train,3466
3467,train,3467
3468,train,3468
3471,train,3471
3472,train,3472
3473,train,3473
3474,train,3474
3475,train,3475
3477,train,3477
3478,train,3478
3479,train,3479
3480,train,3480
3483,train,3483
3484,train,3484
3485,train,3485
3486,train,3486
3487,train,3487
3488,train,3488
3489,train,3489
3491,train,3491
3492,train,3492
3495,train,3495
3496,train,3496
3498,train,3498
3500,train,3500
3501,train,3501
3503,train,3503
3505,train,3505
3506,train,3506
3508,train,3508
3509,train,3509
3510,train,3510
3511,train,3511
3513,train,3513
3514,train,3514
3515,train,3515
3516,train,3516
3517,train,3517
3518,train,3518
3519,train,3519
3520,train,3520
3521,train,3521
3522,train,3522
3523,train,3523
3524,train,3524
3525,train,3525
3526,train,3526
3527,train,3527
3528,train,3528
3529,train,3529
3530,train,3530
3531,train,3531
3532,train,3532
3533,train,3533
3534,train,3534
3535,train,3535
3537,train,3537
3538,train,3538
3539,train,3539
3540,train,3540
3541,train,3541
3544,train,3544
3546,train,3546
3547,train,3547
3548,train,3548
3549,train,3549
3550,train,3550
3552,train,3552
3554,train,3554
3555,train,3555
3556,train,3556
3557,train,3557
3558,train,3558
3560,train,3560
3561,train,3561
3562,train,3562
3563,train,3563
3564,train,3564
3565,train,3565
3566,train,3566
3568,train,3568
3569,train,3569
3570,train,3570
3571,train,3571
3573,train,3573
3574,train,3574
3575,train,3575
3576,train,3576
3577,train,3577
3578,train,3578
3581,train,3581
3582,train,3582
3583,train,3583
3584,train,3584
3585,train,3585
3587,train,3587
3588,train,3588
3589,train,3589
3590,train,3590
3592,train,3592
3594,train,3594
3595,train,3595
3596,train,3596
3597,train,3597
3598,train,3598
3599,train,3599
3603,train,3603
3604,train,3604
3605,train,3605
3606,train,3606
3607,train,3607
3609,train,3609
3610,train,3610
3611,train,3611
3614,train,3614
3615,train,3615
3617,train,3617
3618,train,3618
3620,train,3620
3621,train,3621
3622,train,3622
3623,train,3623
3624,train,3624
3625,train,3625
3627,train,3627
3628,train,3628
3629,train,3629
3630,train,3630
3632,train,3632
3633,train,3633
3635,train,3635
3636,train,3636
3637,train,3637
3638,train,3638
3640,train,3640
3641,train,3641
3643,train,3643
3644,train,3644
3645,train,3645
3647,train,3647
3648,train,3648
3650,train,3650
3651,train,3651
3652,train,3652
3653,train,3653
3654,train,3654
3655,train,3655
3656,train,3656
3657,train,3657
3658,train,3658
3659,train,3659
3660,train,3660
3661,train,3661
3662,train,3662
3663,train,3663
3666,train,3666
3667,train,3667
3668,train,3668
3669,train,3669
3671,train,3671
3672,train,3672
3673,train,3673
3674,train,3674
3675,train,3675
3678,train,3678
3680,train,3680
3683,train,3683
3684,train,3684
3686,train,3686
3687,train,3687
3688,train,3688
3690,train,3690
3691,train,3691
3693,train,3693
3694,train,3694
3695,train,3695
3697,train,3697
3699,train,3699
3700,train,3700
3701,train,3701
3702,train,3702
3703,train,3703
3704,train,3704
3705,train,3705
3707,train,3707
3709,train,3709
3712,train,3712
3713,train,3713
3714,train,3714
3715,train,3715
3716,train,3716
3718,train,3718
3719,train,3719
3720,train,3720
3721,train,3721
3722,train,3722
3723,train,3723
3725,train,3725
3727,train,3727
3729,train,3729
3730,train,3730
3731,train,3731
3732,train,3732
3733,train,3733
3734,train,3734
3736,train,3736
3737,train,3737
3738,train,3738
3739,train,3739
3740,train,3740
3741,train,3741
3745,train,3745
3747,train,3747
3748,train,3748
3749,train,3749
3750,train,3750
3751,train,3751
3752,train,3752
3753,train,3753
3754,train,3754
3755,train,3755
3756,train,3756
3757,train,3757
3758,train,3758
3759,train,3759
3760,train,3760
3762,train,3762
3763,train,3763
3764,train,3764
3765,train,3765
3767,train,3767
3768,train,3768
3769,train,3769
3770,train,3770
3771,train,3771
3772,train,3772
3773,train,3773
3774,train,3774
3775,train,3775
3777,train,3777
3778,train,3778
3780,train,3780
3781,train,3781
3782,train,3782
3783,train,3783
3784,train,3784
3786,train,3786
3787,train,3787
3788,train,3788
3789,train,3789
3791,train,3791
3792,train,3792
3793,train,3793
3795,train,3795
3796,train,3796
3798,train,3798
3799,train,3799
3800,train,3800
3801,train,3801
3802,train,3802
3803,train,3803
3804,train,3804
3805,train,3805
3806,train,3806
3807,train,3807
3808,train,3808
3809,train,3809
3810,train,3810
3811,train,3811
3812,train,3812
3813,train,3813
3814,train,3814
3816,train,3816
3817,train,3817
3818,train,3818
3819,train,3819
3820,train,3820
3821,train,3821
3822,train,3822
3823,train,3823
3824,train,3824
3825,train,3825
3827,train,3827
3828,train,3828
3829,train,3829
3830,train,3830
3832,train,3832
3833,train,3833
3834,train,3834
3835,train,3835
3836,train,3836
3837,train,3837
3838,train,3838
3839,train,3839
3840,train,3840
3841,train,3841
3842,train,3842
3843,train,3843
3844,train,3844
3845,train,3845
3847,train,3847
3848,train,3848
3849,train,3849
3850,train,3850
3851,train,3851
3852,train,3852
3854,train,3854
3855,train,3855
3856,train,3856
3858,train,3858
3859,train,3859
3860,train,3860
3862,train,3862
3863,train,3863
3864,train,3864
3865,train,3865
3866,train,3866
3868,train,3868
3869,train,3869
3870,train,3870
3871,train,3871
3872,train,3872
3873,train,3873
3874,train,3874
3875,train,3875
3876,train,3876
3877,train,3877
3878,train,3878
3879,train,3879
3880,train,3880
3881,train,3881
3882,train,3882
3883,train,3883
3884,train,3884
3885,train,3885
3886,train,3886
3887,train,3887
3888,train,3888
3889,train,3889
3890,train,3890
3891,train,3891
3892,train,3892
3893,train,3893
3895,train,3895
3896,train,3896
3897,train,3897
3899,train,3899
3900,train,3900
3901,train,3901
3902,train,3902
3903,train,3903
3904,train,3904
3905,train,3905
3906,train,3906
3907,train,3907
3908,train,3908
3909,train,3909
3910,train,3910
3911,train,3911
3912,train,3912
3913,train,3913
3915,train,3915
3916,train,3916
3918,train,3918
3919,train,3919
3920,train,3920
3921,train,3921
3922,train,3922
3923,train,3923
3924,train,3924
3925,train,3925
3926,train,3926
3927,train,3927
3928,train,3928
3929,train,3929
3931,train,3931
3932,train,3932
3934,train,3934
3935,train,3935
3936,train,3936
3937,train,3937
3938,train,3938
3939,train,3939
3941,train,3941
3942,train,3942
3943,train,3943
3944,train,3944
3945,train,3945
3946,train,3946
3947,train,3947
3948,train,3948
3949,train,3949
3951,train,3951
3952,train,3952
3953,train,3953
3954,train,3954
3955,train,3955
3956,train,3956
3957,train,3957
3958,train,3958
3959,train,3959
3960,train,3960
3961,train,3961
3962,train,3962
3964,train,3964
3965,train,3965
3966,train,3966
3968,train,3968
3969,train,3969
3970,train,3970
3971,train,3971
3973,train,3973
3974,train,3974
3975,train,3975
3976,train,3976
3977,train,3977
3978,train,3978
3981,train,3981
3982,train,3982
3984,train,3984
3985,train,3985
3986,train,3986
3988,train,3988
3989,train,3989
3990,train,3990
3991,train,3991
3992,train,3992
3993,train,3993
3995,train,3995
3996,train,3996
3997,train,3997
3998,train,3998
4000,train,4000
4001,train,4001
4002,train,4002
4003,train,4003
4005,train,4005
4006,train,4006
4007,train,4007
4008,train,4008
4009,train,4009
4010,train,4010
4012,train,4012
4013,train,4013
4014,train,4014
4015,train,4015
4017,train,4017
4018,train,4018
4019,train,4019
4020,train,4020
4021,train,4021
4022,train,4022
4023,train,4023
4024,train,4024
4025,train,4025
4026,train,4026
4027,train,4027
4029,train,4029
4030,train,4030
4032,train,4032
4033,train,4033
4035,train,4035
4036,train,4036
4039,train,4039
4040,train,4040
4041,train,4041
4042,train,4042
4044,train,4044
4045,train,4045
4046,train,4046
4047,train,4047
4048,train,4048
4049,train,4049
4050,train,4050
4051,train,4051
4052,train,4052
4055,train,4055
4056,train,4056
4057,train,4057
4058,train,4058
4059,train,4059
4060,train,4060
4061,train,4061
4062,train,4062
4063,train,4063
4065,train,4065
4066,train,4066
4067,train,4067
4069,train,4069
4070,train,4070
4075,train,4075
4076,train,4076
4077,train,4077
4078,train,4078
4079,train,4079
4080,train,4080
4081,train,4081
4082,train,4082
4083,train,4083
4084,train,4084
4085,train,4085
4087,train,4087
4088,train,4088
4089,train,4089
4090,train,4090
4091,train,4091
4092,train,4092
4093,train,4093
4094,train,4094
4095,train,4095
4096,train,4096
4097,train,4097
4098,train,4098
4100,train,4100
4101,train,4101
4103,train,4103
4104,train,4104
4105,train,4105
4106,train,4106
4107,train,4107
4108,train,4108
4109,train,4109
4110,train,4110
4111,train,4111
4112,train,4112
4114,train,4114
4115,train,4115
4116,train,4116
4117,train,4117
4118,train,4118
4119,train,4119
4120,train,4120
4121,train,4121
4123,train,4123
4126,train,4126
4127,train,4127
4128,train,4128
4129,train,4129
4130,train,4130
4131,train,4131
4133,train,4133
4134,train,4134
4135,train,4135
4136,train,4136
4137,train,4137
4138,train,4138
4139,train,4139
4140,train,4140
4141,train,4141
4142,train,4142
4144,train,4144
4145,train,4145
4146,train,4146
4147,train,4147
4149,train,4149
4150,train,4150
4151,train,4151
4153,train,4153
4155,train,4155
4156,train,4156
4157,train,4157
4158,train,4158
4159,train,4159
4160,train,4160
4161,train,4161
4162,train,4162
4163,train,4163
4164,train,4164
4166,train,4166
4167,train,4167
4168,train,4168
4169,train,4169
4170,train,4170
4171,train,4171
4172,train,4172
4173,train,4173
4174,train,4174
4175,train,4175
4177,train,4177
4178,train,4178
4180,train,4180
4181,train,4181
4182,train,4182
4184,train,4184
4185,train,4185
4186,train,4186
4187,train,4187
4188,train,4188
4189,train,4189
4190,train,4190
4191,train,4191
4192,train,4192
4193,train,4193
4194,train,4194
4195,train,4195
4196,train,4196
4197,train,4197
4198,train,4198
4200,train,4200
4202,train,4202
4203,train,4203
4204,train,4204
4205,train,4205
4206,train,4206
4207,train,4207
4208,train,4208
4209,train,4209
4210,train,4210
4212,train,4212
4213,train,4213
4215,train,4215
4216,train,4216
4217,train,4217
4218,train,4218
4219,train,4219
4221,train,4221
4222,train,4222
4223,train,4223
4224,train,4224
4225,train,4225
4227,train,4227
4228,train,4228
4229,train,4229
4230,train,4230
4231,train,4231
4232,train,4232
4233,train,4233
4236,train,4236
4237,train,4237
4238,train,4238
4239,train,4239
4241,train,4241
4242,train,4242
4243,train,4243
4244,train,4244
4245,train,4245
4246,train,4246
4247,train,4247
4253,train,4253
4254,train,4254
4256,train,4256
4257,train,4257
4258,train,4258
4259,train,4259
4260,train,4260
4261,train,4261
4262,train,4262
4263,train,4263
4265,train,4265
4266,train,4266
4267,train,4267
4268,train,4268
4269,train,4269
4272,train,4272
4273,train,4273
4274,train,4274
4275,train,4275
4276,train,4276
4277,train,4277
4278,train,4278
4281,train,4281
4284,train,4284
4286,train,4286
4287,train,4287
4289,train,4289
4290,train,4290
4291,train,4291
4292,train,4292
4295,train,4295
4297,train,4297
4298,train,4298
4299,train,4299
4301,train,4301
4302,train,4302
4303,train,4303
4304,train,4304
4305,train,4305
4306,train,4306
4307,train,4307
4309,train,4309
4310,train,4310
4311,train,4311
4312,train,4312
4314,train,4314
4315,train,4315
4316,train,4316
4318,train,4318
4319,train,4319
4322,train,4322
4323,train,4323
4324,train,4324
4325,train,4325
4326,train,4326
4327,train,4327
4329,train,4329
4330,train,4330
4331,train,4331
4332,train,4332
4334,train,4334
4335,train,4335
4337,train,4337
4338,train,4338
4339,train,4339
4340,train,4340
4341,train,4341
4342,train,4342
4343,train,4343
4344,train,4344
4345,train,4345
4346,train,4346
4347,train,4347
4348,train,4348
4350,train,4350
4351,train,4351
4352,train,4352
4354,train,4354
4356,train,4356
4357,train,4357
4358,train,4358
4359,train,4359
4360,train,4360
4361,train,4361
4362,train,4362
4363,train,4363
4364,train,4364
4366,train,4366
4368,train,4368
4369,train,4369
4371,train,4371
4372,train,4372
4373,train,4373
4374,train,4374
4377,train,4377
4378,train,4378
4379,train,4379
4380,train,4380
4381,train,4381
4383,train,4383
4384,train,4384
4385,train,4385
4387,train,4387
4388,train,4388
4390,train,4390
4393,train,4393
4394,train,4394
4396,train,4396
4397,train,4397
4399,train,4399
4401,train,4401
4402,train,4402
4403,train,4403
4404,train,4404
4405,train,4405
4406,train,4406
4407,train,4407
4408,train,4408
4410,train,4410
4413,train,4413
4414,train,4414
4415,train,4415
4417,train,4417
4420,train,4420
4421,train,4421
4422,train,4422
4424,train,4424
4425,train,4425
4426,train,4426
4427,train,4427
4428,train,4428
4429,train,4429
4430,train,4430
4431,train,4431
4432,train,4432
4434,train,4434
4435,train,4435
4436,train,4436
4437,train,4437
4438,train,4438
4439,train,4439
4441,train,4441
4443,train,4443
4444,train,4444
4445,train,4445
4447,train,4447
4449,train,4449
4450,train,4450
4452,train,4452
4453,train,4453
4455,train,4455
4456,train,4456
4457,train,4457
4458,train,4458
4459,train,4459
4460,train,4460
4461,train,4461
4462,train,4462
4463,train,4463
4464,train,4464
4465,train,4465
4466,train,4466
4467,train,4467
4468,train,4468
4469,train,4469
4471,train,4471
4472,train,4472
4473,train,4473
4474,train,4474
4475,train,4475
4476,train,4476
4477,train,4477
4478,train,4478
4479,train,4479
4480,train,4480
4483,train,4483
4484,train,4484
4485,train,4485
4487,train,4487
4488,train,4488
4489,train,4489
4490,train,4490
4492,train,4492
4493,train,4493
4494,train,4494
4495,train,4495
4498,train,4498
4499,train,4499
4500,train,4500
4501,train,4501
4502,train,4502
4503,train,4503
4505,train,4505
4507,train,4507
4509,train,4509
4510,train,4510
4512,train,4512
4513,train,4513
4514,train,4514
4515,train,4515
4516,train,4516
4517,train,4517
4518,train,4518
4519,train,4519
4520,train,4520
4522,train,4522
4523,train,4523
4525,train,4525
4526,train,4526
4527,train,4527
4528,train,4528
4529,train,4529
4530,train,4530
4531,train,4531
4532,train,4532
4533,train,4533
4536,train,4536
4538,train,4538
4539,train,4539
4540,train,4540
4541,train,4541
4542,train,4542
4543,train,4543
4544,train,4544
4545,train,4545
4546,train,4546
4547,train,4547
4548,train,4548
4550,train,4550
4551,train,4551
4552,train,4552
4553,train,4553
4554,train,4554
4555,train,4555
4558,train,4558
4559,train,4559
4560,train,4560
4561,train,4561
4562,train,4562
4563,train,4563
4564,train,4564
4566,train,4566
4567,train,4567
4568,train,4568
4569,train,4569
4570,train,4570
4573,train,4573
4575,train,4575
4576,train,4576
4577,train,4577
4578,train,4578
4579,train,4579
4580,train,4580
4581,train,4581
4583,train,4583
4584,train,4584
4585,train,4585
4586,train,4586
4587,train,4587
4589,train,4589
4590,train,4590
4591,train,4591
4592,train,4592
4593,train,4593
4594,train,4594
4595,train,4595
4596,train,4596
4597,train,4597
4598,train,4598
4601,train,4601
4602,train,4602
4603,train,4603
4604,train,4604
4605,train,4605
4606,train,4606
4607,train,4607
4608,train,4608
4609,train,4609
4610,train,4610
4611,train,4611
4612,train,4612
4613,train,4613
4614,train,4614
4615,train,4615
4616,train,4616
4617,train,4617
4618,train,4618
4619,train,4619
4620,train,4620
4622,train,4622
4626,train,4626
4627,train,4627
4628,train,4628
4629,train,4629
4630,train,4630
4632,train,4632
4633,train,4633
4635,train,4635
4636,train,4636
4637,train,4637
4638,train,4638
4639,train,4639
4640,train,4640
4641,train,4641
4642,train,4642
4643,train,4643
4644,train,4644
4645,train,4645
4646,train,4646
4648,train,4648
4649,train,4649
4650,train,4650
4651,train,4651
4652,train,4652
4653,train,4653
4654,train,4654
4655,train,4655
4658,train,4658
4659,train,4659
4661,train,4661
4662,train,4662
4663,train,4663
4664,train,4664
4665,train,4665
4666,train,4666
4667,train,4667
4668,train,4668
4669,train,4669
4670,train,4670
4671,train,4671
4672,train,4672
4673,train,4673
4674,train,4674
4676,train,4676
4677,train,4677
4678,train,4678
4679,train,4679
4680,train,4680
4683,train,4683
4685,train,4685
4687,train,4687
4688,train,4688
4689,train,4689
4690,train,4690
4691,train,4691
4692,train,4692
4695,train,4695
4698,train,4698
4699,train,4699
4700,train,4700
4701,train,4701
4703,train,4703
4704,train,4704
4705,train,4705
4706,train,4706
4707,train,4707
4708,train,4708
4710,train,4710
4711,train,4711
4712,train,4712
4713,train,4713
4714,train,4714
4715,train,4715
4716,train,4716
4718,train,4718
4719,train,4719
4720,train,4720
4721,train,4721
4722,train,4722
4723,train,4723
4724,train,4724
4725,train,4725
4726,train,4726
4727,train,4727
4728,train,4728
4729,train,4729
4730,train,4730
4732,train,4732
4733,train,4733
4734,train,4734
4735,train,4735
4736,train,4736
4737,train,4737
4738,train,4738
4739,train,4739
4740,train,4740
4741,train,4741
4742,train,4742
4743,train,4743
4744,train,4744
4745,train,4745
4746,train,4746
4747,train,4747
4748,train,4748
4749,train,4749
4750,train,4750
4751,train,4751
4752,train,4752
4753,train,4753
4755,train,4755
4756,train,4756
4757,train,4757
4758,train,4758
4759,train,4759
4761,train,4761
4762,train,4762
4763,train,4763
4764,train,4764
4765,train,4765
4766,train,4766
4767,train,4767
4770,train,4770
4771,train,4771
4773,train,4773
4774,train,4774
4775,train,4775
4776,train,4776
4777,train,4777
4778,train,4778
4780,train,4780
4781,train,4781
4782,train,4782
4783,train,4783
4785,train,4785
4786,train,4786
4787,train,4787
4790,train,4790
4792,train,4792
4794,train,4794
4795,train,4795
4797,train,4797
4798,train,4798
4799,train,4799
4800,train,4800
4801,train,4801
4802,train,4802
4803,train,4803
4804,train,4804
4805,train,4805
4808,train,4808
4810,train,4810
4811,train,4811
4812,train,4812
4813,train,4813
4814,train,4814
4815,train,4815
4817,train,4817
4818,train,4818
4819,train,4819
4820,train,4820
4821,train,4821
4822,train,4822
4823,train,4823
4824,train,4824
4825,train,4825
4826,train,4826
4827,train,4827
4829,train,4829
4830,train,4830
4832,train,4832
4833,train,4833
4834,train,4834
4835,train,4835
4836,train,4836
4837,train,4837
4838,train,4838
4839,train,4839
4841,train,4841
4842,train,4842
4843,train,4843
4845,train,4845
4846,train,4846
4847,train,4847
4849,train,4849
4850,train,4850
4851,train,4851
4852,train,4852
4855,train,4855
4856,train,4856
4857,train,4857
4858,train,4858
4859,train,4859
4860,train,4860
4861,train,4861
4862,train,4862
4864,train,4864
4865,train,4865
4866,train,4866
4867,train,4867
4868,train,4868
4869,train,4869
4871,train,4871
4872,train,4872
4873,train,4873
4875,train,4875
4876,train,4876
4877,train,4877
4878,train,4878
4879,train,4879
4881,train,4881
4882,train,4882
4883,train,4883
4884,train,4884
4885,train,4885
4886,train,4886
4887,train,4887
4888,train,4888
4890,train,4890
4891,train,4891
4892,train,4892
4893,train,4893
4894,train,4894
4895,train,4895
4896,train,4896
4897,train,4897
4899,train,4899
4900,train,4900
4902,train,4902
4903,train,4903
4904,train,4904
4908,train,4908
4909,train,4909
4911,train,4911
4912,train,4912
4913,train,4913
4914,train,4914
4915,train,4915
4916,train,4916
4917,train,4917
4919,train,4919
4923,train,4923
4924,train,4924
4925,train,4925
4926,train,4926
4927,train,4927
4928,train,4928
4929,train,4929
4930,train,4930
4931,train,4931
4933,train,4933
4936,train,4936
4937,train,4937
4938,train,4938
4939,train,4939
4940,train,4940
4941,train,4941
4942,train,4942
4943,train,4943
4945,train,4945
4946,train,4946
4947,train,4947
4948,train,4948
4949,train,4949
4950,train,4950
4951,train,4951
4952,train,4952
4955,train,4955
4956,train,4956
4957,train,4957
4959,train,4959
4960,train,4960
4961,train,4961
4962,train,4962
4963,train,4963
4964,train,4964
4965,train,4965
4966,train,4966
4967,train,4967
4968,train,4968
4969,train,4969
4970,train,4970
4971,train,4971
4972,train,4972
4974,train,4974
4975,train,4975
4976,train,4976
4977,train,4977
4978,train,4978
4979,train,4979
4980,train,4980
4981,train,4981
4982,train,4982
4983,train,4983
4984,train,4984
4985,train,4985
4986,train,4986
4988,train,4988
4989,train,4989
4990,train,4990
4991,train,4991
4993,train,4993
4994,train,4994
4995,train,4995
4996,train,4996
4997,train,4997
4998,train,4998
4999,train,4999
5000,train,5000
5001,train,5001
5002,train,5002
5003,train,5003
5004,train,5004
5005,train,5005
5007,train,5007
5009,train,5009
5010,train,5010
5011,train,5011
5014,train,5014
5015,train,5015
5016,train,5016
5018,train,5018
5019,train,5019
5020,train,5020
5021,train,5021
5022,train,5022
5023,train,5023
5025,train,5025
5026,train,5026
5027,train,5027
5028,train,5028
5029,train,5029
5031,train,5031
5032,train,5032
5033,train,5033
5034,train,5034
5035,train,5035
5036,train,5036
5037,train,5037
5038,train,5038
5039,train,5039
5040,train,5040
5041,train,5041
5042,train,5042
5043,train,5043
5044,train,5044
5045,train,5045
5046,train,5046
5047,train,5047
5048,train,5048
5049,train,5049
5050,train,5050
5051,train,5051
5052,train,5052
5053,train,5053
5056,train,5056
5057,train,5057
5058,train,5058
5059,train,5059
5060,train,5060
5061,train,5061
5063,train,5063
5064,train,5064
5065,train,5065
5067,train,5067
5070,train,5070
5071,train,5071
5073,train,5073
5074,train,5074
5075,train,5075
5076,train,5076
5078,train,5078
5080,train,5080
5081,train,5081
5082,train,5082
5083,train,5083
5084,train,5084
5085,train,5085
5086,train,5086
5087,train,5087
5088,train,5088
5091,train,5091
5092,train,5092
5093,train,5093
5095,train,5095
5096,train,5096
5097,train,5097
5102,train,5102
5103,train,5103
5104,train,5104
5105,train,5105
5107,train,5107
5108,train,5108
5109,train,5109
5110,train,5110
5111,train,5111
5112,train,5112
5113,train,5113
5114,train,5114
5115,train,5115
5116,train,5116
5117,train,5117
5118,train,5118
5119,train,5119
5120,train,5120
5121,train,5121
5122,train,5122
5123,train,5123
5124,train,5124
5125,train,5125
5126,train,5126
5128,train,5128
5131,train,5131
5132,train,5132
5133,train,5133
5134,train,5134
5135,train,5135
5136,train,5136
5138,train,5138
5139,train,5139
5140,train,5140
5141,train,5141
5143,train,5143
5145,train,5145
5146,train,5146
5148,train,5148
5149,train,5149
5152,train,5152
5153,train,5153
5154,train,5154
5155,train,5155
5157,train,5157
5158,train,5158
5159,train,5159
5160,train,5160
5161,train,5161
5162,train,5162
5163,train,5163
5164,train,5164
5166,train,5166
5167,train,5167
5169,train,5169
5170,train,5170
5171,train,5171
5172,train,5172
5173,train,5173
5174,train,5174
5175,train,5175
5176,train,5176
5177,train,5177
5178,train,5178
5180,train,5180
5181,train,5181
5182,train,5182
5183,train,5183
5184,train,5184
5185,train,5185
5187,train,5187
5188,train,5188
5189,train,5189
5191,train,5191
5192,train,5192
5193,train,5193
5194,train,5194
5195,train,5195
5196,train,5196
5198,train,5198
5199,train,5199
5200,train,5200
5201,train,5201
5202,train,5202
5203,train,5203
5204,train,5204
5205,train,5205
5206,train,5206
5207,train,5207
5208,train,5208
5209,train,5209
5210,train,5210
5211,train,5211
5213,train,5213
5214,train,5214
5215,train,5215
5216,train,5216
5217,train,5217
5218,train,5218
5220,train,5220
5221,train,5221
5222,train,5222
5224,train,5224
5225,train,5225
5226,train,5226
5227,train,5227
5228,train,5228
5231,train,5231
5233,train,5233
5234,train,5234
5235,train,5235
5236,train,5236
5237,train,5237
5238,train,5238
5239,train,5239
5240,train,5240
5241,train,5241
5242,train,5242
5243,train,5243
5244,train,5244
5245,train,5245
5246,train,5246
5247,train,5247
5248,train,5248
5249,train,5249
5250,train,5250
5251,train,5251
5252,train,5252
5253,train,5253
5254,train,5254
5255,train,5255
5256,train,5256
5257,train,5257
5258,train,5258
5259,train,5259
5260,train,5260
5261,train,5261
5262,train,5262
5263,train,5263
5264,train,5264
5265,train,5265
5266,train,5266
5267,train,5267
5269,train,5269
5270,train,5270
5271,train,5271
5272,train,5272
5273,train,5273
5275,train,5275
5276,train,5276
5277,train,5277
5280,train,5280
5282,train,5282
5283,train,5283
5284,train,5284
5285,train,5285
5286,train,5286
5287,train,5287
5289,train,5289
5291,train,5291
5292,train,5292
5293,train,5293
5294,train,5294
5295,train,5295
5296,train,5296
5297,train,5297
5298,train,5298
5299,train,5299
5300,train,5300
5301,train,5301
5302,train,5302
5303,train,5303
5305,train,5305
5306,train,5306
5307,train,5307
5308,train,5308
5309,train,5309
5310,train,5310
5311,train,5311
5312,train,5312
5313,train,5313
5314,train,5314
5316,train,5316
5317,train,5317
5318,train,5318
5319,train,5319
5320,train,5320
5321,train,5321
5322,train,5322
5323,train,5323
5324,train,5324
5325,train,5325
5326,train,5326
5327,train,5327
5329,train,5329
5330,train,5330
5331,train,5331
5332,train,5332
5334,train,5334
5336,train,5336
5337,train,5337
5338,train,5338
5340,train,5340
5341,train,5341
5342,train,5342
5343,train,5343
5344,train,5344
5345,train,5345
5346,train,5346
5347,train,5347
5349,train,5349
5350,train,5350
5351,train,5351
5352,train,5352
5353,train,5353
5354,train,5354
5355,train,5355
5356,train,5356
5357,train,5357
5358,train,5358
5359,train,5359
5360,train,5360
5361,train,5361
5362,train,5362
5363,train,5363
5364,train,5364
5365,train,5365
5366,train,5366
5367,train,5367
5368,train,5368
5369,train,5369
5370,train,5370
5373,train,5373
5374,train,5374
5375,train,5375
5377,train,5377
5378,train,5378
5379,train,5379
5380,train,5380
5381,train,5381
5382,train,5382
5384,train,5384
5385,train,5385
5386,train,5386
5387,train,5387
5389,train,5389
5390,train,5390
5391,train,5391
5392,train,5392
5393,train,5393
5394,train,5394
5395,train,5395
5396,train,5396
5397,train,5397
5398,train,5398
5399,train,5399
5400,train,5400
5401,train,5401
5402,train,5402
5403,train,5403
5404,train,5404
5405,train,5405
5406,train,5406
5409,train,5409
5410,train,5410
5411,train,5411
5412,train,5412
5413,train,5413
5414,train,5414
5415,train,5415
5416,train,5416
5417,train,5417
5418,train,5418
5420,train,5420
5421,train,5421
5422,train,5422
5424,train,5424
5425,train,5425
5426,train,5426
5427,train,5427
5428,train,5428
5429,train,5429
5430,train,5430
5431,train,5431
5432,train,5432
5434,train,5434
5435,train,5435
5436,train,5436
5438,train,5438
5439,train,5439
5440,train,5440
5441,train,5441
5443,train,5443
5444,train,5444
5445,train,5445
5447,train,5447
5448,train,5448
5449,train,5449
5450,train,5450
5451,train,5451
5452,train,5452
5453,train,5453
5455,train,5455
5456,train,5456
5457,train,5457
5458,train,5458
5459,train,5459
5460,train,5460
5461,train,5461
5463,train,5463
5464,train,5464
5465,train,5465
5467,train,5467
5468,train,5468
5470,train,5470
5471,train,5471
5472,train,5472
5473,train,5473
5474,train,5474
5475,train,5475
5476,train,5476
5477,train,5477
5478,train,5478
5479,train,5479
5480,train,5480
5481,train,5481
5482,train,5482
5483,train,5483
5484,train,5484
5485,train,5485
5487,train,5487
5488,train,5488
5490,train,5490
5492,train,5492
5494,train,5494
5495,train,5495
5496,train,5496
5497,train,5497
5498,train,5498
5499,train,5499
5500,train,5500
5501,train,5501
5502,train,5502
5503,train,5503
5504,train,5504
5505,train,5505
5506,train,5506
5508,train,5508
5509,train,5509
5511,train,5511
5513,train,5513
5514,train,5514
5516,train,5516
5518,train,5518
5520,train,5520
5521,train,5521
5522,train,5522
5523,train,5523
5525,train,5525
5526,train,5526
5527,train,5527
5528,train,5528
5529,train,5529
5530,train,5530
5531,train,5531
5533,train,5533
5534,train,5534
5535,train,5535
5536,train,5536
5537,train,5537
5538,train,5538
5540,train,5540
5541,train,5541
5542,train,5542
5543,train,5543
5544,train,5544
5545,train,5545
5546,train,5546
5547,train,5547
5548,train,5548
5551,train,5551
5553,train,5553
5554,train,5554
5555,train,5555
5556,train,5556
5557,train,5557
5558,train,5558
5559,train,5559
5560,train,5560
5561,train,5561
5562,train,5562
5563,train,5563
5565,train,5565
5566,train,5566
5567,train,5567
5568,train,5568
5569,train,5569
5570,train,5570
5571,train,5571
5572,train,5572
5573,train,5573
5574,train,5574
5575,train,5575
5579,train,5579
5581,train,5581
5582,train,5582
5583,train,5583
5586,train,5586
5587,train,5587
5588,train,5588
5589,train,5589
5591,train,5591
5593,train,5593
5594,train,5594
5595,train,5595
5597,train,5597
5598,train,5598
5600,train,5600
5601,train,5601
5602,train,5602
5603,train,5603
5604,train,5604
5605,train,5605
5606,train,5606
5610,train,5610
5612,train,5612
5613,train,5613
5614,train,5614
5615,train,5615
5616,train,5616
5617,train,5617
5618,train,5618
5619,train,5619
5620,train,5620
5622,train,5622
5623,train,5623
5625,train,5625
5627,train,5627
5628,train,5628
5629,train,5629
5630,train,5630
5631,train,5631
5632,train,5632
5634,train,5634
5636,train,5636
5637,train,5637
5639,train,5639
5640,train,5640
5642,train,5642
5643,train,5643
5645,train,5645
5646,train,5646
5647,train,5647
5648,train,5648
5649,train,5649
5650,train,5650
5652,train,5652
5653,train,5653
5654,train,5654
5655,train,5655
5656,train,5656
5657,train,5657
5658,train,5658
5659,train,5659
5660,train,5660
5661,train,5661
5662,train,5662
5663,train,5663
5664,train,5664
5666,train,5666
5668,train,5668
5671,train,5671
5672,train,5672
5673,train,5673
5675,train,5675
5676,train,5676
5677,train,5677
5678,train,5678
5679,train,5679
5680,train,5680
5681,train,5681
5682,train,5682
5683,train,5683
5684,train,5684
5686,train,5686
5688,train,5688
5690,train,5690
5691,train,5691
5692,train,5692
5693,train,5693
5694,train,5694
5695,train,5695
5696,train,5696
5697,train,5697
5698,train,5698
5699,train,5699
5700,train,5700
5701,train,5701
5702,train,5702
5703,train,5703
5704,train,5704
5705,train,5705
5706,train,5706
5707,train,5707
5709,train,5709
5711,train,5711
5712,train,5712
5713,train,5713
5714,train,5714
5718,train,5718
5719,train,5719
5720,train,5720
5722,train,5722
5725,train,5725
5726,train,5726
5727,train,5727
5728,train,5728
5729,train,5729
5731,train,5731
5732,train,5732
5733,train,5733
5735,train,5735
5736,train,5736
5738,train,5738
5739,train,5739
5740,train,5740
5741,train,5741
5742,train,5742
5744,train,5744
5745,train,5745
5746,train,5746
5747,train,5747
5748,train,5748
5749,train,5749
5750,train,5750
5751,train,5751
5754,train,5754
5755,train,5755
5756,train,5756
5757,train,5757
5759,train,5759
5760,train,5760
5761,train,5761
5762,train,5762
5764,train,5764
5765,train,5765
5766,train,5766
5767,train,5767
5768,train,5768
5769,train,5769
5770,train,5770
5774,train,5774
5775,train,5775
5777,train,5777
5778,train,5778
5780,train,5780
5781,train,5781
5782,train,5782
5783,train,5783
5784,train,5784
5785,train,5785
5786,train,5786
5787,train,5787
5788,train,5788
5789,train,5789
5791,train,5791
5792,train,5792
5793,train,5793
5794,train,5794
5796,train,5796
5797,train,5797
5798,train,5798
5799,train,5799
5800,train,5800
5801,train,5801
5803,train,5803
5804,train,5804
5805,train,5805
5807,train,5807
5808,train,5808
5809,train,5809
5810,train,5810
5811,train,5811
5814,train,5814
5817,train,5817
5818,train,5818
5819,train,5819
5822,train,5822
5823,train,5823
5824,train,5824
5826,train,5826
5827,train,5827
5828,train,5828
5829,train,5829
5830,train,5830
5831,train,5831
5832,train,5832
5833,train,5833
5834,train,5834
5836,train,5836
5837,train,5837
5839,train,5839
5840,train,5840
5841,train,5841
5842,train,5842
5843,train,5843
5844,train,5844
5845,train,5845
5846,train,5846
5847,train,5847
5848,train,5848
5849,train,5849
5851,train,5851
5852,train,5852
5854,train,5854
5855,train,5855
5856,train,5856
5857,train,5857
5858,train,5858
5859,train,5859
5860,train,5860
5861,train,5861
5862,train,5862
5863,train,5863
5864,train,5864
5865,train,5865
5867,train,5867
5870,train,5870
5871,train,5871
5872,train,5872
5873,train,5873
5875,train,5875
5876,train,5876
5877,train,5877
5878,train,5878
5879,train,5879
5880,train,5880
5881,train,5881
5882,train,5882
5883,train,5883
5884,train,5884
5885,train,5885
5887,train,5887
5888,train,5888
5889,train,5889
5890,train,5890
5892,train,5892
5893,train,5893
5894,train,5894
5895,train,5895
5897,train,5897
5898,train,5898
5899,train,5899
5903,train,5903
5905,train,5905
5906,train,5906
5908,train,5908
5909,train,5909
5910,train,5910
5911,train,5911
5912,train,5912
5913,train,5913
5915,train,5915
5916,train,5916
5917,train,5917
5918,train,5918
5919,train,5919
5920,train,5920
5922,train,5922
5923,train,5923
5924,train,5924
5927,train,5927
5928,train,5928
5929,train,5929
5930,train,5930
5931,train,5931
5933,train,5933
5934,train,5934
5936,train,5936
5937,train,5937
5938,train,5938
5939,train,5939
5940,train,5940
5942,train,5942
5943,train,5943
5944,train,5944
5945,train,5945
5946,train,5946
5947,train,5947
5949,train,5949
5950,train,5950
5951,train,5951
5952,train,5952
5953,train,5953
5955,train,5955
5956,train,5956
5957,train,5957
5958,train,5958
5959,train,5959
5961,train,5961
5963,train,5963
5964,train,5964
5965,train,5965
5966,train,5966
5967,train,5967
5968,train,5968
5969,train,5969
5970,train,5970
5971,train,5971
5972,train,5972
5973,train,5973
5974,train,5974
5975,train,5975
5977,train,5977
5978,train,5978
5979,train,5979
5980,train,5980
5981,train,5981
5982,train,5982
5983,train,5983
5985,train,5985
5986,train,5986
5987,train,5987
5988,train,5988
5989,train,5989
5990,train,5990
5991,train,5991
5992,train,5992
5993,train,5993
5994,train,5994
5995,train,5995
5996,train,5996
5997,train,5997
5998,train,5998
5999,train,5999
6000,train,6000
6002,train,6002
6003,train,6003
6005,train,6005
6006,train,6006
6007,train,6007
6008,train,6008
6010,train,6010
6011,train,6011
6012,train,6012
6013,train,6013
6014,train,6014
6016,train,6016
6017,train,6017
6019,train,6019
6021,train,6021
6022,train,6022
6023,train,6023
6025,train,6025
6026,train,6026
6027,train,6027
6028,train,6028
6029,train,6029
6030,train,6030
6031,train,6031
6032,train,6032
6033,train,6033
6034,train,6034
6035,train,6035
6038,train,6038
6039,train,6039
6040,train,6040
6041,train,6041
6042,train,6042
6043,train,6043
6044,train,6044
6045,train,6045
6046,train,6046
6047,train,6047
6049,train,6049
6050,train,6050
6052,train,6052
6053,train,6053
6054,train,6054
6055,train,6055
6056,train,6056
6057,train,6057
6058,train,6058
6059,train,6059
6060,train,6060
6061,train,6061
6062,train,6062
6063,train,6063
6064,train,6064
6067,train,6067
6068,train,6068
6069,train,6069
6070,train,6070
6071,train,6071
6073,train,6073
6075,train,6075
6076,train,6076
6077,train,6077
6080,train,6080
6081,train,6081
6082,train,6082
6084,train,6084
6086,train,6086
6087,train,6087
6088,train,6088
6089,train,6089
6091,train,6091
6092,train,6092
6093,train,6093
6094,train,6094
6096,train,6096
6097,train,6097
6100,train,6100
6101,train,6101
6102,train,6102
6103,train,6103
6104,train,6104
6105,train,6105
6106,train,6106
6107,train,6107
6110,train,6110
6111,train,6111
6112,train,6112
6113,train,6113
6114,train,6114
6115,train,6115
6116,train,6116
6117,train,6117
6119,train,6119
6121,train,6121
6122,train,6122
6123,train,6123
6124,train,6124
6125,train,6125
6126,train,6126
6127,train,6127
6128,train,6128
6129,train,6129
6130,train,6130
6131,train,6131
6132,train,6132
6134,train,6134
6135,train,6135
6136,train,6136
6137,train,6137
6138,train,6138
6139,train,6139
6141,train,6141
6142,train,6142
6143,train,6143
6144,train,6144
6145,train,6145
6146,train,6146
6148,train,6148
6149,train,6149
6151,train,6151
6152,train,6152
6153,train,6153
6154,train,6154
6155,train,6155
6156,train,6156
6157,train,6157
6158,train,6158
6159,train,6159
6160,train,6160
6161,train,6161
6162,train,6162
6163,train,6163
6164,train,6164
6167,train,6167
6168,train,6168
6169,train,6169
6170,train,6170
6171,train,6171
6172,train,6172
6173,train,6173
6174,train,6174
6175,train,6175
6176,train,6176
6178,train,6178
6179,train,6179
6180,train,6180
6181,train,6181
6183,train,6183
6185,train,6185
6186,train,6186
6188,train,6188
6190,train,6190
6191,train,6191
6192,train,6192
6193,train,6193
6194,train,6194
6195,train,6195
6196,train,6196
6197,train,6197
6198,train,6198
6199,train,6199
6200,train,6200
6201,train,6201
6203,train,6203
6204,train,6204
6205,train,6205
6207,train,6207
6209,train,6209
6210,train,6210
6211,train,6211
6213,train,6213
6214,train,6214
6215,train,6215
6216,train,6216
6217,train,6217
6218,train,6218
6220,train,6220
6221,train,6221
6222,train,6222
6223,train,6223
6225,train,6225
6227,train,6227
6229,train,6229
6230,train,6230
6231,train,6231
6233,train,6233
6234,train,6234
6235,train,6235
6237,train,6237
6238,train,6238
6240,train,6240
6241,train,6241
6242,train,6242
6243,train,6243
6244,train,6244
6245,train,6245
6246,train,6246
6248,train,6248
6249,train,6249
6250,train,6250
6251,train,6251
6253,train,6253
6255,train,6255
6257,train,6257
6258,train,6258
6259,train,6259
6260,train,6260
6261,train,6261
6262,train,6262
6263,train,6263
6265,train,6265
6266,train,6266
6268,train,6268
6269,train,6269
6270,train,6270
6271,train,6271
6274,train,6274
6275,train,6275
6277,train,6277
6278,train,6278
6280,train,6280
6281,train,6281
6282,train,6282
6283,train,6283
6284,train,6284
6285,train,6285
6286,train,6286
6287,train,6287
6288,train,6288
6289,train,6289
6290,train,6290
6291,train,6291
6293,train,6293
6294,train,6294
6295,train,6295
6297,train,6297
6298,train,6298
6299,train,6299
6300,train,6300
6302,train,6302
6303,train,6303
6304,train,6304
6307,train,6307
6308,train,6308
6309,train,6309
6311,train,6311
6313,train,6313
6314,train,6314
6316,train,6316
6317,train,6317
6318,train,6318
6319,train,6319
6320,train,6320
6321,train,6321
6322,train,6322
6324,train,6324
6325,train,6325
6326,train,6326
6328,train,6328
6329,train,6329
6330,train,6330
6331,train,6331
6332,train,6332
6333,train,6333
6334,train,6334
6335,train,6335
6336,train,6336
6337,train,6337
6338,train,6338
6339,train,6339
6340,train,6340
6341,train,6341
6342,train,6342
6343,train,6343
6345,train,6345
6346,train,6346
6347,train,6347
6348,train,6348
6349,train,6349
6350,train,6350
6351,train,6351
6352,train,6352
6353,train,6353
6355,train,6355
6356,train,6356
6357,train,6357
6359,train,6359
6361,train,6361
6362,train,6362
6363,train,6363
6364,train,6364
6365,train,6365
6366,train,6366
6367,train,6367
6368,train,6368
6370,train,6370
6371,train,6371
6373,train,6373
6374,train,6374
6375,train,6375
6376,train,6376
6377,train,6377
6379,train,6379
6380,train,6380
6382,train,6382
6384,train,6384
6385,train,6385
6386,train,6386
6387,train,6387
6389,train,6389
6390,train,6390
6391,train,6391
6392,train,6392
6394,train,6394
6395,train,6395
6397,train,6397
6398,train,6398
6399,train,6399
6400,train,6400
6401,train,6401
6402,train,6402
6403,train,6403
6405,train,6405
6407,train,6407
6408,train,6408
6409,train,6409
6410,train,6410
6411,train,6411
6412,train,6412
6413,train,6413
6414,train,6414
6415,train,6415
6416,train,6416
6418,train,6418
6420,train,6420
6421,train,6421
6422,train,6422
6423,train,6423
6424,train,6424
6425,train,6425
6426,train,6426
6427,train,6427
6428,train,6428
6430,train,6430
6432,train,6432
6433,train,6433
6434,train,6434
6436,train,6436
6437,train,6437
6438,train,6438
6439,train,6439
6440,train,6440
6441,train,6441
6442,train,6442
6443,train,6443
6444,train,6444
6445,train,6445
6446,train,6446
6447,train,6447
6448,train,6448
6450,train,6450
6451,train,6451
6452,train,6452
6453,train,6453
6454,train,6454
6455,train,6455
6456,train,6456
6457,train,6457
6458,train,6458
6459,train,6459
6460,train,6460
6461,train,6461
6462,train,6462
6463,train,6463
6464,train,6464
6466,train,6466
6467,train,6467
6468,train,6468
6469,train,6469
6470,train,6470
6471,train,6471
6472,train,6472
6473,train,6473
6474,train,6474
6475,train,6475
6476,train,6476
6478,train,6478
6479,train,6479
6480,train,6480
6481,train,6481
6485,train,6485
6486,train,6486
6487,train,6487
6488,train,6488
6490,train,6490
6491,train,6491
6492,train,6492
6493,train,6493
6494,train,6494
6495,train,6495
6496,train,6496
6497,train,6497
6498,train,6498
6499,train,6499
6500,train,6500
6501,train,6501
6502,train,6502
6503,train,6503
6504,train,6504
6505,train,6505
6507,train,6507
6508,train,6508
6509,train,6509
6510,train,6510
6512,train,6512
6513,train,6513
6514,train,6514
6515,train,6515
6516,train,6516
6518,train,6518
6519,train,6519
6521,train,6521
6522,train,6522
6523,train,6523
6524,train,6524
6525,train,6525
6526,train,6526
6527,train,6527
6528,train,6528
6529,train,6529
6530,train,6530
6531,train,6531
6534,train,6534
6535,train,6535
6536,train,6536
6537,train,6537
6538,train,6538
6540,train,6540
6541,train,6541
6542,train,6542
6543,train,6543
6544,train,6544
6546,train,6546
6547,train,6547
6548,train,6548
6549,train,6549
6550,train,6550
6551,train,6551
6552,train,6552
6554,train,6554
6555,train,6555
6556,train,6556
6557,train,6557
6558,train,6558
6560,train,6560
6561,train,6561
6562,train,6562
6564,train,6564
6565,train,6565
6566,train,6566
6567,train,6567
6568,train,6568
6569,train,6569
6571,train,6571
6572,train,6572
6574,train,6574
6575,train,6575
6577,train,6577
6580,train,6580
6581,train,6581
6582,train,6582
6583,train,6583
6585,train,6585
6586,train,6586
6587,train,6587
6588,train,6588
6589,train,6589
6591,train,6591
6593,train,6593
6594,train,6594
6595,train,6595
6596,train,6596
6598,train,6598
6599,train,6599
6601,train,6601
6603,train,6603
6604,train,6604
6605,train,6605
6606,train,6606
6607,train,6607
6608,train,6608
6609,train,6609
6611,train,6611
6613,train,6613
6614,train,6614
6615,train,6615
6616,train,6616
6617,train,6617
6618,train,6618
6619,train,6619
6620,train,6620
6621,train,6621
6622,train,6622
6623,train,6623
6624,train,6624
6625,train,6625
6627,train,6627
6628,train,6628
6629,train,6629
6631,train,6631
6633,train,6633
6634,train,6634
6635,train,6635
6636,train,6636
6637,train,6637
6639,train,6639
6641,train,6641
6642,train,6642
6643,train,6643
6644,train,6644
6645,train,6645
6646,train,6646
6647,train,6647
6648,train,6648
6649,train,6649
6651,train,6651
6652,train,6652
6653,train,6653
6654,train,6654
6655,train,6655
6656,train,6656
6657,train,6657
6658,train,6658
6659,train,6659
6660,train,6660
6661,train,6661
6663,train,6663
6664,train,6664
6665,train,6665
6666,train,6666
6668,train,6668
6669,train,6669
6674,train,6674
6676,train,6676
6677,train,6677
6678,train,6678
6679,train,6679
6680,train,6680
6683,train,6683
6685,train,6685
6686,train,6686
6687,train,6687
6688,train,6688
6690,train,6690
6691,train,6691
6692,train,6692
6693,train,6693
6694,train,6694
6695,train,6695
6696,train,6696
6697,train,6697
6700,train,6700
6702,train,6702
6703,train,6703
6704,train,6704
6705,train,6705
6706,train,6706
6707,train,6707
6708,train,6708
6709,train,6709
6711,train,6711
6712,train,6712
6713,train,6713
6714,train,6714
6715,train,6715
6716,train,6716
6717,train,6717
6718,train,6718
6719,train,6719
6720,train,6720
6721,train,6721
6722,train,6722
6725,train,6725
6726,train,6726
6727,train,6727
6728,train,6728
6730,train,6730
6731,train,6731
6733,train,6733
6735,train,6735
6736,train,6736
6738,train,6738
6739,train,6739
6740,train,6740
6741,train,6741
6742,train,6742
6743,train,6743
6744,train,6744
6746,train,6746
6747,train,6747
6749,train,6749
6751,train,6751
6753,train,6753
6756,train,6756
6757,train,6757
6759,train,6759
6761,train,6761
6762,train,6762
6765,train,6765
6767,train,6767
6768,train,6768
6769,train,6769
6770,train,6770
6771,train,6771
6772,train,6772
6773,train,6773
6774,train,6774
6775,train,6775
6777,train,6777
6778,train,6778
6779,train,6779
6780,train,6780
6781,train,6781
6782,train,6782
6783,train,6783
6784,train,6784
6785,train,6785
6786,train,6786
6787,train,6787
6788,train,6788
6789,train,6789
6790,train,6790
6791,train,6791
6792,train,6792
6793,train,6793
6794,train,6794
6796,train,6796
6797,train,6797
6798,train,6798
6799,train,6799
6800,train,6800
6802,train,6802
6803,train,6803
6804,train,6804
6806,train,6806
6807,train,6807
6808,train,6808
6809,train,6809
6810,train,6810
6811,train,6811
6812,train,6812
6814,train,6814
6816,train,6816
6817,train,6817
6818,train,6818
6819,train,6819
6820,train,6820
6821,train,6821
6822,train,6822
6823,train,6823
6824,train,6824
6825,train,6825
6826,train,6826
6827,train,6827
6828,train,6828
6829,train,6829
6830,train,6830
6831,train,6831
6832,train,6832
6833,train,6833
6834,train,6834
6835,train,6835
6837,train,6837
6838,train,6838
6839,train,6839
6842,train,6842
6843,train,6843
6844,train,6844
6845,train,6845
6846,train,6846
6847,train,6847
6848,train,6848
6849,train,6849
6850,train,6850
6851,train,6851
6854,train,6854
6855,train,6855
6857,train,6857
6858,train,6858
6859,train,6859
6860,train,6860
6861,train,6861
6862,train,6862
6863,train,6863
6864,train,6864
6865,train,6865
6867,train,6867
6868,train,6868
6870,train,6870
6871,train,6871
6872,train,6872
6873,train,6873
6875,train,6875
6876,train,6876
6878,train,6878
6879,train,6879
6880,train,6880
6881,train,6881
6882,train,6882
6883,train,6883
6884,train,6884
6885,train,6885
6886,train,6886
6888,train,6888
6889,train,6889
6890,train,6890
6891,train,6891
6894,train,6894
6895,train,6895
6896,train,6896
6897,train,6897
6898,train,6898
6899,train,6899
6900,train,6900
6901,train,6901
6902,train,6902
6903,train,6903
6904,train,6904
6906,train,6906
6907,train,6907
6908,train,6908
6910,train,6910
6912,train,6912
6913,train,6913
6914,train,6914
6915,train,6915
6917,train,6917
6918,train,6918
6919,train,6919
6920,train,6920
6921,train,6921
6922,train,6922
6923,train,6923
6924,train,6924
6925,train,6925
6927,train,6927
6928,train,6928
6929,train,6929
6930,train,6930
6931,train,6931
6932,train,6932
6933,train,6933
6935,train,6935
6936,train,6936
6937,train,6937
6938,train,6938
6939,train,6939
6941,train,6941
6942,train,6942
6943,train,6943
6944,train,6944
6945,train,6945
6946,train,6946
6947,train,6947
6948,train,6948
6949,train,6949
6950,train,6950
6951,train,6951
6952,train,6952
6953,train,6953
6954,train,6954
6955,train,6955
6956,train,6956
6957,train,6957
6958,train,6958
6959,train,6959
6960,train,6960
6961,train,6961
6962,train,6962
6963,train,6963
6964,train,6964
6966,train,6966
6967,train,6967
6968,train,6968
6969,train,6969
6971,train,6971
6972,train,6972
6973,train,6973
6974,train,6974
6975,train,6975
6977,train,6977
6979,train,6979
6980,train,6980
6981,train,6981
6983,train,6983
6984,train,6984
6985,train,6985
6987,train,6987
6988,train,6988
6989,train,6989
6990,train,6990
6993,train,6993
6994,train,6994
6997,train,6997
6998,train,6998
6999,train,6999
7000,train,7000
7001,train,7001
7003,train,7003
7004,train,7004
7005,train,7005
7006,train,7006
7007,train,7007
7008,train,7008
7009,train,7009
7010,train,7010
7011,train,7011
7012,train,7012
7013,train,7013
7014,train,7014
7015,train,7015
7016,train,7016
7019,train,7019
7020,train,7020
7021,train,7021
7022,train,7022
7023,train,7023
7024,train,7024
7025,train,7025
7026,train,7026
7027,train,7027
7028,train,7028
7029,train,7029
7030,train,7030
7031,train,7031
7032,train,7032
7033,train,7033
7034,train,7034
7035,train,7035
7036,train,7036
7037,train,7037
7038,train,7038
7039,train,7039
7040,train,7040
7041,train,7041
7042,train,7042
7043,train,7043
7044,train,7044
7045,train,7045
7047,train,7047
7048,train,7048
7049,train,7049
7051,train,7051
7052,train,7052
7053,train,7053
7054,train,7054
7055,train,7055
7058,train,7058
7060,train,7060
7061,train,7061
7062,train,7062
7063,train,7063
7064,train,7064
7065,train,7065
7066,train,7066
7067,train,7067
7068,train,7068
7070,train,7070
7071,train,7071
7072,train,7072
7073,train,7073
7075,train,7075
7076,train,7076
7077,train,7077
7078,train,7078
7079,train,7079
7080,train,7080
7081,train,7081
7082,train,7082
7084,train,7084
7085,train,7085
7086,train,7086
7087,train,7087
7088,train,7088
7089,train,7089
7094,train,7094
7095,train,7095
7096,train,7096
7097,train,7097
7098,train,7098
7099,train,7099
7100,train,7100
7101,train,7101
7102,train,7102
7103,train,7103
7104,train,7104
7105,train,7105
7106,train,7106
7107,train,7107
7108,train,7108
7109,train,7109
7110,train,7110
7111,train,7111
7113,train,7113
7114,train,7114
7115,train,7115
7116,train,7116
7118,train,7118
7119,train,7119
7122,train,7122
7123,train,7123
7124,train,7124
7125,train,7125
7126,train,7126
7127,train,7127
7128,train,7128
7129,train,7129
7132,train,7132
7133,train,7133
7134,train,7134
7135,train,7135
7136,train,7136
7137,train,7137
7138,train,7138
7139,train,7139
7140,train,7140
7142,train,7142
7143,train,7143
7144,train,7144
7147,train,7147
7148,train,7148
7149,train,7149
7151,train,7151
7152,train,7152
7154,train,7154
7155,train,7155
7156,train,7156
7157,train,7157
7158,train,7158
7159,train,7159
7160,train,7160
7162,train,7162
7163,train,7163
7164,train,7164
7165,train,7165
7167,train,7167
7168,train,7168
7169,train,7169
7170,train,7170
7172,train,7172
7174,train,7174
7175,train,7175
7176,train,7176
7177,train,7177
7178,train,7178
7179,train,7179
7180,train,7180
7181,train,7181
7183,train,7183
7186,train,7186
7187,train,7187
7188,train,7188
7189,train,7189
7191,train,7191
7194,train,7194
7195,train,7195
7196,train,7196
7197,train,7197
7198,train,7198
7199,train,7199
7200,train,7200
7201,train,7201
7202,train,7202
7208,train,7208
7209,train,7209
7210,train,7210
7213,train,7213
7215,train,7215
7216,train,7216
7218,train,7218
7220,train,7220
7221,train,7221
7224,train,7224
7225,train,7225
7226,train,7226
7227,train,7227
7228,train,7228
7229,train,7229
7232,train,7232
7233,train,7233
7234,train,7234
7235,train,7235
7237,train,7237
7238,train,7238
7239,train,7239
7240,train,7240
7241,train,7241
7242,train,7242
7244,train,7244
7245,train,7245
7246,train,7246
7247,train,7247
7248,train,7248
7249,train,7249
7250,train,7250
7251,train,7251
7252,train,7252
7253,train,7253
7254,train,7254
7256,train,7256
7258,train,7258
7259,train,7259
7262,train,7262
7263,train,7263
7265,train,7265
7266,train,7266
7267,train,7267
7269,train,7269
7270,train,7270
7271,train,7271
7272,train,7272
7274,train,7274
7276,train,7276
7277,train,7277
7278,train,7278
7279,train,7279
7280,train,7280
7282,train,7282
7283,train,7283
7284,train,7284
7285,train,7285
7286,train,7286
7287,train,7287
7288,train,7288
7289,train,7289
7290,train,7290
7291,train,7291
7292,train,7292
7294,train,7294
7295,train,7295
7297,train,7297
7299,train,7299
7300,train,7300
7302,train,7302
7305,train,7305
7306,train,7306
7308,train,7308
7310,train,7310
7313,train,7313
7314,train,7314
7316,train,7316
7317,train,7317
7318,train,7318
7319,train,7319
7320,train,7320
7321,train,7321
7322,train,7322
7323,train,7323
7325,train,7325
7326,train,7326
7327,train,7327
7328,train,7328
7329,train,7329
7331,train,7331
7332,train,7332
7333,train,7333
7334,train,7334
7336,train,7336
7337,train,7337
7338,train,7338
7339,train,7339
7340,train,7340
7342,train,7342
7343,train,7343
7344,train,7344
7346,train,7346
7347,train,7347
7348,train,7348
7349,train,7349
7350,train,7350
7351,train,7351
7353,train,7353
7354,train,7354
7355,train,7355
7357,train,7357
7358,train,7358
7359,train,7359
7360,train,7360
7361,train,7361
7362,train,7362
7363,train,7363
7364,train,7364
7365,train,7365
7366,train,7366
7367,train,7367
7368,train,7368
7369,train,7369
7370,train,7370
7372,train,7372
7374,train,7374
7375,train,7375
7376,train,7376
7378,train,7378
7379,train,7379
7380,train,7380
7381,train,7381
7382,train,7382
7384,train,7384
7386,train,7386
7387,train,7387
7388,train,7388
7389,train,7389
7391,train,7391
7392,train,7392
7393,train,7393
7397,train,7397
7398,train,7398
7399,train,7399
7400,train,7400
7401,train,7401
7402,train,7402
7404,train,7404
7405,train,7405
7406,train,7406
7408,train,7408
7409,train,7409
7412,train,7412
7413,train,7413
7414,train,7414
7418,train,7418
7419,train,7419
7421,train,7421
7422,train,7422
7423,train,7423
7426,train,7426
7427,train,7427
7428,train,7428
7429,train,7429
7430,train,7430
7431,train,7431
7432,train,7432
7434,train,7434
7436,train,7436
7437,train,7437
7438,train,7438
7439,train,7439
7440,train,7440
7441,train,7441
7444,train,7444
7446,train,7446
7447,train,7447
7451,train,7451
7452,train,7452
7453,train,7453
7455,train,7455
7456,train,7456
7457,train,7457
7458,train,7458
7459,train,7459
7460,train,7460
7461,train,7461
7462,train,7462
7463,train,7463
7465,train,7465
7467,train,7467
7468,train,7468
7469,train,7469
7470,train,7470
7473,train,7473
7474,train,7474
7475,train,7475
7476,train,7476
7477,train,7477
7479,train,7479
7480,train,7480
7481,train,7481
7482,train,7482
7483,train,7483
7485,train,7485
7486,train,7486
7487,train,7487
7488,train,7488
7489,train,7489
7490,train,7490
7491,train,7491
7492,train,7492
7493,train,7493
7494,train,7494
7495,train,7495
7497,train,7497
7498,train,7498
7500,train,7500
7501,train,7501
7504,train,7504
7505,train,7505
7506,train,7506
7507,train,7507
7508,train,7508
7509,train,7509
7510,train,7510
7511,train,7511
7512,train,7512
7513,train,7513
7514,train,7514
7516,train,7516
7517,train,7517
7518,train,7518
7519,train,7519
7522,train,7522
7523,train,7523
7524,train,7524
7525,train,7525
7527,train,7527
7528,train,7528
7531,train,7531
7532,train,7532
7533,train,7533
7534,train,7534
7535,train,7535
7537,train,7537
7538,train,7538
7539,train,7539
7540,train,7540
7541,train,7541
7542,train,7542
7544,train,7544
7545,train,7545
7547,train,7547
7548,train,7548
7549,train,7549
7550,train,7550
7551,train,7551
7552,train,7552
7553,train,7553
7555,train,7555
7556,train,7556
7558,train,7558
7560,train,7560
7561,train,7561
7562,train,7562
7563,train,7563
7564,train,7564
7565,train,7565
7567,train,7567
7569,train,7569
7571,train,7571
7572,train,7572
7574,train,7574
7575,train,7575
7576,train,7576
7577,train,7577
7578,train,7578
7579,train,7579
7580,train,7580
7581,train,7581
7582,train,7582
7584,train,7584
7585,train,7585
7586,train,7586
7587,train,7587
7589,train,7589
7590,train,7590
7591,train,7591
7593,train,7593
7594,train,7594
7595,train,7595
7599,train,7599
7601,train,7601
7604,train,7604
7606,train,7606
7607,train,7607
7610,train,7610
7611,train,7611
7612,train,7612
7613,train,7613
7615,train,7615
7616,train,7616
7619,train,7619
7620,train,7620
7621,train,7621
7624,train,7624
7625,train,7625
7626,train,7626
7628,train,7628
7629,train,7629
7630,train,7630
7631,train,7631
7632,train,7632
7633,train,7633
7635,train,7635
7636,train,7636
7640,train,7640
7643,train,7643
7646,train,7646
7647,train,7647
7649,train,7649
7650,train,7650
7651,train,7651
7652,train,7652
7654,train,7654
7655,train,7655
7656,train,7656
7659,train,7659
7660,train,7660
7661,train,7661
7662,train,7662
7663,train,7663
7664,train,7664
7666,train,7666
7667,train,7667
7668,train,7668
7669,train,7669
7670,train,7670
7671,train,7671
7673,train,7673
7676,train,7676
7677,train,7677
7678,train,7678
7679,train,7679
7680,train,7680
7681,train,7681
7683,train,7683
7685,train,7685
7686,train,7686
7687,train,7687
7688,train,7688
7689,train,7689
7690,train,7690
7692,train,7692
7693,train,7693
7695,train,7695
7697,train,7697
7698,train,7698
7699,train,7699
7700,train,7700
7701,train,7701
7702,train,7702
7705,train,7705
7706,train,7706
7708,train,7708
7709,train,7709
7710,train,7710
7711,train,7711
7712,train,7712
7713,train,7713
7715,train,7715
7717,train,7717
7718,train,7718
7719,train,7719
7720,train,7720
7721,train,7721
7722,train,7722
7723,train,7723
7724,train,7724
7725,train,7725
7726,train,7726
7728,train,7728
7729,train,7729
7734,train,7734
7735,train,7735
7736,train,7736
7737,train,7737
7738,train,7738
7739,train,7739
7740,train,7740
7741,train,7741
7742,train,7742
7743,train,7743
7744,train,7744
7746,train,7746
7747,train,7747
7748,train,7748
7749,train,7749
7750,train,7750
7751,train,7751
7754,train,7754
7755,train,7755
7756,train,7756
7757,train,7757
7760,train,7760
7762,train,7762
7764,train,7764
7765,train,7765
7766,train,7766
7767,train,7767
7768,train,7768
7769,train,7769
7770,train,7770
7771,train,7771
7772,train,7772
7773,train,7773
7774,train,7774
7776,train,7776
7777,train,7777
7778,train,7778
7779,train,7779
7780,train,7780
7781,train,7781
7782,train,7782
7783,train,7783
7784,train,7784
7785,train,7785
7786,train,7786
7788,train,7788
7789,train,7789
7790,train,7790
7791,train,7791
7792,train,7792
7794,train,7794
7795,train,7795
7796,train,7796
7797,train,7797
7798,train,7798
7799,train,7799
7801,train,7801
7802,train,7802
7804,train,7804
7805,train,7805
7806,train,7806
7807,train,7807
7808,train,7808
7810,train,7810
7811,train,7811
7812,train,7812
7813,train,7813
7814,train,7814
7815,train,7815
7818,train,7818
7819,train,7819
7820,train,7820
7823,train,7823
7825,train,7825
7826,train,7826
7827,train,7827
7829,train,7829
7830,train,7830
7831,train,7831
7832,train,7832
7833,train,7833
7834,train,7834
7835,train,7835
7836,train,7836
7837,train,7837
7838,train,7838
7840,train,7840
7841,train,7841
7842,train,7842
7843,train,7843
7844,train,7844
7845,train,7845
7846,train,7846
7847,train,7847
7848,train,7848
7849,train,7849
7850,train,7850
7851,train,7851
7853,train,7853
7855,train,7855
7857,train,7857
7860,train,7860
7861,train,7861
7863,train,7863
7864,train,7864
7865,train,7865
7866,train,7866
7867,train,7867
7868,train,7868
7869,train,7869
7870,train,7870
7871,train,7871
7872,train,7872
7873,train,7873
7874,train,7874
7875,train,7875
7878,train,7878
7879,train,7879
7881,train,7881
7882,train,7882
7883,train,7883
7885,train,7885
7886,train,7886
7887,train,7887
7888,train,7888
7889,train,7889
7891,train,7891
7892,train,7892
7893,train,7893
7894,train,7894
7896,train,7896
7897,train,7897
7898,train,7898
7899,train,7899
7900,train,7900
7901,train,7901
7902,train,7902
7903,train,7903
7905,train,7905
7906,train,7906
7907,train,7907
7908,train,7908
7910,train,7910
7911,train,7911
7912,train,7912
7913,train,7913
7914,train,7914
7916,train,7916
7919,train,7919
7920,train,7920
7922,train,7922
7923,train,7923
7924,train,7924
7925,train,7925
7926,train,7926
7927,train,7927
7928,train,7928
7929,train,7929
7930,train,7930
7931,train,7931
7932,train,7932
7933,train,7933
7934,train,7934
7935,train,7935
7936,train,7936
7938,train,7938
7939,train,7939
7941,train,7941
7943,train,7943
7944,train,7944
7945,train,7945
7946,train,7946
7947,train,7947
7948,train,7948
7949,train,7949
7950,train,7950
7952,train,7952
7953,train,7953
7954,train,7954
7956,train,7956
7957,train,7957
7958,train,7958
7960,train,7960
7961,train,7961
7962,train,7962
7963,train,7963
7964,train,7964
7965,train,7965
7966,train,7966
7967,train,7967
7968,train,7968
7969,train,7969
7970,train,7970
7971,train,7971
7972,train,7972
7973,train,7973
7974,train,7974
7975,train,7975
7976,train,7976
7977,train,7977
7978,train,7978
7979,train,7979
7981,train,7981
7982,train,7982
7983,train,7983
7984,train,7984
7985,train,7985
7986,train,7986
7987,train,7987
7988,train,7988
7989,train,7989
7990,train,7990
7992,train,7992
7993,train,7993
7994,train,7994
7995,train,7995
7996,train,7996
7997,train,7997
7998,train,7998
8002,train,8002
8004,train,8004
8005,train,8005
8006,train,8006
8007,train,8007
8008,train,8008
8009,train,8009
8011,train,8011
8012,train,8012
8013,train,8013
8014,train,8014
8015,train,8015
8017,train,8017
8018,train,8018
8019,train,8019
8020,train,8020
8021,train,8021
8022,train,8022
8024,train,8024
8025,train,8025
8027,train,8027
8028,train,8028
8029,train,8029
8030,train,8030
8031,train,8031
8032,train,8032
8033,train,8033
8034,train,8034
8035,train,8035
8036,train,8036
8037,train,8037
8038,train,8038
8039,train,8039
8040,train,8040
8041,train,8041
8043,train,8043
8044,train,8044
8045,train,8045
8046,train,8046
8048,train,8048
8050,train,8050
8051,train,8051
8052,train,8052
8053,train,8053
8054,train,8054
8055,train,8055
8056,train,8056
8058,train,8058
8059,train,8059
8060,train,8060
8061,train,8061
8062,train,8062
8063,train,8063
8064,train,8064
8065,train,8065
8066,train,8066
8067,train,8067
8068,train,8068
8070,train,8070
8071,train,8071
8072,train,8072
8074,train,8074
8075,train,8075
8076,train,8076
8078,train,8078
8079,train,8079
8080,train,8080
8081,train,8081
8082,train,8082
8083,train,8083
8084,train,8084
8085,train,8085
8086,train,8086
8087,train,8087
8088,train,8088
8089,train,8089
8090,train,8090
8091,train,8091
8093,train,8093
8094,train,8094
8095,train,8095
8097,train,8097
8098,train,8098
8099,train,8099
8100,train,8100
8101,train,8101
8102,train,8102
8103,train,8103
8104,train,8104
8105,train,8105
8106,train,8106
8107,train,8107
8108,train,8108
8109,train,8109
8110,train,8110
8111,train,8111
8112,train,8112
8113,train,8113
8115,train,8115
8117,train,8117
8118,train,8118
8119,train,8119
8120,train,8120
8121,train,8121
8122,train,8122
8123,train,8123
8124,train,8124
8125,train,8125
8126,train,8126
8127,train,8127
8128,train,8128
8129,train,8129
8130,train,8130
8131,train,8131
8133,train,8133
8134,train,8134
8135,train,8135
8136,train,8136
8137,train,8137
8138,train,8138
8139,train,8139
8141,train,8141
8142,train,8142
8143,train,8143
8144,train,8144
8145,train,8145
8146,train,8146
8147,train,8147
8148,train,8148
8149,train,8149
8150,train,8150
8151,train,8151
8152,train,8152
8153,train,8153
8154,train,8154
8155,train,8155
8157,train,8157
8158,train,8158
8160,train,8160
8161,train,8161
8163,train,8163
8164,train,8164
8165,train,8165
8166,train,8166
8167,train,8167
8168,train,8168
8169,train,8169
8170,train,8170
8172,train,8172
8175,train,8175
8176,train,8176
8178,train,8178
8179,train,8179
8180,train,8180
8182,train,8182
8183,train,8183
8184,train,8184
8185,train,8185
8187,train,8187
8188,train,8188
8189,train,8189
8190,train,8190
8191,train,8191
8192,train,8192
8194,train,8194
8195,train,8195
8196,train,8196
8197,train,8197
8198,train,8198
8199,train,8199
8201,train,8201
8202,train,8202
8204,train,8204
8205,train,8205
8207,train,8207
8208,train,8208
8209,train,8209
8210,train,8210
8211,train,8211
8212,train,8212
8213,train,8213
8214,train,8214
8215,train,8215
8216,train,8216
8217,train,8217
8218,train,8218
8220,train,8220
8221,train,8221
8222,train,8222
8223,train,8223
8224,train,8224
8225,train,8225
8226,train,8226
8227,train,8227
8228,train,8228
8230,train,8230
8231,train,8231
8232,train,8232
8233,train,8233
8234,train,8234
8235,train,8235
8237,train,8237
8238,train,8238
8239,train,8239
8240,train,8240
8241,train,8241
8242,train,8242
8243,train,8243
8244,train,8244
8245,train,8245
8246,train,8246
8247,train,8247
8248,train,8248
8249,train,8249
8250,train,8250
8251,train,8251
8252,train,8252
8253,train,8253
8254,train,8254
8255,train,8255
8256,train,8256
8257,train,8257
8258,train,8258
8259,train,8259
8260,train,8260
8262,train,8262
8263,train,8263
8264,train,8264
8266,train,8266
8267,train,8267
8268,train,8268
8270,train,8270
8272,train,8272
8273,train,8273
8276,train,8276
8278,train,8278
8280,train,8280
8282,train,8282
8284,train,8284
8285,train,8285
8286,train,8286
8287,train,8287
8288,train,8288
8289,train,8289
8290,train,8290
8291,train,8291
8292,train,8292
8293,train,8293
8296,train,8296
8297,train,8297
8298,train,8298
8299,train,8299
8300,train,8300
8302,train,8302
8304,train,8304
8305,train,8305
8306,train,8306
8307,train,8307
8308,train,8308
8310,train,8310
8311,train,8311
8312,train,8312
8313,train,8313
8314,train,8314
8315,train,8315
8319,train,8319
8320,train,8320
8321,train,8321
8322,train,8322
8324,train,8324
8326,train,8326
8327,train,8327
8328,train,8328
8329,train,8329
8331,train,8331
8332,train,8332
8333,train,8333
8334,train,8334
8335,train,8335
8336,train,8336
8338,train,8338
8339,train,8339
8341,train,8341
8342,train,8342
8343,train,8343
8344,train,8344
8345,train,8345
8346,train,8346
8349,train,8349
8351,train,8351
8352,train,8352
8353,train,8353
8354,train,8354
8355,train,8355
8356,train,8356
8358,train,8358
8359,train,8359
8360,train,8360
8361,train,8361
8362,train,8362
8363,train,8363
8364,train,8364
8366,train,8366
8367,train,8367
8369,train,8369
8370,train,8370
8371,train,8371
8372,train,8372
8373,train,8373
8374,train,8374
8375,train,8375
8376,train,8376
8377,train,8377
8378,train,8378
8379,train,8379
8380,train,8380
8381,train,8381
8382,train,8382
8383,train,8383
8384,train,8384
8385,train,8385
8386,train,8386
8388,train,8388
8390,train,8390
8392,train,8392
8393,train,8393
8394,train,8394
8395,train,8395
8397,train,8397
8398,train,8398
8400,train,8400
8402,train,8402
8403,train,8403
8404,train,8404
8405,train,8405
8406,train,8406
8407,train,8407
8409,train,8409
8410,train,8410
8412,train,8412
8413,train,8413
8415,train,8415
8416,train,8416
8417,train,8417
8418,train,8418
8419,train,8419
8422,train,8422
8423,train,8423
8424,train,8424
8425,train,8425
8426,train,8426
8427,train,8427
8428,train,8428
8429,train,8429
8430,train,8430
8432,train,8432
8434,train,8434
8435,train,8435
8441,train,8441
8442,train,8442
8443,train,8443
8444,train,8444
8445,train,8445
8446,train,8446
8447,train,8447
8449,train,8449
8450,train,8450
8451,train,8451
8452,train,8452
8453,train,8453
8454,train,8454
8455,train,8455
8456,train,8456
8457,train,8457
8458,train,8458
8459,train,8459
8461,train,8461
8462,train,8462
8464,train,8464
8465,train,8465
8466,train,8466
8471,train,8471
8473,train,8473
8474,train,8474
8475,train,8475
8476,train,8476
8477,train,8477
8478,train,8478
8479,train,8479
8481,train,8481
8483,train,8483
8484,train,8484
8486,train,8486
8487,train,8487
8489,train,8489
8491,train,8491
8492,train,8492
8493,train,8493
8495,train,8495
8496,train,8496
8497,train,8497
8498,train,8498
8499,train,8499
8501,train,8501
8502,train,8502
8504,train,8504
8505,train,8505
8506,train,8506
8507,train,8507
8508,train,8508
8509,train,8509
8510,train,8510
8512,train,8512
8513,train,8513
8514,train,8514
8515,train,8515
8517,train,8517
8518,train,8518
8520,train,8520
8521,train,8521
8522,train,8522
8524,train,8524
8525,train,8525
8526,train,8526
8527,train,8527
8528,train,8528
8529,train,8529
8530,train,8530
8532,train,8532
8533,train,8533
8534,train,8534
8535,train,8535
8536,train,8536
8537,train,8537
8538,train,8538
8539,train,8539
8540,train,8540
8541,train,8541
8542,train,8542
8543,train,8543
8544,train,8544
8545,train,8545
8546,train,8546
8547,train,8547
8548,train,8548
8549,train,8549
8550,train,8550
8551,train,8551
8552,train,8552
8554,train,8554
8556,train,8556
8557,train,8557
8558,train,8558
8559,train,8559
8561,train,8561
8562,train,8562
8563,train,8563
8564,train,8564
8566,train,8566
8568,train,8568
8569,train,8569
8570,train,8570
8571,train,8571
8572,train,8572
8573,train,8573
8574,train,8574
8575,train,8575
8576,train,8576
8577,train,8577
8578,train,8578
8579,train,8579
8580,train,8580
8583,train,8583
8584,train,8584
8585,train,8585
8587,train,8587
8588,train,8588
8589,train,8589
8590,train,8590
8591,train,8591
8592,train,8592
8593,train,8593
8594,train,8594
8595,train,8595
8596,train,8596
8597,train,8597
8598,train,8598
8599,train,8599
8601,train,8601
8602,train,8602
8603,train,8603
8605,train,8605
8606,train,8606
8607,train,8607
8608,train,8608
8609,train,8609
8610,train,8610
8611,train,8611
8612,train,8612
8613,train,8613
8614,train,8614
8615,train,8615
8616,train,8616
8618,train,8618
8619,train,8619
8620,train,8620
8621,train,8621
8624,train,8624
8625,train,8625
8627,train,8627
8628,train,8628
8629,train,8629
8630,train,8630
8632,train,8632
8633,train,8633
8634,train,8634
8635,train,8635
8637,train,8637
8638,train,8638
8639,train,8639
8640,train,8640
8641,train,8641
8643,train,8643
8644,train,8644
8646,train,8646
8647,train,8647
8648,train,8648
8650,train,8650
8651,train,8651
8654,train,8654
8655,train,8655
8657,train,8657
8658,train,8658
8659,train,8659
8660,train,8660
8661,train,8661
8662,train,8662
8663,train,8663
8664,train,8664
8665,train,8665
8666,train,8666
8667,train,8667
8668,train,8668
8670,train,8670
8671,train,8671
8672,train,8672
8674,train,8674
8675,train,8675
8676,train,8676
8678,train,8678
8679,train,8679
8682,train,8682
8683,train,8683
8684,train,8684
8685,train,8685
8686,train,8686
8688,train,8688
8689,train,8689
8690,train,8690
8691,train,8691
8692,train,8692
8693,train,8693
8694,train,8694
8696,train,8696
8697,train,8697
8698,train,8698
8699,train,8699
8701,train,8701
8702,train,8702
8704,train,8704
8705,train,8705
8707,train,8707
8708,train,8708
8709,train,8709
8710,train,8710
8711,train,8711
8712,train,8712
8713,train,8713
8714,train,8714
8715,train,8715
8716,train,8716
8717,train,8717
8718,train,8718
8719,train,8719
8722,train,8722
8724,train,8724
8725,train,8725
8726,train,8726
8727,train,8727
8728,train,8728
8729,train,8729
8730,train,8730
8731,train,8731
8732,train,8732
8735,train,8735
8736,train,8736
8737,train,8737
8739,train,8739
8740,train,8740
8741,train,8741
8742,train,8742
8743,train,8743
8744,train,8744
8745,train,8745
8746,train,8746
8748,train,8748
8749,train,8749
8750,train,8750
8751,train,8751
8752,train,8752
8753,train,8753
8754,train,8754
8756,train,8756
8757,train,8757
8758,train,8758
8759,train,8759
8760,train,8760
8761,train,8761
8762,train,8762
8763,train,8763
8764,train,8764
8765,train,8765
8766,train,8766
8769,train,8769
8770,train,8770
8772,train,8772
8773,train,8773
8775,train,8775
8776,train,8776
8777,train,8777
8778,train,8778
8779,train,8779
8780,train,8780
8781,train,8781
8782,train,8782
8783,train,8783
8784,train,8784
8785,train,8785
8786,train,8786
8787,train,8787
8789,train,8789
8790,train,8790
8791,train,8791
8792,train,8792
8793,train,8793
8794,train,8794
8796,train,8796
8797,train,8797
8799,train,8799
8800,train,8800
8801,train,8801
8804,train,8804
8805,train,8805
8806,train,8806
8810,train,8810
8811,train,8811
8812,train,8812
8813,train,8813
8814,train,8814
8815,train,8815
8817,train,8817
8819,train,8819
8820,train,8820
8821,train,8821
8822,train,8822
8823,train,8823
8825,train,8825
8826,train,8826
8827,train,8827
8828,train,8828
8829,train,8829
8830,train,8830
8831,train,8831
8832,train,8832
8833,train,8833
8834,train,8834
8835,train,8835
8836,train,8836
8837,train,8837
8839,train,8839
8840,train,8840
8841,train,8841
8842,train,8842
8843,train,8843
8844,train,8844
8845,train,8845
8846,train,8846
8847,train,8847
8848,train,8848
8849,train,8849
8850,train,8850
8851,train,8851
8853,train,8853
8854,train,8854
8855,train,8855
8856,train,8856
8857,train,8857
8858,train,8858
8859,train,8859
8862,train,8862
8863,train,8863
8864,train,8864
8865,train,8865
8866,train,8866
8867,train,8867
8868,train,8868
8869,train,8869
8870,train,8870
8871,train,8871
8872,train,8872
8873,train,8873
8874,train,8874
8875,train,8875
8876,train,8876
8878,train,8878
8879,train,8879
8880,train,8880
8881,train,8881
8882,train,8882
8884,train,8884
8885,train,8885
8886,train,8886
8887,train,8887
8888,train,8888
8889,train,8889
8891,train,8891
8892,train,8892
8893,train,8893
8895,train,8895
8896,train,8896
8897,train,8897
8898,train,8898
8899,train,8899
8900,train,8900
8902,train,8902
8903,train,8903
8904,train,8904
8905,train,8905
8906,train,8906
8907,train,8907
8908,train,8908
8909,train,8909
8912,train,8912
8913,train,8913
8915,train,8915
8918,train,8918
8919,train,8919
8921,train,8921
8922,train,8922
8923,train,8923
8924,train,8924
8925,train,8925
8927,train,8927
8930,train,8930
8931,train,8931
8933,train,8933
8934,train,8934
8935,train,8935
8937,train,8937
8938,train,8938
8939,train,8939
8940,train,8940
8943,train,8943
8944,train,8944
8945,train,8945
8948,train,8948
8949,train,8949
8950,train,8950
8951,train,8951
8952,train,8952
8953,train,8953
8954,train,8954
8955,train,8955
8956,train,8956
8957,train,8957
8958,train,8958
8959,train,8959
8960,train,8960
8961,train,8961
8962,train,8962
8964,train,8964
8967,train,8967
8969,train,8969
8970,train,8970
8971,train,8971
8972,train,8972
8973,train,8973
8975,train,8975
8976,train,8976
8978,train,8978
8980,train,8980
8981,train,8981
8982,train,8982
8983,train,8983
8984,train,8984
8985,train,8985
8989,train,8989
8990,train,8990
8991,train,8991
8992,train,8992
8993,train,8993
8994,train,8994
8995,train,8995
8996,train,8996
8997,train,8997
8998,train,8998
8999,train,8999
9001,train,9001
9002,train,9002
9003,train,9003
9004,train,9004
9005,train,9005
9006,train,9006
9007,train,9007
9008,train,9008
9009,train,9009
9011,train,9011
9012,train,9012
9014,train,9014
9015,train,9015
9016,train,9016
9017,train,9017
9018,train,9018
9019,train,9019
9020,train,9020
9021,train,9021
9022,train,9022
9023,train,9023
9025,train,9025
9026,train,9026
9027,train,9027
9028,train,9028
9032,train,9032
9033,train,9033
9036,train,9036
9037,train,9037
9040,train,9040
9042,train,9042
9043,train,9043
9044,train,9044
9045,train,9045
9046,train,9046
9047,train,9047
9048,train,9048
9049,train,9049
9050,train,9050
9051,train,9051
9053,train,9053
9054,train,9054
9057,train,9057
9058,train,9058
9059,train,9059
9060,train,9060
9061,train,9061
9063,train,9063
9064,train,9064
9066,train,9066
9068,train,9068
9069,train,9069
9071,train,9071
9072,train,9072
9073,train,9073
9074,train,9074
9076,train,9076
9077,train,9077
9079,train,9079
9080,train,9080
9081,train,9081
9082,train,9082
9083,train,9083
9084,train,9084
9085,train,9085
9086,train,9086
9087,train,9087
9088,train,9088
9089,train,9089
9090,train,9090
9091,train,9091
9092,train,9092
9093,train,9093
9095,train,9095
9096,train,9096
9097,train,9097
9098,train,9098
9099,train,9099
9100,train,9100
9101,train,9101
9102,train,9102
9103,train,9103
9104,train,9104
9105,train,9105
9106,train,9106
9107,train,9107
9108,train,9108
9109,train,9109
9111,train,9111
9112,train,9112
9113,train,9113
9114,train,9114
9115,train,9115
9116,train,9116
9117,train,9117
9119,train,9119
9120,train,9120
9121,train,9121
9123,train,9123
9125,train,9125
9127,train,9127
9128,train,9128
9130,train,9130
9131,train,9131
9132,train,9132
9133,train,9133
9134,train,9134
9135,train,9135
9137,train,9137
9138,train,9138
9139,train,9139
9141,train,9141
9143,train,9143
9144,train,9144
9145,train,9145
9146,train,9146
9147,train,9147
9148,train,9148
9149,train,9149
9150,train,9150
9151,train,9151
9152,train,9152
9153,train,9153
9155,train,9155
9156,train,9156
9157,train,9157
9158,train,9158
9160,train,9160
9161,train,9161
9162,train,9162
9163,train,9163
9164,train,9164
9165,train,9165
9166,train,9166
9167,train,9167
9168,train,9168
9169,train,9169
9170,train,9170
9171,train,9171
9172,train,9172
9173,train,9173
9175,train,9175
9176,train,9176
9178,train,9178
9179,train,9179
9180,train,9180
9181,train,9181
9183,train,9183
9184,train,9184
9185,train,9185
9186,train,9186
9187,train,9187
9188,train,9188
9189,train,9189
9190,train,9190
9191,train,9191
9192,train,9192
9193,train,9193
9194,train,9194
9197,train,9197
9198,train,9198
9199,train,9199
9202,train,9202
9205,train,9205
9207,train,9207
9208,train,9208
9209,train,9209
9210,train,9210
9213,train,9213
9216,train,9216
9217,train,9217
9218,train,9218
9219,train,9219
9220,train,9220
9221,train,9221
9222,train,9222
9223,train,9223
9224,train,9224
9225,train,9225
9226,train,9226
9227,train,9227
9228,train,9228
9229,train,9229
9231,train,9231
9232,train,9232
9234,train,9234
9235,train,9235
9236,train,9236
9239,train,9239
9241,train,9241
9242,train,9242
9243,train,9243
9244,train,9244
9245,train,9245
9246,train,9246
9247,train,9247
9249,train,9249
9250,train,9250
9251,train,9251
9252,train,9252
9253,train,9253
9254,train,9254
9255,train,9255
9256,train,9256
9257,train,9257
9259,train,9259
9260,train,9260
9261,train,9261
9262,train,9262
9263,train,9263
9264,train,9264
9265,train,9265
9266,train,9266
9267,train,9267
9268,train,9268
9269,train,9269
9274,train,9274
9275,train,9275
9277,train,9277
9278,train,9278
9280,train,9280
9281,train,9281
9282,train,9282
9283,train,9283
9284,train,9284
9285,train,9285
9286,train,9286
9287,train,9287
9288,train,9288
9289,train,9289
9290,train,9290
9292,train,9292
9293,train,9293
9294,train,9294
9295,train,9295
9297,train,9297
9298,train,9298
9299,train,9299
9300,train,9300
9301,train,9301
9302,train,9302
9304,train,9304
9305,train,9305
9306,train,9306
9307,train,9307
9309,train,9309
9310,train,9310
9311,train,9311
9313,train,9313
9315,train,9315
9318,train,9318
9319,train,9319
9320,train,9320
9321,train,9321
9322,train,9322
9325,train,9325
9326,train,9326
9327,train,9327
9331,train,9331
9332,train,9332
9333,train,9333
9335,train,9335
9337,train,9337
9338,train,9338
9340,train,9340
9342,train,9342
9343,train,9343
9345,train,9345
9346,train,9346
9347,train,9347
9349,train,9349
9350,train,9350
9351,train,9351
9353,train,9353
9355,train,9355
9356,train,9356
9357,train,9357
9358,train,9358
9359,train,9359
9360,train,9360
9361,train,9361
9362,train,9362
9363,train,9363
9364,train,9364
9366,train,9366
9368,train,9368
9369,train,9369
9370,train,9370
9372,train,9372
9373,train,9373
9374,train,9374
9376,train,9376
9377,train,9377
9378,train,9378
9379,train,9379
9380,train,9380
9381,train,9381
9382,train,9382
9383,train,9383
9384,train,9384
9385,train,9385
9386,train,9386
9387,train,9387
9388,train,9388
9389,train,9389
9391,train,9391
9392,train,9392
9393,train,9393
9394,train,9394
9395,train,9395
9397,train,9397
9398,train,9398
9399,train,9399
9400,train,9400
9402,train,9402
9403,train,9403
9405,train,9405
9407,train,9407
9408,train,9408
9409,train,9409
9410,train,9410
9411,train,9411
9412,train,9412
9413,train,9413
9414,train,9414
9415,train,9415
9416,train,9416
9417,train,9417
9419,train,9419
9420,train,9420
9421,train,9421
9422,train,9422
9423,train,9423
9424,train,9424
9425,train,9425
9426,train,9426
9427,train,9427
9428,train,9428
9429,train,9429
9431,train,9431
9432,train,9432
9433,train,9433
9434,train,9434
9435,train,9435
9436,train,9436
9437,train,9437
9438,train,9438
9439,train,9439
9440,train,9440
9441,train,9441
9442,train,9442
9443,train,9443
9444,train,9444
9445,train,9445
9446,train,9446
9447,train,9447
9449,train,9449
9450,train,9450
9451,train,9451
9452,train,9452
9454,train,9454
9455,train,9455
9457,train,9457
9459,train,9459
9461,train,9461
9462,train,9462
9463,train,9463
9464,train,9464
9466,train,9466
9467,train,9467
9468,train,9468
9469,train,9469
9470,train,9470
9472,train,9472
9473,train,9473
9474,train,9474
9475,train,9475
9477,train,9477
9479,train,9479
9480,train,9480
9481,train,9481
9482,train,9482
9483,train,9483
9484,train,9484
9486,train,9486
9488,train,9488
9489,train,9489
9490,train,9490
9491,train,9491
9492,train,9492
9494,train,9494
9495,train,9495
9496,train,9496
9497,train,9497
9498,train,9498
9499,train,9499
9500,train,9500
9501,train,9501
9504,train,9504
9505,train,9505
9507,train,9507
9508,train,9508
9510,train,9510
9511,train,9511
9512,train,9512
9515,train,9515
9517,train,9517
9519,train,9519
9520,train,9520
9521,train,9521
9522,train,9522
9523,train,9523
9525,train,9525
9526,train,9526
9527,train,9527
9529,train,9529
9531,train,9531
9533,train,9533
9534,train,9534
9536,train,9536
9537,train,9537
9538,train,9538
9539,train,9539
9541,train,9541
9542,train,9542
9543,train,9543
9544,train,9544
9545,train,9545
9546,train,9546
9548,train,9548
9549,train,9549
9550,train,9550
9551,train,9551
9552,train,9552
9553,train,9553
9555,train,9555
9556,train,9556
9557,train,9557
9559,train,9559
9560,train,9560
9561,train,9561
9562,train,9562
9563,train,9563
9564,train,9564
9565,train,9565
9566,train,9566
9568,train,9568
9569,train,9569
9570,train,9570
9571,train,9571
9572,train,9572
9573,train,9573
9574,train,9574
9575,train,9575
9576,train,9576
9577,train,9577
9578,train,9578
9580,train,9580
9581,train,9581
9582,train,9582
9584,train,9584
9585,train,9585
9586,train,9586
9587,train,9587
9589,train,9589
9590,train,9590
9591,train,9591
9592,train,9592
9593,train,9593
9594,train,9594
9595,train,9595
9596,train,9596
9597,train,9597
9598,train,9598
9600,train,9600
9601,train,9601
9602,train,9602
9603,train,9603
9604,train,9604
9605,train,9605
9607,train,9607
9608,train,9608
9609,train,9609
9610,train,9610
9611,train,9611
9613,train,9613
9615,train,9615
9616,train,9616
9617,train,9617
9618,train,9618
9620,train,9620
9622,train,9622
9623,train,9623
9625,train,9625
9627,train,9627
9628,train,9628
9629,train,9629
9630,train,9630
9631,train,9631
9634,train,9634
9636,train,9636
9637,train,9637
9640,train,9640
9641,train,9641
9642,train,9642
9643,train,9643
9644,train,9644
9645,train,9645
9646,train,9646
9647,train,9647
9648,train,9648
9650,train,9650
9651,train,9651
9652,train,9652
9653,train,9653
9654,train,9654
9655,train,9655
9656,train,9656
9657,train,9657
9658,train,9658
9659,train,9659
9662,train,9662
9663,train,9663
9664,train,9664
9665,train,9665
9667,train,9667
9668,train,9668
9669,train,9669
9670,train,9670
9671,train,9671
9672,train,9672
9673,train,9673
9674,train,9674
9677,train,9677
9678,train,9678
9679,train,9679
9680,train,9680
9681,train,9681
9682,train,9682
9683,train,9683
9684,train,9684
9685,train,9685
9686,train,9686
9688,train,9688
9689,train,9689
9690,train,9690
9691,train,9691
9692,train,9692
9693,train,9693
9695,train,9695
9696,train,9696
9697,train,9697
9698,train,9698
9699,train,9699
9700,train,9700
9701,train,9701
9702,train,9702
9703,train,9703
9704,train,9704
9705,train,9705
9706,train,9706
9707,train,9707
9710,train,9710
9711,train,9711
9712,train,9712
9713,train,9713
9715,train,9715
9716,train,9716
9717,train,9717
9718,train,9718
9719,train,9719
9720,train,9720
9721,train,9721
9722,train,9722
9723,train,9723
9724,train,9724
9725,train,9725
9726,train,9726
9727,train,9727
9728,train,9728
9732,train,9732
9733,train,9733
9734,train,9734
9735,train,9735
9736,train,9736
9737,train,9737
9738,train,9738
9739,train,9739
9740,train,9740
9741,train,9741
9742,train,9742
9743,train,9743
9744,train,9744
9745,train,9745
9746,train,9746
9747,train,9747
9748,train,9748
9749,train,9749
9751,train,9751
9752,train,9752
9753,train,9753
9754,train,9754
9755,train,9755
9756,train,9756
9757,train,9757
9758,train,9758
9759,train,9759
9760,train,9760
9765,train,9765
9766,train,9766
9767,train,9767
9768,train,9768
9769,train,9769
9770,train,9770
9771,train,9771
9773,train,9773
9774,train,9774
9775,train,9775
9776,train,9776
9777,train,9777
9778,train,9778
9779,train,9779
9780,train,9780
9782,train,9782
9783,train,9783
9784,train,9784
9785,train,9785
9786,train,9786
9787,train,9787
9788,train,9788
9790,train,9790
9791,train,9791
9792,train,9792
9793,train,9793
9794,train,9794
9795,train,9795
9796,train,9796
9797,train,9797
9798,train,9798
9799,train,9799
9800,train,9800
9801,train,9801
9802,train,9802
9803,train,9803
9804,train,9804
9805,train,9805
9806,train,9806
9807,train,9807
9809,train,9809
9811,train,9811
9814,train,9814
9815,train,9815
9816,train,9816
9817,train,9817
9818,train,9818
9819,train,9819
9820,train,9820
9821,train,9821
9822,train,9822
9823,train,9823
9824,train,9824
9826,train,9826
9828,train,9828
9829,train,9829
9830,train,9830
9832,train,9832
9833,train,9833
9836,train,9836
9838,train,9838
9840,train,9840
9841,train,9841
9843,train,9843
9844,train,9844
9845,train,9845
9848,train,9848
9850,train,9850
9851,train,9851
9852,train,9852
9853,train,9853
9855,train,9855
9857,train,9857
9859,train,9859
9860,train,9860
9861,train,9861
9862,train,9862
9863,train,9863
9864,train,9864
9865,train,9865
9866,train,9866
9867,train,9867
9868,train,9868
9869,train,9869
9870,train,9870
9871,train,9871
9872,train,9872
9873,train,9873
9874,train,9874
9875,train,9875
9876,train,9876
9877,train,9877
9878,train,9878
9879,train,9879
9881,train,9881
9882,train,9882
9883,train,9883
9884,train,9884
9885,train,9885
9886,train,9886
9887,train,9887
9888,train,9888
9889,train,9889
9890,train,9890
9891,train,9891
9892,train,9892
9893,train,9893
9894,train,9894
9897,train,9897
9898,train,9898
9900,train,9900
9901,train,9901
9902,train,9902
9904,train,9904
9905,train,9905
9906,train,9906
9908,train,9908
9909,train,9909
9910,train,9910
9911,train,9911
9912,train,9912
9913,train,9913
9914,train,9914
9915,train,9915
9916,train,9916
9917,train,9917
9919,train,9919
9920,train,9920
9921,train,9921
9922,train,9922
9923,train,9923
9924,train,9924
9925,train,9925
9927,train,9927
9928,train,9928
9929,train,9929
9930,train,9930
9931,train,9931
9932,train,9932
9933,train,9933
9934,train,9934
9935,train,9935
9936,train,9936
9937,train,9937
9938,train,9938
9939,train,9939
9940,train,9940
9941,train,9941
9942,train,9942
9943,train,9943
9944,train,9944
9945,train,9945
9946,train,9946
9947,train,9947
9948,train,9948
9949,train,9949
9950,train,9950
9951,train,9951
9952,train,9952
9953,train,9953
9954,train,9954
9955,train,9955
9956,train,9956
9957,train,9957
9958,train,9958
9960,train,9960
9961,train,9961
9962,train,9962
9964,train,9964
9965,train,9965
9966,train,9966
9967,train,9967
9969,train,9969
9970,train,9970
9971,train,9971
9972,train,9972
9973,train,9973
9974,train,9974
9975,train,9975
9976,train,9976
9979,train,9979
9980,train,9980
9981,train,9981
9982,train,9982
9983,train,9983
9984,train,9984
9985,train,9985
9986,train,9986
9987,train,9987
9989,train,9989
9990,train,9990
9991,train,9991
9992,train,9992
9993,train,9993
9994,train,9994
9995,train,9995
9996,train,9996
9997,train,9997
9998,train,9998
10000,train,10000
10001,train,10001
10003,train,10003
10004,train,10004
10005,train,10005
10006,train,10006
10007,train,10007
10008,train,10008
10009,train,10009
10010,train,10010
10012,train,10012
10013,train,10013
10014,train,10014
10016,train,10016
10017,train,10017
10018,train,10018
10019,train,10019
10020,train,10020
10021,train,10021
10022,train,10022
10023,train,10023
10024,train,10024
10026,train,10026
10027,train,10027
10028,train,10028
10029,train,10029
10031,train,10031
10032,train,10032
10033,train,10033
10035,train,10035
10036,train,10036
10038,train,10038
10041,train,10041
10042,train,10042
10043,train,10043
10044,train,10044
10045,train,10045
10046,train,10046
10048,train,10048
10049,train,10049
10050,train,10050
10052,train,10052
10053,train,10053
10054,train,10054
10055,train,10055
10057,train,10057
10058,train,10058
10059,train,10059
10060,train,10060
10061,train,10061
10062,train,10062
10063,train,10063
10065,train,10065
10066,train,10066
10067,train,10067
10068,train,10068
10070,train,10070
10072,train,10072
10073,train,10073
10074,train,10074
10076,train,10076
10077,train,10077
10078,train,10078
10079,train,10079
10080,train,10080
10083,train,10083
10084,train,10084
10085,train,10085
10087,train,10087
10088,train,10088
10089,train,10089
10091,train,10091
10092,train,10092
10093,train,10093
10094,train,10094
10095,train,10095
10096,train,10096
10097,train,10097
10099,train,10099
10100,train,10100
10101,train,10101
10103,train,10103
10104,train,10104
10105,train,10105
10106,train,10106
10107,train,10107
10108,train,10108
10109,train,10109
10111,train,10111
10112,train,10112
10113,train,10113
10114,train,10114
10115,train,10115
10117,train,10117
10118,train,10118
10120,train,10120
10121,train,10121
10122,train,10122
10123,train,10123
10124,train,10124
10125,train,10125
10127,train,10127
10128,train,10128
10129,train,10129
10130,train,10130
10131,train,10131
10133,train,10133
10134,train,10134
10137,train,10137
10138,train,10138
10139,train,10139
10140,train,10140
10141,train,10141
10142,train,10142
10143,train,10143
10144,train,10144
10145,train,10145
10146,train,10146
10147,train,10147
10148,train,10148
10149,train,10149
10151,train,10151
10152,train,10152
10154,train,10154
10155,train,10155
10156,train,10156
10157,train,10157
10158,train,10158
10159,train,10159
10161,train,10161
10162,train,10162
10163,train,10163
10164,train,10164
10165,train,10165
10166,train,10166
10167,train,10167
10168,train,10168
10169,train,10169
10170,train,10170
10171,train,10171
10172,train,10172
10173,train,10173
10174,train,10174
10176,train,10176
10177,train,10177
10178,train,10178
10180,train,10180
10181,train,10181
10182,train,10182
10183,train,10183
10184,train,10184
10187,train,10187
10188,train,10188
10191,train,10191
10192,train,10192
10193,train,10193
10195,train,10195
10196,train,10196
10199,train,10199
10200,train,10200
10201,train,10201
10203,train,10203
10205,train,10205
10206,train,10206
10207,train,10207
10208,train,10208
10209,train,10209
10210,train,10210
10211,train,10211
10212,train,10212
10213,train,10213
10214,train,10214
10215,train,10215
10216,train,10216
10218,train,10218
10220,train,10220
10222,train,10222
10223,train,10223
10224,train,10224
10225,train,10225
10226,train,10226
10227,train,10227
10228,train,10228
10229,train,10229
10230,train,10230
10231,train,10231
10232,train,10232
10233,train,10233
10234,train,10234
10235,train,10235
10236,train,10236
10238,train,10238
10239,train,10239
10240,train,10240
10241,train,10241
10242,train,10242
10243,train,10243
10244,train,10244
10245,train,10245
10246,train,10246
10247,train,10247
10248,train,10248
10249,train,10249
10250,train,10250
10251,train,10251
10252,train,10252
10253,train,10253
10254,train,10254
10255,train,10255
10256,train,10256
10257,train,10257
10258,train,10258
10259,train,10259
10260,train,10260
10262,train,10262
10265,train,10265
10266,train,10266
10267,train,10267
10268,train,10268
10270,train,10270
10271,train,10271
10273,train,10273
10274,train,10274
10275,train,10275
10276,train,10276
10278,train,10278
10279,train,10279
10280,train,10280
10281,train,10281
10284,train,10284
10285,train,10285
10286,train,10286
10287,train,10287
10289,train,10289
10290,train,10290
10291,train,10291
10292,train,10292
10294,train,10294
10295,train,10295
10296,train,10296
10297,train,10297
10298,train,10298
10299,train,10299
10300,train,10300
10301,train,10301
10302,train,10302
10303,train,10303
10304,train,10304
10306,train,10306
10308,train,10308
10314,train,10314
10315,train,10315
10316,train,10316
10317,train,10317
10318,train,10318
10320,train,10320
10321,train,10321
10323,train,10323
10324,train,10324
10325,train,10325
10326,train,10326
10327,train,10327
10328,train,10328
10329,train,10329
10330,train,10330
10331,train,10331
10333,train,10333
10334,train,10334
10335,train,10335
10336,train,10336
10338,train,10338
10339,train,10339
10341,train,10341
10342,train,10342
10343,train,10343
10344,train,10344
10346,train,10346
10347,train,10347
10348,train,10348
10349,train,10349
10350,train,10350
10352,train,10352
10353,train,10353
10354,train,10354
10355,train,10355
10357,train,10357
10358,train,10358
10359,train,10359
10361,train,10361
10362,train,10362
10363,train,10363
10364,train,10364
10365,train,10365
10367,train,10367
10370,train,10370
10371,train,10371
10372,train,10372
10373,train,10373
10374,train,10374
10375,train,10375
10376,train,10376
10377,train,10377
10378,train,10378
10380,train,10380
10381,train,10381
10382,train,10382
10383,train,10383
10384,train,10384
10385,train,10385
10386,train,10386
10387,train,10387
10388,train,10388
10389,train,10389
10390,train,10390
10391,train,10391
10392,train,10392
10393,train,10393
10394,train,10394
10395,train,10395
10396,train,10396
10397,train,10397
10398,train,10398
10400,train,10400
10403,train,10403
10404,train,10404
10405,train,10405
10407,train,10407
10408,train,10408
10410,train,10410
10411,train,10411
10412,train,10412
10413,train,10413
10415,train,10415
10416,train,10416
10417,train,10417
10418,train,10418
10419,train,10419
10420,train,10420
10421,train,10421
10422,train,10422
10423,train,10423
10424,train,10424
10425,train,10425
10427,train,10427
10428,train,10428
10432,train,10432
10433,train,10433
10434,train,10434
10435,train,10435
10436,train,10436
10437,train,10437
10439,train,10439
10440,train,10440
10441,train,10441
10442,train,10442
10443,train,10443
10444,train,10444
10445,train,10445
10446,train,10446
10447,train,10447
10448,train,10448
10449,train,10449
10450,train,10450
10451,train,10451
10453,train,10453
10454,train,10454
10455,train,10455
10456,train,10456
10457,train,10457
10459,train,10459
10460,train,10460
10461,train,10461
10462,train,10462
10464,train,10464
10465,train,10465
10466,train,10466
10467,train,10467
10469,train,10469
10471,train,10471
10473,train,10473
10474,train,10474
10476,train,10476
10477,train,10477
10480,train,10480
10483,train,10483
10485,train,10485
10486,train,10486
10488,train,10488
10489,train,10489
10490,train,10490
10491,train,10491
10492,train,10492
10493,train,10493
10494,train,10494
10495,train,10495
10496,train,10496
10498,train,10498
10499,train,10499
10501,train,10501
10502,train,10502
10503,train,10503
10504,train,10504
10505,train,10505
10506,train,10506
10508,train,10508
10509,train,10509
10510,train,10510
10511,train,10511
10513,train,10513
10514,train,10514
10516,train,10516
10517,train,10517
10518,train,10518
10520,train,10520
10521,train,10521
10522,train,10522
10523,train,10523
10524,train,10524
10525,train,10525
10526,train,10526
10527,train,10527
10528,train,10528
10529,train,10529
10530,train,10530
10531,train,10531
10532,train,10532
10533,train,10533
10535,train,10535
10537,train,10537
10538,train,10538
10539,train,10539
10540,train,10540
10541,train,10541
10542,train,10542
10544,train,10544
10545,train,10545
10546,train,10546
10547,train,10547
10548,train,10548
10549,train,10549
10550,train,10550
10551,train,10551
10552,train,10552
10553,train,10553
10554,train,10554
10555,train,10555
10556,train,10556
10557,train,10557
10558,train,10558
10559,train,10559
10560,train,10560
10561,train,10561
10562,train,10562
10563,train,10563
10564,train,10564
10565,train,10565
10566,train,10566
10567,train,10567
10568,train,10568
10569,train,10569
10570,train,10570
10571,train,10571
10574,train,10574
10576,train,10576
10577,train,10577
10579,train,10579
10580,train,10580
10581,train,10581
10582,train,10582
10583,train,10583
10584,train,10584
10585,train,10585
10586,train,10586
10587,train,10587
10588,train,10588
10589,train,10589
10591,train,10591
10592,train,10592
10593,train,10593
10594,train,10594
10595,train,10595
10597,train,10597
10598,train,10598
10599,train,10599
10600,train,10600
10603,train,10603
10604,train,10604
10605,train,10605
10606,train,10606
10609,train,10609
10610,train,10610
10611,train,10611
10612,train,10612
10613,train,10613
10615,train,10615
10616,train,10616
10617,train,10617
10620,train,10620
10621,train,10621
10622,train,10622
10623,train,10623
10624,train,10624
10625,train,10625
10626,train,10626
10629,train,10629
10630,train,10630
10631,train,10631
10632,train,10632
10633,train,10633
10634,train,10634
10635,train,10635
10636,train,10636
10637,train,10637
10638,train,10638
10639,train,10639
10640,train,10640
10641,train,10641
10642,train,10642
10644,train,10644
10646,train,10646
10647,train,10647
10648,train,10648
10649,train,10649
10650,train,10650
10651,train,10651
10652,train,10652
10653,train,10653
10655,train,10655
10656,train,10656
10657,train,10657
10658,train,10658
10659,train,10659
10660,train,10660
10661,train,10661
10663,train,10663
10665,train,10665
10667,train,10667
10669,train,10669
10670,train,10670
10671,train,10671
10673,train,10673
10674,train,10674
10675,train,10675
10676,train,10676
10677,train,10677
10678,train,10678
10679,train,10679
10680,train,10680
10681,train,10681
10682,train,10682
10683,train,10683
10684,train,10684
10685,train,10685
10686,train,10686
10687,train,10687
10688,train,10688
10690,train,10690
10691,train,10691
10692,train,10692
10693,train,10693
10694,train,10694
10695,train,10695
10696,train,10696
10697,train,10697
10698,train,10698
10700,train,10700
10701,train,10701
10702,train,10702
10703,train,10703
10705,train,10705
10707,train,10707
10708,train,10708
10709,train,10709
10710,train,10710
10711,train,10711
10712,train,10712
10713,train,10713
10714,train,10714
10715,train,10715
10717,train,10717
10718,train,10718
10719,train,10719
10720,train,10720
10721,train,10721
10723,train,10723
10724,train,10724
10725,train,10725
10726,train,10726
10727,train,10727
10729,train,10729
10730,train,10730
10732,train,10732
10733,train,10733
10734,train,10734
10735,train,10735
10736,train,10736
10737,train,10737
10740,train,10740
10741,train,10741
10742,train,10742
10743,train,10743
10744,train,10744
10745,train,10745
10746,train,10746
10748,train,10748
10750,train,10750
10752,train,10752
10754,train,10754
10755,train,10755
10756,train,10756
10758,train,10758
10759,train,10759
10760,train,10760
10761,train,10761
10763,train,10763
10764,train,10764
10765,train,10765
10766,train,10766
10767,train,10767
10768,train,10768
10770,train,10770
10771,train,10771
10772,train,10772
10773,train,10773
10774,train,10774
10775,train,10775
10776,train,10776
10777,train,10777
10778,train,10778
10779,train,10779
10780,train,10780
10781,train,10781
10782,train,10782
10783,train,10783
10784,train,10784
10785,train,10785
10786,train,10786
10788,train,10788
10789,train,10789
10790,train,10790
10792,train,10792
10793,train,10793
10795,train,10795
10796,train,10796
10797,train,10797
10798,train,10798
10799,train,10799
10800,train,10800
10801,train,10801
10802,train,10802
10805,train,10805
10806,train,10806
10807,train,10807
10808,train,10808
10809,train,10809
10810,train,10810
10811,train,10811
10812,train,10812
10814,train,10814
10815,train,10815
10818,train,10818
10819,train,10819
10820,train,10820
10821,train,10821
10822,train,10822
10823,train,10823
10824,train,10824
10826,train,10826
10827,train,10827
10828,train,10828
10829,train,10829
10830,train,10830
10831,train,10831
10832,train,10832
10834,train,10834
10836,train,10836
10839,train,10839
10840,train,10840
10841,train,10841
10842,train,10842
10846,train,10846
10847,train,10847
10848,train,10848
10850,train,10850
10851,train,10851
10853,train,10853
10854,train,10854
10855,train,10855
10856,train,10856
10857,train,10857
10858,train,10858
10859,train,10859
10860,train,10860
10861,train,10861
10862,train,10862
10867,train,10867
10868,train,10868
10869,train,10869
10870,train,10870
10872,train,10872
10873,train,10873
10874,train,10874
10875,train,10875
10876,train,10876
10879,train,10879
10880,train,10880
10881,train,10881
10882,train,10882
10883,train,10883
10884,train,10884
10885,train,10885
10886,train,10886
10887,train,10887
10889,train,10889
10890,train,10890
10891,train,10891
10892,train,10892
10894,train,10894
10895,train,10895
10896,train,10896
10897,train,10897
10898,train,10898
10899,train,10899
10900,train,10900
10901,train,10901
10902,train,10902
10903,train,10903
10906,train,10906
10909,train,10909
10910,train,10910
10911,train,10911
10912,train,10912
10915,train,10915
10916,train,10916
10917,train,10917
10918,train,10918
10919,train,10919
10921,train,10921
10922,train,10922
10923,train,10923
10924,train,10924
10925,train,10925
10926,train,10926
10928,train,10928
10929,train,10929
10930,train,10930
10931,train,10931
10932,train,10932
10933,train,10933
10934,train,10934
10936,train,10936
10938,train,10938
10939,train,10939
10940,train,10940
10942,train,10942
10943,train,10943
10944,train,10944
10946,train,10946
10947,train,10947
10948,train,10948
10949,train,10949
10950,train,10950
10951,train,10951
10952,train,10952
10953,train,10953
10955,train,10955
10956,train,10956
10957,train,10957
10958,train,10958
10961,train,10961
10962,train,10962
10965,train,10965
10966,train,10966
10968,train,10968
10969,train,10969
10970,train,10970
10972,train,10972
10973,train,10973
10974,train,10974
10975,train,10975
10976,train,10976
10977,train,10977
10978,train,10978
10981,train,10981
10982,train,10982
10984,train,10984
10985,train,10985
10986,train,10986
10987,train,10987
10988,train,10988
10989,train,10989
10990,train,10990
10991,train,10991
10992,train,10992
10993,train,10993
10994,train,10994
10995,train,10995
10996,train,10996
10997,train,10997
10999,train,10999
11001,train,11001
11002,train,11002
11003,train,11003
11004,train,11004
11007,train,11007
11008,train,11008
11009,train,11009
11011,train,11011
11012,train,11012
11013,train,11013
11015,train,11015
11016,train,11016
11017,train,11017
11018,train,11018
11019,train,11019
11021,train,11021
11022,train,11022
11023,train,11023
11028,train,11028
11030,train,11030
11031,train,11031
11032,train,11032
11035,train,11035
11038,train,11038
11039,train,11039
11040,train,11040
11041,train,11041
11043,train,11043
11044,train,11044
11045,train,11045
11046,train,11046
11047,train,11047
11048,train,11048
11049,train,11049
11050,train,11050
11051,train,11051
11052,train,11052
11053,train,11053
11054,train,11054
11055,train,11055
11056,train,11056
11057,train,11057
11058,train,11058
11059,train,11059
11060,train,11060
11061,train,11061
11062,train,11062
11063,train,11063
11064,train,11064
11067,train,11067
11068,train,11068
11069,train,11069
11071,train,11071
11072,train,11072
11073,train,11073
11074,train,11074
11075,train,11075
11076,train,11076
11077,train,11077
11079,train,11079
11080,train,11080
11081,train,11081
11082,train,11082
11083,train,11083
11084,train,11084
11085,train,11085
11086,train,11086
11087,train,11087
11088,train,11088
11091,train,11091
11092,train,11092
11094,train,11094
11095,train,11095
11096,train,11096
11097,train,11097
11098,train,11098
11099,train,11099
11100,train,11100
11101,train,11101
11102,train,11102
11103,train,11103
11104,train,11104
11106,train,11106
11107,train,11107
11108,train,11108
11109,train,11109
11110,train,11110
11111,train,11111
11112,train,11112
11113,train,11113
11114,train,11114
11115,train,11115
11118,train,11118
11119,train,11119
11120,train,11120
11121,train,11121
11122,train,11122
11124,train,11124
11126,train,11126
11127,train,11127
11129,train,11129
11130,train,11130
11131,train,11131
11132,train,11132
11133,train,11133
11136,train,11136
11137,train,11137
11138,train,11138
11139,train,11139
11141,train,11141
11143,train,11143
11144,train,11144
11145,train,11145
11146,train,11146
11147,train,11147
11148,train,11148
11150,train,11150
11151,train,11151
11152,train,11152
11153,train,11153
11154,train,11154
11155,train,11155
11156,train,11156
11158,train,11158
11159,train,11159
11160,train,11160
11161,train,11161
11163,train,11163
11164,train,11164
11165,train,11165
11166,train,11166
11168,train,11168
11169,train,11169
11170,train,11170
11172,train,11172
11173,train,11173
11174,train,11174
11175,train,11175
11176,train,11176
11177,train,11177
11179,train,11179
11180,train,11180
11181,train,11181
11182,train,11182
11183,train,11183
11184,train,11184
11185,train,11185
11186,train,11186
11187,train,11187
11188,train,11188
11189,train,11189
11190,train,11190
11191,train,11191
11192,train,11192
11193,train,11193
11195,train,11195
11196,train,11196
11197,train,11197
11198,train,11198
11199,train,11199
11200,train,11200
11201,train,11201
11203,train,11203
11205,train,11205
11206,train,11206
11207,train,11207
11208,train,11208
11210,train,11210
11211,train,11211
11213,train,11213
11214,train,11214
11215,train,11215
11216,train,11216
11217,train,11217
11219,train,11219
11220,train,11220
11221,train,11221
11222,train,11222
11224,train,11224
11225,train,11225
11226,train,11226
11227,train,11227
11228,train,11228
11229,train,11229
11230,train,11230
11231,train,11231
11232,train,11232
11233,train,11233
11236,train,11236
11237,train,11237
11239,train,11239
11241,train,11241
11242,train,11242
11244,train,11244
11246,train,11246
11247,train,11247
11248,train,11248
11249,train,11249
11250,train,11250
11254,train,11254
11255,train,11255
11256,train,11256
11257,train,11257
11258,train,11258
11259,train,11259
11261,train,11261
11262,train,11262
11263,train,11263
11264,train,11264
11265,train,11265
11266,train,11266
11268,train,11268
11269,train,11269
11270,train,11270
11271,train,11271
11272,train,11272
11273,train,11273
11274,train,11274
11275,train,11275
11276,train,11276
11277,train,11277
11278,train,11278
11279,train,11279
11280,train,11280
11281,train,11281
11283,train,11283
11285,train,11285
11287,train,11287
11288,train,11288
11289,train,11289
11290,train,11290
11291,train,11291
11292,train,11292
11293,train,11293
11294,train,11294
11295,train,11295
11297,train,11297
11298,train,11298
11299,train,11299
11300,train,11300
11301,train,11301
11304,train,11304
11305,train,11305
11306,train,11306
11307,train,11307
11308,train,11308
11309,train,11309
11311,train,11311
11312,train,11312
11315,train,11315
11316,train,11316
11317,train,11317
11318,train,11318
11320,train,11320
11321,train,11321
11322,train,11322
11323,train,11323
11324,train,11324
11325,train,11325
11326,train,11326
11327,train,11327
11328,train,11328
11329,train,11329
11330,train,11330
11331,train,11331
11332,train,11332
11334,train,11334
11335,train,11335
11336,train,11336
11337,train,11337
11338,train,11338
11340,train,11340
11341,train,11341
11342,train,11342
11343,train,11343
11344,train,11344
11345,train,11345
11346,train,11346
11350,train,11350
11351,train,11351
11352,train,11352
11353,train,11353
11354,train,11354
11355,train,11355
11356,train,11356
11357,train,11357
11358,train,11358
11360,train,11360
11361,train,11361
11362,train,11362
11363,train,11363
11364,train,11364
11365,train,11365
11366,train,11366
11367,train,11367
11369,train,11369
11370,train,11370
11371,train,11371
11372,train,11372
11374,train,11374
11375,train,11375
11377,train,11377
11379,train,11379
11380,train,11380
11381,train,11381
11382,train,11382
11383,train,11383
11384,train,11384
11385,train,11385
11386,train,11386
11387,train,11387
11388,train,11388
11389,train,11389
11390,train,11390
11391,train,11391
11392,train,11392
11393,train,11393
11395,train,11395
11396,train,11396
11397,train,11397
11398,train,11398
11399,train,11399
11400,train,11400
11401,train,11401
11402,train,11402
11403,train,11403
11404,train,11404
11406,train,11406
11408,train,11408
11409,train,11409
11410,train,11410
11411,train,11411
11412,train,11412
11413,train,11413
11415,train,11415
11416,train,11416
11417,train,11417
11418,train,11418
11419,train,11419
11420,train,11420
11421,train,11421
11422,train,11422
11424,train,11424
11425,train,11425
11426,train,11426
11427,train,11427
11428,train,11428
11433,train,11433
11434,train,11434
11435,train,11435
11436,train,11436
11439,train,11439
11440,train,11440
11441,train,11441
11442,train,11442
11445,train,11445
11446,train,11446
11447,train,11447
11448,train,11448
11451,train,11451
11452,train,11452
11455,train,11455
11456,train,11456
11457,train,11457
11458,train,11458
11459,train,11459
11460,train,11460
11461,train,11461
11462,train,11462
11464,train,11464
11465,train,11465
11466,train,11466
11467,train,11467
11468,train,11468
11469,train,11469
11470,train,11470
11471,train,11471
11472,train,11472
11473,train,11473
11475,train,11475
11477,train,11477
11478,train,11478
11479,train,11479
11481,train,11481
11482,train,11482
11483,train,11483
11484,train,11484
11486,train,11486
11487,train,11487
11488,train,11488
11489,train,11489
11490,train,11490
11491,train,11491
11493,train,11493
11494,train,11494
11495,train,11495
11496,train,11496
11497,train,11497
11499,train,11499
11500,train,11500
11501,train,11501
11502,train,11502
11505,train,11505
11507,train,11507
11508,train,11508
11509,train,11509
11511,train,11511
11512,train,11512
11514,train,11514
11515,train,11515
11516,train,11516
11518,train,11518
11520,train,11520
11521,train,11521
11523,train,11523
11524,train,11524
11527,train,11527
11528,train,11528
11529,train,11529
11530,train,11530
11531,train,11531
11532,train,11532
11533,train,11533
11534,train,11534
11535,train,11535
11536,train,11536
11537,train,11537
11538,train,11538
11539,train,11539
11540,train,11540
11541,train,11541
11542,train,11542
11543,train,11543
11544,train,11544
11545,train,11545
11546,train,11546
11547,train,11547
11548,train,11548
11549,train,11549
11550,train,11550
11551,train,11551
11553,train,11553
11555,train,11555
11557,train,11557
11558,train,11558
11559,train,11559
11562,train,11562
11564,train,11564
11565,train,11565
11566,train,11566
11568,train,11568
11569,train,11569
11570,train,11570
11571,train,11571
11572,train,11572
11574,train,11574
11576,train,11576
11577,train,11577
11578,train,11578
11579,train,11579
11581,train,11581
11582,train,11582
11583,train,11583
11584,train,11584
11586,train,11586
11587,train,11587
11588,train,11588
11589,train,11589
11590,train,11590
11593,train,11593
11594,train,11594
11595,train,11595
11597,train,11597
11599,train,11599
11601,train,11601
11603,train,11603
11604,train,11604
11605,train,11605
11608,train,11608
11609,train,11609
11610,train,11610
11611,train,11611
11612,train,11612
11614,train,11614
11615,train,11615
11616,train,11616
11617,train,11617
11618,train,11618
11619,train,11619
11620,train,11620
11621,train,11621
11625,train,11625
11626,train,11626
11630,train,11630
11631,train,11631
11632,train,11632
11633,train,11633
11634,train,11634
11635,train,11635
11636,train,11636
11637,train,11637
11638,train,11638
11639,train,11639
11640,train,11640
11641,train,11641
11642,train,11642
11643,train,11643
11644,train,11644
11645,train,11645
11646,train,11646
11647,train,11647
11648,train,11648
11650,train,11650
11651,train,11651
11653,train,11653
11655,train,11655
11657,train,11657
11658,train,11658
11659,train,11659
11660,train,11660
11661,train,11661
11662,train,11662
11664,train,11664
11665,train,11665
11666,train,11666
11667,train,11667
11668,train,11668
11669,train,11669
11670,train,11670
11672,train,11672
11673,train,11673
11674,train,11674
11676,train,11676
11677,train,11677
11678,train,11678
11680,train,11680
11681,train,11681
11682,train,11682
11683,train,11683
11684,train,11684
11685,train,11685
11686,train,11686
11688,train,11688
11689,train,11689
11690,train,11690
11691,train,11691
11692,train,11692
11695,train,11695
11696,train,11696
11698,train,11698
11699,train,11699
11700,train,11700
11702,train,11702
11703,train,11703
11704,train,11704
11705,train,11705
11707,train,11707
11708,train,11708
11709,train,11709
11710,train,11710
11711,train,11711
11712,train,11712
11713,train,11713
11714,train,11714
11715,train,11715
11716,train,11716
11718,train,11718
11719,train,11719
11720,train,11720
11721,train,11721
11722,train,11722
11723,train,11723
11724,train,11724
11725,train,11725
11726,train,11726
11727,train,11727
11728,train,11728
11729,train,11729
11730,train,11730
11731,train,11731
11732,train,11732
11733,train,11733
11734,train,11734
11737,train,11737
11738,train,11738
11739,train,11739
11740,train,11740
11742,train,11742
11743,train,11743
11744,train,11744
11745,train,11745
11746,train,11746
11747,train,11747
11749,train,11749
11750,train,11750
11751,train,11751
11752,train,11752
11753,train,11753
11754,train,11754
11756,train,11756
11757,train,11757
11759,train,11759
11760,train,11760
11761,train,11761
11762,train,11762
11763,train,11763
11764,train,11764
11765,train,11765
11766,train,11766
11767,train,11767
11768,train,11768
11769,train,11769
11770,train,11770
11772,train,11772
11773,train,11773
11774,train,11774
11776,train,11776
11778,train,11778
11780,train,11780
11781,train,11781
11782,train,11782
11783,train,11783
11784,train,11784
11785,train,11785
11786,train,11786
11787,train,11787
11788,train,11788
11789,train,11789
11790,train,11790
11791,train,11791
11792,train,11792
11793,train,11793
11794,train,11794
11795,train,11795
11797,train,11797
11798,train,11798
11799,train,11799
11800,train,11800
11801,train,11801
11802,train,11802
11803,train,11803
11804,train,11804
11805,train,11805
11806,train,11806
11807,train,11807
11808,train,11808
11809,train,11809
11810,train,11810
11811,train,11811
11812,train,11812
11814,train,11814
11815,train,11815
11816,train,11816
11817,train,11817
11818,train,11818
11819,train,11819
11820,train,11820
11821,train,11821
11822,train,11822
11823,train,11823
11824,train,11824
11825,train,11825
11826,train,11826
11827,train,11827
11828,train,11828
11829,train,11829
11830,train,11830
11832,train,11832
11833,train,11833
11834,train,11834
11835,train,11835
11836,train,11836
11837,train,11837
11838,train,11838
11839,train,11839
11840,train,11840
11841,train,11841
11843,train,11843
11844,train,11844
11845,train,11845
11846,train,11846
11847,train,11847
11848,train,11848
11849,train,11849
11851,train,11851
11853,train,11853
11855,train,11855
11856,train,11856
11857,train,11857
11860,train,11860
11861,train,11861
11862,train,11862
11864,train,11864
11866,train,11866
11867,train,11867
11869,train,11869
11872,train,11872
11873,train,11873
11874,train,11874
11875,train,11875
11876,train,11876
11877,train,11877
11879,train,11879
11882,train,11882
11883,train,11883
11884,train,11884
11885,train,11885
11887,train,11887
11889,train,11889
11891,train,11891
11892,train,11892
11893,train,11893
11894,train,11894
11895,train,11895
11896,train,11896
11897,train,11897
11899,train,11899
11901,train,11901
11902,train,11902
11903,train,11903
11904,train,11904
11905,train,11905
11906,train,11906
11907,train,11907
11909,train,11909
11910,train,11910
11911,train,11911
11912,train,11912
11913,train,11913
11914,train,11914
11915,train,11915
11916,train,11916
11917,train,11917
11920,train,11920
11921,train,11921
11922,train,11922
11923,train,11923
11925,train,11925
11926,train,11926
11929,train,11929
11930,train,11930
11931,train,11931
11932,train,11932
11933,train,11933
11934,train,11934
11938,train,11938
11939,train,11939
11940,train,11940
11941,train,11941
11942,train,11942
11943,train,11943
11944,train,11944
11945,train,11945
11946,train,11946
11948,train,11948
11949,train,11949
11951,train,11951
11952,train,11952
11953,train,11953
11954,train,11954
11955,train,11955
11956,train,11956
11958,train,11958
11959,train,11959
11960,train,11960
11961,train,11961
11962,train,11962
11963,train,11963
11964,train,11964
11965,train,11965
11966,train,11966
11967,train,11967
11969,train,11969
11970,train,11970
11971,train,11971
11972,train,11972
11973,train,11973
11974,train,11974
11975,train,11975
11976,train,11976
11977,train,11977
11979,train,11979
11980,train,11980
11981,train,11981
11982,train,11982
11983,train,11983
11984,train,11984
11985,train,11985
11986,train,11986
11988,train,11988
11989,train,11989
11990,train,11990
11993,train,11993
11994,train,11994
11995,train,11995
11996,train,11996
11998,train,11998
11999,train,11999
12001,train,12001
12002,train,12002
12003,train,12003
12004,train,12004
12005,train,12005
12006,train,12006
12007,train,12007
12009,train,12009
12010,train,12010
12011,train,12011
12012,train,12012
12013,train,12013
12014,train,12014
12015,train,12015
12016,train,12016
12017,train,12017
12018,train,12018
12019,train,12019
12022,train,12022
12023,train,12023
12024,train,12024
12027,train,12027
12028,train,12028
12030,train,12030
12031,train,12031
12033,train,12033
12034,train,12034
12035,train,12035
12036,train,12036
12038,train,12038
12039,train,12039
12040,train,12040
12041,train,12041
12042,train,12042
12043,train,12043
12045,train,12045
12046,train,12046
12047,train,12047
12048,train,12048
12049,train,12049
12050,train,12050
12051,train,12051
12053,train,12053
12054,train,12054
12055,train,12055
12057,train,12057
12058,train,12058
12059,train,12059
12060,train,12060
12062,train,12062
12063,train,12063
12064,train,12064
12066,train,12066
12068,train,12068
12069,train,12069
12070,train,12070
12072,train,12072
12074,train,12074
12075,train,12075
12076,train,12076
12078,train,12078
12079,train,12079
12080,train,12080
12081,train,12081
12084,train,12084
12085,train,12085
12087,train,12087
12088,train,12088
12089,train,12089
12091,train,12091
12092,train,12092
12093,train,12093
12094,train,12094
12095,train,12095
12097,train,12097
12098,train,12098
12099,train,12099
12100,train,12100
12102,train,12102
12103,train,12103
12104,train,12104
12106,train,12106
12107,train,12107
12108,train,12108
12109,train,12109
12110,train,12110
12111,train,12111
12112,train,12112
12114,train,12114
12115,train,12115
12116,train,12116
12117,train,12117
12119,train,12119
12120,train,12120
12122,train,12122
12123,train,12123
12124,train,12124
12126,train,12126
12127,train,12127
12128,train,12128
12129,train,12129
12130,train,12130
12131,train,12131
12132,train,12132
12133,train,12133
12134,train,12134
12135,train,12135
12136,train,12136
12137,train,12137
12138,train,12138
12139,train,12139
12140,train,12140
12141,train,12141
12142,train,12142
12143,train,12143
12144,train,12144
12147,train,12147
12148,train,12148
12149,train,12149
12150,train,12150
12151,train,12151
12152,train,12152
12153,train,12153
12155,train,12155
12156,train,12156
12157,train,12157
12158,train,12158
12160,train,12160
12161,train,12161
12162,train,12162
12163,train,12163
12164,train,12164
12168,train,12168
12169,train,12169
12171,train,12171
12172,train,12172
12175,train,12175
12176,train,12176
12177,train,12177
12178,train,12178
12179,train,12179
12180,train,12180
12183,train,12183
12185,train,12185
12189,train,12189
12190,train,12190
12191,train,12191
12192,train,12192
12193,train,12193
12195,train,12195
12196,train,12196
12197,train,12197
12199,train,12199
12200,train,12200
12201,train,12201
12203,train,12203
12204,train,12204
12205,train,12205
12206,train,12206
12207,train,12207
12208,train,12208
12209,train,12209
12210,train,12210
12211,train,12211
12212,train,12212
12214,train,12214
12215,train,12215
12217,train,12217
12218,train,12218
12220,train,12220
12221,train,12221
12222,train,12222
12224,train,12224
12226,train,12226
12227,train,12227
12228,train,12228
12229,train,12229
12230,train,12230
12231,train,12231
12232,train,12232
12233,train,12233
12234,train,12234
12235,train,12235
12236,train,12236
12237,train,12237
12238,train,12238
12239,train,12239
12240,train,12240
12241,train,12241
12242,train,12242
12243,train,12243
12244,train,12244
12245,train,12245
12246,train,12246
12247,train,12247
12248,train,12248
12249,train,12249
12250,train,12250
12251,train,12251
12252,train,12252
12254,train,12254
12255,train,12255
12256,train,12256
12257,train,12257
12258,train,12258
12259,train,12259
12261,train,12261
12262,train,12262
12263,train,12263
12264,train,12264
12265,train,12265
12266,train,12266
12267,train,12267
12268,train,12268
12270,train,12270
12271,train,12271
12274,train,12274
12275,train,12275
12277,train,12277
12278,train,12278
12279,train,12279
12280,train,12280
12281,train,12281
12283,train,12283
12284,train,12284
12285,train,12285
12286,train,12286
12287,train,12287
12288,train,12288
12289,train,12289
12291,train,12291
12292,train,12292
12294,train,12294
12295,train,12295
12296,train,12296
12297,train,12297
12298,train,12298
12299,train,12299
12300,train,12300
12301,train,12301
12302,train,12302
12303,train,12303
12304,train,12304
12305,train,12305
12306,train,12306
12307,train,12307
12309,train,12309
12312,train,12312
12314,train,12314
12315,train,12315
12317,train,12317
12318,train,12318
12319,train,12319
12320,train,12320
12322,train,12322
12323,train,12323
12324,train,12324
12325,train,12325
12326,train,12326
12327,train,12327
12328,train,12328
12329,train,12329
12330,train,12330
12331,train,12331
12332,train,12332
12333,train,12333
12334,train,12334
12335,train,12335
12336,train,12336
12337,train,12337
12338,train,12338
12339,train,12339
12341,train,12341
12343,train,12343
12344,train,12344
12346,train,12346
12347,train,12347
12348,train,12348
12350,train,12350
12351,train,12351
12353,train,12353
12354,train,12354
12355,train,12355
12356,train,12356
12357,train,12357
12358,train,12358
12359,train,12359
12360,train,12360
12361,train,12361
12362,train,12362
12363,train,12363
12364,train,12364
12366,train,12366
12367,train,12367
12370,train,12370
12371,train,12371
12372,train,12372
12373,train,12373
12374,train,12374
12376,train,12376
12377,train,12377
12379,train,12379
12380,train,12380
12381,train,12381
12384,train,12384
12386,train,12386
12388,train,12388
12389,train,12389
12390,train,12390
12392,train,12392
12393,train,12393
12394,train,12394
12395,train,12395
12397,train,12397
12398,train,12398
12400,train,12400
12401,train,12401
12403,train,12403
12404,train,12404
12405,train,12405
12407,train,12407
12408,train,12408
12410,train,12410
12412,train,12412
12413,train,12413
12414,train,12414
12415,train,12415
12416,train,12416
12417,train,12417
12419,train,12419
12420,train,12420
12421,train,12421
12422,train,12422
12424,train,12424
12425,train,12425
12426,train,12426
12427,train,12427
12429,train,12429
12430,train,12430
12431,train,12431
12432,train,12432
12433,train,12433
12434,train,12434
12436,train,12436
12437,train,12437
12438,train,12438
12439,train,12439
12440,train,12440
12441,train,12441
12443,train,12443
12444,train,12444
12445,train,12445
12446,train,12446
12447,train,12447
12448,train,12448
12449,train,12449
12450,train,12450
12451,train,12451
12452,train,12452
12453,train,12453
12454,train,12454
12455,train,12455
12456,train,12456
12458,train,12458
12459,train,12459
12460,train,12460
12461,train,12461
12462,train,12462
12463,train,12463
12464,train,12464
12465,train,12465
12466,train,12466
12467,train,12467
12468,train,12468
12469,train,12469
12471,train,12471
12472,train,12472
12473,train,12473
12474,train,12474
12475,train,12475
12476,train,12476
12477,train,12477
12478,train,12478
12479,train,12479
12480,train,12480
12481,train,12481
12482,train,12482
12483,train,12483
12484,train,12484
12486,train,12486
12487,train,12487
12488,train,12488
12489,train,12489
12490,train,12490
12491,train,12491
12492,train,12492
12494,train,12494
12495,train,12495
12496,train,12496
12497,train,12497
12498,train,12498
12499,train,12499
12500,train,12500
12501,train,12501
12502,train,12502
12503,train,12503
12504,train,12504
12507,train,12507
12508,train,12508
12510,train,12510
12512,train,12512
12513,train,12513
12514,train,12514
12515,train,12515
12516,train,12516
12517,train,12517
12519,train,12519
12520,train,12520
12521,train,12521
12523,train,12523
12524,train,12524
12525,train,12525
12526,train,12526
12527,train,12527
12528,train,12528
12529,train,12529
12531,train,12531
12533,train,12533
12534,train,12534
12535,train,12535
12536,train,12536
12537,train,12537
12539,train,12539
12542,train,12542
12544,train,12544
12546,train,12546
12547,train,12547
12548,train,12548
12549,train,12549
12551,train,12551
12552,train,12552
12553,train,12553
12554,train,12554
12555,train,12555
12557,train,12557
12558,train,12558
12559,train,12559
12561,train,12561
12562,train,12562
12563,train,12563
12564,train,12564
12565,train,12565
12566,train,12566
12567,train,12567
12568,train,12568
12569,train,12569
12570,train,12570
12571,train,12571
12572,train,12572
12573,train,12573
12574,train,12574
12575,train,12575
12576,train,12576
12577,train,12577
12578,train,12578
12579,train,12579
12580,train,12580
12581,train,12581
12582,train,12582
12583,train,12583
12584,train,12584
12585,train,12585
12587,train,12587
12588,train,12588
12589,train,12589
12590,train,12590
12591,train,12591
12592,train,12592
12593,train,12593
12595,train,12595
12596,train,12596
12597,train,12597
12598,train,12598
12599,train,12599
12600,train,12600
12601,train,12601
12602,train,12602
12603,train,12603
12604,train,12604
12605,train,12605
12606,train,12606
12609,train,12609
12610,train,12610
12611,train,12611
12613,train,12613
12616,train,12616
12617,train,12617
12618,train,12618
12619,train,12619
12621,train,12621
12622,train,12622
12623,train,12623
12624,train,12624
12625,train,12625
12626,train,12626
12628,train,12628
12629,train,12629
12630,train,12630
12631,train,12631
12634,train,12634
12637,train,12637
12638,train,12638
12639,train,12639
12644,train,12644
12645,train,12645
12646,train,12646
12647,train,12647
12649,train,12649
12651,train,12651
12652,train,12652
12653,train,12653
12654,train,12654
12655,train,12655
12656,train,12656
12657,train,12657
12659,train,12659
12661,train,12661
12662,train,12662
12663,train,12663
12664,train,12664
12665,train,12665
12666,train,12666
12667,train,12667
12668,train,12668
12669,train,12669
12671,train,12671
12672,train,12672
12673,train,12673
12674,train,12674
12675,train,12675
12676,train,12676
12677,train,12677
12678,train,12678
12679,train,12679
12680,train,12680
12681,train,12681
12682,train,12682
12683,train,12683
12685,train,12685
12686,train,12686
12687,train,12687
12689,train,12689
12690,train,12690
12691,train,12691
12692,train,12692
12693,train,12693
12694,train,12694
12695,train,12695
12696,train,12696
12698,train,12698
12699,train,12699
12701,train,12701
12702,train,12702
12703,train,12703
12704,train,12704
12707,train,12707
12708,train,12708
12709,train,12709
12711,train,12711
12713,train,12713
12714,train,12714
12715,train,12715
12716,train,12716
12717,train,12717
12718,train,12718
12719,train,12719
12720,train,12720
12721,train,12721
12723,train,12723
12725,train,12725
12726,train,12726
12727,train,12727
12728,train,12728
12729,train,12729
12731,train,12731
12733,train,12733
12734,train,12734
12735,train,12735
12736,train,12736
12737,train,12737
12738,train,12738
12739,train,12739
12740,train,12740
12741,train,12741
12743,train,12743
12744,train,12744
12745,train,12745
12746,train,12746
12747,train,12747
12748,train,12748
12751,train,12751
12752,train,12752
12753,train,12753
12754,train,12754
12755,train,12755
12757,train,12757
12759,train,12759
12761,train,12761
12762,train,12762
12763,train,12763
12764,train,12764
12765,train,12765
12766,train,12766
12769,train,12769
12771,train,12771
12772,train,12772
12776,train,12776
12778,train,12778
12779,train,12779
12780,train,12780
12781,train,12781
12782,train,12782
12783,train,12783
12784,train,12784
12785,train,12785
12786,train,12786
12787,train,12787
12788,train,12788
12790,train,12790
12792,train,12792
12796,train,12796
12797,train,12797
12798,train,12798
12799,train,12799
12801,train,12801
12802,train,12802
12803,train,12803
12805,train,12805
12808,train,12808
12809,train,12809
12810,train,12810
12811,train,12811
12813,train,12813
12814,train,12814
12815,train,12815
12817,train,12817
12818,train,12818
12819,train,12819
12820,train,12820
12821,train,12821
12822,train,12822
12823,train,12823
12824,train,12824
12825,train,12825
12826,train,12826
12827,train,12827
12828,train,12828
12829,train,12829
12830,train,12830
12831,train,12831
12833,train,12833
12834,train,12834
12835,train,12835
12836,train,12836
12837,train,12837
12838,train,12838
12839,train,12839
12840,train,12840
12841,train,12841
12842,train,12842
12844,train,12844
12845,train,12845
12846,train,12846
12847,train,12847
12848,train,12848
12849,train,12849
12851,train,12851
12852,train,12852
12853,train,12853
12855,train,12855
12856,train,12856
12857,train,12857
12858,train,12858
12860,train,12860
12861,train,12861
12862,train,12862
12863,train,12863
12864,train,12864
12865,train,12865
12866,train,12866
12869,train,12869
12870,train,12870
12872,train,12872
12873,train,12873
12874,train,12874
12876,train,12876
12877,train,12877
12878,train,12878
12879,train,12879
12880,train,12880
12881,train,12881
12882,train,12882
12883,train,12883
12884,train,12884
12886,train,12886
12889,train,12889
12890,train,12890
12891,train,12891
12893,train,12893
12894,train,12894
12895,train,12895
12896,train,12896
12898,train,12898
12899,train,12899
12901,train,12901
12902,train,12902
12904,train,12904
12905,train,12905
12906,train,12906
12907,train,12907
12908,train,12908
12910,train,12910
12911,train,12911
12912,train,12912
12913,train,12913
12914,train,12914
12915,train,12915
12917,train,12917
12918,train,12918
12919,train,12919
12920,train,12920
12921,train,12921
12922,train,12922
12923,train,12923
12924,train,12924
12925,train,12925
12926,train,12926
12928,train,12928
12929,train,12929
12930,train,12930
12932,train,12932
12933,train,12933
12934,train,12934
12935,train,12935
12936,train,12936
12937,train,12937
12938,train,12938
12939,train,12939
12940,train,12940
12941,train,12941
12942,train,12942
12943,train,12943
12944,train,12944
12946,train,12946
12948,train,12948
12949,train,12949
12951,train,12951
12952,train,12952
12953,train,12953
12956,train,12956
12957,train,12957
12958,train,12958
12960,train,12960
12961,train,12961
12962,train,12962
12963,train,12963
12964,train,12964
12966,train,12966
12967,train,12967
12968,train,12968
12969,train,12969
12970,train,12970
12971,train,12971
12973,train,12973
12974,train,12974
12975,train,12975
12977,train,12977
12980,train,12980
12981,train,12981
12982,train,12982
12983,train,12983
12984,train,12984
12985,train,12985
12986,train,12986
12987,train,12987
12988,train,12988
12989,train,12989
12990,train,12990
12992,train,12992
12993,train,12993
12995,train,12995
12996,train,12996
12997,train,12997
12999,train,12999
13000,train,13000
13001,train,13001
13002,train,13002
13003,train,13003
13004,train,13004
13005,train,13005
13008,train,13008
13009,train,13009
13010,train,13010
13011,train,13011
13012,train,13012
13014,train,13014
13015,train,13015
13017,train,13017
13019,train,13019
13020,train,13020
13021,train,13021
13022,train,13022
13023,train,13023
13024,train,13024
13025,train,13025
13026,train,13026
13027,train,13027
13030,train,13030
13031,train,13031
13032,train,13032
13033,train,13033
13034,train,13034
13036,train,13036
13037,train,13037
13038,train,13038
13039,train,13039
13040,train,13040
13041,train,13041
13042,train,13042
13043,train,13043
13044,train,13044
13045,train,13045
13046,train,13046
13050,train,13050
13051,train,13051
13052,train,13052
13053,train,13053
13054,train,13054
13056,train,13056
13057,train,13057
13058,train,13058
13059,train,13059
13060,train,13060
13061,train,13061
13063,train,13063
13064,train,13064
13065,train,13065
13066,train,13066
13067,train,13067
13068,train,13068
13069,train,13069
13070,train,13070
13071,train,13071
13072,train,13072
13073,train,13073
13075,train,13075
13077,train,13077
13079,train,13079
13080,train,13080
13081,train,13081
13082,train,13082
13083,train,13083
13085,train,13085
13086,train,13086
13087,train,13087
13089,train,13089
13090,train,13090
13091,train,13091
13092,train,13092
13093,train,13093
13094,train,13094
13096,train,13096
13097,train,13097
13099,train,13099
13100,train,13100
13102,train,13102
13103,train,13103
13104,train,13104
13105,train,13105
13106,train,13106
13108,train,13108
13109,train,13109
13110,train,13110
13111,train,13111
13112,train,13112
13114,train,13114
13115,train,13115
13116,train,13116
13117,train,13117
13118,train,13118
13119,train,13119
13120,train,13120
13121,train,13121
13122,train,13122
13123,train,13123
13124,train,13124
13127,train,13127
13128,train,13128
13129,train,13129
13131,train,13131
13133,train,13133
13135,train,13135
13136,train,13136
13137,train,13137
13138,train,13138
13141,train,13141
13142,train,13142
13143,train,13143
13144,train,13144
13145,train,13145
13146,train,13146
13147,train,13147
13148,train,13148
13150,train,13150
13152,train,13152
13154,train,13154
13156,train,13156
13158,train,13158
13159,train,13159
13160,train,13160
13161,train,13161
13163,train,13163
13164,train,13164
13166,train,13166
13167,train,13167
13168,train,13168
13170,train,13170
13171,train,13171
13172,train,13172
13173,train,13173
13174,train,13174
13175,train,13175
13177,train,13177
13178,train,13178
13179,train,13179
13180,train,13180
13181,train,13181
13182,train,13182
13183,train,13183
13184,train,13184
13185,train,13185
13186,train,13186
13187,train,13187
13188,train,13188
13189,train,13189
13190,train,13190
13191,train,13191
13192,train,13192
13193,train,13193
13194,train,13194
13198,train,13198
13199,train,13199
13200,train,13200
13201,train,13201
13202,train,13202
13203,train,13203
13204,train,13204
13205,train,13205
13206,train,13206
13207,train,13207
13208,train,13208
13209,train,13209
13210,train,13210
13211,train,13211
13212,train,13212
13214,train,13214
13215,train,13215
13217,train,13217
13218,train,13218
13220,train,13220
13221,train,13221
13222,train,13222
13226,train,13226
13227,train,13227
13229,train,13229
13230,train,13230
13231,train,13231
13232,train,13232
13233,train,13233
13234,train,13234
13235,train,13235
13237,train,13237
13239,train,13239
13240,train,13240
13242,train,13242
13244,train,13244
13245,train,13245
13246,train,13246
13247,train,13247
13248,train,13248
13249,train,13249
13250,train,13250
13251,train,13251
13252,train,13252
13253,train,13253
13254,train,13254
13255,train,13255
13256,train,13256
13258,train,13258
13259,train,13259
13260,train,13260
13263,train,13263
13264,train,13264
13265,train,13265
13266,train,13266
13267,train,13267
13268,train,13268
13269,train,13269
13270,train,13270
13271,train,13271
13272,train,13272
13273,train,13273
13274,train,13274
13275,train,13275
13276,train,13276
13277,train,13277
13278,train,13278
13279,train,13279
13281,train,13281
13282,train,13282
13285,train,13285
13286,train,13286
13287,train,13287
13288,train,13288
13289,train,13289
13290,train,13290
13292,train,13292
13293,train,13293
13294,train,13294
13295,train,13295
13296,train,13296
13297,train,13297
13298,train,13298
13299,train,13299
13300,train,13300
13301,train,13301
13302,train,13302
13303,train,13303
13304,train,13304
13305,train,13305
13306,train,13306
13307,train,13307
13308,train,13308
13309,train,13309
13310,train,13310
13311,train,13311
13312,train,13312
13313,train,13313
13315,train,13315
13317,train,13317
13319,train,13319
13320,train,13320
13321,train,13321
13322,train,13322
13323,train,13323
13324,train,13324
13325,train,13325
13326,train,13326
13327,train,13327
13328,train,13328
13329,train,13329
13330,train,13330
13331,train,13331
13332,train,13332
13333,train,13333
13334,train,13334
13335,train,13335
13336,train,13336
13338,train,13338
13339,train,13339
13341,train,13341
13342,train,13342
13344,train,13344
13345,train,13345
13347,train,13347
13348,train,13348
13351,train,13351
13352,train,13352
13353,train,13353
13354,train,13354
13355,train,13355
13356,train,13356
13358,train,13358
13359,train,13359
13360,train,13360
13361,train,13361
13362,train,13362
13363,train,13363
13364,train,13364
13365,train,13365
13366,train,13366
13367,train,13367
13368,train,13368
13369,train,13369
13370,train,13370
13371,train,13371
13372,train,13372
13373,train,13373
13374,train,13374
13375,train,13375
13377,train,13377
13378,train,13378
13379,train,13379
13380,train,13380
13381,train,13381
13384,train,13384
13385,train,13385
13387,train,13387
13388,train,13388
13390,train,13390
13391,train,13391
13392,train,13392
13393,train,13393
13395,train,13395
13396,train,13396
13397,train,13397
13398,train,13398
13399,train,13399
13400,train,13400
13401,train,13401
13402,train,13402
13403,train,13403
13404,train,13404
13406,train,13406
13407,train,13407
13408,train,13408
13409,train,13409
13410,train,13410
13411,train,13411
13412,train,13412
13413,train,13413
13414,train,13414
13415,train,13415
13416,train,13416
13417,train,13417
13419,train,13419
13420,train,13420
13421,train,13421
13422,train,13422
13424,train,13424
13425,train,13425
13426,train,13426
13427,train,13427
13428,train,13428
13429,train,13429
13430,train,13430
13432,train,13432
13433,train,13433
13434,train,13434
13436,train,13436
13437,train,13437
13438,train,13438
13439,train,13439
13440,train,13440
13441,train,13441
13442,train,13442
13443,train,13443
13444,train,13444
13445,train,13445
13446,train,13446
13447,train,13447
13448,train,13448
13449,train,13449
13450,train,13450
13451,train,13451
13452,train,13452
13453,train,13453
13454,train,13454
13455,train,13455
13458,train,13458
13459,train,13459
13460,train,13460
13461,train,13461
13462,train,13462
13464,train,13464
13466,train,13466
13467,train,13467
13468,train,13468
13469,train,13469
13470,train,13470
13472,train,13472
13474,train,13474
13475,train,13475
13476,train,13476
13477,train,13477
13478,train,13478
13479,train,13479
13480,train,13480
13481,train,13481
13482,train,13482
13483,train,13483
13484,train,13484
13485,train,13485
13487,train,13487
13489,train,13489
13490,train,13490
13492,train,13492
13493,train,13493
13496,train,13496
13497,train,13497
13498,train,13498
13499,train,13499
13501,train,13501
13502,train,13502
13504,train,13504
13506,train,13506
13507,train,13507
13508,train,13508
13510,train,13510
13512,train,13512
13513,train,13513
13514,train,13514
13515,train,13515
13516,train,13516
13517,train,13517
13518,train,13518
13520,train,13520
13522,train,13522
13523,train,13523
13524,train,13524
13526,train,13526
13527,train,13527
13528,train,13528
13529,train,13529
13531,train,13531
13532,train,13532
13533,train,13533
13534,train,13534
13536,train,13536
13537,train,13537
13538,train,13538
13539,train,13539
13540,train,13540
13541,train,13541
13542,train,13542
13543,train,13543
13544,train,13544
13545,train,13545
13546,train,13546
13547,train,13547
13548,train,13548
13549,train,13549
13550,train,13550
13551,train,13551
13552,train,13552
13553,train,13553
13554,train,13554
13555,train,13555
13557,train,13557
13558,train,13558
13559,train,13559
13560,train,13560
13561,train,13561
13562,train,13562
13563,train,13563
13564,train,13564
13565,train,13565
13566,train,13566
13567,train,13567
13568,train,13568
13569,train,13569
13570,train,13570
13571,train,13571
13572,train,13572
13573,train,13573
13575,train,13575
13576,train,13576
13578,train,13578
13579,train,13579
13580,train,13580
13581,train,13581
13582,train,13582
13583,train,13583
13584,train,13584
13585,train,13585
13586,train,13586
13587,train,13587
13588,train,13588
13590,train,13590
13591,train,13591
13592,train,13592
13593,train,13593
13594,train,13594
13596,train,13596
13597,train,13597
13599,train,13599
13600,train,13600
13601,train,13601
13602,train,13602
13604,train,13604
13605,train,13605
13606,train,13606
13608,train,13608
13610,train,13610
13612,train,13612
13613,train,13613
13614,train,13614
13616,train,13616
13617,train,13617
13620,train,13620
13621,train,13621
13622,train,13622
13623,train,13623
13624,train,13624
13625,train,13625
13626,train,13626
13628,train,13628
13631,train,13631
13634,train,13634
13636,train,13636
13637,train,13637
13638,train,13638
13639,train,13639
13640,train,13640
13641,train,13641
13642,train,13642
13643,train,13643
13645,train,13645
13646,train,13646
13647,train,13647
13648,train,13648
13649,train,13649
13650,train,13650
13651,train,13651
13652,train,13652
13653,train,13653
13654,train,13654
13655,train,13655
13656,train,13656
13657,train,13657
13658,train,13658
13659,train,13659
13660,train,13660
13661,train,13661
13662,train,13662
13663,train,13663
13664,train,13664
13665,train,13665
13667,train,13667
13668,train,13668
13670,train,13670
13671,train,13671
13672,train,13672
13673,train,13673
13674,train,13674
13675,train,13675
13676,train,13676
13677,train,13677
13678,train,13678
13679,train,13679
13680,train,13680
13681,train,13681
13682,train,13682
13683,train,13683
13684,train,13684
13686,train,13686
13687,train,13687
13689,train,13689
13690,train,13690
13691,train,13691
13692,train,13692
13693,train,13693
13694,train,13694
13695,train,13695
13696,train,13696
13697,train,13697
13698,train,13698
13700,train,13700
13701,train,13701
13702,train,13702
13704,train,13704
13705,train,13705
13706,train,13706
13707,train,13707
13708,train,13708
13709,train,13709
13710,train,13710
13711,train,13711
13712,train,13712
13715,train,13715
13716,train,13716
13718,train,13718
13719,train,13719
13720,train,13720
13721,train,13721
13722,train,13722
13723,train,13723
13725,train,13725
13726,train,13726
13728,train,13728
13730,train,13730
13731,train,13731
13732,train,13732
13733,train,13733
13734,train,13734
13735,train,13735
13737,train,13737
13738,train,13738
13739,train,13739
13740,train,13740
13741,train,13741
13742,train,13742
13743,train,13743
13744,train,13744
13745,train,13745
13746,train,13746
13747,train,13747
13748,train,13748
13749,train,13749
13750,train,13750
13751,train,13751
13752,train,13752
13753,train,13753
13754,train,13754
13756,train,13756
13759,train,13759
13761,train,13761
13762,train,13762
13763,train,13763
13765,train,13765
13766,train,13766
13767,train,13767
13769,train,13769
13770,train,13770
13771,train,13771
13772,train,13772
13773,train,13773
13774,train,13774
13776,train,13776
13777,train,13777
13778,train,13778
13779,train,13779
13780,train,13780
13781,train,13781
13782,train,13782
13783,train,13783
13784,train,13784
13785,train,13785
13788,train,13788
13789,train,13789
13790,train,13790
13791,train,13791
13793,train,13793
13794,train,13794
13795,train,13795
13796,train,13796
13797,train,13797
13798,train,13798
13799,train,13799
13800,train,13800
13802,train,13802
13803,train,13803
13805,train,13805
13806,train,13806
13807,train,13807
13808,train,13808
13810,train,13810
13811,train,13811
13812,train,13812
13813,train,13813
13814,train,13814
13815,train,13815
13816,train,13816
13817,train,13817
13818,train,13818
13819,train,13819
13820,train,13820
13821,train,13821
13823,train,13823
13824,train,13824
13825,train,13825
13828,train,13828
13829,train,13829
13830,train,13830
13831,train,13831
13834,train,13834
13835,train,13835
13836,train,13836
13837,train,13837
13839,train,13839
13840,train,13840
13841,train,13841
13842,train,13842
13843,train,13843
13844,train,13844
13845,train,13845
13847,train,13847
13849,train,13849
13851,train,13851
13853,train,13853
13854,train,13854
13856,train,13856
13858,train,13858
13859,train,13859
13860,train,13860
13861,train,13861
13865,train,13865
13866,train,13866
13867,train,13867
13868,train,13868
13869,train,13869
13870,train,13870
13872,train,13872
13873,train,13873
13874,train,13874
13875,train,13875
13877,train,13877
13878,train,13878
13879,train,13879
13880,train,13880
13881,train,13881
13882,train,13882
13883,train,13883
13884,train,13884
13885,train,13885
13886,train,13886
13888,train,13888
13889,train,13889
13890,train,13890
13892,train,13892
13893,train,13893
13894,train,13894
13895,train,13895
13896,train,13896
13897,train,13897
13898,train,13898
13901,train,13901
13903,train,13903
13904,train,13904
13906,train,13906
13907,train,13907
13908,train,13908
13910,train,13910
13912,train,13912
13913,train,13913
13914,train,13914
13916,train,13916
13917,train,13917
13918,train,13918
13919,train,13919
13920,train,13920
13921,train,13921
13922,train,13922
13923,train,13923
13925,train,13925
13927,train,13927
13928,train,13928
13929,train,13929
13931,train,13931
13932,train,13932
13933,train,13933
13934,train,13934
13935,train,13935
13936,train,13936
13939,train,13939
13940,train,13940
13941,train,13941
13942,train,13942
13944,train,13944
13946,train,13946
13947,train,13947
13948,train,13948
13949,train,13949
13950,train,13950
13952,train,13952
13954,train,13954
13955,train,13955
13957,train,13957
13958,train,13958
13959,train,13959
13960,train,13960
13961,train,13961
13962,train,13962
13963,train,13963
13964,train,13964
13966,train,13966
13969,train,13969
13970,train,13970
13971,train,13971
13972,train,13972
13973,train,13973
13974,train,13974
13975,train,13975
13980,train,13980
13981,train,13981
13982,train,13982
13983,train,13983
13984,train,13984
13986,train,13986
13987,train,13987
13989,train,13989
13990,train,13990
13991,train,13991
13992,train,13992
13993,train,13993
13994,train,13994
13995,train,13995
13996,train,13996
13999,train,13999
14000,train,14000
14002,train,14002
14003,train,14003
14004,train,14004
14005,train,14005
14007,train,14007
14008,train,14008
14009,train,14009
14010,train,14010
14011,train,14011
14013,train,14013
14014,train,14014
14016,train,14016
14018,train,14018
14019,train,14019
14021,train,14021
14023,train,14023
14024,train,14024
14026,train,14026
14027,train,14027
14028,train,14028
14029,train,14029
14031,train,14031
14032,train,14032
14033,train,14033
14034,train,14034
14035,train,14035
14036,train,14036
14038,train,14038
14039,train,14039
14040,train,14040
14041,train,14041
14042,train,14042
14043,train,14043
14044,train,14044
14045,train,14045
14046,train,14046
14047,train,14047
14049,train,14049
14050,train,14050
14052,train,14052
14053,train,14053
14054,train,14054
14055,train,14055
14056,train,14056
14057,train,14057
14059,train,14059
14060,train,14060
14061,train,14061
14062,train,14062
14063,train,14063
14064,train,14064
14065,train,14065
14066,train,14066
14067,train,14067
14068,train,14068
14070,train,14070
14071,train,14071
14072,train,14072
14073,train,14073
14074,train,14074
14075,train,14075
14076,train,14076
14077,train,14077
14078,train,14078
14079,train,14079
14081,train,14081
14082,train,14082
14083,train,14083
14084,train,14084
14085,train,14085
14086,train,14086
14087,train,14087
14088,train,14088
14090,train,14090
14091,train,14091
14092,train,14092
14093,train,14093
14094,train,14094
14095,train,14095
14096,train,14096
14097,train,14097
14098,train,14098
14099,train,14099
14100,train,14100
14101,train,14101
14102,train,14102
14103,train,14103
14104,train,14104
14105,train,14105
14106,train,14106
14108,train,14108
14109,train,14109
14110,train,14110
14111,train,14111
14112,train,14112
14113,train,14113
14117,train,14117
14118,train,14118
14119,train,14119
14120,train,14120
14121,train,14121
14122,train,14122
14123,train,14123
14126,train,14126
14127,train,14127
14128,train,14128
14129,train,14129
14130,train,14130
14131,train,14131
14133,train,14133
14134,train,14134
14135,train,14135
14136,train,14136
14137,train,14137
14141,train,14141
14142,train,14142
14143,train,14143
14144,train,14144
14145,train,14145
14146,train,14146
14148,train,14148
14149,train,14149
14151,train,14151
14153,train,14153
14154,train,14154
14155,train,14155
14158,train,14158
14159,train,14159
14160,train,14160
14161,train,14161
14162,train,14162
14163,train,14163
14164,train,14164
14165,train,14165
14166,train,14166
14167,train,14167
14168,train,14168
14171,train,14171
14172,train,14172
14173,train,14173
14174,train,14174
14175,train,14175
14176,train,14176
14178,train,14178
14179,train,14179
14181,train,14181
14182,train,14182
14184,train,14184
14185,train,14185
14186,train,14186
14188,train,14188
14189,train,14189
14190,train,14190
14191,train,14191
14192,train,14192
14193,train,14193
14195,train,14195
14196,train,14196
14197,train,14197
14199,train,14199
14200,train,14200
14202,train,14202
14203,train,14203
14205,train,14205
14206,train,14206
14208,train,14208
14210,train,14210
14211,train,14211
14212,train,14212
14214,train,14214
14215,train,14215
14216,train,14216
14219,train,14219
14220,train,14220
14221,train,14221
14222,train,14222
14223,train,14223
14224,train,14224
14225,train,14225
14226,train,14226
14227,train,14227
14228,train,14228
14229,train,14229
14230,train,14230
14231,train,14231
14233,train,14233
14235,train,14235
14236,train,14236
14237,train,14237
14238,train,14238
14239,train,14239
14240,train,14240
14241,train,14241
14242,train,14242
14243,train,14243
14244,train,14244
14245,train,14245
14247,train,14247
14248,train,14248
14249,train,14249
14250,train,14250
14251,train,14251
14252,train,14252
14253,train,14253
14254,train,14254
14256,train,14256
14258,train,14258
14260,train,14260
14261,train,14261
14262,train,14262
14263,train,14263
14264,train,14264
14265,train,14265
14266,train,14266
14267,train,14267
14268,train,14268
14269,train,14269
14270,train,14270
14271,train,14271
14274,train,14274
14275,train,14275
14276,train,14276
14278,train,14278
14280,train,14280
14281,train,14281
14282,train,14282
14284,train,14284
14285,train,14285
14286,train,14286
14288,train,14288
14290,train,14290
14291,train,14291
14292,train,14292
14293,train,14293
14294,train,14294
14295,train,14295
14298,train,14298
14299,train,14299
14300,train,14300
14301,train,14301
14302,train,14302
14303,train,14303
14304,train,14304
14305,train,14305
14306,train,14306
14307,train,14307
14308,train,14308
14309,train,14309
14311,train,14311
14312,train,14312
14313,train,14313
14314,train,14314
14315,train,14315
14316,train,14316
14317,train,14317
14318,train,14318
14319,train,14319
14321,train,14321
14322,train,14322
14323,train,14323
14325,train,14325
14326,train,14326
14328,train,14328
14329,train,14329
14330,train,14330
14331,train,14331
14332,train,14332
14333,train,14333
14334,train,14334
14336,train,14336
14337,train,14337
14338,train,14338
14339,train,14339
14340,train,14340
14341,train,14341
14343,train,14343
14344,train,14344
14345,train,14345
14346,train,14346
14348,train,14348
14349,train,14349
14350,train,14350
14351,train,14351
14352,train,14352
14355,train,14355
14356,train,14356
14357,train,14357
14359,train,14359
14361,train,14361
14362,train,14362
14363,train,14363
14366,train,14366
14367,train,14367
14368,train,14368
14369,train,14369
14370,train,14370
14372,train,14372
14374,train,14374
14375,train,14375
14378,train,14378
14379,train,14379
14380,train,14380
14381,train,14381
14382,train,14382
14383,train,14383
14386,train,14386
14387,train,14387
14388,train,14388
14389,train,14389
14390,train,14390
14391,train,14391
14392,train,14392
14393,train,14393
14395,train,14395
14396,train,14396
14397,train,14397
14398,train,14398
14400,train,14400
14401,train,14401
14402,train,14402
14403,train,14403
14404,train,14404
14405,train,14405
14406,train,14406
14407,train,14407
14408,train,14408
14411,train,14411
14412,train,14412
14414,train,14414
14415,train,14415
14416,train,14416
14417,train,14417
14419,train,14419
14420,train,14420
14421,train,14421
14422,train,14422
14423,train,14423
14424,train,14424
14426,train,14426
14427,train,14427
14428,train,14428
14429,train,14429
14430,train,14430
14431,train,14431
14434,train,14434
14435,train,14435
14436,train,14436
14437,train,14437
14438,train,14438
14439,train,14439
14440,train,14440
14441,train,14441
14442,train,14442
14443,train,14443
14445,train,14445
14446,train,14446
14447,train,14447
14448,train,14448
14449,train,14449
14450,train,14450
14451,train,14451
14453,train,14453
14454,train,14454
14455,train,14455
14456,train,14456
14459,train,14459
14461,train,14461
14462,train,14462
14463,train,14463
14464,train,14464
14466,train,14466
14467,train,14467
14468,train,14468
14469,train,14469
14470,train,14470
14471,train,14471
14472,train,14472
14473,train,14473
14474,train,14474
14475,train,14475
14476,train,14476
14477,train,14477
14478,train,14478
14479,train,14479
14480,train,14480
14482,train,14482
14483,train,14483
14484,train,14484
14486,train,14486
14487,train,14487
14488,train,14488
14489,train,14489
14492,train,14492
14493,train,14493
14495,train,14495
14496,train,14496
14497,train,14497
14498,train,14498
14499,train,14499
14500,train,14500
14502,train,14502
14503,train,14503
14504,train,14504
14505,train,14505
14506,train,14506
14507,train,14507
14509,train,14509
14510,train,14510
14511,train,14511
14512,train,14512
14513,train,14513
14514,train,14514
14515,train,14515
14516,train,14516
14517,train,14517
14518,train,14518
14519,train,14519
14520,train,14520
14521,train,14521
14522,train,14522
14523,train,14523
14525,train,14525
14526,train,14526
14529,train,14529
14530,train,14530
14531,train,14531
14532,train,14532
14537,train,14537
14541,train,14541
14542,train,14542
14543,train,14543
14544,train,14544
14545,train,14545
14546,train,14546
14547,train,14547
14548,train,14548
14549,train,14549
14550,train,14550
14551,train,14551
14552,train,14552
14553,train,14553
14554,train,14554
14555,train,14555
14556,train,14556
14557,train,14557
14560,train,14560
14561,train,14561
14563,train,14563
14564,train,14564
14565,train,14565
14566,train,14566
14568,train,14568
14569,train,14569
14570,train,14570
14571,train,14571
14572,train,14572
14574,train,14574
14575,train,14575
14576,train,14576
14577,train,14577
14578,train,14578
14579,train,14579
14580,train,14580
14581,train,14581
14582,train,14582
14583,train,14583
14585,train,14585
14586,train,14586
14587,train,14587
14588,train,14588
14589,train,14589
14590,train,14590
14591,train,14591
14592,train,14592
14593,train,14593
14594,train,14594
14595,train,14595
14596,train,14596
14597,train,14597
14598,train,14598
14599,train,14599
14600,train,14600
14601,train,14601
14602,train,14602
14603,train,14603
14604,train,14604
14605,train,14605
14607,train,14607
14609,train,14609
14610,train,14610
14612,train,14612
14613,train,14613
14615,train,14615
14616,train,14616
14617,train,14617
14618,train,14618
14619,train,14619
14620,train,14620
14621,train,14621
14622,train,14622
14623,train,14623
14625,train,14625
14626,train,14626
14627,train,14627
14628,train,14628
14629,train,14629
14631,train,14631
14632,train,14632
14634,train,14634
14635,train,14635
14636,train,14636
14637,train,14637
14639,train,14639
14640,train,14640
14642,train,14642
14643,train,14643
14644,train,14644
14645,train,14645
14646,train,14646
14648,train,14648
14650,train,14650
14651,train,14651
14652,train,14652
14653,train,14653
14654,train,14654
14655,train,14655
14656,train,14656
14657,train,14657
14660,train,14660
14661,train,14661
14663,train,14663
14664,train,14664
14665,train,14665
14666,train,14666
14667,train,14667
14668,train,14668
14669,train,14669
14670,train,14670
14671,train,14671
14672,train,14672
14673,train,14673
14675,train,14675
14677,train,14677
14678,train,14678
14679,train,14679
14681,train,14681
14682,train,14682
14683,train,14683
14684,train,14684
14686,train,14686
14687,train,14687
14688,train,14688
14689,train,14689
14690,train,14690
14692,train,14692
14693,train,14693
14694,train,14694
14695,train,14695
14696,train,14696
14697,train,14697
14698,train,14698
14699,train,14699
14700,train,14700
14701,train,14701
14702,train,14702
14703,train,14703
14704,train,14704
14705,train,14705
14706,train,14706
14707,train,14707
14708,train,14708
14710,train,14710
14712,train,14712
14713,train,14713
14714,train,14714
14715,train,14715
14716,train,14716
14717,train,14717
14718,train,14718
14719,train,14719
14720,train,14720
14721,train,14721
14722,train,14722
14723,train,14723
14725,train,14725
14726,train,14726
14727,train,14727
14729,train,14729
14732,train,14732
14735,train,14735
14736,train,14736
14737,train,14737
14738,train,14738
14739,train,14739
14740,train,14740
14742,train,14742
14744,train,14744
14745,train,14745
14746,train,14746
14748,train,14748
14749,train,14749
14750,train,14750
14752,train,14752
14753,train,14753
14754,train,14754
14755,train,14755
14756,train,14756
14758,train,14758
14759,train,14759
14760,train,14760
14761,train,14761
14762,train,14762
14763,train,14763
14765,train,14765
14766,train,14766
14767,train,14767
14768,train,14768
14769,train,14769
14770,train,14770
14771,train,14771
14772,train,14772
14773,train,14773
14775,train,14775
14777,train,14777
14778,train,14778
14780,train,14780
14781,train,14781
14783,train,14783
14784,train,14784
14785,train,14785
14786,train,14786
14787,train,14787
14789,train,14789
14790,train,14790
14791,train,14791
14792,train,14792
14793,train,14793
14795,train,14795
14796,train,14796
14797,train,14797
14798,train,14798
14799,train,14799
14800,train,14800
14802,train,14802
14803,train,14803
14804,train,14804
14805,train,14805
14806,train,14806
14807,train,14807
14809,train,14809
14810,train,14810
14811,train,14811
14812,train,14812
14813,train,14813
14815,train,14815
14816,train,14816
14817,train,14817
14818,train,14818
14819,train,14819
14822,train,14822
14826,train,14826
14827,train,14827
14830,train,14830
14832,train,14832
14833,train,14833
14834,train,14834
14835,train,14835
14836,train,14836
14837,train,14837
14838,train,14838
14840,train,14840
14841,train,14841
14843,train,14843
14844,train,14844
14845,train,14845
14846,train,14846
14847,train,14847
14848,train,14848
14849,train,14849
14850,train,14850
14851,train,14851
14852,train,14852
14854,train,14854
14855,train,14855
14856,train,14856
14857,train,14857
14858,train,14858
14860,train,14860
14861,train,14861
14864,train,14864
14865,train,14865
14866,train,14866
14867,train,14867
14868,train,14868
14869,train,14869
14870,train,14870
14871,train,14871
14872,train,14872
14873,train,14873
14875,train,14875
14876,train,14876
14878,train,14878
14879,train,14879
14880,train,14880
14881,train,14881
14883,train,14883
14884,train,14884
14885,train,14885
14886,train,14886
14887,train,14887
14888,train,14888
14889,train,14889
14890,train,14890
14892,train,14892
14894,train,14894
14895,train,14895
14896,train,14896
14897,train,14897
14898,train,14898
14899,train,14899
14900,train,14900
14901,train,14901
14902,train,14902
14903,train,14903
14904,train,14904
14905,train,14905
14906,train,14906
14907,train,14907
14908,train,14908
14910,train,14910
14911,train,14911
14912,train,14912
14913,train,14913
14915,train,14915
14916,train,14916
14917,train,14917
14918,train,14918
14921,train,14921
14922,train,14922
14923,train,14923
14924,train,14924
14925,train,14925
14926,train,14926
14927,train,14927
14928,train,14928
14930,train,14930
14932,train,14932
14935,train,14935
14937,train,14937
14939,train,14939
14942,train,14942
14944,train,14944
14945,train,14945
14946,train,14946
14947,train,14947
14950,train,14950
14951,train,14951
14953,train,14953
14954,train,14954
14955,train,14955
14958,train,14958
14960,train,14960
14961,train,14961
14962,train,14962
14964,train,14964
14965,train,14965
14968,train,14968
14969,train,14969
14971,train,14971
14972,train,14972
14973,train,14973
14974,train,14974
14975,train,14975
14976,train,14976
14978,train,14978
14979,train,14979
14981,train,14981
14982,train,14982
14984,train,14984
14985,train,14985
14986,train,14986
14987,train,14987
14988,train,14988
14989,train,14989
14990,train,14990
14991,train,14991
14992,train,14992
14993,train,14993
14994,train,14994
14995,train,14995
14996,train,14996
14997,train,14997
14998,train,14998
14999,train,14999
15002,train,15002
15003,train,15003
15004,train,15004
15005,train,15005
15006,train,15006
15007,train,15007
15009,train,15009
15010,train,15010
15012,train,15012
15013,train,15013
15014,train,15014
15015,train,15015
15016,train,15016
15017,train,15017
15018,train,15018
15020,train,15020
15022,train,15022
15023,train,15023
15025,train,15025
15026,train,15026
15027,train,15027
15028,train,15028
15029,train,15029
15030,train,15030
15031,train,15031
15032,train,15032
15034,train,15034
15035,train,15035
15036,train,15036
15037,train,15037
15038,train,15038
15039,train,15039
15041,train,15041
15042,train,15042
15043,train,15043
15044,train,15044
15045,train,15045
15047,train,15047
15048,train,15048
15050,train,15050
15051,train,15051
15054,train,15054
15055,train,15055
15056,train,15056
15059,train,15059
15061,train,15061
15062,train,15062
15063,train,15063
15064,train,15064
15065,train,15065
15066,train,15066
15067,train,15067
15068,train,15068
15069,train,15069
15070,train,15070
15071,train,15071
15073,train,15073
15074,train,15074
15075,train,15075
15076,train,15076
15078,train,15078
15079,train,15079
15080,train,15080
15081,train,15081
15082,train,15082
15083,train,15083
15084,train,15084
15085,train,15085
15086,train,15086
15087,train,15087
15088,train,15088
15089,train,15089
15090,train,15090
15091,train,15091
15092,train,15092
15093,train,15093
15094,train,15094
15095,train,15095
15096,train,15096
15097,train,15097
15098,train,15098
15099,train,15099
15101,train,15101
15103,train,15103
15105,train,15105
15106,train,15106
15107,train,15107
15108,train,15108
15110,train,15110
15111,train,15111
15113,train,15113
15114,train,15114
15115,train,15115
15116,train,15116
15117,train,15117
15118,train,15118
15119,train,15119
15120,train,15120
15121,train,15121
15122,train,15122
15123,train,15123
15125,train,15125
15127,train,15127
15128,train,15128
15129,train,15129
15130,train,15130
15131,train,15131
15132,train,15132
15133,train,15133
15134,train,15134
15135,train,15135
15136,train,15136
15137,train,15137
15138,train,15138
15139,train,15139
15140,train,15140
15141,train,15141
15142,train,15142
15143,train,15143
15144,train,15144
15146,train,15146
15147,train,15147
15148,train,15148
15149,train,15149
15150,train,15150
15151,train,15151
15152,train,15152
15153,train,15153
15154,train,15154
15155,train,15155
15156,train,15156
15158,train,15158
15159,train,15159
15160,train,15160
15161,train,15161
15164,train,15164
15165,train,15165
15166,train,15166
15167,train,15167
15168,train,15168
15169,train,15169
15170,train,15170
15171,train,15171
15175,train,15175
15176,train,15176
15177,train,15177
15178,train,15178
15180,train,15180
15182,train,15182
15183,train,15183
15184,train,15184
15185,train,15185
15186,train,15186
15187,train,15187
15188,train,15188
15189,train,15189
15190,train,15190
15191,train,15191
15192,train,15192
15193,train,15193
15194,train,15194
15195,train,15195
15196,train,15196
15197,train,15197
15198,train,15198
15199,train,15199
15201,train,15201
15203,train,15203
15204,train,15204
15205,train,15205
15207,train,15207
15208,train,15208
15209,train,15209
15211,train,15211
15212,train,15212
15213,train,15213
15214,train,15214
15215,train,15215
15218,train,15218
15219,train,15219
15220,train,15220
15221,train,15221
15222,train,15222
15223,train,15223
15225,train,15225
15226,train,15226
15229,train,15229
15230,train,15230
15231,train,15231
15233,train,15233
15234,train,15234
15235,train,15235
15236,train,15236
15237,train,15237
15238,train,15238
15240,train,15240
15241,train,15241
15242,train,15242
15243,train,15243
15245,train,15245
15246,train,15246
15247,train,15247
15248,train,15248
15249,train,15249
15250,train,15250
15251,train,15251
15252,train,15252
15253,train,15253
15254,train,15254
15256,train,15256
15258,train,15258
15259,train,15259
15260,train,15260
15261,train,15261
15262,train,15262
15266,train,15266
15267,train,15267
15268,train,15268
15269,train,15269
15271,train,15271
15272,train,15272
15273,train,15273
15274,train,15274
15275,train,15275
15276,train,15276
15277,train,15277
15278,train,15278
15279,train,15279
15280,train,15280
15282,train,15282
15283,train,15283
15285,train,15285
15286,train,15286
15287,train,15287
15288,train,15288
15289,train,15289
15290,train,15290
15291,train,15291
15292,train,15292
15293,train,15293
15294,train,15294
15295,train,15295
15296,train,15296
15297,train,15297
15298,train,15298
15301,train,15301
15302,train,15302
15303,train,15303
15304,train,15304
15305,train,15305
15306,train,15306
15307,train,15307
15308,train,15308
15309,train,15309
15310,train,15310
15311,train,15311
15312,train,15312
15313,train,15313
15317,train,15317
15318,train,15318
15319,train,15319
15323,train,15323
15324,train,15324
15325,train,15325
15327,train,15327
15329,train,15329
15331,train,15331
15332,train,15332
15333,train,15333
15334,train,15334
15335,train,15335
15336,train,15336
15337,train,15337
15338,train,15338
15339,train,15339
15340,train,15340
15341,train,15341
15343,train,15343
15344,train,15344
15345,train,15345
15346,train,15346
15347,train,15347
15349,train,15349
15350,train,15350
15351,train,15351
15353,train,15353
15354,train,15354
15355,train,15355
15356,train,15356
15357,train,15357
15358,train,15358
15359,train,15359
15361,train,15361
15362,train,15362
15363,train,15363
15364,train,15364
15367,train,15367
15369,train,15369
15370,train,15370
15371,train,15371
15372,train,15372
15373,train,15373
15374,train,15374
15376,train,15376
15377,train,15377
15378,train,15378
15379,train,15379
15380,train,15380
15381,train,15381
15382,train,15382
15383,train,15383
15384,train,15384
15386,train,15386
15387,train,15387
15389,train,15389
15390,train,15390
15391,train,15391
15392,train,15392
15393,train,15393
15394,train,15394
15395,train,15395
15396,train,15396
15398,train,15398
15399,train,15399
15400,train,15400
15402,train,15402
15403,train,15403
15404,train,15404
15405,train,15405
15406,train,15406
15407,train,15407
15409,train,15409
15410,train,15410
15411,train,15411
15412,train,15412
15413,train,15413
15414,train,15414
15415,train,15415
15416,train,15416
15418,train,15418
15419,train,15419
15420,train,15420
15421,train,15421
15422,train,15422
15423,train,15423
15424,train,15424
15425,train,15425
15426,train,15426
15427,train,15427
15428,train,15428
15430,train,15430
15432,train,15432
15433,train,15433
15434,train,15434
15435,train,15435
15436,train,15436
15438,train,15438
15439,train,15439
15440,train,15440
15442,train,15442
15443,train,15443
15445,train,15445
15446,train,15446
15447,train,15447
15448,train,15448
15449,train,15449
15450,train,15450
15452,train,15452
15453,train,15453
15454,train,15454
15455,train,15455
15456,train,15456
15457,train,15457
15458,train,15458
15460,train,15460
15462,train,15462
15463,train,15463
15464,train,15464
15465,train,15465
15466,train,15466
15467,train,15467
15470,train,15470
15471,train,15471
15472,train,15472
15475,train,15475
15476,train,15476
15480,train,15480
15482,train,15482
15483,train,15483
15484,train,15484
15485,train,15485
15486,train,15486
15488,train,15488
15490,train,15490
15491,train,15491
15494,train,15494
15495,train,15495
15496,train,15496
15497,train,15497
15498,train,15498
15500,train,15500
15502,train,15502
15503,train,15503
15504,train,15504
15506,train,15506
15507,train,15507
15508,train,15508
15509,train,15509
15511,train,15511
15512,train,15512
15515,train,15515
15516,train,15516
15517,train,15517
15518,train,15518
15519,train,15519
15520,train,15520
15521,train,15521
15522,train,15522
15524,train,15524
15525,train,15525
15526,train,15526
15527,train,15527
15528,train,15528
15529,train,15529
15530,train,15530
15531,train,15531
15532,train,15532
15533,train,15533
15534,train,15534
15535,train,15535
15536,train,15536
15537,train,15537
15538,train,15538
15539,train,15539
15541,train,15541
15542,train,15542
15544,train,15544
15545,train,15545
15547,train,15547
15548,train,15548
15549,train,15549
15551,train,15551
15552,train,15552
15553,train,15553
15556,train,15556
15557,train,15557
15558,train,15558
15559,train,15559
15560,train,15560
15561,train,15561
15562,train,15562
15563,train,15563
15565,train,15565
15567,train,15567
15568,train,15568
15569,train,15569
15570,train,15570
15571,train,15571
15572,train,15572
15573,train,15573
15574,train,15574
15577,train,15577
15578,train,15578
15579,train,15579
15580,train,15580
15581,train,15581
15582,train,15582
15583,train,15583
15584,train,15584
15585,train,15585
15586,train,15586
15587,train,15587
15589,train,15589
15590,train,15590
15591,train,15591
15592,train,15592
15593,train,15593
15596,train,15596
15597,train,15597
15598,train,15598
15599,train,15599
15600,train,15600
15601,train,15601
15602,train,15602
15605,train,15605
15606,train,15606
15608,train,15608
15609,train,15609
15610,train,15610
15611,train,15611
15613,train,15613
15614,train,15614
15615,train,15615
15616,train,15616
15618,train,15618
15619,train,15619
15620,train,15620
15621,train,15621
15622,train,15622
15624,train,15624
15626,train,15626
15627,train,15627
15628,train,15628
15630,train,15630
15632,train,15632
15633,train,15633
15634,train,15634
15637,train,15637
15638,train,15638
15639,train,15639
15640,train,15640
15642,train,15642
15643,train,15643
15644,train,15644
15646,train,15646
15647,train,15647
15648,train,15648
15649,train,15649
15650,train,15650
15652,train,15652
15654,train,15654
15655,train,15655
15656,train,15656
15658,train,15658
15659,train,15659
15660,train,15660
15662,train,15662
15664,train,15664
15665,train,15665
15666,train,15666
15667,train,15667
15668,train,15668
15669,train,15669
15671,train,15671
15672,train,15672
15675,train,15675
15676,train,15676
15677,train,15677
15678,train,15678
15679,train,15679
15682,train,15682
15684,train,15684
15685,train,15685
15687,train,15687
15688,train,15688
15690,train,15690
15691,train,15691
15692,train,15692
15693,train,15693
15694,train,15694
15697,train,15697
15700,train,15700
15701,train,15701
15702,train,15702
15703,train,15703
15704,train,15704
15705,train,15705
15706,train,15706
15707,train,15707
15708,train,15708
15713,train,15713
15716,train,15716
15717,train,15717
15719,train,15719
15720,train,15720
15721,train,15721
15723,train,15723
15724,train,15724
15725,train,15725
15726,train,15726
15728,train,15728
15729,train,15729
15730,train,15730
15731,train,15731
15732,train,15732
15733,train,15733
15734,train,15734
15735,train,15735
15736,train,15736
15737,train,15737
15738,train,15738
15739,train,15739
15740,train,15740
15741,train,15741
15742,train,15742
15743,train,15743
15744,train,15744
15745,train,15745
15746,train,15746
15747,train,15747
15749,train,15749
15750,train,15750
15751,train,15751
15753,train,15753
15755,train,15755
15756,train,15756
15758,train,15758
15759,train,15759
15760,train,15760
15761,train,15761
15762,train,15762
15763,train,15763
15764,train,15764
15765,train,15765
15766,train,15766
15768,train,15768
15769,train,15769
15770,train,15770
15771,train,15771
15772,train,15772
15773,train,15773
15774,train,15774
15775,train,15775
15776,train,15776
15778,train,15778
15779,train,15779
15781,train,15781
15782,train,15782
15783,train,15783
15786,train,15786
15787,train,15787
15788,train,15788
15789,train,15789
15790,train,15790
15791,train,15791
15792,train,15792
15793,train,15793
15794,train,15794
15795,train,15795
15796,train,15796
15798,train,15798
15799,train,15799
15800,train,15800
15801,train,15801
15802,train,15802
15803,train,15803
15804,train,15804
15805,train,15805
15806,train,15806
15807,train,15807
15808,train,15808
15809,train,15809
15811,train,15811
15813,train,15813
15814,train,15814
15815,train,15815
15816,train,15816
15818,train,15818
15820,train,15820
15821,train,15821
15822,train,15822
15823,train,15823
15824,train,15824
15825,train,15825
15828,train,15828
15829,train,15829
15830,train,15830
15831,train,15831
15833,train,15833
15834,train,15834
15836,train,15836
15837,train,15837
15838,train,15838
15839,train,15839
15840,train,15840
15841,train,15841
15843,train,15843
15845,train,15845
15847,train,15847
15848,train,15848
15849,train,15849
15851,train,15851
15852,train,15852
15855,train,15855
15856,train,15856
15857,train,15857
15858,train,15858
15859,train,15859
15863,train,15863
15864,train,15864
15865,train,15865
15866,train,15866
15867,train,15867
15868,train,15868
15869,train,15869
15870,train,15870
15871,train,15871
15872,train,15872
15873,train,15873
15874,train,15874
15875,train,15875
15876,train,15876
15877,train,15877
15878,train,15878
15879,train,15879
15880,train,15880
15881,train,15881
15882,train,15882
15883,train,15883
15884,train,15884
15886,train,15886
15888,train,15888
15890,train,15890
15891,train,15891
15892,train,15892
15893,train,15893
15894,train,15894
15895,train,15895
15896,train,15896
15897,train,15897
15898,train,15898
15899,train,15899
15900,train,15900
15904,train,15904
15905,train,15905
15906,train,15906
15907,train,15907
15908,train,15908
15909,train,15909
15911,train,15911
15912,train,15912
15913,train,15913
15914,train,15914
15915,train,15915
15916,train,15916
15917,train,15917
15919,train,15919
15920,train,15920
15921,train,15921
15922,train,15922
15925,train,15925
15926,train,15926
15927,train,15927
15928,train,15928
15929,train,15929
15930,train,15930
15931,train,15931
15932,train,15932
15933,train,15933
15934,train,15934
15935,train,15935
15936,train,15936
15937,train,15937
15938,train,15938
15939,train,15939
15940,train,15940
15942,train,15942
15943,train,15943
15944,train,15944
15945,train,15945
15947,train,15947
15948,train,15948
15949,train,15949
15951,train,15951
15953,train,15953
15954,train,15954
15955,train,15955
15956,train,15956
15959,train,15959
15961,train,15961
15962,train,15962
15964,train,15964
15965,train,15965
15966,train,15966
15968,train,15968
15969,train,15969
15970,train,15970
15971,train,15971
15973,train,15973
15974,train,15974
15975,train,15975
15976,train,15976
15977,train,15977
15978,train,15978
15979,train,15979
15980,train,15980
15981,train,15981
15983,train,15983
15985,train,15985
15986,train,15986
15988,train,15988
15989,train,15989
15990,train,15990
15991,train,15991
15993,train,15993
15994,train,15994
15995,train,15995
15996,train,15996
15997,train,15997
15999,train,15999
16000,train,16000
16001,train,16001
16003,train,16003
16004,train,16004
16005,train,16005
16007,train,16007
16009,train,16009
16011,train,16011
16012,train,16012
16013,train,16013
16014,train,16014
16015,train,16015
16016,train,16016
16017,train,16017
16018,train,16018
16020,train,16020
16021,train,16021
16022,train,16022
16023,train,16023
16024,train,16024
16025,train,16025
16027,train,16027
16028,train,16028
16030,train,16030
16031,train,16031
16032,train,16032
16033,train,16033
16035,train,16035
16036,train,16036
16037,train,16037
16039,train,16039
16040,train,16040
16041,train,16041
16043,train,16043
16044,train,16044
16045,train,16045
16047,train,16047
16048,train,16048
16049,train,16049
16050,train,16050
16051,train,16051
16055,train,16055
16057,train,16057
16058,train,16058
16059,train,16059
16060,train,16060
16061,train,16061
16062,train,16062
16063,train,16063
16064,train,16064
16065,train,16065
16066,train,16066
16067,train,16067
16068,train,16068
16069,train,16069
16070,train,16070
16071,train,16071
16072,train,16072
16073,train,16073
16074,train,16074
16075,train,16075
16076,train,16076
16077,train,16077
16079,train,16079
16080,train,16080
16081,train,16081
16082,train,16082
16085,train,16085
16086,train,16086
16087,train,16087
16088,train,16088
16089,train,16089
16091,train,16091
16092,train,16092
16093,train,16093
16094,train,16094
16095,train,16095
16097,train,16097
16098,train,16098
16099,train,16099
16100,train,16100
16101,train,16101
16103,train,16103
16104,train,16104
16105,train,16105
16108,train,16108
16109,train,16109
16110,train,16110
16111,train,16111
16112,train,16112
16113,train,16113
16114,train,16114
16116,train,16116
16117,train,16117
16118,train,16118
16119,train,16119
16120,train,16120
16121,train,16121
16122,train,16122
16124,train,16124
16125,train,16125
16126,train,16126
16127,train,16127
16128,train,16128
16129,train,16129
16130,train,16130
16132,train,16132
16133,train,16133
16135,train,16135
16137,train,16137
16138,train,16138
16139,train,16139
16140,train,16140
16141,train,16141
16143,train,16143
16144,train,16144
16145,train,16145
16146,train,16146
16147,train,16147
16148,train,16148
16149,train,16149
16150,train,16150
16152,train,16152
16153,train,16153
16154,train,16154
16155,train,16155
16156,train,16156
16157,train,16157
16158,train,16158
16159,train,16159
16161,train,16161
16162,train,16162
16163,train,16163
16164,train,16164
16166,train,16166
16167,train,16167
16169,train,16169
16171,train,16171
16173,train,16173
16174,train,16174
16175,train,16175
16176,train,16176
16177,train,16177
16178,train,16178
16179,train,16179
16182,train,16182
16183,train,16183
16184,train,16184
16185,train,16185
16188,train,16188
16189,train,16189
16190,train,16190
16191,train,16191
16192,train,16192
16193,train,16193
16194,train,16194
16195,train,16195
16198,train,16198
16199,train,16199
16200,train,16200
16201,train,16201
16203,train,16203
16204,train,16204
16205,train,16205
16207,train,16207
16208,train,16208
16209,train,16209
16211,train,16211
16212,train,16212
16213,train,16213
16214,train,16214
16215,train,16215
16216,train,16216
16217,train,16217
16218,train,16218
16219,train,16219
16220,train,16220
16221,train,16221
16222,train,16222
16224,train,16224
16225,train,16225
16226,train,16226
16227,train,16227
16228,train,16228
16229,train,16229
16230,train,16230
16232,train,16232
16233,train,16233
16235,train,16235
16236,train,16236
16237,train,16237
16239,train,16239
16240,train,16240
16241,train,16241
16243,train,16243
16244,train,16244
16245,train,16245
16246,train,16246
16247,train,16247
16248,train,16248
16249,train,16249
16250,train,16250
16251,train,16251
16252,train,16252
16253,train,16253
16254,train,16254
16255,train,16255
16256,train,16256
16257,train,16257
16258,train,16258
16259,train,16259
16260,train,16260
16261,train,16261
16262,train,16262
16263,train,16263
16264,train,16264
16265,train,16265
16266,train,16266
16267,train,16267
16268,train,16268
16269,train,16269
16270,train,16270
16272,train,16272
16274,train,16274
16275,train,16275
16276,train,16276
16277,train,16277
16278,train,16278
16280,train,16280
16281,train,16281
16282,train,16282
16285,train,16285
16286,train,16286
16288,train,16288
16289,train,16289
16290,train,16290
16291,train,16291
16292,train,16292
16293,train,16293
16294,train,16294
16295,train,16295
16296,train,16296
16297,train,16297
16298,train,16298
16299,train,16299
16300,train,16300
16301,train,16301
16302,train,16302
16304,train,16304
16305,train,16305
16306,train,16306
16307,train,16307
16309,train,16309
16310,train,16310
16311,train,16311
16312,train,16312
16313,train,16313
16314,train,16314
16315,train,16315
16316,train,16316
16317,train,16317
16318,train,16318
16322,train,16322
16323,train,16323
16324,train,16324
16326,train,16326
16327,train,16327
16329,train,16329
16330,train,16330
16331,train,16331
16333,train,16333
16335,train,16335
16336,train,16336
16337,train,16337
16339,train,16339
16340,train,16340
16341,train,16341
16343,train,16343
16345,train,16345
16347,train,16347
16348,train,16348
16350,train,16350
16351,train,16351
16352,train,16352
16353,train,16353
16354,train,16354
16356,train,16356
16358,train,16358
16359,train,16359
16360,train,16360
16361,train,16361
16362,train,16362
16363,train,16363
16365,train,16365
16366,train,16366
16367,train,16367
16368,train,16368
16369,train,16369
16370,train,16370
16371,train,16371
16372,train,16372
16373,train,16373
16374,train,16374
16375,train,16375
16376,train,16376
16377,train,16377
16378,train,16378
16379,train,16379
16380,train,16380
16381,train,16381
16382,train,16382
16383,train,16383
16384,train,16384
16385,train,16385
16386,train,16386
16388,train,16388
16389,train,16389
16390,train,16390
16392,train,16392
16394,train,16394
16395,train,16395
16398,train,16398
16400,train,16400
16402,train,16402
16404,train,16404
16405,train,16405
16406,train,16406
16408,train,16408
16409,train,16409
16410,train,16410
16411,train,16411
16412,train,16412
16414,train,16414
16415,train,16415
16416,train,16416
16417,train,16417
16418,train,16418
16420,train,16420
16421,train,16421
16422,train,16422
16423,train,16423
16424,train,16424
16425,train,16425
16427,train,16427
16429,train,16429
16430,train,16430
16431,train,16431
16432,train,16432
16433,train,16433
16435,train,16435
16436,train,16436
16437,train,16437
16438,train,16438
16440,train,16440
16441,train,16441
16444,train,16444
16445,train,16445
16446,train,16446
16448,train,16448
16449,train,16449
16450,train,16450
16451,train,16451
16452,train,16452
16453,train,16453
16454,train,16454
16455,train,16455
16456,train,16456
16457,train,16457
16458,train,16458
16459,train,16459
16460,train,16460
16462,train,16462
16463,train,16463
16464,train,16464
16466,train,16466
16467,train,16467
16468,train,16468
16470,train,16470
16472,train,16472
16473,train,16473
16475,train,16475
16476,train,16476
16477,train,16477
16478,train,16478
16480,train,16480
16481,train,16481
16482,train,16482
16483,train,16483
16484,train,16484
16485,train,16485
16486,train,16486
16487,train,16487
16488,train,16488
16489,train,16489
16491,train,16491
16492,train,16492
16493,train,16493
16494,train,16494
16495,train,16495
16496,train,16496
16497,train,16497
16498,train,16498
16500,train,16500
16501,train,16501
16502,train,16502
16503,train,16503
16504,train,16504
16505,train,16505
16506,train,16506
16508,train,16508
16509,train,16509
16510,train,16510
16511,train,16511
16512,train,16512
16513,train,16513
16514,train,16514
16515,train,16515
16516,train,16516
16517,train,16517
16518,train,16518
16519,train,16519
16520,train,16520
16521,train,16521
16522,train,16522
16523,train,16523
16524,train,16524
16525,train,16525
16526,train,16526
16527,train,16527
16529,train,16529
16530,train,16530
16532,train,16532
16533,train,16533
16534,train,16534
16535,train,16535
16537,train,16537
16538,train,16538
16540,train,16540
16541,train,16541
16542,train,16542
16543,train,16543
16544,train,16544
16545,train,16545
16546,train,16546
16548,train,16548
16549,train,16549
16550,train,16550
16551,train,16551
16553,train,16553
16554,train,16554
16555,train,16555
16556,train,16556
16557,train,16557
16558,train,16558
16559,train,16559
16560,train,16560
16561,train,16561
16562,train,16562
16563,train,16563
16564,train,16564
16565,train,16565
16571,train,16571
16572,train,16572
16573,train,16573
16574,train,16574
16575,train,16575
16576,train,16576
16578,train,16578
16580,train,16580
16581,train,16581
16582,train,16582
16583,train,16583
16584,train,16584
16585,train,16585
16586,train,16586
16587,train,16587
16588,train,16588
16589,train,16589
16590,train,16590
16592,train,16592
16593,train,16593
16594,train,16594
16595,train,16595
16596,train,16596
16597,train,16597
16598,train,16598
16599,train,16599
16601,train,16601
16602,train,16602
16604,train,16604
16605,train,16605
16606,train,16606
16608,train,16608
16609,train,16609
16610,train,16610
16611,train,16611
16612,train,16612
16613,train,16613
16614,train,16614
16615,train,16615
16616,train,16616
16617,train,16617
16618,train,16618
16619,train,16619
16620,train,16620
16621,train,16621
16622,train,16622
16626,train,16626
16629,train,16629
16630,train,16630
16631,train,16631
16632,train,16632
16633,train,16633
16634,train,16634
16635,train,16635
16636,train,16636
16637,train,16637
16638,train,16638
16639,train,16639
16640,train,16640
16641,train,16641
16642,train,16642
16643,train,16643
16644,train,16644
16645,train,16645
16646,train,16646
16647,train,16647
16649,train,16649
16650,train,16650
16651,train,16651
16652,train,16652
16653,train,16653
16654,train,16654
16655,train,16655
16656,train,16656
16657,train,16657
16659,train,16659
16662,train,16662
16664,train,16664
16665,train,16665
16666,train,16666
16667,train,16667
16668,train,16668
16669,train,16669
16671,train,16671
16672,train,16672
16673,train,16673
16674,train,16674
16675,train,16675
16676,train,16676
16677,train,16677
16678,train,16678
16680,train,16680
16681,train,16681
16682,train,16682
16683,train,16683
16684,train,16684
16685,train,16685
16686,train,16686
16687,train,16687
16688,train,16688
16690,train,16690
16691,train,16691
16692,train,16692
16693,train,16693
16694,train,16694
16695,train,16695
16696,train,16696
16697,train,16697
16698,train,16698
16699,train,16699
16700,train,16700
16701,train,16701
16702,train,16702
16703,train,16703
16705,train,16705
16706,train,16706
16707,train,16707
16709,train,16709
16711,train,16711
16712,train,16712
16713,train,16713
16714,train,16714
16716,train,16716
16717,train,16717
16719,train,16719
16721,train,16721
16722,train,16722
16723,train,16723
16724,train,16724
16725,train,16725
16726,train,16726
16727,train,16727
16728,train,16728
16729,train,16729
16730,train,16730
16732,train,16732
16733,train,16733
16734,train,16734
16736,train,16736
16738,train,16738
16739,train,16739
16740,train,16740
16743,train,16743
16745,train,16745
16747,train,16747
16748,train,16748
16749,train,16749
16751,train,16751
16752,train,16752
16753,train,16753
16754,train,16754
16755,train,16755
16756,train,16756
16757,train,16757
16760,train,16760
16761,train,16761
16762,train,16762
16763,train,16763
16764,train,16764
16766,train,16766
16767,train,16767
16768,train,16768
16769,train,16769
16770,train,16770
16771,train,16771
16772,train,16772
16773,train,16773
16774,train,16774
16777,train,16777
16778,train,16778
16779,train,16779
16780,train,16780
16781,train,16781
16782,train,16782
16783,train,16783
16784,train,16784
16785,train,16785
16787,train,16787
16788,train,16788
16789,train,16789
16790,train,16790
16791,train,16791
16792,train,16792
16794,train,16794
16795,train,16795
16796,train,16796
16797,train,16797
16800,train,16800
16801,train,16801
16802,train,16802
16805,train,16805
16806,train,16806
16807,train,16807
16809,train,16809
16810,train,16810
16811,train,16811
16812,train,16812
16813,train,16813
16815,train,16815
16816,train,16816
16817,train,16817
16818,train,16818
16820,train,16820
16821,train,16821
16822,train,16822
16823,train,16823
16824,train,16824
16825,train,16825
16826,train,16826
16828,train,16828
16829,train,16829
16830,train,16830
16831,train,16831
16832,train,16832
16833,train,16833
16834,train,16834
16835,train,16835
16836,train,16836
16837,train,16837
16838,train,16838
16839,train,16839
16840,train,16840
16842,train,16842
16845,train,16845
16847,train,16847
16848,train,16848
16849,train,16849
16850,train,16850
16851,train,16851
16852,train,16852
16854,train,16854
16855,train,16855
16856,train,16856
16858,train,16858
16859,train,16859
16861,train,16861
16863,train,16863
16866,train,16866
16867,train,16867
16868,train,16868
16869,train,16869
16870,train,16870
16871,train,16871
16872,train,16872
16875,train,16875
16876,train,16876
16877,train,16877
16878,train,16878
16879,train,16879
16882,train,16882
16883,train,16883
16884,train,16884
16885,train,16885
16886,train,16886
16887,train,16887
16888,train,16888
16889,train,16889
16890,train,16890
16891,train,16891
16892,train,16892
16893,train,16893
16894,train,16894
16896,train,16896
16897,train,16897
16898,train,16898
16899,train,16899
16900,train,16900
16901,train,16901
16902,train,16902
16904,train,16904
16906,train,16906
16908,train,16908
16909,train,16909
16910,train,16910
16911,train,16911
16913,train,16913
16914,train,16914
16915,train,16915
16916,train,16916
16917,train,16917
16918,train,16918
16922,train,16922
16925,train,16925
16926,train,16926
16927,train,16927
16928,train,16928
16929,train,16929
16930,train,16930
16931,train,16931
16934,train,16934
16935,train,16935
16936,train,16936
16937,train,16937
16938,train,16938
16939,train,16939
16941,train,16941
16943,train,16943
16944,train,16944
16945,train,16945
16946,train,16946
16947,train,16947
16948,train,16948
16950,train,16950
16951,train,16951
16952,train,16952
16953,train,16953
16955,train,16955
16956,train,16956
16957,train,16957
16959,train,16959
16962,train,16962
16963,train,16963
16964,train,16964
16965,train,16965
16966,train,16966
16968,train,16968
16969,train,16969
16971,train,16971
16972,train,16972
16973,train,16973
16974,train,16974
16975,train,16975
16976,train,16976
16977,train,16977
16978,train,16978
16984,train,16984
16986,train,16986
16987,train,16987
16988,train,16988
16989,train,16989
16991,train,16991
16992,train,16992
16994,train,16994
16995,train,16995
16996,train,16996
16997,train,16997
16998,train,16998
16999,train,16999
17000,train,17000
17001,train,17001
17002,train,17002
17003,train,17003
17004,train,17004
17005,train,17005
17006,train,17006
17007,train,17007
17008,train,17008
17009,train,17009
17011,train,17011
17013,train,17013
17014,train,17014
17015,train,17015
17016,train,17016
17017,train,17017
17018,train,17018
17021,train,17021
17022,train,17022
17024,train,17024
17027,train,17027
17028,train,17028
17029,train,17029
17030,train,17030
17031,train,17031
17032,train,17032
17033,train,17033
17034,train,17034
17035,train,17035
17036,train,17036
17037,train,17037
17038,train,17038
17039,train,17039
17040,train,17040
17041,train,17041
17042,train,17042
17044,train,17044
17045,train,17045
17046,train,17046
17047,train,17047
17048,train,17048
17049,train,17049
17051,train,17051
17052,train,17052
17053,train,17053
17056,train,17056
17057,train,17057
17058,train,17058
17060,train,17060
17061,train,17061
17062,train,17062
17063,train,17063
17064,train,17064
17065,train,17065
17066,train,17066
17068,train,17068
17069,train,17069
17071,train,17071
17072,train,17072
17073,train,17073
17074,train,17074
17075,train,17075
17076,train,17076
17078,train,17078
17079,train,17079
17080,train,17080
17081,train,17081
17082,train,17082
17083,train,17083
17084,train,17084
17086,train,17086
17087,train,17087
17088,train,17088
17089,train,17089
17090,train,17090
17092,train,17092
17093,train,17093
17094,train,17094
17095,train,17095
17097,train,17097
17098,train,17098
17099,train,17099
17100,train,17100
17101,train,17101
17103,train,17103
17104,train,17104
17106,train,17106
17108,train,17108
17109,train,17109
17110,train,17110
17111,train,17111
17112,train,17112
17113,train,17113
17114,train,17114
17115,train,17115
17116,train,17116
17117,train,17117
17118,train,17118
17119,train,17119
17120,train,17120
17121,train,17121
17122,train,17122
17123,train,17123
17127,train,17127
17128,train,17128
17129,train,17129
17130,train,17130
17131,train,17131
17132,train,17132
17133,train,17133
17134,train,17134
17136,train,17136
17137,train,17137
17138,train,17138
17139,train,17139
17140,train,17140
17144,train,17144
17145,train,17145
17146,train,17146
17147,train,17147
17148,train,17148
17149,train,17149
17150,train,17150
17151,train,17151
17152,train,17152
17153,train,17153
17154,train,17154
17155,train,17155
17156,train,17156
17157,train,17157
17158,train,17158
17159,train,17159
17161,train,17161
17162,train,17162
17163,train,17163
17164,train,17164
17165,train,17165
17166,train,17166
17167,train,17167
17168,train,17168
17169,train,17169
17170,train,17170
17171,train,17171
17173,train,17173
17175,train,17175
17176,train,17176
17177,train,17177
17180,train,17180
17181,train,17181
17183,train,17183
17184,train,17184
17185,train,17185
17186,train,17186
17187,train,17187
17188,train,17188
17189,train,17189
17190,train,17190
17191,train,17191
17192,train,17192
17193,train,17193
17194,train,17194
17195,train,17195
17196,train,17196
17197,train,17197
17198,train,17198
17199,train,17199
17200,train,17200
17201,train,17201
17202,train,17202
17203,train,17203
17204,train,17204
17206,train,17206
17207,train,17207
17208,train,17208
17209,train,17209
17210,train,17210
17212,train,17212
17213,train,17213
17214,train,17214
17215,train,17215
17216,train,17216
17217,train,17217
17220,train,17220
17221,train,17221
17225,train,17225
17226,train,17226
17227,train,17227
17228,train,17228
17229,train,17229
17230,train,17230
17231,train,17231
17232,train,17232
17233,train,17233
17234,train,17234
17235,train,17235
17238,train,17238
17239,train,17239
17240,train,17240
17241,train,17241
17243,train,17243
17244,train,17244
17245,train,17245
17246,train,17246
17247,train,17247
17248,train,17248
17249,train,17249
17250,train,17250
17251,train,17251
17252,train,17252
17253,train,17253
17254,train,17254
17255,train,17255
17257,train,17257
17258,train,17258
17259,train,17259
17260,train,17260
17262,train,17262
17263,train,17263
17264,train,17264
17265,train,17265
17266,train,17266
17268,train,17268
17269,train,17269
17270,train,17270
17271,train,17271
17272,train,17272
17273,train,17273
17274,train,17274
17275,train,17275
17276,train,17276
17277,train,17277
17278,train,17278
17279,train,17279
17280,train,17280
17281,train,17281
17282,train,17282
17283,train,17283
17284,train,17284
17285,train,17285
17286,train,17286
17288,train,17288
17289,train,17289
17290,train,17290
17292,train,17292
17293,train,17293
17294,train,17294
17296,train,17296
17297,train,17297
17298,train,17298
17299,train,17299
17300,train,17300
17301,train,17301
17302,train,17302
17303,train,17303
17304,train,17304
17305,train,17305
17306,train,17306
17307,train,17307
17312,train,17312
17313,train,17313
17314,train,17314
17315,train,17315
17317,train,17317
17318,train,17318
17319,train,17319
17320,train,17320
17322,train,17322
17323,train,17323
17324,train,17324
17325,train,17325
17326,train,17326
17327,train,17327
17331,train,17331
17332,train,17332
17333,train,17333
17336,train,17336
17339,train,17339
17340,train,17340
17341,train,17341
17342,train,17342
17343,train,17343
17344,train,17344
17345,train,17345
17347,train,17347
17348,train,17348
17349,train,17349
17350,train,17350
17351,train,17351
17352,train,17352
17353,train,17353
17354,train,17354
17355,train,17355
17356,train,17356
17357,train,17357
17358,train,17358
17360,train,17360
17361,train,17361
17362,train,17362
17363,train,17363
17365,train,17365
17366,train,17366
17367,train,17367
17368,train,17368
17369,train,17369
17370,train,17370
17371,train,17371
17372,train,17372
17373,train,17373
17374,train,17374
17375,train,17375
17376,train,17376
17378,train,17378
17379,train,17379
17380,train,17380
17381,train,17381
17382,train,17382
17383,train,17383
17384,train,17384
17385,train,17385
17386,train,17386
17387,train,17387
17388,train,17388
17389,train,17389
17391,train,17391
17392,train,17392
17394,train,17394
17395,train,17395
17396,train,17396
17399,train,17399
17401,train,17401
17402,train,17402
17403,train,17403
17404,train,17404
17405,train,17405
17406,train,17406
17407,train,17407
17408,train,17408
17409,train,17409
17410,train,17410
17411,train,17411
17412,train,17412
17413,train,17413
17414,train,17414
17416,train,17416
17417,train,17417
17418,train,17418
17419,train,17419
17420,train,17420
17421,train,17421
17422,train,17422
17423,train,17423
17424,train,17424
17425,train,17425
17426,train,17426
17427,train,17427
17428,train,17428
17429,train,17429
17431,train,17431
17432,train,17432
17433,train,17433
17436,train,17436
17439,train,17439
17440,train,17440
17442,train,17442
17443,train,17443
17444,train,17444
17445,train,17445
17446,train,17446
17447,train,17447
17448,train,17448
17449,train,17449
17450,train,17450
17451,train,17451
17453,train,17453
17454,train,17454
17455,train,17455
17456,train,17456
17457,train,17457
17458,train,17458
17459,train,17459
17460,train,17460
17461,train,17461
17462,train,17462
17463,train,17463
17464,train,17464
17465,train,17465
17466,train,17466
17467,train,17467
17468,train,17468
17471,train,17471
17472,train,17472
17473,train,17473
17474,train,17474
17476,train,17476
17477,train,17477
17478,train,17478
17479,train,17479
17481,train,17481
17482,train,17482
17483,train,17483
17484,train,17484
17485,train,17485
17486,train,17486
17487,train,17487
17489,train,17489
17490,train,17490
17491,train,17491
17493,train,17493
17494,train,17494
17495,train,17495
17496,train,17496
17497,train,17497
17498,train,17498
17499,train,17499
17500,train,17500
17501,train,17501
17502,train,17502
17504,train,17504
17506,train,17506
17508,train,17508
17509,train,17509
17510,train,17510
17511,train,17511
17514,train,17514
17515,train,17515
17516,train,17516
17518,train,17518
17519,train,17519
17520,train,17520
17521,train,17521
17522,train,17522
17523,train,17523
17524,train,17524
17525,train,17525
17526,train,17526
17528,train,17528
17530,train,17530
17531,train,17531
17532,train,17532
17533,train,17533
17535,train,17535
17536,train,17536
17537,train,17537
17539,train,17539
17540,train,17540
17541,train,17541
17542,train,17542
17543,train,17543
17544,train,17544
17545,train,17545
17546,train,17546
17547,train,17547
17548,train,17548
17549,train,17549
17551,train,17551
17553,train,17553
17554,train,17554
17555,train,17555
17556,train,17556
17558,train,17558
17559,train,17559
17560,train,17560
17561,train,17561
17562,train,17562
17564,train,17564
17568,train,17568
17569,train,17569
17570,train,17570
17572,train,17572
17573,train,17573
17574,train,17574
17575,train,17575
17576,train,17576
17577,train,17577
17578,train,17578
17579,train,17579
17580,train,17580
17581,train,17581
17583,train,17583
17584,train,17584
17585,train,17585
17587,train,17587
17588,train,17588
17589,train,17589
17590,train,17590
17593,train,17593
17594,train,17594
17595,train,17595
17597,train,17597
17598,train,17598
17600,train,17600
17601,train,17601
17602,train,17602
17603,train,17603
17604,train,17604
17605,train,17605
17606,train,17606
17607,train,17607
17608,train,17608
17609,train,17609
17610,train,17610
17611,train,17611
17612,train,17612
17614,train,17614
17615,train,17615
17616,train,17616
17617,train,17617
17619,train,17619
17621,train,17621
17623,train,17623
17624,train,17624
17625,train,17625
17627,train,17627
17628,train,17628
17630,train,17630
17631,train,17631
17632,train,17632
17633,train,17633
17634,train,17634
17636,train,17636
17637,train,17637
17638,train,17638
17640,train,17640
17641,train,17641
17642,train,17642
17643,train,17643
17644,train,17644
17645,train,17645
17646,train,17646
17648,train,17648
17649,train,17649
17650,train,17650
17651,train,17651
17652,train,17652
17653,train,17653
17654,train,17654
17655,train,17655
17656,train,17656
17657,train,17657
17658,train,17658
17659,train,17659
17660,train,17660
17661,train,17661
17662,train,17662
17663,train,17663
17664,train,17664
17665,train,17665
17666,train,17666
17667,train,17667
17668,train,17668
17669,train,17669
17671,train,17671
17672,train,17672
17674,train,17674
17675,train,17675
17676,train,17676
17679,train,17679
17680,train,17680
17681,train,17681
17682,train,17682
17683,train,17683
17684,train,17684
17685,train,17685
17686,train,17686
17687,train,17687
17688,train,17688
17689,train,17689
17690,train,17690
17691,train,17691
17692,train,17692
17693,train,17693
17694,train,17694
17695,train,17695
17696,train,17696
17697,train,17697
17698,train,17698
17699,train,17699
17701,train,17701
17702,train,17702
17704,train,17704
17706,train,17706
17707,train,17707
17709,train,17709
17710,train,17710
17711,train,17711
17715,train,17715
17716,train,17716
17718,train,17718
17719,train,17719
17720,train,17720
17721,train,17721
17722,train,17722
17723,train,17723
17724,train,17724
17725,train,17725
17726,train,17726
17727,train,17727
17728,train,17728
17729,train,17729
17730,train,17730
17731,train,17731
17732,train,17732
17733,train,17733
17734,train,17734
17735,train,17735
17736,train,17736
17737,train,17737
17738,train,17738
17741,train,17741
17743,train,17743
17744,train,17744
17745,train,17745
17746,train,17746
17748,train,17748
17750,train,17750
17751,train,17751
17752,train,17752
17753,train,17753
17754,train,17754
17755,train,17755
17757,train,17757
17758,train,17758
17759,train,17759
17760,train,17760
17761,train,17761
17762,train,17762
17763,train,17763
17764,train,17764
17765,train,17765
17768,train,17768
17769,train,17769
17773,train,17773
17774,train,17774
17775,train,17775
17777,train,17777
17778,train,17778
17779,train,17779
17780,train,17780
17781,train,17781
17783,train,17783
17784,train,17784
17785,train,17785
17786,train,17786
17787,train,17787
17788,train,17788
17790,train,17790
17791,train,17791
17792,train,17792
17793,train,17793
17794,train,17794
17795,train,17795
17796,train,17796
17797,train,17797
17799,train,17799
17800,train,17800
17802,train,17802
17803,train,17803
17804,train,17804
17805,train,17805
17806,train,17806
17807,train,17807
17808,train,17808
17812,train,17812
17813,train,17813
17814,train,17814
17816,train,17816
17817,train,17817
17818,train,17818
17819,train,17819
17820,train,17820
17821,train,17821
17822,train,17822
17823,train,17823
17824,train,17824
17825,train,17825
17829,train,17829
17830,train,17830
17831,train,17831
17833,train,17833
17836,train,17836
17837,train,17837
17838,train,17838
17839,train,17839
17840,train,17840
17841,train,17841
17842,train,17842
17843,train,17843
17844,train,17844
17847,train,17847
17848,train,17848
17849,train,17849
17850,train,17850
17851,train,17851
17853,train,17853
17854,train,17854
17856,train,17856
17857,train,17857
17859,train,17859
17862,train,17862
17863,train,17863
17864,train,17864
17865,train,17865
17866,train,17866
17867,train,17867
17868,train,17868
17870,train,17870
17871,train,17871
17872,train,17872
17873,train,17873
17874,train,17874
17875,train,17875
17878,train,17878
17879,train,17879
17880,train,17880
17881,train,17881
17883,train,17883
17884,train,17884
17885,train,17885
17887,train,17887
17888,train,17888
17890,train,17890
17891,train,17891
17892,train,17892
17893,train,17893
17894,train,17894
17895,train,17895
17896,train,17896
17897,train,17897
17899,train,17899
17900,train,17900
17902,train,17902
17903,train,17903
17904,train,17904
17905,train,17905
17906,train,17906
17907,train,17907
17908,train,17908
17910,train,17910
17911,train,17911
17912,train,17912
17913,train,17913
17914,train,17914
17915,train,17915
17918,train,17918
17919,train,17919
17920,train,17920
17921,train,17921
17922,train,17922
17923,train,17923
17924,train,17924
17925,train,17925
17927,train,17927
17928,train,17928
17929,train,17929
17930,train,17930
17931,train,17931
17933,train,17933
17935,train,17935
17936,train,17936
17937,train,17937
17938,train,17938
17939,train,17939
17941,train,17941
17942,train,17942
17943,train,17943
17945,train,17945
17946,train,17946
17948,train,17948
17949,train,17949
17950,train,17950
17951,train,17951
17952,train,17952
17953,train,17953
17955,train,17955
17957,train,17957
17958,train,17958
17959,train,17959
17960,train,17960
17961,train,17961
17963,train,17963
17964,train,17964
17965,train,17965
17966,train,17966
17967,train,17967
17968,train,17968
17969,train,17969
17970,train,17970
17971,train,17971
17972,train,17972
17973,train,17973
17974,train,17974
17975,train,17975
17976,train,17976
17977,train,17977
17978,train,17978
17980,train,17980
17982,train,17982
17983,train,17983
17984,train,17984
17985,train,17985
17986,train,17986
17987,train,17987
17988,train,17988
17989,train,17989
17991,train,17991
17992,train,17992
17993,train,17993
17995,train,17995
17996,train,17996
17997,train,17997
17998,train,17998
18001,train,18001
18002,train,18002
18003,train,18003
18004,train,18004
18005,train,18005
18006,train,18006
18007,train,18007
18008,train,18008
18009,train,18009
18010,train,18010
18011,train,18011
18012,train,18012
18013,train,18013
18016,train,18016
18017,train,18017
18018,train,18018
18019,train,18019
18020,train,18020
18021,train,18021
18022,train,18022
18025,train,18025
18026,train,18026
18027,train,18027
18029,train,18029
18030,train,18030
18031,train,18031
18033,train,18033
18034,train,18034
18035,train,18035
18036,train,18036
18037,train,18037
18038,train,18038
18039,train,18039
18040,train,18040
18041,train,18041
18042,train,18042
18043,train,18043
18044,train,18044
18045,train,18045
18046,train,18046
18048,train,18048
18049,train,18049
18050,train,18050
18051,train,18051
18052,train,18052
18053,train,18053
18054,train,18054
18055,train,18055
18056,train,18056
18057,train,18057
18058,train,18058
18059,train,18059
18060,train,18060
18061,train,18061
18063,train,18063
18064,train,18064
18065,train,18065
18066,train,18066
18067,train,18067
18068,train,18068
18070,train,18070
18071,train,18071
18072,train,18072
18073,train,18073
18074,train,18074
18076,train,18076
18077,train,18077
18080,train,18080
18081,train,18081
18082,train,18082
18083,train,18083
18084,train,18084
18085,train,18085
18086,train,18086
18087,train,18087
18089,train,18089
18090,train,18090
18093,train,18093
18094,train,18094
18095,train,18095
18096,train,18096
18097,train,18097
18098,train,18098
18099,train,18099
18100,train,18100
18101,train,18101
18102,train,18102
18103,train,18103
18104,train,18104
18105,train,18105
18106,train,18106
18107,train,18107
18108,train,18108
18109,train,18109
18112,train,18112
18113,train,18113
18114,train,18114
18115,train,18115
18116,train,18116
18117,train,18117
18118,train,18118
18119,train,18119
18120,train,18120
18121,train,18121
18122,train,18122
18123,train,18123
18124,train,18124
18125,train,18125
18126,train,18126
18127,train,18127
18128,train,18128
18129,train,18129
18131,train,18131
18132,train,18132
18133,train,18133
18134,train,18134
18135,train,18135
18136,train,18136
18137,train,18137
18138,train,18138
18139,train,18139
18141,train,18141
18142,train,18142
18143,train,18143
18145,train,18145
18146,train,18146
18147,train,18147
18148,train,18148
18149,train,18149
18150,train,18150
18151,train,18151
18152,train,18152
18153,train,18153
18154,train,18154
18155,train,18155
18156,train,18156
18157,train,18157
18158,train,18158
18159,train,18159
18160,train,18160
18161,train,18161
18162,train,18162
18163,train,18163
18164,train,18164
18165,train,18165
18166,train,18166
18167,train,18167
18168,train,18168
18169,train,18169
18170,train,18170
18172,train,18172
18174,train,18174
18176,train,18176
18177,train,18177
18179,train,18179
18180,train,18180
18181,train,18181
18182,train,18182
18183,train,18183
18184,train,18184
18185,train,18185
18186,train,18186
18187,train,18187
18188,train,18188
18190,train,18190
18191,train,18191
18192,train,18192
18193,train,18193
18194,train,18194
18195,train,18195
18196,train,18196
18197,train,18197
18198,train,18198
18199,train,18199
18200,train,18200
18201,train,18201
18202,train,18202
18204,train,18204
18205,train,18205
18206,train,18206
18207,train,18207
18208,train,18208
18209,train,18209
18211,train,18211
18212,train,18212
18213,train,18213
18215,train,18215
18216,train,18216
18217,train,18217
18218,train,18218
18219,train,18219
18221,train,18221
18222,train,18222
18225,train,18225
18226,train,18226
18227,train,18227
18228,train,18228
18229,train,18229
18231,train,18231
18232,train,18232
18233,train,18233
18234,train,18234
18236,train,18236
18238,train,18238
18239,train,18239
18241,train,18241
18242,train,18242
18243,train,18243
18245,train,18245
18246,train,18246
18247,train,18247
18250,train,18250
18251,train,18251
18252,train,18252
18253,train,18253
18254,train,18254
18255,train,18255
18256,train,18256
18257,train,18257
18258,train,18258
18260,train,18260
18261,train,18261
18262,train,18262
18263,train,18263
18264,train,18264
18265,train,18265
18269,train,18269
18270,train,18270
18271,train,18271
18274,train,18274
18277,train,18277
18278,train,18278
18279,train,18279
18280,train,18280
18281,train,18281
18283,train,18283
18284,train,18284
18285,train,18285
18286,train,18286
18290,train,18290
18291,train,18291
18292,train,18292
18293,train,18293
18294,train,18294
18296,train,18296
18298,train,18298
18299,train,18299
18300,train,18300
18301,train,18301
18302,train,18302
18303,train,18303
18304,train,18304
18306,train,18306
18307,train,18307
18308,train,18308
18310,train,18310
18311,train,18311
18312,train,18312
18313,train,18313
18314,train,18314
18315,train,18315
18318,train,18318
18319,train,18319
18320,train,18320
18321,train,18321
18322,train,18322
18323,train,18323
18325,train,18325
18326,train,18326
18327,train,18327
18328,train,18328
18329,train,18329
18330,train,18330
18331,train,18331
18332,train,18332
18333,train,18333
18334,train,18334
18335,train,18335
18337,train,18337
18339,train,18339
18340,train,18340
18343,train,18343
18344,train,18344
18345,train,18345
18346,train,18346
18347,train,18347
18348,train,18348
18349,train,18349
18350,train,18350
18352,train,18352
12,heldout,12
14,heldout,14
16,heldout,16
18,heldout,18
19,heldout,19
20,heldout,20
22,heldout,22
23,heldout,23
24,heldout,24
29,heldout,29
33,heldout,33
36,heldout,36
39,heldout,39
42,heldout,42
43,heldout,43
50,heldout,50
53,heldout,53
54,heldout,54
55,heldout,55
72,heldout,72
85,heldout,85
87,heldout,87
89,heldout,89
92,heldout,92
93,heldout,93
95,heldout,95
96,heldout,96
99,heldout,99
104,heldout,104
107,heldout,107
110,heldout,110
113,heldout,113
118,heldout,118
129,heldout,129
132,heldout,132
135,heldout,135
140,heldout,140
143,heldout,143
145,heldout,145
154,heldout,154
157,heldout,157
158,heldout,158
161,heldout,161
164,heldout,164
166,heldout,166
169,heldout,169
188,heldout,188
189,heldout,189
190,heldout,190
192,heldout,192
194,heldout,194
200,heldout,200
201,heldout,201
205,heldout,205
209,heldout,209
212,heldout,212
220,heldout,220
226,heldout,226
231,heldout,231
236,heldout,236
237,heldout,237
239,heldout,239
243,heldout,243
244,heldout,244
254,heldout,254
256,heldout,256
262,heldout,262
279,heldout,279
286,heldout,286
287,heldout,287
290,heldout,290
291,heldout,291
292,heldout,292
293,heldout,293
299,heldout,299
303,heldout,303
313,heldout,313
315,heldout,315
321,heldout,321
323,heldout,323
339,heldout,339
340,heldout,340
344,heldout,344
350,heldout,350
368,heldout,368
370,heldout,370
373,heldout,373
375,heldout,375
380,heldout,380
381,heldout,381
383,heldout,383
386,heldout,386
388,heldout,388
395,heldout,395
400,heldout,400
413,heldout,413
414,heldout,414
416,heldout,416
420,heldout,420
423,heldout,423
425,heldout,425
429,heldout,429
444,heldout,444
463,heldout,463
466,heldout,466
468,heldout,468
478,heldout,478
484,heldout,484
497,heldout,497
499,heldout,499
501,heldout,501
509,heldout,509
511,heldout,511
522,heldout,522
536,heldout,536
538,heldout,538
541,heldout,541
547,heldout,547
550,heldout,550
558,heldout,558
562,heldout,562
564,heldout,564
570,heldout,570
592,heldout,592
597,heldout,597
610,heldout,610
611,heldout,611
614,heldout,614
616,heldout,616
618,heldout,618
625,heldout,625
626,heldout,626
636,heldout,636
645,heldout,645
648,heldout,648
658,heldout,658
662,heldout,662
664,heldout,664
670,heldout,670
671,heldout,671
675,heldout,675
677,heldout,677
678,heldout,678
681,heldout,681
682,heldout,682
683,heldout,683
690,heldout,690
695,heldout,695
697,heldout,697
698,heldout,698
700,heldout,700
701,heldout,701
702,heldout,702
704,heldout,704
707,heldout,707
708,heldout,708
716,heldout,716
717,heldout,717
718,heldout,718
730,heldout,730
748,heldout,748
756,heldout,756
763,heldout,763
767,heldout,767
768,heldout,768
774,heldout,774
775,heldout,775
780,heldout,780
796,heldout,796
802,heldout,802
810,heldout,810
816,heldout,816
818,heldout,818
819,heldout,819
821,heldout,821
824,heldout,824
829,heldout,829
833,heldout,833
839,heldout,839
843,heldout,843
852,heldout,852
855,heldout,855
859,heldout,859
860,heldout,860
870,heldout,870
880,heldout,880
886,heldout,886
891,heldout,891
893,heldout,893
915,heldout,915
920,heldout,920
923,heldout,923
924,heldout,924
925,heldout,925
927,heldout,927
936,heldout,936
951,heldout,951
958,heldout,958
969,heldout,969
973,heldout,973
976,heldout,976
985,heldout,985
990,heldout,990
991,heldout,991
993,heldout,993
994,heldout,994
999,heldout,999
1006,heldout,1006
1007,heldout,1007
1012,heldout,1012
1015,heldout,1015
1020,heldout,1020
1025,heldout,1025
1036,heldout,1036
1046,heldout,1046
1054,heldout,1054
1055,heldout,1055
1058,heldout,1058
1065,heldout,1065
1067,heldout,1067
1068,heldout,1068
1077,heldout,1077
1079,heldout,1079
1083,heldout,1083
1085,heldout,1085
1088,heldout,1088
1090,heldout,1090
1101,heldout,1101
1102,heldout,1102
1106,heldout,1106
1113,heldout,1113
1115,heldout,1115
1122,heldout,1122
1143,heldout,1143
1146,heldout,1146
1149,heldout,1149
1150,heldout,1150
1157,heldout,1157
1165,heldout,1165
1169,heldout,1169
1170,heldout,1170
1180,heldout,1180
1197,heldout,1197
1198,heldout,1198
1202,heldout,1202
1208,heldout,1208
1210,heldout,1210
1216,heldout,1216
1220,heldout,1220
1225,heldout,1225
1232,heldout,1232
1234,heldout,1234
1236,heldout,1236
1237,heldout,1237
1241,heldout,1241
1248,heldout,1248
1250,heldout,1250
1259,heldout,1259
1261,heldout,1261
1263,heldout,1263
1264,heldout,1264
1271,heldout,1271
1278,heldout,1278
1282,heldout,1282
1285,heldout,1285
1286,heldout,1286
1287,heldout,1287
1292,heldout,1292
1294,heldout,1294
1299,heldout,1299
1308,heldout,1308
1311,heldout,1311
1313,heldout,1313
1333,heldout,1333
1336,heldout,1336
1340,heldout,1340
1341,heldout,1341
1347,heldout,1347
1349,heldout,1349
1350,heldout,1350
1354,heldout,1354
1356,heldout,1356
1364,heldout,1364
1369,heldout,1369
1370,heldout,1370
1371,heldout,1371
1380,heldout,1380
1388,heldout,1388
1391,heldout,1391
1392,heldout,1392
1409,heldout,1409
1413,heldout,1413
1414,heldout,1414
1422,heldout,1422
1424,heldout,1424
1430,heldout,1430
1447,heldout,1447
1453,heldout,1453
1454,heldout,1454
1458,heldout,1458
1466,heldout,1466
1471,heldout,1471
1483,heldout,1483
1484,heldout,1484
1487,heldout,1487
1503,heldout,1503
1506,heldout,1506
1509,heldout,1509
1517,heldout,1517
1519,heldout,1519
1522,heldout,1522
1524,heldout,1524
1525,heldout,1525
1528,heldout,1528
1532,heldout,1532
1534,heldout,1534
1538,heldout,1538
1542,heldout,1542
1545,heldout,1545
1549,heldout,1549
1551,heldout,1551
1557,heldout,1557
1561,heldout,1561
1564,heldout,1564
1570,heldout,1570
1575,heldout,1575
1578,heldout,1578
1581,heldout,1581
1589,heldout,1589
1602,heldout,1602
1607,heldout,1607
1613,heldout,1613
1615,heldout,1615
1618,heldout,1618
1623,heldout,1623
1629,heldout,1629
1630,heldout,1630
1637,heldout,1637
1639,heldout,1639
1650,heldout,1650
1651,heldout,1651
1658,heldout,1658
1661,heldout,1661
1665,heldout,1665
1667,heldout,1667
1670,heldout,1670
1676,heldout,1676
1677,heldout,1677
1678,heldout,1678
1680,heldout,1680
1684,heldout,1684
1685,heldout,1685
1687,heldout,1687
1690,heldout,1690
1718,heldout,1718
1732,heldout,1732
1740,heldout,1740
1744,heldout,1744
1747,heldout,1747
1751,heldout,1751
1757,heldout,1757
1764,heldout,1764
1767,heldout,1767
1777,heldout,1777
1778,heldout,1778
1779,heldout,1779
1783,heldout,1783
1786,heldout,1786
1787,heldout,1787
1788,heldout,1788
1797,heldout,1797
1803,heldout,1803
1804,heldout,1804
1809,heldout,1809
1830,heldout,1830
1831,heldout,1831
1833,heldout,1833
1834,heldout,1834
1837,heldout,1837
1850,heldout,1850
1854,heldout,1854
1862,heldout,1862
1865,heldout,1865
1873,heldout,1873
1874,heldout,1874
1875,heldout,1875
1876,heldout,1876
1879,heldout,1879
1883,heldout,1883
1885,heldout,1885
1890,heldout,1890
1891,heldout,1891
1894,heldout,1894
1898,heldout,1898
1902,heldout,1902
1906,heldout,1906
1908,heldout,1908
1914,heldout,1914
1921,heldout,1921
1926,heldout,1926
1927,heldout,1927
1932,heldout,1932
1934,heldout,1934
1948,heldout,1948
1988,heldout,1988
1989,heldout,1989
1990,heldout,1990
2009,heldout,2009
2012,heldout,2012
2015,heldout,2015
2019,heldout,2019
2021,heldout,2021
2022,heldout,2022
2030,heldout,2030
2031,heldout,2031
2043,heldout,2043
2046,heldout,2046
2051,heldout,2051
2067,heldout,2067
2068,heldout,2068
2070,heldout,2070
2072,heldout,2072
2073,heldout,2073
2075,heldout,2075
2077,heldout,2077
2080,heldout,2080
2084,heldout,2084
2089,heldout,2089
2092,heldout,2092
2098,heldout,2098
2100,heldout,2100
2105,heldout,2105
2108,heldout,2108
2114,heldout,2114
2123,heldout,2123
2124,heldout,2124
2132,heldout,2132
2134,heldout,2134
2135,heldout,2135
2150,heldout,2150
2156,heldout,2156
2158,heldout,2158
2159,heldout,2159
2176,heldout,2176
2180,heldout,2180
2183,heldout,2183
2191,heldout,2191
2194,heldout,2194
2197,heldout,2197
2211,heldout,2211
2213,heldout,2213
2217,heldout,2217
2235,heldout,2235
2238,heldout,2238
2244,heldout,2244
2254,heldout,2254
2259,heldout,2259
2261,heldout,2261
2268,heldout,2268
2269,heldout,2269
2271,heldout,2271
2274,heldout,2274
2276,heldout,2276
2279,heldout,2279
2286,heldout,2286
2287,heldout,2287
2290,heldout,2290
2293,heldout,2293
2294,heldout,2294
2304,heldout,2304
2308,heldout,2308
2309,heldout,2309
2311,heldout,2311
2316,heldout,2316
2317,heldout,2317
2332,heldout,2332
2337,heldout,2337
2341,heldout,2341
2343,heldout,2343
2355,heldout,2355
2362,heldout,2362
2363,heldout,2363
2365,heldout,2365
2366,heldout,2366
2368,heldout,2368
2371,heldout,2371
2377,heldout,2377
2389,heldout,2389
2397,heldout,2397
2407,heldout,2407
2424,heldout,2424
2426,heldout,2426
2428,heldout,2428
2430,heldout,2430
2434,heldout,2434
2438,heldout,2438
2442,heldout,2442
2443,heldout,2443
2445,heldout,2445
2465,heldout,2465
2471,heldout,2471
2475,heldout,2475
2476,heldout,2476
2489,heldout,2489
2490,heldout,2490
2505,heldout,2505
2508,heldout,2508
2512,heldout,2512
2518,heldout,2518
2520,heldout,2520
2525,heldout,2525
2526,heldout,2526
2537,heldout,2537
2541,heldout,2541
2556,heldout,2556
2561,heldout,2561
2576,heldout,2576
2586,heldout,2586
2596,heldout,2596
2597,heldout,2597
2599,heldout,2599
2602,heldout,2602
2608,heldout,2608
2609,heldout,2609
2613,heldout,2613
2616,heldout,2616
2620,heldout,2620
2621,heldout,2621
2625,heldout,2625
2633,heldout,2633
2638,heldout,2638
2640,heldout,2640
2648,heldout,2648
2651,heldout,2651
2652,heldout,2652
2658,heldout,2658
2659,heldout,2659
2669,heldout,2669
2675,heldout,2675
2677,heldout,2677
2684,heldout,2684
2688,heldout,2688
2707,heldout,2707
2710,heldout,2710
2713,heldout,2713
2720,heldout,2720
2723,heldout,2723
2724,heldout,2724
2725,heldout,2725
2727,heldout,2727
2736,heldout,2736
2737,heldout,2737
2738,heldout,2738
2744,heldout,2744
2745,heldout,2745
2753,heldout,2753
2758,heldout,2758
2761,heldout,2761
2762,heldout,2762
2763,heldout,2763
2764,heldout,2764
2775,heldout,2775
2780,heldout,2780
2781,heldout,2781
2802,heldout,2802
2803,heldout,2803
2805,heldout,2805
2819,heldout,2819
2821,heldout,2821
2829,heldout,2829
2833,heldout,2833
2845,heldout,2845
2851,heldout,2851
2856,heldout,2856
2860,heldout,2860
2862,heldout,2862
2871,heldout,2871
2872,heldout,2872
2889,heldout,2889
2890,heldout,2890
2892,heldout,2892
2895,heldout,2895
2898,heldout,2898
2903,heldout,2903
2904,heldout,2904
2911,heldout,2911
2914,heldout,2914
2917,heldout,2917
2918,heldout,2918
2923,heldout,2923
2932,heldout,2932
2955,heldout,2955
2958,heldout,2958
2959,heldout,2959
2960,heldout,2960
2964,heldout,2964
2972,heldout,2972
2973,heldout,2973
2980,heldout,2980
2981,heldout,2981
2982,heldout,2982
2999,heldout,2999
3005,heldout,3005
3015,heldout,3015
3027,heldout,3027
3031,heldout,3031
3042,heldout,3042
3043,heldout,3043
3045,heldout,3045
3047,heldout,3047
3048,heldout,3048
3052,heldout,3052
3054,heldout,3054
3055,heldout,3055
3056,heldout,3056
3058,heldout,3058
3061,heldout,3061
3062,heldout,3062
3063,heldout,3063
3065,heldout,3065
3069,heldout,3069
3075,heldout,3075
3077,heldout,3077
3078,heldout,3078
3081,heldout,3081
3083,heldout,3083
3092,heldout,3092
3096,heldout,3096
3098,heldout,3098
3099,heldout,3099
3109,heldout,3109
3116,heldout,3116
3121,heldout,3121
3130,heldout,3130
3134,heldout,3134
3146,heldout,3146
3154,heldout,3154
3168,heldout,3168
3169,heldout,3169
3179,heldout,3179
3185,heldout,3185
3196,heldout,3196
3197,heldout,3197
3207,heldout,3207
3209,heldout,3209
3211,heldout,3211
3214,heldout,3214
3215,heldout,3215
3217,heldout,3217
3226,heldout,3226
3228,heldout,3228
3235,heldout,3235
3237,heldout,3237
3241,heldout,3241
3252,heldout,3252
3257,heldout,3257
3261,heldout,3261
3262,heldout,3262
3265,heldout,3265
3266,heldout,3266
3267,heldout,3267
3270,heldout,3270
3271,heldout,3271
3279,heldout,3279
3280,heldout,3280
3282,heldout,3282
3284,heldout,3284
3287,heldout,3287
3293,heldout,3293
3300,heldout,3300
3303,heldout,3303
3306,heldout,3306
3309,heldout,3309
3310,heldout,3310
3312,heldout,3312
3317,heldout,3317
3329,heldout,3329
3334,heldout,3334
3336,heldout,3336
3338,heldout,3338
3340,heldout,3340
3344,heldout,3344
3353,heldout,3353
3374,heldout,3374
3375,heldout,3375
3377,heldout,3377
3379,heldout,3379
3380,heldout,3380
3383,heldout,3383
3390,heldout,3390
3391,heldout,3391
3395,heldout,3395
3396,heldout,3396
3400,heldout,3400
3410,heldout,3410
3413,heldout,3413
3432,heldout,3432
3434,heldout,3434
3440,heldout,3440
3441,heldout,3441
3446,heldout,3446
3448,heldout,3448
3449,heldout,3449
3457,heldout,3457
3459,heldout,3459
3461,heldout,3461
3465,heldout,3465
3469,heldout,3469
3470,heldout,3470
3476,heldout,3476
3481,heldout,3481
3482,heldout,3482
3490,heldout,3490
3493,heldout,3493
3494,heldout,3494
3497,heldout,3497
3499,heldout,3499
3502,heldout,3502
3504,heldout,3504
3507,heldout,3507
3512,heldout,3512
3536,heldout,3536
3542,heldout,3542
3543,heldout,3543
3545,heldout,3545
3551,heldout,3551
3553,heldout,3553
3559,heldout,3559
3567,heldout,3567
3572,heldout,3572
3579,heldout,3579
3580,heldout,3580
3586,heldout,3586
3591,heldout,3591
3593,heldout,3593
3600,heldout,3600
3601,heldout,3601
3602,heldout,3602
3608,heldout,3608
3612,heldout,3612
3613,heldout,3613
3616,heldout,3616
3619,heldout,3619
3626,heldout,3626
3631,heldout,3631
3634,heldout,3634
3639,heldout,3639
3642,heldout,3642
3646,heldout,3646
3649,heldout,3649
3664,heldout,3664
3665,heldout,3665
3670,heldout,3670
3676,heldout,3676
3677,heldout,3677
3679,heldout,3679
3681,heldout,3681
3682,heldout,3682
3685,heldout,3685
3689,heldout,3689
3692,heldout,3692
3696,heldout,3696
3698,heldout,3698
3706,heldout,3706
3708,heldout,3708
3710,heldout,3710
3711,heldout,3711
3717,heldout,3717
3724,heldout,3724
3726,heldout,3726
3728,heldout,3728
3735,heldout,3735
3742,heldout,3742
3743,heldout,3743
3744,heldout,3744
3746,heldout,3746
3761,heldout,3761
3766,heldout,3766
3776,heldout,3776
3779,heldout,3779
3785,heldout,3785
3790,heldout,3790
3794,heldout,3794
3797,heldout,3797
3815,heldout,3815
3826,heldout,3826
3831,heldout,3831
3846,heldout,3846
3853,heldout,3853
3857,heldout,3857
3861,heldout,3861
3867,heldout,3867
3894,heldout,3894
3898,heldout,3898
3914,heldout,3914
3917,heldout,3917
3930,heldout,3930
3933,heldout,3933
3940,heldout,3940
3950,heldout,3950
3963,heldout,3963
3967,heldout,3967
3972,heldout,3972
3979,heldout,3979
3980,heldout,3980
3983,heldout,3983
3987,heldout,3987
3994,heldout,3994
3999,heldout,3999
4004,heldout,4004
4011,heldout,4011
4016,heldout,4016
4028,heldout,4028
4031,heldout,4031
4034,heldout,4034
4037,heldout,4037
4038,heldout,4038
4043,heldout,4043
4053,heldout,4053
4054,heldout,4054
4064,heldout,4064
4068,heldout,4068
4071,heldout,4071
4072,heldout,4072
4073,heldout,4073
4074,heldout,4074
4086,heldout,4086
4099,heldout,4099
4102,heldout,4102
4113,heldout,4113
4122,heldout,4122
4124,heldout,4124
4125,heldout,4125
4132,heldout,4132
4143,heldout,4143
4148,heldout,4148
4152,heldout,4152
4154,heldout,4154
4165,heldout,4165
4176,heldout,4176
4179,heldout,4179
4183,heldout,4183
4199,heldout,4199
4201,heldout,4201
4211,heldout,4211
4214,heldout,4214
4220,heldout,4220
4226,heldout,4226
4234,heldout,4234
4235,heldout,4235
4240,heldout,4240
4248,heldout,4248
4249,heldout,4249
4250,heldout,4250
4251,heldout,4251
4252,heldout,4252
4255,heldout,4255
4264,heldout,4264
4270,heldout,4270
4271,heldout,4271
4279,heldout,4279
4280,heldout,4280
4282,heldout,4282
4283,heldout,4283
4285,heldout,4285
4288,heldout,4288
4293,heldout,4293
4294,heldout,4294
4296,heldout,4296
4300,heldout,4300
4308,heldout,4308
4313,heldout,4313
4317,heldout,4317
4320,heldout,4320
4321,heldout,4321
4328,heldout,4328
4333,heldout,4333
4336,heldout,4336
4349,heldout,4349
4353,heldout,4353
4355,heldout,4355
4365,heldout,4365
4367,heldout,4367
4370,heldout,4370
4375,heldout,4375
4376,heldout,4376
4382,heldout,4382
4386,heldout,4386
4389,heldout,4389
4391,heldout,4391
4392,heldout,4392
4395,heldout,4395
4398,heldout,4398
4400,heldout,4400
4409,heldout,4409
4411,heldout,4411
4412,heldout,4412
4416,heldout,4416
4418,heldout,4418
4419,heldout,4419
4423,heldout,4423
4433,heldout,4433
4440,heldout,4440
4442,heldout,4442
4446,heldout,4446
4448,heldout,4448
4451,heldout,4451
4454,heldout,4454
4470,heldout,4470
4481,heldout,4481
4482,heldout,4482
4486,heldout,4486
4491,heldout,4491
4496,heldout,4496
4497,heldout,4497
4504,heldout,4504
4506,heldout,4506
4508,heldout,4508
4511,heldout,4511
4521,heldout,4521
4524,heldout,4524
4534,heldout,4534
4535,heldout,4535
4537,heldout,4537
4549,heldout,4549
4556,heldout,4556
4557,heldout,4557
4565,heldout,4565
4571,heldout,4571
4572,heldout,4572
4574,heldout,4574
4582,heldout,4582
4588,heldout,4588
4599,heldout,4599
4600,heldout,4600
4621,heldout,4621
4623,heldout,4623
4624,heldout,4624
4625,heldout,4625
4631,heldout,4631
4634,heldout,4634
4647,heldout,4647
4656,heldout,4656
4657,heldout,4657
4660,heldout,4660
4675,heldout,4675
4681,heldout,4681
4682,heldout,4682
4684,heldout,4684
4686,heldout,4686
4693,heldout,4693
4694,heldout,4694
4696,heldout,4696
4697,heldout,4697
4702,heldout,4702
4709,heldout,4709
4717,heldout,4717
4731,heldout,4731
4754,heldout,4754
4760,heldout,4760
4768,heldout,4768
4769,heldout,4769
4772,heldout,4772
4779,heldout,4779
4784,heldout,4784
4788,heldout,4788
4789,heldout,4789
4791,heldout,4791
4793,heldout,4793
4796,heldout,4796
4806,heldout,4806
4807,heldout,4807
4809,heldout,4809
4816,heldout,4816
4828,heldout,4828
4831,heldout,4831
4840,heldout,4840
4844,heldout,4844
4848,heldout,4848
4853,heldout,4853
4854,heldout,4854
4863,heldout,4863
4870,heldout,4870
4874,heldout,4874
4880,heldout,4880
4889,heldout,4889
4898,heldout,4898
4901,heldout,4901
4905,heldout,4905
4906,heldout,4906
4907,heldout,4907
4910,heldout,4910
4918,heldout,4918
4920,heldout,4920
4921,heldout,4921
4922,heldout,4922
4932,heldout,4932
4934,heldout,4934
4935,heldout,4935
4944,heldout,4944
4953,heldout,4953
4954,heldout,4954
4958,heldout,4958
4973,heldout,4973
4987,heldout,4987
4992,heldout,4992
5006,heldout,5006
5008,heldout,5008
5012,heldout,5012
5013,heldout,5013
5017,heldout,5017
5024,heldout,5024
5030,heldout,5030
5054,heldout,5054
5055,heldout,5055
5062,heldout,5062
5066,heldout,5066
5068,heldout,5068
5069,heldout,5069
5072,heldout,5072
5077,heldout,5077
5079,heldout,5079
5089,heldout,5089
5090,heldout,5090
5094,heldout,5094
5098,heldout,5098
5099,heldout,5099
5100,heldout,5100
5101,heldout,5101
5106,heldout,5106
5127,heldout,5127
5129,heldout,5129
5130,heldout,5130
5137,heldout,5137
5142,heldout,5142
5144,heldout,5144
5147,heldout,5147
5150,heldout,5150
5151,heldout,5151
5156,heldout,5156
5165,heldout,5165
5168,heldout,5168
5179,heldout,5179
5186,heldout,5186
5190,heldout,5190
5197,heldout,5197
5212,heldout,5212
5219,heldout,5219
5223,heldout,5223
5229,heldout,5229
5230,heldout,5230
5232,heldout,5232
5268,heldout,5268
5274,heldout,5274
5278,heldout,5278
5279,heldout,5279
5281,heldout,5281
5288,heldout,5288
5290,heldout,5290
5304,heldout,5304
5315,heldout,5315
5328,heldout,5328
5333,heldout,5333
5335,heldout,5335
5339,heldout,5339
5348,heldout,5348
5371,heldout,5371
5372,heldout,5372
5376,heldout,5376
5383,heldout,5383
5388,heldout,5388
5407,heldout,5407
5408,heldout,5408
5419,heldout,5419
5423,heldout,5423
5433,heldout,5433
5437,heldout,5437
5442,heldout,5442
5446,heldout,5446
5454,heldout,5454
5462,heldout,5462
5466,heldout,5466
5469,heldout,5469
5486,heldout,5486
5489,heldout,5489
5491,heldout,5491
5493,heldout,5493
5507,heldout,5507
5510,heldout,5510
5512,heldout,5512
5515,heldout,5515
5517,heldout,5517
5519,heldout,5519
5524,heldout,5524
5532,heldout,5532
5539,heldout,5539
5549,heldout,5549
5550,heldout,5550
5552,heldout,5552
5564,heldout,5564
5576,heldout,5576
5577,heldout,5577
5578,heldout,5578
5580,heldout,5580
5584,heldout,5584
5585,heldout,5585
5590,heldout,5590
5592,heldout,5592
5596,heldout,5596
5599,heldout,5599
5607,heldout,5607
5608,heldout,5608
5609,heldout,5609
5611,heldout,5611
5621,heldout,5621
5624,heldout,5624
5626,heldout,5626
5633,heldout,5633
5635,heldout,5635
5638,heldout,5638
5641,heldout,5641
5644,heldout,5644
5651,heldout,5651
5665,heldout,5665
5667,heldout,5667
5669,heldout,5669
5670,heldout,5670
5674,heldout,5674
5685,heldout,5685
5687,heldout,5687
5689,heldout,5689
5708,heldout,5708
5710,heldout,5710
5715,heldout,5715
5716,heldout,5716
5717,heldout,5717
5721,heldout,5721
5723,heldout,5723
5724,heldout,5724
5730,heldout,5730
5734,heldout,5734
5737,heldout,5737
5743,heldout,5743
5752,heldout,5752
5753,heldout,5753
5758,heldout,5758
5763,heldout,5763
5771,heldout,5771
5772,heldout,5772
5773,heldout,5773
5776,heldout,5776
5779,heldout,5779
5790,heldout,5790
5795,heldout,5795
5802,heldout,5802
5806,heldout,5806
5812,heldout,5812
5813,heldout,5813
5815,heldout,5815
5816,heldout,5816
5820,heldout,5820
5821,heldout,5821
5825,heldout,5825
5835,heldout,5835
5838,heldout,5838
5850,heldout,5850
5853,heldout,5853
5866,heldout,5866
5868,heldout,5868
5869,heldout,5869
5874,heldout,5874
5886,heldout,5886
5891,heldout,5891
5896,heldout,5896
5900,heldout,5900
5901,heldout,5901
5902,heldout,5902
5904,heldout,5904
5907,heldout,5907
5914,heldout,5914
5921,heldout,5921
5925,heldout,5925
5926,heldout,5926
5932,heldout,5932
5935,heldout,5935
5941,heldout,5941
5948,heldout,5948
5954,heldout,5954
5960,heldout,5960
5962,heldout,5962
5976,heldout,5976
5984,heldout,5984
6001,heldout,6001
6004,heldout,6004
6009,heldout,6009
6015,heldout,6015
6018,heldout,6018
6020,heldout,6020
6024,heldout,6024
6036,heldout,6036
6037,heldout,6037
6048,heldout,6048
6051,heldout,6051
6065,heldout,6065
6066,heldout,6066
6072,heldout,6072
6074,heldout,6074
6078,heldout,6078
6079,heldout,6079
6083,heldout,6083
6085,heldout,6085
6090,heldout,6090
6095,heldout,6095
6098,heldout,6098
6099,heldout,6099
6108,heldout,6108
6109,heldout,6109
6118,heldout,6118
6120,heldout,6120
6133,heldout,6133
6140,heldout,6140
6147,heldout,6147
6150,heldout,6150
6165,heldout,6165
6166,heldout,6166
6177,heldout,6177
6182,heldout,6182
6184,heldout,6184
6187,heldout,6187
6189,heldout,6189
6202,heldout,6202
6206,heldout,6206
6208,heldout,6208
6212,heldout,6212
6219,heldout,6219
6224,heldout,6224
6226,heldout,6226
6228,heldout,6228
6232,heldout,6232
6236,heldout,6236
6239,heldout,6239
6247,heldout,6247
6252,heldout,6252
6254,heldout,6254
6256,heldout,6256
6264,heldout,6264
6267,heldout,6267
6272,heldout,6272
6273,heldout,6273
6276,heldout,6276
6279,heldout,6279
6292,heldout,6292
6296,heldout,6296
6301,heldout,6301
6305,heldout,6305
6306,heldout,6306
6310,heldout,6310
6312,heldout,6312
6315,heldout,6315
6323,heldout,6323
6327,heldout,6327
6344,heldout,6344
6354,heldout,6354
6358,heldout,6358
6360,heldout,6360
6369,heldout,6369
6372,heldout,6372
6378,heldout,6378
6381,heldout,6381
6383,heldout,6383
6388,heldout,6388
6393,heldout,6393
6396,heldout,6396
6404,heldout,6404
6406,heldout,6406
6417,heldout,6417
6419,heldout,6419
6429,heldout,6429
6431,heldout,6431
6435,heldout,6435
6449,heldout,6449
6465,heldout,6465
6477,heldout,6477
6482,heldout,6482
6483,heldout,6483
6484,heldout,6484
6489,heldout,6489
6506,heldout,6506
6511,heldout,6511
6517,heldout,6517
6520,heldout,6520
6532,heldout,6532
6533,heldout,6533
6539,heldout,6539
6545,heldout,6545
6553,heldout,6553
6559,heldout,6559
6563,heldout,6563
6570,heldout,6570
6573,heldout,6573
6576,heldout,6576
6578,heldout,6578
6579,heldout,6579
6584,heldout,6584
6590,heldout,6590
6592,heldout,6592
6597,heldout,6597
6600,heldout,6600
6602,heldout,6602
6610,heldout,6610
6612,heldout,6612
6626,heldout,6626
6630,heldout,6630
6632,heldout,6632
6638,heldout,6638
6640,heldout,6640
6650,heldout,6650
6662,heldout,6662
6667,heldout,6667
6670,heldout,6670
6671,heldout,6671
6672,heldout,6672
6673,heldout,6673
6675,heldout,6675
6681,heldout,6681
6682,heldout,6682
6684,heldout,6684
6689,heldout,6689
6698,heldout,6698
6699,heldout,6699
6701,heldout,6701
6710,heldout,6710
6723,heldout,6723
6724,heldout,6724
6729,heldout,6729
6732,heldout,6732
6734,heldout,6734
6737,heldout,6737
6745,heldout,6745
6748,heldout,6748
6750,heldout,6750
6752,heldout,6752
6754,heldout,6754
6755,heldout,6755
6758,heldout,6758
6760,heldout,6760
6763,heldout,6763
6764,heldout,6764
6766,heldout,6766
6776,heldout,6776
6795,heldout,6795
6801,heldout,6801
6805,heldout,6805
6813,heldout,6813
6815,heldout,6815
6836,heldout,6836
6840,heldout,6840
6841,heldout,6841
6852,heldout,6852
6853,heldout,6853
6856,heldout,6856
6866,heldout,6866
6869,heldout,6869
6874,heldout,6874
6877,heldout,6877
6887,heldout,6887
6892,heldout,6892
6893,heldout,6893
6905,heldout,6905
6909,heldout,6909
6911,heldout,6911
6916,heldout,6916
6926,heldout,6926
6934,heldout,6934
6940,heldout,6940
6965,heldout,6965
6970,heldout,6970
6976,heldout,6976
6978,heldout,6978
6982,heldout,6982
6986,heldout,6986
6991,heldout,6991
6992,heldout,6992
6995,heldout,6995
6996,heldout,6996
7002,heldout,7002
7017,heldout,7017
7018,heldout,7018
7046,heldout,7046
7050,heldout,7050
7056,heldout,7056
7057,heldout,7057
7059,heldout,7059
7069,heldout,7069
7074,heldout,7074
7083,heldout,7083
7090,heldout,7090
7091,heldout,7091
7092,heldout,7092
7093,heldout,7093
7112,heldout,7112
7117,heldout,7117
7120,heldout,7120
7121,heldout,7121
7130,heldout,7130
7131,heldout,7131
7141,heldout,7141
7145,heldout,7145
7146,heldout,7146
7150,heldout,7150
7153,heldout,7153
7161,heldout,7161
7166,heldout,7166
7171,heldout,7171
7173,heldout,7173
7182,heldout,7182
7184,heldout,7184
7185,heldout,7185
7190,heldout,7190
7192,heldout,7192
7193,heldout,7193
7203,heldout,7203
7204,heldout,7204
7205,heldout,7205
7206,heldout,7206
7207,heldout,7207
7211,heldout,7211
7212,heldout,7212
7214,heldout,7214
7217,heldout,7217
7219,heldout,7219
7222,heldout,7222
7223,heldout,7223
7230,heldout,7230
7231,heldout,7231
7236,heldout,7236
7243,heldout,7243
7255,heldout,7255
7257,heldout,7257
7260,heldout,7260
7261,heldout,7261
7264,heldout,7264
7268,heldout,7268
7273,heldout,7273
7275,heldout,7275
7281,heldout,7281
7293,heldout,7293
7296,heldout,7296
7298,heldout,7298
7301,heldout,7301
7303,heldout,7303
7304,heldout,7304
7307,heldout,7307
7309,heldout,7309
7311,heldout,7311
7312,heldout,7312
7315,heldout,7315
7324,heldout,7324
7330,heldout,7330
7335,heldout,7335
7341,heldout,7341
7345,heldout,7345
7352,heldout,7352
7356,heldout,7356
7371,heldout,7371
7373,heldout,7373
7377,heldout,7377
7383,heldout,7383
7385,heldout,7385
7390,heldout,7390
7394,heldout,7394
7395,heldout,7395
7396,heldout,7396
7403,heldout,7403
7407,heldout,7407
7410,heldout,7410
7411,heldout,7411
7415,heldout,7415
7416,heldout,7416
7417,heldout,7417
7420,heldout,7420
7424,heldout,7424
7425,heldout,7425
7433,heldout,7433
7435,heldout,7435
7442,heldout,7442
7443,heldout,7443
7445,heldout,7445
7448,heldout,7448
7449,heldout,7449
7450,heldout,7450
7454,heldout,7454
7464,heldout,7464
7466,heldout,7466
7471,heldout,7471
7472,heldout,7472
7478,heldout,7478
7484,heldout,7484
7496,heldout,7496
7499,heldout,7499
7502,heldout,7502
7503,heldout,7503
7515,heldout,7515
7520,heldout,7520
7521,heldout,7521
7526,heldout,7526
7529,heldout,7529
7530,heldout,7530
7536,heldout,7536
7543,heldout,7543
7546,heldout,7546
7554,heldout,7554
7557,heldout,7557
7559,heldout,7559
7566,heldout,7566
7568,heldout,7568
7570,heldout,7570
7573,heldout,7573
7583,heldout,7583
7588,heldout,7588
7592,heldout,7592
7596,heldout,7596
7597,heldout,7597
7598,heldout,7598
7600,heldout,7600
7602,heldout,7602
7603,heldout,7603
7605,heldout,7605
7608,heldout,7608
7609,heldout,7609
7614,heldout,7614
7617,heldout,7617
7618,heldout,7618
7622,heldout,7622
7623,heldout,7623
7627,heldout,7627
7634,heldout,7634
7637,heldout,7637
7638,heldout,7638
7639,heldout,7639
7641,heldout,7641
7642,heldout,7642
7644,heldout,7644
7645,heldout,7645
7648,heldout,7648
7653,heldout,7653
7657,heldout,7657
7658,heldout,7658
7665,heldout,7665
7672,heldout,7672
7674,heldout,7674
7675,heldout,7675
7682,heldout,7682
7684,heldout,7684
7691,heldout,7691
7694,heldout,7694
7696,heldout,7696
7703,heldout,7703
7704,heldout,7704
7707,heldout,7707
7714,heldout,7714
7716,heldout,7716
7727,heldout,7727
7730,heldout,7730
7731,heldout,7731
7732,heldout,7732
7733,heldout,7733
7745,heldout,7745
7752,heldout,7752
7753,heldout,7753
7758,heldout,7758
7759,heldout,7759
7761,heldout,7761
7763,heldout,7763
7775,heldout,7775
7787,heldout,7787
7793,heldout,7793
7800,heldout,7800
7803,heldout,7803
7809,heldout,7809
7816,heldout,7816
7817,heldout,7817
7821,heldout,7821
7822,heldout,7822
7824,heldout,7824
7828,heldout,7828
7839,heldout,7839
7852,heldout,7852
7854,heldout,7854
7856,heldout,7856
7858,heldout,7858
7859,heldout,7859
7862,heldout,7862
7876,heldout,7876
7877,heldout,7877
7880,heldout,7880
7884,heldout,7884
7890,heldout,7890
7895,heldout,7895
7904,heldout,7904
7909,heldout,7909
7915,heldout,7915
7917,heldout,7917
7918,heldout,7918
7921,heldout,7921
7937,heldout,7937
7940,heldout,7940
7942,heldout,7942
7951,heldout,7951
7955,heldout,7955
7959,heldout,7959
7980,heldout,7980
7991,heldout,7991
7999,heldout,7999
8000,heldout,8000
8001,heldout,8001
8003,heldout,8003
8010,heldout,8010
8016,heldout,8016
8023,heldout,8023
8026,heldout,8026
8042,heldout,8042
8047,heldout,8047
8049,heldout,8049
8057,heldout,8057
8069,heldout,8069
8073,heldout,8073
8077,heldout,8077
8092,heldout,8092
8096,heldout,8096
8114,heldout,8114
8116,heldout,8116
8132,heldout,8132
8140,heldout,8140
8156,heldout,8156
8159,heldout,8159
8162,heldout,8162
8171,heldout,8171
8173,heldout,8173
8174,heldout,8174
8177,heldout,8177
8181,heldout,8181
8186,heldout,8186
8193,heldout,8193
8200,heldout,8200
8203,heldout,8203
8206,heldout,8206
8219,heldout,8219
8229,heldout,8229
8236,heldout,8236
8261,heldout,8261
8265,heldout,8265
8269,heldout,8269
8271,heldout,8271
8274,heldout,8274
8275,heldout,8275
8277,heldout,8277
8279,heldout,8279
8281,heldout,8281
8283,heldout,8283
8294,heldout,8294
8295,heldout,8295
8301,heldout,8301
8303,heldout,8303
8309,heldout,8309
8316,heldout,8316
8317,heldout,8317
8318,heldout,8318
8323,heldout,8323
8325,heldout,8325
8330,heldout,8330
8337,heldout,8337
8340,heldout,8340
8347,heldout,8347
8348,heldout,8348
8350,heldout,8350
8357,heldout,8357
8365,heldout,8365
8368,heldout,8368
8387,heldout,8387
8389,heldout,8389
8391,heldout,8391
8396,heldout,8396
8399,heldout,8399
8401,heldout,8401
8408,heldout,8408
8411,heldout,8411
8414,heldout,8414
8420,heldout,8420
8421,heldout,8421
8431,heldout,8431
8433,heldout,8433
8436,heldout,8436
8437,heldout,8437
8438,heldout,8438
8439,heldout,8439
8440,heldout,8440
8448,heldout,8448
8460,heldout,8460
8463,heldout,8463
8467,heldout,8467
8468,heldout,8468
8469,heldout,8469
8470,heldout,8470
8472,heldout,8472
8480,heldout,8480
8482,heldout,8482
8485,heldout,8485
8488,heldout,8488
8490,heldout,8490
8494,heldout,8494
8500,heldout,8500
8503,heldout,8503
8511,heldout,8511
8516,heldout,8516
8519,heldout,8519
8523,heldout,8523
8531,heldout,8531
8553,heldout,8553
8555,heldout,8555
8560,heldout,8560
8565,heldout,8565
8567,heldout,8567
8581,heldout,8581
8582,heldout,8582
8586,heldout,8586
8600,heldout,8600
8604,heldout,8604
8617,heldout,8617
8622,heldout,8622
8623,heldout,8623
8626,heldout,8626
8631,heldout,8631
8636,heldout,8636
8642,heldout,8642
8645,heldout,8645
8649,heldout,8649
8652,heldout,8652
8653,heldout,8653
8656,heldout,8656
8669,heldout,8669
8673,heldout,8673
8677,heldout,8677
8680,heldout,8680
8681,heldout,8681
8687,heldout,8687
8695,heldout,8695
8700,heldout,8700
8703,heldout,8703
8706,heldout,8706
8720,heldout,8720
8721,heldout,8721
8723,heldout,8723
8733,heldout,8733
8734,heldout,8734
8738,heldout,8738
8747,heldout,8747
8755,heldout,8755
8767,heldout,8767
8768,heldout,8768
8771,heldout,8771
8774,heldout,8774
8788,heldout,8788
8795,heldout,8795
8798,heldout,8798
8802,heldout,8802
8803,heldout,8803
8807,heldout,8807
8808,heldout,8808
8809,heldout,8809
8816,heldout,8816
8818,heldout,8818
8824,heldout,8824
8838,heldout,8838
8852,heldout,8852
8860,heldout,8860
8861,heldout,8861
8877,heldout,8877
8883,heldout,8883
8890,heldout,8890
8894,heldout,8894
8901,heldout,8901
8910,heldout,8910
8911,heldout,8911
8914,heldout,8914
8916,heldout,8916
8917,heldout,8917
8920,heldout,8920
8926,heldout,8926
8928,heldout,8928
8929,heldout,8929
8932,heldout,8932
8936,heldout,8936
8941,heldout,8941
8942,heldout,8942
8946,heldout,8946
8947,heldout,8947
8963,heldout,8963
8965,heldout,8965
8966,heldout,8966
8968,heldout,8968
8974,heldout,8974
8977,heldout,8977
8979,heldout,8979
8986,heldout,8986
8987,heldout,8987
8988,heldout,8988
9000,heldout,9000
9010,heldout,9010
9013,heldout,9013
9024,heldout,9024
9029,heldout,9029
9030,heldout,9030
9031,heldout,9031
9034,heldout,9034
9035,heldout,9035
9038,heldout,9038
9039,heldout,9039
9041,heldout,9041
9052,heldout,9052
9055,heldout,9055
9056,heldout,9056
9062,heldout,9062
9065,heldout,9065
9067,heldout,9067
9070,heldout,9070
9075,heldout,9075
9078,heldout,9078
9094,heldout,9094
9110,heldout,9110
9118,heldout,9118
9122,heldout,9122
9124,heldout,9124
9126,heldout,9126
9129,heldout,9129
9136,heldout,9136
9140,heldout,9140
9142,heldout,9142
9154,heldout,9154
9159,heldout,9159
9174,heldout,9174
9177,heldout,9177
9182,heldout,9182
9195,heldout,9195
9196,heldout,9196
9200,heldout,9200
9201,heldout,9201
9203,heldout,9203
9204,heldout,9204
9206,heldout,9206
9211,heldout,9211
9212,heldout,9212
9214,heldout,9214
9215,heldout,9215
9230,heldout,9230
9233,heldout,9233
9237,heldout,9237
9238,heldout,9238
9240,heldout,9240
9248,heldout,9248
9258,heldout,9258
9270,heldout,9270
9271,heldout,9271
9272,heldout,9272
9273,heldout,9273
9276,heldout,9276
9279,heldout,9279
9291,heldout,9291
9296,heldout,9296
9303,heldout,9303
9308,heldout,9308
9312,heldout,9312
9314,heldout,9314
9316,heldout,9316
9317,heldout,9317
9323,heldout,9323
9324,heldout,9324
9328,heldout,9328
9329,heldout,9329
9330,heldout,9330
9334,heldout,9334
9336,heldout,9336
9339,heldout,9339
9341,heldout,9341
9344,heldout,9344
9348,heldout,9348
9352,heldout,9352
9354,heldout,9354
9365,heldout,9365
9367,heldout,9367
9371,heldout,9371
9375,heldout,9375
9390,heldout,9390
9396,heldout,9396
9401,heldout,9401
9404,heldout,9404
9406,heldout,9406
9418,heldout,9418
9430,heldout,9430
9448,heldout,9448
9453,heldout,9453
9456,heldout,9456
9458,heldout,9458
9460,heldout,9460
9465,heldout,9465
9471,heldout,9471
9476,heldout,9476
9478,heldout,9478
9485,heldout,9485
9487,heldout,9487
9493,heldout,9493
9502,heldout,9502
9503,heldout,9503
9506,heldout,9506
9509,heldout,9509
9513,heldout,9513
9514,heldout,9514
9516,heldout,9516
9518,heldout,9518
9524,heldout,9524
9528,heldout,9528
9530,heldout,9530
9532,heldout,9532
9535,heldout,9535
9540,heldout,9540
9547,heldout,9547
9554,heldout,9554
9558,heldout,9558
9567,heldout,9567
9579,heldout,9579
9583,heldout,9583
9588,heldout,9588
9599,heldout,9599
9606,heldout,9606
9612,heldout,9612
9614,heldout,9614
9619,heldout,9619
9621,heldout,9621
9624,heldout,9624
9626,heldout,9626
9632,heldout,9632
9633,heldout,9633
9635,heldout,9635
9638,heldout,9638
9639,heldout,9639
9649,heldout,9649
9660,heldout,9660
9661,heldout,9661
9666,heldout,9666
9675,heldout,9675
9676,heldout,9676
9687,heldout,9687
9694,heldout,9694
9708,heldout,9708
9709,heldout,9709
9714,heldout,9714
9729,heldout,9729
9730,heldout,9730
9731,heldout,9731
9750,heldout,9750
9761,heldout,9761
9762,heldout,9762
9763,heldout,9763
9764,heldout,9764
9772,heldout,9772
9781,heldout,9781
9789,heldout,9789
9808,heldout,9808
9810,heldout,9810
9812,heldout,9812
9813,heldout,9813
9825,heldout,9825
9827,heldout,9827
9831,heldout,9831
9834,heldout,9834
9835,heldout,9835
9837,heldout,9837
9839,heldout,9839
9842,heldout,9842
9846,heldout,9846
9847,heldout,9847
9849,heldout,9849
9854,heldout,9854
9856,heldout,9856
9858,heldout,9858
9880,heldout,9880
9895,heldout,9895
9896,heldout,9896
9899,heldout,9899
9903,heldout,9903
9907,heldout,9907
9918,heldout,9918
9926,heldout,9926
9959,heldout,9959
9963,heldout,9963
9968,heldout,9968
9977,heldout,9977
9978,heldout,9978
9988,heldout,9988
9999,heldout,9999
10002,heldout,10002
10011,heldout,10011
10015,heldout,10015
10025,heldout,10025
10030,heldout,10030
10034,heldout,10034
10037,heldout,10037
10039,heldout,10039
10040,heldout,10040
10047,heldout,10047
10051,heldout,10051
10056,heldout,10056
10064,heldout,10064
10069,heldout,10069
10071,heldout,10071
10075,heldout,10075
10081,heldout,10081
10082,heldout,10082
10086,heldout,10086
10090,heldout,10090
10098,heldout,10098
10102,heldout,10102
10110,heldout,10110
10116,heldout,10116
10119,heldout,10119
10126,heldout,10126
10132,heldout,10132
10135,heldout,10135
10136,heldout,10136
10150,heldout,10150
10153,heldout,10153
10160,heldout,10160
10175,heldout,10175
10179,heldout,10179
10185,heldout,10185
10186,heldout,10186
10189,heldout,10189
10190,heldout,10190
10194,heldout,10194
10197,heldout,10197
10198,heldout,10198
10202,heldout,10202
10204,heldout,10204
10217,heldout,10217
10219,heldout,10219
10221,heldout,10221
10237,heldout,10237
10261,heldout,10261
10263,heldout,10263
10264,heldout,10264
10269,heldout,10269
10272,heldout,10272
10277,heldout,10277
10282,heldout,10282
10283,heldout,10283
10288,heldout,10288
10293,heldout,10293
10305,heldout,10305
10307,heldout,10307
10309,heldout,10309
10310,heldout,10310
10311,heldout,10311
10312,heldout,10312
10313,heldout,10313
10319,heldout,10319
10322,heldout,10322
10332,heldout,10332
10337,heldout,10337
10340,heldout,10340
10345,heldout,10345
10351,heldout,10351
10356,heldout,10356
10360,heldout,10360
10366,heldout,10366
10368,heldout,10368
10369,heldout,10369
10379,heldout,10379
10399,heldout,10399
10401,heldout,10401
10402,heldout,10402
10406,heldout,10406
10409,heldout,10409
10414,heldout,10414
10426,heldout,10426
10429,heldout,10429
10430,heldout,10430
10431,heldout,10431
10438,heldout,10438
10452,heldout,10452
10458,heldout,10458
10463,heldout,10463
10468,heldout,10468
10470,heldout,10470
10472,heldout,10472
10475,heldout,10475
10478,heldout,10478
10479,heldout,10479
10481,heldout,10481
10482,heldout,10482
10484,heldout,10484
10487,heldout,10487
10497,heldout,10497
10500,heldout,10500
10507,heldout,10507
10512,heldout,10512
10515,heldout,10515
10519,heldout,10519
10534,heldout,10534
10536,heldout,10536
10543,heldout,10543
10572,heldout,10572
10573,heldout,10573
10575,heldout,10575
10578,heldout,10578
10590,heldout,10590
10596,heldout,10596
10601,heldout,10601
10602,heldout,10602
10607,heldout,10607
10608,heldout,10608
10614,heldout,10614
10618,heldout,10618
10619,heldout,10619
10627,heldout,10627
10628,heldout,10628
10643,heldout,10643
10645,heldout,10645
10654,heldout,10654
10662,heldout,10662
10664,heldout,10664
10666,heldout,10666
10668,heldout,10668
10672,heldout,10672
10689,heldout,10689
10699,heldout,10699
10704,heldout,10704
10706,heldout,10706
10716,heldout,10716
10722,heldout,10722
10728,heldout,10728
10731,heldout,10731
10738,heldout,10738
10739,heldout,10739
10747,heldout,10747
10749,heldout,10749
10751,heldout,10751
10753,heldout,10753
10757,heldout,10757
10762,heldout,10762
10769,heldout,10769
10787,heldout,10787
10791,heldout,10791
10794,heldout,10794
10803,heldout,10803
10804,heldout,10804
10813,heldout,10813
10816,heldout,10816
10817,heldout,10817
10825,heldout,10825
10833,heldout,10833
10835,heldout,10835
10837,heldout,10837
10838,heldout,10838
10843,heldout,10843
10844,heldout,10844
10845,heldout,10845
10849,heldout,10849
10852,heldout,10852
10863,heldout,10863
10864,heldout,10864
10865,heldout,10865
10866,heldout,10866
10871,heldout,10871
10877,heldout,10877
10878,heldout,10878
10888,heldout,10888
10893,heldout,10893
10904,heldout,10904
10905,heldout,10905
10907,heldout,10907
10908,heldout,10908
10913,heldout,10913
10914,heldout,10914
10920,heldout,10920
10927,heldout,10927
10935,heldout,10935
10937,heldout,10937
10941,heldout,10941
10945,heldout,10945
10954,heldout,10954
10959,heldout,10959
10960,heldout,10960
10963,heldout,10963
10964,heldout,10964
10967,heldout,10967
10971,heldout,10971
10979,heldout,10979
10980,heldout,10980
10983,heldout,10983
10998,heldout,10998
11000,heldout,11000
11005,heldout,11005
11006,heldout,11006
11010,heldout,11010
11014,heldout,11014
11020,heldout,11020
11024,heldout,11024
11025,heldout,11025
11026,heldout,11026
11027,heldout,11027
11029,heldout,11029
11033,heldout,11033
11034,heldout,11034
11036,heldout,11036
11037,heldout,11037
11042,heldout,11042
11065,heldout,11065
11066,heldout,11066
11070,heldout,11070
11078,heldout,11078
11089,heldout,11089
11090,heldout,11090
11093,heldout,11093
11105,heldout,11105
11116,heldout,11116
11117,heldout,11117
11123,heldout,11123
11125,heldout,11125
11128,heldout,11128
11134,heldout,11134
11135,heldout,11135
11140,heldout,11140
11142,heldout,11142
11149,heldout,11149
11157,heldout,11157
11162,heldout,11162
11167,heldout,11167
11171,heldout,11171
11178,heldout,11178
11194,heldout,11194
11202,heldout,11202
11204,heldout,11204
11209,heldout,11209
11212,heldout,11212
11218,heldout,11218
11223,heldout,11223
11234,heldout,11234
11235,heldout,11235
11238,heldout,11238
11240,heldout,11240
11243,heldout,11243
11245,heldout,11245
11251,heldout,11251
11252,heldout,11252
11253,heldout,11253
11260,heldout,11260
11267,heldout,11267
11282,heldout,11282
11284,heldout,11284
11286,heldout,11286
11296,heldout,11296
11302,heldout,11302
11303,heldout,11303
11310,heldout,11310
11313,heldout,11313
11314,heldout,11314
11319,heldout,11319
11333,heldout,11333
11339,heldout,11339
11347,heldout,11347
11348,heldout,11348
11349,heldout,11349
11359,heldout,11359
11368,heldout,11368
11373,heldout,11373
11376,heldout,11376
11378,heldout,11378
11394,heldout,11394
11405,heldout,11405
11407,heldout,11407
11414,heldout,11414
11423,heldout,11423
11429,heldout,11429
11430,heldout,11430
11431,heldout,11431
11432,heldout,11432
11437,heldout,11437
11438,heldout,11438
11443,heldout,11443
11444,heldout,11444
11449,heldout,11449
11450,heldout,11450
11453,heldout,11453
11454,heldout,11454
11463,heldout,11463
11474,heldout,11474
11476,heldout,11476
11480,heldout,11480
11485,heldout,11485
11492,heldout,11492
11498,heldout,11498
11503,heldout,11503
11504,heldout,11504
11506,heldout,11506
11510,heldout,11510
11513,heldout,11513
11517,heldout,11517
11519,heldout,11519
11522,heldout,11522
11525,heldout,11525
11526,heldout,11526
11552,heldout,11552
11554,heldout,11554
11556,heldout,11556
11560,heldout,11560
11561,heldout,11561
11563,heldout,11563
11567,heldout,11567
11573,heldout,11573
11575,heldout,11575
11580,heldout,11580
11585,heldout,11585
11591,heldout,11591
11592,heldout,11592
11596,heldout,11596
11598,heldout,11598
11600,heldout,11600
11602,heldout,11602
11606,heldout,11606
11607,heldout,11607
11613,heldout,11613
11622,heldout,11622
11623,heldout,11623
11624,heldout,11624
11627,heldout,11627
11628,heldout,11628
11629,heldout,11629
11649,heldout,11649
11652,heldout,11652
11654,heldout,11654
11656,heldout,11656
11663,heldout,11663
11671,heldout,11671
11675,heldout,11675
11679,heldout,11679
11687,heldout,11687
11693,heldout,11693
11694,heldout,11694
11697,heldout,11697
11701,heldout,11701
11706,heldout,11706
11717,heldout,11717
11735,heldout,11735
11736,heldout,11736
11741,heldout,11741
11748,heldout,11748
11755,heldout,11755
11758,heldout,11758
11771,heldout,11771
11775,heldout,11775
11777,heldout,11777
11779,heldout,11779
11796,heldout,11796
11813,heldout,11813
11831,heldout,11831
11842,heldout,11842
11850,heldout,11850
11852,heldout,11852
11854,heldout,11854
11858,heldout,11858
11859,heldout,11859
11863,heldout,11863
11865,heldout,11865
11868,heldout,11868
11870,heldout,11870
11871,heldout,11871
11878,heldout,11878
11880,heldout,11880
11881,heldout,11881
11886,heldout,11886
11888,heldout,11888
11890,heldout,11890
11898,heldout,11898
11900,heldout,11900
11908,heldout,11908
11918,heldout,11918
11919,heldout,11919
11924,heldout,11924
11927,heldout,11927
11928,heldout,11928
11935,heldout,11935
11936,heldout,11936
11937,heldout,11937
11947,heldout,11947
11950,heldout,11950
11957,heldout,11957
11968,heldout,11968
11978,heldout,11978
11987,heldout,11987
11991,heldout,11991
11992,heldout,11992
11997,heldout,11997
12000,heldout,12000
12008,heldout,12008
12020,heldout,12020
12021,heldout,12021
12025,heldout,12025
12026,heldout,12026
12029,heldout,12029
12032,heldout,12032
12037,heldout,12037
12044,heldout,12044
12052,heldout,12052
12056,heldout,12056
12061,heldout,12061
12065,heldout,12065
12067,heldout,12067
12071,heldout,12071
12073,heldout,12073
12077,heldout,12077
12082,heldout,12082
12083,heldout,12083
12086,heldout,12086
12090,heldout,12090
12096,heldout,12096
12101,heldout,12101
12105,heldout,12105
12113,heldout,12113
12118,heldout,12118
12121,heldout,12121
12125,heldout,12125
12145,heldout,12145
12146,heldout,12146
12154,heldout,12154
12159,heldout,12159
12165,heldout,12165
12166,heldout,12166
12167,heldout,12167
12170,heldout,12170
12173,heldout,12173
12174,heldout,12174
12181,heldout,12181
12182,heldout,12182
12184,heldout,12184
12186,heldout,12186
12187,heldout,12187
12188,heldout,12188
12194,heldout,12194
12198,heldout,12198
12202,heldout,12202
12213,heldout,12213
12216,heldout,12216
12219,heldout,12219
12223,heldout,12223
12225,heldout,12225
12253,heldout,12253
12260,heldout,12260
12269,heldout,12269
12272,heldout,12272
12273,heldout,12273
12276,heldout,12276
12282,heldout,12282
12290,heldout,12290
12293,heldout,12293
12308,heldout,12308
12310,heldout,12310
12311,heldout,12311
12313,heldout,12313
12316,heldout,12316
12321,heldout,12321
12340,heldout,12340
12342,heldout,12342
12345,heldout,12345
12349,heldout,12349
12352,heldout,12352
12365,heldout,12365
12368,heldout,12368
12369,heldout,12369
12375,heldout,12375
12378,heldout,12378
12382,heldout,12382
12383,heldout,12383
12385,heldout,12385
12387,heldout,12387
12391,heldout,12391
12396,heldout,12396
12399,heldout,12399
12402,heldout,12402
12406,heldout,12406
12409,heldout,12409
12411,heldout,12411
12418,heldout,12418
12423,heldout,12423
12428,heldout,12428
12435,heldout,12435
12442,heldout,12442
12457,heldout,12457
12470,heldout,12470
12485,heldout,12485
12493,heldout,12493
12505,heldout,12505
12506,heldout,12506
12509,heldout,12509
12511,heldout,12511
12518,heldout,12518
12522,heldout,12522
12530,heldout,12530
12532,heldout,12532
12538,heldout,12538
12540,heldout,12540
12541,heldout,12541
12543,heldout,12543
12545,heldout,12545
12550,heldout,12550
12556,heldout,12556
12560,heldout,12560
12586,heldout,12586
12594,heldout,12594
12607,heldout,12607
12608,heldout,12608
12612,heldout,12612
12614,heldout,12614
12615,heldout,12615
12620,heldout,12620
12627,heldout,12627
12632,heldout,12632
12633,heldout,12633
12635,heldout,12635
12636,heldout,12636
12640,heldout,12640
12641,heldout,12641
12642,heldout,12642
12643,heldout,12643
12648,heldout,12648
12650,heldout,12650
12658,heldout,12658
12660,heldout,12660
12670,heldout,12670
12684,heldout,12684
12688,heldout,12688
12697,heldout,12697
12700,heldout,12700
12705,heldout,12705
12706,heldout,12706
12710,heldout,12710
12712,heldout,12712
12722,heldout,12722
12724,heldout,12724
12730,heldout,12730
12732,heldout,12732
12742,heldout,12742
12749,heldout,12749
12750,heldout,12750
12756,heldout,12756
12758,heldout,12758
12760,heldout,12760
12767,heldout,12767
12768,heldout,12768
12770,heldout,12770
12773,heldout,12773
12774,heldout,12774
12775,heldout,12775
12777,heldout,12777
12789,heldout,12789
12791,heldout,12791
12793,heldout,12793
12794,heldout,12794
12795,heldout,12795
12800,heldout,12800
12804,heldout,12804
12806,heldout,12806
12807,heldout,12807
12812,heldout,12812
12816,heldout,12816
12832,heldout,12832
12843,heldout,12843
12850,heldout,12850
12854,heldout,12854
12859,heldout,12859
12867,heldout,12867
12868,heldout,12868
12871,heldout,12871
12875,heldout,12875
12885,heldout,12885
12887,heldout,12887
12888,heldout,12888
12892,heldout,12892
12897,heldout,12897
12900,heldout,12900
12903,heldout,12903
12909,heldout,12909
12916,heldout,12916
12927,heldout,12927
12931,heldout,12931
12945,heldout,12945
12947,heldout,12947
12950,heldout,12950
12954,heldout,12954
12955,heldout,12955
12959,heldout,12959
12965,heldout,12965
12972,heldout,12972
12976,heldout,12976
12978,heldout,12978
12979,heldout,12979
12991,heldout,12991
12994,heldout,12994
12998,heldout,12998
13006,heldout,13006
13007,heldout,13007
13013,heldout,13013
13016,heldout,13016
13018,heldout,13018
13028,heldout,13028
13029,heldout,13029
13035,heldout,13035
13047,heldout,13047
13048,heldout,13048
13049,heldout,13049
13055,heldout,13055
13062,heldout,13062
13074,heldout,13074
13076,heldout,13076
13078,heldout,13078
13084,heldout,13084
13088,heldout,13088
13095,heldout,13095
13098,heldout,13098
13101,heldout,13101
13107,heldout,13107
13113,heldout,13113
13125,heldout,13125
13126,heldout,13126
13130,heldout,13130
13132,heldout,13132
13134,heldout,13134
13139,heldout,13139
13140,heldout,13140
13149,heldout,13149
13151,heldout,13151
13153,heldout,13153
13155,heldout,13155
13157,heldout,13157
13162,heldout,13162
13165,heldout,13165
13169,heldout,13169
13176,heldout,13176
13195,heldout,13195
13196,heldout,13196
13197,heldout,13197
13213,heldout,13213
13216,heldout,13216
13219,heldout,13219
13223,heldout,13223
13224,heldout,13224
13225,heldout,13225
13228,heldout,13228
13236,heldout,13236
13238,heldout,13238
13241,heldout,13241
13243,heldout,13243
13257,heldout,13257
13261,heldout,13261
13262,heldout,13262
13280,heldout,13280
13283,heldout,13283
13284,heldout,13284
13291,heldout,13291
13314,heldout,13314
13316,heldout,13316
13318,heldout,13318
13337,heldout,13337
13340,heldout,13340
13343,heldout,13343
13346,heldout,13346
13349,heldout,13349
13350,heldout,13350
13357,heldout,13357
13376,heldout,13376
13382,heldout,13382
13383,heldout,13383
13386,heldout,13386
13389,heldout,13389
13394,heldout,13394
13405,heldout,13405
13418,heldout,13418
13423,heldout,13423
13431,heldout,13431
13435,heldout,13435
13456,heldout,13456
13457,heldout,13457
13463,heldout,13463
13465,heldout,13465
13471,heldout,13471
13473,heldout,13473
13486,heldout,13486
13488,heldout,13488
13491,heldout,13491
13494,heldout,13494
13495,heldout,13495
13500,heldout,13500
13503,heldout,13503
13505,heldout,13505
13509,heldout,13509
13511,heldout,13511
13519,heldout,13519
13521,heldout,13521
13525,heldout,13525
13530,heldout,13530
13535,heldout,13535
13556,heldout,13556
13574,heldout,13574
13577,heldout,13577
13589,heldout,13589
13595,heldout,13595
13598,heldout,13598
13603,heldout,13603
13607,heldout,13607
13609,heldout,13609
13611,heldout,13611
13615,heldout,13615
13618,heldout,13618
13619,heldout,13619
13627,heldout,13627
13629,heldout,13629
13630,heldout,13630
13632,heldout,13632
13633,heldout,13633
13635,heldout,13635
13644,heldout,13644
13666,heldout,13666
13669,heldout,13669
13685,heldout,13685
13688,heldout,13688
13699,heldout,13699
13703,heldout,13703
13713,heldout,13713
13714,heldout,13714
13717,heldout,13717
13724,heldout,13724
13727,heldout,13727
13729,heldout,13729
13736,heldout,13736
13755,heldout,13755
13757,heldout,13757
13758,heldout,13758
13760,heldout,13760
13764,heldout,13764
13768,heldout,13768
13775,heldout,13775
13786,heldout,13786
13787,heldout,13787
13792,heldout,13792
13801,heldout,13801
13804,heldout,13804
13809,heldout,13809
13822,heldout,13822
13826,heldout,13826
13827,heldout,13827
13832,heldout,13832
13833,heldout,13833
13838,heldout,13838
13846,heldout,13846
13848,heldout,13848
13850,heldout,13850
13852,heldout,13852
13855,heldout,13855
13857,heldout,13857
13862,heldout,13862
13863,heldout,13863
13864,heldout,13864
13871,heldout,13871
13876,heldout,13876
13887,heldout,13887
13891,heldout,13891
13899,heldout,13899
13900,heldout,13900
13902,heldout,13902
13905,heldout,13905
13909,heldout,13909
13911,heldout,13911
13915,heldout,13915
13924,heldout,13924
13926,heldout,13926
13930,heldout,13930
13937,heldout,13937
13938,heldout,13938
13943,heldout,13943
13945,heldout,13945
13951,heldout,13951
13953,heldout,13953
13956,heldout,13956
13965,heldout,13965
13967,heldout,13967
13968,heldout,13968
13976,heldout,13976
13977,heldout,13977
13978,heldout,13978
13979,heldout,13979
13985,heldout,13985
13988,heldout,13988
13997,heldout,13997
13998,heldout,13998
14001,heldout,14001
14006,heldout,14006
14012,heldout,14012
14015,heldout,14015
14017,heldout,14017
14020,heldout,14020
14022,heldout,14022
14025,heldout,14025
14030,heldout,14030
14037,heldout,14037
14048,heldout,14048
14051,heldout,14051
14058,heldout,14058
14069,heldout,14069
14080,heldout,14080
14089,heldout,14089
14107,heldout,14107
14114,heldout,14114
14115,heldout,14115
14116,heldout,14116
14124,heldout,14124
14125,heldout,14125
14132,heldout,14132
14138,heldout,14138
14139,heldout,14139
14140,heldout,14140
14147,heldout,14147
14150,heldout,14150
14152,heldout,14152
14156,heldout,14156
14157,heldout,14157
14169,heldout,14169
14170,heldout,14170
14177,heldout,14177
14180,heldout,14180
14183,heldout,14183
14187,heldout,14187
14194,heldout,14194
14198,heldout,14198
14201,heldout,14201
14204,heldout,14204
14207,heldout,14207
14209,heldout,14209
14213,heldout,14213
14217,heldout,14217
14218,heldout,14218
14232,heldout,14232
14234,heldout,14234
14246,heldout,14246
14255,heldout,14255
14257,heldout,14257
14259,heldout,14259
14272,heldout,14272
14273,heldout,14273
14277,heldout,14277
14279,heldout,14279
14283,heldout,14283
14287,heldout,14287
14289,heldout,14289
14296,heldout,14296
14297,heldout,14297
14310,heldout,14310
14320,heldout,14320
14324,heldout,14324
14327,heldout,14327
14335,heldout,14335
14342,heldout,14342
14347,heldout,14347
14353,heldout,14353
14354,heldout,14354
14358,heldout,14358
14360,heldout,14360
14364,heldout,14364
14365,heldout,14365
14371,heldout,14371
14373,heldout,14373
14376,heldout,14376
14377,heldout,14377
14384,heldout,14384
14385,heldout,14385
14394,heldout,14394
14399,heldout,14399
14409,heldout,14409
14410,heldout,14410
14413,heldout,14413
14418,heldout,14418
14425,heldout,14425
14432,heldout,14432
14433,heldout,14433
14444,heldout,14444
14452,heldout,14452
14457,heldout,14457
14458,heldout,14458
14460,heldout,14460
14465,heldout,14465
14481,heldout,14481
14485,heldout,14485
14490,heldout,14490
14491,heldout,14491
14494,heldout,14494
14501,heldout,14501
14508,heldout,14508
14524,heldout,14524
14527,heldout,14527
14528,heldout,14528
14533,heldout,14533
14534,heldout,14534
14535,heldout,14535
14536,heldout,14536
14538,heldout,14538
14539,heldout,14539
14540,heldout,14540
14558,heldout,14558
14559,heldout,14559
14562,heldout,14562
14567,heldout,14567
14573,heldout,14573
14584,heldout,14584
14606,heldout,14606
14608,heldout,14608
14611,heldout,14611
14614,heldout,14614
14624,heldout,14624
14630,heldout,14630
14633,heldout,14633
14638,heldout,14638
14641,heldout,14641
14647,heldout,14647
14649,heldout,14649
14658,heldout,14658
14659,heldout,14659
14662,heldout,14662
14674,heldout,14674
14676,heldout,14676
14680,heldout,14680
14685,heldout,14685
14691,heldout,14691
14709,heldout,14709
14711,heldout,14711
14724,heldout,14724
14728,heldout,14728
14730,heldout,14730
14731,heldout,14731
14733,heldout,14733
14734,heldout,14734
14741,heldout,14741
14743,heldout,14743
14747,heldout,14747
14751,heldout,14751
14757,heldout,14757
14764,heldout,14764
14774,heldout,14774
14776,heldout,14776
14779,heldout,14779
14782,heldout,14782
14788,heldout,14788
14794,heldout,14794
14801,heldout,14801
14808,heldout,14808
14814,heldout,14814
14820,heldout,14820
14821,heldout,14821
14823,heldout,14823
14824,heldout,14824
14825,heldout,14825
14828,heldout,14828
14829,heldout,14829
14831,heldout,14831
14839,heldout,14839
14842,heldout,14842
14853,heldout,14853
14859,heldout,14859
14862,heldout,14862
14863,heldout,14863
14874,heldout,14874
14877,heldout,14877
14882,heldout,14882
14891,heldout,14891
14893,heldout,14893
14909,heldout,14909
14914,heldout,14914
14919,heldout,14919
14920,heldout,14920
14929,heldout,14929
14931,heldout,14931
14933,heldout,14933
14934,heldout,14934
14936,heldout,14936
14938,heldout,14938
14940,heldout,14940
14941,heldout,14941
14943,heldout,14943
14948,heldout,14948
14949,heldout,14949
14952,heldout,14952
14956,heldout,14956
14957,heldout,14957
14959,heldout,14959
14963,heldout,14963
14966,heldout,14966
14967,heldout,14967
14970,heldout,14970
14977,heldout,14977
14980,heldout,14980
14983,heldout,14983
15000,heldout,15000
15001,heldout,15001
15008,heldout,15008
15011,heldout,15011
15019,heldout,15019
15021,heldout,15021
15024,heldout,15024
15033,heldout,15033
15040,heldout,15040
15046,heldout,15046
15049,heldout,15049
15052,heldout,15052
15053,heldout,15053
15057,heldout,15057
15058,heldout,15058
15060,heldout,15060
15072,heldout,15072
15077,heldout,15077
15100,heldout,15100
15102,heldout,15102
15104,heldout,15104
15109,heldout,15109
15112,heldout,15112
15124,heldout,15124
15126,heldout,15126
15145,heldout,15145
15157,heldout,15157
15162,heldout,15162
15163,heldout,15163
15172,heldout,15172
15173,heldout,15173
15174,heldout,15174
15179,heldout,15179
15181,heldout,15181
15200,heldout,15200
15202,heldout,15202
15206,heldout,15206
15210,heldout,15210
15216,heldout,15216
15217,heldout,15217
15224,heldout,15224
15227,heldout,15227
15228,heldout,15228
15232,heldout,15232
15239,heldout,15239
15244,heldout,15244
15255,heldout,15255
15257,heldout,15257
15263,heldout,15263
15264,heldout,15264
15265,heldout,15265
15270,heldout,15270
15281,heldout,15281
15284,heldout,15284
15299,heldout,15299
15300,heldout,15300
15314,heldout,15314
15315,heldout,15315
15316,heldout,15316
15320,heldout,15320
15321,heldout,15321
15322,heldout,15322
15326,heldout,15326
15328,heldout,15328
15330,heldout,15330
15342,heldout,15342
15348,heldout,15348
15352,heldout,15352
15360,heldout,15360
15365,heldout,15365
15366,heldout,15366
15368,heldout,15368
15375,heldout,15375
15385,heldout,15385
15388,heldout,15388
15397,heldout,15397
15401,heldout,15401
15408,heldout,15408
15417,heldout,15417
15429,heldout,15429
15431,heldout,15431
15437,heldout,15437
15441,heldout,15441
15444,heldout,15444
15451,heldout,15451
15459,heldout,15459
15461,heldout,15461
15468,heldout,15468
15469,heldout,15469
15473,heldout,15473
15474,heldout,15474
15477,heldout,15477
15478,heldout,15478
15479,heldout,15479
15481,heldout,15481
15487,heldout,15487
15489,heldout,15489
15492,heldout,15492
15493,heldout,15493
15499,heldout,15499
15501,heldout,15501
15505,heldout,15505
15510,heldout,15510
15513,heldout,15513
15514,heldout,15514
15523,heldout,15523
15540,heldout,15540
15543,heldout,15543
15546,heldout,15546
15550,heldout,15550
15554,heldout,15554
15555,heldout,15555
15564,heldout,15564
15566,heldout,15566
15575,heldout,15575
15576,heldout,15576
15588,heldout,15588
15594,heldout,15594
15595,heldout,15595
15603,heldout,15603
15604,heldout,15604
15607,heldout,15607
15612,heldout,15612
15617,heldout,15617
15623,heldout,15623
15625,heldout,15625
15629,heldout,15629
15631,heldout,15631
15635,heldout,15635
15636,heldout,15636
15641,heldout,15641
15645,heldout,15645
15651,heldout,15651
15653,heldout,15653
15657,heldout,15657
15661,heldout,15661
15663,heldout,15663
15670,heldout,15670
15673,heldout,15673
15674,heldout,15674
15680,heldout,15680
15681,heldout,15681
15683,heldout,15683
15686,heldout,15686
15689,heldout,15689
15695,heldout,15695
15696,heldout,15696
15698,heldout,15698
15699,heldout,15699
15709,heldout,15709
15710,heldout,15710
15711,heldout,15711
15712,heldout,15712
15714,heldout,15714
15715,heldout,15715
15718,heldout,15718
15722,heldout,15722
15727,heldout,15727
15748,heldout,15748
15752,heldout,15752
15754,heldout,15754
15757,heldout,15757
15767,heldout,15767
15777,heldout,15777
15780,heldout,15780
15784,heldout,15784
15785,heldout,15785
15797,heldout,15797
15810,heldout,15810
15812,heldout,15812
15817,heldout,15817
15819,heldout,15819
15826,heldout,15826
15827,heldout,15827
15832,heldout,15832
15835,heldout,15835
15842,heldout,15842
15844,heldout,15844
15846,heldout,15846
15850,heldout,15850
15853,heldout,15853
15854,heldout,15854
15860,heldout,15860
15861,heldout,15861
15862,heldout,15862
15885,heldout,15885
15887,heldout,15887
15889,heldout,15889
15901,heldout,15901
15902,heldout,15902
15903,heldout,15903
15910,heldout,15910
15918,heldout,15918
15923,heldout,15923
15924,heldout,15924
15941,heldout,15941
15946,heldout,15946
15950,heldout,15950
15952,heldout,15952
15957,heldout,15957
15958,heldout,15958
15960,heldout,15960
15963,heldout,15963
15967,heldout,15967
15972,heldout,15972
15982,heldout,15982
15984,heldout,15984
15987,heldout,15987
15992,heldout,15992
15998,heldout,15998
16002,heldout,16002
16006,heldout,16006
16008,heldout,16008
16010,heldout,16010
16019,heldout,16019
16026,heldout,16026
16029,heldout,16029
16034,heldout,16034
16038,heldout,16038
16042,heldout,16042
16046,heldout,16046
16052,heldout,16052
16053,heldout,16053
16054,heldout,16054
16056,heldout,16056
16078,heldout,16078
16083,heldout,16083
16084,heldout,16084
16090,heldout,16090
16096,heldout,16096
16102,heldout,16102
16106,heldout,16106
16107,heldout,16107
16115,heldout,16115
16123,heldout,16123
16131,heldout,16131
16134,heldout,16134
16136,heldout,16136
16142,heldout,16142
16151,heldout,16151
16160,heldout,16160
16165,heldout,16165
16168,heldout,16168
16170,heldout,16170
16172,heldout,16172
16180,heldout,16180
16181,heldout,16181
16186,heldout,16186
16187,heldout,16187
16196,heldout,16196
16197,heldout,16197
16202,heldout,16202
16206,heldout,16206
16210,heldout,16210
16223,heldout,16223
16231,heldout,16231
16234,heldout,16234
16238,heldout,16238
16242,heldout,16242
16271,heldout,16271
16273,heldout,16273
16279,heldout,16279
16283,heldout,16283
16284,heldout,16284
16287,heldout,16287
16303,heldout,16303
16308,heldout,16308
16319,heldout,16319
16320,heldout,16320
16321,heldout,16321
16325,heldout,16325
16328,heldout,16328
16332,heldout,16332
16334,heldout,16334
16338,heldout,16338
16342,heldout,16342
16344,heldout,16344
16346,heldout,16346
16349,heldout,16349
16355,heldout,16355
16357,heldout,16357
16364,heldout,16364
16387,heldout,16387
16391,heldout,16391
16393,heldout,16393
16396,heldout,16396
16397,heldout,16397
16399,heldout,16399
16401,heldout,16401
16403,heldout,16403
16407,heldout,16407
16413,heldout,16413
16419,heldout,16419
16426,heldout,16426
16428,heldout,16428
16434,heldout,16434
16439,heldout,16439
16442,heldout,16442
16443,heldout,16443
16447,heldout,16447
16461,heldout,16461
16465,heldout,16465
16469,heldout,16469
16471,heldout,16471
16474,heldout,16474
16479,heldout,16479
16490,heldout,16490
16499,heldout,16499
16507,heldout,16507
16528,heldout,16528
16531,heldout,16531
16536,heldout,16536
16539,heldout,16539
16547,heldout,16547
16552,heldout,16552
16566,heldout,16566
16567,heldout,16567
16568,heldout,16568
16569,heldout,16569
16570,heldout,16570
16577,heldout,16577
16579,heldout,16579
16591,heldout,16591
16600,heldout,16600
16603,heldout,16603
16607,heldout,16607
16623,heldout,16623
16624,heldout,16624
16625,heldout,16625
16627,heldout,16627
16628,heldout,16628
16648,heldout,16648
16658,heldout,16658
16660,heldout,16660
16661,heldout,16661
16663,heldout,16663
16670,heldout,16670
16679,heldout,16679
16689,heldout,16689
16704,heldout,16704
16708,heldout,16708
16710,heldout,16710
16715,heldout,16715
16718,heldout,16718
16720,heldout,16720
16731,heldout,16731
16735,heldout,16735
16737,heldout,16737
16741,heldout,16741
16742,heldout,16742
16744,heldout,16744
16746,heldout,16746
16750,heldout,16750
16758,heldout,16758
16759,heldout,16759
16765,heldout,16765
16775,heldout,16775
16776,heldout,16776
16786,heldout,16786
16793,heldout,16793
16798,heldout,16798
16799,heldout,16799
16803,heldout,16803
16804,heldout,16804
16808,heldout,16808
16814,heldout,16814
16819,heldout,16819
16827,heldout,16827
16841,heldout,16841
16843,heldout,16843
16844,heldout,16844
16846,heldout,16846
16853,heldout,16853
16857,heldout,16857
16860,heldout,16860
16862,heldout,16862
16864,heldout,16864
16865,heldout,16865
16873,heldout,16873
16874,heldout,16874
16880,heldout,16880
16881,heldout,16881
16895,heldout,16895
16903,heldout,16903
16905,heldout,16905
16907,heldout,16907
16912,heldout,16912
16919,heldout,16919
16920,heldout,16920
16921,heldout,16921
16923,heldout,16923
16924,heldout,16924
16932,heldout,16932
16933,heldout,16933
16940,heldout,16940
16942,heldout,16942
16949,heldout,16949
16954,heldout,16954
16958,heldout,16958
16960,heldout,16960
16961,heldout,16961
16967,heldout,16967
16970,heldout,16970
16979,heldout,16979
16980,heldout,16980
16981,heldout,16981
16982,heldout,16982
16983,heldout,16983
16985,heldout,16985
16990,heldout,16990
16993,heldout,16993
17010,heldout,17010
17012,heldout,17012
17019,heldout,17019
17020,heldout,17020
17023,heldout,17023
17025,heldout,17025
17026,heldout,17026
17043,heldout,17043
17050,heldout,17050
17054,heldout,17054
17055,heldout,17055
17059,heldout,17059
17067,heldout,17067
17070,heldout,17070
17077,heldout,17077
17085,heldout,17085
17091,heldout,17091
17096,heldout,17096
17102,heldout,17102
17105,heldout,17105
17107,heldout,17107
17124,heldout,17124
17125,heldout,17125
17126,heldout,17126
17135,heldout,17135
17141,heldout,17141
17142,heldout,17142
17143,heldout,17143
17160,heldout,17160
17172,heldout,17172
17174,heldout,17174
17178,heldout,17178
17179,heldout,17179
17182,heldout,17182
17205,heldout,17205
17211,heldout,17211
17218,heldout,17218
17219,heldout,17219
17222,heldout,17222
17223,heldout,17223
17224,heldout,17224
17236,heldout,17236
17237,heldout,17237
17242,heldout,17242
17256,heldout,17256
17261,heldout,17261
17267,heldout,17267
17287,heldout,17287
17291,heldout,17291
17295,heldout,17295
17308,heldout,17308
17309,heldout,17309
17310,heldout,17310
17311,heldout,17311
17316,heldout,17316
17321,heldout,17321
17328,heldout,17328
17329,heldout,17329
17330,heldout,17330
17334,heldout,17334
17335,heldout,17335
17337,heldout,17337
17338,heldout,17338
17346,heldout,17346
17359,heldout,17359
17364,heldout,17364
17377,heldout,17377
17390,heldout,17390
17393,heldout,17393
17397,heldout,17397
17398,heldout,17398
17400,heldout,17400
17415,heldout,17415
17430,heldout,17430
17434,heldout,17434
17435,heldout,17435
17437,heldout,17437
17438,heldout,17438
17441,heldout,17441
17452,heldout,17452
17469,heldout,17469
17470,heldout,17470
17475,heldout,17475
17480,heldout,17480
17488,heldout,17488
17492,heldout,17492
17503,heldout,17503
17505,heldout,17505
17507,heldout,17507
17512,heldout,17512
17513,heldout,17513
17517,heldout,17517
17527,heldout,17527
17529,heldout,17529
17534,heldout,17534
17538,heldout,17538
17550,heldout,17550
17552,heldout,17552
17557,heldout,17557
17563,heldout,17563
17565,heldout,17565
17566,heldout,17566
17567,heldout,17567
17571,heldout,17571
17582,heldout,17582
17586,heldout,17586
17591,heldout,17591
17592,heldout,17592
17596,heldout,17596
17599,heldout,17599
17613,heldout,17613
17618,heldout,17618
17620,heldout,17620
17622,heldout,17622
17626,heldout,17626
17629,heldout,17629
17635,heldout,17635
17639,heldout,17639
17647,heldout,17647
17670,heldout,17670
17673,heldout,17673
17677,heldout,17677
17678,heldout,17678
17700,heldout,17700
17703,heldout,17703
17705,heldout,17705
17708,heldout,17708
17712,heldout,17712
17713,heldout,17713
17714,heldout,17714
17717,heldout,17717
17739,heldout,17739
17740,heldout,17740
17742,heldout,17742
17747,heldout,17747
17749,heldout,17749
17756,heldout,17756
17766,heldout,17766
17767,heldout,17767
17770,heldout,17770
17771,heldout,17771
17772,heldout,17772
17776,heldout,17776
17782,heldout,17782
17789,heldout,17789
17798,heldout,17798
17801,heldout,17801
17809,heldout,17809
17810,heldout,17810
17811,heldout,17811
17815,heldout,17815
17826,heldout,17826
17827,heldout,17827
17828,heldout,17828
17832,heldout,17832
17834,heldout,17834
17835,heldout,17835
17845,heldout,17845
17846,heldout,17846
17852,heldout,17852
17855,heldout,17855
17858,heldout,17858
17860,heldout,17860
17861,heldout,17861
17869,heldout,17869
17876,heldout,17876
17877,heldout,17877
17882,heldout,17882
17886,heldout,17886
17889,heldout,17889
17898,heldout,17898
17901,heldout,17901
17909,heldout,17909
17916,heldout,17916
17917,heldout,17917
17926,heldout,17926
17932,heldout,17932
17934,heldout,17934
17940,heldout,17940
17944,heldout,17944
17947,heldout,17947
17954,heldout,17954
17956,heldout,17956
17962,heldout,17962
17979,heldout,17979
17981,heldout,17981
17990,heldout,17990
17994,heldout,17994
17999,heldout,17999
18000,heldout,18000
18014,heldout,18014
18015,heldout,18015
18023,heldout,18023
18024,heldout,18024
18028,heldout,18028
18032,heldout,18032
18047,heldout,18047
18062,heldout,18062
18069,heldout,18069
18075,heldout,18075
18078,heldout,18078
18079,heldout,18079
18088,heldout,18088
18091,heldout,18091
18092,heldout,18092
18110,heldout,18110
18111,heldout,18111
18130,heldout,18130
18140,heldout,18140
18144,heldout,18144
18171,heldout,18171
18173,heldout,18173
18175,heldout,18175
18178,heldout,18178
18189,heldout,18189
18203,heldout,18203
18210,heldout,18210
18214,heldout,18214
18220,heldout,18220
18223,heldout,18223
18224,heldout,18224
18230,heldout,18230
18235,heldout,18235
18237,heldout,18237
18240,heldout,18240
18244,heldout,18244
18248,heldout,18248
18249,heldout,18249
18259,heldout,18259
18266,heldout,18266
18267,heldout,18267
18268,heldout,18268
18272,heldout,18272
18273,heldout,18273
18275,heldout,18275
18276,heldout,18276
18282,heldout,18282
18287,heldout,18287
18288,heldout,18288
18289,heldout,18289
18295,heldout,18295
18297,heldout,18297
18305,heldout,18305
18309,heldout,18309
18316,heldout,18316
18317,heldout,18317
18324,heldout,18324
18336,heldout,18336
18338,heldout,18338
18341,heldout,18341
18342,heldout,18342
18351,heldout,18351
